genus,census_taxid,census_otu_count,census_size_count,otu_percentage,size_percentage,ncbi_genome_count,ncbi_species_count,genome_pct_db,species_pct,direct_name_matches,direct_taxid_matches,hierarchical_taxid_matches,lineage_name_matches,total_matches,match_status,domain,isolate_count,isolate_percentage,novelty_factor,overrepresentation_factor
Gammaproteobacteria.U.genus,1236,3171,12696,1.1,0.99,1481562,20386,49.97,19.89,0,0,20386,0,20386,matched,Bacteria,1438611,97.1,0.156,6.429
Enterobacterales.U.genus,91347,15,24,0.01,0.0,1241521,7193,41.88,7.02,0,0,7193,0,7193,matched,Bacteria,1236376,99.59,0.002,479.533
Enterobacteriaceae.U.genus,543,623,1097,0.22,0.09,1211097,5414,40.85,5.28,0,0,5414,0,5414,matched,Bacteria,1206915,99.65,0.115,8.69
Bacillota.U.genus,1239,724,2010,0.25,0.16,676376,16208,22.81,15.81,0,0,16208,0,16208,matched,Bacteria,518800,76.7,0.045,22.387
Salmonella,590,82,5721,0.03,0.45,610991,2412,20.61,2.35,0,0,2412,0,2412,matched,Bacteria,610920,99.99,0.034,29.415
Bacilli.U.genus,91061,691,2261,0.24,0.18,496192,9384,16.74,9.15,0,0,9384,0,9384,matched,Bacteria,479365,96.61,0.074,13.58
Escherichia,561,169,7573,0.06,0.59,388392,313,13.1,0.31,0,0,313,0,313,matched,Bacteria,387295,99.72,0.54,1.852
Lactobacillales.U.genus,186826,25,54,0.01,0.0,249918,2546,8.43,2.48,0,0,2546,0,2546,matched,Bacteria,239359,95.78,0.01,101.84
Bacillales.U.genus,1385,10,12,0.0,0.0,242751,6804,8.19,6.64,0,0,6804,0,6804,matched,Bacteria,239987,98.86,0.001,680.4
Streptococcus,1301,1316,9034,0.46,0.7,174421,632,5.88,0.62,0,0,632,0,632,matched,Bacteria,172565,98.94,2.082,0.48
Campylobacterales.U.genus,213849,61,154,0.02,0.01,166174,707,5.61,0.69,0,0,707,0,707,matched,Bacteria,161826,97.38,0.086,11.59
Clostridia.U.genus,186801,5378,13639,1.87,1.06,159976,5380,5.4,5.25,0,0,5380,0,5380,matched,Bacteria,36998,23.13,1.0,1.0
Campylobacter,194,194,1558,0.07,0.12,152137,308,5.13,0.3,0,0,308,0,308,matched,Bacteria,151532,99.6,0.63,1.588
Staphylococcaceae.U.genus,90964,3,5,0.0,0.0,140752,793,4.75,0.77,0,0,793,0,793,matched,Bacteria,139961,99.44,0.004,264.333
Staphylococcus,1279,824,7225,0.29,0.56,139787,634,4.72,0.62,0,0,634,0,634,matched,Bacteria,139152,99.55,1.3,0.769
Bacteroidota.U.genus,976,1736,9114,0.6,0.71,130948,7666,4.42,7.48,0,0,7666,0,7666,matched,Bacteria,19099,14.59,0.226,4.416
Klebsiella,570,308,3580,0.11,0.28,126992,787,4.28,0.77,0,0,787,0,787,matched,Bacteria,125929,99.16,0.391,2.555
Raoultella,570,23,257,0.01,0.02,126992,787,4.28,0.77,0,0,787,0,787,matched,Bacteria,125929,99.16,0.029,34.217
Actinomycetota.U.genus,201174,743,5173,0.26,0.4,108031,20007,3.64,19.52,0,0,20007,0,20007,matched,Bacteria,58897,54.52,0.037,26.927
Betaproteobacteria.U.genus,28216,7,179,0.0,0.01,107148,4846,3.61,4.73,0,0,4846,0,4846,matched,Bacteria,84216,78.6,0.001,692.286
Bacteroidia.U.genus,200643,326,1307,0.11,0.1,92376,2304,3.12,2.25,0,0,2304,0,2304,matched,Bacteria,9484,10.27,0.141,7.067
Bacteroidales.U.genus,171549,2210,6840,0.77,0.53,89345,2146,3.01,2.09,0,0,2146,0,2146,matched,Bacteria,9255,10.36,1.03,0.971
Listeria,1637,24,1275,0.01,0.1,74807,35,2.52,0.03,0,0,35,0,35,matched,Bacteria,74806,100.0,0.686,1.458
Pseudomonadales.U.genus,72274,1109,8970,0.39,0.7,66942,3812,2.26,3.72,0,0,3812,0,3812,matched,Bacteria,62253,93.0,0.291,3.437
Neisseriaceae.U.genus,481,110,288,0.04,0.02,65813,321,2.22,0.31,0,0,321,0,321,matched,Bacteria,65001,98.77,0.343,2.918
Alphaproteobacteria.U.genus,28211,4173,24436,1.45,1.9,65259,12148,2.2,11.85,0,0,12148,0,12148,matched,Bacteria,23349,35.78,0.344,2.911
Neisseria,482,265,1963,0.09,0.15,65094,223,2.2,0.22,0,0,223,0,223,matched,Bacteria,64620,99.27,1.188,0.842
Eubacteriales.U.genus,186802,212,328,0.07,0.03,64377,2965,2.17,2.89,0,0,2965,0,2965,matched,Bacteria,9467,14.71,0.072,13.986
Pseudomonadaceae.U.genus,135621,1,36,0.0,0.0,64233,3549,2.17,3.46,0,0,3549,0,3549,matched,Bacteria,61830,96.26,0.0,3549.0
Pseudomonas,286,2357,13398,0.82,1.04,62331,3390,2.1,3.31,0,0,3390,0,3390,matched,Bacteria,61046,97.94,0.695,1.438
Moraxellaceae.U.genus,468,108,408,0.04,0.03,55255,1293,1.86,1.26,0,0,1293,0,1293,matched,Bacteria,53041,95.99,0.084,11.972
Acinetobacter,469,749,4886,0.26,0.38,53455,913,1.8,0.89,0,0,913,0,913,matched,Bacteria,52164,97.58,0.82,1.219
Enterococcus,1350,405,2809,0.14,0.22,52965,789,1.79,0.77,0,0,789,0,789,matched,Bacteria,51992,98.16,0.513,1.948
Shigella,620,28,154,0.01,0.01,52950,153,1.79,0.15,0,0,153,0,153,matched,Bacteria,52805,99.73,0.183,5.464
Lachnospiraceae.U.genus,186803,7236,15395,2.52,1.2,46359,1566,1.56,1.53,0,0,1566,0,1566,matched,Bacteria,3241,6.99,4.621,0.216
Vibrionaceae.U.genus,641,28,34,0.01,0.0,40015,1118,1.35,1.09,0,0,1118,0,1118,matched,Bacteria,39826,99.53,0.025,39.929
Vibrio,662,684,4478,0.24,0.35,38993,930,1.32,0.91,0,0,930,0,930,matched,Bacteria,38848,99.63,0.735,1.36
Archaea.U.genus,2157,30,87,0.01,0.01,34539,3433,1.17,3.35,0,0,3433,0,3433,matched,Archaea,3220,9.32,0.009,114.433
Burkholderiales.U.genus,80840,827,4977,0.29,0.39,32098,3630,1.08,3.54,0,0,3630,0,3630,matched,Bacteria,17980,56.02,0.228,4.389
Oscillospiraceae.U.genus,216572,2074,5244,0.72,0.41,27688,1068,0.93,1.04,0,0,1068,0,1068,matched,Bacteria,1280,4.62,1.942,0.515
Peptostreptococcaceae.U.genus,186804,136,471,0.05,0.04,24459,134,0.83,0.13,0,0,134,0,134,matched,Bacteria,23747,97.09,1.015,0.985
Muribaculaceae.U.genus,2005473,1537,3359,0.53,0.26,24291,68,0.82,0.07,0,0,68,0,68,matched,Bacteria,75,0.31,22.603,0.044
Clostridioides,1870884,15,817,0.01,0.06,23520,44,0.79,0.04,0,0,44,0,44,matched,Bacteria,23431,99.62,0.341,2.933
Bacillaceae.U.genus,186817,68,155,0.02,0.01,21446,3655,0.72,3.57,0,0,3655,0,3655,matched,Bacteria,20860,97.27,0.019,53.75
Flavobacteriia.U.genus,117743,3,22,0.0,0.0,19409,3104,0.65,3.03,0,0,3104,0,3104,matched,Bacteria,7284,37.53,0.001,1034.667
Flavobacteriales.U.genus,200644,530,3714,0.18,0.29,19269,3093,0.65,3.02,0,0,3093,0,3093,matched,Bacteria,7282,37.79,0.171,5.836
Enterobacter,547,491,2388,0.17,0.19,18911,794,0.64,0.77,0,0,794,0,794,matched,Bacteria,18412,97.36,0.618,1.617
Lactobacillaceae.U.genus,33958,13,15,0.0,0.0,18222,740,0.61,0.72,0,0,740,0,740,matched,Bacteria,12087,66.33,0.018,56.923
Bacteroidaceae.U.genus,815,4,21,0.0,0.0,17869,371,0.6,0.36,0,0,371,0,371,matched,Bacteria,6531,36.55,0.011,92.75
Chloroflexota.U.genus,200795,1801,14591,0.63,1.14,17392,726,0.59,0.71,0,0,726,0,726,matched,Bacteria,976,5.61,2.481,0.403
Yersiniaceae.U.genus,1903411,7,15,0.0,0.0,15969,434,0.54,0.42,0,0,434,0,434,matched,Bacteria,15783,98.84,0.016,62.0
Pasteurellaceae.U.genus,712,49,122,0.02,0.01,14930,257,0.5,0.25,0,0,257,0,257,matched,Bacteria,14087,94.35,0.191,5.245
Acidobacteriota.U.genus,57723,3109,16434,1.08,1.28,14863,377,0.5,0.37,0,0,377,0,377,matched,Bacteria,371,2.5,8.247,0.121
Streptomycetaceae.U.genus,2062,9,69,0.0,0.01,14439,7840,0.49,7.65,0,0,7840,0,7840,matched,Bacteria,14257,98.74,0.001,871.111
Burkholderiaceae.U.genus,119060,173,497,0.06,0.04,13942,1300,0.47,1.27,0,0,1300,0,1300,matched,Bacteria,11199,80.33,0.133,7.514
Streptomyces,1883,1322,7725,0.46,0.6,13696,7416,0.46,7.23,0,0,7416,0,7416,matched,Bacteria,13551,98.94,0.178,5.61
Verrucomicrobiota.U.genus,74201,5052,14632,1.76,1.14,13334,618,0.45,0.6,0,0,618,0,618,matched,Bacteria,1182,8.86,8.175,0.122
Xanthomonadales.U.genus,135614,15,80,0.01,0.01,12965,1250,0.44,1.22,0,0,1250,0,1250,matched,Bacteria,10313,79.54,0.012,83.333
Clostridiaceae.U.genus,31979,74,215,0.03,0.02,12844,821,0.43,0.8,0,0,821,0,821,matched,Bacteria,7368,57.37,0.09,11.095
Prevotellaceae.U.genus,171552,690,1785,0.24,0.14,12181,461,0.41,0.45,0,0,461,0,461,matched,Bacteria,767,6.3,1.497,0.668
Planctomycetota.U.genus,203682,2873,9782,1.0,0.76,11876,538,0.4,0.52,0,0,538,0,538,matched,Bacteria,502,4.23,5.34,0.187
Mycobacterium,1763,300,4298,0.1,0.33,11708,413,0.39,0.4,0,0,413,0,413,matched,Bacteria,11117,94.95,0.726,1.377
Xanthomonadaceae.U.genus,32033,63,224,0.02,0.02,11531,965,0.39,0.94,0,0,965,0,965,matched,Bacteria,9988,86.62,0.065,15.317
Bacteroides,816,1166,6061,0.41,0.47,11529,286,0.39,0.28,0,0,286,0,286,matched,Bacteria,5130,44.5,4.077,0.245
Clostridium,1485,1127,6053,0.39,0.47,11459,660,0.39,0.64,0,0,660,0,660,matched,Bacteria,7175,62.61,1.708,0.586
Micrococcales.U.genus,85006,10,23,0.0,0.0,11392,4192,0.38,4.09,0,0,4192,0,4192,matched,Bacteria,7359,64.6,0.002,419.2
Flavobacteriaceae.U.genus,49546,710,4399,0.25,0.34,11100,2254,0.37,2.2,0,0,2254,0,2254,matched,Bacteria,4259,38.37,0.315,3.175
Thermodesulfobacteriota.U.genus,200940,307,1480,0.11,0.12,10936,953,0.37,0.93,0,0,953,0,953,matched,Bacteria,1007,9.21,0.322,3.104
Helicobacteraceae.U.genus,72293,26,62,0.01,0.0,10885,113,0.37,0.11,0,0,113,0,113,matched,Bacteria,9479,87.08,0.23,4.346
Helicobacter,209,97,732,0.03,0.06,10710,104,0.36,0.1,0,0,104,0,104,matched,Bacteria,9476,88.48,0.933,1.072
Rikenellaceae.U.genus,171550,1416,3467,0.49,0.27,10298,118,0.35,0.12,0,0,118,0,118,matched,Bacteria,499,4.85,12.0,0.083
Morganellaceae.U.genus,1903414,217,518,0.08,0.04,9947,687,0.34,0.67,0,0,687,0,687,matched,Bacteria,9727,97.79,0.316,3.166
Rhodobacterales.U.genus,204455,807,3134,0.28,0.24,9762,2372,0.33,2.31,0,0,2372,0,2372,matched,Bacteria,4121,42.21,0.34,2.939
Legionellaceae.U.genus,444,57,147,0.02,0.01,9656,103,0.33,0.1,0,0,103,0,103,matched,Bacteria,9479,98.17,0.553,1.807
Legionella,445,405,1303,0.14,0.1,9543,96,0.32,0.09,0,0,96,0,96,matched,Bacteria,9458,99.11,4.219,0.237
Alistipes,239759,424,1595,0.15,0.12,9168,85,0.31,0.08,0,0,85,0,85,matched,Bacteria,484,5.28,4.988,0.2
uncultured_bacterium.Mitochondria,77133,1789,8405,0.62,0.65,8781,1,0.3,0.0,0,1,0,0,1,matched,Bacteria,0,0.0,1789.0,0.001
uncultured_bacterium.Chloroplast,77133,157,693,0.05,0.05,8781,1,0.3,0.0,0,1,0,0,1,matched,Bacteria,0,0.0,157.0,0.006
Bifidobacteriaceae.U.genus,31953,4,5,0.0,0.0,8675,387,0.29,0.38,0,0,387,0,387,matched,Bacteria,5087,58.64,0.01,96.75
Euryarchaeota.U.genus,28890,14,52,0.0,0.0,8618,1831,0.29,1.79,0,0,1831,0,1831,matched,Archaea,1909,22.15,0.008,130.786
Coriobacteriia.U.genus,84998,138,674,0.05,0.05,8600,568,0.29,0.55,0,0,568,0,568,matched,Bacteria,1109,12.9,0.243,4.116
Spirochaetota.U.genus,203691,130,530,0.05,0.04,8548,540,0.29,0.53,0,0,540,0,540,matched,Bacteria,3257,38.1,0.241,4.154
Cyanobacteriota.U.genus,1117,464,972,0.16,0.08,8374,4067,0.28,3.97,0,0,4067,0,4067,matched,Bacteria,2916,34.82,0.114,8.765
Acidimicrobiia.U.genus,84992,1406,10022,0.49,0.78,8352,192,0.28,0.19,0,0,192,0,192,matched,Bacteria,190,2.27,7.323,0.137
Burkholderia,32008,225,2918,0.08,0.23,8046,401,0.27,0.39,0,0,401,0,401,matched,Bacteria,7963,98.97,0.561,1.782
Bifidobacterium,1678,129,1722,0.04,0.13,7796,224,0.26,0.22,0,0,224,0,224,matched,Bacteria,4657,59.74,0.576,1.736
Haemophilus,724,362,1988,0.13,0.15,7350,70,0.25,0.07,0,0,70,0,70,matched,Bacteria,6840,93.06,5.171,0.193
Prevotella,838,1869,5499,0.65,0.43,7319,294,0.25,0.29,0,0,294,0,294,matched,Bacteria,294,4.02,6.357,0.157
Citrobacter,544,100,1786,0.03,0.14,6777,432,0.23,0.42,0,0,432,0,432,matched,Bacteria,6592,97.27,0.231,4.32
Verrucomicrobiae.U.genus,203494,1914,10005,0.67,0.78,6438,245,0.22,0.24,0,0,245,0,245,matched,Bacteria,943,14.65,7.812,0.128
Myxococcota.U.genus,2818505,936,3460,0.33,0.27,6405,325,0.22,0.32,0,0,325,0,325,matched,Bacteria,391,6.1,2.88,0.347
Erysipelotrichales.U.genus,526525,423,1697,0.15,0.13,6387,422,0.22,0.41,0,0,422,0,422,matched,Bacteria,1332,20.85,1.002,0.998
Candidatus Thermoplasmatota.U.genus,2283796,64,203,0.02,0.02,6370,487,0.21,0.48,0,0,487,0,487,matched,Archaea,369,5.79,0.131,7.609
Xanthomonas,338,41,1292,0.01,0.1,6304,190,0.21,0.19,0,0,190,0,190,matched,Bacteria,6247,99.1,0.216,4.634
Negativicutes.U.genus,909932,66,184,0.02,0.01,6205,366,0.21,0.36,0,0,366,0,366,matched,Bacteria,608,9.8,0.18,5.545
Sphingomonadales.U.genus,204457,3,3,0.0,0.0,6069,1613,0.2,1.57,0,0,1613,0,1613,matched,Bacteria,1994,32.86,0.002,537.667
Coriobacteriales.U.genus,84999,61,167,0.02,0.01,5851,428,0.2,0.42,0,0,428,0,428,matched,Bacteria,778,13.3,0.143,7.016
Lactobacillus,1578,828,5707,0.29,0.44,5687,203,0.19,0.2,0,0,203,0,203,matched,Bacteria,2997,52.7,4.079,0.245
Anaerolineae.U.genus,292625,2905,9688,1.01,0.75,5532,212,0.19,0.21,0,0,212,0,212,matched,Bacteria,305,5.51,13.703,0.073
Spirochaetales.U.genus,136,4,9,0.0,0.0,5432,336,0.18,0.33,0,0,336,0,336,matched,Bacteria,1776,32.7,0.012,84.0
Planctomycetia.U.genus,203683,7,35,0.0,0.0,5405,301,0.18,0.29,0,0,301,0,301,matched,Bacteria,334,6.18,0.023,43.0
Thermoleophilia.U.genus,1497346,35,185,0.01,0.01,5307,80,0.18,0.08,0,0,80,0,80,matched,Bacteria,465,8.76,0.438,2.286
Rhizobiaceae.U.genus,82115,452,1410,0.16,0.11,5214,1061,0.18,1.03,0,0,1061,0,1061,matched,Bacteria,4213,80.8,0.426,2.347
Verrucomicrobiales.U.genus,48461,181,812,0.06,0.06,5199,222,0.18,0.22,0,0,222,0,222,matched,Bacteria,935,17.98,0.815,1.227
Gemmatimonadota.U.genus,142182,759,2803,0.26,0.22,5143,132,0.17,0.13,0,0,132,0,132,matched,Bacteria,97,1.89,5.75,0.174
Microbacteriaceae.U.genus,85023,100,1539,0.03,0.12,5115,1996,0.17,1.95,0,0,1996,0,1996,matched,Bacteria,3235,63.25,0.05,19.96
Yangia,31989,3,26,0.0,0.0,5103,923,0.17,0.9,0,0,923,0,923,matched,Bacteria,1616,31.67,0.003,307.667
Comamonadaceae.U.genus,80864,251,1517,0.09,0.12,5091,912,0.17,0.89,0,0,912,0,912,matched,Bacteria,1403,27.56,0.275,3.633
Alcaligenaceae.U.genus,506,43,452,0.01,0.04,5022,340,0.17,0.33,0,0,340,0,340,matched,Bacteria,4041,80.47,0.126,7.907
Ruminococcus,1263,1003,3172,0.35,0.25,4866,277,0.16,0.27,0,0,277,0,277,matched,Bacteria,286,5.88,3.621,0.276
uncultured_Alphaproteobacteria_bacterium.Mitochondria,91750,366,1435,0.13,0.11,4784,1,0.16,0.0,0,1,0,0,1,matched,Bacteria,0,0.0,366.0,0.003
Aeromonadaceae.U.genus,84642,2,2,0.0,0.0,4771,353,0.16,0.34,0,0,353,0,353,matched,Bacteria,4512,94.57,0.006,176.5
Aeromonas,642,279,1791,0.1,0.14,4645,307,0.16,0.3,0,0,307,0,307,matched,Bacteria,4459,96.0,0.909,1.1
Corynebacteriaceae.U.genus,1653,10,28,0.0,0.0,4612,579,0.16,0.56,0,0,579,0,579,matched,Bacteria,3898,84.52,0.017,57.9
Corynebacterium,1716,735,4516,0.26,0.35,4598,568,0.16,0.55,0,0,568,0,568,matched,Bacteria,3892,84.65,1.294,0.773
Chitinophagales.U.genus,1853229,527,2355,0.18,0.18,4545,356,0.15,0.35,0,0,356,0,356,matched,Bacteria,334,7.35,1.48,0.676
Pelagibacteraceae.U.genus,1655514,6,22,0.0,0.0,4339,220,0.15,0.21,0,0,220,0,220,matched,Bacteria,1256,28.95,0.027,36.667
Erysipelotrichaceae.U.genus,128827,319,1564,0.11,0.12,4297,246,0.14,0.24,0,0,246,0,246,matched,Bacteria,609,14.17,1.297,0.771
Alteromonadales.U.genus,135622,7,11,0.0,0.0,4227,1534,0.14,1.5,0,0,1534,0,1534,matched,Bacteria,2684,63.5,0.005,219.143
Christensenellaceae.U.genus,990719,1848,4380,0.64,0.34,4205,119,0.14,0.12,0,0,119,0,119,matched,Bacteria,31,0.74,15.529,0.064
Coriobacteriaceae.U.genus,84107,33,82,0.01,0.01,4156,252,0.14,0.25,0,0,252,0,252,matched,Bacteria,610,14.68,0.131,7.636
Eubacteriaceae.U.genus,186806,12,44,0.0,0.0,3962,179,0.13,0.17,0,0,179,0,179,matched,Bacteria,256,6.46,0.067,14.917
Porphyromonadaceae.U.genus,171551,12,29,0.0,0.0,3953,239,0.13,0.23,0,0,239,0,239,matched,Bacteria,227,5.74,0.05,19.917
Dehalococcoidia.U.genus,301297,2590,11281,0.9,0.88,3910,155,0.13,0.15,0,0,155,0,155,matched,Bacteria,332,8.49,16.71,0.06
Chitinophagaceae.U.genus,563835,482,2036,0.17,0.16,3893,350,0.13,0.34,0,0,350,0,350,matched,Bacteria,330,8.48,1.377,0.726
Phocaeicola,909656,1,3,0.0,0.0,3826,39,0.13,0.04,0,0,39,0,39,matched,Bacteria,1364,35.65,0.026,39.0
Thermoplasmata.U.genus,183967,1333,7908,0.46,0.62,3721,245,0.13,0.24,0,0,245,0,245,matched,Archaea,246,6.61,5.441,0.184
Cronobacter,413496,27,270,0.01,0.02,3718,13,0.13,0.01,0,0,13,0,13,matched,Bacteria,3695,99.38,2.077,0.481
Stenotrophomonas,40323,220,1637,0.08,0.13,3611,376,0.12,0.37,0,0,376,0,376,matched,Bacteria,2930,81.14,0.585,1.709
Micrococcaceae.U.genus,1268,15,21,0.01,0.0,3519,1226,0.12,1.2,0,0,1226,0,1226,matched,Bacteria,2587,73.52,0.012,81.733
Tannerellaceae.U.genus,2005525,40,56,0.01,0.0,3447,114,0.12,0.11,0,0,114,0,114,matched,Bacteria,776,22.51,0.351,2.85
Eubacterium,1730,83,528,0.03,0.04,3445,119,0.12,0.12,0,0,119,0,119,matched,Bacteria,171,4.96,0.697,1.434
Rhodospirillales.U.genus,204441,1015,4712,0.35,0.37,3397,448,0.11,0.44,0,0,448,0,448,matched,Bacteria,515,15.16,2.266,0.441
Anaerolineales.U.genus,292629,1,13,0.0,0.0,3394,162,0.11,0.16,0,0,162,0,162,matched,Bacteria,125,3.68,0.006,162.0
Cytophagales.U.genus,768507,72,137,0.03,0.01,3375,939,0.11,0.92,0,0,939,0,939,matched,Bacteria,993,29.42,0.077,13.042
Collinsella,102106,123,997,0.04,0.08,3374,195,0.11,0.19,0,0,195,0,195,matched,Bacteria,518,15.35,0.631,1.585
Nitrospirota.U.genus,40117,135,650,0.05,0.05,3366,241,0.11,0.24,0,0,241,0,241,matched,Bacteria,163,4.84,0.56,1.785
Weeksellaceae.U.genus,2762318,37,82,0.01,0.01,3349,532,0.11,0.52,0,0,532,0,532,matched,Bacteria,2505,74.8,0.07,14.378
Methanomicrobia.U.genus,224756,2,6,0.0,0.0,3329,461,0.11,0.45,0,0,461,0,461,matched,Archaea,323,9.7,0.004,230.5
Candidatus Korarchaeota.U.genus,28889,34,184,0.01,0.01,3278,290,0.11,0.28,0,0,290,0,290,matched,Archaea,433,13.21,0.117,8.529
Desulfovibrionales.U.genus,213115,3,8,0.0,0.0,3278,263,0.11,0.26,0,0,263,0,263,matched,Bacteria,269,8.21,0.011,87.667
Rickettsiales.U.genus,766,1005,3115,0.35,0.24,3249,596,0.11,0.58,0,0,596,0,596,matched,Bacteria,961,29.58,1.686,0.593
Bordetella,517,30,1700,0.01,0.13,3195,42,0.11,0.04,0,0,42,0,42,matched,Bacteria,2919,91.36,0.714,1.4
Propionibacteriaceae.U.genus,31957,122,617,0.04,0.05,3188,210,0.11,0.2,0,0,210,0,210,matched,Bacteria,2513,78.83,0.581,1.721
Parabacteroides,375288,218,1565,0.08,0.12,3157,101,0.11,0.1,0,0,101,0,101,matched,Bacteria,748,23.69,2.158,0.463
Synechococcales.U.genus,1890424,7,77,0.0,0.01,3124,1489,0.11,1.45,0,0,1489,0,1489,matched,Bacteria,1308,41.87,0.005,212.714
Chromatiales.U.genus,135613,61,266,0.02,0.02,3072,448,0.1,0.44,0,0,448,0,448,matched,Bacteria,398,12.96,0.136,7.344
Desulfovibrionaceae.U.genus,194924,88,261,0.03,0.02,3005,208,0.1,0.2,0,0,208,0,208,matched,Bacteria,239,7.95,0.423,2.364
Solirubrobacterales.U.genus,588673,309,2175,0.11,0.17,2974,56,0.1,0.05,0,0,56,0,56,matched,Bacteria,132,4.44,5.518,0.181
Veillonellaceae.U.genus,31977,41,176,0.01,0.01,2962,170,0.1,0.17,0,0,170,0,170,matched,Bacteria,304,10.26,0.241,4.146
Paenibacillaceae.U.genus,186822,42,76,0.01,0.01,2916,1221,0.1,1.19,0,0,1221,0,1221,matched,Bacteria,2730,93.62,0.034,29.071
Opitutae.U.genus,414999,7,11,0.0,0.0,2888,178,0.1,0.17,0,0,178,0,178,matched,Bacteria,110,3.81,0.039,25.429
Akkermansia,239934,206,1200,0.07,0.09,2882,98,0.1,0.1,0,0,98,0,98,matched,Bacteria,366,12.7,2.102,0.476
Mollicutes.U.genus,31969,20,103,0.01,0.01,2782,506,0.09,0.49,0,0,506,0,506,matched,Bacteria,734,26.38,0.04,25.3
Faecalibacterium,216851,733,2649,0.25,0.21,2717,80,0.09,0.08,0,0,80,0,80,matched,Bacteria,256,9.42,9.162,0.109
Nitrososphaeria.U.genus,1643678,619,2993,0.22,0.23,2647,137,0.09,0.13,0,0,137,0,137,matched,Archaea,125,4.72,4.518,0.221
Pasteurella,745,23,364,0.01,0.03,2638,15,0.09,0.01,0,0,15,0,15,matched,Bacteria,2632,99.77,1.533,0.652
Phycisphaerae.U.genus,666505,1714,4606,0.6,0.36,2626,100,0.09,0.1,0,0,100,0,100,matched,Bacteria,96,3.66,17.14,0.058
Erwiniaceae.U.genus,1903409,7,11,0.0,0.0,2549,471,0.09,0.46,0,0,471,0,471,matched,Bacteria,2200,86.31,0.015,67.286
Thiotrichales.U.genus,72273,3,14,0.0,0.0,2544,298,0.09,0.29,0,0,298,0,298,matched,Bacteria,1542,60.61,0.01,99.333
Gemmatimonadetes.U.genus,219685,22,184,0.01,0.01,2514,81,0.08,0.08,0,0,81,0,81,matched,Bacteria,41,1.63,0.272,3.682
Mannheimia,75984,12,190,0.0,0.01,2509,14,0.08,0.01,0,0,14,0,14,matched,Bacteria,2507,99.92,0.857,1.167
Sphingomonadaceae.U.genus,41297,237,965,0.08,0.08,2498,805,0.08,0.79,0,0,805,0,805,matched,Bacteria,1074,42.99,0.294,3.397
Eggerthellaceae.U.genus,1643826,67,184,0.02,0.01,2484,129,0.08,0.13,0,0,129,0,129,matched,Bacteria,329,13.24,0.519,1.925
Acidobacteriaceae.U.genus,204434,157,1021,0.05,0.08,2420,97,0.08,0.09,0,0,97,0,97,matched,Bacteria,106,4.38,1.619,0.618
Thermoprotei.U.genus,183924,75,414,0.03,0.03,2385,224,0.08,0.22,0,0,224,0,224,matched,Archaea,262,10.99,0.335,2.987
Acidimicrobiaceae.U.genus,84994,17,79,0.01,0.01,2375,42,0.08,0.04,0,0,42,0,42,matched,Bacteria,45,1.89,0.405,2.471
Providencia,586,57,303,0.02,0.02,2341,438,0.08,0.43,0,0,438,0,438,matched,Bacteria,2305,98.46,0.13,7.684
Treponema,157,980,2616,0.34,0.2,2314,134,0.08,0.13,0,0,134,0,134,matched,Bacteria,762,32.93,7.313,0.137
Sutterellaceae.U.genus,995019,95,756,0.03,0.06,2311,53,0.08,0.05,0,0,53,0,53,matched,Bacteria,94,4.07,1.792,0.558
Paenibacillus,44249,874,3783,0.3,0.29,2298,1003,0.08,0.98,0,0,1003,0,1003,matched,Bacteria,2195,95.52,0.871,1.148
Cutibacterium,1912216,369,2216,0.13,0.17,2288,15,0.08,0.01,0,0,15,0,15,matched,Bacteria,2150,93.97,24.6,0.041
Desulfobacterales.U.genus,213118,56,150,0.02,0.01,2286,168,0.08,0.16,0,0,168,0,168,matched,Bacteria,199,8.71,0.333,3.0
Actinomycetales.U.genus,2037,36,224,0.01,0.02,2262,285,0.08,0.28,0,0,285,0,285,matched,Bacteria,939,41.51,0.126,7.917
Blautia,572511,1123,3402,0.39,0.27,2255,174,0.08,0.17,0,0,174,0,174,matched,Bacteria,562,24.92,6.454,0.155
Phyllobacteriaceae.U.genus,69277,2,2,0.0,0.0,2254,1137,0.08,1.11,0,0,1137,0,1137,matched,Bacteria,1325,58.78,0.002,568.5
Rhizobium,379,249,1604,0.09,0.12,2253,555,0.08,0.54,0,0,555,0,555,matched,Bacteria,1973,87.57,0.449,2.229
Planctomycetales.U.genus,112,713,3264,0.25,0.25,2246,105,0.08,0.1,0,0,105,0,105,matched,Bacteria,96,4.27,6.79,0.147
Flavobacterium,237,1041,5992,0.36,0.47,2244,626,0.08,0.61,0,0,626,0,626,matched,Bacteria,1281,57.09,1.663,0.601
Acetatifactor,1427378,18,25,0.01,0.0,2236,6,0.08,0.01,0,0,6,0,6,matched,Bacteria,4,0.18,3.0,0.333
Sphingobacteriia.U.genus,117747,4,5,0.0,0.0,2206,633,0.07,0.62,0,0,633,0,633,matched,Bacteria,857,38.85,0.006,158.25
Limosilactobacillus,2742598,109,229,0.04,0.02,2160,50,0.07,0.05,0,0,50,0,50,matched,Bacteria,1258,58.24,2.18,0.459
Sphingobacteriales.U.genus,200666,1120,7226,0.39,0.56,2145,621,0.07,0.61,0,0,621,0,621,matched,Bacteria,857,39.95,1.804,0.554
Muribaculum,1918540,10,37,0.0,0.0,2128,8,0.07,0.01,0,0,8,0,8,matched,Bacteria,17,0.8,1.25,0.8
Caulobacterales.U.genus,204458,5,7,0.0,0.0,2108,342,0.07,0.33,0,0,342,0,342,matched,Bacteria,445,21.11,0.015,68.4
Ligilactobacillus,2767887,63,109,0.02,0.01,2071,37,0.07,0.04,0,0,37,0,37,matched,Bacteria,662,31.97,1.703,0.587
Candidatus Bathyarchaeota.U.genus,928852,2612,8371,0.91,0.65,2070,64,0.07,0.06,0,0,64,0,64,matched,Archaea,127,6.14,40.812,0.025
Actinomycetaceae.U.genus,2049,41,117,0.01,0.01,2055,272,0.07,0.27,0,0,272,0,272,matched,Bacteria,935,45.5,0.151,6.634
Brucellaceae.U.genus,118882,1,2,0.0,0.0,2014,231,0.07,0.23,0,0,231,0,231,matched,Bacteria,1897,94.19,0.004,231.0
Bradyrhizobium,374,220,4000,0.08,0.31,1997,960,0.07,0.94,0,0,960,0,960,matched,Bacteria,1646,82.42,0.229,4.364
Acetobacteraceae.U.genus,433,358,1662,0.12,0.13,1964,294,0.07,0.29,0,0,294,0,294,matched,Bacteria,691,35.18,1.218,0.821
Lactiplantibacillus,2767842,17,24,0.01,0.0,1926,30,0.06,0.03,0,0,30,0,30,matched,Bacteria,1858,96.47,0.567,1.765
Lactococcus,1357,168,904,0.06,0.07,1914,45,0.06,0.04,0,0,45,0,45,matched,Bacteria,1325,69.23,3.733,0.268
Anaplasmataceae.U.genus,942,73,235,0.03,0.02,1914,394,0.06,0.38,0,0,394,0,394,matched,Bacteria,639,33.39,0.185,5.397
Caulobacteraceae.U.genus,76892,104,705,0.04,0.05,1897,329,0.06,0.32,0,0,329,0,329,matched,Bacteria,443,23.35,0.316,3.163
Brucella,234,9,242,0.0,0.02,1837,114,0.06,0.11,0,0,114,0,114,matched,Bacteria,1760,95.81,0.079,12.667
Sphingobacteriaceae.U.genus,84566,65,213,0.02,0.02,1822,595,0.06,0.58,0,0,595,0,595,matched,Bacteria,852,46.76,0.109,9.154
Nitrospira,203693,390,3300,0.14,0.26,1817,123,0.06,0.12,0,0,123,0,123,matched,Bacteria,58,3.19,3.171,0.315
Planctomycetaceae.U.genus,126,14,32,0.0,0.0,1798,96,0.06,0.09,0,0,96,0,96,matched,Bacteria,82,4.56,0.146,6.857
Roseburia,841,826,1909,0.29,0.15,1791,58,0.06,0.06,0,0,58,0,58,matched,Bacteria,119,6.64,14.241,0.07
Streptosporangiales.U.genus,85012,2,2,0.0,0.0,1778,754,0.06,0.74,0,0,754,0,754,matched,Bacteria,1156,65.02,0.003,377.0
Wolbachia,953,162,767,0.06,0.06,1758,360,0.06,0.35,0,0,360,0,360,matched,Bacteria,508,28.9,0.45,2.222
Mesorhizobium,68287,146,976,0.05,0.08,1732,965,0.06,0.94,0,0,965,0,965,matched,Bacteria,1099,63.45,0.151,6.61
Dorea,189330,178,614,0.06,0.05,1713,38,0.06,0.04,0,0,38,0,38,matched,Bacteria,192,11.21,4.684,0.213
Odoribacter,283168,66,455,0.02,0.04,1677,21,0.06,0.02,0,0,21,0,21,matched,Bacteria,75,4.47,3.143,0.318
Deltaproteobacteria.U.genus,28221,54,360,0.02,0.03,1662,298,0.06,0.29,0,0,298,0,298,matched,Bacteria,65,3.91,0.181,5.519
Halobacteria.U.genus,183963,211,707,0.07,0.06,1649,857,0.06,0.84,0,0,857,0,857,matched,Archaea,1067,64.71,0.246,4.062
Micromonosporaceae.U.genus,28056,84,220,0.03,0.02,1647,910,0.06,0.89,0,0,910,0,910,matched,Bacteria,1498,90.95,0.092,10.833
Saprospiraceae.U.genus,89374,1011,4555,0.35,0.35,1624,37,0.05,0.04,0,0,37,0,37,matched,Bacteria,48,2.96,27.324,0.037
Asgard group.U.genus,1935183,12,19,0.0,0.0,1624,92,0.05,0.09,0,0,92,0,92,matched,Archaea,38,2.34,0.13,7.667
Acidaminococcaceae.U.genus,909930,47,135,0.02,0.01,1608,42,0.05,0.04,0,0,42,0,42,matched,Bacteria,89,5.53,1.119,0.894
Halobacteriales.U.genus,2235,10,121,0.0,0.01,1604,851,0.05,0.83,0,0,851,0,851,matched,Archaea,1063,66.27,0.012,85.1
Microbacterium,33882,326,1961,0.11,0.15,1574,751,0.05,0.73,0,0,751,0,751,matched,Bacteria,1129,71.73,0.434,2.304
Pantoea,53335,252,1423,0.09,0.11,1574,330,0.05,0.32,0,0,330,0,330,matched,Bacteria,1331,84.56,0.764,1.31
Lacticaseibacillus,2759736,22,32,0.01,0.0,1560,44,0.05,0.04,0,0,44,0,44,matched,Bacteria,1372,87.95,0.5,2.0
Chloroflexia.U.genus,32061,117,365,0.04,0.03,1533,62,0.05,0.06,0,0,62,0,62,matched,Bacteria,31,2.02,1.887,0.53
Myxococcales.U.genus,29,29,125,0.01,0.01,1530,188,0.05,0.18,0,0,188,0,188,matched,Bacteria,221,14.44,0.154,6.483
Ignavibacteria.U.genus,795747,8,20,0.0,0.0,1528,112,0.05,0.11,0,0,112,0,112,matched,Bacteria,33,2.16,0.071,14.0
Selenomonadales.U.genus,909929,1,6,0.0,0.0,1527,142,0.05,0.14,0,0,142,0,142,matched,Bacteria,211,13.82,0.007,142.0
Atopobiaceae.U.genus,1643824,15,31,0.01,0.0,1520,169,0.05,0.16,0,0,169,0,169,matched,Bacteria,160,10.53,0.089,11.267
Ralstonia,48736,106,904,0.04,0.07,1510,86,0.05,0.08,0,0,86,0,86,matched,Bacteria,1461,96.75,1.233,0.811
Opitutales.U.genus,415000,9,19,0.0,0.0,1496,66,0.05,0.06,0,0,66,0,66,matched,Bacteria,67,4.48,0.136,7.333
Nocardioidaceae.U.genus,85015,28,99,0.01,0.01,1466,445,0.05,0.43,0,0,445,0,445,matched,Bacteria,535,36.49,0.063,15.893
Ilumatobacteraceae.U.genus,2448023,436,5237,0.15,0.41,1464,12,0.05,0.01,0,0,12,0,12,matched,Bacteria,35,2.39,36.333,0.028
uncultured_proteobacterium.Mitochondria,153809,2,14,0.0,0.0,1450,1,0.05,0.0,0,1,0,0,1,matched,Bacteria,0,0.0,2.0,0.5
Phycisphaerales.U.genus,666506,383,1027,0.13,0.08,1416,72,0.05,0.07,0,0,72,0,72,matched,Bacteria,15,1.06,5.319,0.188
Methylococcales.U.genus,135618,157,820,0.05,0.06,1404,184,0.05,0.18,0,0,184,0,184,matched,Bacteria,170,12.11,0.853,1.172
Oxalobacteraceae.U.genus,75682,201,725,0.07,0.06,1404,635,0.05,0.62,0,0,635,0,635,matched,Bacteria,779,55.48,0.317,3.159
Fusobacteriaceae.U.genus,203492,1,4,0.0,0.0,1390,108,0.05,0.11,0,0,108,0,108,matched,Bacteria,677,48.71,0.009,108.0
Francisellaceae.U.genus,34064,31,63,0.01,0.0,1385,47,0.05,0.05,0,0,47,0,47,matched,Bacteria,1290,93.14,0.66,1.516
Prochlorococcus,1218,79,547,0.03,0.04,1378,752,0.05,0.73,0,0,752,0,752,matched,Bacteria,819,59.43,0.105,9.519
Leptospiraceae.U.genus,170,178,785,0.06,0.06,1374,111,0.05,0.11,0,0,111,0,111,matched,Bacteria,1160,84.43,1.604,0.624
Methylophilaceae.U.genus,32011,175,2691,0.06,0.21,1373,93,0.05,0.09,0,0,93,0,93,matched,Bacteria,223,16.24,1.882,0.531
Anaerolineaceae.U.genus,292628,1780,10203,0.62,0.79,1370,95,0.05,0.09,0,0,95,0,95,matched,Bacteria,19,1.39,18.737,0.053
Methanobacteriaceae.U.genus,2159,2,17,0.0,0.0,1363,183,0.05,0.18,0,0,183,0,183,matched,Archaea,233,17.09,0.011,91.5
Pseudonocardiaceae.U.genus,2070,10,49,0.0,0.0,1356,722,0.05,0.7,0,0,722,0,722,matched,Bacteria,989,72.94,0.014,72.2
Sphingomonas,13687,647,4097,0.23,0.32,1354,567,0.05,0.55,0,0,567,0,567,matched,Bacteria,786,58.05,1.141,0.876
Methanosarcinales.U.genus,94695,96,428,0.03,0.03,1352,173,0.05,0.17,0,0,173,0,173,matched,Archaea,186,13.76,0.555,1.802
Methanomicrobiales.U.genus,2191,30,676,0.01,0.05,1348,195,0.05,0.19,0,0,195,0,195,matched,Archaea,100,7.42,0.154,6.5
Tissierellia.U.genus,1737404,1,4,0.0,0.0,1332,258,0.04,0.25,0,0,258,0,258,matched,Bacteria,384,28.83,0.004,258.0
Francisella,262,24,332,0.01,0.03,1328,33,0.04,0.03,0,0,33,0,33,matched,Bacteria,1273,95.86,0.727,1.375
Blastocatellia.U.genus,1562566,355,1263,0.12,0.1,1320,32,0.04,0.03,0,0,32,0,32,matched,Bacteria,13,0.98,11.094,0.09
Oscillibacter,459786,168,453,0.06,0.04,1307,25,0.04,0.02,0,0,25,0,25,matched,Bacteria,22,1.68,6.72,0.149
Bdellovibrionales.U.genus,213481,544,2058,0.19,0.16,1300,134,0.04,0.13,0,0,134,0,134,matched,Bacteria,57,4.38,4.06,0.246
Armatimonadota.U.genus,67819,593,1638,0.21,0.13,1296,97,0.04,0.09,0,0,97,0,97,matched,Bacteria,21,1.62,6.113,0.164
Elusimicrobiota.U.genus,74152,267,743,0.09,0.06,1295,178,0.04,0.17,0,0,178,0,178,matched,Bacteria,41,3.17,1.5,0.667
Selenomonadaceae.U.genus,1843491,69,158,0.02,0.01,1273,85,0.04,0.08,0,0,85,0,85,matched,Bacteria,162,12.73,0.812,1.232
Gemmatimonadaceae.U.genus,219687,1021,5987,0.36,0.47,1264,23,0.04,0.02,0,0,23,0,23,matched,Bacteria,11,0.87,44.391,0.023
Nostocales.U.genus,1161,3,7,0.0,0.0,1263,502,0.04,0.49,0,0,502,0,502,matched,Bacteria,583,46.16,0.006,167.333
Gaiellales.U.genus,1154584,855,6562,0.3,0.51,1259,8,0.04,0.01,0,0,8,0,8,matched,Bacteria,210,16.68,106.875,0.009
Halomonadaceae.U.genus,28256,46,175,0.02,0.01,1248,537,0.04,0.52,0,0,537,0,537,matched,Bacteria,891,71.39,0.086,11.674
Agathobacter,1766253,307,1075,0.11,0.08,1244,5,0.04,0.0,0,0,5,0,5,matched,Bacteria,137,11.01,61.4,0.016
Shewanellaceae.U.genus,267890,2,23,0.0,0.0,1242,344,0.04,0.34,0,0,344,0,344,matched,Bacteria,1040,83.74,0.006,172.0
Shewanella,22,210,1356,0.07,0.11,1222,332,0.04,0.32,0,0,332,0,332,matched,Bacteria,1031,84.37,0.633,1.581
Synechococcaceae.U.genus,1890426,2,5,0.0,0.0,1199,519,0.04,0.51,0,0,519,0,519,matched,Bacteria,387,32.28,0.004,259.5
Christensenella,990721,4,16,0.0,0.0,1196,85,0.04,0.08,0,0,85,0,85,matched,Bacteria,20,1.67,0.047,21.25
Pectobacteriaceae.U.genus,1903410,2,72,0.0,0.01,1192,99,0.04,0.1,0,0,99,0,99,matched,Bacteria,1189,99.75,0.02,49.5
Leptospira,171,67,454,0.02,0.04,1185,95,0.04,0.09,0,0,95,0,95,matched,Bacteria,1157,97.64,0.705,1.418
Solirubrobacteraceae.U.genus,320599,59,878,0.02,0.07,1182,12,0.04,0.01,0,0,12,0,12,matched,Bacteria,100,8.46,4.917,0.203
Alteromonadaceae.U.genus,72275,51,283,0.02,0.02,1165,311,0.04,0.3,0,0,311,0,311,matched,Bacteria,427,36.65,0.164,6.098
Xanthobacteraceae.U.genus,335928,299,2694,0.1,0.21,1156,122,0.04,0.12,0,0,122,0,122,matched,Bacteria,188,16.26,2.451,0.408
Methylococcaceae.U.genus,403,57,135,0.02,0.01,1149,164,0.04,0.16,0,0,164,0,164,matched,Bacteria,163,14.19,0.348,2.877
Rhodospirillaceae.U.genus,41295,88,334,0.03,0.03,1140,122,0.04,0.12,0,0,122,0,122,matched,Bacteria,87,7.63,0.721,1.386
Desulfovibrio,872,462,1849,0.16,0.14,1139,87,0.04,0.08,0,0,87,0,87,matched,Bacteria,102,8.96,5.31,0.188
Veillonella,29465,245,1436,0.09,0.11,1134,68,0.04,0.07,0,0,68,0,68,matched,Bacteria,163,14.37,3.603,0.278
Mycoplasmopsis,2767358,31,197,0.01,0.02,1127,44,0.04,0.04,0,0,44,0,44,matched,Bacteria,1119,99.29,0.705,1.419
Streptosporangiaceae.U.genus,2004,14,24,0.0,0.0,1120,422,0.04,0.41,0,0,422,0,422,matched,Bacteria,660,58.93,0.033,30.143
Paludibacteraceae.U.genus,2005523,226,666,0.08,0.05,1108,23,0.04,0.02,0,0,23,0,23,matched,Bacteria,4,0.36,9.826,0.102
Fusobacterium,848,361,2262,0.13,0.18,1091,76,0.04,0.07,0,0,76,0,76,matched,Bacteria,641,58.75,4.75,0.211
Erythrobacteraceae.U.genus,335929,2,8,0.0,0.0,1066,334,0.04,0.33,0,0,334,0,334,matched,Bacteria,359,33.68,0.006,167.0
Nocardia,1817,81,771,0.03,0.06,1063,407,0.04,0.4,0,0,407,0,407,matched,Bacteria,1053,99.06,0.199,5.025
Halieaceae.U.genus,1706372,174,1011,0.06,0.08,1059,85,0.04,0.08,0,0,85,0,85,matched,Bacteria,148,13.98,2.047,0.489
Pseudoalteromonadaceae.U.genus,267888,14,37,0.0,0.0,1056,540,0.04,0.53,0,0,540,0,540,matched,Bacteria,807,76.42,0.026,38.571
Elizabethkingia,308865,11,195,0.0,0.02,1054,23,0.04,0.02,0,0,23,0,23,matched,Bacteria,1036,98.29,0.478,2.091
Micromonospora,1873,124,744,0.04,0.06,1053,593,0.04,0.58,0,0,593,0,593,matched,Bacteria,1042,98.96,0.209,4.782
Arcobacteraceae.U.genus,2808963,298,1100,0.1,0.09,1039,88,0.04,0.09,0,0,88,0,88,matched,Bacteria,723,69.59,3.386,0.295
Nitrosopumilaceae.U.genus,338190,505,3920,0.18,0.31,1035,59,0.03,0.06,0,0,59,0,59,matched,Archaea,84,8.12,8.559,0.117
Porphyromonas,836,227,1122,0.08,0.09,1024,37,0.03,0.04,0,0,37,0,37,matched,Bacteria,194,18.95,6.135,0.163
Pirellulaceae.U.genus,2691357,1507,5072,0.52,0.4,1022,100,0.03,0.1,0,0,100,0,100,matched,Bacteria,155,15.17,15.07,0.066
Methanomassiliicoccales.U.genus,1235850,125,860,0.04,0.07,1011,114,0.03,0.11,0,0,114,0,114,matched,Archaea,186,18.4,1.096,0.912
Pseudoalteromonas,53246,352,1854,0.12,0.14,1010,522,0.03,0.51,0,0,522,0,522,matched,Bacteria,789,78.12,0.674,1.483
Glaesserella,2094023,3,70,0.0,0.01,1009,4,0.03,0.0,0,0,4,0,4,matched,Bacteria,922,91.38,0.75,1.333
Spartobacteria.U.genus,134549,3,5,0.0,0.0,999,23,0.03,0.02,0,0,23,0,23,matched,Bacteria,5,0.5,0.13,7.667
Anaerovoracaceae.U.genus,543314,456,1143,0.16,0.09,995,74,0.03,0.07,0,0,74,0,74,matched,Bacteria,69,6.93,6.162,0.162
Chryseobacterium,59732,246,1486,0.09,0.12,983,336,0.03,0.33,0,0,336,0,336,matched,Bacteria,573,58.29,0.732,1.366
Synergistales.U.genus,649776,4,18,0.0,0.0,983,128,0.03,0.12,0,0,128,0,128,matched,Bacteria,65,6.61,0.031,32.0
Deferribacterales.U.genus,191393,2,14,0.0,0.0,949,36,0.03,0.04,0,0,36,0,36,matched,Bacteria,22,2.32,0.056,18.0
Cyclobacteriaceae.U.genus,563798,359,1140,0.12,0.09,946,140,0.03,0.14,0,0,140,0,140,matched,Bacteria,179,18.92,2.564,0.39
Steroidobacteraceae.U.genus,2689614,137,1138,0.05,0.09,945,13,0.03,0.01,0,0,13,0,13,matched,Bacteria,28,2.96,10.538,0.095
Desulfuromonadia.U.genus,3031651,280,980,0.1,0.08,945,151,0.03,0.15,0,0,151,0,151,matched,Bacteria,119,12.59,1.854,0.539
Synechococcus,1129,100,2018,0.03,0.16,944,454,0.03,0.44,0,0,454,0,454,matched,Bacteria,383,40.57,0.22,4.54
Polyangiales.U.genus,3031712,311,1423,0.11,0.11,930,106,0.03,0.1,0,0,106,0,106,matched,Bacteria,108,11.61,2.934,0.341
Leuconostoc,1243,78,546,0.03,0.04,928,33,0.03,0.03,0,0,33,0,33,matched,Bacteria,674,72.63,2.364,0.423
Phascolarctobacterium,33024,115,806,0.04,0.06,926,10,0.03,0.01,0,0,10,0,10,matched,Bacteria,42,4.54,11.5,0.087
Hyphomicrobiaceae.U.genus,45401,36,153,0.01,0.01,925,70,0.03,0.07,0,0,70,0,70,matched,Bacteria,69,7.46,0.514,1.944
Syntrophales.U.genus,2914038,105,814,0.04,0.06,919,83,0.03,0.08,0,0,83,0,83,matched,Bacteria,13,1.41,1.265,0.79
Vicinamibacteria.U.genus,1813735,347,1645,0.12,0.13,916,12,0.03,0.01,0,0,12,0,12,matched,Bacteria,44,4.8,28.917,0.035
Rhodanobacteraceae.U.genus,1775411,52,223,0.02,0.02,916,253,0.03,0.25,0,0,253,0,253,matched,Bacteria,313,34.17,0.206,4.865
Thermoplasmatales.U.genus,2301,13,56,0.0,0.0,909,91,0.03,0.09,0,0,91,0,91,matched,Archaea,33,3.63,0.143,7.0
Allisonella,39948,4,36,0.0,0.0,905,21,0.03,0.02,0,0,21,0,21,matched,Bacteria,20,2.21,0.19,5.25
Dialister,39948,185,841,0.06,0.07,905,21,0.03,0.02,0,0,21,0,21,matched,Bacteria,20,2.21,8.81,0.114
Sutterella,40544,46,695,0.02,0.05,903,21,0.03,0.02,0,0,21,0,21,matched,Bacteria,47,5.2,2.19,0.457
Nitrososphaeraceae.U.genus,1033997,269,3010,0.09,0.23,897,31,0.03,0.03,0,0,31,0,31,matched,Archaea,18,2.01,8.677,0.115
Sinorhizobium,28105,25,508,0.01,0.04,891,46,0.03,0.04,0,0,46,0,46,matched,Bacteria,881,98.88,0.543,1.84
Actinomyces,1654,256,873,0.09,0.07,889,109,0.03,0.11,0,0,109,0,109,matched,Bacteria,225,25.31,2.349,0.426
Achromobacter,222,99,520,0.03,0.04,882,97,0.03,0.09,0,0,97,0,97,matched,Bacteria,700,79.37,1.021,0.98
Peptoniphilaceae.U.genus,1570339,1,8,0.0,0.0,879,160,0.03,0.16,0,0,160,0,160,matched,Bacteria,286,32.54,0.006,160.0
Desulfobulbales.U.genus,3024411,121,311,0.04,0.02,877,131,0.03,0.13,0,0,131,0,131,matched,Bacteria,92,10.49,0.924,1.083
Thermotogae.U.genus,200918,5,41,0.0,0.0,875,160,0.03,0.16,0,0,160,0,160,matched,Bacteria,142,16.23,0.031,32.0
Psychrobacter,497,216,943,0.08,0.07,875,277,0.03,0.27,0,0,277,0,277,matched,Bacteria,463,52.91,0.78,1.282
Carnobacteriaceae.U.genus,186828,18,30,0.01,0.0,867,136,0.03,0.13,0,0,136,0,136,matched,Bacteria,394,45.44,0.132,7.556
Borreliella,64895,3,61,0.0,0.0,863,23,0.03,0.02,0,0,23,0,23,matched,Bacteria,862,99.88,0.13,7.667
Lachnospira,28050,76,278,0.03,0.02,862,27,0.03,0.03,0,0,27,0,27,matched,Bacteria,39,4.52,2.815,0.355
Mailhella,1981028,8,28,0.0,0.0,862,6,0.03,0.01,0,0,6,0,6,matched,Bacteria,1,0.12,1.333,0.75
Desulfobacteraceae.U.genus,213119,149,428,0.05,0.03,856,75,0.03,0.07,0,0,75,0,75,matched,Bacteria,20,2.34,1.987,0.503
Mucispirillum,248038,21,40,0.01,0.0,854,4,0.03,0.0,0,0,4,0,4,matched,Bacteria,5,0.59,5.25,0.19
Nanoarchaeota.U.genus,192989,147,379,0.05,0.03,849,31,0.03,0.03,0,0,31,0,31,matched,Archaea,57,6.71,4.742,0.211
Brevundimonas,41275,234,1507,0.08,0.12,842,171,0.03,0.17,0,0,171,0,171,matched,Bacteria,276,32.78,1.368,0.731
Methylobacteriaceae.U.genus,119045,3,4,0.0,0.0,842,374,0.03,0.36,0,0,374,0,374,matched,Bacteria,594,70.55,0.008,124.667
Dehalococcoidales.U.genus,1202465,67,205,0.02,0.02,840,26,0.03,0.03,0,0,26,0,26,matched,Bacteria,147,17.5,2.577,0.388
Agrobacterium,357,82,664,0.03,0.05,839,151,0.03,0.15,0,0,151,0,151,matched,Bacteria,730,87.01,0.543,1.841
Arthrobacter,1663,344,2225,0.12,0.17,835,540,0.03,0.53,0,0,540,0,540,matched,Bacteria,700,83.83,0.637,1.57
Desulfurococcales.U.genus,114380,30,77,0.01,0.01,834,55,0.03,0.05,0,0,55,0,55,matched,Archaea,31,3.72,0.545,1.833
Oscillatoriales.U.genus,1150,26,93,0.01,0.01,832,554,0.03,0.54,0,0,554,0,554,matched,Bacteria,424,50.96,0.047,21.308
Pyrinomonadaceae.U.genus,2048906,654,3208,0.23,0.25,814,6,0.03,0.01,0,0,6,0,6,matched,Bacteria,1,0.12,109.0,0.009
Methanobrevibacter,2172,197,1481,0.07,0.12,808,50,0.03,0.05,0,0,50,0,50,matched,Archaea,163,20.17,3.94,0.254
Candidatus Cloacimonadota.U.genus,456828,419,1622,0.15,0.13,807,112,0.03,0.11,0,0,112,0,112,matched,Bacteria,48,5.95,3.741,0.267
Procabacter,809,8,24,0.0,0.0,800,33,0.03,0.03,0,0,33,0,33,matched,Bacteria,763,95.38,0.242,4.125
Paraburkholderia,1822464,65,641,0.02,0.05,799,293,0.03,0.29,0,0,293,0,293,matched,Bacteria,715,89.49,0.222,4.508
Marinobacter,2742,283,1489,0.1,0.12,794,213,0.03,0.21,0,0,213,0,213,matched,Bacteria,290,36.52,1.329,0.753
Crocinitomicaceae.U.genus,1853230,29,89,0.01,0.01,790,38,0.03,0.04,0,0,38,0,38,matched,Bacteria,65,8.23,0.763,1.31
Chlamydia,810,5,47,0.0,0.0,789,28,0.03,0.03,0,0,28,0,28,matched,Bacteria,757,95.94,0.179,5.6
Mycolicibacterium,1866885,4,101,0.0,0.01,788,186,0.03,0.18,0,0,186,0,186,matched,Bacteria,690,87.56,0.022,46.5
Opitutaceae.U.genus,134623,78,836,0.03,0.07,787,51,0.03,0.05,0,0,51,0,51,matched,Bacteria,34,4.32,1.529,0.654
Chthoniobacterales.U.genus,1836787,174,848,0.06,0.07,784,10,0.03,0.01,0,0,10,0,10,matched,Bacteria,3,0.38,17.4,0.057
Nocardioides,1839,533,2002,0.19,0.16,752,330,0.03,0.32,0,0,330,0,330,matched,Bacteria,403,53.59,1.615,0.619
Pectobacterium,122277,29,380,0.01,0.03,725,38,0.02,0.04,0,0,38,0,38,matched,Bacteria,725,100.0,0.763,1.31
Hungatella,1649459,35,141,0.01,0.01,723,22,0.02,0.02,0,0,22,0,22,matched,Bacteria,53,7.33,1.591,0.629
Mycoplasmoides,2995234,2,4,0.0,0.0,721,9,0.02,0.01,0,0,9,0,9,matched,Bacteria,721,100.0,0.222,4.5
Chroococcales.U.genus,1118,6,8,0.0,0.0,715,255,0.02,0.25,0,0,255,0,255,matched,Bacteria,194,27.13,0.024,42.5
Porticoccaceae.U.genus,1706374,145,717,0.05,0.06,709,46,0.02,0.04,0,0,46,0,46,matched,Bacteria,142,20.03,3.152,0.317
Spirochaetaceae.U.genus,137,776,2428,0.27,0.19,707,68,0.02,0.07,0,0,68,0,68,matched,Bacteria,32,4.53,11.412,0.088
Acholeplasmatales.U.genus,186329,4,5,0.0,0.0,706,127,0.02,0.12,0,0,127,0,127,matched,Bacteria,156,22.1,0.031,31.75
Planococcaceae.U.genus,186818,28,56,0.01,0.0,700,345,0.02,0.34,0,0,345,0,345,matched,Bacteria,478,68.29,0.081,12.321
Photobacterium,657,97,458,0.03,0.04,681,85,0.02,0.08,0,0,85,0,85,matched,Bacteria,660,96.92,1.141,0.876
Hyphomonadaceae.U.genus,69657,183,734,0.06,0.06,670,100,0.02,0.1,0,0,100,0,100,matched,Bacteria,45,6.72,1.83,0.546
Mycoplasmataceae.U.genus,2092,52,158,0.02,0.01,663,188,0.02,0.18,0,0,188,0,188,matched,Bacteria,363,54.75,0.277,3.615
Pediococcus,1253,68,349,0.02,0.03,660,17,0.02,0.02,0,0,17,0,17,matched,Bacteria,616,93.33,4.0,0.25
Chitinophaga,79328,71,319,0.02,0.02,659,94,0.02,0.09,0,0,94,0,94,matched,Bacteria,126,19.12,0.755,1.324
Oenococcus,46254,8,30,0.0,0.0,658,9,0.02,0.01,0,0,9,0,9,matched,Bacteria,633,96.2,0.889,1.125
Coprococcus,33042,183,639,0.06,0.05,653,60,0.02,0.06,0,0,60,0,60,matched,Bacteria,92,14.09,3.05,0.328
Woeseiaceae.U.genus,1738654,41,185,0.01,0.01,652,8,0.02,0.01,0,0,8,0,8,matched,Bacteria,31,4.75,5.125,0.195
Vicinamibacterales.U.genus,2910145,913,3855,0.32,0.3,650,8,0.02,0.01,0,0,8,0,8,matched,Bacteria,43,6.62,114.125,0.009
Sphingobacterium,28453,213,1395,0.07,0.11,649,180,0.02,0.18,0,0,180,0,180,matched,Bacteria,291,44.84,1.183,0.845
Turicibacter,191303,98,372,0.03,0.03,647,16,0.02,0.02,0,0,16,0,16,matched,Bacteria,290,44.82,6.125,0.163
Novosphingobium,165696,190,1341,0.07,0.1,647,179,0.02,0.17,0,0,179,0,179,matched,Bacteria,202,31.22,1.061,0.942
Prolixibacteraceae.U.genus,1471398,507,1696,0.18,0.13,642,58,0.02,0.06,0,0,58,0,58,matched,Bacteria,47,7.32,8.741,0.114
Erwinia,551,54,338,0.02,0.03,642,86,0.02,0.08,0,0,86,0,86,matched,Bacteria,617,96.11,0.628,1.593
Sulfolobales.U.genus,2281,2,37,0.0,0.0,638,74,0.02,0.07,0,0,74,0,74,matched,Archaea,180,28.21,0.027,37.0
Elusimicrobia.U.genus,641853,254,840,0.09,0.07,634,38,0.02,0.04,0,0,38,0,38,matched,Bacteria,5,0.79,6.684,0.15
Candidatus Gastranaerophilales.U.genus,1906119,275,696,0.1,0.05,633,32,0.02,0.03,0,0,32,0,32,matched,Bacteria,4,0.63,8.594,0.116
Halomonas,2745,470,2049,0.16,0.16,632,325,0.02,0.32,0,0,325,0,325,matched,Bacteria,399,63.13,1.446,0.691
Micrococcus,1269,120,396,0.04,0.03,629,67,0.02,0.07,0,0,67,0,67,matched,Bacteria,583,92.69,1.791,0.558
Acholeplasmataceae.U.genus,2146,244,846,0.08,0.07,627,122,0.02,0.12,0,0,122,0,122,matched,Bacteria,156,24.88,2.0,0.5
Peptococcaceae.U.genus,186807,186,429,0.06,0.03,625,79,0.02,0.08,0,0,79,0,79,matched,Bacteria,60,9.6,2.354,0.425
Rhodocyclaceae.U.genus,75787,276,1207,0.1,0.09,624,65,0.02,0.06,0,0,65,0,65,matched,Bacteria,59,9.46,4.246,0.236
Succinivibrionaceae.U.genus,83763,33,98,0.01,0.01,612,49,0.02,0.05,0,0,49,0,49,matched,Bacteria,25,4.08,0.673,1.485
Rickettsiaceae.U.genus,775,352,1595,0.12,0.12,612,152,0.02,0.15,0,0,152,0,152,matched,Bacteria,287,46.9,2.316,0.432
Anaeroglobus,906,1,4,0.0,0.0,610,50,0.02,0.05,0,0,50,0,50,matched,Bacteria,93,15.25,0.02,50.0
Megasphaera,906,62,408,0.02,0.03,610,50,0.02,0.05,0,0,50,0,50,matched,Bacteria,93,15.25,1.24,0.806
Sulfitobacter,60136,123,741,0.04,0.06,607,193,0.02,0.19,0,0,193,0,193,matched,Bacteria,360,59.31,0.637,1.569
Aerococcaceae.U.genus,186827,9,13,0.0,0.0,606,107,0.02,0.1,0,0,107,0,107,matched,Bacteria,429,70.79,0.084,11.889
Barnesiellaceae.U.genus,2005519,32,79,0.01,0.01,601,23,0.02,0.02,0,0,23,0,23,matched,Bacteria,48,7.99,1.391,0.719
Nitrosomonadaceae.U.genus,206379,601,5556,0.21,0.43,596,65,0.02,0.06,0,0,65,0,65,matched,Bacteria,95,15.94,9.246,0.108
Nitrosopumilus,338191,1,200,0.0,0.02,594,46,0.02,0.04,0,0,46,0,46,matched,Archaea,63,10.61,0.022,46.0
Parasutterella,577310,59,435,0.02,0.03,594,6,0.02,0.01,0,0,6,0,6,matched,Bacteria,31,5.22,9.833,0.102
Fusicatenibacter,1407607,155,528,0.05,0.04,593,9,0.02,0.01,0,0,9,0,9,matched,Bacteria,56,9.44,17.222,0.058
Candidatus Saccharimonadales.U.genus,2093825,1818,4927,0.63,0.38,591,12,0.02,0.01,0,0,12,0,12,matched,Bacteria,8,1.35,151.5,0.007
Weissella,46255,82,664,0.03,0.05,591,27,0.02,0.03,0,0,27,0,27,matched,Bacteria,424,71.74,3.037,0.329
Polyangiaceae.U.genus,49,24,110,0.01,0.01,591,95,0.02,0.09,0,0,95,0,95,matched,Bacteria,97,16.41,0.253,3.958
Verrucomicrobiaceae.U.genus,203557,127,830,0.04,0.06,588,73,0.02,0.07,0,0,73,0,73,matched,Bacteria,57,9.69,1.74,0.575
Lachnoclostridium,1506553,607,2035,0.21,0.16,581,61,0.02,0.06,0,0,61,0,61,matched,Bacteria,80,13.77,9.951,0.1
Gallionellaceae.U.genus,90627,63,257,0.02,0.02,579,52,0.02,0.05,0,0,52,0,52,matched,Bacteria,144,24.87,1.212,0.825
Anaerostipes,207244,201,716,0.07,0.06,577,21,0.02,0.02,0,0,21,0,21,matched,Bacteria,131,22.7,9.571,0.104
Bartonella,773,15,196,0.01,0.02,575,283,0.02,0.28,0,0,283,0,283,matched,Bacteria,528,91.83,0.053,18.867
Moraxella,475,98,547,0.03,0.04,570,65,0.02,0.06,0,0,65,0,65,matched,Bacteria,352,61.75,1.508,0.663
Kitasatospora,2063,24,254,0.01,0.02,568,322,0.02,0.31,0,0,322,0,322,matched,Bacteria,565,99.47,0.075,13.417
Chromatiaceae.U.genus,1046,49,175,0.02,0.01,559,140,0.02,0.14,0,0,140,0,140,matched,Bacteria,143,25.58,0.35,2.857
Desulfurococcaceae.U.genus,2272,9,42,0.0,0.0,557,37,0.02,0.04,0,0,37,0,37,matched,Archaea,24,4.31,0.243,4.111
Dysgonomonadaceae.U.genus,2005520,249,494,0.09,0.04,556,107,0.02,0.1,0,0,107,0,107,matched,Bacteria,62,11.15,2.327,0.43
Piscirickettsiaceae.U.genus,135616,44,96,0.02,0.01,556,135,0.02,0.13,0,0,135,0,135,matched,Bacteria,162,29.14,0.326,3.068
Lysinibacillus,400634,213,841,0.07,0.07,546,177,0.02,0.17,0,0,177,0,177,matched,Bacteria,433,79.3,1.203,0.831
Hafniaceae.U.genus,1903412,31,128,0.01,0.01,546,19,0.02,0.02,0,0,19,0,19,matched,Bacteria,476,87.18,1.632,0.613
Desulfobulbaceae.U.genus,213121,227,802,0.08,0.06,544,98,0.02,0.1,0,0,98,0,98,matched,Bacteria,48,8.82,2.316,0.432
Aquificales.U.genus,32069,2,44,0.0,0.0,543,52,0.02,0.05,0,0,52,0,52,matched,Bacteria,34,6.26,0.038,26.0
Mycoplasma,2093,254,734,0.09,0.06,542,179,0.02,0.17,0,0,179,0,179,matched,Bacteria,361,66.61,1.419,0.705
Alteromonas,226,275,1154,0.1,0.09,540,122,0.02,0.12,0,0,122,0,122,matched,Bacteria,241,44.63,2.254,0.444
Nitrospinota.U.genus,1293497,102,372,0.04,0.03,537,44,0.02,0.04,0,0,44,0,44,matched,Bacteria,24,4.47,2.318,0.431
Haloferacaceae.U.genus,1644056,92,199,0.03,0.02,536,290,0.02,0.28,0,0,290,0,290,matched,Archaea,419,78.17,0.317,3.152
Angelakisella,1935176,4,4,0.0,0.0,536,3,0.02,0.0,0,0,3,0,3,matched,Bacteria,1,0.19,1.333,0.75
Polynucleobacter,44013,103,1584,0.04,0.12,533,142,0.02,0.14,0,0,142,0,142,matched,Bacteria,273,51.22,0.725,1.379
Barnesiella,397864,61,397,0.02,0.03,532,17,0.02,0.02,0,0,17,0,17,matched,Bacteria,37,6.95,3.588,0.279
Faecalibaculum,1729679,151,452,0.05,0.04,525,2,0.02,0.0,0,0,2,0,2,matched,Bacteria,5,0.95,75.5,0.013
Desulfuromonadales.U.genus,69541,67,415,0.02,0.03,525,66,0.02,0.06,0,0,66,0,66,matched,Bacteria,47,8.95,1.015,0.985
Methylobacterium,407,105,723,0.04,0.06,523,280,0.02,0.27,0,0,280,0,280,matched,Bacteria,409,78.2,0.375,2.667
Coxiellaceae.U.genus,118968,4,5,0.0,0.0,517,43,0.02,0.04,0,0,43,0,43,matched,Bacteria,227,43.91,0.093,10.75
Holophagae.U.genus,533205,419,2673,0.15,0.21,512,47,0.02,0.05,0,0,47,0,47,matched,Bacteria,28,5.47,8.915,0.112
Methanosarcinaceae.U.genus,2206,24,64,0.01,0.0,511,139,0.02,0.14,0,0,139,0,139,matched,Archaea,179,35.03,0.173,5.792
Polaribacter,52959,77,656,0.03,0.05,510,73,0.02,0.07,0,0,73,0,73,matched,Bacteria,157,30.78,1.055,0.948
Microcystaceae.U.genus,1890449,4,9,0.0,0.0,510,170,0.02,0.17,0,0,170,0,170,matched,Bacteria,101,19.8,0.024,42.5
Ectothiorhodospiraceae.U.genus,72276,123,864,0.04,0.07,509,156,0.02,0.15,0,0,156,0,156,matched,Bacteria,180,35.36,0.788,1.268
Synergistaceae.U.genus,649777,375,1022,0.13,0.08,508,51,0.02,0.05,0,0,51,0,51,matched,Bacteria,25,4.92,7.353,0.136
Capnocytophaga,1016,160,917,0.06,0.07,507,42,0.02,0.04,0,0,42,0,42,matched,Bacteria,167,32.94,3.81,0.263
candidate division Zixibacteria.U.genus,1379697,414,1152,0.14,0.09,500,19,0.02,0.02,0,0,19,0,19,matched,Bacteria,5,1.0,21.789,0.046
Intrasporangiaceae.U.genus,85021,15,112,0.01,0.01,500,184,0.02,0.18,0,0,184,0,184,matched,Bacteria,237,47.4,0.082,12.267
Eggerthella,84111,15,104,0.01,0.01,496,20,0.02,0.02,0,0,20,0,20,matched,Bacteria,146,29.44,0.75,1.333
Acetobacter,434,52,481,0.02,0.04,492,69,0.02,0.07,0,0,69,0,69,matched,Bacteria,252,51.22,0.754,1.327
Comamonas,283,166,819,0.06,0.06,491,85,0.02,0.08,0,0,85,0,85,matched,Bacteria,251,51.12,1.953,0.512
Clavibacter,1573,5,59,0.0,0.0,491,26,0.02,0.03,0,0,26,0,26,matched,Bacteria,471,95.93,0.192,5.2
Fibrobacterales.U.genus,218872,256,768,0.09,0.06,484,62,0.02,0.06,0,0,62,0,62,matched,Bacteria,43,8.88,4.129,0.242
Rhodoferax,28065,96,1407,0.03,0.11,484,36,0.02,0.04,0,0,36,0,36,matched,Bacteria,35,7.23,2.667,0.375
Butyricicoccus,580596,93,399,0.03,0.03,482,41,0.02,0.04,0,0,41,0,41,matched,Bacteria,43,8.92,2.268,0.441
Nostocaceae.U.genus,1162,30,84,0.01,0.01,482,241,0.02,0.24,0,0,241,0,241,matched,Bacteria,216,44.81,0.124,8.033
Luminiphilus,1341118,26,213,0.01,0.02,476,5,0.02,0.0,0,0,5,0,5,matched,Bacteria,84,17.65,5.2,0.192
Leclercia,83654,10,51,0.0,0.0,476,42,0.02,0.04,0,0,42,0,42,matched,Bacteria,158,33.19,0.238,4.2
Sulfurimonas,202746,493,1529,0.17,0.12,474,73,0.02,0.07,0,0,73,0,73,matched,Bacteria,32,6.75,6.753,0.148
Sphingobium,165695,141,785,0.05,0.06,469,159,0.02,0.16,0,0,159,0,159,matched,Bacteria,246,52.45,0.887,1.128
Tenacibaculum,104267,98,311,0.03,0.02,469,83,0.02,0.08,0,0,83,0,83,matched,Bacteria,412,87.85,1.181,0.847
Fibrobacteraceae.U.genus,204431,207,856,0.07,0.07,468,57,0.02,0.06,0,0,57,0,57,matched,Bacteria,41,8.76,3.632,0.275
Riemerella,34084,11,80,0.0,0.01,464,5,0.02,0.0,0,0,5,0,5,matched,Bacteria,459,98.92,2.2,0.455
Polaromonas,52972,59,424,0.02,0.03,462,48,0.02,0.05,0,0,48,0,48,matched,Bacteria,86,18.61,1.229,0.814
Candidatus Brocadiales.U.genus,1127829,17,50,0.01,0.0,459,56,0.02,0.05,0,0,56,0,56,matched,Bacteria,12,2.61,0.304,3.294
Anaerotignum,2039240,5,104,0.0,0.01,456,9,0.02,0.01,0,0,9,0,9,matched,Bacteria,14,3.07,0.556,1.8
Alloprevotella,1283313,209,622,0.07,0.05,454,7,0.02,0.01,0,0,7,0,7,matched,Bacteria,10,2.2,29.857,0.033
Thermodesulfovibrionia.U.genus,2811502,532,1861,0.19,0.14,448,25,0.02,0.02,0,0,25,0,25,matched,Bacteria,99,22.1,21.28,0.047
Bilophila,35832,26,354,0.01,0.03,443,5,0.01,0.0,0,0,5,0,5,matched,Bacteria,18,4.06,5.2,0.192
Ruthenibacterium,1905344,2,40,0.0,0.0,439,8,0.01,0.01,0,0,8,0,8,matched,Bacteria,35,7.97,0.25,4.0
Nubsella,84567,11,28,0.0,0.0,438,192,0.01,0.19,0,0,192,0,192,matched,Bacteria,314,71.69,0.057,17.455
Pedobacter,84567,256,1566,0.09,0.12,438,192,0.01,0.19,0,0,192,0,192,matched,Bacteria,314,71.69,1.333,0.75
Syntrophomonadaceae.U.genus,68298,70,113,0.02,0.01,436,62,0.01,0.06,0,0,62,0,62,matched,Bacteria,19,4.36,1.129,0.886
Adlercreutzia,447020,11,60,0.0,0.0,436,28,0.01,0.03,0,0,28,0,28,matched,Bacteria,69,15.83,0.393,2.545
Variovorax,34072,65,512,0.02,0.04,434,194,0.01,0.19,0,0,194,0,194,matched,Bacteria,316,72.81,0.335,2.985
Anaerotruncus,244127,41,84,0.01,0.01,428,19,0.01,0.02,0,0,19,0,19,matched,Bacteria,50,11.68,2.158,0.463
Flavonifractor,946234,26,159,0.01,0.01,425,29,0.01,0.03,0,0,29,0,29,matched,Bacteria,132,31.06,0.897,1.115
uncultured_Rickettsia_sp.Mitochondria,780,24,168,0.01,0.01,425,104,0.01,0.1,0,0,104,0,104,matched,Bacteria,209,49.18,0.231,4.333
Zoogloeaceae.U.genus,2008794,1,1,0.0,0.0,425,87,0.01,0.08,0,0,87,0,87,matched,Bacteria,103,24.24,0.011,87.0
Rickettsia,780,56,303,0.02,0.02,425,104,0.01,0.1,0,0,104,0,104,matched,Bacteria,209,49.18,0.538,1.857
Gardnerella,2701,1,36,0.0,0.0,423,62,0.01,0.06,0,0,62,0,62,matched,Bacteria,300,70.92,0.016,62.0
Pseudolabrys,556257,89,751,0.03,0.06,421,4,0.01,0.0,0,0,4,0,4,matched,Bacteria,3,0.71,22.25,0.045
Candidatus Actinomarinales.U.genus,1389450,366,1922,0.13,0.15,420,7,0.01,0.01,0,0,7,0,7,matched,Bacteria,25,5.95,52.286,0.019
Geobacterales.U.genus,3031668,1,1,0.0,0.0,419,84,0.01,0.08,0,0,84,0,84,matched,Bacteria,72,17.18,0.012,84.0
Brachyspirales.U.genus,1643686,32,77,0.01,0.01,412,18,0.01,0.02,0,0,18,0,18,matched,Bacteria,253,61.41,1.778,0.562
Alcanivoracaceae.U.genus,224372,2,2,0.0,0.0,410,104,0.01,0.1,0,0,104,0,104,matched,Bacteria,81,19.76,0.019,52.0
Geobacteraceae.U.genus,213422,176,589,0.06,0.05,409,83,0.01,0.08,0,0,83,0,83,matched,Bacteria,72,17.6,2.12,0.472
Ruegeria,97050,60,218,0.02,0.02,405,105,0.01,0.1,0,0,105,0,105,matched,Bacteria,374,92.35,0.571,1.75
Exiguobacterium,33986,136,638,0.05,0.05,401,214,0.01,0.21,0,0,214,0,214,matched,Bacteria,274,68.33,0.636,1.574
Azospirillaceae.U.genus,2829815,17,38,0.01,0.0,400,103,0.01,0.1,0,0,103,0,103,matched,Bacteria,201,50.25,0.165,6.059
Leptotrichiaceae.U.genus,1129771,71,193,0.02,0.02,400,49,0.01,0.05,0,0,49,0,49,matched,Bacteria,98,24.5,1.449,0.69
Subdoligranulum,292632,423,1295,0.15,0.1,396,12,0.01,0.01,0,0,12,0,12,matched,Bacteria,11,2.78,35.25,0.028
Sulfolobaceae.U.genus,118883,17,109,0.01,0.01,392,66,0.01,0.06,0,0,66,0,66,matched,Archaea,175,44.64,0.258,3.882
Beijerinckiaceae.U.genus,45404,278,1190,0.1,0.09,392,32,0.01,0.03,0,0,32,0,32,matched,Bacteria,30,7.65,8.688,0.115
Candidatus Bipolaricaulota.U.genus,67810,211,1032,0.07,0.08,391,31,0.01,0.03,0,0,31,0,31,matched,Bacteria,24,6.14,6.806,0.147
Brevibacillus,55080,123,587,0.04,0.05,390,98,0.01,0.1,0,0,98,0,98,matched,Bacteria,369,94.62,1.255,0.797
Phycisphaeraceae.U.genus,666507,1204,5532,0.42,0.43,390,21,0.01,0.02,0,0,21,0,21,matched,Bacteria,9,2.31,57.333,0.017
Candidatus Actinomarinaceae.U.genus,1389452,139,1671,0.05,0.13,389,4,0.01,0.0,0,0,4,0,4,matched,Bacteria,25,6.43,34.75,0.029
Limnohabitans,665874,79,818,0.03,0.06,387,41,0.01,0.04,0,0,41,0,41,matched,Bacteria,40,10.34,1.927,0.519
Candidatus Methanomethylophilaceae.U.genus,2517203,145,635,0.05,0.05,386,9,0.01,0.01,0,0,9,0,9,matched,Archaea,47,12.18,16.111,0.062
Brevibacterium,1696,80,386,0.03,0.03,385,107,0.01,0.1,0,0,107,0,107,matched,Bacteria,230,59.74,0.748,1.337
Mesomycoplasma,2923352,8,39,0.0,0.0,383,13,0.01,0.01,0,0,13,0,13,matched,Bacteria,383,100.0,0.615,1.625
Brachyspira,29521,24,90,0.01,0.01,383,17,0.01,0.02,0,0,17,0,17,matched,Bacteria,253,66.06,1.412,0.708
Curtobacterium,2034,31,244,0.01,0.02,382,218,0.01,0.21,0,0,218,0,218,matched,Bacteria,362,94.76,0.142,7.032
Erythrobacter,1041,93,549,0.03,0.04,381,90,0.01,0.09,0,0,90,0,90,matched,Bacteria,89,23.36,1.033,0.968
Devosiaceae.U.genus,2831106,57,138,0.02,0.01,380,132,0.01,0.13,0,0,132,0,132,matched,Bacteria,128,33.68,0.432,2.316
Ktedonobacteria.U.genus,388447,409,945,0.14,0.07,378,39,0.01,0.04,0,0,39,0,39,matched,Bacteria,22,5.82,10.487,0.095
Syntrophaceae.U.genus,213468,1,1,0.0,0.0,375,64,0.01,0.06,0,0,64,0,64,matched,Bacteria,3,0.8,0.016,64.0
Aerococcus,1375,39,172,0.01,0.01,371,39,0.01,0.04,0,0,39,0,39,matched,Bacteria,310,83.56,1.0,1.0
Holophagaceae.U.genus,574976,111,536,0.04,0.04,370,32,0.01,0.03,0,0,32,0,32,matched,Bacteria,21,5.68,3.469,0.288
Sulfurovum,265570,631,1805,0.22,0.14,369,41,0.01,0.04,0,0,41,0,41,matched,Bacteria,16,4.34,15.39,0.065
Mucilaginibacter,423349,195,1233,0.07,0.1,369,142,0.01,0.14,0,0,142,0,142,matched,Bacteria,168,45.53,1.373,0.728
Ferruginibacter,1004303,194,873,0.07,0.07,368,10,0.01,0.01,0,0,10,0,10,matched,Bacteria,9,2.45,19.4,0.052
Cytophagaceae.U.genus,89373,25,63,0.01,0.0,367,95,0.01,0.09,0,0,95,0,95,matched,Bacteria,83,22.62,0.263,3.8
Thermaceae.U.genus,188786,3,8,0.0,0.0,365,63,0.01,0.06,0,0,63,0,63,matched,Bacteria,179,49.04,0.048,21.0
Cellulomonadaceae.U.genus,85016,3,4,0.0,0.0,364,165,0.01,0.16,0,0,165,0,165,matched,Bacteria,249,68.41,0.018,55.0
Dubosiella,1937008,20,103,0.01,0.01,363,3,0.01,0.0,0,0,3,0,3,matched,Bacteria,4,1.1,6.667,0.15
Amycolatopsis,1813,82,399,0.03,0.03,363,246,0.01,0.24,0,0,246,0,246,matched,Bacteria,344,94.77,0.333,3.0
Selenomonas,970,164,811,0.06,0.06,362,36,0.01,0.04,0,0,36,0,36,matched,Bacteria,57,15.75,4.556,0.22
Acidovorax,12916,217,1166,0.08,0.09,359,135,0.01,0.13,0,0,135,0,135,matched,Bacteria,151,42.06,1.607,0.622
Ruminiclostridium,1508657,261,543,0.09,0.04,359,25,0.01,0.02,0,0,25,0,25,matched,Bacteria,27,7.52,10.44,0.096
Thiotrichaceae.U.genus,135617,240,1056,0.08,0.08,359,73,0.01,0.07,0,0,73,0,73,matched,Bacteria,53,14.76,3.288,0.304
Candidatus Brocadiaceae.U.genus,1127830,45,179,0.02,0.01,358,40,0.01,0.04,0,0,40,0,40,matched,Bacteria,11,3.07,1.125,0.889
Stappiaceae.U.genus,2821832,9,69,0.0,0.01,358,136,0.01,0.13,0,0,136,0,136,matched,Bacteria,179,50.0,0.066,15.111
Caldilineaceae.U.genus,475964,349,1227,0.12,0.1,357,24,0.01,0.02,0,0,24,0,24,matched,Bacteria,4,1.12,14.542,0.069
Planktomarina,1284657,36,489,0.01,0.04,354,4,0.01,0.0,0,0,4,0,4,matched,Bacteria,192,54.24,9.0,0.111
Cupriavidus,106589,60,318,0.02,0.02,354,109,0.01,0.11,0,0,109,0,109,matched,Bacteria,312,88.14,0.55,1.817
Ktedonobacterales.U.genus,388448,256,777,0.09,0.06,354,32,0.01,0.03,0,0,32,0,32,matched,Bacteria,17,4.8,8.0,0.125
Roseobacter,2433,100,267,0.03,0.02,352,249,0.01,0.24,0,0,249,0,249,matched,Bacteria,249,70.74,0.402,2.49
Aquificaceae.U.genus,64898,15,47,0.01,0.0,352,35,0.01,0.03,0,0,35,0,35,matched,Bacteria,21,5.97,0.429,2.333
Cellvibrionaceae.U.genus,1706371,93,217,0.03,0.02,352,109,0.01,0.11,0,0,109,0,109,matched,Bacteria,123,34.94,0.853,1.172
Thermotogales.U.genus,2419,4,52,0.0,0.0,350,72,0.01,0.07,0,0,72,0,72,matched,Bacteria,76,21.71,0.056,18.0
Microcoleus,44471,28,108,0.01,0.01,349,301,0.01,0.29,0,0,301,0,301,matched,Bacteria,243,69.63,0.093,10.75
Bacteriovoracaceae.U.genus,263369,93,342,0.03,0.03,348,43,0.01,0.04,0,0,43,0,43,matched,Bacteria,16,4.6,2.163,0.462
Myxococcaceae.U.genus,31,434,1450,0.15,0.11,348,109,0.01,0.11,0,0,109,0,109,matched,Bacteria,160,45.98,3.982,0.251
Nostoc,1177,73,389,0.03,0.03,348,156,0.01,0.15,0,0,156,0,156,matched,Bacteria,138,39.66,0.468,2.137
Acidithiobacillales.U.genus,225057,3,14,0.0,0.0,348,46,0.01,0.04,0,0,46,0,46,matched,Bacteria,143,41.09,0.065,15.333
Candidatus Poribacteria.U.genus,265317,100,508,0.03,0.04,346,10,0.01,0.01,0,0,10,0,10,matched,Bacteria,22,6.36,10.0,0.1
Phenylobacterium,20,109,1119,0.04,0.09,344,37,0.01,0.04,0,0,37,0,37,matched,Bacteria,35,10.17,2.946,0.339
Levilactobacillus,2767886,6,7,0.0,0.0,343,41,0.01,0.04,0,0,41,0,41,matched,Bacteria,325,94.75,0.146,6.833
Latilactobacillus,2767885,21,29,0.01,0.0,341,10,0.01,0.01,0,0,10,0,10,matched,Bacteria,287,84.16,2.1,0.476
Acidithiobacillaceae.U.genus,225058,59,166,0.02,0.01,341,40,0.01,0.04,0,0,40,0,40,matched,Bacteria,140,41.06,1.475,0.678
Acidaminococcus,904,28,197,0.01,0.02,339,21,0.01,0.02,0,0,21,0,21,matched,Bacteria,43,12.68,1.333,0.75
Sediminibacterium,504481,88,1673,0.03,0.13,339,15,0.01,0.01,0,0,15,0,15,matched,Bacteria,9,2.65,5.867,0.17
Metamycoplasma,2895509,9,54,0.0,0.0,338,23,0.01,0.02,0,0,23,0,23,matched,Bacteria,284,84.02,0.391,2.556
Puniceicoccales.U.genus,415001,9,22,0.0,0.0,338,49,0.01,0.05,0,0,49,0,49,matched,Bacteria,37,10.95,0.184,5.444
Fibrobacter,832,96,342,0.03,0.03,337,52,0.01,0.05,0,0,52,0,52,matched,Bacteria,39,11.57,1.846,0.542
Nitrosomonas,914,96,481,0.03,0.04,332,40,0.01,0.04,0,0,40,0,40,matched,Bacteria,64,19.28,2.4,0.417
Butyricimonas,574697,30,149,0.01,0.01,330,18,0.01,0.02,0,0,18,0,18,matched,Bacteria,51,15.45,1.667,0.6
Solobacterium,123375,70,214,0.02,0.02,330,15,0.01,0.01,0,0,15,0,15,matched,Bacteria,6,1.82,4.667,0.214
Paraprevotella,577309,38,190,0.01,0.01,330,6,0.01,0.01,0,0,6,0,6,matched,Bacteria,12,3.64,6.333,0.158
Kocuria,57493,103,377,0.04,0.03,329,86,0.01,0.08,0,0,86,0,86,matched,Bacteria,277,84.19,1.198,0.835
Azospirillum,191,128,893,0.04,0.07,327,72,0.01,0.07,0,0,72,0,72,matched,Bacteria,163,49.85,1.778,0.562
Orbaceae.U.genus,1240483,6,11,0.0,0.0,326,170,0.01,0.17,0,0,170,0,170,matched,Bacteria,239,73.31,0.035,28.333
Syntrophobacterales.U.genus,213462,55,395,0.02,0.03,325,39,0.01,0.04,0,0,39,0,39,matched,Bacteria,11,3.38,1.41,0.709
Acidithiobacillus,119977,78,291,0.03,0.02,325,34,0.01,0.03,0,0,34,0,34,matched,Bacteria,139,42.77,2.294,0.436
Phaeobacter,302485,12,236,0.0,0.02,324,140,0.01,0.14,0,0,140,0,140,matched,Bacteria,290,89.51,0.086,11.667
Geodermatophilaceae.U.genus,85030,3,42,0.0,0.0,324,197,0.01,0.19,0,0,197,0,197,matched,Bacteria,228,70.37,0.015,65.667
Aggregatibacter,416916,55,323,0.02,0.03,324,11,0.01,0.01,0,0,11,0,11,matched,Bacteria,235,72.53,5.0,0.2
Nonomuraea,83681,51,227,0.02,0.02,322,209,0.01,0.2,0,0,209,0,209,matched,Bacteria,312,96.89,0.244,4.098
Dermabacteraceae.U.genus,85020,1,2,0.0,0.0,321,109,0.01,0.11,0,0,109,0,109,matched,Bacteria,225,70.09,0.009,109.0
Methylotenera,359407,75,993,0.03,0.08,321,14,0.01,0.01,0,0,14,0,14,matched,Bacteria,13,4.05,5.357,0.187
Erysipelothrix,1647,151,459,0.05,0.04,320,22,0.01,0.02,0,0,22,0,22,matched,Bacteria,260,81.25,6.864,0.146
Colwelliaceae.U.genus,267889,29,67,0.01,0.01,318,151,0.01,0.15,0,0,151,0,151,matched,Bacteria,164,51.57,0.192,5.207
Olsenella,133925,56,344,0.02,0.03,317,49,0.01,0.05,0,0,49,0,49,matched,Bacteria,51,16.09,1.143,0.875
Cryomorphaceae.U.genus,246874,290,2798,0.1,0.22,317,25,0.01,0.02,0,0,25,0,25,matched,Bacteria,4,1.26,11.6,0.086
Methanothrix,2222,246,1914,0.09,0.15,316,31,0.01,0.03,0,0,31,0,31,matched,Archaea,3,0.95,7.935,0.126
Archaeoglobaceae.U.genus,2232,28,124,0.01,0.01,314,41,0.01,0.04,0,0,41,0,41,matched,Archaea,12,3.82,0.683,1.464
Amylibacter,1617805,32,94,0.01,0.01,314,6,0.01,0.01,0,0,6,0,6,matched,Bacteria,198,63.06,5.333,0.188
Rubrivivax,28067,7,134,0.0,0.01,313,15,0.01,0.01,0,0,15,0,15,matched,Bacteria,23,7.35,0.467,2.143
Thermococci.U.genus,183968,298,1319,0.1,0.1,312,86,0.01,0.08,0,0,86,0,86,matched,Archaea,109,34.94,3.465,0.289
Xylella,2370,4,78,0.0,0.01,312,3,0.01,0.0,0,0,3,0,3,matched,Bacteria,286,91.67,1.333,0.75
Atribacterota.U.genus,67818,215,1295,0.07,0.1,310,63,0.01,0.06,0,0,63,0,63,matched,Bacteria,27,8.71,3.413,0.293
Hydrogenophaga,47420,80,420,0.03,0.03,310,51,0.01,0.05,0,0,51,0,51,matched,Bacteria,60,19.35,1.569,0.637
Gemmataceae.U.genus,1914233,1130,2847,0.39,0.22,309,26,0.01,0.03,0,0,26,0,26,matched,Bacteria,20,6.47,43.462,0.023
Chthoniobacteraceae.U.genus,1836792,463,3212,0.16,0.25,308,8,0.01,0.01,0,0,8,0,8,matched,Bacteria,3,0.97,57.875,0.017
Hyphomonas,85,54,472,0.02,0.04,307,54,0.01,0.05,0,0,54,0,54,matched,Bacteria,24,7.82,1.0,1.0
Methanocorpusculum,2192,25,149,0.01,0.01,307,14,0.01,0.01,0,0,14,0,14,matched,Archaea,6,1.95,1.786,0.56
Agathobaculum,2048137,2,14,0.0,0.0,306,20,0.01,0.02,0,0,20,0,20,matched,Bacteria,26,8.5,0.1,10.0
Methanomicrobiaceae.U.genus,2194,39,191,0.01,0.01,304,85,0.01,0.08,0,0,85,0,85,matched,Archaea,62,20.39,0.459,2.179
Terracidiphilus,1742983,2,15,0.0,0.0,304,6,0.01,0.01,0,0,6,0,6,matched,Bacteria,4,1.32,0.333,3.0
Occallatibacter,1742983,55,678,0.02,0.05,304,6,0.01,0.01,0,0,6,0,6,matched,Bacteria,4,1.32,9.167,0.109
Actinobacillus,713,68,497,0.02,0.04,302,20,0.01,0.02,0,0,20,0,20,matched,Bacteria,266,88.08,3.4,0.294
Nitrospinaceae.U.genus,407032,77,456,0.03,0.04,302,22,0.01,0.02,0,0,22,0,22,matched,Bacteria,15,4.97,3.5,0.286
Butyrivibrio,830,167,454,0.06,0.04,300,51,0.01,0.05,0,0,51,0,51,matched,Bacteria,65,21.67,3.275,0.305
Gilliamella,1193503,16,74,0.01,0.01,296,155,0.01,0.15,0,0,155,0,155,matched,Bacteria,222,75.0,0.103,9.688
Roseovarius,74030,112,547,0.04,0.04,293,90,0.01,0.09,0,0,90,0,90,matched,Bacteria,111,37.88,1.244,0.804
Sphingopyxis,165697,73,369,0.03,0.03,290,110,0.01,0.11,0,0,110,0,110,matched,Bacteria,124,42.76,0.664,1.507
Zetaproteobacteria.U.genus,580370,3,16,0.0,0.0,285,46,0.01,0.04,0,0,46,0,46,matched,Bacteria,17,5.96,0.065,15.333
Candidatus Phytoplasma,33926,2,13,0.0,0.0,285,72,0.01,0.07,0,0,72,0,72,matched,Bacteria,116,40.7,0.028,36.0
Alcanivorax,59753,135,861,0.05,0.07,283,87,0.01,0.08,0,0,87,0,87,matched,Bacteria,47,16.61,1.552,0.644
Candidatus Parcubacteria.U.genus,221216,6968,21382,2.42,1.67,279,30,0.01,0.03,0,0,30,0,30,matched,Bacteria,9,3.23,232.267,0.004
Devosia,46913,143,855,0.05,0.07,278,95,0.01,0.09,0,0,95,0,95,matched,Bacteria,93,33.45,1.505,0.664
Deinococcaceae.U.genus,183710,21,57,0.01,0.0,278,137,0.01,0.13,0,0,137,0,137,matched,Bacteria,211,75.9,0.153,6.524
Carnobacterium,2747,30,296,0.01,0.02,277,31,0.01,0.03,0,0,31,0,31,matched,Bacteria,209,75.45,0.968,1.033
Thermomonosporaceae.U.genus,2012,8,9,0.0,0.0,277,190,0.01,0.19,0,0,190,0,190,matched,Bacteria,253,91.34,0.042,23.75
Delftia,80865,56,649,0.02,0.05,275,53,0.01,0.05,0,0,53,0,53,matched,Bacteria,130,47.27,1.057,0.946
Holdemanella,1573535,85,409,0.03,0.03,274,9,0.01,0.01,0,0,9,0,9,matched,Bacteria,46,16.79,9.444,0.106
Salinibacter,146918,647,2050,0.23,0.16,273,7,0.01,0.01,0,0,7,0,7,matched,Bacteria,255,93.41,92.429,0.011
Nocardiopsaceae.U.genus,83676,4,4,0.0,0.0,271,136,0.01,0.13,0,0,136,0,136,matched,Bacteria,241,88.93,0.029,34.0
Hyphomicrobium,81,173,655,0.06,0.05,271,29,0.01,0.03,0,0,29,0,29,matched,Bacteria,26,9.59,5.966,0.168
Leptolyngbyaceae.U.genus,1890438,181,581,0.06,0.05,271,161,0.01,0.16,0,0,161,0,161,matched,Bacteria,89,32.84,1.124,0.89
Candidatus Nanoarchaeia.U.genus,2885752,3006,8477,1.05,0.66,271,12,0.01,0.01,0,0,12,0,12,matched,Archaea,8,2.95,250.5,0.004
Idiomarinaceae.U.genus,267893,5,11,0.0,0.0,270,102,0.01,0.1,0,0,102,0,102,matched,Bacteria,133,49.26,0.049,20.4
Dickeya,204037,43,233,0.01,0.02,269,21,0.01,0.02,0,0,21,0,21,matched,Bacteria,268,99.63,2.048,0.488
Parvibaculaceae.U.genus,2813035,35,260,0.01,0.02,269,22,0.01,0.02,0,0,22,0,22,matched,Bacteria,16,5.95,1.591,0.629
Pseudoxanthomonas,83618,57,352,0.02,0.03,266,73,0.01,0.07,0,0,73,0,73,matched,Bacteria,145,54.51,0.781,1.281
Dolichospermum,748770,12,151,0.0,0.01,265,47,0.01,0.05,0,0,47,0,47,matched,Bacteria,45,16.98,0.255,3.917
Pseudanabaenaceae.U.genus,1890436,27,67,0.01,0.01,265,95,0.01,0.09,0,0,95,0,95,matched,Bacteria,36,13.58,0.284,3.519
Atopobium,1380,43,290,0.01,0.02,265,32,0.01,0.03,0,0,32,0,32,matched,Bacteria,13,4.91,1.344,0.744
Cyanobium,167375,60,698,0.02,0.05,264,94,0.01,0.09,0,0,94,0,94,matched,Bacteria,50,18.94,0.638,1.567
Thermomicrobiales.U.genus,189776,453,1637,0.16,0.13,264,10,0.01,0.01,0,0,10,0,10,matched,Bacteria,4,1.52,45.3,0.022
Oribacterium,265975,103,251,0.04,0.02,264,24,0.01,0.02,0,0,24,0,24,matched,Bacteria,19,7.2,4.292,0.233
Catenibacterium,135858,87,232,0.03,0.02,264,14,0.01,0.01,0,0,14,0,14,matched,Bacteria,82,31.06,6.214,0.161
Thiolapillus,1608298,6,30,0.0,0.0,264,3,0.01,0.0,0,0,3,0,3,matched,Bacteria,1,0.38,2.0,0.5
Propionibacterium,1743,22,258,0.01,0.02,263,40,0.01,0.04,0,0,40,0,40,matched,Bacteria,170,64.64,0.55,1.818
Massilia,149698,229,1802,0.08,0.14,263,141,0.01,0.14,0,0,141,0,141,matched,Bacteria,165,62.74,1.624,0.616
Isosphaeraceae.U.genus,1763524,264,1221,0.09,0.1,261,27,0.01,0.03,0,0,27,0,27,matched,Bacteria,24,9.2,9.778,0.102
Lentilactobacillus,2767893,7,9,0.0,0.0,260,25,0.01,0.02,0,0,25,0,25,matched,Bacteria,200,76.92,0.28,3.571
Halanaerobiales.U.genus,53433,2,2,0.0,0.0,260,56,0.01,0.05,0,0,56,0,56,matched,Bacteria,58,22.31,0.036,28.0
Melioribacteraceae.U.genus,1334117,3,5,0.0,0.0,260,21,0.01,0.02,0,0,21,0,21,matched,Bacteria,15,5.77,0.143,7.0
Deinococcus,1298,171,503,0.06,0.04,260,133,0.01,0.13,0,0,133,0,133,matched,Bacteria,210,80.77,1.286,0.778
Marinomonas,28253,70,280,0.02,0.02,258,66,0.01,0.06,0,0,66,0,66,matched,Bacteria,92,35.66,1.061,0.943
Frankiales.U.genus,85013,96,430,0.03,0.03,257,96,0.01,0.09,0,0,96,0,96,matched,Bacteria,119,46.3,1.0,1.0
Nitratireductor,245876,54,182,0.02,0.01,257,29,0.01,0.03,0,0,29,0,29,matched,Bacteria,49,19.07,1.862,0.537
Acutalibacter,1918385,1,1,0.0,0.0,257,14,0.01,0.01,0,0,14,0,14,matched,Bacteria,10,3.89,0.071,14.0
Fimbriimonadales.U.genus,1663425,41,92,0.01,0.01,256,7,0.01,0.01,0,0,7,0,7,matched,Bacteria,2,0.78,5.857,0.171
Haloarculaceae.U.genus,1963268,1,3,0.0,0.0,255,129,0.01,0.13,0,0,129,0,129,matched,Archaea,179,70.2,0.008,129.0
Maribacter,252356,58,220,0.02,0.02,254,70,0.01,0.07,0,0,70,0,70,matched,Bacteria,87,34.25,0.829,1.207
Janthinobacterium,29580,76,363,0.03,0.03,252,126,0.01,0.12,0,0,126,0,126,matched,Bacteria,166,65.87,0.603,1.658
Succinivibrio,83770,49,236,0.02,0.02,251,5,0.01,0.0,0,0,5,0,5,matched,Bacteria,7,2.79,9.8,0.102
Pseudonocardia,1847,191,855,0.07,0.07,251,114,0.01,0.11,0,0,114,0,114,matched,Bacteria,160,63.75,1.675,0.597
Micropepsaceae.U.genus,1921568,146,1257,0.05,0.1,251,5,0.01,0.0,0,0,5,0,5,matched,Bacteria,5,1.99,29.2,0.034
Methanomassiliicoccaceae.U.genus,1577788,43,471,0.01,0.04,250,84,0.01,0.08,0,0,84,0,84,matched,Archaea,31,12.4,0.512,1.953
Sphingomicrobium,1227948,5,11,0.0,0.0,250,13,0.01,0.01,0,0,13,0,13,matched,Bacteria,14,5.6,0.385,2.6
Rhodanobacter,75309,106,987,0.04,0.08,249,88,0.01,0.09,0,0,88,0,88,matched,Bacteria,111,44.58,1.205,0.83
Aeromicrobium,2040,30,200,0.01,0.02,247,70,0.01,0.07,0,0,70,0,70,matched,Bacteria,81,32.79,0.429,2.333
Brachybacterium,43668,52,397,0.02,0.03,245,73,0.01,0.07,0,0,73,0,73,matched,Bacteria,165,67.35,0.712,1.404
Oligoflexia.U.genus,1553900,761,2051,0.26,0.16,243,23,0.01,0.02,0,0,23,0,23,matched,Bacteria,15,6.17,33.087,0.03
Leptotrichia,32067,185,699,0.06,0.05,242,24,0.01,0.02,0,0,24,0,24,matched,Bacteria,37,15.29,7.708,0.13
Thermoproteaceae.U.genus,2267,16,32,0.01,0.0,242,49,0.01,0.05,0,0,49,0,49,matched,Archaea,36,14.88,0.327,3.062
Methanosarcina,2207,105,977,0.04,0.08,242,60,0.01,0.06,0,0,60,0,60,matched,Archaea,113,46.69,1.75,0.571
Candidatus Competibacteraceae.U.genus,1400857,86,253,0.03,0.02,240,22,0.01,0.02,0,0,22,0,22,matched,Bacteria,6,2.5,3.909,0.256
Thermoanaerobacterales.U.genus,68295,34,126,0.01,0.01,240,80,0.01,0.08,0,0,80,0,80,matched,Bacteria,97,40.42,0.425,2.353
Dojkabacteria.U.genus,74243,398,1302,0.14,0.1,238,44,0.01,0.04,0,0,44,0,44,matched,Bacteria,2,0.84,9.045,0.111
Romboutsia,1501226,79,588,0.03,0.05,238,23,0.01,0.02,0,0,23,0,23,matched,Bacteria,39,16.39,3.435,0.291
Geobacillus,129337,99,791,0.03,0.06,238,67,0.01,0.07,0,0,67,0,67,matched,Bacteria,234,98.32,1.478,0.677
Algoriphagus,246875,111,1310,0.04,0.1,238,61,0.01,0.06,0,0,61,0,61,matched,Bacteria,76,31.93,1.82,0.55
Cellulomonas,1707,66,848,0.02,0.07,236,114,0.01,0.11,0,0,114,0,114,matched,Bacteria,180,76.27,0.579,1.727
Siccationidurans,89966,4,90,0.0,0.01,235,151,0.01,0.15,0,0,151,0,151,matched,Bacteria,177,75.32,0.026,37.75
Hymenobacter,89966,230,814,0.08,0.06,235,151,0.01,0.15,0,0,151,0,151,matched,Bacteria,177,75.32,1.523,0.657
Lysobacter,68,170,846,0.06,0.07,235,94,0.01,0.09,0,0,94,0,94,matched,Bacteria,132,56.17,1.809,0.553
Parahymenobacter,89966,2,2,0.0,0.0,235,151,0.01,0.15,0,0,151,0,151,matched,Bacteria,177,75.32,0.013,75.5
Rhodobacter,1060,136,921,0.05,0.07,234,31,0.01,0.03,0,0,31,0,31,matched,Bacteria,51,21.79,4.387,0.228
Anaerococcus,165779,153,563,0.05,0.04,233,42,0.01,0.04,0,0,42,0,42,matched,Bacteria,64,27.47,3.643,0.275
Thiobacillus,919,136,664,0.05,0.05,232,27,0.01,0.03,0,0,27,0,27,matched,Bacteria,6,2.59,5.037,0.199
Winogradskyella,286104,72,215,0.03,0.02,232,67,0.01,0.07,0,0,67,0,67,matched,Bacteria,97,41.81,1.075,0.931
Rhodobiaceae.U.genus,119043,6,13,0.0,0.0,228,22,0.01,0.02,0,0,22,0,22,matched,Bacteria,8,3.51,0.273,3.667
Acidilobaceae.U.genus,871007,2,3,0.0,0.0,228,18,0.01,0.02,0,0,18,0,18,matched,Archaea,4,1.75,0.111,9.0
Megamonas,158846,47,185,0.02,0.01,225,10,0.01,0.01,0,0,10,0,10,matched,Bacteria,48,21.33,4.7,0.213
Actinotignum,1653174,5,21,0.0,0.0,225,13,0.01,0.01,0,0,13,0,13,matched,Bacteria,208,92.44,0.385,2.6
Mitsuokella,52225,17,94,0.01,0.01,224,10,0.01,0.01,0,0,10,0,10,matched,Bacteria,26,11.61,1.7,0.588
Methanobacterium,2160,103,1186,0.04,0.09,224,83,0.01,0.08,0,0,83,0,83,matched,Archaea,36,16.07,1.241,0.806
Peptoniphilus,162289,105,239,0.04,0.02,223,46,0.01,0.04,0,0,46,0,46,matched,Bacteria,78,34.98,2.283,0.438
Pelagicola,573139,4,4,0.0,0.0,222,30,0.01,0.03,0,0,30,0,30,matched,Bacteria,190,85.59,0.133,7.5
Shimia,573139,9,29,0.0,0.0,222,30,0.01,0.03,0,0,30,0,30,matched,Bacteria,190,85.59,0.3,3.333
Trueperella,1069494,14,40,0.0,0.0,221,13,0.01,0.01,0,0,13,0,13,matched,Bacteria,196,88.69,1.077,0.929
Vagococcus,2737,24,69,0.01,0.01,220,32,0.01,0.03,0,0,32,0,32,matched,Bacteria,179,81.36,0.75,1.333
Entomoplasmatales.U.genus,186328,202,604,0.07,0.05,219,142,0.01,0.14,0,0,142,0,142,matched,Bacteria,192,87.67,1.423,0.703
Sinobacteraceae.U.genus,568386,3,12,0.0,0.0,218,41,0.01,0.04,0,0,41,0,41,matched,Bacteria,28,12.84,0.073,13.667
Liberibacter,34019,1,6,0.0,0.0,217,11,0.01,0.01,0,0,11,0,11,matched,Bacteria,203,93.55,0.091,11.0
Acidiferrobacteraceae.U.genus,1692041,23,56,0.01,0.0,217,10,0.01,0.01,0,0,10,0,10,matched,Bacteria,5,2.3,2.3,0.435
Solibacteraceae.U.genus,332161,415,2187,0.14,0.17,216,13,0.01,0.01,0,0,13,0,13,matched,Bacteria,4,1.85,31.923,0.031
Xenorhabdus,626,36,157,0.01,0.01,216,51,0.01,0.05,0,0,51,0,51,matched,Bacteria,215,99.54,0.706,1.417
Ferrovum,416212,29,155,0.01,0.01,214,8,0.01,0.01,0,0,8,0,8,matched,Bacteria,5,2.34,3.625,0.276
Natrialbaceae.U.genus,1644061,3,8,0.0,0.0,213,155,0.01,0.15,0,0,155,0,155,matched,Archaea,182,85.45,0.019,51.667
Apilactobacillus,2767877,6,9,0.0,0.0,212,17,0.01,0.02,0,0,17,0,17,matched,Bacteria,207,97.64,0.353,2.833
Slackia,84108,26,101,0.01,0.01,211,11,0.01,0.01,0,0,11,0,11,matched,Bacteria,26,12.32,2.364,0.423
Avibacterium,292486,5,32,0.0,0.0,210,14,0.01,0.01,0,0,14,0,14,matched,Bacteria,209,99.52,0.357,2.8
Glutamicibacter,1742989,45,158,0.02,0.01,210,62,0.01,0.06,0,0,62,0,62,matched,Bacteria,139,66.19,0.726,1.378
Dermatophilaceae.U.genus,85018,54,78,0.02,0.01,210,22,0.01,0.02,0,0,22,0,22,matched,Bacteria,58,27.62,2.455,0.407
Thermococcus,2263,40,322,0.01,0.03,210,70,0.01,0.07,0,0,70,0,70,matched,Archaea,77,36.67,0.571,1.75
Rhizomicrobium,1241326,8,137,0.0,0.01,209,4,0.01,0.0,0,0,4,0,4,matched,Bacteria,5,2.39,2.0,0.5
Methanoregula,395331,88,876,0.03,0.07,209,21,0.01,0.02,0,0,21,0,21,matched,Archaea,2,0.96,4.19,0.239
Methyloceanibacter,1484898,19,184,0.01,0.01,207,8,0.01,0.01,0,0,8,0,8,matched,Bacteria,6,2.9,2.375,0.421
Ktedonobacteraceae.U.genus,388449,777,1859,0.27,0.14,207,16,0.01,0.02,0,0,16,0,16,matched,Bacteria,5,2.42,48.562,0.021
uncultured_cyanobacterium.Chloroplast,1211,3,6,0.0,0.0,206,1,0.01,0.0,0,1,0,0,1,matched,Bacteria,0,0.0,3.0,0.333
Micavibrio,213485,1,3,0.0,0.0,205,42,0.01,0.04,0,0,42,0,42,matched,Bacteria,3,1.46,0.024,42.0
Colwellia,28228,173,693,0.06,0.05,203,88,0.01,0.09,0,0,88,0,88,matched,Bacteria,92,45.32,1.966,0.509
Nonlabens,363408,23,158,0.01,0.01,202,24,0.01,0.02,0,0,24,0,24,matched,Bacteria,35,17.33,0.958,1.043
Marinilabiliaceae.U.genus,558415,318,929,0.11,0.07,202,59,0.01,0.06,0,0,59,0,59,matched,Bacteria,52,25.74,5.39,0.186
Chthonomonadales.U.genus,1077263,142,406,0.05,0.03,201,26,0.01,0.03,0,0,26,0,26,matched,Bacteria,4,1.99,5.462,0.183
Nocardiopsis,2013,70,346,0.02,0.03,201,103,0.01,0.1,0,0,103,0,103,matched,Bacteria,189,94.03,0.68,1.471
Thermus,270,77,852,0.03,0.07,200,39,0.01,0.04,0,0,39,0,39,matched,Bacteria,149,74.5,1.974,0.506
Pseudarthrobacter,1742993,80,292,0.03,0.02,200,114,0.01,0.11,0,0,114,0,114,matched,Bacteria,182,91.0,0.702,1.425
Methanoculleus,45989,72,370,0.03,0.03,199,52,0.01,0.05,0,0,52,0,52,matched,Archaea,32,16.08,1.385,0.722
Pseudanabaena,1152,37,459,0.01,0.04,199,68,0.01,0.07,0,0,68,0,68,matched,Bacteria,23,11.56,0.544,1.838
Roseomonas,125216,192,1288,0.07,0.1,199,50,0.01,0.05,0,0,50,0,50,matched,Bacteria,104,52.26,3.84,0.26
Gluconobacter,441,12,156,0.0,0.01,196,42,0.01,0.04,0,0,42,0,42,matched,Bacteria,154,78.57,0.286,3.5
Desulfocapsaceae.U.genus,2886822,359,948,0.12,0.07,195,29,0.01,0.03,0,0,29,0,29,matched,Bacteria,27,13.85,12.379,0.081
Roseibium,150830,4,6,0.0,0.0,195,37,0.01,0.04,0,0,37,0,37,matched,Bacteria,64,32.82,0.108,9.25
Actinomadura,1988,86,312,0.03,0.02,195,120,0.01,0.12,0,0,120,0,120,matched,Bacteria,186,95.38,0.717,1.395
Kluyvera,579,10,20,0.0,0.0,195,23,0.01,0.02,0,0,23,0,23,matched,Bacteria,164,84.1,0.435,2.3
Spongiibacteraceae.U.genus,1706375,125,497,0.04,0.04,194,39,0.01,0.04,0,0,39,0,39,matched,Bacteria,37,19.07,3.205,0.312
Caulobacter,75,75,656,0.03,0.05,194,78,0.01,0.08,0,0,78,0,78,matched,Bacteria,96,49.48,0.962,1.04
Gemmatimonas,173479,432,2040,0.15,0.16,193,13,0.01,0.01,0,0,13,0,13,matched,Bacteria,4,2.07,33.231,0.03
Rhodoluna,529883,9,380,0.0,0.03,192,6,0.01,0.01,0,0,6,0,6,matched,Bacteria,7,3.65,1.5,0.667
Syntrophobacteraceae.U.genus,213465,40,151,0.01,0.01,191,23,0.01,0.02,0,0,23,0,23,matched,Bacteria,10,5.24,1.739,0.575
Photorhabdus,29487,45,196,0.02,0.02,191,47,0.01,0.05,0,0,47,0,47,matched,Bacteria,191,100.0,0.957,1.044
Empedobacter,59734,21,126,0.01,0.01,191,45,0.01,0.04,0,0,45,0,45,matched,Bacteria,100,52.36,0.467,2.143
Peptostreptococcus,1257,38,145,0.01,0.01,190,11,0.01,0.01,0,0,11,0,11,matched,Bacteria,47,24.74,3.455,0.289
Ramlibacter,174951,66,416,0.02,0.03,190,33,0.01,0.03,0,0,33,0,33,matched,Bacteria,37,19.47,2.0,0.5
Paucibacter,93681,17,177,0.01,0.01,189,97,0.01,0.09,0,0,97,0,97,matched,Bacteria,114,60.32,0.175,5.706
Pelomonas,93681,26,68,0.01,0.01,189,97,0.01,0.09,0,0,97,0,97,matched,Bacteria,114,60.32,0.268,3.731
Sedimenticola,349742,58,171,0.02,0.01,189,14,0.01,0.01,0,0,14,0,14,matched,Bacteria,5,2.65,4.143,0.241
Kinneretia,93681,2,9,0.0,0.0,189,97,0.01,0.09,0,0,97,0,97,matched,Bacteria,114,60.32,0.021,48.5
Mitsuaria,93681,10,80,0.0,0.01,189,97,0.01,0.09,0,0,97,0,97,matched,Bacteria,114,60.32,0.103,9.7
Roseateles,93681,4,39,0.0,0.0,189,97,0.01,0.09,0,0,97,0,97,matched,Bacteria,114,60.32,0.041,24.25
Cardiobacteriales.U.genus,135615,3,8,0.0,0.0,188,36,0.01,0.04,0,0,36,0,36,matched,Bacteria,74,39.36,0.083,12.0
Rikenella,28138,38,45,0.01,0.0,188,4,0.01,0.0,0,0,4,0,4,matched,Bacteria,2,1.06,9.5,0.105
Ornithobacterium,28250,11,46,0.0,0.0,187,2,0.01,0.0,0,0,2,0,2,matched,Bacteria,184,98.4,5.5,0.182
Qipengyuania,1855416,2,21,0.0,0.0,187,59,0.01,0.06,0,0,59,0,59,matched,Bacteria,91,48.66,0.034,29.5
Tannerella,195950,63,130,0.02,0.01,187,10,0.01,0.01,0,0,10,0,10,matched,Bacteria,26,13.9,6.3,0.159
uncultured_Rickettsiales_bacterium.Mitochondria,219660,6,11,0.0,0.0,187,1,0.01,0.0,0,1,0,0,1,matched,Bacteria,0,0.0,6.0,0.167
Rathayibacter,33886,8,37,0.0,0.0,185,102,0.01,0.1,0,0,102,0,102,matched,Bacteria,184,99.46,0.078,12.75
Thauera,33057,98,347,0.03,0.03,183,34,0.01,0.03,0,0,34,0,34,matched,Bacteria,46,25.14,2.882,0.347
Halorubrum,56688,132,645,0.05,0.05,183,98,0.01,0.1,0,0,98,0,98,matched,Archaea,171,93.44,1.347,0.742
Coprobacillus,100883,4,33,0.0,0.0,182,56,0.01,0.05,0,0,56,0,56,matched,Bacteria,67,36.81,0.071,14.0
Leucobacter,55968,100,337,0.03,0.03,182,97,0.01,0.09,0,0,97,0,97,matched,Bacteria,124,68.13,1.031,0.97
Cetobacterium,180162,35,189,0.01,0.01,182,14,0.01,0.01,0,0,14,0,14,matched,Bacteria,24,13.19,2.5,0.4
Frankiaceae.U.genus,74712,1,1,0.0,0.0,181,92,0.01,0.09,0,0,92,0,92,matched,Bacteria,118,65.19,0.011,92.0
Draconibacterium,1471399,78,232,0.03,0.02,181,8,0.01,0.01,0,0,8,0,8,matched,Bacteria,8,4.42,9.75,0.103
Lentimicrobiaceae.U.genus,1840213,277,1366,0.1,0.11,180,7,0.01,0.01,0,0,7,0,7,matched,Bacteria,3,1.67,39.571,0.025
Alcaligenes,507,99,629,0.03,0.05,179,32,0.01,0.03,0,0,32,0,32,matched,Bacteria,130,72.63,3.094,0.323
Pandoraea,93217,13,212,0.0,0.02,179,46,0.01,0.04,0,0,46,0,46,matched,Bacteria,162,90.5,0.283,3.538
Bdellovibrio,958,457,962,0.16,0.07,178,32,0.01,0.03,0,0,32,0,32,matched,Bacteria,50,28.09,14.281,0.07
Paraclostridium,1849822,21,84,0.01,0.01,177,12,0.01,0.01,0,0,12,0,12,matched,Bacteria,133,75.14,1.75,0.571
Nitrososphaera,497726,4,123,0.0,0.01,177,14,0.01,0.01,0,0,14,0,14,matched,Archaea,7,3.95,0.286,3.5
Hafnia,568,6,186,0.0,0.01,177,7,0.01,0.01,0,0,7,0,7,matched,Bacteria,118,66.67,0.857,1.167
Succinatimonas,674963,5,12,0.0,0.0,176,19,0.01,0.02,0,0,19,0,19,matched,Bacteria,4,2.27,0.263,3.8
Myroides,76831,33,335,0.01,0.03,176,40,0.01,0.04,0,0,40,0,40,matched,Bacteria,159,90.34,0.825,1.212
Gemella,1378,151,597,0.05,0.05,175,25,0.01,0.02,0,0,25,0,25,matched,Bacteria,62,35.43,6.04,0.166
Sphaerochaeta,399320,203,981,0.07,0.08,175,21,0.01,0.02,0,0,21,0,21,matched,Bacteria,8,4.57,9.667,0.103
Thalassospira,168934,51,247,0.02,0.02,175,51,0.01,0.05,0,0,51,0,51,matched,Bacteria,76,43.43,1.0,1.0
Luteimonas,83614,103,449,0.04,0.03,174,92,0.01,0.09,0,0,92,0,92,matched,Bacteria,105,60.34,1.12,0.893
Flammeovirgaceae.U.genus,200667,20,29,0.01,0.0,174,60,0.01,0.06,0,0,60,0,60,matched,Bacteria,29,16.67,0.333,3.0
Gallionella,96,95,450,0.03,0.04,174,9,0.01,0.01,0,0,9,0,9,matched,Bacteria,1,0.57,10.556,0.095
Methylobacter,429,54,713,0.02,0.06,173,23,0.01,0.02,0,0,23,0,23,matched,Bacteria,24,13.87,2.348,0.426
Eisenbergiella,1432051,43,63,0.01,0.0,172,15,0.01,0.01,0,0,15,0,15,matched,Bacteria,20,11.63,2.867,0.349
Dietzia,37914,40,187,0.01,0.01,171,57,0.01,0.06,0,0,57,0,57,matched,Bacteria,131,76.61,0.702,1.425
Geminicoccaceae.U.genus,2066434,155,757,0.05,0.06,170,17,0.01,0.02,0,0,17,0,17,matched,Bacteria,34,20.0,9.118,0.11
Paenarthrobacter,1742992,15,49,0.01,0.0,170,80,0.01,0.08,0,0,80,0,80,matched,Bacteria,160,94.12,0.188,5.333
Paludibacter,346096,160,760,0.06,0.06,170,11,0.01,0.01,0,0,11,0,11,matched,Bacteria,3,1.76,14.545,0.069
Tetragenococcus,51668,6,53,0.0,0.0,169,8,0.01,0.01,0,0,8,0,8,matched,Bacteria,110,65.09,0.75,1.333
Actinoplanes,1865,59,504,0.02,0.04,168,100,0.01,0.1,0,0,100,0,100,matched,Bacteria,140,83.33,0.59,1.695
Thermoanaerobacteraceae.U.genus,186814,2,2,0.0,0.0,168,59,0.01,0.06,0,0,59,0,59,matched,Bacteria,89,52.98,0.034,29.5
Fimbriimonadaceae.U.genus,1663426,295,1185,0.1,0.09,168,5,0.01,0.0,0,0,5,0,5,matched,Bacteria,2,1.19,59.0,0.017
Parvularculaceae.U.genus,255474,8,17,0.0,0.0,168,26,0.01,0.03,0,0,26,0,26,matched,Bacteria,24,14.29,0.308,3.25
Aquimarina,290174,34,80,0.01,0.01,168,59,0.01,0.06,0,0,59,0,59,matched,Bacteria,87,51.79,0.576,1.735
Elusimicrobium,423604,28,92,0.01,0.01,167,5,0.01,0.0,0,0,5,0,5,matched,Bacteria,3,1.8,5.6,0.179
Rahnella,34037,24,83,0.01,0.01,167,43,0.01,0.04,0,0,43,0,43,matched,Bacteria,141,84.43,0.558,1.792
Anaerolinea,233189,168,566,0.06,0.04,166,6,0.01,0.01,0,0,6,0,6,matched,Bacteria,2,1.2,28.0,0.036
Melissococcus,33969,1,22,0.0,0.0,166,2,0.01,0.0,0,0,2,0,2,matched,Bacteria,164,98.8,0.5,2.0
Lentilitoribacter,1649463,4,11,0.0,0.0,166,3,0.01,0.0,0,0,3,0,3,matched,Bacteria,2,1.2,1.333,0.75
Thiomonas,32012,19,96,0.01,0.01,165,24,0.01,0.02,0,0,24,0,24,matched,Bacteria,18,10.91,0.792,1.263
Candidatus Izemoplasmatales.U.genus,2975519,150,696,0.05,0.05,165,15,0.01,0.01,0,0,15,0,15,matched,Bacteria,8,4.85,10.0,0.1
Methylophaga,40222,58,362,0.02,0.03,165,54,0.01,0.05,0,0,54,0,54,matched,Bacteria,20,12.12,1.074,0.931
Caballeronia,1827195,11,230,0.0,0.02,164,122,0.01,0.12,0,0,122,0,122,matched,Bacteria,149,90.85,0.09,11.091
Agromyces,33877,76,291,0.03,0.02,164,100,0.01,0.1,0,0,100,0,100,matched,Bacteria,141,85.98,0.76,1.316
Candidatus Saccharimonadaceae.U.genus,2171986,242,1098,0.08,0.09,163,10,0.01,0.01,0,0,10,0,10,matched,Bacteria,4,2.45,24.2,0.041
Sphingorhabdus,1434046,39,730,0.01,0.06,163,18,0.01,0.02,0,0,18,0,18,matched,Bacteria,17,10.43,2.167,0.462
Cryobacterium,69578,12,163,0.0,0.01,163,124,0.01,0.12,0,0,124,0,124,matched,Bacteria,137,84.05,0.097,10.333
Aliivibrio,511678,13,117,0.0,0.01,163,26,0.01,0.03,0,0,26,0,26,matched,Bacteria,157,96.32,0.5,2.0
Kineosporiaceae.U.genus,83778,11,59,0.0,0.0,163,73,0.01,0.07,0,0,73,0,73,matched,Bacteria,109,66.87,0.151,6.636
Spiroplasma,2132,48,228,0.02,0.02,162,118,0.01,0.12,0,0,118,0,118,matched,Bacteria,142,87.65,0.407,2.458
Idiomarina,135575,72,327,0.03,0.03,161,55,0.01,0.05,0,0,55,0,55,matched,Bacteria,57,35.4,1.309,0.764
Senegalimassilia,1473205,13,68,0.0,0.01,161,4,0.01,0.0,0,0,4,0,4,matched,Bacteria,4,2.48,3.25,0.308
Arcobacter,28196,49,485,0.02,0.04,161,52,0.01,0.05,0,0,52,0,52,matched,Bacteria,55,34.16,0.942,1.061
Ottowia,219181,41,146,0.01,0.01,160,14,0.01,0.01,0,0,14,0,14,matched,Bacteria,22,13.75,2.929,0.341
Proteiniphilum,294702,124,513,0.04,0.04,159,49,0.01,0.05,0,0,49,0,49,matched,Bacteria,4,2.52,2.531,0.395
Aurantimonadaceae.U.genus,255475,1,1,0.0,0.0,158,90,0.01,0.09,0,0,90,0,90,matched,Bacteria,117,74.05,0.011,90.0
Microvirga,186650,78,400,0.03,0.03,157,65,0.01,0.06,0,0,65,0,65,matched,Bacteria,79,50.32,1.2,0.833
Chloroflexaceae.U.genus,1106,137,436,0.05,0.03,156,11,0.01,0.01,0,0,11,0,11,matched,Bacteria,6,3.85,12.455,0.08
Ensifer,106591,41,65,0.01,0.01,155,79,0.01,0.08,0,0,79,0,79,matched,Bacteria,128,82.58,0.519,1.927
Bulleidia,118747,3,5,0.0,0.0,153,8,0.01,0.01,0,0,8,0,8,matched,Bacteria,8,5.23,0.375,2.667
Finegoldia,150022,50,226,0.02,0.02,153,13,0.01,0.01,0,0,13,0,13,matched,Bacteria,10,6.54,3.846,0.26
Acidimicrobium,53634,5,14,0.0,0.0,152,13,0.01,0.01,0,0,13,0,13,matched,Bacteria,3,1.97,0.385,2.6
Pseudoflavonifractor,1017280,2,9,0.0,0.0,152,38,0.01,0.04,0,0,38,0,38,matched,Bacteria,50,32.89,0.053,19.0
Liquorilactobacillus,2767888,7,8,0.0,0.0,151,14,0.01,0.01,0,0,14,0,14,matched,Bacteria,42,27.81,0.5,2.0
Atlantibacter,1903434,5,10,0.0,0.0,151,5,0.01,0.0,0,0,5,0,5,matched,Bacteria,51,33.77,1.0,1.0
Glaciecola,89404,42,223,0.01,0.02,151,21,0.01,0.02,0,0,21,0,21,matched,Bacteria,17,11.26,2.0,0.5
Thalassolituus,187492,7,65,0.0,0.01,150,38,0.01,0.04,0,0,38,0,38,matched,Bacteria,16,10.67,0.184,5.429
Oleibacter,187492,25,70,0.01,0.01,150,38,0.01,0.04,0,0,38,0,38,matched,Bacteria,16,10.67,0.658,1.52
Sporosarcina,1569,76,386,0.03,0.03,150,101,0.01,0.1,0,0,101,0,101,matched,Bacteria,124,82.67,0.752,1.329
Cellulosimicrobium,157920,25,119,0.01,0.01,150,39,0.01,0.04,0,0,39,0,39,matched,Bacteria,106,70.67,0.641,1.56
Chromobacterium,535,20,144,0.01,0.01,149,32,0.01,0.03,0,0,32,0,32,matched,Bacteria,147,98.66,0.625,1.6
Yoonia,2211641,7,41,0.0,0.0,148,28,0.0,0.03,0,0,28,0,28,matched,Bacteria,38,25.68,0.25,4.0
Herbaspirillum,963,48,293,0.02,0.02,148,58,0.0,0.06,0,0,58,0,58,matched,Bacteria,104,70.27,0.828,1.208
Desulfuromonadaceae.U.genus,213421,36,156,0.01,0.01,148,28,0.0,0.03,0,0,28,0,28,matched,Bacteria,15,10.14,1.286,0.778
Kosakonia,1330547,26,373,0.01,0.03,148,41,0.0,0.04,0,0,41,0,41,matched,Bacteria,124,83.78,0.634,1.577
Opitutus,178440,137,1548,0.05,0.12,147,5,0.0,0.0,0,0,5,0,5,matched,Bacteria,3,2.04,27.4,0.036
Candidatus Babeliales.U.genus,2497644,1128,2661,0.39,0.21,147,9,0.0,0.01,0,0,9,0,9,matched,Bacteria,3,2.04,125.333,0.008
Granulicatella,117563,62,467,0.02,0.04,146,19,0.0,0.02,0,0,19,0,19,matched,Bacteria,31,21.23,3.263,0.306
Coleofasciculaceae.U.genus,1892251,19,53,0.01,0.0,146,101,0.0,0.1,0,0,101,0,101,matched,Bacteria,29,19.86,0.188,5.316
Halobacteriaceae.U.genus,2236,35,129,0.01,0.01,146,44,0.0,0.04,0,0,44,0,44,matched,Archaea,83,56.85,0.795,1.257
Pirellula,123,418,1770,0.15,0.14,146,4,0.0,0.0,0,0,4,0,4,matched,Bacteria,2,1.37,104.5,0.01
Hydrogenothermaceae.U.genus,224027,3,17,0.0,0.0,145,15,0.0,0.01,0,0,15,0,15,matched,Bacteria,13,8.97,0.2,5.0
Companilactobacillus,2767879,5,8,0.0,0.0,145,46,0.0,0.04,0,0,46,0,46,matched,Bacteria,117,80.69,0.109,9.2
Atribacteria.U.genus,2847774,8,110,0.0,0.01,144,26,0.0,0.03,0,0,26,0,26,matched,Bacteria,7,4.86,0.308,3.25
Roseiflexaceae.U.genus,1508635,293,1355,0.1,0.11,143,13,0.0,0.01,0,0,13,0,13,matched,Bacteria,4,2.8,22.538,0.044
Snodgrassella,1193515,3,35,0.0,0.0,143,26,0.0,0.03,0,0,26,0,26,matched,Bacteria,117,81.82,0.115,8.667
Schaalia,2529408,16,219,0.01,0.02,143,25,0.0,0.02,0,0,25,0,25,matched,Bacteria,60,41.96,0.64,1.562
Kribbella,182639,33,294,0.01,0.02,142,115,0.0,0.11,0,0,115,0,115,matched,Bacteria,128,90.14,0.287,3.485
Tepidisphaerales.U.genus,1771349,870,2540,0.3,0.2,142,8,0.0,0.01,0,0,8,0,8,matched,Bacteria,2,1.41,108.75,0.009
Thioalkalivibrio,106633,23,72,0.01,0.01,142,75,0.0,0.07,0,0,75,0,75,matched,Bacteria,77,54.23,0.307,3.261
Kosmotogaceae.U.genus,1643948,6,32,0.0,0.0,142,32,0.0,0.03,0,0,32,0,32,matched,Bacteria,23,16.2,0.188,5.333
Candidatus Methanomethylicia.U.genus,3415498,27,244,0.01,0.02,140,15,0.0,0.01,0,0,15,0,15,matched,Archaea,0,0.0,1.8,0.556
Luteolibacter,518753,221,1928,0.08,0.15,140,16,0.0,0.02,0,0,16,0,16,matched,Bacteria,16,11.43,13.812,0.072
Virgibacillus,84406,92,237,0.03,0.02,140,59,0.0,0.06,0,0,59,0,59,matched,Bacteria,128,91.43,1.559,0.641
Reyranellaceae.U.genus,2844375,34,142,0.01,0.01,139,9,0.0,0.01,0,0,9,0,9,matched,Bacteria,5,3.6,3.778,0.265
Hadesarchaea.U.genus,1775750,223,671,0.08,0.05,138,11,0.0,0.01,0,0,11,0,11,matched,Archaea,8,5.8,20.273,0.049
Dechloromonas,73029,77,454,0.03,0.04,138,22,0.0,0.02,0,0,22,0,22,matched,Bacteria,17,12.32,3.5,0.286
Aquabacterium,92793,107,486,0.04,0.04,138,20,0.0,0.02,0,0,20,0,20,matched,Bacteria,15,10.87,5.35,0.187
Pontimonas,1434032,1,27,0.0,0.0,138,3,0.0,0.0,0,0,3,0,3,matched,Bacteria,17,12.32,0.333,3.0
Anaerovibrio,82373,35,119,0.01,0.01,137,6,0.0,0.01,0,0,6,0,6,matched,Bacteria,7,5.11,5.833,0.171
Puniceicoccaceae.U.genus,415002,236,1072,0.08,0.08,137,10,0.0,0.01,0,0,10,0,10,matched,Bacteria,9,6.57,23.6,0.042
Mogibacterium,86331,105,374,0.04,0.03,136,8,0.0,0.01,0,0,8,0,8,matched,Bacteria,7,5.15,13.125,0.076
Plesiomonas,702,24,145,0.01,0.01,136,5,0.0,0.0,0,0,5,0,5,matched,Bacteria,58,42.65,4.8,0.208
Geobacter,28231,153,940,0.05,0.07,135,34,0.0,0.03,0,0,34,0,34,matched,Bacteria,27,20.0,4.5,0.222
Microbulbifer,48073,25,135,0.01,0.01,135,95,0.0,0.09,0,0,95,0,95,matched,Bacteria,126,93.33,0.263,3.8
Leifsonia,110932,29,198,0.01,0.02,134,76,0.0,0.07,0,0,76,0,76,matched,Bacteria,99,73.88,0.382,2.621
Sulfuricurvum,286130,84,438,0.03,0.03,133,21,0.0,0.02,0,0,21,0,21,matched,Bacteria,2,1.5,4.0,0.25
Ureaplasma,2129,22,128,0.01,0.01,133,13,0.0,0.01,0,0,13,0,13,matched,Bacteria,55,41.35,1.692,0.591
Streptosporangium,2000,18,126,0.01,0.01,132,79,0.0,0.08,0,0,79,0,79,matched,Bacteria,131,99.24,0.228,4.389
Aequorivita,153265,35,72,0.01,0.01,132,45,0.0,0.04,0,0,45,0,45,matched,Bacteria,37,28.03,0.778,1.286
Nitriliruptoraceae.U.genus,596498,57,192,0.02,0.01,131,5,0.0,0.0,0,0,5,0,5,matched,Bacteria,2,1.53,11.4,0.088
Thermomonas,141948,55,262,0.02,0.02,131,17,0.0,0.02,0,0,17,0,17,matched,Bacteria,22,16.79,3.235,0.309
Rheinheimera,67575,77,478,0.03,0.04,130,41,0.0,0.04,0,0,41,0,41,matched,Bacteria,59,45.38,1.878,0.532
Pararheinheimera,67575,4,19,0.0,0.0,130,41,0.0,0.04,0,0,41,0,41,matched,Bacteria,59,45.38,0.098,10.25
Granulicella,940557,71,801,0.02,0.06,130,23,0.0,0.02,0,0,23,0,23,matched,Bacteria,21,16.15,3.087,0.324
Halioglobus,1217416,105,416,0.04,0.03,130,6,0.0,0.01,0,0,6,0,6,matched,Bacteria,8,6.15,17.5,0.057
Gallibacterium,155493,8,40,0.0,0.0,130,10,0.0,0.01,0,0,10,0,10,matched,Bacteria,125,96.15,0.8,1.25
Acidiphilium,522,118,248,0.04,0.02,130,25,0.0,0.02,0,0,25,0,25,matched,Bacteria,18,13.85,4.72,0.212
Kaistella,2782231,1,1,0.0,0.0,129,28,0.0,0.03,0,0,28,0,28,matched,Bacteria,38,29.46,0.036,28.0
Methylocystis,133,29,270,0.01,0.02,128,32,0.0,0.03,0,0,32,0,32,matched,Bacteria,42,32.81,0.906,1.103
Smithella,182623,89,687,0.03,0.05,127,15,0.0,0.01,0,0,15,0,15,matched,Bacteria,4,3.15,5.933,0.169
Reyranella,445219,76,1632,0.03,0.13,127,7,0.0,0.01,0,0,7,0,7,matched,Bacteria,5,3.94,10.857,0.092
Giesbergeria,352449,4,15,0.0,0.0,127,6,0.0,0.01,0,0,6,0,6,matched,Bacteria,4,3.15,0.667,1.5
Spirosoma,107,100,247,0.03,0.02,126,57,0.0,0.06,0,0,57,0,57,matched,Bacteria,59,46.83,1.754,0.57
Ilumatobacter,682522,66,761,0.02,0.06,126,8,0.0,0.01,0,0,8,0,8,matched,Bacteria,5,3.97,8.25,0.121
Parvibaculum,256616,29,157,0.01,0.01,125,6,0.0,0.01,0,0,6,0,6,matched,Bacteria,5,4.0,4.833,0.207
Azonexus,146936,13,53,0.0,0.0,125,8,0.0,0.01,0,0,8,0,8,matched,Bacteria,10,8.0,1.625,0.615
Alicyclobacillaceae.U.genus,186823,3,3,0.0,0.0,125,55,0.0,0.05,0,0,55,0,55,matched,Bacteria,90,72.0,0.055,18.333
Salipiger,263377,5,23,0.0,0.0,125,21,0.0,0.02,0,0,21,0,21,matched,Bacteria,37,29.6,0.238,4.2
Arenimonas,490567,170,928,0.06,0.07,123,18,0.0,0.02,0,0,18,0,18,matched,Bacteria,17,13.82,9.444,0.106
Rhizobacter,212743,54,587,0.02,0.05,123,17,0.0,0.02,0,0,17,0,17,matched,Bacteria,15,12.2,3.176,0.315
Blastococcus,38501,54,387,0.02,0.03,123,67,0.0,0.07,0,0,67,0,67,matched,Bacteria,71,57.72,0.806,1.241
Ignisphaera,334767,47,168,0.02,0.01,123,4,0.0,0.0,0,0,4,0,4,matched,Archaea,2,1.63,11.75,0.085
Paraglaciecola,1621534,29,187,0.01,0.01,122,20,0.0,0.02,0,0,20,0,20,matched,Bacteria,32,26.23,1.45,0.69
Lonsdalea,1082702,4,26,0.0,0.0,122,4,0.0,0.0,0,0,4,0,4,matched,Bacteria,121,99.18,1.0,1.0
Pseudobutyrivibrio,46205,38,117,0.01,0.01,122,22,0.0,0.02,0,0,22,0,22,matched,Bacteria,23,18.85,1.727,0.579
Gordonibacter,644652,13,51,0.0,0.0,121,14,0.0,0.01,0,0,14,0,14,matched,Bacteria,36,29.75,0.929,1.077
Terrimicrobiaceae.U.genus,2762316,23,258,0.01,0.02,121,3,0.0,0.0,0,0,3,0,3,matched,Bacteria,1,0.83,7.667,0.13
Nitrospina,35800,194,828,0.07,0.06,120,11,0.0,0.01,0,0,11,0,11,matched,Bacteria,7,5.83,17.636,0.057
Dyella,231454,35,296,0.01,0.02,120,64,0.0,0.06,0,0,64,0,64,matched,Bacteria,93,77.5,0.547,1.829
Desulfurellales.U.genus,213113,7,10,0.0,0.0,120,16,0.0,0.02,0,0,16,0,16,matched,Bacteria,8,6.67,0.438,2.286
Jeotgalibaca,1470540,8,62,0.0,0.0,120,11,0.0,0.01,0,0,11,0,11,matched,Bacteria,13,10.83,0.727,1.375
Ferroplasmaceae.U.genus,90142,14,29,0.0,0.0,120,10,0.0,0.01,0,0,10,0,10,matched,Archaea,9,7.5,1.4,0.714
Intestinimonas,1392389,41,65,0.01,0.01,119,18,0.0,0.02,0,0,18,0,18,matched,Bacteria,49,41.18,2.278,0.439
Candidatus Obscuribacterales.U.genus,1906152,144,521,0.05,0.04,119,5,0.0,0.0,0,0,5,0,5,matched,Bacteria,0,0.0,28.8,0.035
Candidatus Micrarchaeales.U.genus,2885734,604,2043,0.21,0.16,119,6,0.0,0.01,0,0,6,0,6,matched,Archaea,1,0.84,100.667,0.01
Limnochordia.U.genus,1676648,166,489,0.06,0.04,119,7,0.0,0.01,0,0,7,0,7,matched,Bacteria,3,2.52,23.714,0.042
Desulfobulbus,893,150,599,0.05,0.05,118,14,0.0,0.01,0,0,14,0,14,matched,Bacteria,13,11.02,10.714,0.093
Tateyamaria,299261,15,61,0.01,0.0,118,11,0.0,0.01,0,0,11,0,11,matched,Bacteria,13,11.02,1.364,0.733
Chloracidobacterium,458032,11,127,0.0,0.01,118,14,0.0,0.01,0,0,14,0,14,matched,Bacteria,11,9.32,0.786,1.273
Intestinibacter,1505657,8,377,0.0,0.03,117,4,0.0,0.0,0,0,4,0,4,matched,Bacteria,33,28.21,2.0,0.5
Saccharolobus,2100760,12,87,0.0,0.01,117,7,0.0,0.01,0,0,7,0,7,matched,Archaea,47,40.17,1.714,0.583
Lutibacter,358023,53,272,0.02,0.02,117,21,0.0,0.02,0,0,21,0,21,matched,Bacteria,19,16.24,2.524,0.396
Syntrophomonas,862,152,447,0.05,0.03,117,47,0.0,0.05,0,0,47,0,47,matched,Bacteria,13,11.11,3.234,0.309
Desulfosarcinaceae.U.genus,3031624,696,2829,0.24,0.22,116,20,0.0,0.02,0,0,20,0,20,matched,Bacteria,31,26.72,34.8,0.029
Mesotoga,1184396,22,232,0.01,0.02,116,24,0.0,0.02,0,0,24,0,24,matched,Bacteria,19,16.38,0.917,1.091
Muricauda,111500,63,244,0.02,0.02,115,40,0.0,0.04,0,0,40,0,40,matched,Bacteria,34,29.57,1.575,0.635
Dysgonomonas,156973,115,227,0.04,0.02,115,38,0.0,0.04,0,0,38,0,38,matched,Bacteria,40,34.78,3.026,0.33
Prosthecobacter,48463,51,510,0.02,0.04,115,9,0.0,0.01,0,0,9,0,9,matched,Bacteria,7,6.09,5.667,0.176
Oceanobacillus,182709,67,260,0.02,0.02,115,65,0.0,0.06,0,0,65,0,65,matched,Bacteria,109,94.78,1.031,0.97
Candidatus Nitrosocaldaceae.U.genus,1968910,22,100,0.01,0.01,115,8,0.0,0.01,0,0,8,0,8,matched,Archaea,2,1.74,2.75,0.364
Archangiaceae.U.genus,39,2,6,0.0,0.0,114,26,0.0,0.03,0,0,26,0,26,matched,Bacteria,36,31.58,0.077,13.0
Leptospirillum,179,110,418,0.04,0.03,114,8,0.0,0.01,0,0,8,0,8,matched,Bacteria,12,10.53,13.75,0.073
Lelliottia,1330545,8,10,0.0,0.0,114,21,0.0,0.02,0,0,21,0,21,matched,Bacteria,102,89.47,0.381,2.625
Thermoactinomycetaceae.U.genus,186824,34,71,0.01,0.01,113,66,0.0,0.06,0,0,66,0,66,matched,Bacteria,85,75.22,0.515,1.941
Candidatus Berkelbacteria.U.genus,1618330,387,1291,0.13,0.1,113,46,0.0,0.04,0,0,46,0,46,matched,Bacteria,0,0.0,8.413,0.119
Metallosphaera,41980,24,128,0.01,0.01,113,10,0.0,0.01,0,0,10,0,10,matched,Archaea,19,16.81,2.4,0.417
Leptolyngbya,47251,141,479,0.05,0.04,113,78,0.0,0.08,0,0,78,0,78,matched,Bacteria,66,58.41,1.808,0.553
Nitrosospira,35798,11,171,0.0,0.01,112,18,0.0,0.02,0,0,18,0,18,matched,Bacteria,24,21.43,0.611,1.636
Candidatus Dadabacteria.U.genus,1752716,150,944,0.05,0.07,112,8,0.0,0.01,0,0,8,0,8,matched,Bacteria,0,0.0,18.75,0.053
Xanthobacter,279,10,61,0.0,0.0,111,44,0.0,0.04,0,0,44,0,44,matched,Bacteria,97,87.39,0.227,4.4
Sporomusaceae.U.genus,1843490,107,238,0.04,0.02,111,52,0.0,0.05,0,0,52,0,52,matched,Bacteria,48,43.24,2.058,0.486
Nannocystaceae.U.genus,224463,54,134,0.02,0.01,110,17,0.0,0.02,0,0,17,0,17,matched,Bacteria,19,17.27,3.176,0.315
Calditrichaceae.U.genus,1962854,358,950,0.12,0.07,110,6,0.0,0.01,0,0,6,0,6,matched,Bacteria,6,5.45,59.667,0.017
Petrotogaceae.U.genus,1643949,31,373,0.01,0.03,110,44,0.0,0.04,0,0,44,0,44,matched,Bacteria,39,35.45,0.705,1.419
Lautropia,47670,106,639,0.04,0.05,110,7,0.0,0.01,0,0,7,0,7,matched,Bacteria,6,5.45,15.143,0.066
Kiloniellaceae.U.genus,597359,159,513,0.06,0.04,110,11,0.0,0.01,0,0,11,0,11,matched,Bacteria,10,9.09,14.455,0.069
Flagellimonas,444459,8,19,0.0,0.0,109,58,0.0,0.06,0,0,58,0,58,matched,Bacteria,80,73.39,0.138,7.25
Thermodesulfobacteriaceae.U.genus,188711,37,136,0.01,0.01,109,22,0.0,0.02,0,0,22,0,22,matched,Bacteria,13,11.93,1.682,0.595
Methylorubrum,2282523,14,216,0.0,0.02,108,19,0.0,0.02,0,0,19,0,19,matched,Bacteria,100,92.59,0.737,1.357
Pseudooceanicola,1679449,20,39,0.01,0.0,108,22,0.0,0.02,0,0,22,0,22,matched,Bacteria,32,29.63,0.909,1.1
Ardenticatenales.U.genus,1382929,553,1552,0.19,0.12,108,6,0.0,0.01,0,0,6,0,6,matched,Bacteria,2,1.85,92.167,0.011
Roseivirga,290180,15,90,0.01,0.01,108,21,0.0,0.02,0,0,21,0,21,matched,Bacteria,25,23.15,0.714,1.4
Trichococcus,82802,30,231,0.01,0.02,108,14,0.0,0.01,0,0,14,0,14,matched,Bacteria,20,18.52,2.143,0.467
Dokdonella,323413,64,239,0.02,0.02,107,8,0.0,0.01,0,0,8,0,8,matched,Bacteria,9,8.41,8.0,0.125
Ochrobactrum,528,99,783,0.03,0.06,107,84,0.0,0.08,0,0,84,0,84,matched,Bacteria,94,87.85,1.179,0.848
Fructilactobacillus,2767881,4,4,0.0,0.0,106,12,0.0,0.01,0,0,12,0,12,matched,Bacteria,105,99.06,0.333,3.0
Marinobacterium,48075,74,364,0.03,0.03,106,45,0.0,0.04,0,0,45,0,45,matched,Bacteria,48,45.28,1.644,0.608
Sulfurospirillum,57665,94,540,0.03,0.04,105,30,0.0,0.03,0,0,30,0,30,matched,Bacteria,24,22.86,3.133,0.319
Sulfobacillus,28033,45,92,0.02,0.01,105,7,0.0,0.01,0,0,7,0,7,matched,Bacteria,14,13.33,6.429,0.156
Planktothrix,54304,21,207,0.01,0.02,105,18,0.0,0.02,0,0,18,0,18,matched,Bacteria,62,59.05,1.167,0.857
Chthoniobacter,295577,328,1537,0.11,0.12,105,4,0.0,0.0,0,0,4,0,4,matched,Bacteria,2,1.9,82.0,0.012
Cardiobacteriaceae.U.genus,868,100,285,0.03,0.02,105,14,0.0,0.01,0,0,14,0,14,matched,Bacteria,24,22.86,7.143,0.14
Lachnoanaerobaculum,1164882,25,104,0.01,0.01,105,11,0.0,0.01,0,0,11,0,11,matched,Bacteria,14,13.33,2.273,0.44
Tepidisphaeraceae.U.genus,1771355,28,99,0.01,0.01,105,5,0.0,0.0,0,0,5,0,5,matched,Bacteria,1,0.95,5.6,0.179
Halothiobacillaceae.U.genus,255526,23,59,0.01,0.0,104,22,0.0,0.02,0,0,22,0,22,matched,Bacteria,7,6.73,1.045,0.957
Flavisolibacter,398041,137,421,0.05,0.03,104,7,0.0,0.01,0,0,7,0,7,matched,Bacteria,7,6.73,19.571,0.051
Methylomonas,416,43,402,0.01,0.03,103,43,0.0,0.04,0,0,43,0,43,matched,Bacteria,55,53.4,1.0,1.0
Oxalobacter,846,14,55,0.0,0.0,103,8,0.0,0.01,0,0,8,0,8,matched,Bacteria,23,22.33,1.75,0.571
Haloarcula,2237,48,276,0.02,0.02,102,61,0.0,0.06,0,0,61,0,61,matched,Archaea,98,96.08,0.787,1.271
Castellaniella,359336,24,41,0.01,0.0,102,19,0.0,0.02,0,0,19,0,19,matched,Bacteria,48,47.06,1.263,0.792
Arcanobacterium,28263,11,41,0.0,0.0,102,15,0.0,0.01,0,0,15,0,15,matched,Bacteria,78,76.47,0.733,1.364
Caldisericales.U.genus,693072,62,532,0.02,0.04,102,8,0.0,0.01,0,0,8,0,8,matched,Bacteria,2,1.96,7.75,0.129
Saccharopolyspora,1835,38,104,0.01,0.01,102,61,0.0,0.06,0,0,61,0,61,matched,Bacteria,96,94.12,0.623,1.605
Oscillatoriaceae.U.genus,1892254,6,13,0.0,0.0,102,68,0.0,0.07,0,0,68,0,68,matched,Bacteria,39,38.24,0.088,11.333
Halomicroarcula,2237,30,68,0.01,0.01,102,61,0.0,0.06,0,0,61,0,61,matched,Archaea,98,96.08,0.492,2.033
Anoxybacillus,150247,119,853,0.04,0.07,101,39,0.0,0.04,0,0,39,0,39,matched,Bacteria,92,91.09,3.051,0.328
Parvimonas,543311,51,197,0.02,0.02,101,17,0.0,0.02,0,0,17,0,17,matched,Bacteria,47,46.53,3.0,0.333
Borrelia,138,15,92,0.01,0.01,101,25,0.0,0.02,0,0,25,0,25,matched,Bacteria,101,100.0,0.6,1.667
Pluralibacter,1330546,5,5,0.0,0.0,100,7,0.0,0.01,0,0,7,0,7,matched,Bacteria,91,91.0,0.714,1.4
Ferrimicrobium,121038,3,17,0.0,0.0,100,4,0.0,0.0,0,0,4,0,4,matched,Bacteria,3,3.0,0.75,1.333
Dermacoccaceae.U.genus,145357,4,7,0.0,0.0,100,57,0.0,0.06,0,0,57,0,57,matched,Bacteria,79,79.0,0.07,14.25
Vampirovibrionales.U.genus,2211217,91,308,0.03,0.02,100,7,0.0,0.01,0,0,7,0,7,matched,Bacteria,0,0.0,13.0,0.077
Lachnobacterium,140625,3,16,0.0,0.0,100,3,0.0,0.0,0,0,3,0,3,matched,Bacteria,5,5.0,1.0,1.0
Komagataeibacter,1434011,13,185,0.0,0.01,100,21,0.0,0.02,0,0,21,0,21,matched,Bacteria,0,0.0,0.619,1.615
Shinella,323620,17,121,0.01,0.01,99,41,0.0,0.04,0,0,41,0,41,matched,Bacteria,60,60.61,0.415,2.412
Fervidobacterium,2422,28,176,0.01,0.01,98,16,0.0,0.02,0,0,16,0,16,matched,Bacteria,21,21.43,1.75,0.571
Sedimentibacter,190972,167,400,0.06,0.03,97,15,0.0,0.01,0,0,15,0,15,matched,Bacteria,13,13.4,11.133,0.09
Blattabacteriaceae.U.genus,39782,123,382,0.04,0.03,97,13,0.0,0.01,0,0,13,0,13,matched,Bacteria,94,96.91,9.462,0.106
Kordiimonadales.U.genus,362534,35,205,0.01,0.02,97,28,0.0,0.03,0,0,28,0,28,matched,Bacteria,22,22.68,1.25,0.8
Leeuwenhoekiella,283735,4,60,0.0,0.0,97,24,0.0,0.02,0,0,24,0,24,matched,Bacteria,24,24.74,0.167,6.0
Pedosphaera,1032526,32,64,0.01,0.0,97,4,0.0,0.0,0,0,4,0,4,matched,Bacteria,1,1.03,8.0,0.125
Succiniclasticum,40840,102,258,0.04,0.02,96,3,0.0,0.0,0,0,3,0,3,matched,Bacteria,2,2.08,34.0,0.029
Wenzhouxiangella,1676142,16,61,0.01,0.0,96,14,0.0,0.01,0,0,14,0,14,matched,Bacteria,12,12.5,1.143,0.875
Dyadobacter,120831,51,351,0.02,0.03,95,58,0.0,0.06,0,0,58,0,58,matched,Bacteria,69,72.63,0.879,1.137
Chthonomonas,1077265,157,499,0.05,0.04,95,22,0.0,0.02,0,0,22,0,22,matched,Bacteria,4,4.21,7.136,0.14
Marmoricola,86795,29,232,0.01,0.02,95,8,0.0,0.01,0,0,8,0,8,matched,Bacteria,6,6.32,3.625,0.276
Blattabacterium,34098,12,54,0.0,0.0,95,12,0.0,0.01,0,0,12,0,12,matched,Bacteria,94,98.95,1.0,1.0
Arsenophonus,637,46,111,0.02,0.01,95,41,0.0,0.04,0,0,41,0,41,matched,Bacteria,24,25.26,1.122,0.891
Candidatus Midichloriaceae.U.genus,1328881,12,71,0.0,0.01,94,21,0.0,0.02,0,0,21,0,21,matched,Bacteria,15,15.96,0.571,1.75
Acidisphaera,50714,32,105,0.01,0.01,94,5,0.0,0.0,0,0,5,0,5,matched,Bacteria,3,3.19,6.4,0.156
Janibacter,53457,14,82,0.0,0.01,94,34,0.0,0.03,0,0,34,0,34,matched,Bacteria,76,80.85,0.412,2.429
Rubrobacter,42255,211,1322,0.07,0.1,94,12,0.0,0.01,0,0,12,0,12,matched,Bacteria,14,14.89,17.583,0.057
Sorangium,39643,33,184,0.01,0.01,93,69,0.0,0.07,0,0,69,0,69,matched,Bacteria,81,87.1,0.478,2.091
Piscirickettsia,1237,5,135,0.0,0.01,93,2,0.0,0.0,0,0,2,0,2,matched,Bacteria,93,100.0,2.5,0.4
Porticoccus,1123967,36,214,0.01,0.02,93,7,0.0,0.01,0,0,7,0,7,matched,Bacteria,11,11.83,5.143,0.194
Planctomyces,118,19,54,0.01,0.0,93,6,0.0,0.01,0,0,6,0,6,matched,Bacteria,4,4.3,3.167,0.316
Demequinaceae.U.genus,1042322,4,21,0.0,0.0,93,43,0.0,0.04,0,0,43,0,43,matched,Bacteria,50,53.76,0.093,10.75
Marinifilaceae.U.genus,1573805,115,384,0.04,0.03,92,30,0.0,0.03,0,0,30,0,30,matched,Bacteria,30,32.61,3.833,0.261
Sellimonas,1769710,26,90,0.01,0.01,92,6,0.0,0.01,0,0,6,0,6,matched,Bacteria,27,29.35,4.333,0.231
Rhodothermaceae.U.genus,563843,221,916,0.08,0.07,92,13,0.0,0.01,0,0,13,0,13,matched,Bacteria,13,14.13,17.0,0.059
Corallococcus,83461,9,222,0.0,0.02,92,44,0.0,0.04,0,0,44,0,44,matched,Bacteria,69,75.0,0.205,4.889
Neorhizobium,1525371,7,52,0.0,0.0,92,48,0.0,0.05,0,0,48,0,48,matched,Bacteria,79,85.87,0.146,6.857
Thermoflexus,1495649,74,371,0.03,0.03,92,6,0.0,0.01,0,0,6,0,6,matched,Bacteria,1,1.09,12.333,0.081
Sandaracinaceae.U.genus,1055686,282,1172,0.1,0.09,91,6,0.0,0.01,0,0,6,0,6,matched,Bacteria,2,2.2,47.0,0.021
Pyrobaculum,2276,44,191,0.02,0.01,91,12,0.0,0.01,0,0,12,0,12,matched,Archaea,12,13.19,3.667,0.273
Frankia,1854,29,111,0.01,0.01,91,66,0.0,0.06,0,0,66,0,66,matched,Bacteria,86,94.51,0.439,2.276
Desulfohalobiaceae.U.genus,213117,1,1,0.0,0.0,91,8,0.0,0.01,0,0,8,0,8,matched,Bacteria,3,3.3,0.125,8.0
Cycloclasticus,34067,12,89,0.0,0.01,90,14,0.0,0.01,0,0,14,0,14,matched,Bacteria,6,6.67,0.857,1.167
Saccharospirillaceae.U.genus,255527,35,105,0.01,0.01,90,27,0.0,0.03,0,0,27,0,27,matched,Bacteria,25,27.78,1.296,0.771
Gemmobacter,204456,31,132,0.01,0.01,90,16,0.0,0.02,0,0,16,0,16,matched,Bacteria,21,23.33,1.938,0.516
Pseudohongiella,1524249,217,1682,0.08,0.13,90,7,0.0,0.01,0,0,7,0,7,matched,Bacteria,7,7.78,31.0,0.032
Pontibacter,323449,83,209,0.03,0.02,90,63,0.0,0.06,0,0,63,0,63,matched,Bacteria,74,82.22,1.317,0.759
Caldimonas,196013,4,9,0.0,0.0,89,11,0.0,0.01,0,0,11,0,11,matched,Bacteria,15,16.85,0.364,2.75
Acidiferrobacter,986106,1,8,0.0,0.0,89,4,0.0,0.0,0,0,4,0,4,matched,Bacteria,3,3.37,0.25,4.0
Schlegelella,196013,7,28,0.0,0.0,89,11,0.0,0.01,0,0,11,0,11,matched,Bacteria,15,16.85,0.636,1.571
Geodermatophilus,1860,35,180,0.01,0.01,89,71,0.0,0.07,0,0,71,0,71,matched,Bacteria,81,91.01,0.493,2.029
Defluviitaleaceae.U.genus,1185407,109,323,0.04,0.03,89,5,0.0,0.0,0,0,5,0,5,matched,Bacteria,4,4.49,21.8,0.046
Dehalococcoides,61434,21,97,0.01,0.01,88,12,0.0,0.01,0,0,12,0,12,matched,Bacteria,44,50.0,1.75,0.571
Limnobacter,131079,114,751,0.04,0.06,88,21,0.0,0.02,0,0,21,0,21,matched,Bacteria,11,12.5,5.429,0.184
Henriciella,453849,4,34,0.0,0.0,88,10,0.0,0.01,0,0,10,0,10,matched,Bacteria,12,13.64,0.4,2.5
Ekhidna,447678,29,59,0.01,0.0,88,5,0.0,0.0,0,0,5,0,5,matched,Bacteria,3,3.41,5.8,0.172
Cloacibacillus,508459,10,42,0.0,0.0,87,6,0.0,0.01,0,0,6,0,6,matched,Bacteria,12,13.79,1.667,0.6
Kangiellaceae.U.genus,1920240,8,42,0.0,0.0,87,19,0.0,0.02,0,0,19,0,19,matched,Bacteria,16,18.39,0.421,2.375
Puia,2045098,121,777,0.04,0.06,87,4,0.0,0.0,0,0,4,0,4,matched,Bacteria,2,2.3,30.25,0.033
Afipia,1033,29,310,0.01,0.02,87,28,0.0,0.03,0,0,28,0,28,matched,Bacteria,31,35.63,1.036,0.966
Flexilinea,1769713,34,167,0.01,0.01,87,2,0.0,0.0,0,0,2,0,2,matched,Bacteria,1,1.15,17.0,0.059
Anaeromyxobacter,161492,170,951,0.06,0.07,87,18,0.0,0.02,0,0,18,0,18,matched,Bacteria,16,18.39,9.444,0.106
Nitrosarchaeum,1007082,23,261,0.01,0.02,87,5,0.0,0.0,0,0,5,0,5,matched,Archaea,10,11.49,4.6,0.217
Longimicrobiaceae.U.genus,1804993,278,669,0.1,0.05,86,3,0.0,0.0,0,0,3,0,3,matched,Bacteria,3,3.49,92.667,0.011
Acidocella,50709,23,180,0.01,0.01,86,16,0.0,0.02,0,0,16,0,16,matched,Bacteria,11,12.79,1.438,0.696
Oligoflexales.U.genus,1553901,7,26,0.0,0.0,85,9,0.0,0.01,0,0,9,0,9,matched,Bacteria,5,5.88,0.778,1.286
Microbispora,2005,12,67,0.0,0.01,85,41,0.0,0.04,0,0,41,0,41,matched,Bacteria,84,98.82,0.293,3.417
Mobiluncus,2050,4,50,0.0,0.0,85,7,0.0,0.01,0,0,7,0,7,matched,Bacteria,54,63.53,0.571,1.75
Rhodopirellula,265488,283,934,0.1,0.07,85,18,0.0,0.02,0,0,18,0,18,matched,Bacteria,24,28.24,15.722,0.064
Albidovulum,205889,31,86,0.01,0.01,84,16,0.0,0.02,0,0,16,0,16,matched,Bacteria,13,15.48,1.938,0.516
Thermodesulfovibrio,28261,49,250,0.02,0.02,84,14,0.0,0.01,0,0,14,0,14,matched,Bacteria,13,15.48,3.5,0.286
Negativibacillus,1980693,40,143,0.01,0.01,84,4,0.0,0.0,0,0,4,0,4,matched,Bacteria,1,1.19,10.0,0.1
Ardenticatenaceae.U.genus,1382930,55,102,0.02,0.01,84,4,0.0,0.0,0,0,4,0,4,matched,Bacteria,2,2.38,13.75,0.073
Duganella,75654,26,219,0.01,0.02,84,60,0.0,0.06,0,0,60,0,60,matched,Bacteria,65,77.38,0.433,2.308
Zoogloea,349,62,267,0.02,0.02,84,8,0.0,0.01,0,0,8,0,8,matched,Bacteria,8,9.52,7.75,0.129
Defluviimonas,205889,29,107,0.01,0.01,84,16,0.0,0.02,0,0,16,0,16,matched,Bacteria,13,15.48,1.812,0.552
Holosporaceae.U.genus,44746,197,856,0.07,0.07,84,18,0.0,0.02,0,0,18,0,18,matched,Bacteria,16,19.05,10.944,0.091
Cobetia,204286,19,95,0.01,0.01,84,35,0.0,0.03,0,0,35,0,35,matched,Bacteria,60,71.43,0.543,1.842
Methylocella,120652,9,45,0.0,0.0,83,5,0.0,0.0,0,0,5,0,5,matched,Bacteria,7,8.43,1.8,0.556
Pyrodictiaceae.U.genus,2307,14,31,0.0,0.0,83,11,0.0,0.01,0,0,11,0,11,matched,Archaea,7,8.43,1.273,0.786
Sulfolobus,2284,13,47,0.0,0.0,83,21,0.0,0.02,0,0,21,0,21,matched,Archaea,77,92.77,0.619,1.615
Thiothrix,1030,113,315,0.04,0.02,82,21,0.0,0.02,0,0,21,0,21,matched,Bacteria,16,19.51,5.381,0.186
Halanaerobium,2330,85,454,0.03,0.04,82,16,0.0,0.02,0,0,16,0,16,matched,Bacteria,31,37.8,5.312,0.188
Abiotrophia,46123,21,83,0.01,0.01,82,4,0.0,0.0,0,0,4,0,4,matched,Bacteria,6,7.32,5.25,0.19
Asaia,91914,5,12,0.0,0.0,82,16,0.0,0.02,0,0,16,0,16,matched,Bacteria,41,50.0,0.312,3.2
Longicatena,1918536,1,1,0.0,0.0,82,17,0.0,0.02,0,0,17,0,17,matched,Bacteria,35,42.68,0.059,17.0
Woeseia,1738655,248,1483,0.09,0.12,81,3,0.0,0.0,0,0,3,0,3,matched,Bacteria,1,1.23,82.667,0.012
Candidatus Nitrosotalea,1078904,1,13,0.0,0.0,81,7,0.0,0.01,0,0,7,0,7,matched,Archaea,6,7.41,0.143,7.0
Desulfobacula,28222,18,83,0.01,0.01,80,9,0.0,0.01,0,0,9,0,9,matched,Bacteria,3,3.75,2.0,0.5
Haloferax,2251,37,131,0.01,0.01,80,49,0.0,0.05,0,0,49,0,49,matched,Archaea,80,100.0,0.755,1.324
Isoptericola,254250,23,75,0.01,0.01,80,47,0.0,0.05,0,0,47,0,47,matched,Bacteria,60,75.0,0.489,2.043
Marinovum,367771,7,38,0.0,0.0,79,11,0.0,0.01,0,0,11,0,11,matched,Bacteria,13,16.46,0.636,1.571
Undibacterium,401469,65,328,0.02,0.03,79,51,0.0,0.05,0,0,51,0,51,matched,Bacteria,51,64.56,1.275,0.785
Cardiobacterium,2717,54,252,0.02,0.02,79,6,0.0,0.01,0,0,6,0,6,matched,Bacteria,13,16.46,9.0,0.111
Myxococcus,32,20,75,0.01,0.01,78,43,0.0,0.04,0,0,43,0,43,matched,Bacteria,74,94.87,0.465,2.15
Nesterenkonia,57494,27,81,0.01,0.01,78,48,0.0,0.05,0,0,48,0,48,matched,Bacteria,64,82.05,0.562,1.778
Pseudidiomarina,2800384,9,44,0.0,0.0,78,28,0.0,0.03,0,0,28,0,28,matched,Bacteria,59,75.64,0.321,3.111
Niabella,379899,36,158,0.01,0.01,78,23,0.0,0.02,0,0,23,0,23,matched,Bacteria,23,29.49,1.565,0.639
Thalassobaculaceae.U.genus,2844864,1,2,0.0,0.0,77,14,0.0,0.01,0,0,14,0,14,matched,Bacteria,8,10.39,0.071,14.0
Phyllobacterium,28100,35,141,0.01,0.01,77,46,0.0,0.04,0,0,46,0,46,matched,Bacteria,59,76.62,0.761,1.314
Anaplasma,768,16,74,0.01,0.01,77,10,0.0,0.01,0,0,10,0,10,matched,Bacteria,67,87.01,1.6,0.625
Sarcina,1266,47,182,0.02,0.01,77,5,0.0,0.0,0,0,5,0,5,matched,Bacteria,10,12.99,9.4,0.106
Maricaulis,74317,17,100,0.01,0.01,77,11,0.0,0.01,0,0,11,0,11,matched,Bacteria,11,14.29,1.545,0.647
Salinisphaerales.U.genus,742030,24,45,0.01,0.0,76,29,0.0,0.03,0,0,29,0,29,matched,Bacteria,27,35.53,0.828,1.208
Algibacter,261827,33,88,0.01,0.01,76,21,0.0,0.02,0,0,21,0,21,matched,Bacteria,45,59.21,1.571,0.636
Nautiliaceae.U.genus,224467,19,40,0.01,0.0,76,16,0.0,0.02,0,0,16,0,16,matched,Bacteria,15,19.74,1.188,0.842
Varibaculum,184869,9,48,0.0,0.0,76,7,0.0,0.01,0,0,7,0,7,matched,Bacteria,12,15.79,1.286,0.778
Arenitalea,261827,1,2,0.0,0.0,76,21,0.0,0.02,0,0,21,0,21,matched,Bacteria,45,59.21,0.048,21.0
Thermofilum,2268,41,181,0.01,0.01,76,8,0.0,0.01,0,0,8,0,8,matched,Archaea,4,5.26,5.125,0.195
Methanosphaera,2316,104,281,0.04,0.02,76,16,0.0,0.02,0,0,16,0,16,matched,Archaea,10,13.16,6.5,0.154
Alicyclobacillus,29330,63,229,0.02,0.02,76,31,0.0,0.03,0,0,31,0,31,matched,Bacteria,62,81.58,2.032,0.492
Methanomassiliicoccus,1080709,9,79,0.0,0.01,75,21,0.0,0.02,0,0,21,0,21,matched,Archaea,20,26.67,0.429,2.333
Thermosynechococcaceae.U.genus,2881378,3,3,0.0,0.0,75,52,0.0,0.05,0,0,52,0,52,matched,Bacteria,41,54.67,0.058,17.333
Pelistega,106146,3,13,0.0,0.0,75,7,0.0,0.01,0,0,7,0,7,matched,Bacteria,8,10.67,0.429,2.333
Chloroflexus,1107,22,137,0.01,0.01,75,8,0.0,0.01,0,0,8,0,8,matched,Bacteria,6,8.0,2.75,0.364
Methylophilus,16,31,171,0.01,0.01,75,28,0.0,0.03,0,0,28,0,28,matched,Bacteria,28,37.33,1.107,0.903
Fluviicola,332102,274,1623,0.1,0.13,75,9,0.0,0.01,0,0,9,0,9,matched,Bacteria,3,4.0,30.444,0.033
Nanohaloarchaea.U.genus,1051663,6,15,0.0,0.0,74,23,0.0,0.02,0,0,23,0,23,matched,Archaea,11,14.86,0.261,3.833
Tardiphaga,1395974,4,26,0.0,0.0,74,41,0.0,0.04,0,0,41,0,41,matched,Bacteria,42,56.76,0.098,10.25
Hellea,574559,8,128,0.0,0.01,74,3,0.0,0.0,0,0,3,0,3,matched,Bacteria,12,16.22,2.667,0.375
Endozoicomonas,305899,107,366,0.04,0.03,74,42,0.0,0.04,0,0,42,0,42,matched,Bacteria,51,68.92,2.548,0.393
Halobacillus,45667,35,147,0.01,0.01,74,47,0.0,0.05,0,0,47,0,47,matched,Bacteria,71,95.95,0.745,1.343
Saccharofermentans,1200657,126,474,0.04,0.04,74,2,0.0,0.0,0,0,2,0,2,matched,Bacteria,0,0.0,63.0,0.016
Archangium,47,10,71,0.0,0.01,74,8,0.0,0.01,0,0,8,0,8,matched,Bacteria,16,21.62,1.25,0.8
Loktanella,245186,22,107,0.01,0.01,73,25,0.0,0.02,0,0,25,0,25,matched,Bacteria,24,32.88,0.88,1.136
Allobaculum,174708,13,25,0.0,0.0,73,7,0.0,0.01,0,0,7,0,7,matched,Bacteria,6,8.22,1.857,0.538
Eikenella,538,10,36,0.0,0.0,73,21,0.0,0.02,0,0,21,0,21,matched,Bacteria,41,56.16,0.476,2.1
Robiginitalea,252306,27,138,0.01,0.01,73,13,0.0,0.01,0,0,13,0,13,matched,Bacteria,16,21.92,2.077,0.481
Tabrizicola,1443919,40,131,0.01,0.01,73,15,0.0,0.01,0,0,15,0,15,matched,Bacteria,14,19.18,2.667,0.375
Altererythrobacter,361177,175,600,0.06,0.05,73,28,0.0,0.03,0,0,28,0,28,matched,Bacteria,27,36.99,6.25,0.16
Candidatus Scalinduaceae.U.genus,2897346,91,611,0.03,0.05,73,10,0.0,0.01,0,0,10,0,10,matched,Bacteria,1,1.37,9.1,0.11
Geopsychrobacteraceae.U.genus,3031659,1,1,0.0,0.0,73,9,0.0,0.01,0,0,9,0,9,matched,Bacteria,3,4.11,0.111,9.0
Aliiroseovarius,1658781,18,37,0.01,0.0,72,42,0.0,0.04,0,0,42,0,42,matched,Bacteria,53,73.61,0.429,2.333
Halobacterium,2239,25,142,0.01,0.01,72,21,0.0,0.02,0,0,21,0,21,matched,Archaea,57,79.17,1.19,0.84
Cellvibrio,10,67,437,0.02,0.03,72,21,0.0,0.02,0,0,21,0,21,matched,Bacteria,22,30.56,3.19,0.313
Roseibacillus,518755,80,688,0.03,0.05,72,5,0.0,0.0,0,0,5,0,5,matched,Bacteria,6,8.33,16.0,0.062
Lentzea,165301,12,47,0.0,0.0,72,57,0.0,0.06,0,0,57,0,57,matched,Bacteria,67,93.06,0.211,4.75
Gramella,292691,15,71,0.01,0.01,72,30,0.0,0.03,0,0,30,0,30,matched,Bacteria,33,45.83,0.5,2.0
Thalassotalea,1518149,51,131,0.02,0.01,71,40,0.0,0.04,0,0,40,0,40,matched,Bacteria,50,70.42,1.275,0.784
Rhodovulum,34008,33,92,0.01,0.01,71,26,0.0,0.03,0,0,26,0,26,matched,Bacteria,52,73.24,1.269,0.788
Marivita,659428,17,76,0.01,0.01,71,13,0.0,0.01,0,0,13,0,13,matched,Bacteria,40,56.34,1.308,0.765
Halothiobacillus,109262,17,91,0.01,0.01,71,16,0.0,0.02,0,0,16,0,16,matched,Bacteria,4,5.63,1.062,0.941
Histophilus,214906,3,68,0.0,0.01,71,1,0.0,0.0,0,0,1,0,1,matched,Bacteria,70,98.59,3.0,0.333
Propionivibrio,83766,43,138,0.01,0.01,71,7,0.0,0.01,0,0,7,0,7,matched,Bacteria,4,5.63,6.143,0.163
Blastomonas,150203,12,55,0.0,0.0,71,32,0.0,0.03,0,0,32,0,32,matched,Bacteria,30,42.25,0.375,2.667
Desulfarculales.U.genus,453227,1,2,0.0,0.0,71,17,0.0,0.02,0,0,17,0,17,matched,Bacteria,7,9.86,0.059,17.0
Enterovibrio,188143,12,24,0.0,0.0,71,17,0.0,0.02,0,0,17,0,17,matched,Bacteria,64,90.14,0.706,1.417
Roseiarcus,1643958,58,854,0.02,0.07,71,3,0.0,0.0,0,0,3,0,3,matched,Bacteria,1,1.41,19.333,0.052
Rhodoblastus,168658,11,118,0.0,0.01,71,6,0.0,0.01,0,0,6,0,6,matched,Bacteria,14,19.72,1.833,0.545
Rubripirellula,1579505,37,160,0.01,0.01,70,7,0.0,0.01,0,0,7,0,7,matched,Bacteria,19,27.14,5.286,0.189
Psychromonas,67572,25,220,0.01,0.02,70,31,0.0,0.03,0,0,31,0,31,matched,Bacteria,33,47.14,0.806,1.24
Agrococcus,46352,23,87,0.01,0.01,70,34,0.0,0.03,0,0,34,0,34,matched,Bacteria,38,54.29,0.676,1.478
Glycomycetaceae.U.genus,85034,8,11,0.0,0.0,70,49,0.0,0.05,0,0,49,0,49,matched,Bacteria,57,81.43,0.163,6.125
Rodentibacter,1960084,11,80,0.0,0.01,70,15,0.0,0.01,0,0,15,0,15,matched,Bacteria,54,77.14,0.733,1.364
Sideroxydans,314343,112,449,0.04,0.03,70,7,0.0,0.01,0,0,7,0,7,matched,Bacteria,2,2.86,16.0,0.062
Spongiibacter,630749,13,43,0.0,0.0,70,12,0.0,0.01,0,0,12,0,12,matched,Bacteria,10,14.29,1.083,0.923
Methanococcaceae.U.genus,2183,7,10,0.0,0.0,70,17,0.0,0.02,0,0,17,0,17,matched,Archaea,40,57.14,0.412,2.429
Sporolactobacillaceae.U.genus,186821,2,2,0.0,0.0,70,37,0.0,0.04,0,0,37,0,37,matched,Bacteria,48,68.57,0.054,18.5
Arenibacter,178469,19,112,0.01,0.01,70,30,0.0,0.03,0,0,30,0,30,matched,Bacteria,33,47.14,0.633,1.579
Pyramidobacter,638847,19,59,0.01,0.0,70,7,0.0,0.01,0,0,7,0,7,matched,Bacteria,8,11.43,2.714,0.368
Brachymonas,28219,68,252,0.02,0.02,69,7,0.0,0.01,0,0,7,0,7,matched,Bacteria,8,11.59,9.714,0.103
Methanothermobacter,145260,14,137,0.0,0.01,69,16,0.0,0.02,0,0,16,0,16,matched,Archaea,23,33.33,0.875,1.143
Frigoribacterium,96492,7,60,0.0,0.0,69,55,0.0,0.05,0,0,55,0,55,matched,Bacteria,58,84.06,0.127,7.857
Oceanicaulis,153232,31,105,0.01,0.01,69,13,0.0,0.01,0,0,13,0,13,matched,Bacteria,7,10.14,2.385,0.419
Acholeplasma,2147,171,904,0.06,0.07,69,12,0.0,0.01,0,0,12,0,12,matched,Bacteria,30,43.48,14.25,0.07
Rectinema,1937016,1,1,0.0,0.0,68,2,0.0,0.0,0,0,2,0,2,matched,Bacteria,1,1.47,0.5,2.0
Celeribacter,875170,14,85,0.0,0.01,68,16,0.0,0.02,0,0,16,0,16,matched,Bacteria,27,39.71,0.875,1.143
Luteibacter,242605,35,194,0.01,0.02,68,38,0.0,0.04,0,0,38,0,38,matched,Bacteria,49,72.06,0.921,1.086
Demequina,577469,21,171,0.01,0.01,68,40,0.0,0.04,0,0,40,0,40,matched,Bacteria,50,73.53,0.525,1.905
Faucicola,1604696,1,1,0.0,0.0,68,4,0.0,0.0,0,0,4,0,4,matched,Bacteria,42,61.76,0.25,4.0
Faecalitalea,1573534,21,79,0.01,0.01,68,14,0.0,0.01,0,0,14,0,14,matched,Bacteria,28,41.18,1.5,0.667
Fervidicoccaceae.U.genus,685949,17,42,0.01,0.0,68,3,0.0,0.0,0,0,3,0,3,matched,Archaea,2,2.94,5.667,0.176
Stomatobaculum,1213720,5,6,0.0,0.0,68,4,0.0,0.0,0,0,4,0,4,matched,Bacteria,2,2.94,1.25,0.8
Psychrobacillus,1221880,11,19,0.0,0.0,68,46,0.0,0.04,0,0,46,0,46,matched,Bacteria,50,73.53,0.239,4.182
Ferrithrix,643949,5,16,0.0,0.0,68,3,0.0,0.0,0,0,3,0,3,matched,Bacteria,1,1.47,1.667,0.6
Cohnella,329857,91,261,0.03,0.02,68,52,0.0,0.05,0,0,52,0,52,matched,Bacteria,60,88.24,1.75,0.571
Rhodopseudomonas,1073,17,199,0.01,0.02,68,25,0.0,0.02,0,0,25,0,25,matched,Bacteria,56,82.35,0.68,1.471
Mycolicibacter,1073531,1,4,0.0,0.0,68,22,0.0,0.02,0,0,22,0,22,matched,Bacteria,57,83.82,0.045,22.0
Simonsiella,71,5,20,0.0,0.0,68,2,0.0,0.0,0,0,2,0,2,matched,Bacteria,3,4.41,2.5,0.4
Methylovirgula,1156568,9,23,0.0,0.0,67,5,0.0,0.0,0,0,5,0,5,matched,Bacteria,5,7.46,1.8,0.556
Parachlamydiaceae.U.genus,92713,6,6,0.0,0.0,67,20,0.0,0.02,0,0,20,0,20,matched,Bacteria,20,29.85,0.3,3.333
Hoeflea,274591,8,109,0.0,0.01,67,23,0.0,0.02,0,0,23,0,23,matched,Bacteria,24,35.82,0.348,2.875
Raoultibacter,1926677,12,21,0.0,0.0,67,5,0.0,0.0,0,0,5,0,5,matched,Bacteria,6,8.96,2.4,0.417
Desulfosporosinus,79206,220,487,0.08,0.04,67,36,0.0,0.04,0,0,36,0,36,matched,Bacteria,23,34.33,6.111,0.164
Edaphobacter,388463,11,53,0.0,0.0,67,12,0.0,0.01,0,0,12,0,12,matched,Bacteria,14,20.9,0.917,1.091
Conexibacter,191494,156,1734,0.05,0.14,67,14,0.0,0.01,0,0,14,0,14,matched,Bacteria,14,20.9,11.143,0.09
Faecalicatena,2005359,3,29,0.0,0.0,67,10,0.0,0.01,0,0,10,0,10,matched,Bacteria,39,58.21,0.3,3.333
Limimaricola,2211638,3,37,0.0,0.0,67,10,0.0,0.01,0,0,10,0,10,matched,Bacteria,16,23.88,0.3,3.333
Ornithinimicrobium,125287,18,57,0.01,0.0,66,28,0.0,0.03,0,0,28,0,28,matched,Bacteria,43,65.15,0.643,1.556
Solibacillus,648800,46,157,0.02,0.01,66,31,0.0,0.03,0,0,31,0,31,matched,Bacteria,42,63.64,1.484,0.674
Piscinibacter,1114981,8,29,0.0,0.0,66,12,0.0,0.01,0,0,12,0,12,matched,Bacteria,15,22.73,0.667,1.5
Aminobacterium,81466,20,49,0.01,0.0,66,23,0.0,0.02,0,0,23,0,23,matched,Bacteria,3,4.55,0.87,1.15
Citromicrobium,72173,1,20,0.0,0.0,66,13,0.0,0.01,0,0,13,0,13,matched,Bacteria,39,59.09,0.077,13.0
Bradymonadales.U.genus,1779134,196,769,0.07,0.06,66,14,0.0,0.01,0,0,14,0,14,matched,Bacteria,11,16.67,14.0,0.071
Cellulophaga,104264,18,128,0.01,0.01,66,27,0.0,0.03,0,0,27,0,27,matched,Bacteria,47,71.21,0.667,1.5
Persephonella,182899,21,112,0.01,0.01,65,6,0.0,0.01,0,0,6,0,6,matched,Bacteria,5,7.69,3.5,0.286
Enorma,1472762,7,12,0.0,0.0,65,8,0.0,0.01,0,0,8,0,8,matched,Bacteria,16,24.62,0.875,1.143
Methylibium,316612,17,253,0.01,0.02,65,9,0.0,0.01,0,0,9,0,9,matched,Bacteria,6,9.23,1.889,0.529
Arcticiflavibacter,49277,10,20,0.0,0.0,65,18,0.0,0.02,0,0,18,0,18,matched,Bacteria,20,30.77,0.556,1.8
Psychroserpens,49277,16,47,0.01,0.0,65,18,0.0,0.02,0,0,18,0,18,matched,Bacteria,20,30.77,0.889,1.125
Meiothermus,65551,53,234,0.02,0.02,65,13,0.0,0.01,0,0,13,0,13,matched,Bacteria,21,32.31,4.077,0.245
Thiomicrorhabdus,2039723,47,195,0.02,0.02,65,19,0.0,0.02,0,0,19,0,19,matched,Bacteria,17,26.15,2.474,0.404
Asticcacaulis,76890,19,104,0.01,0.01,65,27,0.0,0.03,0,0,27,0,27,matched,Bacteria,27,41.54,0.704,1.421
Methyloversatilis,378210,22,65,0.01,0.01,65,11,0.0,0.01,0,0,11,0,11,matched,Bacteria,12,18.46,2.0,0.5
Ferroplasma,74968,15,43,0.01,0.0,65,4,0.0,0.0,0,0,4,0,4,matched,Archaea,4,6.15,3.75,0.267
Holdemania,61170,4,22,0.0,0.0,65,7,0.0,0.01,0,0,7,0,7,matched,Bacteria,18,27.69,0.571,1.75
Archaeoglobus,2233,22,132,0.01,0.01,65,31,0.0,0.03,0,0,31,0,31,matched,Archaea,7,10.77,0.71,1.409
Blastocatellaceae.U.genus,1748772,234,1019,0.08,0.08,65,3,0.0,0.0,0,0,3,0,3,matched,Bacteria,0,0.0,78.0,0.013
Pseudorhodobacter,238783,28,224,0.01,0.02,65,11,0.0,0.01,0,0,11,0,11,matched,Bacteria,10,15.38,2.545,0.393
Halobacteriovorax,1652133,35,108,0.01,0.01,65,46,0.0,0.04,0,0,46,0,46,matched,Bacteria,44,67.69,0.761,1.314
Anderseniella,444432,12,67,0.0,0.01,64,3,0.0,0.0,0,0,3,0,3,matched,Bacteria,1,1.56,4.0,0.25
Robiginitomaculum,437506,31,87,0.01,0.01,64,3,0.0,0.0,0,0,3,0,3,matched,Bacteria,1,1.56,10.333,0.097
Phycicoccus,367298,4,26,0.0,0.0,64,22,0.0,0.02,0,0,22,0,22,matched,Bacteria,25,39.06,0.182,5.5
Bergeyella,59735,68,376,0.02,0.03,64,6,0.0,0.01,0,0,6,0,6,matched,Bacteria,12,18.75,11.333,0.088
Rhodoplanes,29407,64,480,0.02,0.04,64,11,0.0,0.01,0,0,11,0,11,matched,Bacteria,13,20.31,5.818,0.172
Sulfuritalea,1054211,68,384,0.02,0.03,64,3,0.0,0.0,0,0,3,0,3,matched,Bacteria,1,1.56,22.667,0.044
Cereibacter,1653176,4,10,0.0,0.0,64,7,0.0,0.01,0,0,7,0,7,matched,Bacteria,57,89.06,0.571,1.75
Thermoplasmataceae.U.genus,46659,31,74,0.01,0.01,64,6,0.0,0.01,0,0,6,0,6,matched,Archaea,8,12.5,5.167,0.194
Marinoscillum,643701,74,755,0.03,0.06,64,7,0.0,0.01,0,0,7,0,7,matched,Bacteria,5,7.81,10.571,0.095
Commensalibacter,1079922,7,27,0.0,0.0,64,26,0.0,0.03,0,0,26,0,26,matched,Bacteria,45,70.31,0.269,3.714
Merdibacter,1935200,2,6,0.0,0.0,64,7,0.0,0.01,0,0,7,0,7,matched,Bacteria,2,3.12,0.286,3.5
Kineococcus,33981,12,66,0.0,0.01,64,32,0.0,0.03,0,0,32,0,32,matched,Bacteria,64,100.0,0.375,2.667
Modestobacter,88138,10,104,0.0,0.01,63,40,0.0,0.04,0,0,40,0,40,matched,Bacteria,50,79.37,0.25,4.0
Leisingera,191028,10,59,0.0,0.0,63,35,0.0,0.03,0,0,35,0,35,matched,Bacteria,47,74.6,0.286,3.5
Nakamurella,53460,50,430,0.02,0.03,63,18,0.0,0.02,0,0,18,0,18,matched,Bacteria,18,28.57,2.778,0.36
Mesonia,232115,11,48,0.0,0.0,63,16,0.0,0.02,0,0,16,0,16,matched,Bacteria,19,30.16,0.688,1.455
Schlesneria,656899,45,316,0.02,0.02,63,5,0.0,0.0,0,0,5,0,5,matched,Bacteria,3,4.76,9.0,0.111
Salinivibrio,51366,32,109,0.01,0.01,63,40,0.0,0.04,0,0,40,0,40,matched,Bacteria,63,100.0,0.8,1.25
Noviherbaspirillum,1344552,92,436,0.03,0.03,62,24,0.0,0.02,0,0,24,0,24,matched,Bacteria,23,37.1,3.833,0.261
Methanolobus,2220,28,150,0.01,0.01,62,25,0.0,0.02,0,0,25,0,25,matched,Archaea,20,32.26,1.12,0.893
Saccharothrix,2071,12,68,0.0,0.01,62,44,0.0,0.04,0,0,44,0,44,matched,Bacteria,56,90.32,0.273,3.667
Fournierella,1940255,16,31,0.01,0.0,62,11,0.0,0.01,0,0,11,0,11,matched,Bacteria,12,19.35,1.455,0.688
Coprobacter,1348911,17,72,0.01,0.01,62,5,0.0,0.0,0,0,5,0,5,matched,Bacteria,11,17.74,3.4,0.294
Ideonella,36862,24,485,0.01,0.04,62,19,0.0,0.02,0,0,19,0,19,matched,Bacteria,19,30.65,1.263,0.792
Sterolibacterium,157591,20,49,0.01,0.0,62,3,0.0,0.0,0,0,3,0,3,matched,Bacteria,2,3.23,6.667,0.15
Georgenia,154116,29,78,0.01,0.01,61,34,0.0,0.03,0,0,34,0,34,matched,Bacteria,49,80.33,0.853,1.172
Faecalicoccus,1573536,3,20,0.0,0.0,61,8,0.0,0.01,0,0,8,0,8,matched,Bacteria,27,44.26,0.375,2.667
Vicinamibacteraceae.U.genus,2211325,505,2041,0.18,0.16,61,6,0.0,0.01,0,0,6,0,6,matched,Bacteria,2,3.28,84.167,0.012
Pseudothermotoga,1643951,11,123,0.0,0.01,61,8,0.0,0.01,0,0,8,0,8,matched,Bacteria,10,16.39,1.375,0.727
Terrisporobacter,1505652,20,123,0.01,0.01,61,9,0.0,0.01,0,0,9,0,9,matched,Bacteria,26,42.62,2.222,0.45
Hylemonella,232523,4,18,0.0,0.0,61,7,0.0,0.01,0,0,7,0,7,matched,Bacteria,4,6.56,0.571,1.75
Fictibacillus,1329200,21,95,0.01,0.01,61,33,0.0,0.03,0,0,33,0,33,matched,Bacteria,56,91.8,0.636,1.571
Methanolinea,499551,50,311,0.02,0.02,60,16,0.0,0.02,0,0,16,0,16,matched,Archaea,1,1.67,3.125,0.32
Pseudescherichia,2055880,1,1,0.0,0.0,60,4,0.0,0.0,0,0,4,0,4,matched,Bacteria,15,25.0,0.25,4.0
Dokdonia,326319,18,83,0.01,0.01,60,19,0.0,0.02,0,0,19,0,19,matched,Bacteria,19,31.67,0.947,1.056
Salinibacterium,235888,5,32,0.0,0.0,60,30,0.0,0.03,0,0,30,0,30,matched,Bacteria,32,53.33,0.167,6.0
Pseudoclavibacter,255204,23,245,0.01,0.02,60,34,0.0,0.03,0,0,34,0,34,matched,Bacteria,49,81.67,0.676,1.478
Fischerella,1190,21,94,0.01,0.01,59,12,0.0,0.01,0,0,12,0,12,matched,Bacteria,49,83.05,1.75,0.571
Buttiauxella,82976,13,39,0.0,0.0,59,24,0.0,0.02,0,0,24,0,24,matched,Bacteria,39,66.1,0.542,1.846
Singulisphaera,466152,71,276,0.02,0.02,59,7,0.0,0.01,0,0,7,0,7,matched,Bacteria,6,10.17,10.143,0.099
Neptunomonas,75687,20,63,0.01,0.0,59,10,0.0,0.01,0,0,10,0,10,matched,Bacteria,21,35.59,2.0,0.5
Tsukamurella,2060,9,59,0.0,0.0,59,25,0.0,0.02,0,0,25,0,25,matched,Bacteria,57,96.61,0.36,2.778
Dactylosporangium,35753,8,56,0.0,0.0,59,39,0.0,0.04,0,0,39,0,39,matched,Bacteria,53,89.83,0.205,4.875
Desulfarculaceae.U.genus,453228,14,30,0.0,0.0,59,12,0.0,0.01,0,0,12,0,12,matched,Bacteria,6,10.17,1.167,0.857
Syntrophorhabdus,513557,162,800,0.06,0.06,59,11,0.0,0.01,0,0,11,0,11,matched,Bacteria,1,1.69,14.727,0.068
Kurthia,1649,27,101,0.01,0.01,59,21,0.0,0.02,0,0,21,0,21,matched,Bacteria,32,54.24,1.286,0.778
Azoarcus,12960,64,247,0.02,0.02,59,14,0.0,0.01,0,0,14,0,14,matched,Bacteria,14,23.73,4.571,0.219
Zymomonas,541,6,58,0.0,0.0,59,2,0.0,0.0,0,0,2,0,2,matched,Bacteria,30,50.85,3.0,0.333
Eudoraea,446680,4,71,0.0,0.01,59,5,0.0,0.0,0,0,5,0,5,matched,Bacteria,4,6.78,0.8,1.25
Candidatus Hydrothermarchaeota.U.genus,1935019,146,536,0.05,0.04,59,8,0.0,0.01,0,0,8,0,8,matched,Archaea,0,0.0,18.25,0.055
Taylorella,29574,3,36,0.0,0.0,59,2,0.0,0.0,0,0,2,0,2,matched,Bacteria,59,100.0,1.5,0.667
Mixta,2100764,1,1,0.0,0.0,58,10,0.0,0.01,0,0,10,0,10,matched,Bacteria,27,46.55,0.1,10.0
Curvibacter,281915,25,114,0.01,0.01,58,17,0.0,0.02,0,0,17,0,17,matched,Bacteria,12,20.69,1.471,0.68
Thermotoga,2335,15,155,0.01,0.01,58,24,0.0,0.02,0,0,24,0,24,matched,Bacteria,25,43.1,0.625,1.6
Arenicellaceae.U.genus,1617891,178,628,0.06,0.05,58,7,0.0,0.01,0,0,7,0,7,matched,Bacteria,4,6.9,25.429,0.039
Vulcanisaeta,164450,31,181,0.01,0.01,57,16,0.0,0.02,0,0,16,0,16,matched,Archaea,17,29.82,1.938,0.516
Aeriscardovia,240233,3,24,0.0,0.0,57,3,0.0,0.0,0,0,3,0,3,matched,Bacteria,2,3.51,1.0,1.0
Desulfomonile,2357,62,228,0.02,0.02,57,3,0.0,0.0,0,0,3,0,3,matched,Bacteria,1,1.75,20.667,0.048
Anabaena,1163,37,363,0.01,0.03,57,43,0.0,0.04,0,0,43,0,43,matched,Bacteria,45,78.95,0.86,1.162
Pusillimonas,305976,21,124,0.01,0.01,57,24,0.0,0.02,0,0,24,0,24,matched,Bacteria,13,22.81,0.875,1.143
Desulfobacter,2289,51,175,0.02,0.01,57,8,0.0,0.01,0,0,8,0,8,matched,Bacteria,7,12.28,6.375,0.157
Caldithrix,187144,41,128,0.01,0.01,57,4,0.0,0.0,0,0,4,0,4,matched,Bacteria,3,5.26,10.25,0.098
Acetivibrio,35829,27,65,0.01,0.01,57,11,0.0,0.01,0,0,11,0,11,matched,Bacteria,23,40.35,2.455,0.407
Desulfuromonas,890,81,271,0.03,0.02,57,13,0.0,0.01,0,0,13,0,13,matched,Bacteria,13,22.81,6.231,0.16
Tessaracoccus,72763,36,234,0.01,0.02,57,37,0.0,0.04,0,0,37,0,37,matched,Bacteria,42,73.68,0.973,1.028
Muriicola,762641,7,35,0.0,0.0,57,8,0.0,0.01,0,0,8,0,8,matched,Bacteria,7,12.28,0.875,1.143
Vampirovibrio,213484,29,74,0.01,0.01,57,3,0.0,0.0,0,0,3,0,3,matched,Bacteria,0,0.0,9.667,0.103
Bacteriovorax,146784,95,416,0.03,0.03,57,11,0.0,0.01,0,0,11,0,11,matched,Bacteria,9,15.79,8.636,0.116
Tissierella,41273,102,232,0.04,0.02,57,17,0.0,0.02,0,0,17,0,17,matched,Bacteria,23,40.35,6.0,0.167
Methanocellales.U.genus,570264,11,39,0.0,0.0,56,14,0.0,0.01,0,0,14,0,14,matched,Archaea,6,10.71,0.786,1.273
Sneathiellaceae.U.genus,510685,9,37,0.0,0.0,56,15,0.0,0.01,0,0,15,0,15,matched,Bacteria,17,30.36,0.6,1.667
Octadecabacter,53945,16,70,0.01,0.01,56,12,0.0,0.01,0,0,12,0,12,matched,Bacteria,29,51.79,1.333,0.75
Thermosynechococcus,146785,2,21,0.0,0.0,56,46,0.0,0.04,0,0,46,0,46,matched,Bacteria,37,66.07,0.043,23.0
Phycisphaera,666508,34,85,0.01,0.01,56,7,0.0,0.01,0,0,7,0,7,matched,Bacteria,2,3.57,4.857,0.206
Methylococcus,413,10,40,0.0,0.0,56,14,0.0,0.01,0,0,14,0,14,matched,Bacteria,20,35.71,0.714,1.4
Methanospirillum,2202,58,314,0.02,0.02,56,6,0.0,0.01,0,0,6,0,6,matched,Archaea,8,14.29,9.667,0.103
Helcococcus,31983,39,89,0.01,0.01,55,8,0.0,0.01,0,0,8,0,8,matched,Bacteria,46,83.64,4.875,0.205
Filifactor,44259,10,29,0.0,0.0,55,4,0.0,0.0,0,0,4,0,4,matched,Bacteria,2,3.64,2.5,0.4
Haliea,475794,11,52,0.0,0.0,55,8,0.0,0.01,0,0,8,0,8,matched,Bacteria,6,10.91,1.375,0.727
Candidatus Sumerlaeia.U.genus,2315419,154,308,0.05,0.02,55,6,0.0,0.01,0,0,6,0,6,matched,Bacteria,2,3.64,25.667,0.039
Jatrophihabitans,1434010,63,513,0.02,0.04,55,10,0.0,0.01,0,0,10,0,10,matched,Bacteria,8,14.55,6.3,0.159
Bauldia,1145345,73,256,0.03,0.02,55,3,0.0,0.0,0,0,3,0,3,matched,Bacteria,1,1.82,24.333,0.041
Brenneria,71655,11,47,0.0,0.0,55,21,0.0,0.02,0,0,21,0,21,matched,Bacteria,55,100.0,0.524,1.909
Mageeibacillus,1637257,6,11,0.0,0.0,55,27,0.0,0.03,0,0,27,0,27,matched,Bacteria,0,0.0,0.222,4.5
Formosa,225842,56,287,0.02,0.02,55,17,0.0,0.02,0,0,17,0,17,matched,Bacteria,18,32.73,3.294,0.304
Sediminicola,389486,4,27,0.0,0.0,54,6,0.0,0.01,0,0,6,0,6,matched,Bacteria,5,9.26,0.667,1.5
Aneurinibacillus,55079,26,96,0.01,0.01,54,14,0.0,0.01,0,0,14,0,14,matched,Bacteria,49,90.74,1.857,0.538
Candidatus Paracaedibacteraceae.U.genus,1777752,269,935,0.09,0.07,54,13,0.0,0.01,0,0,13,0,13,matched,Bacteria,5,9.26,20.692,0.048
Laribacter,168470,2,31,0.0,0.0,54,2,0.0,0.0,0,0,2,0,2,matched,Bacteria,50,92.59,1.0,1.0
Malacoplasma,2791001,5,9,0.0,0.0,54,5,0.0,0.0,0,0,5,0,5,matched,Bacteria,13,24.07,1.0,1.0
Macrococcus,69965,13,75,0.0,0.01,54,20,0.0,0.02,0,0,20,0,20,matched,Bacteria,51,94.44,0.65,1.538
Thermoanaerobacter,1754,43,157,0.01,0.01,54,18,0.0,0.02,0,0,18,0,18,matched,Bacteria,31,57.41,2.389,0.419
Salegentibacter,143222,36,163,0.01,0.01,54,24,0.0,0.02,0,0,24,0,24,matched,Bacteria,32,59.26,1.5,0.667
Zhongshania,1434050,10,55,0.0,0.0,54,10,0.0,0.01,0,0,10,0,10,matched,Bacteria,13,24.07,1.0,1.0
Arenicella,904708,16,57,0.01,0.0,54,5,0.0,0.0,0,0,5,0,5,matched,Bacteria,4,7.41,3.2,0.312
Desulfococcaceae.U.genus,2931039,94,276,0.03,0.02,54,14,0.0,0.01,0,0,14,0,14,matched,Bacteria,10,18.52,6.714,0.149
Desulfocapsa,53318,122,389,0.04,0.03,54,5,0.0,0.0,0,0,5,0,5,matched,Bacteria,3,5.56,24.4,0.041
Nannocystis,53,58,236,0.02,0.02,54,10,0.0,0.01,0,0,10,0,10,matched,Bacteria,13,24.07,5.8,0.172
Roseibacterium,336277,11,39,0.0,0.0,54,10,0.0,0.01,0,0,10,0,10,matched,Bacteria,12,22.22,1.1,0.909
Candidatus Izemoplasmataceae.U.genus,2975520,71,371,0.02,0.03,54,11,0.0,0.01,0,0,11,0,11,matched,Bacteria,5,9.26,6.455,0.155
Roseicyclus,336277,5,16,0.0,0.0,54,10,0.0,0.01,0,0,10,0,10,matched,Bacteria,12,22.22,0.5,2.0
Aridibacter,1562564,22,71,0.01,0.01,53,2,0.0,0.0,0,0,2,0,2,matched,Bacteria,0,0.0,11.0,0.091
Sandarakinorhabdus,362865,6,131,0.0,0.01,53,10,0.0,0.01,0,0,10,0,10,matched,Bacteria,10,18.87,0.6,1.667
Fretibacterium,1434006,76,200,0.03,0.02,53,4,0.0,0.0,0,0,4,0,4,matched,Bacteria,3,5.66,19.0,0.053
Desulfosarcina,2299,26,153,0.01,0.01,53,12,0.0,0.01,0,0,12,0,12,matched,Bacteria,15,28.3,2.167,0.462
Glycomyces,58113,25,97,0.01,0.01,53,39,0.0,0.04,0,0,39,0,39,matched,Bacteria,47,88.68,0.641,1.56
Thiopseudomonas,1654787,12,43,0.0,0.0,53,14,0.0,0.01,0,0,14,0,14,matched,Bacteria,17,32.08,0.857,1.167
Natrinema,88723,12,50,0.0,0.0,53,36,0.0,0.04,0,0,36,0,36,matched,Archaea,52,98.11,0.333,3.0
Cloacibacterium,501783,58,357,0.02,0.03,53,8,0.0,0.01,0,0,8,0,8,matched,Bacteria,11,20.75,7.25,0.138
Desulfonatronovibrionaceae.U.genus,3031459,2,5,0.0,0.0,53,8,0.0,0.01,0,0,8,0,8,matched,Bacteria,3,5.66,0.25,4.0
Enterorhabdus,580024,86,137,0.03,0.01,53,4,0.0,0.0,0,0,4,0,4,matched,Bacteria,2,3.77,21.5,0.047
Parvibacter,1427376,4,9,0.0,0.0,53,2,0.0,0.0,0,0,2,0,2,matched,Bacteria,4,7.55,2.0,0.5
Longimicrobium,1804994,23,88,0.01,0.01,53,2,0.0,0.0,0,0,2,0,2,matched,Bacteria,3,5.66,11.5,0.087
Salinicoccus,45669,24,82,0.01,0.01,53,26,0.0,0.03,0,0,26,0,26,matched,Bacteria,43,81.13,0.923,1.083
Diaphorobacter,238749,64,247,0.02,0.02,53,18,0.0,0.02,0,0,18,0,18,matched,Bacteria,20,37.74,3.556,0.281
Chryseolinea,1433993,81,250,0.03,0.02,52,7,0.0,0.01,0,0,7,0,7,matched,Bacteria,5,9.62,11.571,0.086
Mesocricetibacter,1648517,1,4,0.0,0.0,52,3,0.0,0.0,0,0,3,0,3,matched,Bacteria,1,1.92,0.333,3.0
Granulosicoccus,437504,25,98,0.01,0.01,52,4,0.0,0.0,0,0,4,0,4,matched,Bacteria,5,9.62,6.25,0.16
Thermoanaerobaculaceae.U.genus,2562242,666,2345,0.23,0.18,52,4,0.0,0.0,0,0,4,0,4,matched,Bacteria,3,5.77,166.5,0.006
Salinimicrobium,561367,33,100,0.01,0.01,52,23,0.0,0.02,0,0,23,0,23,matched,Bacteria,23,44.23,1.435,0.697
Terriglobus,392733,12,53,0.0,0.0,52,12,0.0,0.01,0,0,12,0,12,matched,Bacteria,15,28.85,1.0,1.0
Ureibacillus,160795,21,64,0.01,0.0,52,28,0.0,0.03,0,0,28,0,28,matched,Bacteria,45,86.54,0.75,1.333
Metallibacterium,1218803,6,25,0.0,0.0,52,2,0.0,0.0,0,0,2,0,2,matched,Bacteria,2,3.85,3.0,0.333
Moorella,44260,36,94,0.01,0.01,52,14,0.0,0.01,0,0,14,0,14,matched,Bacteria,37,71.15,2.571,0.389
Alloscardovia,419014,6,17,0.0,0.0,52,8,0.0,0.01,0,0,8,0,8,matched,Bacteria,32,61.54,0.75,1.333
Metakosakonia,447792,1,5,0.0,0.0,51,12,0.0,0.01,0,0,12,0,12,matched,Bacteria,41,80.39,0.083,12.0
Methylorhabdus,99,1,1,0.0,0.0,51,30,0.0,0.03,0,0,30,0,30,matched,Bacteria,44,86.27,0.033,30.0
Propionicimonas,236052,11,72,0.0,0.01,51,3,0.0,0.0,0,0,3,0,3,matched,Bacteria,2,3.92,3.667,0.273
Candidatus Fervidibacteria.U.genus,1383058,8,167,0.0,0.01,51,16,0.0,0.02,0,0,16,0,16,matched,Bacteria,10,19.61,0.5,2.0
Sneathiella,510690,33,100,0.01,0.01,51,12,0.0,0.01,0,0,12,0,12,matched,Bacteria,15,29.41,2.75,0.364
Candidatus Sericytochromatia.U.genus,2211225,148,488,0.05,0.04,51,6,0.0,0.01,0,0,6,0,6,matched,Bacteria,0,0.0,24.667,0.041
Telluria,34069,2,2,0.0,0.0,51,11,0.0,0.01,0,0,11,0,11,matched,Bacteria,12,23.53,0.182,5.5
Hydrogenophilaceae.U.genus,206349,162,585,0.06,0.05,51,16,0.0,0.02,0,0,16,0,16,matched,Bacteria,16,31.37,10.125,0.099
Nitratifractor,269260,83,152,0.03,0.01,51,3,0.0,0.0,0,0,3,0,3,matched,Bacteria,1,1.96,27.667,0.036
Ancylobacter,99,6,44,0.0,0.0,51,30,0.0,0.03,0,0,30,0,30,matched,Bacteria,44,86.27,0.2,5.0
Pseudodesulfovibrio,2035811,9,96,0.0,0.01,50,24,0.0,0.02,0,0,24,0,24,matched,Bacteria,24,48.0,0.375,2.667
Ehrlichia,943,25,98,0.01,0.01,50,10,0.0,0.01,0,0,10,0,10,matched,Bacteria,49,98.0,2.5,0.4
Thermodesulfatator,241192,6,11,0.0,0.0,50,5,0.0,0.0,0,0,5,0,5,matched,Bacteria,3,6.0,1.2,0.833
Fructobacillus,559173,10,24,0.0,0.0,50,16,0.0,0.02,0,0,16,0,16,matched,Bacteria,46,92.0,0.625,1.6
Gimesia,1649453,10,120,0.0,0.01,50,10,0.0,0.01,0,0,10,0,10,matched,Bacteria,18,36.0,1.0,1.0
Aureimonas,414371,29,131,0.01,0.01,50,29,0.0,0.03,0,0,29,0,29,matched,Bacteria,46,92.0,1.0,1.0
Sporolactobacillus,2077,19,102,0.01,0.01,50,22,0.0,0.02,0,0,22,0,22,matched,Bacteria,33,66.0,0.864,1.158
Haliscomenobacter,2349,31,169,0.01,0.01,50,3,0.0,0.0,0,0,3,0,3,matched,Bacteria,1,2.0,10.333,0.097
Dinoroseobacter,309512,17,38,0.01,0.0,50,7,0.0,0.01,0,0,7,0,7,matched,Bacteria,11,22.0,2.429,0.412
Mariniphaga,1573806,10,13,0.0,0.0,50,4,0.0,0.0,0,0,4,0,4,matched,Bacteria,2,4.0,2.5,0.4
Rhodopila,1070,17,26,0.01,0.0,50,3,0.0,0.0,0,0,3,0,3,matched,Bacteria,1,2.0,5.667,0.176
Acetobacterium,33951,36,320,0.01,0.02,50,16,0.0,0.02,0,0,16,0,16,matched,Bacteria,23,46.0,2.25,0.444
Cocleimonas,998014,40,124,0.01,0.01,50,6,0.0,0.01,0,0,6,0,6,matched,Bacteria,5,10.0,6.667,0.15
Ascidiaceihabitans,1648492,15,148,0.01,0.01,49,3,0.0,0.0,0,0,3,0,3,matched,Bacteria,14,28.57,5.0,0.2
Gaiella,1154586,186,1814,0.06,0.14,49,3,0.0,0.0,0,0,3,0,3,matched,Bacteria,3,6.12,62.0,0.016
Amoebophilaceae.U.genus,1501348,146,485,0.05,0.04,49,24,0.0,0.02,0,0,24,0,24,matched,Bacteria,24,48.98,6.083,0.164
Rudaea,886360,5,26,0.0,0.0,49,4,0.0,0.0,0,0,4,0,4,matched,Bacteria,2,4.08,1.25,0.8
Facklamia,66831,22,47,0.01,0.0,49,19,0.0,0.02,0,0,19,0,19,matched,Bacteria,34,69.39,1.158,0.864
Rhodomicrobium,1068,57,416,0.02,0.03,49,7,0.0,0.01,0,0,7,0,7,matched,Bacteria,9,18.37,8.143,0.123
Psychroflexus,83612,62,350,0.02,0.03,49,22,0.0,0.02,0,0,22,0,22,matched,Bacteria,23,46.94,2.818,0.355
Calothrix,1186,69,209,0.02,0.02,49,35,0.0,0.03,0,0,35,0,35,matched,Bacteria,35,71.43,1.971,0.507
Aurantimonas,182269,15,54,0.01,0.0,49,22,0.0,0.02,0,0,22,0,22,matched,Bacteria,25,51.02,0.682,1.467
Dermacoccus,57495,6,39,0.0,0.0,49,18,0.0,0.02,0,0,18,0,18,matched,Bacteria,37,75.51,0.333,3.0
Anaerocolumna,1843210,37,110,0.01,0.01,48,12,0.0,0.01,0,0,12,0,12,matched,Bacteria,14,29.17,3.083,0.324
Chromohalobacter,42054,26,90,0.01,0.01,48,14,0.0,0.01,0,0,14,0,14,matched,Bacteria,41,85.42,1.857,0.538
Parageobacillus,1906945,19,158,0.01,0.01,48,10,0.0,0.01,0,0,10,0,10,matched,Bacteria,45,93.75,1.9,0.526
Acetomicrobium,49894,21,128,0.01,0.01,48,10,0.0,0.01,0,0,10,0,10,matched,Bacteria,6,12.5,2.1,0.476
Sodalis,84565,54,107,0.02,0.01,48,34,0.0,0.03,0,0,34,0,34,matched,Bacteria,34,70.83,1.588,0.63
Aphanizomenon,1175,11,402,0.0,0.03,47,10,0.0,0.01,0,0,10,0,10,matched,Bacteria,16,34.04,1.1,0.909
Emticicia,312278,21,161,0.01,0.01,47,20,0.0,0.02,0,0,20,0,20,matched,Bacteria,25,53.19,1.05,0.952
Lewinella,70994,157,417,0.05,0.03,47,9,0.0,0.01,0,0,9,0,9,matched,Bacteria,7,14.89,17.444,0.057
Porphyrobacter,1111,33,372,0.01,0.03,47,18,0.0,0.02,0,0,18,0,18,matched,Bacteria,13,27.66,1.833,0.545
Allorhizobium,78526,5,14,0.0,0.0,47,13,0.0,0.01,0,0,13,0,13,matched,Bacteria,20,42.55,0.385,2.6
Geothrix,44675,28,447,0.01,0.03,47,21,0.0,0.02,0,0,21,0,21,matched,Bacteria,18,38.3,1.333,0.75
Petrimonas,307628,26,87,0.01,0.01,47,5,0.0,0.0,0,0,5,0,5,matched,Bacteria,3,6.38,5.2,0.192
Thermomicrobiaceae.U.genus,189777,2,5,0.0,0.0,47,8,0.0,0.01,0,0,8,0,8,matched,Bacteria,4,8.51,0.25,4.0
Anaerobiospirillum,13334,13,21,0.0,0.0,47,12,0.0,0.01,0,0,12,0,12,matched,Bacteria,10,21.28,1.083,0.923
Sagittula,58842,10,26,0.0,0.0,47,10,0.0,0.01,0,0,10,0,10,matched,Bacteria,0,0.0,1.0,1.0
Alkalibacterium,99906,16,45,0.01,0.0,46,18,0.0,0.02,0,0,18,0,18,matched,Bacteria,20,43.48,0.889,1.125
Natronomonas,63743,42,171,0.01,0.01,46,14,0.0,0.01,0,0,14,0,14,matched,Archaea,14,30.43,3.0,0.333
Nitratiruptor,269258,28,46,0.01,0.0,46,9,0.0,0.01,0,0,9,0,9,matched,Bacteria,8,17.39,3.111,0.321
Bellilinea,475960,17,115,0.01,0.01,46,3,0.0,0.0,0,0,3,0,3,matched,Bacteria,2,4.35,5.667,0.176
Thiogranum,1617886,64,242,0.02,0.02,46,3,0.0,0.0,0,0,3,0,3,matched,Bacteria,2,4.35,21.333,0.047
Dermatophilus,1862,3,8,0.0,0.0,46,2,0.0,0.0,0,0,2,0,2,matched,Bacteria,43,93.48,1.5,0.667
Secundilactobacillus,2767892,4,8,0.0,0.0,46,18,0.0,0.02,0,0,18,0,18,matched,Bacteria,41,89.13,0.222,4.5
Promicromonospora,43676,15,92,0.01,0.01,46,33,0.0,0.03,0,0,33,0,33,matched,Bacteria,45,97.83,0.455,2.2
Chamaesiphon,217161,8,42,0.0,0.0,46,27,0.0,0.03,0,0,27,0,27,matched,Bacteria,2,4.35,0.296,3.375
Maritimibacter,404235,12,50,0.0,0.0,46,13,0.0,0.01,0,0,13,0,13,matched,Bacteria,10,21.74,0.923,1.083
Coleofasciculus,669368,67,330,0.02,0.03,46,30,0.0,0.03,0,0,30,0,30,matched,Bacteria,16,34.78,2.233,0.448
Roseiflexus,120961,29,160,0.01,0.01,46,5,0.0,0.0,0,0,5,0,5,matched,Bacteria,3,6.52,5.8,0.172
Nanopusillaceae.U.genus,1890942,8,150,0.0,0.01,46,5,0.0,0.0,0,0,5,0,5,matched,Archaea,5,10.87,1.6,0.625
Dolosigranulum,29393,46,164,0.02,0.01,46,3,0.0,0.0,0,0,3,0,3,matched,Bacteria,42,91.3,15.333,0.065
Cylindrospermopsis,77021,3,6,0.0,0.0,46,3,0.0,0.0,0,0,3,0,3,matched,Bacteria,39,84.78,1.0,1.0
Hydrogenimonas,223785,22,70,0.01,0.01,45,5,0.0,0.0,0,0,5,0,5,matched,Bacteria,7,15.56,4.4,0.227
Dermabacter,36739,8,25,0.0,0.0,45,12,0.0,0.01,0,0,12,0,12,matched,Bacteria,32,71.11,0.667,1.5
Pseudocitrobacter,1504576,4,15,0.0,0.0,45,9,0.0,0.01,0,0,9,0,9,matched,Bacteria,44,97.78,0.444,2.25
Lentibacter,1434014,18,54,0.01,0.0,45,4,0.0,0.0,0,0,4,0,4,matched,Bacteria,7,15.56,4.5,0.222
Azotobacter,352,27,127,0.01,0.01,45,9,0.0,0.01,0,0,9,0,9,matched,Bacteria,43,95.56,3.0,0.333
Kangiella,261963,15,56,0.01,0.0,45,17,0.0,0.02,0,0,17,0,17,matched,Bacteria,16,35.56,0.882,1.133
Caldilinea,233191,5,57,0.0,0.0,45,5,0.0,0.0,0,0,5,0,5,matched,Bacteria,1,2.22,1.0,1.0
Microlunatus,29404,33,623,0.01,0.05,45,19,0.0,0.02,0,0,19,0,19,matched,Bacteria,23,51.11,1.737,0.576
Neptuniibacter,459520,18,57,0.01,0.0,45,24,0.0,0.02,0,0,24,0,24,matched,Bacteria,20,44.44,0.75,1.333
Hyphococcus,2038635,3,10,0.0,0.0,44,6,0.0,0.01,0,0,6,0,6,matched,Bacteria,7,15.91,0.5,2.0
Kordiimonas,288021,77,166,0.03,0.01,44,14,0.0,0.01,0,0,14,0,14,matched,Bacteria,15,34.09,5.5,0.182
Armatimonadales.U.genus,1042313,206,644,0.07,0.05,44,6,0.0,0.01,0,0,6,0,6,matched,Bacteria,1,2.27,34.333,0.029
Thioclava,285107,16,34,0.01,0.0,44,35,0.0,0.03,0,0,35,0,35,matched,Bacteria,34,77.27,0.457,2.188
Salinicola,404432,10,27,0.0,0.0,44,27,0.0,0.03,0,0,27,0,27,matched,Bacteria,35,79.55,0.37,2.7
Kandleria,1279388,2,15,0.0,0.0,44,21,0.0,0.02,0,0,21,0,21,matched,Bacteria,8,18.18,0.095,10.5
Heimdallarchaeia.U.genus,3422291,83,365,0.03,0.03,44,4,0.0,0.0,0,0,4,0,4,matched,Archaea,0,0.0,20.75,0.048
Phormidesmis,1005722,19,99,0.01,0.01,44,12,0.0,0.01,0,0,12,0,12,matched,Bacteria,9,20.45,1.583,0.632
Cedecea,158483,4,9,0.0,0.0,44,25,0.0,0.02,0,0,25,0,25,matched,Bacteria,40,90.91,0.16,6.25
Entomoplasmataceae.U.genus,33925,2,8,0.0,0.0,44,16,0.0,0.02,0,0,16,0,16,matched,Bacteria,44,100.0,0.125,8.0
Owenweeksia,267986,33,72,0.01,0.01,44,4,0.0,0.0,0,0,4,0,4,matched,Bacteria,1,2.27,8.25,0.121
Ulvibacter,237444,55,243,0.02,0.02,44,7,0.0,0.01,0,0,7,0,7,matched,Bacteria,9,20.45,7.857,0.127
Micropruina,116071,3,4,0.0,0.0,44,4,0.0,0.0,0,0,4,0,4,matched,Bacteria,3,6.82,0.75,1.333
Planctomicrobium,1779141,67,134,0.02,0.01,44,7,0.0,0.01,0,0,7,0,7,matched,Bacteria,8,18.18,9.571,0.104
Marinicaulis,2038635,14,45,0.0,0.0,44,6,0.0,0.01,0,0,6,0,6,matched,Bacteria,7,15.91,2.333,0.429
Aminobacter,31988,21,92,0.01,0.01,43,27,0.0,0.03,0,0,27,0,27,matched,Bacteria,41,95.35,0.778,1.286
Marivivens,1759396,8,38,0.0,0.0,43,9,0.0,0.01,0,0,9,0,9,matched,Bacteria,9,20.93,0.889,1.125
Thermodesulfobacterium,1740,9,102,0.0,0.01,43,10,0.0,0.01,0,0,10,0,10,matched,Bacteria,7,16.28,0.9,1.111
Jeotgalicoccus,227979,17,72,0.01,0.01,43,16,0.0,0.02,0,0,16,0,16,matched,Bacteria,22,51.16,1.062,0.941
Lentimicrobium,1840214,191,1117,0.07,0.09,43,5,0.0,0.0,0,0,5,0,5,matched,Bacteria,3,6.98,38.2,0.026
Leptolinea,475966,143,650,0.05,0.05,43,10,0.0,0.01,0,0,10,0,10,matched,Bacteria,3,6.98,14.3,0.07
Endomicrobium,1408194,137,354,0.05,0.03,43,8,0.0,0.01,0,0,8,0,8,matched,Bacteria,2,4.65,17.125,0.058
Gluconacetobacter,89583,4,68,0.0,0.01,43,15,0.0,0.01,0,0,15,0,15,matched,Bacteria,36,83.72,0.267,3.75
Pelotomaculum,191373,61,196,0.02,0.02,42,23,0.0,0.02,0,0,23,0,23,matched,Bacteria,10,23.81,2.652,0.377
Salinivirgaceae.U.genus,1970190,54,138,0.02,0.01,42,3,0.0,0.0,0,0,3,0,3,matched,Bacteria,1,2.38,18.0,0.056
Candidatus Fermentibacteraceae.U.genus,2152899,45,327,0.02,0.03,42,3,0.0,0.0,0,0,3,0,3,matched,Bacteria,0,0.0,15.0,0.067
Pleurocapsa,44474,26,80,0.01,0.01,42,13,0.0,0.01,0,0,13,0,13,matched,Bacteria,4,9.52,2.0,0.5
Segetibacter,460073,76,241,0.03,0.02,42,5,0.0,0.0,0,0,5,0,5,matched,Bacteria,3,7.14,15.2,0.066
Orrella,1921582,1,6,0.0,0.0,42,7,0.0,0.01,0,0,7,0,7,matched,Bacteria,5,11.9,0.143,7.0
Mariprofundus,377315,111,409,0.04,0.03,42,14,0.0,0.01,0,0,14,0,14,matched,Bacteria,16,38.1,7.929,0.126
Simkaniaceae.U.genus,92712,1,1,0.0,0.0,42,9,0.0,0.01,0,0,9,0,9,matched,Bacteria,4,9.52,0.111,9.0
Thermoanaerobacterium,28895,12,54,0.0,0.0,42,11,0.0,0.01,0,0,11,0,11,matched,Bacteria,33,78.57,1.091,0.917
Litorivivens,1654711,5,12,0.0,0.0,42,2,0.0,0.0,0,0,2,0,2,matched,Bacteria,1,2.38,2.5,0.4
Plantibacter,190323,4,24,0.0,0.0,42,33,0.0,0.03,0,0,33,0,33,matched,Bacteria,39,92.86,0.121,8.25
Mesoflavibacter,444051,20,47,0.01,0.0,42,9,0.0,0.01,0,0,9,0,9,matched,Bacteria,11,26.19,2.222,0.45
Aurantimicrobium,1705353,11,58,0.0,0.0,42,6,0.0,0.01,0,0,6,0,6,matched,Bacteria,14,33.33,1.833,0.545
Methanococcus,2184,12,65,0.0,0.01,42,6,0.0,0.01,0,0,6,0,6,matched,Archaea,31,73.81,2.0,0.5
Flavihumibacter,1004301,12,74,0.0,0.01,41,15,0.0,0.01,0,0,15,0,15,matched,Bacteria,12,29.27,0.8,1.25
Jannaschia,188905,23,68,0.01,0.01,41,25,0.0,0.02,0,0,25,0,25,matched,Bacteria,28,68.29,0.92,1.087
Alicycliphilus,201096,20,38,0.01,0.0,41,14,0.0,0.01,0,0,14,0,14,matched,Bacteria,11,26.83,1.429,0.7
Williamsia,85043,12,53,0.0,0.0,41,22,0.0,0.02,0,0,22,0,22,matched,Bacteria,33,80.49,0.545,1.833
Yonghaparkia,337004,3,16,0.0,0.0,41,13,0.0,0.01,0,0,13,0,13,matched,Bacteria,20,48.78,0.231,4.333
Gillisia,244698,14,70,0.0,0.01,41,14,0.0,0.01,0,0,14,0,14,matched,Bacteria,13,31.71,1.0,1.0
Brochothrix,2755,7,124,0.0,0.01,41,3,0.0,0.0,0,0,3,0,3,matched,Bacteria,35,85.37,2.333,0.429
Cryptobacterium,84162,1,5,0.0,0.0,41,4,0.0,0.0,0,0,4,0,4,matched,Bacteria,1,2.44,0.25,4.0
Tepidimonas,114248,20,53,0.01,0.0,41,14,0.0,0.01,0,0,14,0,14,matched,Bacteria,16,39.02,1.429,0.7
Ewingella,41201,3,121,0.0,0.01,41,7,0.0,0.01,0,0,7,0,7,matched,Bacteria,32,78.05,0.429,2.333
Johnsonella,43994,15,41,0.01,0.0,41,3,0.0,0.0,0,0,3,0,3,matched,Bacteria,1,2.44,5.0,0.2
Syntrophobacter,29526,115,559,0.04,0.04,41,6,0.0,0.01,0,0,6,0,6,matched,Bacteria,1,2.44,19.167,0.052
Sulfuricella,935200,11,125,0.0,0.01,41,5,0.0,0.0,0,0,5,0,5,matched,Bacteria,2,4.88,2.2,0.455
Desulfotignum,115780,26,130,0.01,0.01,41,4,0.0,0.0,0,0,4,0,4,matched,Bacteria,2,4.88,6.5,0.154
Microcella,337004,3,37,0.0,0.0,41,13,0.0,0.01,0,0,13,0,13,matched,Bacteria,20,48.78,0.231,4.333
Acidobacterium,33973,6,23,0.0,0.0,41,4,0.0,0.0,0,0,4,0,4,matched,Bacteria,2,4.88,1.5,0.667
Boseongicola,1648497,7,21,0.0,0.0,41,14,0.0,0.01,0,0,14,0,14,matched,Bacteria,3,7.32,0.5,2.0
Nodosilinea,1120752,17,169,0.01,0.01,41,19,0.0,0.02,0,0,19,0,19,matched,Bacteria,11,26.83,0.895,1.118
Chryseoglobus,337004,2,47,0.0,0.0,41,13,0.0,0.01,0,0,13,0,13,matched,Bacteria,20,48.78,0.154,6.5
Loigolactobacillus,2767889,10,11,0.0,0.0,41,8,0.0,0.01,0,0,8,0,8,matched,Bacteria,38,92.68,1.25,0.8
Spirochaeta,146,791,2833,0.28,0.22,41,12,0.0,0.01,0,0,12,0,12,matched,Bacteria,5,12.2,65.917,0.015
Agitococcus,186829,1,2,0.0,0.0,40,3,0.0,0.0,0,0,3,0,3,matched,Bacteria,1,2.5,0.333,3.0
Pelolinea,1649478,53,376,0.02,0.03,40,3,0.0,0.0,0,0,3,0,3,matched,Bacteria,2,5.0,17.667,0.057
Synechocystis,1142,37,130,0.01,0.01,40,18,0.0,0.02,0,0,18,0,18,matched,Bacteria,34,85.0,2.056,0.486
Parafilimonas,1649476,18,45,0.01,0.0,40,3,0.0,0.0,0,0,3,0,3,matched,Bacteria,1,2.5,6.0,0.167
Aeribacillus,1055323,7,86,0.0,0.01,40,16,0.0,0.02,0,0,16,0,16,matched,Bacteria,40,100.0,0.438,2.286
Phaeodactylibacter,1564515,136,437,0.05,0.03,40,4,0.0,0.0,0,0,4,0,4,matched,Bacteria,2,5.0,34.0,0.029
Apibacter,1778601,7,10,0.0,0.0,40,25,0.0,0.02,0,0,25,0,25,matched,Bacteria,28,70.0,0.28,3.571
Moritella,58050,12,106,0.0,0.01,40,14,0.0,0.01,0,0,14,0,14,matched,Bacteria,29,72.5,0.857,1.167
Halarcobacter,2321115,20,89,0.01,0.01,40,5,0.0,0.0,0,0,5,0,5,matched,Bacteria,11,27.5,4.0,0.25
Moritellaceae.U.genus,267891,4,4,0.0,0.0,40,14,0.0,0.01,0,0,14,0,14,matched,Bacteria,29,72.5,0.286,3.5
Actinomycetospora,402649,6,97,0.0,0.01,40,28,0.0,0.03,0,0,28,0,28,matched,Bacteria,31,77.5,0.214,4.667
Reinekea,230494,19,114,0.01,0.01,40,8,0.0,0.01,0,0,8,0,8,matched,Bacteria,9,22.5,2.375,0.421
Sinomonas,596707,9,66,0.0,0.01,40,24,0.0,0.02,0,0,24,0,24,matched,Bacteria,36,90.0,0.375,2.667
Thermoproteus,2270,10,57,0.0,0.0,40,8,0.0,0.01,0,0,8,0,8,matched,Archaea,3,7.5,1.25,0.8
Mesoplasma,46239,6,15,0.0,0.0,40,13,0.0,0.01,0,0,13,0,13,matched,Bacteria,40,100.0,0.462,2.167
Streptobacillus,34104,14,43,0.0,0.0,40,7,0.0,0.01,0,0,7,0,7,matched,Bacteria,35,87.5,2.0,0.5
Negativicoccus,909928,5,21,0.0,0.0,40,3,0.0,0.0,0,0,3,0,3,matched,Bacteria,3,7.5,1.667,0.6
Oerskovia,162491,9,45,0.0,0.0,39,20,0.0,0.02,0,0,20,0,20,matched,Bacteria,36,92.31,0.45,2.222
Sneathia,168808,3,15,0.0,0.0,39,5,0.0,0.0,0,0,5,0,5,matched,Bacteria,13,33.33,0.6,1.667
Hydrotalea,1004300,3,21,0.0,0.0,39,6,0.0,0.01,0,0,6,0,6,matched,Bacteria,9,23.08,0.5,2.0
Halobacteroidaceae.U.genus,53434,35,51,0.01,0.0,39,23,0.0,0.02,0,0,23,0,23,matched,Bacteria,20,51.28,1.522,0.657
Halococcaceae.U.genus,1963270,3,8,0.0,0.0,39,23,0.0,0.02,0,0,23,0,23,matched,Archaea,31,79.49,0.13,7.667
Spiribacter,1335745,8,53,0.0,0.0,39,13,0.0,0.01,0,0,13,0,13,matched,Bacteria,25,64.1,0.615,1.625
Fimbriiglobus,1914234,84,195,0.03,0.02,39,3,0.0,0.0,0,0,3,0,3,matched,Bacteria,1,2.56,28.0,0.036
Acidilobus,105850,19,128,0.01,0.01,39,9,0.0,0.01,0,0,9,0,9,matched,Archaea,4,10.26,2.111,0.474
Lacunisphaera,1961799,122,949,0.04,0.07,39,2,0.0,0.0,0,0,2,0,2,matched,Bacteria,1,2.56,61.0,0.016
Labrenzia,478070,34,157,0.01,0.01,38,35,0.0,0.03,0,0,35,0,35,matched,Bacteria,31,81.58,0.971,1.029
Magnetospirillum,13134,24,125,0.01,0.01,38,16,0.0,0.02,0,0,16,0,16,matched,Bacteria,0,0.0,1.5,0.667
Pseudophaeobacter,1541822,9,15,0.0,0.0,38,13,0.0,0.01,0,0,13,0,13,matched,Bacteria,13,34.21,0.692,1.444
Phormidium,1198,48,204,0.02,0.02,38,21,0.0,0.02,0,0,21,0,21,matched,Bacteria,18,47.37,2.286,0.438
Wohlfahrtiimonas,582472,1,8,0.0,0.0,38,6,0.0,0.01,0,0,6,0,6,matched,Bacteria,32,84.21,0.167,6.0
Pseudochrobactrum,354349,15,171,0.01,0.01,38,13,0.0,0.01,0,0,13,0,13,matched,Bacteria,25,65.79,1.154,0.867
Acidipropionibacterium,1912215,4,62,0.0,0.0,38,6,0.0,0.01,0,0,6,0,6,matched,Bacteria,17,44.74,0.667,1.5
Halobellus,1073986,26,80,0.01,0.01,38,20,0.0,0.02,0,0,20,0,20,matched,Archaea,25,65.79,1.3,0.769
Oleiphilus,141450,29,85,0.01,0.01,38,30,0.0,0.03,0,0,30,0,30,matched,Bacteria,29,76.32,0.967,1.034
Youngimonas,335927,1,1,0.0,0.0,38,14,0.0,0.01,0,0,14,0,14,matched,Bacteria,18,47.37,0.071,14.0
Thalassobius,335927,24,62,0.01,0.0,38,14,0.0,0.01,0,0,14,0,14,matched,Bacteria,18,47.37,1.714,0.583
Litoreibacter,947567,5,23,0.0,0.0,38,10,0.0,0.01,0,0,10,0,10,matched,Bacteria,12,31.58,0.5,2.0
Actinokineospora,39845,10,38,0.0,0.0,38,25,0.0,0.02,0,0,25,0,25,matched,Bacteria,34,89.47,0.4,2.5
Amphritea,515417,10,46,0.0,0.0,38,10,0.0,0.01,0,0,10,0,10,matched,Bacteria,15,39.47,1.0,1.0
Mameliella,1434019,6,10,0.0,0.0,38,12,0.0,0.01,0,0,12,0,12,matched,Bacteria,28,73.68,0.5,2.0
Pauljensenia,2740557,2,7,0.0,0.0,38,18,0.0,0.02,0,0,18,0,18,matched,Bacteria,17,44.74,0.111,9.0
Crenothrix,200670,65,234,0.02,0.02,37,4,0.0,0.0,0,0,4,0,4,matched,Bacteria,2,5.41,16.25,0.062
Oscillochloris,104175,7,9,0.0,0.0,37,5,0.0,0.0,0,0,5,0,5,matched,Bacteria,3,8.11,1.4,0.714
Thiohalobacter,1273155,10,13,0.0,0.0,37,5,0.0,0.0,0,0,5,0,5,matched,Bacteria,4,10.81,2.0,0.5
Salinisphaera,180541,37,84,0.01,0.01,37,22,0.0,0.02,0,0,22,0,22,matched,Bacteria,23,62.16,1.682,0.595
Sharpea,519427,2,22,0.0,0.0,37,3,0.0,0.0,0,0,3,0,3,matched,Bacteria,6,16.22,0.667,1.5
Saccharomonospora,1851,21,85,0.01,0.01,37,17,0.0,0.02,0,0,17,0,17,matched,Bacteria,30,81.08,1.235,0.81
Desulfomicrobium,898,46,410,0.02,0.03,37,11,0.0,0.01,0,0,11,0,11,matched,Bacteria,8,21.62,4.182,0.239
Parapedobacter,416949,28,70,0.01,0.01,37,18,0.0,0.02,0,0,18,0,18,matched,Bacteria,18,48.65,1.556,0.643
Immundisolibacteraceae.U.genus,1934946,26,40,0.01,0.0,37,3,0.0,0.0,0,0,3,0,3,matched,Bacteria,1,2.7,8.667,0.115
Fulvivirga,396811,30,58,0.01,0.0,37,14,0.0,0.01,0,0,14,0,14,matched,Bacteria,13,35.14,2.143,0.467
Pseudovibrio,258255,13,74,0.0,0.01,37,24,0.0,0.02,0,0,24,0,24,matched,Bacteria,32,86.49,0.542,1.846
Chitinivibrionia.U.genus,296141,141,359,0.05,0.03,37,3,0.0,0.0,0,0,3,0,3,matched,Bacteria,1,2.7,47.0,0.021
Thermosphaera,54253,4,19,0.0,0.0,37,4,0.0,0.0,0,0,4,0,4,matched,Archaea,2,5.41,1.0,1.0
Methylobacillus,404,13,58,0.0,0.0,37,13,0.0,0.01,0,0,13,0,13,matched,Bacteria,14,37.84,1.0,1.0
Gracilibacillus,74385,18,49,0.01,0.0,37,30,0.0,0.03,0,0,30,0,30,matched,Bacteria,35,94.59,0.6,1.667
Mariniflexile,527198,6,33,0.0,0.0,36,13,0.0,0.01,0,0,13,0,13,matched,Bacteria,20,55.56,0.462,2.167
Nevskia,64001,24,140,0.01,0.01,36,4,0.0,0.0,0,0,4,0,4,matched,Bacteria,3,8.33,6.0,0.167
Scardovia,196081,4,7,0.0,0.0,36,2,0.0,0.0,0,0,2,0,2,matched,Bacteria,13,36.11,2.0,0.5
Citricoccus,169133,8,41,0.0,0.0,36,17,0.0,0.02,0,0,17,0,17,matched,Bacteria,25,69.44,0.471,2.125
Croceicoccus,1295327,3,13,0.0,0.0,36,17,0.0,0.02,0,0,17,0,17,matched,Bacteria,19,52.78,0.176,5.667
Ohtaekwangia,1210119,54,131,0.02,0.01,36,4,0.0,0.0,0,0,4,0,4,matched,Bacteria,2,5.56,13.5,0.074
Lentimonas,417293,60,561,0.02,0.04,36,8,0.0,0.01,0,0,8,0,8,matched,Bacteria,8,22.22,7.5,0.133
Terrabacter,53355,8,51,0.0,0.0,36,30,0.0,0.03,0,0,30,0,30,matched,Bacteria,30,83.33,0.267,3.75
Marvinbryantia,248744,154,269,0.05,0.02,36,3,0.0,0.0,0,0,3,0,3,matched,Bacteria,4,11.11,51.333,0.019
Terribacillus,459532,7,32,0.0,0.0,36,9,0.0,0.01,0,0,9,0,9,matched,Bacteria,36,100.0,0.778,1.286
Gelidibacter,49279,14,36,0.0,0.0,36,12,0.0,0.01,0,0,12,0,12,matched,Bacteria,13,36.11,1.167,0.857
Motiliproteus,1775292,20,122,0.01,0.01,36,5,0.0,0.0,0,0,5,0,5,matched,Bacteria,4,11.11,4.0,0.25
Gulosibacter,256818,5,10,0.0,0.0,36,13,0.0,0.01,0,0,13,0,13,matched,Bacteria,19,52.78,0.385,2.6
Desulfuromusa,37817,40,176,0.01,0.01,36,3,0.0,0.0,0,0,3,0,3,matched,Bacteria,1,2.78,13.333,0.075
Phocoenobacter,146805,18,134,0.01,0.01,36,3,0.0,0.0,0,0,3,0,3,matched,Bacteria,36,100.0,6.0,0.167
Monoglobus,2039302,345,844,0.12,0.07,36,3,0.0,0.0,0,0,3,0,3,matched,Bacteria,2,5.56,115.0,0.009
Herminiimonas,303379,41,159,0.01,0.01,36,12,0.0,0.01,0,0,12,0,12,matched,Bacteria,11,30.56,3.417,0.293
Fimbriimonas,1005038,16,42,0.01,0.0,36,3,0.0,0.0,0,0,3,0,3,matched,Bacteria,1,2.78,5.333,0.188
Steroidobacter,469322,60,459,0.02,0.04,35,7,0.0,0.01,0,0,7,0,7,matched,Bacteria,6,17.14,8.571,0.117
Ferrovibrio,1231242,6,31,0.0,0.0,35,5,0.0,0.0,0,0,5,0,5,matched,Bacteria,3,8.57,1.2,0.833
Oceanisphaera,225143,16,55,0.01,0.0,35,15,0.0,0.01,0,0,15,0,15,matched,Bacteria,14,40.0,1.067,0.938
Ignatzschineria,112008,3,18,0.0,0.0,35,11,0.0,0.01,0,0,11,0,11,matched,Bacteria,17,48.57,0.273,3.667
Rufibacter,1379908,13,52,0.0,0.0,35,19,0.0,0.02,0,0,19,0,19,matched,Bacteria,34,97.14,0.684,1.462
Sphaerisporangium,321315,25,52,0.01,0.0,35,27,0.0,0.03,0,0,27,0,27,matched,Bacteria,34,97.14,0.926,1.08
Ruminobacter,866,28,74,0.01,0.01,35,4,0.0,0.0,0,0,4,0,4,matched,Bacteria,2,5.71,7.0,0.143
Thermoactinomyces,2023,11,32,0.0,0.0,35,20,0.0,0.02,0,0,20,0,20,matched,Bacteria,29,82.86,0.55,1.818
Caldicellulosiruptor,44000,76,234,0.03,0.02,35,13,0.0,0.01,0,0,13,0,13,matched,Bacteria,35,100.0,5.846,0.171
Pelagibacterium,1082930,27,104,0.01,0.01,35,20,0.0,0.02,0,0,20,0,20,matched,Bacteria,17,48.57,1.35,0.741
Lacinutrix,291183,12,48,0.0,0.0,35,22,0.0,0.02,0,0,22,0,22,matched,Bacteria,21,60.0,0.545,1.833
Coraliomargarita,442430,31,117,0.01,0.01,35,10,0.0,0.01,0,0,10,0,10,matched,Bacteria,6,17.14,3.1,0.323
Ornithinibacter,1191515,1,1,0.0,0.0,35,2,0.0,0.0,0,0,2,0,2,matched,Bacteria,2,5.71,0.5,2.0
Lishizhenia,559293,3,28,0.0,0.0,35,3,0.0,0.0,0,0,3,0,3,matched,Bacteria,1,2.86,1.0,1.0
Paenisporosarcina,651660,9,76,0.0,0.01,35,14,0.0,0.01,0,0,14,0,14,matched,Bacteria,15,42.86,0.643,1.556
Crocosphaera,263510,1,17,0.0,0.0,35,7,0.0,0.01,0,0,7,0,7,matched,Bacteria,18,51.43,0.143,7.0
Oleispira,188907,22,135,0.01,0.01,35,4,0.0,0.0,0,0,4,0,4,matched,Bacteria,1,2.86,5.5,0.182
Actinotalea,458839,12,134,0.0,0.01,35,16,0.0,0.02,0,0,16,0,16,matched,Bacteria,20,57.14,0.75,1.333
Actinobaculum,76833,5,29,0.0,0.0,35,7,0.0,0.01,0,0,7,0,7,matched,Bacteria,12,34.29,0.714,1.4
Cohaesibacter,655352,33,133,0.01,0.01,35,9,0.0,0.01,0,0,9,0,9,matched,Bacteria,7,20.0,3.667,0.273
Methylothermaceae.U.genus,1486721,2,3,0.0,0.0,34,8,0.0,0.01,0,0,8,0,8,matched,Bacteria,4,11.76,0.25,4.0
Lacibacter,649461,9,101,0.0,0.01,34,8,0.0,0.01,0,0,8,0,8,matched,Bacteria,6,17.65,1.125,0.889
Petrotoga,28236,7,44,0.0,0.0,34,20,0.0,0.02,0,0,20,0,20,matched,Bacteria,18,52.94,0.35,2.857
Caldimicrobium,444090,27,114,0.01,0.01,34,3,0.0,0.0,0,0,3,0,3,matched,Bacteria,1,2.94,9.0,0.111
Roseitalea,1915401,7,21,0.0,0.0,34,6,0.0,0.01,0,0,6,0,6,matched,Bacteria,4,11.76,1.167,0.857
Pseudorhodoplanes,1734920,10,69,0.0,0.01,34,3,0.0,0.0,0,0,3,0,3,matched,Bacteria,2,5.88,3.333,0.3
Roseinatronobacter,121820,1,1,0.0,0.0,34,11,0.0,0.01,0,0,11,0,11,matched,Bacteria,14,41.18,0.091,11.0
Roseibaca,121820,8,14,0.0,0.0,34,11,0.0,0.01,0,0,11,0,11,matched,Bacteria,14,41.18,0.727,1.375
Mycetocola,76634,6,39,0.0,0.0,34,14,0.0,0.01,0,0,14,0,14,matched,Bacteria,20,58.82,0.429,2.333
Haladaptatus,367188,15,48,0.01,0.0,34,30,0.0,0.03,0,0,30,0,30,matched,Archaea,32,94.12,0.5,2.0
Olleya,336276,9,31,0.0,0.0,34,18,0.0,0.02,0,0,18,0,18,matched,Bacteria,21,61.76,0.5,2.0
Rhodobaca,121820,5,47,0.0,0.0,34,11,0.0,0.01,0,0,11,0,11,matched,Bacteria,14,41.18,0.455,2.2
Salinispora,168694,22,65,0.01,0.01,34,9,0.0,0.01,0,0,9,0,9,matched,Bacteria,34,100.0,2.444,0.409
Ferrimonadaceae.U.genus,267892,1,1,0.0,0.0,34,18,0.0,0.02,0,0,18,0,18,matched,Bacteria,30,88.24,0.056,18.0
Reichenbachiella,156993,25,48,0.01,0.0,34,10,0.0,0.01,0,0,10,0,10,matched,Bacteria,10,29.41,2.5,0.4
Azospira,146937,28,106,0.01,0.01,34,9,0.0,0.01,0,0,9,0,9,matched,Bacteria,10,29.41,3.111,0.321
Symbiobacteriaceae.U.genus,543349,156,505,0.05,0.04,34,7,0.0,0.01,0,0,7,0,7,matched,Bacteria,5,14.71,22.286,0.045
Sphingosinicella,335405,12,61,0.0,0.0,34,12,0.0,0.01,0,0,12,0,12,matched,Bacteria,12,35.29,1.0,1.0
Cenarchaeum,46769,14,78,0.0,0.01,34,17,0.0,0.02,0,0,17,0,17,matched,Archaea,0,0.0,0.824,1.214
Parvularcula,208215,15,44,0.01,0.0,33,12,0.0,0.01,0,0,12,0,12,matched,Bacteria,10,30.3,1.25,0.8
Taibaiella,1434702,94,251,0.03,0.02,33,8,0.0,0.01,0,0,8,0,8,matched,Bacteria,6,18.18,11.75,0.085
Thiomicrospira,933,15,304,0.01,0.02,33,13,0.0,0.01,0,0,13,0,13,matched,Bacteria,10,30.3,1.154,0.867
Silicimonas,1955420,18,34,0.01,0.0,33,4,0.0,0.0,0,0,4,0,4,matched,Bacteria,3,9.09,4.5,0.222
Pannonibacter,227873,8,41,0.0,0.0,33,13,0.0,0.01,0,0,13,0,13,matched,Bacteria,22,66.67,0.615,1.625
Oligella,90243,4,27,0.0,0.0,33,7,0.0,0.01,0,0,7,0,7,matched,Bacteria,21,63.64,0.571,1.75
Amaricoccus,56999,29,73,0.01,0.01,33,8,0.0,0.01,0,0,8,0,8,matched,Bacteria,7,21.21,3.625,0.276
Caldivirga,76886,5,12,0.0,0.0,33,7,0.0,0.01,0,0,7,0,7,matched,Archaea,2,6.06,0.714,1.4
Sphaerotilus,34102,27,140,0.01,0.01,33,10,0.0,0.01,0,0,10,0,10,matched,Bacteria,16,48.48,2.7,0.37
Streptacidiphilus,228398,18,220,0.01,0.02,33,27,0.0,0.03,0,0,27,0,27,matched,Bacteria,33,100.0,0.667,1.5
Gloeomargarita,1188227,1,16,0.0,0.0,33,27,0.0,0.03,0,0,27,0,27,matched,Bacteria,1,3.03,0.037,27.0
Candidatus Babeliaceae.U.genus,2497645,184,425,0.06,0.03,33,5,0.0,0.0,0,0,5,0,5,matched,Bacteria,1,3.03,36.8,0.027
Mucinivorans,1611681,5,7,0.0,0.0,33,2,0.0,0.0,0,0,2,0,2,matched,Bacteria,1,3.03,2.5,0.4
Enhydrobacter,212791,45,74,0.02,0.01,33,17,0.0,0.02,0,0,17,0,17,matched,Bacteria,6,18.18,2.647,0.378
Runella,105,24,115,0.01,0.01,33,11,0.0,0.01,0,0,11,0,11,matched,Bacteria,10,30.3,2.182,0.458
Pararhizobium,1612611,6,18,0.0,0.0,33,21,0.0,0.02,0,0,21,0,21,matched,Bacteria,19,57.58,0.286,3.5
Tolumonas,43947,13,66,0.0,0.01,32,5,0.0,0.0,0,0,5,0,5,matched,Bacteria,3,9.38,2.6,0.385
Neomegalonema,356797,2,9,0.0,0.0,32,3,0.0,0.0,0,0,3,0,3,matched,Bacteria,1,3.12,0.667,1.5
Stappia,152161,12,40,0.0,0.0,32,17,0.0,0.02,0,0,17,0,17,matched,Bacteria,22,68.75,0.706,1.417
Silvanigrellaceae.U.genus,2024974,50,249,0.02,0.02,32,10,0.0,0.01,0,0,10,0,10,matched,Bacteria,8,25.0,5.0,0.2
Guyparkeria,2035712,5,19,0.0,0.0,32,11,0.0,0.01,0,0,11,0,11,matched,Bacteria,13,40.62,0.455,2.2
Nisaea,390876,6,21,0.0,0.0,32,6,0.0,0.01,0,0,6,0,6,matched,Bacteria,4,12.5,1.0,1.0
Rouxiella,1565532,1,6,0.0,0.0,32,10,0.0,0.01,0,0,10,0,10,matched,Bacteria,24,75.0,0.1,10.0
Fermentimonas,1784836,59,167,0.02,0.01,32,2,0.0,0.0,0,0,2,0,2,matched,Bacteria,1,3.12,29.5,0.034
Fastidiosibacteraceae.U.genus,2056687,3,4,0.0,0.0,32,19,0.0,0.02,0,0,19,0,19,matched,Bacteria,26,81.25,0.158,6.333
Advenella,290425,8,62,0.0,0.0,32,12,0.0,0.01,0,0,12,0,12,matched,Bacteria,15,46.88,0.667,1.5
Schleiferilactobacillus,2767891,1,1,0.0,0.0,32,3,0.0,0.0,0,0,3,0,3,matched,Bacteria,15,46.88,0.333,3.0
Zobellia,112040,7,22,0.0,0.0,32,14,0.0,0.01,0,0,14,0,14,matched,Bacteria,27,84.38,0.5,2.0
Paeniglutamicibacter,1742990,5,10,0.0,0.0,32,16,0.0,0.02,0,0,16,0,16,matched,Bacteria,28,87.5,0.312,3.2
Spirillospora,58122,3,4,0.0,0.0,32,29,0.0,0.03,0,0,29,0,29,matched,Bacteria,28,87.5,0.103,9.667
Actinophytocola,695999,28,65,0.01,0.01,32,10,0.0,0.01,0,0,10,0,10,matched,Bacteria,11,34.38,2.8,0.357
Aciduliprofundum,379546,14,65,0.0,0.01,32,5,0.0,0.0,0,0,5,0,5,matched,Archaea,3,9.38,2.8,0.357
Methanocellaceae.U.genus,570265,22,93,0.01,0.01,32,12,0.0,0.01,0,0,12,0,12,matched,Archaea,6,18.75,1.833,0.545
Vogesella,57739,21,107,0.01,0.01,32,17,0.0,0.02,0,0,17,0,17,matched,Bacteria,26,81.25,1.235,0.81
Defluviicoccus,111830,81,267,0.03,0.02,32,5,0.0,0.0,0,0,5,0,5,matched,Bacteria,1,3.12,16.2,0.062
Hahellaceae.U.genus,224379,1,1,0.0,0.0,31,16,0.0,0.02,0,0,16,0,16,matched,Bacteria,13,41.94,0.062,16.0
Pedococcus,2805645,2,29,0.0,0.0,31,13,0.0,0.01,0,0,13,0,13,matched,Bacteria,13,41.94,0.154,6.5
Robinsoniella,588605,17,33,0.01,0.0,31,5,0.0,0.0,0,0,5,0,5,matched,Bacteria,8,25.81,3.4,0.294
Pigmentiphaga,152267,5,50,0.0,0.0,31,15,0.0,0.01,0,0,15,0,15,matched,Bacteria,16,51.61,0.333,3.0
Alishewanella,111142,15,49,0.01,0.0,31,17,0.0,0.02,0,0,17,0,17,matched,Bacteria,16,51.61,0.882,1.133
Malaciobacter,2321114,17,90,0.01,0.01,31,8,0.0,0.01,0,0,8,0,8,matched,Bacteria,23,74.19,2.125,0.471
Heliobacteriaceae.U.genus,31984,16,29,0.01,0.0,31,13,0.0,0.01,0,0,13,0,13,matched,Bacteria,10,32.26,1.231,0.812
Herbiconiux,881616,2,5,0.0,0.0,31,20,0.0,0.02,0,0,20,0,20,matched,Bacteria,27,87.1,0.1,10.0
Nitrobacter,911,7,26,0.0,0.0,31,11,0.0,0.01,0,0,11,0,11,matched,Bacteria,11,35.48,0.636,1.571
Silvibacterium,1775468,1,7,0.0,0.0,31,5,0.0,0.0,0,0,5,0,5,matched,Bacteria,5,16.13,0.2,5.0
Halorhodospira,85108,22,64,0.01,0.0,31,11,0.0,0.01,0,0,11,0,11,matched,Bacteria,16,51.61,2.0,0.5
Haloplanus,376170,21,83,0.01,0.01,31,16,0.0,0.02,0,0,16,0,16,matched,Archaea,25,80.65,1.312,0.762
Yaniella,225447,4,12,0.0,0.0,31,6,0.0,0.01,0,0,6,0,6,matched,Bacteria,3,9.68,0.667,1.5
Aureispira,365032,32,119,0.01,0.01,31,5,0.0,0.0,0,0,5,0,5,matched,Bacteria,4,12.9,6.4,0.156
Deferribacteraceae.U.genus,191394,40,91,0.01,0.01,31,9,0.0,0.01,0,0,9,0,9,matched,Bacteria,4,12.9,4.444,0.225
Lutimonas,449810,14,95,0.0,0.01,31,5,0.0,0.0,0,0,5,0,5,matched,Bacteria,4,12.9,2.8,0.357
Tistrella,171436,14,48,0.0,0.0,31,5,0.0,0.0,0,0,5,0,5,matched,Bacteria,25,80.65,2.8,0.357
Trichodesmium,1205,5,50,0.0,0.0,31,27,0.0,0.03,0,0,27,0,27,matched,Bacteria,1,3.23,0.185,5.4
Methylomarinum,1221209,9,12,0.0,0.0,31,4,0.0,0.0,0,0,4,0,4,matched,Bacteria,2,6.45,2.25,0.444
Hydrogenovibrio,28884,2,4,0.0,0.0,31,14,0.0,0.01,0,0,14,0,14,matched,Bacteria,10,32.26,0.143,7.0
Saccharicrinis,1618113,3,8,0.0,0.0,31,11,0.0,0.01,0,0,11,0,11,matched,Bacteria,10,32.26,0.273,3.667
Actinosynnema,40566,4,52,0.0,0.0,31,24,0.0,0.02,0,0,24,0,24,matched,Bacteria,30,96.77,0.167,6.0
Orientia,69474,12,40,0.0,0.0,31,2,0.0,0.0,0,0,2,0,2,matched,Bacteria,31,100.0,6.0,0.167
Collimonas,202907,4,98,0.0,0.01,31,15,0.0,0.01,0,0,15,0,15,matched,Bacteria,19,61.29,0.267,3.75
Sphaerospermopsis,752201,3,29,0.0,0.0,31,11,0.0,0.01,0,0,11,0,11,matched,Bacteria,10,32.26,0.273,3.667
Agarivorans,261825,8,45,0.0,0.0,31,25,0.0,0.02,0,0,25,0,25,matched,Bacteria,29,93.55,0.32,3.125
Zunongwangia,417127,12,48,0.0,0.0,30,12,0.0,0.01,0,0,12,0,12,matched,Bacteria,12,40.0,1.0,1.0
Defluviitoga,1511648,12,106,0.0,0.01,30,2,0.0,0.0,0,0,2,0,2,matched,Bacteria,1,3.33,6.0,0.167
Alkaliphilus,114627,63,123,0.02,0.01,30,15,0.0,0.01,0,0,15,0,15,matched,Bacteria,12,40.0,4.2,0.238
Bombilactobacillus,2767878,6,14,0.0,0.0,30,7,0.0,0.01,0,0,7,0,7,matched,Bacteria,21,70.0,0.857,1.167
Desulfofustis,51194,14,48,0.0,0.0,30,5,0.0,0.0,0,0,5,0,5,matched,Bacteria,2,6.67,2.8,0.357
Paenalcaligenes,1100891,7,20,0.0,0.0,30,10,0.0,0.01,0,0,10,0,10,matched,Bacteria,14,46.67,0.7,1.429
Xanthomarina,1868329,4,8,0.0,0.0,30,7,0.0,0.01,0,0,7,0,7,matched,Bacteria,5,16.67,0.571,1.75
Rosenbergiella,1356488,9,12,0.0,0.0,30,7,0.0,0.01,0,0,7,0,7,matched,Bacteria,29,96.67,1.286,0.778
Propioniciclava,1085622,34,82,0.01,0.01,30,9,0.0,0.01,0,0,9,0,9,matched,Bacteria,12,40.0,3.778,0.265
Sulfuriferula,1778653,33,85,0.01,0.01,30,7,0.0,0.01,0,0,7,0,7,matched,Bacteria,7,23.33,4.714,0.212
Kaistia,166953,16,74,0.01,0.01,30,16,0.0,0.02,0,0,16,0,16,matched,Bacteria,19,63.33,1.0,1.0
Methanocaldococcus,196118,37,137,0.01,0.01,30,13,0.0,0.01,0,0,13,0,13,matched,Archaea,14,46.67,2.846,0.351
Desulfitobacterium,36853,51,111,0.02,0.01,30,14,0.0,0.01,0,0,14,0,14,matched,Bacteria,19,63.33,3.643,0.275
Gilvibacter,379070,7,13,0.0,0.0,30,3,0.0,0.0,0,0,3,0,3,matched,Bacteria,2,6.67,2.333,0.429
Magnetovibrio,1313115,31,100,0.01,0.01,30,4,0.0,0.0,0,0,4,0,4,matched,Bacteria,0,0.0,7.75,0.129
Prauserella,142577,8,24,0.0,0.0,30,18,0.0,0.02,0,0,18,0,18,matched,Bacteria,30,100.0,0.444,2.25
Bermanella,599651,4,7,0.0,0.0,30,7,0.0,0.01,0,0,7,0,7,matched,Bacteria,5,16.67,0.571,1.75
Frisingicoccus,1918511,21,42,0.01,0.0,30,2,0.0,0.0,0,0,2,0,2,matched,Bacteria,2,6.67,10.5,0.095
Thermopetrobacter,1495041,12,26,0.0,0.0,29,2,0.0,0.0,0,0,2,0,2,matched,Bacteria,1,3.45,6.0,0.167
Anaerofilum,52784,11,37,0.0,0.0,29,6,0.0,0.01,0,0,6,0,6,matched,Bacteria,2,6.9,1.833,0.545
Marinilactibacillus,191769,10,43,0.0,0.0,29,7,0.0,0.01,0,0,7,0,7,matched,Bacteria,29,100.0,1.429,0.7
Desulfotomaculum,1562,52,113,0.02,0.01,29,13,0.0,0.01,0,0,13,0,13,matched,Bacteria,9,31.03,4.0,0.25
Pseudogracilibacillus,1494958,12,21,0.0,0.0,29,8,0.0,0.01,0,0,8,0,8,matched,Bacteria,7,24.14,1.5,0.667
Chelatococcus,28209,11,66,0.0,0.01,29,15,0.0,0.01,0,0,15,0,15,matched,Bacteria,22,75.86,0.733,1.364
Ursidibacter,1855419,3,6,0.0,0.0,29,3,0.0,0.0,0,0,3,0,3,matched,Bacteria,29,100.0,1.0,1.0
Knoellia,136099,9,40,0.0,0.0,29,21,0.0,0.02,0,0,21,0,21,matched,Bacteria,24,82.76,0.429,2.333
Oceanococcus,1558474,7,15,0.0,0.0,29,4,0.0,0.0,0,0,4,0,4,matched,Bacteria,1,3.45,1.75,0.571
Chloroherpetonaceae.U.genus,2968741,1,1,0.0,0.0,29,5,0.0,0.0,0,0,5,0,5,matched,Bacteria,1,3.45,0.2,5.0
Methanohalophilus,2175,6,72,0.0,0.01,28,12,0.0,0.01,0,0,12,0,12,matched,Archaea,16,57.14,0.5,2.0
Arcicella,217140,20,142,0.01,0.01,28,11,0.0,0.01,0,0,11,0,11,matched,Bacteria,11,39.29,1.818,0.55
Flavitalea,1210116,22,66,0.01,0.01,28,5,0.0,0.0,0,0,5,0,5,matched,Bacteria,4,14.29,4.4,0.227
Turneriella,338321,42,124,0.01,0.01,28,3,0.0,0.0,0,0,3,0,3,matched,Bacteria,1,3.57,14.0,0.071
Verminephrobacter,364316,6,38,0.0,0.0,28,5,0.0,0.0,0,0,5,0,5,matched,Bacteria,24,85.71,1.2,0.833
Methanopyrus,2319,3,16,0.0,0.0,28,4,0.0,0.0,0,0,4,0,4,matched,Archaea,3,10.71,0.75,1.333
Lapillicoccus,402170,12,462,0.0,0.04,28,2,0.0,0.0,0,0,2,0,2,matched,Bacteria,2,7.14,6.0,0.167
Winkia,2692118,1,7,0.0,0.0,28,14,0.0,0.01,0,0,14,0,14,matched,Bacteria,20,71.43,0.071,14.0
Marivirga,869806,20,137,0.01,0.01,28,11,0.0,0.01,0,0,11,0,11,matched,Bacteria,14,50.0,1.818,0.55
Sporichthyaceae.U.genus,85033,257,5464,0.09,0.43,28,7,0.0,0.01,0,0,7,0,7,matched,Bacteria,5,17.86,36.714,0.027
Pleomorphomonadaceae.U.genus,2843308,13,49,0.0,0.0,28,21,0.0,0.02,0,0,21,0,21,matched,Bacteria,20,71.43,0.619,1.615
Carboxylicivirga,1628153,43,90,0.01,0.01,28,14,0.0,0.01,0,0,14,0,14,matched,Bacteria,16,57.14,3.071,0.326
Anaerorhabdus,118966,1,2,0.0,0.0,28,2,0.0,0.0,0,0,2,0,2,matched,Bacteria,1,3.57,0.5,2.0
Marinicella,863253,30,143,0.01,0.01,28,10,0.0,0.01,0,0,10,0,10,matched,Bacteria,12,42.86,3.0,0.333
Actibacterium,1433986,18,40,0.01,0.0,28,16,0.0,0.02,0,0,16,0,16,matched,Bacteria,15,53.57,1.125,0.889
Bradymonadaceae.U.genus,1779135,71,159,0.02,0.01,28,5,0.0,0.0,0,0,5,0,5,matched,Bacteria,5,17.86,14.2,0.07
Caldibacillus,1276290,9,53,0.0,0.0,28,6,0.0,0.01,0,0,6,0,6,matched,Bacteria,22,78.57,1.5,0.667
Rickettsiella,59195,31,154,0.01,0.01,28,13,0.0,0.01,0,0,13,0,13,matched,Bacteria,11,39.29,2.385,0.419
Thermomicrobium,499,9,125,0.0,0.01,28,5,0.0,0.0,0,0,5,0,5,matched,Bacteria,3,10.71,1.8,0.556
Chroococcidiopsidales.U.genus,1890505,2,2,0.0,0.0,28,21,0.0,0.02,0,0,21,0,21,matched,Bacteria,11,39.29,0.095,10.5
Tyzzerella,1506577,298,565,0.1,0.04,28,8,0.0,0.01,0,0,8,0,8,matched,Bacteria,3,10.71,37.25,0.027
Sporomusa,2375,36,119,0.01,0.01,28,14,0.0,0.01,0,0,14,0,14,matched,Bacteria,19,67.86,2.571,0.389
Nioella,1775424,11,35,0.0,0.0,28,8,0.0,0.01,0,0,8,0,8,matched,Bacteria,6,21.43,1.375,0.727
Psychrosphaera,907197,2,4,0.0,0.0,28,12,0.0,0.01,0,0,12,0,12,matched,Bacteria,16,57.14,0.167,6.0
Plantactinospora,673534,12,54,0.0,0.0,28,23,0.0,0.02,0,0,23,0,23,matched,Bacteria,28,100.0,0.522,1.917
Cyclobacterium,68288,17,136,0.01,0.01,28,14,0.0,0.01,0,0,14,0,14,matched,Bacteria,17,60.71,1.214,0.824
Martelella,293088,11,44,0.0,0.0,28,16,0.0,0.02,0,0,16,0,16,matched,Bacteria,21,75.0,0.688,1.455
Dellaglioa,2767880,1,1,0.0,0.0,28,5,0.0,0.0,0,0,5,0,5,matched,Bacteria,28,100.0,0.2,5.0
Catellatospora,53365,6,28,0.0,0.0,28,16,0.0,0.02,0,0,16,0,16,matched,Bacteria,28,100.0,0.375,2.667
Ferrimonas,44011,18,44,0.01,0.0,28,15,0.0,0.01,0,0,15,0,15,matched,Bacteria,24,85.71,1.2,0.833
Rugosibacter,1914449,1,5,0.0,0.0,27,2,0.0,0.0,0,0,2,0,2,matched,Bacteria,1,3.7,0.5,2.0
Sanguibacter,60919,14,97,0.0,0.01,27,18,0.0,0.02,0,0,18,0,18,matched,Bacteria,19,70.37,0.778,1.286
Hydrogenoanaerobacterium,596767,24,63,0.01,0.0,27,3,0.0,0.0,0,0,3,0,3,matched,Bacteria,3,11.11,8.0,0.125
Desulfatitalea,1303912,23,81,0.01,0.01,27,6,0.0,0.01,0,0,6,0,6,matched,Bacteria,2,7.41,3.833,0.261
Bizionia,283785,14,38,0.0,0.0,27,16,0.0,0.02,0,0,16,0,16,matched,Bacteria,14,51.85,0.875,1.143
Actinoallomurus,667113,7,70,0.0,0.01,27,18,0.0,0.02,0,0,18,0,18,matched,Bacteria,20,74.07,0.389,2.571
Ectothiorhodospira,1051,10,27,0.0,0.0,27,12,0.0,0.01,0,0,12,0,12,matched,Bacteria,22,81.48,0.833,1.2
Halolamina,1075397,29,191,0.01,0.01,27,10,0.0,0.01,0,0,10,0,10,matched,Archaea,15,55.56,2.9,0.345
Sanguibacteraceae.U.genus,145360,16,36,0.01,0.0,27,18,0.0,0.02,0,0,18,0,18,matched,Bacteria,19,70.37,0.889,1.125
Algimonas,1246884,5,29,0.0,0.0,27,4,0.0,0.0,0,0,4,0,4,matched,Bacteria,5,18.52,1.25,0.8
Auritidibacter,1160973,2,5,0.0,0.0,27,6,0.0,0.01,0,0,6,0,6,matched,Bacteria,16,59.26,0.333,3.0
Prosthecochloris,1101,2,3,0.0,0.0,27,13,0.0,0.01,0,0,13,0,13,matched,Bacteria,14,51.85,0.154,6.5
Candidatus Cardinium,273135,11,52,0.0,0.0,27,16,0.0,0.02,0,0,16,0,16,matched,Bacteria,22,81.48,0.688,1.455
Thermogutta,1676125,22,141,0.01,0.01,27,3,0.0,0.0,0,0,3,0,3,matched,Bacteria,1,3.7,7.333,0.136
Gemmata,113,211,614,0.07,0.05,27,7,0.0,0.01,0,0,7,0,7,matched,Bacteria,10,37.04,30.143,0.033
Sinimarinibacterium,1861863,1,1,0.0,0.0,27,5,0.0,0.0,0,0,5,0,5,matched,Bacteria,6,22.22,0.2,5.0
Aquamicrobium,69278,20,129,0.01,0.01,26,11,0.0,0.01,0,0,11,0,11,matched,Bacteria,15,57.69,1.818,0.55
Desulfonatronovibrio,53244,4,12,0.0,0.0,26,4,0.0,0.0,0,0,4,0,4,matched,Bacteria,2,7.69,1.0,1.0
Rhizorhabdus,1649486,1,26,0.0,0.0,26,7,0.0,0.01,0,0,7,0,7,matched,Bacteria,15,57.69,0.143,7.0
Hydrogenobacter,939,14,86,0.0,0.01,26,6,0.0,0.01,0,0,6,0,6,matched,Bacteria,5,19.23,2.333,0.429
Rummeliibacillus,648802,10,75,0.0,0.01,26,13,0.0,0.01,0,0,13,0,13,matched,Bacteria,18,69.23,0.769,1.3
Sulfurihydrogenibium,212790,19,240,0.01,0.02,26,5,0.0,0.0,0,0,5,0,5,matched,Bacteria,4,15.38,3.8,0.263
Halobaculum,43927,8,26,0.0,0.0,26,18,0.0,0.02,0,0,18,0,18,matched,Archaea,22,84.62,0.444,2.25
Methanococcoides,2225,17,97,0.01,0.01,26,14,0.0,0.01,0,0,14,0,14,matched,Archaea,16,61.54,1.214,0.824
Lentibacillus,175304,17,31,0.01,0.0,26,23,0.0,0.02,0,0,23,0,23,matched,Bacteria,24,92.31,0.739,1.353
Solimonas,413435,12,40,0.0,0.0,26,11,0.0,0.01,0,0,11,0,11,matched,Bacteria,9,34.62,1.091,0.917
Desulforhopalus,40413,49,152,0.02,0.01,26,6,0.0,0.01,0,0,6,0,6,matched,Bacteria,4,15.38,8.167,0.122
Geoglobus,190818,8,29,0.0,0.0,26,5,0.0,0.0,0,0,5,0,5,matched,Archaea,4,15.38,1.6,0.625
Sunxiuqinia,1254401,19,50,0.01,0.0,26,8,0.0,0.01,0,0,8,0,8,matched,Bacteria,9,34.62,2.375,0.421
Acidiplasma,507753,2,6,0.0,0.0,26,4,0.0,0.0,0,0,4,0,4,matched,Archaea,5,19.23,0.5,2.0
Dictyoglomus,13,7,133,0.0,0.01,26,9,0.0,0.01,0,0,9,0,9,matched,Bacteria,8,30.77,0.778,1.286
Anaeroplasma,2086,80,367,0.03,0.03,26,3,0.0,0.0,0,0,3,0,3,matched,Bacteria,1,3.85,26.667,0.037
Alsobacter,1502180,6,125,0.0,0.01,26,8,0.0,0.01,0,0,8,0,8,matched,Bacteria,6,23.08,0.75,1.333
Halovenus,1377992,24,46,0.01,0.0,26,9,0.0,0.01,0,0,9,0,9,matched,Archaea,12,46.15,2.667,0.375
Desulfurobacterium,64159,12,41,0.0,0.0,26,8,0.0,0.01,0,0,8,0,8,matched,Bacteria,7,26.92,1.5,0.667
Oceanithermus,208447,3,21,0.0,0.0,26,3,0.0,0.0,0,0,3,0,3,matched,Bacteria,3,11.54,1.0,1.0
Niastella,354354,38,152,0.01,0.01,26,10,0.0,0.01,0,0,10,0,10,matched,Bacteria,11,42.31,3.8,0.263
Sandaracinus,1055688,78,237,0.03,0.02,26,3,0.0,0.0,0,0,3,0,3,matched,Bacteria,2,7.69,26.0,0.038
Aminivibrio,1427172,10,18,0.0,0.0,25,2,0.0,0.0,0,0,2,0,2,matched,Bacteria,1,4.0,5.0,0.2
Tangfeifania,1649501,22,57,0.01,0.0,25,3,0.0,0.0,0,0,3,0,3,matched,Bacteria,1,4.0,7.333,0.136
Croceitalea,574891,12,20,0.0,0.0,25,10,0.0,0.01,0,0,10,0,10,matched,Bacteria,8,32.0,1.2,0.833
Kerstersia,257820,9,37,0.0,0.0,25,3,0.0,0.0,0,0,3,0,3,matched,Bacteria,21,84.0,3.0,0.333
Coprothermobacter,68335,56,278,0.02,0.02,25,4,0.0,0.0,0,0,4,0,4,matched,Bacteria,4,16.0,14.0,0.071
Caldisericum,693074,42,404,0.01,0.03,25,5,0.0,0.0,0,0,5,0,5,matched,Bacteria,2,8.0,8.4,0.119
Methyloprofundus,1565313,24,175,0.01,0.01,25,2,0.0,0.0,0,0,2,0,2,matched,Bacteria,1,4.0,12.0,0.083
Embleya,2699295,1,11,0.0,0.0,25,24,0.0,0.02,0,0,24,0,24,matched,Bacteria,25,100.0,0.042,24.0
Methylacidiphilaceae.U.genus,717964,132,1158,0.05,0.09,25,10,0.0,0.01,0,0,10,0,10,matched,Bacteria,17,68.0,13.2,0.076
Rubritalea,361050,45,158,0.02,0.01,25,8,0.0,0.01,0,0,8,0,8,matched,Bacteria,8,32.0,5.625,0.178
Filomicrobium,119044,50,227,0.02,0.02,25,4,0.0,0.0,0,0,4,0,4,matched,Bacteria,3,12.0,12.5,0.08
Stakelama,1124625,3,5,0.0,0.0,25,8,0.0,0.01,0,0,8,0,8,matched,Bacteria,9,36.0,0.375,2.667
Thermobifida,83677,16,51,0.01,0.0,25,6,0.0,0.01,0,0,6,0,6,matched,Bacteria,14,56.0,2.667,0.375
Franconibacter,1649295,2,2,0.0,0.0,25,5,0.0,0.0,0,0,5,0,5,matched,Bacteria,20,80.0,0.4,2.5
Macellibacteroides,1159323,50,192,0.02,0.01,25,4,0.0,0.0,0,0,4,0,4,matched,Bacteria,4,16.0,12.5,0.08
Luteococcus,33983,10,20,0.0,0.0,25,12,0.0,0.01,0,0,12,0,12,matched,Bacteria,14,56.0,0.833,1.2
Pyrococcus,2260,3,29,0.0,0.0,25,9,0.0,0.01,0,0,9,0,9,matched,Archaea,22,88.0,0.333,3.0
Niameybacter,1973274,1,10,0.0,0.0,25,4,0.0,0.0,0,0,4,0,4,matched,Bacteria,1,4.0,0.25,4.0
Halorussus,1070314,34,58,0.01,0.0,25,21,0.0,0.02,0,0,21,0,21,matched,Archaea,25,100.0,1.619,0.618
Planktotalea,1195766,14,75,0.0,0.01,25,4,0.0,0.0,0,0,4,0,4,matched,Bacteria,4,16.0,3.5,0.286
Amnibacterium,1029631,7,39,0.0,0.0,25,8,0.0,0.01,0,0,8,0,8,matched,Bacteria,9,36.0,0.875,1.143
Haloferula,574899,32,92,0.01,0.01,25,9,0.0,0.01,0,0,9,0,9,matched,Bacteria,8,32.0,3.556,0.281
Dehalobacter,56112,24,63,0.01,0.0,25,15,0.0,0.01,0,0,15,0,15,matched,Bacteria,15,60.0,1.6,0.625
Methanomethylovorans,101191,9,107,0.0,0.01,25,5,0.0,0.0,0,0,5,0,5,matched,Archaea,1,4.0,1.8,0.556
Thiohalocapsa,85079,37,128,0.01,0.01,25,6,0.0,0.01,0,0,6,0,6,matched,Bacteria,4,16.0,6.167,0.162
Atopostipes,292480,32,70,0.01,0.01,25,4,0.0,0.0,0,0,4,0,4,matched,Bacteria,1,4.0,8.0,0.125
Caproiciproducens,1738645,76,255,0.03,0.02,25,10,0.0,0.01,0,0,10,0,10,matched,Bacteria,11,44.0,7.6,0.132
Rubritaleaceae.U.genus,1648490,17,51,0.01,0.0,25,8,0.0,0.01,0,0,8,0,8,matched,Bacteria,8,32.0,2.125,0.471
Tepidanaerobacter,499228,32,108,0.01,0.01,25,9,0.0,0.01,0,0,9,0,9,matched,Bacteria,6,24.0,3.556,0.281
Herbinix,1663717,30,71,0.01,0.01,25,6,0.0,0.01,0,0,6,0,6,matched,Bacteria,5,20.0,5.0,0.2
Elioraea,457933,4,80,0.0,0.01,25,7,0.0,0.01,0,0,7,0,7,matched,Bacteria,5,20.0,0.571,1.75
Rhodothermus,29548,13,103,0.0,0.01,24,5,0.0,0.0,0,0,5,0,5,matched,Bacteria,11,45.83,2.6,0.385
Aquitalea,407217,6,51,0.0,0.0,24,16,0.0,0.02,0,0,16,0,16,matched,Bacteria,15,62.5,0.375,2.667
Labilithrix,1524217,5,13,0.0,0.0,24,3,0.0,0.0,0,0,3,0,3,matched,Bacteria,1,4.17,1.667,0.6
Blastopirellula,265487,629,2154,0.22,0.17,24,7,0.0,0.01,0,0,7,0,7,matched,Bacteria,10,41.67,89.857,0.011
Tatumella,82986,7,49,0.0,0.0,24,17,0.0,0.02,0,0,17,0,17,matched,Bacteria,22,91.67,0.412,2.429
Crocinitomix,246873,70,337,0.02,0.03,24,5,0.0,0.0,0,0,5,0,5,matched,Bacteria,5,20.83,14.0,0.071
Catonella,43996,29,90,0.01,0.01,24,4,0.0,0.0,0,0,4,0,4,matched,Bacteria,2,8.33,7.25,0.138
Euzebyaceae.U.genus,908622,77,230,0.03,0.02,24,5,0.0,0.0,0,0,5,0,5,matched,Bacteria,3,12.5,15.4,0.065
Proteiniclasticum,1155385,34,144,0.01,0.01,24,7,0.0,0.01,0,0,7,0,7,matched,Bacteria,7,29.17,4.857,0.206
Immundisolibacter,1934947,11,95,0.0,0.01,24,2,0.0,0.0,0,0,2,0,2,matched,Bacteria,1,4.17,5.5,0.182
Inquilinus,171673,25,156,0.01,0.01,24,12,0.0,0.01,0,0,12,0,12,matched,Bacteria,17,70.83,2.083,0.48
Anaerofustis,264995,41,98,0.01,0.01,24,6,0.0,0.01,0,0,6,0,6,matched,Bacteria,12,50.0,6.833,0.146
Thermocrinis,75905,13,214,0.0,0.02,24,6,0.0,0.01,0,0,6,0,6,matched,Bacteria,4,16.67,2.167,0.462
Oryzihumus,344063,24,352,0.01,0.03,24,2,0.0,0.0,0,0,2,0,2,matched,Bacteria,2,8.33,12.0,0.083
Desulfovermiculus,339721,65,261,0.02,0.02,24,2,0.0,0.0,0,0,2,0,2,matched,Bacteria,1,4.17,32.5,0.031
Arsenicicoccus,267408,3,12,0.0,0.0,24,10,0.0,0.01,0,0,10,0,10,matched,Bacteria,11,45.83,0.3,3.333
Lawsonella,1847725,42,207,0.01,0.02,24,3,0.0,0.0,0,0,3,0,3,matched,Bacteria,4,16.67,14.0,0.071
Methanomicrobium,2204,25,69,0.01,0.01,24,4,0.0,0.0,0,0,4,0,4,matched,Archaea,3,12.5,6.25,0.16
Ruaniaceae.U.genus,1331736,2,3,0.0,0.0,24,16,0.0,0.02,0,0,16,0,16,matched,Bacteria,15,62.5,0.125,8.0
Nitrosovibrio,1232,2,2,0.0,0.0,24,4,0.0,0.0,0,0,4,0,4,matched,Bacteria,5,20.83,0.5,2.0
Saccharospirillum,231683,9,78,0.0,0.01,24,9,0.0,0.01,0,0,9,0,9,matched,Bacteria,11,45.83,1.0,1.0
Methylosinus,425,15,47,0.01,0.0,24,15,0.0,0.01,0,0,15,0,15,matched,Bacteria,21,87.5,1.0,1.0
Viridibacillus,496496,3,13,0.0,0.0,24,12,0.0,0.01,0,0,12,0,12,matched,Bacteria,24,100.0,0.25,4.0
Desulfurella,33001,9,59,0.0,0.0,24,4,0.0,0.0,0,0,4,0,4,matched,Bacteria,4,16.67,2.25,0.444
Mangrovimonas,1211036,6,8,0.0,0.0,23,13,0.0,0.01,0,0,13,0,13,matched,Bacteria,15,65.22,0.462,2.167
Kineosporia,49184,20,169,0.01,0.01,23,14,0.0,0.01,0,0,14,0,14,matched,Bacteria,18,78.26,1.429,0.7
Yokenella,158876,5,34,0.0,0.0,23,1,0.0,0.0,0,0,1,0,1,matched,Bacteria,18,78.26,5.0,0.2
Terasakiellaceae.U.genus,2813951,73,222,0.03,0.02,23,7,0.0,0.01,0,0,7,0,7,matched,Bacteria,5,21.74,10.429,0.096
Tolypothrix,111782,11,83,0.0,0.01,23,15,0.0,0.01,0,0,15,0,15,matched,Bacteria,17,73.91,0.733,1.364
Terasakiella,196080,12,57,0.0,0.0,23,7,0.0,0.01,0,0,7,0,7,matched,Bacteria,5,21.74,1.714,0.583
Kordia,221065,18,59,0.01,0.0,23,10,0.0,0.01,0,0,10,0,10,matched,Bacteria,9,39.13,1.8,0.556
Roseococcus,35812,5,58,0.0,0.0,23,10,0.0,0.01,0,0,10,0,10,matched,Bacteria,10,43.48,0.5,2.0
Trichormus,264688,4,7,0.0,0.0,23,7,0.0,0.01,0,0,7,0,7,matched,Bacteria,16,69.57,0.571,1.75
Paucilactobacillus,2767890,2,3,0.0,0.0,23,9,0.0,0.01,0,0,9,0,9,matched,Bacteria,14,60.87,0.222,4.5
Thermaerobacter,73918,13,38,0.0,0.0,23,7,0.0,0.01,0,0,7,0,7,matched,Bacteria,7,30.43,1.857,0.538
Bombella,1654741,2,2,0.0,0.0,23,14,0.0,0.01,0,0,14,0,14,matched,Bacteria,17,73.91,0.143,7.0
Desulfopila,429014,46,110,0.02,0.01,23,6,0.0,0.01,0,0,6,0,6,matched,Bacteria,4,17.39,7.667,0.13
Thiomargarita,90372,8,17,0.0,0.0,23,3,0.0,0.0,0,0,3,0,3,matched,Bacteria,1,4.35,2.667,0.375
Dongia,1146845,55,564,0.02,0.04,23,8,0.0,0.01,0,0,8,0,8,matched,Bacteria,7,30.43,6.875,0.145
Sulfuricaulis,1744881,6,78,0.0,0.01,23,2,0.0,0.0,0,0,2,0,2,matched,Bacteria,1,4.35,3.0,0.333
Kytococcus,57499,2,14,0.0,0.0,23,8,0.0,0.01,0,0,8,0,8,matched,Bacteria,16,69.57,0.25,4.0
Intrasporangium,53357,9,42,0.0,0.0,23,10,0.0,0.01,0,0,10,0,10,matched,Bacteria,10,43.48,0.9,1.111
Marinifilum,866673,68,294,0.02,0.02,23,12,0.0,0.01,0,0,12,0,12,matched,Bacteria,12,52.17,5.667,0.176
Cognatishimia,2211635,10,19,0.0,0.0,23,10,0.0,0.01,0,0,10,0,10,matched,Bacteria,11,47.83,1.0,1.0
Frateuria,70411,6,56,0.0,0.0,23,14,0.0,0.01,0,0,14,0,14,matched,Bacteria,15,65.22,0.429,2.333
Chroococcaceae.U.genus,1890464,1,2,0.0,0.0,23,15,0.0,0.01,0,0,15,0,15,matched,Bacteria,17,73.91,0.067,15.0
Larkinella,332157,19,30,0.01,0.0,22,17,0.0,0.02,0,0,17,0,17,matched,Bacteria,19,86.36,1.118,0.895
Ezakiella,1582879,21,46,0.01,0.0,22,5,0.0,0.0,0,0,5,0,5,matched,Bacteria,4,18.18,4.2,0.238
Algiphilus,1266053,6,20,0.0,0.0,22,3,0.0,0.0,0,0,3,0,3,matched,Bacteria,2,9.09,2.0,0.5
Uliginosibacterium,392735,23,88,0.01,0.01,22,13,0.0,0.01,0,0,13,0,13,matched,Bacteria,15,68.18,1.769,0.565
Pseudorhizobium,1903858,1,1,0.0,0.0,22,10,0.0,0.01,0,0,10,0,10,matched,Bacteria,14,63.64,0.1,10.0
Pelosinus,365348,53,234,0.02,0.02,22,9,0.0,0.01,0,0,9,0,9,matched,Bacteria,11,50.0,5.889,0.17
Modicisalibacter,574347,1,3,0.0,0.0,22,12,0.0,0.01,0,0,12,0,12,matched,Bacteria,20,90.91,0.083,12.0
Thiocapsa,1056,8,50,0.0,0.0,22,14,0.0,0.01,0,0,14,0,14,matched,Bacteria,7,31.82,0.571,1.75
Sinirhodobacter,1470577,1,9,0.0,0.0,22,9,0.0,0.01,0,0,9,0,9,matched,Bacteria,14,63.64,0.111,9.0
Methylovulum,762296,11,35,0.0,0.0,22,3,0.0,0.0,0,0,3,0,3,matched,Bacteria,4,18.18,3.667,0.273
Aquifex,2713,6,14,0.0,0.0,22,4,0.0,0.0,0,0,4,0,4,matched,Bacteria,2,9.09,1.5,0.667
Polyangium,55,13,50,0.0,0.0,22,11,0.0,0.01,0,0,11,0,11,matched,Bacteria,10,45.45,1.182,0.846
Psychrosinus,365348,3,29,0.0,0.0,22,9,0.0,0.01,0,0,9,0,9,matched,Bacteria,11,50.0,0.333,3.0
Beutenbergiaceae.U.genus,125316,2,3,0.0,0.0,22,9,0.0,0.01,0,0,9,0,9,matched,Bacteria,10,45.45,0.222,4.5
Methylomagnum,1760987,9,29,0.0,0.0,22,3,0.0,0.0,0,0,3,0,3,matched,Bacteria,0,0.0,3.0,0.333
Bryobacter,911113,520,1850,0.18,0.14,22,4,0.0,0.0,0,0,4,0,4,matched,Bacteria,1,4.55,130.0,0.008
Lonepinella,53416,2,5,0.0,0.0,22,13,0.0,0.01,0,0,13,0,13,matched,Bacteria,20,90.91,0.154,6.5
Rivulariaceae.U.genus,1185,2,14,0.0,0.0,22,9,0.0,0.01,0,0,9,0,9,matched,Bacteria,4,18.18,0.222,4.5
Methanothermococcus,155862,5,43,0.0,0.0,22,10,0.0,0.01,0,0,10,0,10,matched,Archaea,9,40.91,0.5,2.0
Desulfosalsimonas,377149,7,20,0.0,0.0,22,2,0.0,0.0,0,0,2,0,2,matched,Bacteria,1,4.55,3.5,0.286
Thermovibrio,171868,9,33,0.0,0.0,22,3,0.0,0.0,0,0,3,0,3,matched,Bacteria,2,9.09,3.0,0.333
Truepera,332248,189,620,0.07,0.05,22,4,0.0,0.0,0,0,4,0,4,matched,Bacteria,2,9.09,47.25,0.021
Dethiobacter,427925,76,179,0.03,0.01,22,3,0.0,0.0,0,0,3,0,3,matched,Bacteria,2,9.09,25.333,0.039
Limnochordales.U.genus,1676649,27,47,0.01,0.0,22,6,0.0,0.01,0,0,6,0,6,matched,Bacteria,3,13.64,4.5,0.222
Paenirhodobacter,1470577,5,8,0.0,0.0,22,9,0.0,0.01,0,0,9,0,9,matched,Bacteria,14,63.64,0.556,1.8
Ktedonobacter,363276,29,118,0.01,0.01,22,12,0.0,0.01,0,0,12,0,12,matched,Bacteria,4,18.18,2.417,0.414
Halodesulfurarchaeum,1980514,5,19,0.0,0.0,22,3,0.0,0.0,0,0,3,0,3,matched,Archaea,3,13.64,1.667,0.6
Catenococcus,1264,11,15,0.0,0.0,22,1,0.0,0.0,0,1,0,0,1,matched,Bacteria,9,40.91,11.0,0.091
Subtercola,120212,6,20,0.0,0.0,21,10,0.0,0.01,0,0,10,0,10,matched,Bacteria,18,85.71,0.6,1.667
Scytonema,1203,47,205,0.02,0.02,21,14,0.0,0.01,0,0,14,0,14,matched,Bacteria,14,66.67,3.357,0.298
Phreatobacter,1632780,45,144,0.02,0.01,21,7,0.0,0.01,0,0,7,0,7,matched,Bacteria,6,28.57,6.429,0.156
Cysteiniphilum,2056696,5,11,0.0,0.0,21,12,0.0,0.01,0,0,12,0,12,matched,Bacteria,21,100.0,0.417,2.4
Richelia,98443,3,4,0.0,0.0,21,12,0.0,0.01,0,0,12,0,12,matched,Bacteria,5,23.81,0.25,4.0
Kutzneria,43356,3,18,0.0,0.0,21,10,0.0,0.01,0,0,10,0,10,matched,Bacteria,17,80.95,0.3,3.333
Xenococcaceae.U.genus,1890499,15,33,0.01,0.0,21,12,0.0,0.01,0,0,12,0,12,matched,Bacteria,1,4.76,1.25,0.8
Natronorubrum,134813,17,36,0.01,0.0,21,15,0.0,0.01,0,0,15,0,15,matched,Archaea,18,85.71,1.133,0.882
Hydrocarboniphaga,243627,10,58,0.0,0.0,21,4,0.0,0.0,0,0,4,0,4,matched,Bacteria,2,9.52,2.5,0.4
Desertifilaceae.U.genus,1969992,3,11,0.0,0.0,21,19,0.0,0.02,0,0,19,0,19,matched,Bacteria,10,47.62,0.158,6.333
Ahrensia,152180,5,16,0.0,0.0,21,7,0.0,0.01,0,0,7,0,7,matched,Bacteria,7,33.33,0.714,1.4
Pectinatus,864,8,25,0.0,0.0,21,6,0.0,0.01,0,0,6,0,6,matched,Bacteria,19,90.48,1.333,0.75
Acetoanaerobium,186831,22,80,0.01,0.01,21,5,0.0,0.0,0,0,5,0,5,matched,Bacteria,4,19.05,4.4,0.227
Athalassotoga,1769718,1,2,0.0,0.0,21,2,0.0,0.0,0,0,2,0,2,matched,Bacteria,1,4.76,0.5,2.0
Vitreoscilla,59,6,30,0.0,0.0,21,6,0.0,0.01,0,0,6,0,6,matched,Bacteria,7,33.33,1.0,1.0
Leadbetterella,319458,16,39,0.01,0.0,21,5,0.0,0.0,0,0,5,0,5,matched,Bacteria,3,14.29,3.2,0.312
Hippea,84404,18,44,0.01,0.0,21,6,0.0,0.01,0,0,6,0,6,matched,Bacteria,4,19.05,3.0,0.333
Domibacillus,1433999,9,48,0.0,0.0,21,14,0.0,0.01,0,0,14,0,14,matched,Bacteria,18,85.71,0.643,1.556
Candidatus Desulfofervidaceae.U.genus,1902584,9,55,0.0,0.0,21,3,0.0,0.0,0,0,3,0,3,matched,Bacteria,1,4.76,3.0,0.333
Aquimonas,265718,15,82,0.01,0.01,21,3,0.0,0.0,0,0,3,0,3,matched,Bacteria,1,4.76,5.0,0.2
Tropheryma,2038,1,4,0.0,0.0,21,1,0.0,0.0,0,0,1,0,1,matched,Bacteria,19,90.48,1.0,1.0
Roseivivax,93682,37,130,0.01,0.01,21,15,0.0,0.01,0,0,15,0,15,matched,Bacteria,16,76.19,2.467,0.405
Tagaea,1755817,5,10,0.0,0.0,21,2,0.0,0.0,0,0,2,0,2,matched,Bacteria,0,0.0,2.5,0.4
Plasticicumulans,1400827,8,24,0.0,0.0,21,3,0.0,0.0,0,0,3,0,3,matched,Bacteria,2,9.52,2.667,0.375
Desulfonatronospira,488937,6,13,0.0,0.0,21,3,0.0,0.0,0,0,3,0,3,matched,Bacteria,1,4.76,2.0,0.5
Simplicispira,352450,20,89,0.01,0.01,21,11,0.0,0.01,0,0,11,0,11,matched,Bacteria,10,47.62,1.818,0.55
Catenulispora,414878,6,62,0.0,0.0,20,13,0.0,0.01,0,0,13,0,13,matched,Bacteria,14,70.0,0.462,2.167
Oceanospirillum,965,24,62,0.01,0.0,20,8,0.0,0.01,0,0,8,0,8,matched,Bacteria,9,45.0,3.0,0.333
Hydrogenobaculum,168657,18,136,0.01,0.01,20,7,0.0,0.01,0,0,7,0,7,matched,Bacteria,6,30.0,2.571,0.389
Congregibacter,393661,7,13,0.0,0.0,20,5,0.0,0.0,0,0,5,0,5,matched,Bacteria,4,20.0,1.4,0.714
Pygmaiobacter,1929305,11,13,0.0,0.0,20,4,0.0,0.0,0,0,4,0,4,matched,Bacteria,1,5.0,2.75,0.364
Synergistes,2753,9,17,0.0,0.0,20,5,0.0,0.0,0,0,5,0,5,matched,Bacteria,7,35.0,1.8,0.556
Desulfobacca,60892,99,653,0.03,0.05,20,6,0.0,0.01,0,0,6,0,6,matched,Bacteria,1,5.0,16.5,0.061
Halodesulfovibrio,1912771,10,74,0.0,0.01,20,5,0.0,0.0,0,0,5,0,5,matched,Bacteria,11,55.0,2.0,0.5
Peptoanaerobacter,1913599,1,6,0.0,0.0,20,3,0.0,0.0,0,0,3,0,3,matched,Bacteria,6,30.0,0.333,3.0
Acidianus,12914,10,51,0.0,0.0,20,10,0.0,0.01,0,0,10,0,10,matched,Archaea,11,55.0,1.0,1.0
Grimontia,246861,3,31,0.0,0.0,20,9,0.0,0.01,0,0,9,0,9,matched,Bacteria,20,100.0,0.333,3.0
Syntrophothermus,129001,15,70,0.01,0.01,20,6,0.0,0.01,0,0,6,0,6,matched,Bacteria,1,5.0,2.5,0.4
Terrimonas,296051,158,831,0.05,0.06,20,7,0.0,0.01,0,0,7,0,7,matched,Bacteria,6,30.0,22.571,0.044
Aliidiomarina,1249554,25,62,0.01,0.0,20,16,0.0,0.02,0,0,16,0,16,matched,Bacteria,16,80.0,1.562,0.64
Brumimicrobium,200473,17,99,0.01,0.01,20,7,0.0,0.01,0,0,7,0,7,matched,Bacteria,5,25.0,2.429,0.412
Telmatospirillum,382513,30,156,0.01,0.01,20,4,0.0,0.0,0,0,4,0,4,matched,Bacteria,2,10.0,7.5,0.133
Oricola,1594166,2,3,0.0,0.0,20,5,0.0,0.0,0,0,5,0,5,matched,Bacteria,5,25.0,0.4,2.5
Aphanothece,1121,5,8,0.0,0.0,20,8,0.0,0.01,0,0,8,0,8,matched,Bacteria,6,30.0,0.625,1.6
Thalassobaculum,526215,10,66,0.0,0.01,20,6,0.0,0.01,0,0,6,0,6,matched,Bacteria,4,20.0,1.667,0.6
Holophaga,35838,21,129,0.01,0.01,20,3,0.0,0.0,0,0,3,0,3,matched,Bacteria,1,5.0,7.0,0.143
Streptomonospora,104204,8,23,0.0,0.0,20,11,0.0,0.01,0,0,11,0,11,matched,Bacteria,20,100.0,0.727,1.375
Aquihabitans,1648491,1,2,0.0,0.0,20,5,0.0,0.0,0,0,5,0,5,matched,Bacteria,3,15.0,0.2,5.0
Dehalogenimonas,670486,9,52,0.0,0.0,20,10,0.0,0.01,0,0,10,0,10,matched,Bacteria,10,50.0,0.9,1.111
Euzebya,908623,5,22,0.0,0.0,20,4,0.0,0.0,0,0,4,0,4,matched,Bacteria,3,15.0,1.25,0.8
Patulibacter,361607,12,34,0.0,0.0,19,10,0.0,0.01,0,0,10,0,10,matched,Bacteria,8,42.11,1.2,0.833
Brooklawnia,369926,4,11,0.0,0.0,19,4,0.0,0.0,0,0,4,0,4,matched,Bacteria,4,21.05,1.0,1.0
Mangrovibacterium,1573808,4,15,0.0,0.0,19,4,0.0,0.0,0,0,4,0,4,matched,Bacteria,3,15.79,1.0,1.0
Rhodospirillum,1081,8,55,0.0,0.0,19,6,0.0,0.01,0,0,6,0,6,matched,Bacteria,8,42.11,1.333,0.75
Methanocalculus,71151,22,73,0.01,0.01,19,10,0.0,0.01,0,0,10,0,10,matched,Archaea,6,31.58,2.2,0.455
Methylacidiphilum,511745,1,10,0.0,0.0,19,7,0.0,0.01,0,0,7,0,7,matched,Bacteria,15,78.95,0.143,7.0
Caldisphaera,200414,8,36,0.0,0.0,19,2,0.0,0.0,0,0,2,0,2,matched,Archaea,1,5.26,4.0,0.25
Serinicoccus,265976,4,17,0.0,0.0,19,11,0.0,0.01,0,0,11,0,11,matched,Bacteria,15,78.95,0.364,2.75
Pseudobacillus,108525,1,1,0.0,0.0,19,5,0.0,0.0,0,0,5,0,5,matched,Bacteria,18,94.74,0.2,5.0
Cellulosilyticum,698776,36,77,0.01,0.01,19,8,0.0,0.01,0,0,8,0,8,matched,Bacteria,5,26.32,4.5,0.222
Mycoavidus,1810868,1,5,0.0,0.0,19,4,0.0,0.0,0,0,4,0,4,matched,Bacteria,5,26.32,0.25,4.0
Jeotgalibacillus,157226,4,23,0.0,0.0,19,14,0.0,0.01,0,0,14,0,14,matched,Bacteria,19,100.0,0.286,3.5
Oceanimonas,129577,9,32,0.0,0.0,19,11,0.0,0.01,0,0,11,0,11,matched,Bacteria,18,94.74,0.818,1.222
Chitinimonas,240411,24,56,0.01,0.0,19,12,0.0,0.01,0,0,12,0,12,matched,Bacteria,13,68.42,2.0,0.5
Mesoaciditoga,1495038,12,26,0.0,0.0,19,3,0.0,0.0,0,0,3,0,3,matched,Bacteria,1,5.26,4.0,0.25
Bythopirellula,1400386,21,31,0.01,0.0,19,4,0.0,0.0,0,0,4,0,4,matched,Bacteria,2,10.53,5.25,0.19
Emcibacter,1602338,4,11,0.0,0.0,19,3,0.0,0.0,0,0,3,0,3,matched,Bacteria,3,15.79,1.333,0.75
Hydrogenophilus,70774,11,86,0.0,0.01,19,5,0.0,0.0,0,0,5,0,5,matched,Bacteria,7,36.84,2.2,0.455
Tepidiphilus,203470,11,70,0.0,0.01,19,8,0.0,0.01,0,0,8,0,8,matched,Bacteria,9,47.37,1.375,0.727
Desulfurococcus,2273,9,48,0.0,0.0,19,3,0.0,0.0,0,0,3,0,3,matched,Archaea,5,26.32,3.0,0.333
Halococcus,2249,29,97,0.01,0.01,19,14,0.0,0.01,0,0,14,0,14,matched,Archaea,18,94.74,2.071,0.483
Saccharibacillus,456492,7,21,0.0,0.0,19,13,0.0,0.01,0,0,13,0,13,matched,Bacteria,18,94.74,0.538,1.857
Fusibacter,76008,192,682,0.07,0.05,19,10,0.0,0.01,0,0,10,0,10,matched,Bacteria,10,52.63,19.2,0.052
Ornithinibacillus,484508,16,22,0.01,0.0,19,17,0.0,0.02,0,0,17,0,17,matched,Bacteria,18,94.74,0.941,1.062
Kushneria,504090,5,28,0.0,0.0,18,14,0.0,0.01,0,0,14,0,14,matched,Bacteria,17,94.44,0.357,2.8
Litorimonas,1167830,6,27,0.0,0.0,18,6,0.0,0.01,0,0,6,0,6,matched,Bacteria,6,33.33,1.0,1.0
Azohydromonas,312063,4,25,0.0,0.0,18,8,0.0,0.01,0,0,8,0,8,matched,Bacteria,8,44.44,0.5,2.0
Chroococcidiopsis,54298,43,120,0.01,0.01,18,12,0.0,0.01,0,0,12,0,12,matched,Bacteria,8,44.44,3.583,0.279
Wenyingzhuangia,1518147,6,22,0.0,0.0,18,11,0.0,0.01,0,0,11,0,11,matched,Bacteria,11,61.11,0.545,1.833
Gilvimarinus,940550,8,21,0.0,0.0,18,13,0.0,0.01,0,0,13,0,13,matched,Bacteria,16,88.89,0.615,1.625
Nosocomiicoccus,489909,5,18,0.0,0.0,18,7,0.0,0.01,0,0,7,0,7,matched,Bacteria,12,66.67,0.714,1.4
Syntrophotalea,2812025,21,64,0.01,0.0,18,5,0.0,0.0,0,0,5,0,5,matched,Bacteria,4,22.22,4.2,0.238
Breznakia,1854458,8,18,0.0,0.0,18,16,0.0,0.02,0,0,16,0,16,matched,Bacteria,15,83.33,0.5,2.0
Nitrincola,267849,6,17,0.0,0.0,18,12,0.0,0.01,0,0,12,0,12,matched,Bacteria,11,61.11,0.5,2.0
Hydrogenivirga,246263,6,14,0.0,0.0,18,3,0.0,0.0,0,0,3,0,3,matched,Bacteria,2,11.11,2.0,0.5
Thiodictyon,53392,2,10,0.0,0.0,18,3,0.0,0.0,0,0,3,0,3,matched,Bacteria,1,5.56,0.667,1.5
Trichlorobacter,115782,8,83,0.0,0.01,18,4,0.0,0.0,0,0,4,0,4,matched,Bacteria,4,22.22,2.0,0.5
Pseudacidovorax,433923,3,3,0.0,0.0,18,6,0.0,0.01,0,0,6,0,6,matched,Bacteria,6,33.33,0.5,2.0
Mumia,1546255,3,21,0.0,0.0,18,12,0.0,0.01,0,0,12,0,12,matched,Bacteria,16,88.89,0.25,4.0
Lachnotalea,1763508,6,13,0.0,0.0,18,4,0.0,0.0,0,0,4,0,4,matched,Bacteria,4,22.22,1.5,0.667
Olivibacter,376469,18,33,0.01,0.0,18,14,0.0,0.01,0,0,14,0,14,matched,Bacteria,16,88.89,1.286,0.778
Globicatella,13075,7,16,0.0,0.0,18,4,0.0,0.0,0,0,4,0,4,matched,Bacteria,13,72.22,1.75,0.571
Thermoclostridium,2304691,16,47,0.01,0.0,18,4,0.0,0.0,0,0,4,0,4,matched,Bacteria,7,38.89,4.0,0.25
Azorhizobium,6,4,24,0.0,0.0,18,10,0.0,0.01,0,0,10,0,10,matched,Bacteria,8,44.44,0.4,2.5
Pseudoramibacter,113286,10,90,0.0,0.01,18,6,0.0,0.01,0,0,6,0,6,matched,Bacteria,4,22.22,1.667,0.6
Oscillatoria,1158,27,82,0.01,0.01,18,16,0.0,0.02,0,0,16,0,16,matched,Bacteria,8,44.44,1.688,0.593
Fastidiosipila,236752,146,484,0.05,0.04,18,3,0.0,0.0,0,0,3,0,3,matched,Bacteria,1,5.56,48.667,0.021
Thiohalophilus,445670,62,144,0.02,0.01,18,3,0.0,0.0,0,0,3,0,3,matched,Bacteria,1,5.56,20.667,0.048
Bhargavaea,941338,9,32,0.0,0.0,18,8,0.0,0.01,0,0,8,0,8,matched,Bacteria,17,94.44,1.125,0.889
Denitromonas,139331,9,41,0.0,0.0,18,4,0.0,0.0,0,0,4,0,4,matched,Bacteria,4,22.22,2.25,0.444
Aliiglaciecola,1406885,10,17,0.0,0.0,18,13,0.0,0.01,0,0,13,0,13,matched,Bacteria,13,72.22,0.769,1.3
Polymorphobacter,1508451,15,149,0.01,0.01,18,4,0.0,0.0,0,0,4,0,4,matched,Bacteria,3,16.67,3.75,0.267
Acaryochloris,155977,8,25,0.0,0.0,18,11,0.0,0.01,0,0,11,0,11,matched,Bacteria,8,44.44,0.727,1.375
Alkalispirochaeta,2024958,19,55,0.01,0.0,18,5,0.0,0.0,0,0,5,0,5,matched,Bacteria,4,22.22,3.8,0.263
Teredinibacter,2425,7,24,0.0,0.0,18,6,0.0,0.01,0,0,6,0,6,matched,Bacteria,18,100.0,1.167,0.857
Halorientalis,1073987,14,23,0.0,0.0,18,10,0.0,0.01,0,0,10,0,10,matched,Archaea,13,72.22,1.4,0.714
Silanimonas,292713,19,126,0.01,0.01,18,3,0.0,0.0,0,0,3,0,3,matched,Bacteria,2,11.11,6.333,0.158
Planomicrobium,162291,40,185,0.01,0.01,18,9,0.0,0.01,0,0,9,0,9,matched,Bacteria,14,77.78,4.444,0.225
Enterovirga,2026349,1,3,0.0,0.0,18,6,0.0,0.01,0,0,6,0,6,matched,Bacteria,4,22.22,0.167,6.0
Methanocella,570266,38,142,0.01,0.01,18,7,0.0,0.01,0,0,7,0,7,matched,Archaea,5,27.78,5.429,0.184
Chiayiivirga,1648505,4,7,0.0,0.0,18,3,0.0,0.0,0,0,3,0,3,matched,Bacteria,1,5.56,1.333,0.75
Rubellimicrobium,295418,51,253,0.02,0.02,18,9,0.0,0.01,0,0,9,0,9,matched,Bacteria,9,50.0,5.667,0.176
Chelativorans,449972,13,40,0.0,0.0,18,16,0.0,0.02,0,0,16,0,16,matched,Bacteria,16,88.89,0.812,1.231
Pontibacterium,2036025,3,6,0.0,0.0,18,3,0.0,0.0,0,0,3,0,3,matched,Bacteria,2,11.11,1.0,1.0
Thioalkalispiraceae.U.genus,1096778,86,206,0.03,0.02,18,3,0.0,0.0,0,0,3,0,3,matched,Bacteria,1,5.56,28.667,0.035
Catenuloplanes,33874,3,20,0.0,0.0,17,10,0.0,0.01,0,0,10,0,10,matched,Bacteria,16,94.12,0.3,3.333
Bernardetiaceae.U.genus,1937968,3,5,0.0,0.0,17,8,0.0,0.01,0,0,8,0,8,matched,Bacteria,6,35.29,0.375,2.667
Panacagrimonas,381430,6,20,0.0,0.0,17,3,0.0,0.0,0,0,3,0,3,matched,Bacteria,2,11.76,2.0,0.5
Haloarchaeobius,1269031,3,7,0.0,0.0,17,13,0.0,0.01,0,0,13,0,13,matched,Archaea,17,100.0,0.231,4.333
Caldanaerobacter,249529,28,105,0.01,0.01,17,2,0.0,0.0,0,0,2,0,2,matched,Bacteria,7,41.18,14.0,0.071
Halocynthiibacter,1579315,4,18,0.0,0.0,17,8,0.0,0.01,0,0,8,0,8,matched,Bacteria,6,35.29,0.5,2.0
Ponticaulis,1123044,6,18,0.0,0.0,17,4,0.0,0.0,0,0,4,0,4,matched,Bacteria,2,11.76,1.5,0.667
Actinopolyspora,1849,7,42,0.0,0.0,17,12,0.0,0.01,0,0,12,0,12,matched,Bacteria,17,100.0,0.583,1.714
Croceibacter,216431,2,36,0.0,0.0,17,3,0.0,0.0,0,0,3,0,3,matched,Bacteria,3,17.65,0.667,1.5
Desulfobacterium,2295,32,134,0.01,0.01,17,4,0.0,0.0,0,0,4,0,4,matched,Bacteria,1,5.88,8.0,0.125
Longilinea,475961,202,426,0.07,0.03,17,3,0.0,0.0,0,0,3,0,3,matched,Bacteria,1,5.88,67.333,0.015
Desulfonema,45654,101,282,0.04,0.02,17,4,0.0,0.0,0,0,4,0,4,matched,Bacteria,2,11.76,25.25,0.04
Hahella,158481,18,55,0.01,0.0,17,9,0.0,0.01,0,0,9,0,9,matched,Bacteria,9,52.94,2.0,0.5
Moheibacter,1572763,32,74,0.01,0.01,17,5,0.0,0.0,0,0,5,0,5,matched,Bacteria,3,17.65,6.4,0.156
Pyruvatibacter,1742974,5,14,0.0,0.0,17,3,0.0,0.0,0,0,3,0,3,matched,Bacteria,4,23.53,1.667,0.6
Canibacter,1648503,1,1,0.0,0.0,17,4,0.0,0.0,0,0,4,0,4,matched,Bacteria,5,29.41,0.25,4.0
Syntrophaceticus,862071,24,94,0.01,0.01,17,3,0.0,0.0,0,0,3,0,3,matched,Bacteria,1,5.88,8.0,0.125
Desemzia,82800,10,30,0.0,0.0,17,8,0.0,0.01,0,0,8,0,8,matched,Bacteria,11,64.71,1.25,0.8
Absiella,2749267,4,27,0.0,0.0,17,10,0.0,0.01,0,0,10,0,10,matched,Bacteria,13,76.47,0.4,2.5
Cyanobacterium,102234,8,34,0.0,0.0,17,9,0.0,0.01,0,0,9,0,9,matched,Bacteria,13,76.47,0.889,1.125
Frischella,1335631,3,14,0.0,0.0,17,3,0.0,0.0,0,0,3,0,3,matched,Bacteria,5,29.41,1.0,1.0
Aquincola,391952,5,48,0.0,0.0,17,5,0.0,0.0,0,0,5,0,5,matched,Bacteria,5,29.41,1.0,1.0
Marinimicrobium,359337,22,52,0.01,0.0,17,13,0.0,0.01,0,0,13,0,13,matched,Bacteria,9,52.94,1.692,0.591
Paraperlucidibaca,1268272,2,23,0.0,0.0,17,4,0.0,0.0,0,0,4,0,4,matched,Bacteria,2,11.76,0.5,2.0
Galbibacter,379068,6,10,0.0,0.0,16,9,0.0,0.01,0,0,9,0,9,matched,Bacteria,11,68.75,0.667,1.5
Methanofollis,81416,6,113,0.0,0.01,16,10,0.0,0.01,0,0,10,0,10,matched,Archaea,7,43.75,0.6,1.667
Cuniculiplasma,1747777,6,23,0.0,0.0,16,4,0.0,0.0,0,0,4,0,4,matched,Archaea,4,25.0,1.5,0.667
Anaerobacillus,704093,23,47,0.01,0.0,16,11,0.0,0.01,0,0,11,0,11,matched,Bacteria,9,56.25,2.091,0.478
Ketobacter,2025617,23,85,0.01,0.01,16,5,0.0,0.0,0,0,5,0,5,matched,Bacteria,2,12.5,4.6,0.217
Parasphingopyxis,1234545,9,25,0.0,0.0,16,6,0.0,0.01,0,0,6,0,6,matched,Bacteria,4,25.0,1.5,0.667
Pelagibius,643951,27,128,0.01,0.01,16,7,0.0,0.01,0,0,7,0,7,matched,Bacteria,5,31.25,3.857,0.259
Thermacetogenium,140458,18,80,0.01,0.01,16,6,0.0,0.01,0,0,6,0,6,matched,Bacteria,2,12.5,3.0,0.333
Sabulilitoribacter,369400,2,8,0.0,0.0,16,6,0.0,0.01,0,0,6,0,6,matched,Bacteria,5,31.25,0.333,3.0
Hyphobacterium,2004661,5,28,0.0,0.0,16,8,0.0,0.01,0,0,8,0,8,matched,Bacteria,8,50.0,0.625,1.6
Adhaeribacter,299566,90,328,0.03,0.03,16,12,0.0,0.01,0,0,12,0,12,matched,Bacteria,10,62.5,7.5,0.133
Oceanobacter,196079,18,81,0.01,0.01,16,10,0.0,0.01,0,0,10,0,10,matched,Bacteria,8,50.0,1.8,0.556
Parasaccharibacter,1602345,2,11,0.0,0.0,16,8,0.0,0.01,0,0,8,0,8,matched,Bacteria,13,81.25,0.25,4.0
Halochromatium,85074,26,86,0.01,0.01,16,5,0.0,0.0,0,0,5,0,5,matched,Bacteria,3,18.75,5.2,0.192
Haloquadratum,293431,26,93,0.01,0.01,16,3,0.0,0.0,0,0,3,0,3,matched,Archaea,2,12.5,8.667,0.115
Verrucomicrobium,2735,26,79,0.01,0.01,16,7,0.0,0.01,0,0,7,0,7,matched,Bacteria,6,37.5,3.714,0.269
Inhella,644355,2,25,0.0,0.0,16,5,0.0,0.0,0,0,5,0,5,matched,Bacteria,5,31.25,0.4,2.5
Caloramator,44258,33,114,0.01,0.01,16,11,0.0,0.01,0,0,11,0,11,matched,Bacteria,10,62.5,3.0,0.333
Methylocaldum,73778,13,50,0.0,0.0,16,11,0.0,0.01,0,0,11,0,11,matched,Bacteria,13,81.25,1.182,0.846
Kibdelosporangium,2029,3,24,0.0,0.0,16,7,0.0,0.01,0,0,7,0,7,matched,Bacteria,14,87.5,0.429,2.333
Lutimaribacter,490828,11,20,0.0,0.0,16,6,0.0,0.01,0,0,6,0,6,matched,Bacteria,7,43.75,1.833,0.545
Planomonospora,1998,1,6,0.0,0.0,16,9,0.0,0.01,0,0,9,0,9,matched,Bacteria,16,100.0,0.111,9.0
Deefgea,400947,6,55,0.0,0.0,16,8,0.0,0.01,0,0,8,0,8,matched,Bacteria,8,50.0,0.75,1.333
Parasporobacterium,115543,1,1,0.0,0.0,16,3,0.0,0.0,0,0,3,0,3,matched,Bacteria,1,6.25,0.333,3.0
Microtetraspora,1995,1,10,0.0,0.0,16,8,0.0,0.01,0,0,8,0,8,matched,Bacteria,15,93.75,0.125,8.0
Aliicoccus,1647178,2,4,0.0,0.0,16,2,0.0,0.0,0,0,2,0,2,matched,Bacteria,2,12.5,1.0,1.0
Pontibacillus,289201,10,26,0.0,0.0,16,10,0.0,0.01,0,0,10,0,10,matched,Bacteria,16,100.0,1.0,1.0
Paraeggerthella,651554,1,8,0.0,0.0,16,6,0.0,0.01,0,0,6,0,6,matched,Bacteria,6,37.5,0.167,6.0
Flaviramulus,369400,5,6,0.0,0.0,16,6,0.0,0.01,0,0,6,0,6,matched,Bacteria,5,31.25,0.833,1.2
Brevinema,34096,61,292,0.02,0.02,16,3,0.0,0.0,0,0,3,0,3,matched,Bacteria,1,6.25,20.333,0.049
Pleomorphomonas,261933,12,49,0.0,0.0,16,11,0.0,0.01,0,0,11,0,11,matched,Bacteria,10,62.5,1.091,0.917
Kiloniella,454159,3,8,0.0,0.0,16,8,0.0,0.01,0,0,8,0,8,matched,Bacteria,9,56.25,0.375,2.667
Fibrella,861914,12,34,0.0,0.0,16,11,0.0,0.01,0,0,11,0,11,matched,Bacteria,9,56.25,1.091,0.917
Asanoa,195964,13,34,0.0,0.0,16,11,0.0,0.01,0,0,11,0,11,matched,Bacteria,13,81.25,1.182,0.846
Methylohalobius,244364,2,5,0.0,0.0,16,3,0.0,0.0,0,0,3,0,3,matched,Bacteria,1,6.25,0.667,1.5
Marinospirillum,64968,10,38,0.0,0.0,16,8,0.0,0.01,0,0,8,0,8,matched,Bacteria,8,50.0,1.25,0.8
Flaviflexus,1522056,7,15,0.0,0.0,16,6,0.0,0.01,0,0,6,0,6,matched,Bacteria,8,50.0,1.167,0.857
Desulfofundulus,2282741,17,47,0.01,0.0,15,9,0.0,0.01,0,0,9,0,9,matched,Bacteria,9,60.0,1.889,0.529
Gemmatirosa,1706036,18,50,0.01,0.0,15,3,0.0,0.0,0,0,3,0,3,matched,Bacteria,1,6.67,6.0,0.167
Methylocapsa,184923,5,17,0.0,0.0,15,8,0.0,0.01,0,0,8,0,8,matched,Bacteria,7,46.67,0.625,1.6
Limnothrix,132605,22,85,0.01,0.01,15,13,0.0,0.01,0,0,13,0,13,matched,Bacteria,8,53.33,1.692,0.591
Actinopolymorpha,117156,7,38,0.0,0.0,15,9,0.0,0.01,0,0,9,0,9,matched,Bacteria,15,100.0,0.778,1.286
Halalkalicoccus,332246,2,14,0.0,0.0,15,8,0.0,0.01,0,0,8,0,8,matched,Archaea,13,86.67,0.25,4.0
Imperialibacter,1649461,17,31,0.01,0.0,15,6,0.0,0.01,0,0,6,0,6,matched,Bacteria,4,26.67,2.833,0.353
Quadrisphaera,317661,29,89,0.01,0.01,15,9,0.0,0.01,0,0,9,0,9,matched,Bacteria,9,60.0,3.222,0.31
Beggiatoa,1021,30,118,0.01,0.01,15,8,0.0,0.01,0,0,8,0,8,matched,Bacteria,11,73.33,3.75,0.267
Halapricum,1542963,29,60,0.01,0.0,15,5,0.0,0.0,0,0,5,0,5,matched,Archaea,9,60.0,5.8,0.172
Marinitoga,160798,9,28,0.0,0.0,15,14,0.0,0.01,0,0,14,0,14,matched,Bacteria,13,86.67,0.643,1.556
Dielma,1472649,22,39,0.01,0.0,15,2,0.0,0.0,0,0,2,0,2,matched,Bacteria,8,53.33,11.0,0.091
Planktothricoides,132607,6,25,0.0,0.0,15,3,0.0,0.0,0,0,3,0,3,matched,Bacteria,4,26.67,2.0,0.5
Lactonifactor,420345,1,6,0.0,0.0,15,8,0.0,0.01,0,0,8,0,8,matched,Bacteria,14,93.33,0.125,8.0
Iodobacter,32014,1,1,0.0,0.0,15,8,0.0,0.01,0,0,8,0,8,matched,Bacteria,12,80.0,0.125,8.0
Litorilinea,1215913,32,58,0.01,0.0,15,3,0.0,0.0,0,0,3,0,3,matched,Bacteria,2,13.33,10.667,0.094
Caminibacter,191301,33,394,0.01,0.03,15,4,0.0,0.0,0,0,4,0,4,matched,Bacteria,5,33.33,8.25,0.121
Glaciimonas,1229970,2,13,0.0,0.0,15,10,0.0,0.01,0,0,10,0,10,matched,Bacteria,11,73.33,0.2,5.0
Humibacter,427753,5,14,0.0,0.0,15,10,0.0,0.01,0,0,10,0,10,matched,Bacteria,8,53.33,0.5,2.0
Abditibacterium,2109263,257,816,0.09,0.06,15,3,0.0,0.0,0,0,3,0,3,matched,Bacteria,1,6.67,85.667,0.012
Oligoflexaceae.U.genus,1553902,277,708,0.1,0.06,15,5,0.0,0.0,0,0,5,0,5,matched,Bacteria,2,13.33,55.4,0.018
Flammeovirga,59739,5,44,0.0,0.0,15,11,0.0,0.01,0,0,11,0,11,matched,Bacteria,15,100.0,0.455,2.2
Ilyobacter,167639,3,22,0.0,0.0,15,3,0.0,0.0,0,0,3,0,3,matched,Bacteria,1,6.67,1.0,1.0
Pseudobacteriovorax,1769746,11,48,0.0,0.0,15,2,0.0,0.0,0,0,2,0,2,matched,Bacteria,2,13.33,5.5,0.182
Agreia,110934,2,12,0.0,0.0,15,10,0.0,0.01,0,0,10,0,10,matched,Bacteria,11,73.33,0.2,5.0
Echinicola,390846,10,27,0.0,0.0,15,12,0.0,0.01,0,0,12,0,12,matched,Bacteria,15,100.0,0.833,1.2
Haematospirillum,1804663,2,12,0.0,0.0,15,5,0.0,0.0,0,0,5,0,5,matched,Bacteria,15,100.0,0.4,2.5
Gaetbulibacter,311207,16,62,0.01,0.0,15,12,0.0,0.01,0,0,12,0,12,matched,Bacteria,13,86.67,1.333,0.75
Desulfococcus,896,9,31,0.0,0.0,15,5,0.0,0.0,0,0,5,0,5,matched,Bacteria,4,26.67,1.8,0.556
Pelagimonas,1434029,2,5,0.0,0.0,15,5,0.0,0.0,0,0,5,0,5,matched,Bacteria,6,40.0,0.4,2.5
Halosimplex,171163,19,49,0.01,0.0,15,13,0.0,0.01,0,0,13,0,13,matched,Archaea,14,93.33,1.462,0.684
Herpetosiphon,64,20,114,0.01,0.01,15,7,0.0,0.01,0,0,7,0,7,matched,Bacteria,7,46.67,2.857,0.35
Nitrospirillum,1543705,4,19,0.0,0.0,15,9,0.0,0.01,0,0,9,0,9,matched,Bacteria,15,100.0,0.444,2.25
Oceanicoccus,1084558,4,6,0.0,0.0,15,4,0.0,0.0,0,0,4,0,4,matched,Bacteria,1,6.67,1.0,1.0
Thalassococcus,436357,13,27,0.0,0.0,15,7,0.0,0.01,0,0,7,0,7,matched,Bacteria,6,40.0,1.857,0.538
Salinarchaeum,1269201,14,47,0.0,0.0,15,6,0.0,0.01,0,0,6,0,6,matched,Archaea,4,26.67,2.333,0.429
Propionimicrobium,203133,3,7,0.0,0.0,15,5,0.0,0.0,0,0,5,0,5,matched,Bacteria,6,40.0,0.6,1.667
Natronohydrobacter,87171,1,4,0.0,0.0,15,3,0.0,0.0,0,0,3,0,3,matched,Bacteria,1,6.67,0.333,3.0
Pseudorhodoferax,747294,6,33,0.0,0.0,15,8,0.0,0.01,0,0,8,0,8,matched,Bacteria,6,40.0,0.75,1.333
Aestuariivita,1608457,1,2,0.0,0.0,15,3,0.0,0.0,0,0,3,0,3,matched,Bacteria,1,6.67,0.333,3.0
Maribius,315422,3,15,0.0,0.0,14,12,0.0,0.01,0,0,12,0,12,matched,Bacteria,13,92.86,0.25,4.0
Xylanimonas,186188,3,18,0.0,0.0,14,8,0.0,0.01,0,0,8,0,8,matched,Bacteria,10,71.43,0.375,2.667
Aminipila,2060094,1,1,0.0,0.0,14,5,0.0,0.0,0,0,5,0,5,matched,Bacteria,3,21.43,0.2,5.0
Donghicola,393277,12,33,0.0,0.0,14,7,0.0,0.01,0,0,7,0,7,matched,Bacteria,8,57.14,1.714,0.583
Snowella,283821,11,236,0.0,0.02,14,3,0.0,0.0,0,0,3,0,3,matched,Bacteria,0,0.0,3.667,0.273
Xylanibacterium,186188,2,13,0.0,0.0,14,8,0.0,0.01,0,0,8,0,8,matched,Bacteria,10,71.43,0.25,4.0
Niveispirillum,1543704,10,59,0.0,0.0,14,8,0.0,0.01,0,0,8,0,8,matched,Bacteria,9,64.29,1.25,0.8
Pseudoglutamicibacter,1742991,2,5,0.0,0.0,14,2,0.0,0.0,0,0,2,0,2,matched,Bacteria,11,78.57,1.0,1.0
Microscillaceae.U.genus,1937962,603,2494,0.21,0.19,14,6,0.0,0.01,0,0,6,0,6,matched,Bacteria,2,14.29,100.5,0.01
Mordavella,1981033,2,8,0.0,0.0,14,2,0.0,0.0,0,0,2,0,2,matched,Bacteria,4,28.57,1.0,1.0
Poseidonibacter,2321187,1,16,0.0,0.0,14,6,0.0,0.01,0,0,6,0,6,matched,Bacteria,10,71.43,0.167,6.0
Roseofilum,1233426,4,19,0.0,0.0,14,12,0.0,0.01,0,0,12,0,12,matched,Bacteria,5,35.71,0.333,3.0
Hwanghaeicola,315422,2,2,0.0,0.0,14,12,0.0,0.01,0,0,12,0,12,matched,Bacteria,13,92.86,0.167,6.0
Sedimentitalea,1541818,9,55,0.0,0.0,14,8,0.0,0.01,0,0,8,0,8,matched,Bacteria,7,50.0,1.125,0.889
Pelobium,1903173,4,6,0.0,0.0,14,2,0.0,0.0,0,0,2,0,2,matched,Bacteria,2,14.29,2.0,0.5
Galbitalea,1484107,9,185,0.0,0.01,14,3,0.0,0.0,0,0,3,0,3,matched,Bacteria,3,21.43,3.0,0.333
Methylomicrobium,39773,18,48,0.01,0.0,14,7,0.0,0.01,0,0,7,0,7,matched,Bacteria,7,50.0,2.571,0.389
Glycocaulis,1433402,2,73,0.0,0.01,14,5,0.0,0.0,0,0,5,0,5,matched,Bacteria,6,42.86,0.4,2.5
Jiangella,281472,9,26,0.0,0.0,14,12,0.0,0.01,0,0,12,0,12,matched,Bacteria,14,100.0,0.75,1.333
Rivicola,1649488,4,12,0.0,0.0,14,1,0.0,0.0,0,0,1,0,1,matched,Bacteria,1,7.14,4.0,0.25
Acidihalobacter,1765964,10,20,0.0,0.0,14,6,0.0,0.01,0,0,6,0,6,matched,Bacteria,6,42.86,1.667,0.6
Naasia,1434022,3,11,0.0,0.0,14,6,0.0,0.01,0,0,6,0,6,matched,Bacteria,4,28.57,0.5,2.0
Frondihabitans,447237,6,84,0.0,0.01,14,14,0.0,0.01,0,0,14,0,14,matched,Bacteria,12,85.71,0.429,2.333
Salipaludibacillus,1884449,12,26,0.0,0.0,14,9,0.0,0.01,0,0,9,0,9,matched,Bacteria,14,100.0,1.333,0.75
Gracilibacteraceae.U.genus,541019,51,53,0.02,0.0,14,7,0.0,0.01,0,0,7,0,7,matched,Bacteria,2,14.29,7.286,0.137
Dethiosulfovibrio,47054,6,31,0.0,0.0,14,8,0.0,0.01,0,0,8,0,8,matched,Bacteria,6,42.86,0.75,1.333
Oceanibaculum,659693,8,19,0.0,0.0,14,4,0.0,0.0,0,0,4,0,4,matched,Bacteria,4,28.57,2.0,0.5
Parascardovia,196082,1,5,0.0,0.0,14,2,0.0,0.0,0,0,2,0,2,matched,Bacteria,4,28.57,0.5,2.0
Thioploca,40751,1,4,0.0,0.0,14,2,0.0,0.0,0,0,2,0,2,matched,Bacteria,1,7.14,0.5,2.0
Proteocatella,181069,9,43,0.0,0.0,14,3,0.0,0.0,0,0,3,0,3,matched,Bacteria,1,7.14,3.0,0.333
Marinagarivorans,1792291,4,7,0.0,0.0,14,6,0.0,0.01,0,0,6,0,6,matched,Bacteria,5,35.71,0.667,1.5
Salinarimonas,690086,9,74,0.0,0.01,14,7,0.0,0.01,0,0,7,0,7,matched,Bacteria,5,35.71,1.286,0.778
Saccharococcus,29395,1,4,0.0,0.0,14,3,0.0,0.0,0,0,3,0,3,matched,Bacteria,14,100.0,0.333,3.0
Palleronia,315422,3,9,0.0,0.0,14,12,0.0,0.01,0,0,12,0,12,matched,Bacteria,13,92.86,0.25,4.0
Kouleothrix,186475,22,76,0.01,0.01,14,4,0.0,0.0,0,0,4,0,4,matched,Bacteria,1,7.14,5.5,0.182
Fenollaria,1686313,12,25,0.0,0.0,14,5,0.0,0.0,0,0,5,0,5,matched,Bacteria,5,35.71,2.4,0.417
Enteroscipio,2126006,1,1,0.0,0.0,14,3,0.0,0.0,0,0,3,0,3,matched,Bacteria,2,14.29,0.333,3.0
Belliella,232244,5,16,0.0,0.0,14,9,0.0,0.01,0,0,9,0,9,matched,Bacteria,13,92.86,0.556,1.8
Byssovorax,224459,1,2,0.0,0.0,14,2,0.0,0.0,0,0,2,0,2,matched,Bacteria,1,7.14,0.5,2.0
Xylanimicrobium,186188,1,3,0.0,0.0,14,8,0.0,0.01,0,0,8,0,8,matched,Bacteria,10,71.43,0.125,8.0
Siccibacter,1649298,1,1,0.0,0.0,14,2,0.0,0.0,0,0,2,0,2,matched,Bacteria,13,92.86,0.5,2.0
Afifella,643217,11,22,0.0,0.0,14,8,0.0,0.01,0,0,8,0,8,matched,Bacteria,11,78.57,1.375,0.727
Succinimonas,83768,3,21,0.0,0.0,14,2,0.0,0.0,0,0,2,0,2,matched,Bacteria,1,7.14,1.5,0.667
Natronococcus,29287,11,47,0.0,0.0,14,11,0.0,0.01,0,0,11,0,11,matched,Archaea,10,71.43,1.0,1.0
Altibacter,1535231,5,14,0.0,0.0,14,4,0.0,0.0,0,0,4,0,4,matched,Bacteria,2,14.29,1.25,0.8
Flavicella,1644102,14,31,0.0,0.0,14,3,0.0,0.0,0,0,3,0,3,matched,Bacteria,4,28.57,4.667,0.214
Epibacterium,1649279,7,75,0.0,0.01,14,5,0.0,0.0,0,0,5,0,5,matched,Bacteria,9,64.29,1.4,0.714
Peptococcus,2740,34,102,0.01,0.01,14,4,0.0,0.0,0,0,4,0,4,matched,Bacteria,4,28.57,8.5,0.118
Tropicimonas,599652,35,110,0.01,0.01,14,12,0.0,0.01,0,0,12,0,12,matched,Bacteria,10,71.43,2.917,0.343
Polycyclovorans,1274363,34,176,0.01,0.01,14,3,0.0,0.0,0,0,3,0,3,matched,Bacteria,1,7.14,11.333,0.088
Enteractinococcus,1164863,6,14,0.0,0.0,13,5,0.0,0.0,0,0,5,0,5,matched,Bacteria,6,46.15,1.2,0.833
Dictyobacter,2024965,3,3,0.0,0.0,13,9,0.0,0.01,0,0,9,0,9,matched,Bacteria,7,53.85,0.333,3.0
Ruania,626119,3,6,0.0,0.0,13,9,0.0,0.01,0,0,9,0,9,matched,Bacteria,8,61.54,0.333,3.0
Shuttleworthia,177971,57,111,0.02,0.01,13,4,0.0,0.0,0,0,4,0,4,matched,Bacteria,2,15.38,14.25,0.07
Savagea,1655429,2,3,0.0,0.0,13,3,0.0,0.0,0,0,3,0,3,matched,Bacteria,2,15.38,0.667,1.5
Xenophilus,151754,3,29,0.0,0.0,13,8,0.0,0.01,0,0,8,0,8,matched,Bacteria,10,76.92,0.375,2.667
Actinoalloteichus,65496,5,115,0.0,0.01,13,7,0.0,0.01,0,0,7,0,7,matched,Bacteria,13,100.0,0.714,1.4
Angustibacter,908626,11,74,0.0,0.01,13,7,0.0,0.01,0,0,7,0,7,matched,Bacteria,8,61.54,1.571,0.636
Flectobacillus,101,13,67,0.0,0.01,13,6,0.0,0.01,0,0,6,0,6,matched,Bacteria,9,69.23,2.167,0.462
Thermoanaerobaculum,1434048,42,318,0.01,0.02,13,3,0.0,0.0,0,0,3,0,3,matched,Bacteria,1,7.69,14.0,0.071
Klenkia,2183612,3,8,0.0,0.0,13,8,0.0,0.01,0,0,8,0,8,matched,Bacteria,12,92.31,0.375,2.667
Niveibacterium,1769726,6,33,0.0,0.0,13,7,0.0,0.01,0,0,7,0,7,matched,Bacteria,8,61.54,0.857,1.167
Stackebrandtia,283810,5,11,0.0,0.0,13,7,0.0,0.01,0,0,7,0,7,matched,Bacteria,6,46.15,0.714,1.4
Phytohabitans,907364,11,13,0.0,0.0,13,8,0.0,0.01,0,0,8,0,8,matched,Bacteria,13,100.0,1.375,0.727
Friedmanniella,53387,14,80,0.0,0.01,13,3,0.0,0.0,0,0,3,0,3,matched,Bacteria,1,7.69,4.667,0.214
Planotetraspora,58120,1,5,0.0,0.0,13,7,0.0,0.01,0,0,7,0,7,matched,Bacteria,13,100.0,0.143,7.0
Ciceribacter,1648508,3,3,0.0,0.0,13,10,0.0,0.01,0,0,10,0,10,matched,Bacteria,13,100.0,0.3,3.333
Austwickia,1184606,2,6,0.0,0.0,13,4,0.0,0.0,0,0,4,0,4,matched,Bacteria,4,30.77,0.5,2.0
Methyloglobulus,1410680,15,71,0.01,0.01,13,2,0.0,0.0,0,0,2,0,2,matched,Bacteria,1,7.69,7.5,0.133
Elstera,1091044,4,38,0.0,0.0,13,4,0.0,0.0,0,0,4,0,4,matched,Bacteria,3,23.08,1.0,1.0
Maritalea,623276,9,27,0.0,0.0,13,7,0.0,0.01,0,0,7,0,7,matched,Bacteria,9,69.23,1.286,0.778
Halanaeroarchaeum,1656823,4,22,0.0,0.0,13,3,0.0,0.0,0,0,3,0,3,matched,Archaea,3,23.08,1.333,0.75
Desulfatibacillum,218207,8,21,0.0,0.0,13,4,0.0,0.0,0,0,4,0,4,matched,Bacteria,3,23.08,2.0,0.5
Desulfosoma,1148150,1,18,0.0,0.0,13,3,0.0,0.0,0,0,3,0,3,matched,Bacteria,1,7.69,0.333,3.0
Lyngbya,28073,21,56,0.01,0.0,13,8,0.0,0.01,0,0,8,0,8,matched,Bacteria,5,38.46,2.625,0.381
Ancylomarina,1970195,1,6,0.0,0.0,13,8,0.0,0.01,0,0,8,0,8,matched,Bacteria,9,69.23,0.125,8.0
Limibaculum,2036011,77,214,0.03,0.02,13,2,0.0,0.0,0,0,2,0,2,matched,Bacteria,0,0.0,38.5,0.026
Paraliobacillus,200903,9,38,0.0,0.0,13,8,0.0,0.01,0,0,8,0,8,matched,Bacteria,13,100.0,1.125,0.889
Halosiccatus,203135,1,1,0.0,0.0,13,9,0.0,0.01,0,0,9,0,9,matched,Archaea,13,100.0,0.111,9.0
Marinilabilia,59738,8,47,0.0,0.0,13,4,0.0,0.0,0,0,4,0,4,matched,Bacteria,5,38.46,2.0,0.5
Rubinisphaera,1649490,20,41,0.01,0.0,13,6,0.0,0.01,0,0,6,0,6,matched,Bacteria,4,30.77,3.333,0.3
Geminocystis,669357,8,79,0.0,0.01,13,7,0.0,0.01,0,0,7,0,7,matched,Bacteria,4,30.77,1.143,0.875
Testudinibacter,1755672,1,3,0.0,0.0,13,6,0.0,0.01,0,0,6,0,6,matched,Bacteria,13,100.0,0.167,6.0
Halorhabdus,146825,6,23,0.0,0.0,13,10,0.0,0.01,0,0,10,0,10,matched,Archaea,10,76.92,0.6,1.667
Geitlerinema,63132,22,104,0.01,0.01,13,10,0.0,0.01,0,0,10,0,10,matched,Bacteria,7,53.85,2.2,0.455
Aquaticitalea,2034843,1,20,0.0,0.0,13,2,0.0,0.0,0,0,2,0,2,matched,Bacteria,1,7.69,0.5,2.0
Desulfurivibrio,427922,35,196,0.01,0.02,13,6,0.0,0.01,0,0,6,0,6,matched,Bacteria,4,30.77,5.833,0.171
Luteitalea,2004797,35,158,0.01,0.01,13,4,0.0,0.0,0,0,4,0,4,matched,Bacteria,2,15.38,8.75,0.114
Haliangium,162027,748,3124,0.26,0.24,13,4,0.0,0.0,0,0,4,0,4,matched,Bacteria,2,15.38,187.0,0.005
Halomicrobium,203135,33,91,0.01,0.01,13,9,0.0,0.01,0,0,9,0,9,matched,Archaea,13,100.0,3.667,0.273
Pelagicoccus,455433,32,197,0.01,0.02,13,8,0.0,0.01,0,0,8,0,8,matched,Bacteria,9,69.23,4.0,0.25
Natrialba,63742,9,42,0.0,0.0,13,10,0.0,0.01,0,0,10,0,10,matched,Archaea,11,84.62,0.9,1.111
Symbiobacterium,2733,26,68,0.01,0.01,13,3,0.0,0.0,0,0,3,0,3,matched,Bacteria,3,23.08,8.667,0.115
Saccharophagus,316625,4,15,0.0,0.0,13,3,0.0,0.0,0,0,3,0,3,matched,Bacteria,11,84.62,1.333,0.75
Methanimicrococcus,91559,17,91,0.01,0.01,13,8,0.0,0.01,0,0,8,0,8,matched,Archaea,7,53.85,2.125,0.471
Umezawaea,583360,1,22,0.0,0.0,13,7,0.0,0.01,0,0,7,0,7,matched,Bacteria,8,61.54,0.143,7.0
Brasilonema,383614,3,18,0.0,0.0,13,7,0.0,0.01,0,0,7,0,7,matched,Bacteria,10,76.92,0.429,2.333
Mobilibacterium,1935192,1,3,0.0,0.0,13,2,0.0,0.0,0,0,2,0,2,matched,Bacteria,1,7.69,0.5,2.0
Candidimonas,1074468,7,36,0.0,0.0,13,5,0.0,0.0,0,0,5,0,5,matched,Bacteria,4,30.77,1.4,0.714
Azovibrio,146935,16,30,0.01,0.0,13,2,0.0,0.0,0,0,2,0,2,matched,Bacteria,1,7.69,8.0,0.125
Desulfarculus,453229,3,5,0.0,0.0,13,3,0.0,0.0,0,0,3,0,3,matched,Bacteria,1,7.69,1.0,1.0
Solirubrobacter,207599,112,668,0.04,0.05,13,9,0.0,0.01,0,0,9,0,9,matched,Bacteria,8,61.54,12.444,0.08
Actinospica,414715,53,303,0.02,0.02,13,5,0.0,0.0,0,0,5,0,5,matched,Bacteria,8,61.54,10.6,0.094
Hyunsoonleella,1080193,5,7,0.0,0.0,13,9,0.0,0.01,0,0,9,0,9,matched,Bacteria,10,76.92,0.556,1.8
Tahibacter,1453544,14,56,0.0,0.0,13,7,0.0,0.01,0,0,7,0,7,matched,Bacteria,6,46.15,2.0,0.5
Actinocrinis,1920515,2,2,0.0,0.0,13,2,0.0,0.0,0,0,2,0,2,matched,Bacteria,1,7.69,1.0,1.0
Geminicoccus,489140,6,29,0.0,0.0,13,5,0.0,0.0,0,0,5,0,5,matched,Bacteria,4,30.77,1.2,0.833
Thermodesulfobium,227388,3,21,0.0,0.0,13,4,0.0,0.0,0,0,4,0,4,matched,Bacteria,3,23.08,0.75,1.333
Flavivirga,1209327,2,4,0.0,0.0,13,10,0.0,0.01,0,0,10,0,10,matched,Bacteria,13,100.0,0.2,5.0
Halogeometricum,60846,10,37,0.0,0.0,13,8,0.0,0.01,0,0,8,0,8,matched,Archaea,13,100.0,1.25,0.8
Homoserinimonas,1434009,1,1,0.0,0.0,13,8,0.0,0.01,0,0,8,0,8,matched,Bacteria,8,61.54,0.125,8.0
Hydromonas,1910924,3,22,0.0,0.0,13,3,0.0,0.0,0,0,3,0,3,matched,Bacteria,1,7.69,1.0,1.0
Kosmotoga,651456,6,48,0.0,0.0,13,5,0.0,0.0,0,0,5,0,5,matched,Bacteria,4,30.77,1.2,0.833
Haematobacter,366614,5,20,0.0,0.0,12,5,0.0,0.0,0,0,5,0,5,matched,Bacteria,8,66.67,1.0,1.0
Anaerovorax,109326,194,591,0.07,0.05,12,4,0.0,0.0,0,0,4,0,4,matched,Bacteria,4,33.33,48.5,0.021
Magnetococcus,162171,140,250,0.05,0.02,12,12,0.0,0.01,0,0,12,0,12,matched,Bacteria,0,0.0,11.667,0.086
Vicingus,2058169,69,359,0.02,0.03,12,3,0.0,0.0,0,0,3,0,3,matched,Bacteria,1,8.33,23.0,0.043
Oligoflexus,1553903,22,130,0.01,0.01,12,4,0.0,0.0,0,0,4,0,4,matched,Bacteria,1,8.33,5.5,0.182
Armatimonas,1042315,23,511,0.01,0.04,12,2,0.0,0.0,0,0,2,0,2,matched,Bacteria,1,8.33,11.5,0.087
Thermovirga,336260,89,366,0.03,0.03,12,3,0.0,0.0,0,0,3,0,3,matched,Bacteria,1,8.33,29.667,0.034
Arcticibacter,1288026,21,61,0.01,0.0,12,6,0.0,0.01,0,0,6,0,6,matched,Bacteria,8,66.67,3.5,0.286
Rugamonas,212744,1,1,0.0,0.0,12,11,0.0,0.01,0,0,11,0,11,matched,Bacteria,10,83.33,0.091,11.0
Primorskyibacter,1068904,6,10,0.0,0.0,12,9,0.0,0.01,0,0,9,0,9,matched,Bacteria,9,75.0,0.667,1.5
Variibacter,1649510,2,4,0.0,0.0,12,2,0.0,0.0,0,0,2,0,2,matched,Bacteria,3,25.0,1.0,1.0
Paracraurococcus,77674,4,11,0.0,0.0,12,4,0.0,0.0,0,0,4,0,4,matched,Bacteria,3,25.0,1.0,1.0
Cytophaga,978,94,386,0.03,0.03,12,5,0.0,0.0,0,0,5,0,5,matched,Bacteria,4,33.33,18.8,0.053
Sandaracinobacter,56358,18,78,0.01,0.01,12,3,0.0,0.0,0,0,3,0,3,matched,Bacteria,1,8.33,6.0,0.167
Seonamhaeicola,1649495,9,12,0.0,0.0,12,10,0.0,0.01,0,0,10,0,10,matched,Bacteria,10,83.33,0.9,1.111
Pseudactinotalea,1926259,4,9,0.0,0.0,12,9,0.0,0.01,0,0,9,0,9,matched,Bacteria,8,66.67,0.444,2.25
Desulfatiglans,1549126,371,1445,0.13,0.11,12,3,0.0,0.0,0,0,3,0,3,matched,Bacteria,1,8.33,123.667,0.008
Thermotomaculum,1172428,20,72,0.01,0.01,12,2,0.0,0.0,0,0,2,0,2,matched,Bacteria,1,8.33,10.0,0.1
Yeosuana,288018,4,15,0.0,0.0,12,5,0.0,0.0,0,0,5,0,5,matched,Bacteria,3,25.0,0.8,1.25
Symploca,105591,4,9,0.0,0.0,12,12,0.0,0.01,0,0,12,0,12,matched,Bacteria,1,8.33,0.333,3.0
Vallitalea,1348611,10,15,0.0,0.0,12,7,0.0,0.01,0,0,7,0,7,matched,Bacteria,7,58.33,1.429,0.7
Tamlana,393005,10,24,0.0,0.0,12,10,0.0,0.01,0,0,10,0,10,matched,Bacteria,10,83.33,1.0,1.0
Oxalicibacterium,223927,5,24,0.0,0.0,12,5,0.0,0.0,0,0,5,0,5,matched,Bacteria,3,25.0,1.0,1.0
Siphonobacter,700450,11,17,0.0,0.0,12,8,0.0,0.01,0,0,8,0,8,matched,Bacteria,7,58.33,1.375,0.727
Alkalilimnicola,133193,2,9,0.0,0.0,12,4,0.0,0.0,0,0,4,0,4,matched,Bacteria,7,58.33,0.5,2.0
Methanogenium,2195,14,75,0.0,0.01,12,6,0.0,0.01,0,0,6,0,6,matched,Archaea,6,50.0,2.333,0.429
Halomarina,871740,15,41,0.01,0.0,12,7,0.0,0.01,0,0,7,0,7,matched,Archaea,12,100.0,2.143,0.467
Catenibacillus,2316203,5,9,0.0,0.0,12,3,0.0,0.0,0,0,3,0,3,matched,Bacteria,1,8.33,1.667,0.6
Silvanigrella,2024975,34,110,0.01,0.01,12,4,0.0,0.0,0,0,4,0,4,matched,Bacteria,2,16.67,8.5,0.118
Thermogladius,477695,14,50,0.0,0.0,12,4,0.0,0.0,0,0,4,0,4,matched,Archaea,3,25.0,3.5,0.286
Tomitella,741759,3,6,0.0,0.0,12,5,0.0,0.0,0,0,5,0,5,matched,Bacteria,10,83.33,0.6,1.667
Gleimia,2692113,1,1,0.0,0.0,12,6,0.0,0.01,0,0,6,0,6,matched,Bacteria,9,75.0,0.167,6.0
Prochlorothrix,1222,7,23,0.0,0.0,12,3,0.0,0.0,0,0,3,0,3,matched,Bacteria,1,8.33,2.333,0.429
Sinomicrobium,1434045,5,11,0.0,0.0,12,8,0.0,0.01,0,0,8,0,8,matched,Bacteria,9,75.0,0.625,1.6
Breoghania,1406135,7,13,0.0,0.0,12,4,0.0,0.0,0,0,4,0,4,matched,Bacteria,3,25.0,1.75,0.571
Thermocladium,62608,6,37,0.0,0.0,12,4,0.0,0.0,0,0,4,0,4,matched,Archaea,2,16.67,1.5,0.667
Actinocorallia,58108,7,105,0.0,0.01,12,12,0.0,0.01,0,0,12,0,12,matched,Bacteria,12,100.0,0.583,1.714
Zobellella,347533,6,31,0.0,0.0,12,8,0.0,0.01,0,0,8,0,8,matched,Bacteria,12,100.0,0.75,1.333
Ponticoccus,2896773,11,29,0.0,0.0,12,4,0.0,0.0,0,0,4,0,4,matched,Bacteria,10,83.33,2.75,0.364
Obesumbacterium,82982,2,2,0.0,0.0,12,1,0.0,0.0,0,0,1,0,1,matched,Bacteria,9,75.0,2.0,0.5
Zhihengliuella,370735,3,13,0.0,0.0,12,7,0.0,0.01,0,0,7,0,7,matched,Bacteria,7,58.33,0.429,2.333
Anaerosalibacter,1347386,11,24,0.0,0.0,12,4,0.0,0.0,0,0,4,0,4,matched,Bacteria,11,91.67,2.75,0.364
Gibbsiella,929812,2,17,0.0,0.0,12,3,0.0,0.0,0,0,3,0,3,matched,Bacteria,9,75.0,0.667,1.5
Limnoraphis,1332112,3,4,0.0,0.0,12,3,0.0,0.0,0,0,3,0,3,matched,Bacteria,6,50.0,1.0,1.0
Methylosarcina,160800,6,36,0.0,0.0,12,2,0.0,0.0,0,0,2,0,2,matched,Bacteria,1,8.33,3.0,0.333
Brevifollis,1383070,5,57,0.0,0.0,12,2,0.0,0.0,0,0,2,0,2,matched,Bacteria,1,8.33,2.5,0.4
Blastochloris,59282,3,28,0.0,0.0,12,5,0.0,0.0,0,0,5,0,5,matched,Bacteria,5,41.67,0.6,1.667
Anaerosporobacter,653683,42,112,0.01,0.01,12,4,0.0,0.0,0,0,4,0,4,matched,Bacteria,2,16.67,10.5,0.095
Pricia,1434034,13,19,0.0,0.0,12,3,0.0,0.0,0,0,3,0,3,matched,Bacteria,2,16.67,4.333,0.231
Acidaminobacter,65402,43,104,0.01,0.01,12,4,0.0,0.0,0,0,4,0,4,matched,Bacteria,2,16.67,10.75,0.093
Aliihoeflea,610116,5,15,0.0,0.0,12,5,0.0,0.0,0,0,5,0,5,matched,Bacteria,4,33.33,1.0,1.0
Cephaloticoccus,1849551,54,650,0.02,0.05,12,3,0.0,0.0,0,0,3,0,3,matched,Bacteria,2,16.67,18.0,0.056
Aestuariibacter,249523,29,62,0.01,0.0,11,4,0.0,0.0,0,0,4,0,4,matched,Bacteria,3,27.27,7.25,0.138
Peptoclostridium,1481960,54,193,0.02,0.02,11,7,0.0,0.01,0,0,7,0,7,matched,Bacteria,4,36.36,7.714,0.13
Phoenicibacter,1981050,6,9,0.0,0.0,11,2,0.0,0.0,0,0,2,0,2,matched,Bacteria,2,18.18,3.0,0.333
Robbsia,2038280,6,16,0.0,0.0,11,4,0.0,0.0,0,0,4,0,4,matched,Bacteria,10,90.91,1.5,0.667
Marinococcus,1370,22,48,0.01,0.0,11,7,0.0,0.01,0,0,7,0,7,matched,Bacteria,10,90.91,3.143,0.318
Thermincola,278993,48,97,0.02,0.01,11,3,0.0,0.0,0,0,3,0,3,matched,Bacteria,2,18.18,16.0,0.062
Perlucidibaca,661182,6,59,0.0,0.0,11,4,0.0,0.0,0,0,4,0,4,matched,Bacteria,2,18.18,1.5,0.667
Oceanihabitans,2045416,1,2,0.0,0.0,11,5,0.0,0.0,0,0,5,0,5,matched,Bacteria,6,54.55,0.2,5.0
Desulfonatronum,66848,15,74,0.01,0.01,11,8,0.0,0.01,0,0,8,0,8,matched,Bacteria,7,63.64,1.875,0.533
Laceyella,292635,5,30,0.0,0.0,11,4,0.0,0.0,0,0,4,0,4,matched,Bacteria,10,90.91,1.25,0.8
Pseudokineococcus,1156392,2,2,0.0,0.0,11,6,0.0,0.01,0,0,6,0,6,matched,Bacteria,7,63.64,0.333,3.0
Aquisalimonas,406099,5,10,0.0,0.0,11,5,0.0,0.0,0,0,5,0,5,matched,Bacteria,4,36.36,1.0,1.0
Humibacillus,556178,5,13,0.0,0.0,11,3,0.0,0.0,0,0,3,0,3,matched,Bacteria,5,45.45,1.667,0.6
Flexivirga,1096776,2,14,0.0,0.0,11,9,0.0,0.01,0,0,9,0,9,matched,Bacteria,9,81.82,0.222,4.5
Geoalkalibacter,392332,18,66,0.01,0.01,11,4,0.0,0.0,0,0,4,0,4,matched,Bacteria,5,45.45,4.5,0.222
Nereida,282198,1,10,0.0,0.0,11,4,0.0,0.0,0,0,4,0,4,matched,Bacteria,7,63.64,0.25,4.0
Hansschlegelia,444599,4,18,0.0,0.0,11,6,0.0,0.01,0,0,6,0,6,matched,Bacteria,8,72.73,0.667,1.5
Caenispirillum,414051,4,19,0.0,0.0,11,4,0.0,0.0,0,0,4,0,4,matched,Bacteria,4,36.36,1.0,1.0
Pseudaminobacter,93368,19,46,0.01,0.0,11,5,0.0,0.0,0,0,5,0,5,matched,Bacteria,7,63.64,3.8,0.263
Hamadaea,1121254,2,10,0.0,0.0,11,5,0.0,0.0,0,0,5,0,5,matched,Bacteria,5,45.45,0.4,2.5
Methyloligella,1485594,2,4,0.0,0.0,11,7,0.0,0.01,0,0,7,0,7,matched,Bacteria,4,36.36,0.286,3.5
Exilispira,568400,17,156,0.01,0.01,11,1,0.0,0.0,0,0,1,0,1,matched,Bacteria,0,0.0,17.0,0.059
Sediminispirochaeta,1911556,181,522,0.06,0.04,11,4,0.0,0.0,0,0,4,0,4,matched,Bacteria,2,18.18,45.25,0.022
Beijerinckia,532,9,49,0.0,0.0,11,7,0.0,0.01,0,0,7,0,7,matched,Bacteria,5,45.45,1.286,0.778
Candidatus Atelocyanobacterium,1453359,3,11,0.0,0.0,11,2,0.0,0.0,0,0,2,0,2,matched,Bacteria,2,18.18,1.5,0.667
Paucimonas,157932,3,13,0.0,0.0,11,2,0.0,0.0,0,0,2,0,2,matched,Bacteria,2,18.18,1.5,0.667
Mobilitalea,1649471,11,23,0.0,0.0,11,2,0.0,0.0,0,0,2,0,2,matched,Bacteria,1,9.09,5.5,0.182
Denitrobacterium,79603,3,24,0.0,0.0,11,3,0.0,0.0,0,0,3,0,3,matched,Bacteria,2,18.18,1.0,1.0
Schumannella,472058,3,39,0.0,0.0,11,5,0.0,0.0,0,0,5,0,5,matched,Bacteria,6,54.55,0.6,1.667
Thiohalospira,476278,2,7,0.0,0.0,11,2,0.0,0.0,0,0,2,0,2,matched,Bacteria,1,9.09,1.0,1.0
Pelobacter,18,19,121,0.01,0.01,11,7,0.0,0.01,0,0,7,0,7,matched,Bacteria,2,18.18,2.714,0.368
Alkalibacillus,331654,7,17,0.0,0.0,11,8,0.0,0.01,0,0,8,0,8,matched,Bacteria,11,100.0,0.875,1.143
Seohaeicola,481178,3,5,0.0,0.0,11,7,0.0,0.01,0,0,7,0,7,matched,Bacteria,9,81.82,0.429,2.333
Povalibacter,1538468,2,2,0.0,0.0,11,2,0.0,0.0,0,0,2,0,2,matched,Bacteria,1,9.09,1.0,1.0
Tychonema,54312,25,246,0.01,0.02,11,7,0.0,0.01,0,0,7,0,7,matched,Bacteria,9,81.82,3.571,0.28
Caldicoprobacter,715222,150,447,0.05,0.03,11,6,0.0,0.01,0,0,6,0,6,matched,Bacteria,5,45.45,25.0,0.04
Sulfurirhabdus,1738658,12,26,0.0,0.0,11,2,0.0,0.0,0,0,2,0,2,matched,Bacteria,2,18.18,6.0,0.167
Halarchaeum,744724,11,49,0.0,0.0,11,8,0.0,0.01,0,0,8,0,8,matched,Archaea,10,90.91,1.375,0.727
Acuticoccus,1904377,11,27,0.0,0.0,11,8,0.0,0.01,0,0,8,0,8,matched,Bacteria,9,81.82,1.375,0.727
Saprospira,1007,25,94,0.01,0.01,11,3,0.0,0.0,0,0,3,0,3,matched,Bacteria,4,36.36,8.333,0.12
Prolixibacter,314318,13,33,0.0,0.0,11,6,0.0,0.01,0,0,6,0,6,matched,Bacteria,7,63.64,2.167,0.462
Hydrogenibacillus,1609627,4,7,0.0,0.0,11,3,0.0,0.0,0,0,3,0,3,matched,Bacteria,7,63.64,1.333,0.75
Pyrodictium,2308,6,31,0.0,0.0,11,4,0.0,0.0,0,0,4,0,4,matched,Archaea,4,36.36,1.5,0.667
Anaerophaga,177399,14,28,0.0,0.0,11,2,0.0,0.0,0,0,2,0,2,matched,Bacteria,2,18.18,7.0,0.143
Salinigranum,1644057,10,78,0.0,0.01,11,6,0.0,0.01,0,0,6,0,6,matched,Archaea,7,63.64,1.667,0.6
Wolinella,843,4,15,0.0,0.0,11,3,0.0,0.0,0,0,3,0,3,matched,Bacteria,2,18.18,1.333,0.75
Thalassobacillus,331971,7,25,0.0,0.0,11,7,0.0,0.01,0,0,7,0,7,matched,Bacteria,11,100.0,1.0,1.0
Eggerthia,1279384,2,11,0.0,0.0,11,2,0.0,0.0,0,0,2,0,2,matched,Bacteria,3,27.27,1.0,1.0
Methylopila,61653,3,21,0.0,0.0,11,9,0.0,0.01,0,0,9,0,9,matched,Bacteria,9,81.82,0.333,3.0
Arachidicoccus,1769012,12,29,0.0,0.0,11,6,0.0,0.01,0,0,6,0,6,matched,Bacteria,6,54.55,2.0,0.5
Bibersteinia,476528,3,45,0.0,0.0,10,1,0.0,0.0,0,0,1,0,1,matched,Bacteria,10,100.0,3.0,0.333
Simiduia,447467,3,11,0.0,0.0,10,6,0.0,0.01,0,0,6,0,6,matched,Bacteria,8,80.0,0.5,2.0
Acidisoma,512381,7,45,0.0,0.0,10,8,0.0,0.01,0,0,8,0,8,matched,Bacteria,7,70.0,0.875,1.143
Zeaxanthinibacter,561554,11,72,0.0,0.01,10,3,0.0,0.0,0,0,3,0,3,matched,Bacteria,3,30.0,3.667,0.273
Pleionea,1502941,1,9,0.0,0.0,10,6,0.0,0.01,0,0,6,0,6,matched,Bacteria,5,50.0,0.167,6.0
Zavarziniaceae.U.genus,2844877,2,13,0.0,0.0,10,5,0.0,0.0,0,0,5,0,5,matched,Bacteria,5,50.0,0.4,2.5
Marichromatium,85076,4,19,0.0,0.0,10,7,0.0,0.01,0,0,7,0,7,matched,Bacteria,9,90.0,0.571,1.75
Thermoflexibacter,1938003,13,64,0.0,0.0,10,2,0.0,0.0,0,0,2,0,2,matched,Bacteria,1,10.0,6.5,0.154
Alkalicoccus,2005375,2,11,0.0,0.0,10,8,0.0,0.01,0,0,8,0,8,matched,Bacteria,9,90.0,0.25,4.0
Amphiplicatus,1519373,42,330,0.01,0.03,10,2,0.0,0.0,0,0,2,0,2,matched,Bacteria,2,20.0,21.0,0.048
Acidibacter,1549619,166,2558,0.06,0.2,10,2,0.0,0.0,0,0,2,0,2,matched,Bacteria,0,0.0,83.0,0.012
Malikia,263066,4,92,0.0,0.01,10,3,0.0,0.0,0,0,3,0,3,matched,Bacteria,3,30.0,1.333,0.75
Kroppenstedtia,1274351,7,15,0.0,0.0,10,5,0.0,0.0,0,0,5,0,5,matched,Bacteria,9,90.0,1.4,0.714
Crossiella,130795,64,243,0.02,0.02,10,8,0.0,0.01,0,0,8,0,8,matched,Bacteria,10,100.0,8.0,0.125
Mobilicoccus,984996,4,17,0.0,0.0,10,4,0.0,0.0,0,0,4,0,4,matched,Bacteria,4,40.0,1.0,1.0
Intestinibacillus,1928820,2,3,0.0,0.0,10,5,0.0,0.0,0,0,5,0,5,matched,Bacteria,4,40.0,0.4,2.5
Rubritepida,182402,10,49,0.0,0.0,10,3,0.0,0.0,0,0,3,0,3,matched,Bacteria,1,10.0,3.333,0.3
Herbidospora,28443,2,24,0.0,0.0,10,9,0.0,0.01,0,0,9,0,9,matched,Bacteria,10,100.0,0.222,4.5
Zavarzinia,204446,3,9,0.0,0.0,10,5,0.0,0.0,0,0,5,0,5,matched,Bacteria,5,50.0,0.6,1.667
Alkalimonas,265980,5,18,0.0,0.0,10,7,0.0,0.01,0,0,7,0,7,matched,Bacteria,6,60.0,0.714,1.4
Salimicrobium,351195,6,31,0.0,0.0,10,7,0.0,0.01,0,0,7,0,7,matched,Bacteria,10,100.0,0.857,1.167
Kamptonema,1501433,5,6,0.0,0.0,10,8,0.0,0.01,0,0,8,0,8,matched,Bacteria,6,60.0,0.625,1.6
Odinarchaeia.U.genus,3067281,169,511,0.06,0.04,10,3,0.0,0.0,0,0,3,0,3,matched,Archaea,2,20.0,56.333,0.018
Macromonas,183669,2,9,0.0,0.0,10,4,0.0,0.0,0,0,4,0,4,matched,Bacteria,2,20.0,0.5,2.0
Arcticibacterium,2173039,4,32,0.0,0.0,10,3,0.0,0.0,0,0,3,0,3,matched,Bacteria,1,10.0,1.333,0.75
Haloterrigena,121871,25,132,0.01,0.01,10,7,0.0,0.01,0,0,7,0,7,matched,Archaea,10,100.0,3.571,0.28
Yimella,908935,1,6,0.0,0.0,10,7,0.0,0.01,0,0,7,0,7,matched,Bacteria,7,70.0,0.143,7.0
Basfia,697331,1,9,0.0,0.0,10,2,0.0,0.0,0,0,2,0,2,matched,Bacteria,10,100.0,0.5,2.0
Actinocatenispora,390988,2,9,0.0,0.0,10,5,0.0,0.0,0,0,5,0,5,matched,Bacteria,8,80.0,0.4,2.5
Chitinibacter,230666,4,21,0.0,0.0,10,9,0.0,0.01,0,0,9,0,9,matched,Bacteria,8,80.0,0.444,2.25
Paludibacterium,400060,17,140,0.01,0.01,10,7,0.0,0.01,0,0,7,0,7,matched,Bacteria,8,80.0,2.429,0.412
Aestuariicella,1458243,11,19,0.0,0.0,10,6,0.0,0.01,0,0,6,0,6,matched,Bacteria,6,60.0,1.833,0.545
Allobacillus,1400133,5,7,0.0,0.0,10,8,0.0,0.01,0,0,8,0,8,matched,Bacteria,8,80.0,0.625,1.6
Caloranaerobacter,171003,6,20,0.0,0.0,10,4,0.0,0.0,0,0,4,0,4,matched,Bacteria,6,60.0,1.5,0.667
Desulfocurvus,700595,5,14,0.0,0.0,10,4,0.0,0.0,0,0,4,0,4,matched,Bacteria,2,20.0,1.25,0.8
Calditerrivibrio,545865,12,59,0.0,0.0,10,2,0.0,0.0,0,0,2,0,2,matched,Bacteria,1,10.0,6.0,0.167
Jiella,1775688,1,4,0.0,0.0,10,9,0.0,0.01,0,0,9,0,9,matched,Bacteria,10,100.0,0.111,9.0
Anaerospora,244825,36,104,0.01,0.01,10,2,0.0,0.0,0,0,2,0,2,matched,Bacteria,1,10.0,18.0,0.056
Aquiflexum,280472,9,58,0.0,0.0,10,6,0.0,0.01,0,0,6,0,6,matched,Bacteria,5,50.0,1.5,0.667
Planobispora,29298,2,4,0.0,0.0,10,4,0.0,0.0,0,0,4,0,4,matched,Bacteria,10,100.0,0.5,2.0
Acidithrix,1609233,5,14,0.0,0.0,10,3,0.0,0.0,0,0,3,0,3,matched,Bacteria,2,20.0,1.667,0.6
Halothece,76023,3,34,0.0,0.0,10,4,0.0,0.0,0,0,4,0,4,matched,Bacteria,1,10.0,0.75,1.333
Aliikangiella,1920241,16,37,0.01,0.0,10,8,0.0,0.01,0,0,8,0,8,matched,Bacteria,8,80.0,2.0,0.5
Ethanoligenens,253238,10,27,0.0,0.0,10,3,0.0,0.0,0,0,3,0,3,matched,Bacteria,5,50.0,3.333,0.3
Leminorella,82980,3,11,0.0,0.0,10,2,0.0,0.0,0,0,2,0,2,matched,Bacteria,9,90.0,1.5,0.667
Granulibacter,364409,9,62,0.0,0.0,10,1,0.0,0.0,0,0,1,0,1,matched,Bacteria,10,100.0,9.0,0.111
Pseudoruegeria,311411,15,34,0.01,0.0,10,7,0.0,0.01,0,0,7,0,7,matched,Bacteria,5,50.0,2.143,0.467
Flexistipes,2351,4,28,0.0,0.0,10,2,0.0,0.0,0,0,2,0,2,matched,Bacteria,1,10.0,2.0,0.5
Trabulsiella,158851,4,23,0.0,0.0,10,2,0.0,0.0,0,0,2,0,2,matched,Bacteria,10,100.0,2.0,0.5
Oleiagrimonas,1649642,4,10,0.0,0.0,10,5,0.0,0.0,0,0,5,0,5,matched,Bacteria,6,60.0,0.8,1.25
Mycoplana,13159,4,15,0.0,0.0,10,7,0.0,0.01,0,0,7,0,7,matched,Bacteria,8,80.0,0.571,1.75
Nitrolancea,1206748,34,80,0.01,0.01,10,2,0.0,0.0,0,0,2,0,2,matched,Bacteria,1,10.0,17.0,0.059
Pseudomaricurvus,1458243,3,3,0.0,0.0,10,6,0.0,0.01,0,0,6,0,6,matched,Bacteria,6,60.0,0.5,2.0
Amphibacillus,29331,10,28,0.0,0.0,10,10,0.0,0.01,0,0,10,0,10,matched,Bacteria,8,80.0,1.0,1.0
Oceanispirochaeta,2035349,3,3,0.0,0.0,10,4,0.0,0.0,0,0,4,0,4,matched,Bacteria,4,40.0,0.75,1.333
Fervidicoccus,685950,10,33,0.0,0.0,10,2,0.0,0.0,0,0,2,0,2,matched,Archaea,2,20.0,5.0,0.2
Rhodovarius,268408,14,87,0.0,0.01,9,4,0.0,0.0,0,0,4,0,4,matched,Bacteria,2,22.22,3.5,0.286
Skermanella,204447,43,189,0.01,0.01,9,7,0.0,0.01,0,0,7,0,7,matched,Bacteria,8,88.89,6.143,0.163
Planifilum,332100,15,47,0.01,0.0,9,4,0.0,0.0,0,0,4,0,4,matched,Bacteria,3,33.33,3.75,0.267
Salibacterium,1884429,3,10,0.0,0.0,9,6,0.0,0.01,0,0,6,0,6,matched,Bacteria,9,100.0,0.5,2.0
Pleomorphochaeta,1920504,3,14,0.0,0.0,9,2,0.0,0.0,0,0,2,0,2,matched,Bacteria,1,11.11,1.5,0.667
Bryocella,1078860,11,60,0.0,0.0,9,3,0.0,0.0,0,0,3,0,3,matched,Bacteria,1,11.11,3.667,0.273
Halopenitus,1209988,3,8,0.0,0.0,9,6,0.0,0.01,0,0,6,0,6,matched,Archaea,7,77.78,0.5,2.0
Aquipuribacter,1433988,3,13,0.0,0.0,9,5,0.0,0.0,0,0,5,0,5,matched,Bacteria,9,100.0,0.6,1.667
Buchananella,2767323,1,1,0.0,0.0,9,2,0.0,0.0,0,0,2,0,2,matched,Bacteria,7,77.78,0.5,2.0
Conchiformibius,334107,11,45,0.0,0.0,9,3,0.0,0.0,0,0,3,0,3,matched,Bacteria,6,66.67,3.667,0.273
Panacibacter,1874621,1,3,0.0,0.0,9,3,0.0,0.0,0,0,3,0,3,matched,Bacteria,2,22.22,0.333,3.0
Limibacillus,1848396,11,66,0.0,0.01,9,3,0.0,0.0,0,0,3,0,3,matched,Bacteria,6,66.67,3.667,0.273
Eoetvoesia,1477505,3,6,0.0,0.0,9,2,0.0,0.0,0,0,2,0,2,matched,Bacteria,6,66.67,1.5,0.667
Aquaspirillum,187,13,88,0.0,0.01,9,5,0.0,0.0,0,0,5,0,5,matched,Bacteria,3,33.33,2.6,0.385
Sporobacter,44748,10,48,0.0,0.0,9,4,0.0,0.0,0,0,4,0,4,matched,Bacteria,3,33.33,2.5,0.4
Haloechinothrix,1425377,1,1,0.0,0.0,9,6,0.0,0.01,0,0,6,0,6,matched,Bacteria,7,77.78,0.167,6.0
Tepidibacillus,1494427,4,6,0.0,0.0,9,7,0.0,0.01,0,0,7,0,7,matched,Bacteria,6,66.67,0.571,1.75
Lutispora,667112,82,148,0.03,0.01,9,3,0.0,0.0,0,0,3,0,3,matched,Bacteria,2,22.22,27.333,0.037
Desulfoplanes,1634037,13,36,0.0,0.0,9,3,0.0,0.0,0,0,3,0,3,matched,Bacteria,2,22.22,4.333,0.231
Nitrosococcus,1227,5,18,0.0,0.0,9,4,0.0,0.0,0,0,4,0,4,matched,Bacteria,9,100.0,1.25,0.8
Melaminivora,1649468,3,37,0.0,0.0,9,4,0.0,0.0,0,0,4,0,4,matched,Bacteria,6,66.67,0.75,1.333
Thermogemmatispora,768669,4,8,0.0,0.0,9,5,0.0,0.0,0,0,5,0,5,matched,Bacteria,4,44.44,0.8,1.25
Desulfothermus,224474,6,14,0.0,0.0,9,3,0.0,0.0,0,0,3,0,3,matched,Bacteria,3,33.33,2.0,0.5
Aquibacillus,1647190,5,10,0.0,0.0,9,8,0.0,0.01,0,0,8,0,8,matched,Bacteria,9,100.0,0.625,1.6
Aestuariibaculum,1386924,4,7,0.0,0.0,9,7,0.0,0.01,0,0,7,0,7,matched,Bacteria,8,88.89,0.571,1.75
Microbacter,1548510,12,81,0.0,0.01,9,5,0.0,0.0,0,0,5,0,5,matched,Bacteria,3,33.33,2.4,0.417
Sanguibacteroides,1635148,7,10,0.0,0.0,9,3,0.0,0.0,0,0,3,0,3,matched,Bacteria,5,55.56,2.333,0.429
Belnapia,365532,7,34,0.0,0.0,9,6,0.0,0.01,0,0,6,0,6,matched,Bacteria,6,66.67,1.167,0.857
Pacificimonas,1960290,1,1,0.0,0.0,9,5,0.0,0.0,0,0,5,0,5,matched,Bacteria,6,66.67,0.2,5.0
Iamia,467975,97,519,0.03,0.04,9,3,0.0,0.0,0,0,3,0,3,matched,Bacteria,2,22.22,32.333,0.031
Ventosimonas,1827307,7,16,0.0,0.0,9,2,0.0,0.0,0,0,2,0,2,matched,Bacteria,1,11.11,3.5,0.286
Thermanaerothrix,1077886,2,17,0.0,0.0,9,4,0.0,0.0,0,0,4,0,4,matched,Bacteria,2,22.22,0.5,2.0
Algoriella,1762932,2,5,0.0,0.0,9,2,0.0,0.0,0,0,2,0,2,matched,Bacteria,2,22.22,1.0,1.0
Halonotius,869896,52,129,0.02,0.01,9,9,0.0,0.01,0,0,9,0,9,matched,Archaea,6,66.67,5.778,0.173
Gloeocapsopsis,693222,2,10,0.0,0.0,9,3,0.0,0.0,0,0,3,0,3,matched,Bacteria,8,88.89,0.667,1.5
Gryllotalpicola,1195526,6,22,0.0,0.0,9,7,0.0,0.01,0,0,7,0,7,matched,Bacteria,6,66.67,0.857,1.167
Camelimonas,1017183,4,18,0.0,0.0,9,4,0.0,0.0,0,0,4,0,4,matched,Bacteria,7,77.78,1.0,1.0
Paludisphaera,1763521,11,73,0.0,0.01,9,5,0.0,0.0,0,0,5,0,5,matched,Bacteria,5,55.56,2.2,0.455
Weeksella,1013,7,16,0.0,0.0,9,4,0.0,0.0,0,0,4,0,4,matched,Bacteria,8,88.89,1.75,0.571
Thermomonospora,2019,19,56,0.01,0.0,9,9,0.0,0.01,0,0,9,0,9,matched,Bacteria,6,66.67,2.111,0.474
Cognatiyoonia,2211636,4,41,0.0,0.0,9,7,0.0,0.01,0,0,7,0,7,matched,Bacteria,5,55.56,0.571,1.75
Fulvimarina,217510,3,14,0.0,0.0,9,7,0.0,0.01,0,0,7,0,7,matched,Bacteria,7,77.78,0.429,2.333
Kyrpidia,1129704,4,28,0.0,0.0,9,3,0.0,0.0,0,0,3,0,3,matched,Bacteria,6,66.67,1.333,0.75
Psychrilyobacter,623282,13,100,0.0,0.01,9,4,0.0,0.0,0,0,4,0,4,matched,Bacteria,5,55.56,3.25,0.308
Halolactibacillus,306539,7,45,0.0,0.0,9,5,0.0,0.0,0,0,5,0,5,matched,Bacteria,8,88.89,1.4,0.714
Tumebacillus,432330,66,414,0.02,0.03,9,8,0.0,0.01,0,0,8,0,8,matched,Bacteria,8,88.89,8.25,0.121
Soehngenia,253255,17,110,0.01,0.01,9,4,0.0,0.0,0,0,4,0,4,matched,Bacteria,2,22.22,4.25,0.235
Thermodiscus,54249,6,12,0.0,0.0,9,2,0.0,0.0,0,0,2,0,2,matched,Archaea,0,0.0,3.0,0.333
Iodidimonas,2066486,11,95,0.0,0.01,9,7,0.0,0.01,0,0,7,0,7,matched,Bacteria,9,100.0,1.571,0.636
Telluribacter,1949218,2,2,0.0,0.0,9,3,0.0,0.0,0,0,3,0,3,matched,Bacteria,3,33.33,0.667,1.5
Marisediminicola,1230698,5,15,0.0,0.0,9,7,0.0,0.01,0,0,7,0,7,matched,Bacteria,6,66.67,0.714,1.4
Methylovorus,81682,4,51,0.0,0.0,9,8,0.0,0.01,0,0,8,0,8,matched,Bacteria,7,77.78,0.5,2.0
Cystobacter,42,8,85,0.0,0.01,9,4,0.0,0.0,0,0,4,0,4,matched,Bacteria,6,66.67,2.0,0.5
Allochromatium,85072,7,27,0.0,0.0,8,5,0.0,0.0,0,0,5,0,5,matched,Bacteria,6,75.0,1.4,0.714
Helcobacillus,1161125,7,13,0.0,0.0,8,2,0.0,0.0,0,0,2,0,2,matched,Bacteria,8,100.0,3.5,0.286
Soonwooa,944321,3,7,0.0,0.0,8,3,0.0,0.0,0,0,3,0,3,matched,Bacteria,2,25.0,1.0,1.0
Falsirhodobacter,1434002,12,24,0.0,0.0,8,8,0.0,0.01,0,0,8,0,8,matched,Bacteria,8,100.0,1.5,0.667
Alloiococcus,1651,9,29,0.0,0.0,8,3,0.0,0.0,0,0,3,0,3,matched,Bacteria,4,50.0,3.0,0.333
Aestuariivivens,1820275,2,4,0.0,0.0,8,5,0.0,0.0,0,0,5,0,5,matched,Bacteria,8,100.0,0.4,2.5
Cryptosporangium,65502,2,37,0.0,0.0,8,7,0.0,0.01,0,0,7,0,7,matched,Bacteria,8,100.0,0.286,3.5
Bernardetia,1937972,5,84,0.0,0.01,8,6,0.0,0.01,0,0,6,0,6,matched,Bacteria,5,62.5,0.833,1.2
Tropicibacter,599653,11,19,0.0,0.0,8,7,0.0,0.01,0,0,7,0,7,matched,Bacteria,8,100.0,1.571,0.636
Silvimonas,300264,2,12,0.0,0.0,8,6,0.0,0.01,0,0,6,0,6,matched,Bacteria,6,75.0,0.333,3.0
Schleiferia,1333716,45,112,0.02,0.01,8,1,0.0,0.0,0,0,1,0,1,matched,Bacteria,3,37.5,45.0,0.022
Hathewaya,1769729,2,7,0.0,0.0,8,4,0.0,0.0,0,0,4,0,4,matched,Bacteria,8,100.0,0.5,2.0
Chlorogloeopsis,1123,5,21,0.0,0.0,8,3,0.0,0.0,0,0,3,0,3,matched,Bacteria,7,87.5,1.667,0.6
Pseudoscardovia,1302778,2,7,0.0,0.0,8,2,0.0,0.0,0,0,2,0,2,matched,Bacteria,6,75.0,1.0,1.0
Pilimelia,53370,2,6,0.0,0.0,8,4,0.0,0.0,0,0,4,0,4,matched,Bacteria,4,50.0,0.5,2.0
Cecembia,1187078,5,12,0.0,0.0,8,4,0.0,0.0,0,0,4,0,4,matched,Bacteria,3,37.5,1.25,0.8
Luteimicrobium,754249,2,7,0.0,0.0,8,6,0.0,0.01,0,0,6,0,6,matched,Bacteria,6,75.0,0.333,3.0
Jonquetella,428711,1,1,0.0,0.0,8,3,0.0,0.0,0,0,3,0,3,matched,Bacteria,3,37.5,0.333,3.0
Cuspidothrix,882045,1,5,0.0,0.0,8,2,0.0,0.0,0,0,2,0,2,matched,Bacteria,2,25.0,0.5,2.0
Neomicrococcus,1868332,1,8,0.0,0.0,8,3,0.0,0.0,0,0,3,0,3,matched,Bacteria,7,87.5,0.333,3.0
Permianibacter,1649479,5,10,0.0,0.0,8,3,0.0,0.0,0,0,3,0,3,matched,Bacteria,3,37.5,1.667,0.6
Planosporangium,689760,6,19,0.0,0.0,8,5,0.0,0.0,0,0,5,0,5,matched,Bacteria,7,87.5,1.2,0.833
Lacihabitans,1649462,16,231,0.01,0.02,8,6,0.0,0.01,0,0,6,0,6,matched,Bacteria,5,62.5,2.667,0.375
Yinghuangia,2805681,1,1,0.0,0.0,8,7,0.0,0.01,0,0,7,0,7,matched,Bacteria,7,87.5,0.143,7.0
Halovivax,332951,7,24,0.0,0.0,8,6,0.0,0.01,0,0,6,0,6,matched,Archaea,6,75.0,1.167,0.857
Pseudogulbenkiania,568394,5,151,0.0,0.01,8,5,0.0,0.0,0,0,5,0,5,matched,Bacteria,5,62.5,1.0,1.0
Catenovulum,1172191,10,26,0.0,0.0,8,6,0.0,0.01,0,0,6,0,6,matched,Bacteria,8,100.0,1.667,0.6
Roseimaritima,1579506,4,7,0.0,0.0,8,4,0.0,0.0,0,0,4,0,4,matched,Bacteria,4,50.0,1.0,1.0
Chryseomicrobium,889388,11,32,0.0,0.0,8,6,0.0,0.01,0,0,6,0,6,matched,Bacteria,7,87.5,1.833,0.545
Raineya,2071614,15,72,0.01,0.01,8,2,0.0,0.0,0,0,2,0,2,matched,Bacteria,1,12.5,7.5,0.133
Thiohalomonas,397268,8,14,0.0,0.0,8,3,0.0,0.0,0,0,3,0,3,matched,Bacteria,1,12.5,2.667,0.375
Thiocystis,13724,8,24,0.0,0.0,8,4,0.0,0.0,0,0,4,0,4,matched,Bacteria,4,50.0,2.0,0.5
Gorillibacterium,1689250,2,3,0.0,0.0,8,6,0.0,0.01,0,0,6,0,6,matched,Bacteria,6,75.0,0.333,3.0
Allofrancisella,1869285,2,9,0.0,0.0,8,4,0.0,0.0,0,0,4,0,4,matched,Bacteria,8,100.0,0.5,2.0
Halohasta,1450140,10,139,0.0,0.01,8,4,0.0,0.0,0,0,4,0,4,matched,Archaea,5,62.5,2.5,0.4
Aquabacter,45402,1,1,0.0,0.0,8,7,0.0,0.01,0,0,7,0,7,matched,Bacteria,5,62.5,0.143,7.0
Nitriliruptor,596499,3,7,0.0,0.0,8,2,0.0,0.0,0,0,2,0,2,matched,Bacteria,1,12.5,1.5,0.667
Marinicauda,1649466,4,7,0.0,0.0,8,4,0.0,0.0,0,0,4,0,4,matched,Bacteria,7,87.5,1.0,1.0
Oceanicola,252301,13,51,0.0,0.0,8,7,0.0,0.01,0,0,7,0,7,matched,Bacteria,5,62.5,1.857,0.538
Corticibacterium,1763452,1,11,0.0,0.0,8,5,0.0,0.0,0,0,5,0,5,matched,Bacteria,6,75.0,0.2,5.0
Aliidongia,1914229,12,70,0.0,0.01,8,2,0.0,0.0,0,0,2,0,2,matched,Bacteria,1,12.5,6.0,0.167
Natronobacterium,2256,14,23,0.0,0.0,8,4,0.0,0.0,0,0,4,0,4,matched,Archaea,8,100.0,3.5,0.286
Saccharibacter,231052,1,5,0.0,0.0,8,7,0.0,0.01,0,0,7,0,7,matched,Bacteria,8,100.0,0.143,7.0
Antarcticibacterium,2058174,14,32,0.0,0.0,8,6,0.0,0.01,0,0,6,0,6,matched,Bacteria,4,50.0,2.333,0.429
Caldalkalibacillus,379065,7,16,0.0,0.0,8,5,0.0,0.0,0,0,5,0,5,matched,Bacteria,8,100.0,1.4,0.714
Caenimonas,763439,19,103,0.01,0.01,8,7,0.0,0.01,0,0,7,0,7,matched,Bacteria,6,75.0,2.714,0.368
Paenochrobactrum,999488,9,17,0.0,0.0,8,6,0.0,0.01,0,0,6,0,6,matched,Bacteria,7,87.5,1.5,0.667
Pseudoxanthobacter,433838,4,16,0.0,0.0,8,3,0.0,0.0,0,0,3,0,3,matched,Bacteria,2,25.0,1.333,0.75
Halomicronema,170610,8,14,0.0,0.0,8,4,0.0,0.0,0,0,4,0,4,matched,Bacteria,2,25.0,2.0,0.5
Geopsychrobacter,271087,11,79,0.0,0.01,8,3,0.0,0.0,0,0,3,0,3,matched,Bacteria,1,12.5,3.667,0.273
Saliphagus,2039236,3,4,0.0,0.0,8,6,0.0,0.01,0,0,6,0,6,matched,Archaea,7,87.5,0.5,2.0
Desulfonauticus,206664,3,13,0.0,0.0,8,4,0.0,0.0,0,0,4,0,4,matched,Bacteria,1,12.5,0.75,1.333
Arthrospira,35823,8,43,0.0,0.0,8,8,0.0,0.01,0,0,8,0,8,matched,Bacteria,5,62.5,1.0,1.0
Limisphaera,1775685,12,84,0.0,0.01,8,4,0.0,0.0,0,0,4,0,4,matched,Bacteria,3,37.5,3.0,0.333
Brevirhabdus,1855413,1,5,0.0,0.0,8,2,0.0,0.0,0,0,2,0,2,matched,Bacteria,3,37.5,0.5,2.0
Marinibacterium,1931200,9,15,0.0,0.0,8,4,0.0,0.0,0,0,4,0,4,matched,Bacteria,3,37.5,2.25,0.444
Crenobacter,1654931,8,30,0.0,0.0,8,5,0.0,0.0,0,0,5,0,5,matched,Bacteria,8,100.0,1.6,0.625
Myceligenerans,253183,8,15,0.0,0.0,8,7,0.0,0.01,0,0,7,0,7,matched,Bacteria,8,100.0,1.143,0.875
Gallaecimonas,745410,6,19,0.0,0.0,8,5,0.0,0.0,0,0,5,0,5,matched,Bacteria,6,75.0,1.2,0.833
Filimonas,649460,12,30,0.0,0.0,8,4,0.0,0.0,0,0,4,0,4,matched,Bacteria,6,75.0,3.0,0.333
Microvirgula,57479,1,16,0.0,0.0,8,4,0.0,0.0,0,0,4,0,4,matched,Bacteria,4,50.0,0.25,4.0
Bowmanella,366580,3,5,0.0,0.0,8,5,0.0,0.0,0,0,5,0,5,matched,Bacteria,8,100.0,0.6,1.667
Mahella,252965,3,35,0.0,0.0,7,2,0.0,0.0,0,0,2,0,2,matched,Bacteria,1,14.29,1.5,0.667
Jiulongibacter,2031119,1,1,0.0,0.0,7,3,0.0,0.0,0,0,3,0,3,matched,Bacteria,3,42.86,0.333,3.0
Hormoscilla,881023,2,20,0.0,0.0,7,7,0.0,0.01,0,0,7,0,7,matched,Bacteria,0,0.0,0.286,3.5
Mizugakiibacter,1544982,6,21,0.0,0.0,7,3,0.0,0.0,0,0,3,0,3,matched,Bacteria,1,14.29,2.0,0.5
Motilimonas,1914248,5,18,0.0,0.0,7,6,0.0,0.01,0,0,6,0,6,matched,Bacteria,7,100.0,0.833,1.2
Sphaerimonospora,1792303,3,4,0.0,0.0,7,4,0.0,0.0,0,0,4,0,4,matched,Bacteria,6,85.71,0.75,1.333
Pseudochelatococcus,1654719,6,19,0.0,0.0,7,5,0.0,0.0,0,0,5,0,5,matched,Bacteria,6,85.71,1.2,0.833
Roseospira,86671,3,4,0.0,0.0,7,5,0.0,0.0,0,0,5,0,5,matched,Bacteria,6,85.71,0.6,1.667
Sebaldella,32068,4,9,0.0,0.0,7,3,0.0,0.0,0,0,3,0,3,matched,Bacteria,3,42.86,1.333,0.75
Rhizorhapis,1649487,21,70,0.01,0.01,7,4,0.0,0.0,0,0,4,0,4,matched,Bacteria,2,28.57,5.25,0.19
Jeongeupia,885864,1,8,0.0,0.0,7,5,0.0,0.0,0,0,5,0,5,matched,Bacteria,7,100.0,0.2,5.0
Sediminibacillus,482460,4,5,0.0,0.0,7,6,0.0,0.01,0,0,6,0,6,matched,Bacteria,7,100.0,0.667,1.5
Sciscionella,596495,1,3,0.0,0.0,7,3,0.0,0.0,0,0,3,0,3,matched,Bacteria,2,28.57,0.333,3.0
Thermosulfurimonas,1522431,3,12,0.0,0.0,7,4,0.0,0.0,0,0,4,0,4,matched,Bacteria,3,42.86,0.75,1.333
Psychrobium,1573826,11,33,0.0,0.0,7,4,0.0,0.0,0,0,4,0,4,matched,Bacteria,3,42.86,2.75,0.364
Orenia,46468,20,46,0.01,0.0,7,3,0.0,0.0,0,0,3,0,3,matched,Bacteria,5,71.43,6.667,0.15
Albimonas,663242,13,73,0.0,0.01,7,5,0.0,0.0,0,0,5,0,5,matched,Bacteria,3,42.86,2.6,0.385
Dissulfurimicrobium,1769732,13,56,0.0,0.0,7,2,0.0,0.0,0,0,2,0,2,matched,Bacteria,1,14.29,6.5,0.154
Ferroglobus,54260,8,22,0.0,0.0,7,2,0.0,0.0,0,0,2,0,2,matched,Archaea,1,14.29,4.0,0.25
Puniceibacterium,1608404,1,4,0.0,0.0,7,6,0.0,0.01,0,0,6,0,6,matched,Bacteria,5,71.43,0.167,6.0
Aestuariimicrobium,396388,25,164,0.01,0.01,7,7,0.0,0.01,0,0,7,0,7,matched,Bacteria,7,100.0,3.571,0.28
Siccirubricoccus,2044848,1,2,0.0,0.0,7,4,0.0,0.0,0,0,4,0,4,matched,Bacteria,7,100.0,0.25,4.0
Rhodocyclus,1064,1,2,0.0,0.0,7,3,0.0,0.0,0,0,3,0,3,matched,Bacteria,7,100.0,0.333,3.0
Hirschia,2723,37,274,0.01,0.02,7,5,0.0,0.0,0,0,5,0,5,matched,Bacteria,3,42.86,7.4,0.135
Aquisalinus,1795639,3,6,0.0,0.0,7,3,0.0,0.0,0,0,3,0,3,matched,Bacteria,5,71.43,1.0,1.0
Ignicoccus,54258,4,13,0.0,0.0,7,4,0.0,0.0,0,0,4,0,4,matched,Archaea,3,42.86,1.0,1.0
Microterricola,518733,2,25,0.0,0.0,7,4,0.0,0.0,0,0,4,0,4,matched,Bacteria,4,57.14,0.5,2.0
Alkalimarinus,1858563,2,11,0.0,0.0,7,3,0.0,0.0,0,0,3,0,3,matched,Bacteria,7,100.0,0.667,1.5
Geomicrobium,767528,7,11,0.0,0.0,7,7,0.0,0.01,0,0,7,0,7,matched,Bacteria,7,100.0,1.0,1.0
Natronoarchaeum,926359,8,36,0.0,0.0,7,5,0.0,0.0,0,0,5,0,5,matched,Archaea,6,85.71,1.6,0.625
Pontivivens,1844015,5,11,0.0,0.0,7,4,0.0,0.0,0,0,4,0,4,matched,Bacteria,6,85.71,1.25,0.8
Flaviaesturariibacter,1789690,14,24,0.0,0.0,7,5,0.0,0.0,0,0,5,0,5,matched,Bacteria,4,57.14,2.8,0.357
Alteribacillus,1433300,4,4,0.0,0.0,7,6,0.0,0.01,0,0,6,0,6,matched,Bacteria,7,100.0,0.667,1.5
Ornithinicoccus,82345,12,56,0.0,0.0,7,4,0.0,0.0,0,0,4,0,4,matched,Bacteria,4,57.14,3.0,0.333
Lebetimonas,267989,9,16,0.0,0.0,7,7,0.0,0.01,0,0,7,0,7,matched,Bacteria,7,100.0,1.286,0.778
Sulfurisphaera,69655,4,23,0.0,0.0,7,3,0.0,0.0,0,0,3,0,3,matched,Archaea,6,85.71,1.333,0.75
Cryomorpha,246876,34,106,0.01,0.01,7,2,0.0,0.0,0,0,2,0,2,matched,Bacteria,1,14.29,17.0,0.059
Glaciibacter,501022,1,5,0.0,0.0,7,6,0.0,0.01,0,0,6,0,6,matched,Bacteria,5,71.43,0.167,6.0
Okibacterium,196084,3,11,0.0,0.0,7,3,0.0,0.0,0,0,3,0,3,matched,Bacteria,7,100.0,1.0,1.0
Timonella,1465824,10,26,0.0,0.0,7,3,0.0,0.0,0,0,3,0,3,matched,Bacteria,2,28.57,3.333,0.3
Rugosimonospora,1198243,3,22,0.0,0.0,7,3,0.0,0.0,0,0,3,0,3,matched,Bacteria,2,28.57,1.0,1.0
Hoyosella,697025,2,9,0.0,0.0,7,5,0.0,0.0,0,0,5,0,5,matched,Bacteria,7,100.0,0.4,2.5
Hyalangium,224455,2,31,0.0,0.0,7,5,0.0,0.0,0,0,5,0,5,matched,Bacteria,4,57.14,0.4,2.5
Stygiolobus,41674,7,36,0.0,0.0,7,7,0.0,0.01,0,0,7,0,7,matched,Archaea,6,85.71,1.0,1.0
Jejuia,762551,7,16,0.0,0.0,7,4,0.0,0.0,0,0,4,0,4,matched,Bacteria,5,71.43,1.75,0.571
Solitalea,929509,34,356,0.01,0.03,7,6,0.0,0.01,0,0,6,0,6,matched,Bacteria,6,85.71,5.667,0.176
Halostagnicola,353799,4,13,0.0,0.0,7,7,0.0,0.01,0,0,7,0,7,matched,Archaea,7,100.0,0.571,1.75
Chromatium,1047,9,35,0.0,0.0,7,3,0.0,0.0,0,0,3,0,3,matched,Bacteria,3,42.86,3.0,0.333
Tepidibacter,214904,11,26,0.0,0.0,7,7,0.0,0.01,0,0,7,0,7,matched,Bacteria,6,85.71,1.571,0.636
Mangrovibacter,451512,3,8,0.0,0.0,7,5,0.0,0.0,0,0,5,0,5,matched,Bacteria,7,100.0,0.6,1.667
Pseudoteredinibacter,1122284,3,5,0.0,0.0,7,2,0.0,0.0,0,0,2,0,2,matched,Bacteria,4,57.14,1.5,0.667
Aeropyrum,56635,23,90,0.01,0.01,7,3,0.0,0.0,0,0,3,0,3,matched,Archaea,4,57.14,7.667,0.13
Parahaliea,1857932,24,35,0.01,0.0,7,4,0.0,0.0,0,0,4,0,4,matched,Bacteria,5,71.43,6.0,0.167
Levilinea,475965,24,105,0.01,0.01,7,3,0.0,0.0,0,0,3,0,3,matched,Bacteria,2,28.57,8.0,0.125
Alysiella,194195,9,26,0.0,0.0,7,3,0.0,0.0,0,0,3,0,3,matched,Bacteria,6,85.71,3.0,0.333
Agarilytica,2036021,5,9,0.0,0.0,7,3,0.0,0.0,0,0,3,0,3,matched,Bacteria,1,14.29,1.667,0.6
Limnochordaceae.U.genus,1676650,98,224,0.03,0.02,7,3,0.0,0.0,0,0,3,0,3,matched,Bacteria,1,14.29,32.667,0.031
Granulicoccus,448176,2,3,0.0,0.0,7,3,0.0,0.0,0,0,3,0,3,matched,Bacteria,4,57.14,0.667,1.5
Meridianimaribacter,1197472,2,6,0.0,0.0,7,2,0.0,0.0,0,0,2,0,2,matched,Bacteria,3,42.86,1.0,1.0
Palaeococcus,83867,5,18,0.0,0.0,7,3,0.0,0.0,0,0,3,0,3,matched,Archaea,2,28.57,1.667,0.6
Thiohalorhabdus,492233,27,52,0.01,0.0,7,3,0.0,0.0,0,0,3,0,3,matched,Bacteria,3,42.86,9.0,0.111
Rhodovibrio,85274,16,75,0.01,0.01,7,4,0.0,0.0,0,0,4,0,4,matched,Bacteria,3,42.86,4.0,0.25
Acidipila,1000999,2,4,0.0,0.0,7,4,0.0,0.0,0,0,4,0,4,matched,Bacteria,2,28.57,0.5,2.0
Desulfolunaceae.U.genus,3031622,15,73,0.01,0.01,7,5,0.0,0.0,0,0,5,0,5,matched,Bacteria,4,57.14,3.0,0.333
Ketogulonicigenium,92944,2,35,0.0,0.0,7,2,0.0,0.0,0,0,2,0,2,matched,Bacteria,7,100.0,1.0,1.0
Gloeocapsa,102231,7,10,0.0,0.0,7,6,0.0,0.01,0,0,6,0,6,matched,Bacteria,4,57.14,1.167,0.857
Thiorhodovibrio,61593,5,7,0.0,0.0,7,4,0.0,0.0,0,0,4,0,4,matched,Bacteria,5,71.43,1.25,0.8
Asinibacterium,1612198,5,19,0.0,0.0,7,4,0.0,0.0,0,0,4,0,4,matched,Bacteria,2,28.57,1.25,0.8
Halothermothrix,32636,5,9,0.0,0.0,7,5,0.0,0.0,0,0,5,0,5,matched,Bacteria,1,14.29,1.0,1.0
Arhodomonas,2368,5,10,0.0,0.0,7,6,0.0,0.01,0,0,6,0,6,matched,Bacteria,6,85.71,0.833,1.2
Halostella,1843185,2,4,0.0,0.0,7,6,0.0,0.01,0,0,6,0,6,matched,Archaea,7,100.0,0.333,3.0
Thermoplasma,2302,6,12,0.0,0.0,7,4,0.0,0.0,0,0,4,0,4,matched,Archaea,3,42.86,1.5,0.667
Prochloron,1214,6,21,0.0,0.0,7,4,0.0,0.0,0,0,4,0,4,matched,Bacteria,0,0.0,1.5,0.667
Jhaorihella,1511750,6,12,0.0,0.0,7,2,0.0,0.0,0,0,2,0,2,matched,Bacteria,3,42.86,3.0,0.333
Asaccharobacter,553372,1,1,0.0,0.0,7,1,0.0,0.0,0,0,1,0,1,matched,Bacteria,0,0.0,1.0,1.0
Caedibacter,28905,16,57,0.01,0.0,6,4,0.0,0.0,0,0,4,0,4,matched,Bacteria,1,16.67,4.0,0.25
Actimicrobium,1051898,2,13,0.0,0.0,6,4,0.0,0.0,0,0,4,0,4,matched,Bacteria,6,100.0,0.5,2.0
Conyzicola,1648520,2,18,0.0,0.0,6,3,0.0,0.0,0,0,3,0,3,matched,Bacteria,5,83.33,0.667,1.5
Desulfoprunum,1654934,5,46,0.0,0.0,6,2,0.0,0.0,0,0,2,0,2,matched,Bacteria,2,33.33,2.5,0.4
Rhodonellum,336827,1,1,0.0,0.0,6,3,0.0,0.0,0,0,3,0,3,matched,Bacteria,3,50.0,0.333,3.0
Sporichthya,35750,17,137,0.01,0.01,6,3,0.0,0.0,0,0,3,0,3,matched,Bacteria,2,33.33,5.667,0.176
Uruburuella,299568,1,24,0.0,0.0,6,2,0.0,0.0,0,0,2,0,2,matched,Bacteria,3,50.0,0.5,2.0
Larsenimonas,1775121,1,3,0.0,0.0,6,3,0.0,0.0,0,0,3,0,3,matched,Bacteria,6,100.0,0.333,3.0
Tindallia,69894,9,24,0.0,0.0,6,4,0.0,0.0,0,0,4,0,4,matched,Bacteria,1,16.67,2.25,0.444
Murdochiella,1161127,9,18,0.0,0.0,6,4,0.0,0.0,0,0,4,0,4,matched,Bacteria,5,83.33,2.25,0.444
Proteiniborus,415014,9,18,0.0,0.0,6,4,0.0,0.0,0,0,4,0,4,matched,Bacteria,3,50.0,2.25,0.444
Dissulfuribacteraceae.U.genus,3031471,35,147,0.01,0.01,6,3,0.0,0.0,0,0,3,0,3,matched,Bacteria,4,66.67,11.667,0.086
Pseudarcicella,1664383,35,912,0.01,0.07,6,3,0.0,0.0,0,0,3,0,3,matched,Bacteria,4,66.67,11.667,0.086
Acidomonas,34000,1,10,0.0,0.0,6,1,0.0,0.0,0,0,1,0,1,matched,Bacteria,6,100.0,1.0,1.0
Fodinicurvata,1121829,3,20,0.0,0.0,6,4,0.0,0.0,0,0,4,0,4,matched,Bacteria,6,100.0,0.75,1.333
Bowdeniella,2767322,3,5,0.0,0.0,6,2,0.0,0.0,0,0,2,0,2,matched,Bacteria,3,50.0,1.5,0.667
Sporanaerobacter,165812,12,34,0.0,0.0,6,4,0.0,0.0,0,0,4,0,4,matched,Bacteria,3,50.0,3.0,0.333
Egicoccus,1755825,4,14,0.0,0.0,6,4,0.0,0.0,0,0,4,0,4,matched,Bacteria,4,66.67,1.0,1.0
Raineyella,1911549,4,15,0.0,0.0,6,6,0.0,0.01,0,0,6,0,6,matched,Bacteria,4,66.67,0.667,1.5
Celerinatantimonas,412033,4,6,0.0,0.0,6,5,0.0,0.0,0,0,5,0,5,matched,Bacteria,5,83.33,0.8,1.25
Quinella,1567,65,90,0.02,0.01,6,5,0.0,0.0,0,0,5,0,5,matched,Bacteria,0,0.0,13.0,0.077
Thiovulum,936,12,37,0.0,0.0,6,5,0.0,0.0,0,0,5,0,5,matched,Bacteria,1,16.67,2.4,0.417
Desertifilum,1185872,1,3,0.0,0.0,6,6,0.0,0.01,0,0,6,0,6,matched,Bacteria,4,66.67,0.167,6.0
Barrientosiimonas,1535207,1,4,0.0,0.0,6,3,0.0,0.0,0,0,3,0,3,matched,Bacteria,6,100.0,0.333,3.0
Chitiniphilus,585890,1,2,0.0,0.0,6,3,0.0,0.0,0,0,3,0,3,matched,Bacteria,6,100.0,0.333,3.0
Flavimaricola,2211637,10,14,0.0,0.0,6,2,0.0,0.0,0,0,2,0,2,matched,Bacteria,2,33.33,5.0,0.2
Fontimonas,1434005,9,20,0.0,0.0,6,3,0.0,0.0,0,0,3,0,3,matched,Bacteria,2,33.33,3.0,0.333
Zooshikella,202771,1,5,0.0,0.0,6,3,0.0,0.0,0,0,3,0,3,matched,Bacteria,6,100.0,0.333,3.0
Labedella,390250,1,11,0.0,0.0,6,5,0.0,0.0,0,0,5,0,5,matched,Bacteria,5,83.33,0.2,5.0
Dichelobacter,869,1,9,0.0,0.0,6,1,0.0,0.0,0,0,1,0,1,matched,Bacteria,5,83.33,1.0,1.0
Verticiella,1835332,12,36,0.0,0.0,6,3,0.0,0.0,0,0,3,0,3,matched,Bacteria,3,50.0,4.0,0.25
Allokutzneria,1137960,4,25,0.0,0.0,6,5,0.0,0.0,0,0,5,0,5,matched,Bacteria,6,100.0,0.8,1.25
Paludibaculum,1649475,130,779,0.05,0.06,6,3,0.0,0.0,0,0,3,0,3,matched,Bacteria,2,33.33,43.333,0.023
Rubrimonas,89523,9,130,0.0,0.01,6,2,0.0,0.0,0,0,2,0,2,matched,Bacteria,1,16.67,4.5,0.222
Malonomonas,57039,8,25,0.0,0.0,6,2,0.0,0.0,0,0,2,0,2,matched,Bacteria,1,16.67,4.0,0.25
Vulcaniibacterium,1649512,8,24,0.0,0.0,6,3,0.0,0.0,0,0,3,0,3,matched,Bacteria,6,100.0,2.667,0.375
Chromatocurvus,1132027,4,26,0.0,0.0,6,2,0.0,0.0,0,0,2,0,2,matched,Bacteria,2,33.33,2.0,0.5
Pragia,82984,2,22,0.0,0.0,6,1,0.0,0.0,0,0,1,0,1,matched,Bacteria,6,100.0,2.0,0.5
Enhygromyxa,215802,13,27,0.0,0.0,6,2,0.0,0.0,0,0,2,0,2,matched,Bacteria,3,50.0,6.5,0.154
Kozakia,153497,3,38,0.0,0.0,6,1,0.0,0.0,0,0,1,0,1,matched,Bacteria,6,100.0,3.0,0.333
Piscibacillus,420644,3,10,0.0,0.0,6,3,0.0,0.0,0,0,3,0,3,matched,Bacteria,5,83.33,1.0,1.0
Ignavigranum,89092,10,15,0.0,0.0,6,1,0.0,0.0,0,0,1,0,1,matched,Bacteria,4,66.67,10.0,0.1
Flavimobilis,2756312,1,3,0.0,0.0,6,4,0.0,0.0,0,0,4,0,4,matched,Bacteria,4,66.67,0.25,4.0
Seleniivibrio,1649493,2,7,0.0,0.0,6,2,0.0,0.0,0,0,2,0,2,matched,Bacteria,2,33.33,1.0,1.0
Paeniclostridium,1849828,8,90,0.0,0.01,6,3,0.0,0.0,0,0,3,0,3,matched,Bacteria,2,33.33,2.667,0.375
Dasania,503005,8,11,0.0,0.0,6,4,0.0,0.0,0,0,4,0,4,matched,Bacteria,4,66.67,2.0,0.5
Paralcaligenes,1148163,1,4,0.0,0.0,6,4,0.0,0.0,0,0,4,0,4,matched,Bacteria,3,50.0,0.25,4.0
Desulfotalea,109168,14,32,0.0,0.0,6,2,0.0,0.0,0,0,2,0,2,matched,Bacteria,4,66.67,7.0,0.143
Budvicia,82978,2,6,0.0,0.0,6,3,0.0,0.0,0,0,3,0,3,matched,Bacteria,5,83.33,0.667,1.5
Dehalobacterium,51514,19,50,0.01,0.0,6,2,0.0,0.0,0,0,2,0,2,matched,Bacteria,2,33.33,9.5,0.105
Anabaenopsis,110103,2,2,0.0,0.0,6,5,0.0,0.0,0,0,5,0,5,matched,Bacteria,6,100.0,0.4,2.5
Thermobaculum,262406,15,55,0.01,0.0,6,2,0.0,0.0,0,0,2,0,2,matched,Bacteria,1,16.67,7.5,0.133
Paraferrimonas,375673,1,4,0.0,0.0,6,3,0.0,0.0,0,0,3,0,3,matched,Bacteria,6,100.0,0.333,3.0
Thermobispora,147067,15,160,0.01,0.01,6,2,0.0,0.0,0,0,2,0,2,matched,Bacteria,3,50.0,7.5,0.133
Calditerricola,373053,7,43,0.0,0.0,6,3,0.0,0.0,0,0,3,0,3,matched,Bacteria,4,66.67,2.333,0.429
Gracilibacter,342658,42,184,0.01,0.01,6,5,0.0,0.0,0,0,5,0,5,matched,Bacteria,2,33.33,8.4,0.119
Alkalinema,1620700,1,1,0.0,0.0,6,6,0.0,0.01,0,0,6,0,6,matched,Bacteria,2,33.33,0.167,6.0
Couchioplanes,56433,2,2,0.0,0.0,6,2,0.0,0.0,0,0,2,0,2,matched,Bacteria,6,100.0,1.0,1.0
Myxosarcina,52605,10,15,0.0,0.0,6,5,0.0,0.0,0,0,5,0,5,matched,Bacteria,2,33.33,2.0,0.5
Geotalea,2910589,3,9,0.0,0.0,6,4,0.0,0.0,0,0,4,0,4,matched,Bacteria,6,100.0,0.75,1.333
Dactylococcopsis,13034,26,80,0.01,0.01,6,2,0.0,0.0,0,0,2,0,2,matched,Bacteria,1,16.67,13.0,0.077
Desulfatirhabdium,497742,26,244,0.01,0.02,6,2,0.0,0.0,0,0,2,0,2,matched,Bacteria,1,16.67,13.0,0.077
Salinimonas,288793,18,33,0.01,0.0,6,6,0.0,0.01,0,0,6,0,6,matched,Bacteria,6,100.0,3.0,0.333
Antarctobacter,74032,2,9,0.0,0.0,6,3,0.0,0.0,0,0,3,0,3,matched,Bacteria,4,66.67,0.667,1.5
Catenisphaera,1774107,19,61,0.01,0.0,6,2,0.0,0.0,0,0,2,0,2,matched,Bacteria,1,16.67,9.5,0.105
Alkalibaculum,696745,2,8,0.0,0.0,6,4,0.0,0.0,0,0,4,0,4,matched,Bacteria,3,50.0,0.5,2.0
Zavarzinella,600332,5,10,0.0,0.0,6,2,0.0,0.0,0,0,2,0,2,matched,Bacteria,1,16.67,2.5,0.4
Papillibacter,100175,60,134,0.02,0.01,6,3,0.0,0.0,0,0,3,0,3,matched,Bacteria,1,16.67,20.0,0.05
Kistimonas,1036132,10,18,0.0,0.0,6,5,0.0,0.0,0,0,5,0,5,matched,Bacteria,2,33.33,2.0,0.5
Thalassomonas,137583,10,22,0.0,0.0,6,6,0.0,0.01,0,0,6,0,6,matched,Bacteria,5,83.33,1.667,0.6
Geovibrio,46200,3,7,0.0,0.0,6,4,0.0,0.0,0,0,4,0,4,matched,Bacteria,3,50.0,0.75,1.333
Defluviitalea,1185408,30,91,0.01,0.01,6,3,0.0,0.0,0,0,3,0,3,matched,Bacteria,4,66.67,10.0,0.1
Geothermobacter,213223,32,119,0.01,0.01,6,3,0.0,0.0,0,0,3,0,3,matched,Bacteria,3,50.0,10.667,0.094
Salisediminibacterium,1434042,1,7,0.0,0.0,6,3,0.0,0.0,0,0,3,0,3,matched,Bacteria,6,100.0,0.333,3.0
Pseudopedobacter,1649482,11,18,0.0,0.0,6,3,0.0,0.0,0,0,3,0,3,matched,Bacteria,2,33.33,3.667,0.273
Zhengella,2282761,1,1,0.0,0.0,6,3,0.0,0.0,0,0,3,0,3,matched,Bacteria,2,33.33,0.333,3.0
Orbus,743714,6,9,0.0,0.0,6,5,0.0,0.0,0,0,5,0,5,matched,Bacteria,6,100.0,1.2,0.833
Stigmatella,40,6,32,0.0,0.0,6,4,0.0,0.0,0,0,4,0,4,matched,Bacteria,6,100.0,1.5,0.667
Ammoniphilus,66862,6,126,0.0,0.01,6,6,0.0,0.01,0,0,6,0,6,matched,Bacteria,5,83.33,1.0,1.0
Robertkochia,1649489,5,10,0.0,0.0,6,5,0.0,0.0,0,0,5,0,5,matched,Bacteria,6,100.0,1.0,1.0
Chishuiella,1572663,5,8,0.0,0.0,6,2,0.0,0.0,0,0,2,0,2,matched,Bacteria,2,33.33,2.5,0.4
Hanstruepera,1707752,2,5,0.0,0.0,6,5,0.0,0.0,0,0,5,0,5,matched,Bacteria,6,100.0,0.4,2.5
Minicystis,1649470,16,54,0.01,0.0,6,3,0.0,0.0,0,0,3,0,3,matched,Bacteria,1,16.67,5.333,0.188
Desulfobaculum,1433996,2,2,0.0,0.0,6,5,0.0,0.0,0,0,5,0,5,matched,Bacteria,5,83.33,0.4,2.5
Deferrisoma,1125862,48,92,0.02,0.01,6,3,0.0,0.0,0,0,3,0,3,matched,Bacteria,2,33.33,16.0,0.062
Neokomagataea,1223423,1,2,0.0,0.0,6,4,0.0,0.0,0,0,4,0,4,matched,Bacteria,0,0.0,0.25,4.0
Algicola,296014,6,18,0.0,0.0,6,2,0.0,0.0,0,0,2,0,2,matched,Bacteria,0,0.0,3.0,0.333
Phytoactinopolyspora,1783488,5,10,0.0,0.0,6,6,0.0,0.01,0,0,6,0,6,matched,Bacteria,6,100.0,0.833,1.2
Gloeotrichia,92939,2,14,0.0,0.0,6,1,0.0,0.0,0,0,1,0,1,matched,Bacteria,0,0.0,2.0,0.5
Thermocrispum,37924,3,37,0.0,0.0,6,3,0.0,0.0,0,0,3,0,3,matched,Bacteria,2,33.33,1.0,1.0
Vulgatibacter,1524214,30,85,0.01,0.01,6,2,0.0,0.0,0,0,2,0,2,matched,Bacteria,1,16.67,15.0,0.067
Salinispira,1616789,29,100,0.01,0.01,6,3,0.0,0.0,0,0,3,0,3,matched,Bacteria,2,33.33,9.667,0.103
Halopiger,387342,11,27,0.0,0.0,6,5,0.0,0.0,0,0,5,0,5,matched,Archaea,6,100.0,2.2,0.455
Thiorhodococcus,57488,3,14,0.0,0.0,6,5,0.0,0.0,0,0,5,0,5,matched,Bacteria,4,66.67,0.6,1.667
Aminiphilus,290731,6,17,0.0,0.0,6,3,0.0,0.0,0,0,3,0,3,matched,Bacteria,1,16.67,2.0,0.5
Falsochrobactrum,1649292,2,56,0.0,0.0,6,3,0.0,0.0,0,0,3,0,3,matched,Bacteria,6,100.0,0.667,1.5
Haloprofundus,1911573,1,1,0.0,0.0,6,6,0.0,0.01,0,0,6,0,6,matched,Archaea,6,100.0,0.167,6.0
Cerasicoccus,468938,51,212,0.02,0.02,6,4,0.0,0.0,0,0,4,0,4,matched,Bacteria,6,100.0,12.75,0.078
Acidothermus,28048,153,2296,0.05,0.18,5,2,0.0,0.0,0,0,2,0,2,matched,Bacteria,1,20.0,76.5,0.013
Chitinivorax,1433992,6,41,0.0,0.0,5,4,0.0,0.0,0,0,4,0,4,matched,Bacteria,3,60.0,1.5,0.667
Melghirimyces,1236218,5,8,0.0,0.0,5,3,0.0,0.0,0,0,3,0,3,matched,Bacteria,3,60.0,1.667,0.6
Sulfurivirga,364031,6,17,0.0,0.0,5,2,0.0,0.0,0,0,2,0,2,matched,Bacteria,1,20.0,3.0,0.333
Zhouia,561555,2,2,0.0,0.0,5,3,0.0,0.0,0,0,3,0,3,matched,Bacteria,5,100.0,0.667,1.5
Halopelagius,1008195,2,9,0.0,0.0,5,3,0.0,0.0,0,0,3,0,3,matched,Archaea,4,80.0,0.667,1.5
Salarchaeum,1075398,2,5,0.0,0.0,5,3,0.0,0.0,0,0,3,0,3,matched,Archaea,5,100.0,0.667,1.5
Marihabitans,568214,1,1,0.0,0.0,5,2,0.0,0.0,0,0,2,0,2,matched,Bacteria,2,40.0,0.5,2.0
Cyanothece,43988,11,41,0.0,0.0,5,4,0.0,0.0,0,0,4,0,4,matched,Bacteria,2,40.0,2.75,0.364
Lactovum,303226,11,15,0.0,0.0,5,3,0.0,0.0,0,0,3,0,3,matched,Bacteria,3,60.0,3.667,0.273
Hyperthermus,54247,1,1,0.0,0.0,5,3,0.0,0.0,0,0,3,0,3,matched,Archaea,1,20.0,0.333,3.0
Euzebyella,1287916,6,18,0.0,0.0,5,2,0.0,0.0,0,0,2,0,2,matched,Bacteria,5,100.0,3.0,0.333
Thalassobium,633130,1,1,0.0,0.0,5,2,0.0,0.0,0,0,2,0,2,matched,Bacteria,1,20.0,0.5,2.0
Carnimonas,64322,5,8,0.0,0.0,5,2,0.0,0.0,0,0,2,0,2,matched,Bacteria,5,100.0,2.5,0.4
Virgisporangium,65504,5,17,0.0,0.0,5,3,0.0,0.0,0,0,3,0,3,matched,Bacteria,5,100.0,1.667,0.6
Phaeocystidibacter,1577779,5,14,0.0,0.0,5,3,0.0,0.0,0,0,3,0,3,matched,Bacteria,3,60.0,1.667,0.6
Thermovenabulum,159730,5,15,0.0,0.0,5,2,0.0,0.0,0,0,2,0,2,matched,Bacteria,1,20.0,2.5,0.4
Haloimpatiens,1755832,5,23,0.0,0.0,5,4,0.0,0.0,0,0,4,0,4,matched,Bacteria,5,100.0,1.25,0.8
Persicobacter,59740,2,12,0.0,0.0,5,5,0.0,0.0,0,0,5,0,5,matched,Bacteria,4,80.0,0.4,2.5
Sulfuriflexus,1860077,2,4,0.0,0.0,5,2,0.0,0.0,0,0,2,0,2,matched,Bacteria,1,20.0,1.0,1.0
Balneatrix,75683,2,2,0.0,0.0,5,2,0.0,0.0,0,0,2,0,2,matched,Bacteria,4,80.0,1.0,1.0
Oceaniglobus,2047745,2,6,0.0,0.0,5,5,0.0,0.0,0,0,5,0,5,matched,Bacteria,4,80.0,0.4,2.5
Naumannella,1294511,2,5,0.0,0.0,5,4,0.0,0.0,0,0,4,0,4,matched,Bacteria,5,100.0,0.5,2.0
Dolosicoccus,171413,2,2,0.0,0.0,5,2,0.0,0.0,0,0,2,0,2,matched,Bacteria,4,80.0,1.0,1.0
Ferribacterium,88875,15,73,0.01,0.01,5,1,0.0,0.0,0,0,1,0,1,matched,Bacteria,4,80.0,15.0,0.067
Marinirhabdus,1862153,2,4,0.0,0.0,5,2,0.0,0.0,0,0,2,0,2,matched,Bacteria,1,20.0,1.0,1.0
Limnochorda,1676651,7,20,0.0,0.0,5,2,0.0,0.0,0,0,2,0,2,matched,Bacteria,1,20.0,3.5,0.286
Salinivirga,2919362,15,77,0.01,0.01,5,2,0.0,0.0,0,0,2,0,2,matched,Bacteria,1,20.0,7.5,0.133
Tunicatimonas,1077254,15,21,0.01,0.0,5,2,0.0,0.0,0,0,2,0,2,matched,Bacteria,1,20.0,7.5,0.133
Tepidamorphus,747074,15,22,0.01,0.0,5,4,0.0,0.0,0,0,4,0,4,matched,Bacteria,2,40.0,3.75,0.267
Oceanotoga,1255275,2,11,0.0,0.0,5,3,0.0,0.0,0,0,3,0,3,matched,Bacteria,3,60.0,0.667,1.5
Aureitalea,1176327,7,23,0.0,0.0,5,4,0.0,0.0,0,0,4,0,4,matched,Bacteria,2,40.0,1.75,0.571
Catalinimonas,1522128,7,29,0.0,0.0,5,4,0.0,0.0,0,0,4,0,4,matched,Bacteria,4,80.0,1.75,0.571
Geotoga,28233,7,101,0.0,0.01,5,2,0.0,0.0,0,0,2,0,2,matched,Bacteria,3,60.0,3.5,0.286
Roseimicrobium,1348508,43,124,0.01,0.01,5,3,0.0,0.0,0,0,3,0,3,matched,Bacteria,2,40.0,14.333,0.07
Desulfovirgula,418453,2,3,0.0,0.0,5,3,0.0,0.0,0,0,3,0,3,matched,Bacteria,1,20.0,0.667,1.5
Rhodothalassium,85273,2,7,0.0,0.0,5,1,0.0,0.0,0,0,1,0,1,matched,Bacteria,5,100.0,2.0,0.5
Renibacterium,1645,1,5,0.0,0.0,5,2,0.0,0.0,0,0,2,0,2,matched,Bacteria,3,60.0,0.5,2.0
Stella,93,10,46,0.0,0.0,5,4,0.0,0.0,0,0,4,0,4,matched,Bacteria,4,80.0,2.5,0.4
Desulfoluna,497721,3,9,0.0,0.0,5,4,0.0,0.0,0,0,4,0,4,matched,Bacteria,4,80.0,0.75,1.333
Thermopolyspora,359169,11,45,0.0,0.0,5,3,0.0,0.0,0,0,3,0,3,matched,Bacteria,3,60.0,3.667,0.273
Nitrococcus,35796,3,7,0.0,0.0,5,2,0.0,0.0,0,0,2,0,2,matched,Bacteria,1,20.0,1.5,0.667
Anseongella,1773450,3,13,0.0,0.0,5,2,0.0,0.0,0,0,2,0,2,matched,Bacteria,2,40.0,1.5,0.667
Thermanaerovibrio,81461,3,28,0.0,0.0,5,2,0.0,0.0,0,0,2,0,2,matched,Bacteria,2,40.0,1.5,0.667
Halovulum,1844498,15,27,0.01,0.0,5,5,0.0,0.0,0,0,5,0,5,matched,Bacteria,4,80.0,3.0,0.333
Salirhabdus,394505,4,5,0.0,0.0,5,4,0.0,0.0,0,0,4,0,4,matched,Bacteria,4,80.0,1.0,1.0
Carboxydothermus,129957,7,22,0.0,0.0,5,4,0.0,0.0,0,0,4,0,4,matched,Bacteria,5,100.0,1.75,0.571
Garciella,218204,4,8,0.0,0.0,5,2,0.0,0.0,0,0,2,0,2,matched,Bacteria,2,40.0,2.0,0.5
Staphylothermus,2279,14,33,0.0,0.0,5,3,0.0,0.0,0,0,3,0,3,matched,Archaea,2,40.0,4.667,0.214
Pyrinomonas,1562565,3,7,0.0,0.0,5,3,0.0,0.0,0,0,3,0,3,matched,Bacteria,1,20.0,1.0,1.0
Nautilia,191291,10,79,0.0,0.01,5,4,0.0,0.0,0,0,4,0,4,matched,Bacteria,3,60.0,2.5,0.4
Caviibacter,1792239,1,3,0.0,0.0,5,2,0.0,0.0,0,0,2,0,2,matched,Bacteria,2,40.0,0.5,2.0
Fluviicoccus,1742986,1,12,0.0,0.0,5,2,0.0,0.0,0,0,2,0,2,matched,Bacteria,1,20.0,0.5,2.0
Diaminobutyricimonas,1433997,3,9,0.0,0.0,5,4,0.0,0.0,0,0,4,0,4,matched,Bacteria,3,60.0,0.75,1.333
Amylolactobacillus,2767876,2,2,0.0,0.0,5,2,0.0,0.0,0,0,2,0,2,matched,Bacteria,5,100.0,1.0,1.0
Muribacter,1857532,2,27,0.0,0.0,5,1,0.0,0.0,0,0,1,0,1,matched,Bacteria,4,80.0,2.0,0.5
Gallicola,162290,14,25,0.0,0.0,5,3,0.0,0.0,0,0,3,0,3,matched,Bacteria,1,20.0,4.667,0.214
Corallibacter,1511643,1,4,0.0,0.0,5,2,0.0,0.0,0,0,2,0,2,matched,Bacteria,1,20.0,0.5,2.0
Jonesia,43673,4,189,0.0,0.01,5,2,0.0,0.0,0,0,2,0,2,matched,Bacteria,5,100.0,2.0,0.5
Alkalibacter,274470,14,94,0.0,0.01,5,5,0.0,0.0,0,0,5,0,5,matched,Bacteria,5,100.0,2.8,0.357
Cruoricaptor,1433995,2,2,0.0,0.0,5,2,0.0,0.0,0,0,2,0,2,matched,Bacteria,3,60.0,1.0,1.0
Dichotomicrobium,204474,20,169,0.01,0.01,5,2,0.0,0.0,0,0,2,0,2,matched,Bacteria,1,20.0,10.0,0.1
Desulfacinum,35836,2,16,0.0,0.0,5,3,0.0,0.0,0,0,3,0,3,matched,Bacteria,2,40.0,0.667,1.5
Denitratisoma,311181,42,168,0.01,0.01,5,4,0.0,0.0,0,0,4,0,4,matched,Bacteria,4,80.0,10.5,0.095
Marixanthomonas,387658,8,17,0.0,0.0,5,4,0.0,0.0,0,0,4,0,4,matched,Bacteria,3,60.0,2.0,0.5
Scopulibacillus,442527,2,3,0.0,0.0,5,3,0.0,0.0,0,0,3,0,3,matched,Bacteria,5,100.0,0.667,1.5
Methylacidimicrobium,1541670,2,6,0.0,0.0,5,5,0.0,0.0,0,0,5,0,5,matched,Bacteria,4,80.0,0.4,2.5
Effusibacillus,1502725,13,29,0.0,0.0,5,4,0.0,0.0,0,0,4,0,4,matched,Bacteria,5,100.0,3.25,0.308
Amorphus,580880,4,15,0.0,0.0,5,5,0.0,0.0,0,0,5,0,5,matched,Bacteria,5,100.0,0.8,1.25
Terrilactibacillus,1795633,1,4,0.0,0.0,5,3,0.0,0.0,0,0,3,0,3,matched,Bacteria,5,100.0,0.333,3.0
Branchiibius,908251,1,2,0.0,0.0,5,4,0.0,0.0,0,0,4,0,4,matched,Bacteria,3,60.0,0.25,4.0
Mastigocoleus,996924,3,14,0.0,0.0,5,4,0.0,0.0,0,0,4,0,4,matched,Bacteria,2,40.0,0.75,1.333
Pseudofulvimonas,999506,20,55,0.01,0.0,5,1,0.0,0.0,0,0,1,0,1,matched,Bacteria,5,100.0,20.0,0.05
Cerasibacillus,227864,4,6,0.0,0.0,5,4,0.0,0.0,0,0,4,0,4,matched,Bacteria,4,80.0,1.0,1.0
Carboxydocella,178898,1,16,0.0,0.0,5,4,0.0,0.0,0,0,4,0,4,matched,Bacteria,5,100.0,0.25,4.0
Bavariicoccus,697279,1,4,0.0,0.0,5,1,0.0,0.0,0,0,1,0,1,matched,Bacteria,1,20.0,1.0,1.0
Starkeya,152053,2,25,0.0,0.0,5,4,0.0,0.0,0,0,4,0,4,matched,Bacteria,2,40.0,0.5,2.0
Atopococcus,269773,8,12,0.0,0.0,5,3,0.0,0.0,0,0,3,0,3,matched,Bacteria,1,20.0,2.667,0.375
Candidatus Moduliflexus.U.genus,1940406,133,311,0.05,0.02,5,2,0.0,0.0,0,0,2,0,2,matched,Bacteria,0,0.0,66.5,0.015
Salana,120376,4,8,0.0,0.0,5,1,0.0,0.0,0,0,1,0,1,matched,Bacteria,3,60.0,4.0,0.25
Halovibrio,576341,3,4,0.0,0.0,5,4,0.0,0.0,0,0,4,0,4,matched,Bacteria,3,60.0,0.75,1.333
Cuneatibacter,1918450,1,1,0.0,0.0,5,4,0.0,0.0,0,0,4,0,4,matched,Bacteria,2,40.0,0.25,4.0
Shimwellia,1335483,9,24,0.0,0.0,5,2,0.0,0.0,0,0,2,0,2,matched,Bacteria,5,100.0,4.5,0.222
Extensimonas,1434001,3,3,0.0,0.0,5,3,0.0,0.0,0,0,3,0,3,matched,Bacteria,5,100.0,1.0,1.0
Neorickettsia,33993,20,55,0.01,0.0,5,4,0.0,0.0,0,0,4,0,4,matched,Bacteria,5,100.0,5.0,0.2
Tistlia,1321364,21,44,0.01,0.0,5,2,0.0,0.0,0,0,2,0,2,matched,Bacteria,3,60.0,10.5,0.095
Planktosalinus,1810932,12,74,0.0,0.01,5,3,0.0,0.0,0,0,3,0,3,matched,Bacteria,1,20.0,4.0,0.25
Fulvimonas,155196,4,14,0.0,0.0,5,4,0.0,0.0,0,0,4,0,4,matched,Bacteria,4,80.0,1.0,1.0
Lampropedia,198705,4,14,0.0,0.0,5,4,0.0,0.0,0,0,4,0,4,matched,Bacteria,5,100.0,1.0,1.0
Aetokthonos,1550243,1,3,0.0,0.0,5,1,0.0,0.0,0,0,1,0,1,matched,Bacteria,4,80.0,1.0,1.0
Sphaerobacter,2056,12,93,0.0,0.01,5,2,0.0,0.0,0,0,2,0,2,matched,Bacteria,1,20.0,6.0,0.167
Salinirussus,2036001,3,18,0.0,0.0,5,2,0.0,0.0,0,0,2,0,2,matched,Archaea,1,20.0,1.5,0.667
Aliterella,1827277,11,25,0.0,0.0,5,4,0.0,0.0,0,0,4,0,4,matched,Bacteria,2,40.0,2.75,0.364
Anaerosinus,151037,11,37,0.0,0.0,5,4,0.0,0.0,0,0,4,0,4,matched,Bacteria,2,40.0,2.75,0.364
Hespellia,241189,4,7,0.0,0.0,5,2,0.0,0.0,0,0,2,0,2,matched,Bacteria,1,20.0,2.0,0.5
Halorubellus,1269048,9,86,0.0,0.01,5,4,0.0,0.0,0,0,4,0,4,matched,Archaea,5,100.0,2.25,0.444
Anaeromusa,81463,1,1,0.0,0.0,5,3,0.0,0.0,0,0,3,0,3,matched,Bacteria,1,20.0,0.333,3.0
Citreicella,282682,1,6,0.0,0.0,5,4,0.0,0.0,0,0,4,0,4,matched,Bacteria,3,60.0,0.25,4.0
Hwangdonia,1649460,2,2,0.0,0.0,5,3,0.0,0.0,0,0,3,0,3,matched,Bacteria,3,60.0,0.667,1.5
Desmonostoc,1340414,16,109,0.01,0.01,5,3,0.0,0.0,0,0,3,0,3,matched,Bacteria,3,60.0,5.333,0.188
Kandeliimicrobium,2047745,1,1,0.0,0.0,5,5,0.0,0.0,0,0,5,0,5,matched,Bacteria,4,80.0,0.2,5.0
Pseudoroseicyclus,1813601,1,2,0.0,0.0,5,4,0.0,0.0,0,0,4,0,4,matched,Bacteria,5,100.0,0.25,4.0
Confluentibacter,1763531,6,12,0.0,0.0,5,5,0.0,0.0,0,0,5,0,5,matched,Bacteria,4,80.0,1.2,0.833
Pseudooctadecabacter,1686374,1,2,0.0,0.0,5,2,0.0,0.0,0,0,2,0,2,matched,Bacteria,1,20.0,0.5,2.0
Kriegella,574892,1,2,0.0,0.0,5,3,0.0,0.0,0,0,3,0,3,matched,Bacteria,2,40.0,0.333,3.0
Persicitalea,442431,17,51,0.01,0.0,5,3,0.0,0.0,0,0,3,0,3,matched,Bacteria,2,40.0,5.667,0.176
Aphanocapsa,1119,2,5,0.0,0.0,5,3,0.0,0.0,0,0,3,0,3,matched,Bacteria,0,0.0,0.667,1.5
Cribrihabitans,1604279,6,10,0.0,0.0,5,4,0.0,0.0,0,0,4,0,4,matched,Bacteria,5,100.0,1.5,0.667
Cucumibacter,1121251,5,10,0.0,0.0,5,2,0.0,0.0,0,0,2,0,2,matched,Bacteria,1,20.0,2.5,0.4
Chondromyces,50,5,20,0.0,0.0,4,3,0.0,0.0,0,0,3,0,3,matched,Bacteria,2,50.0,1.667,0.6
Oceanivirga,1824856,11,37,0.0,0.0,4,3,0.0,0.0,0,0,3,0,3,matched,Bacteria,3,75.0,3.667,0.273
Tranquillimonas,1400062,1,2,0.0,0.0,4,3,0.0,0.0,0,0,3,0,3,matched,Bacteria,2,50.0,0.333,3.0
Luteipulveratus,745364,1,4,0.0,0.0,4,3,0.0,0.0,0,0,3,0,3,matched,Bacteria,4,100.0,0.333,3.0
Euryhalocaulis,1712422,9,27,0.0,0.0,4,3,0.0,0.0,0,0,3,0,3,matched,Bacteria,1,25.0,3.0,0.333
Rudanella,451373,4,17,0.0,0.0,4,3,0.0,0.0,0,0,3,0,3,matched,Bacteria,2,50.0,1.333,0.75
Rhodovastum,504465,37,138,0.01,0.01,4,1,0.0,0.0,0,0,1,0,1,matched,Bacteria,2,50.0,37.0,0.027
Natribaculum,1699375,3,9,0.0,0.0,4,3,0.0,0.0,0,0,3,0,3,matched,Archaea,4,100.0,1.0,1.0
Methermicoccus,660063,3,8,0.0,0.0,4,2,0.0,0.0,0,0,2,0,2,matched,Archaea,1,25.0,1.5,0.667
Desulforhabdus,39840,11,36,0.0,0.0,4,3,0.0,0.0,0,0,3,0,3,matched,Bacteria,2,50.0,3.667,0.273
Otariodibacter,1249016,3,100,0.0,0.01,4,2,0.0,0.0,0,0,2,0,2,matched,Bacteria,2,50.0,1.5,0.667
Rarobacter,13242,3,6,0.0,0.0,4,2,0.0,0.0,0,0,2,0,2,matched,Bacteria,4,100.0,1.5,0.667
Fontibacillus,995014,3,8,0.0,0.0,4,3,0.0,0.0,0,0,3,0,3,matched,Bacteria,4,100.0,1.0,1.0
Zymobacter,33073,1,5,0.0,0.0,4,3,0.0,0.0,0,0,3,0,3,matched,Bacteria,4,100.0,0.333,3.0
Phytomonospora,1434030,1,2,0.0,0.0,4,3,0.0,0.0,0,0,3,0,3,matched,Bacteria,3,75.0,0.333,3.0
Holospora,44747,75,420,0.03,0.03,4,4,0.0,0.0,0,0,4,0,4,matched,Bacteria,4,100.0,18.75,0.053
Ereboglobus,2028344,10,20,0.0,0.0,4,4,0.0,0.0,0,0,4,0,4,matched,Bacteria,3,75.0,2.5,0.4
Parapusillimonas,1403714,10,48,0.0,0.0,4,3,0.0,0.0,0,0,3,0,3,matched,Bacteria,4,100.0,3.333,0.3
Prosthecomicrobium,81894,7,22,0.0,0.0,4,3,0.0,0.0,0,0,3,0,3,matched,Bacteria,2,50.0,2.333,0.429
Methanonatronarchaeaceae.U.genus,2202724,12,24,0.0,0.0,4,4,0.0,0.0,0,0,4,0,4,matched,Archaea,3,75.0,3.0,0.333
Maledivibacter,1884930,1,1,0.0,0.0,4,2,0.0,0.0,0,0,2,0,2,matched,Bacteria,1,25.0,0.5,2.0
Melittangium,44,3,4,0.0,0.0,4,2,0.0,0.0,0,0,2,0,2,matched,Bacteria,3,75.0,1.5,0.667
Parafrigoribacterium,1957020,22,70,0.01,0.01,4,3,0.0,0.0,0,0,3,0,3,matched,Bacteria,4,100.0,7.333,0.136
Pseudohaliea,1341120,21,68,0.01,0.01,4,2,0.0,0.0,0,0,2,0,2,matched,Bacteria,1,25.0,10.5,0.095
Cnuibacter,1759331,1,8,0.0,0.0,4,2,0.0,0.0,0,0,2,0,2,matched,Bacteria,4,100.0,0.5,2.0
Brockia,1648500,7,15,0.0,0.0,4,1,0.0,0.0,0,0,1,0,1,matched,Bacteria,1,25.0,7.0,0.143
Haloparvum,1820337,16,43,0.01,0.0,4,3,0.0,0.0,0,0,3,0,3,matched,Archaea,3,75.0,5.333,0.188
Psychromarinibacter,2035345,2,3,0.0,0.0,4,3,0.0,0.0,0,0,3,0,3,matched,Bacteria,4,100.0,0.667,1.5
Pseudaeromonas,1929090,2,3,0.0,0.0,4,4,0.0,0.0,0,0,4,0,4,matched,Bacteria,4,100.0,0.5,2.0
Achromatium,44937,17,35,0.01,0.0,4,4,0.0,0.0,0,0,4,0,4,matched,Bacteria,4,100.0,4.25,0.235
Insolitispirillum,660628,5,57,0.0,0.0,4,2,0.0,0.0,0,0,2,0,2,matched,Bacteria,3,75.0,2.5,0.4
Pseudobacteroides,1486726,7,28,0.0,0.0,4,2,0.0,0.0,0,0,2,0,2,matched,Bacteria,2,50.0,3.5,0.286
Microbaculum,2185300,1,1,0.0,0.0,4,3,0.0,0.0,0,0,3,0,3,matched,Bacteria,4,100.0,0.333,3.0
Desulfospira,53328,2,2,0.0,0.0,4,2,0.0,0.0,0,0,2,0,2,matched,Bacteria,1,25.0,1.0,1.0
Pseudozobellia,633413,2,2,0.0,0.0,4,3,0.0,0.0,0,0,3,0,3,matched,Bacteria,2,50.0,0.667,1.5
Crenalkalicoccus,1820341,2,4,0.0,0.0,4,2,0.0,0.0,0,0,2,0,2,matched,Bacteria,1,25.0,1.0,1.0
Wenxinia,653686,7,10,0.0,0.0,4,2,0.0,0.0,0,0,2,0,2,matched,Bacteria,4,100.0,3.5,0.286
Halogranum,695982,5,20,0.0,0.0,4,3,0.0,0.0,0,0,3,0,3,matched,Archaea,4,100.0,1.667,0.6
Rhodoligotrophos,987053,5,16,0.0,0.0,4,3,0.0,0.0,0,0,3,0,3,matched,Bacteria,4,100.0,1.667,0.6
Neiella,1434025,1,2,0.0,0.0,4,3,0.0,0.0,0,0,3,0,3,matched,Bacteria,4,100.0,0.333,3.0
Gulbenkiania,397456,1,2,0.0,0.0,4,2,0.0,0.0,0,0,2,0,2,matched,Bacteria,4,100.0,0.5,2.0
Desulfobotulus,48001,9,44,0.0,0.0,4,4,0.0,0.0,0,0,4,0,4,matched,Bacteria,3,75.0,2.25,0.444
Raphidiopsis,244599,3,44,0.0,0.0,4,3,0.0,0.0,0,0,3,0,3,matched,Bacteria,3,75.0,1.0,1.0
Salinibacillus,320933,3,4,0.0,0.0,4,3,0.0,0.0,0,0,3,0,3,matched,Bacteria,4,100.0,1.0,1.0
Tepidicaulis,1742977,3,4,0.0,0.0,4,3,0.0,0.0,0,0,3,0,3,matched,Bacteria,2,50.0,1.0,1.0
Methanolacinia,230355,3,13,0.0,0.0,4,3,0.0,0.0,0,0,3,0,3,matched,Archaea,2,50.0,1.0,1.0
Halobium,2033608,3,6,0.0,0.0,4,2,0.0,0.0,0,0,2,0,2,matched,Archaea,4,100.0,1.5,0.667
Acetanaerobacterium,258514,11,12,0.0,0.0,4,3,0.0,0.0,0,0,3,0,3,matched,Bacteria,2,50.0,3.667,0.273
Hasllibacter,1434008,2,2,0.0,0.0,4,3,0.0,0.0,0,0,3,0,3,matched,Bacteria,2,50.0,0.667,1.5
Thermolongibacillus,1500514,2,2,0.0,0.0,4,1,0.0,0.0,0,0,1,0,1,matched,Bacteria,4,100.0,2.0,0.5
Necropsobacter,908284,1,2,0.0,0.0,4,2,0.0,0.0,0,0,2,0,2,matched,Bacteria,4,100.0,0.5,2.0
Pullulanibacillus,475230,7,37,0.0,0.0,4,3,0.0,0.0,0,0,3,0,3,matched,Bacteria,4,100.0,2.333,0.429
Formivibrio,83764,7,18,0.0,0.0,4,3,0.0,0.0,0,0,3,0,3,matched,Bacteria,1,25.0,2.333,0.429
Marseilla,1926655,2,3,0.0,0.0,4,1,0.0,0.0,0,0,1,0,1,matched,Bacteria,4,100.0,2.0,0.5
Williamwhitmania,2038697,4,36,0.0,0.0,4,2,0.0,0.0,0,0,2,0,2,matched,Bacteria,1,25.0,2.0,0.5
Oceanicella,1233054,9,13,0.0,0.0,4,2,0.0,0.0,0,0,2,0,2,matched,Bacteria,4,100.0,4.5,0.222
Skermania,59613,1,4,0.0,0.0,4,2,0.0,0.0,0,0,2,0,2,matched,Bacteria,4,100.0,0.5,2.0
Tibeticola,1940136,2,16,0.0,0.0,4,2,0.0,0.0,0,0,2,0,2,matched,Bacteria,1,25.0,1.0,1.0
Ammonifex,42837,1,3,0.0,0.0,4,3,0.0,0.0,0,0,3,0,3,matched,Bacteria,2,50.0,0.333,3.0
Oharaeibacter,1920508,1,3,0.0,0.0,4,2,0.0,0.0,0,0,2,0,2,matched,Bacteria,3,75.0,0.5,2.0
Calidifontibacter,1158982,1,1,0.0,0.0,4,3,0.0,0.0,0,0,3,0,3,matched,Bacteria,4,100.0,0.333,3.0
Desulfurispora,510701,37,73,0.01,0.01,4,2,0.0,0.0,0,0,2,0,2,matched,Bacteria,1,25.0,18.5,0.054
Motilibacter,1434021,3,10,0.0,0.0,4,4,0.0,0.0,0,0,4,0,4,matched,Bacteria,4,100.0,0.75,1.333
Pseudaestuariivita,2211639,3,6,0.0,0.0,4,3,0.0,0.0,0,0,3,0,3,matched,Bacteria,2,50.0,1.0,1.0
Peredibacter,263370,257,845,0.09,0.07,4,3,0.0,0.0,0,0,3,0,3,matched,Bacteria,2,50.0,85.667,0.012
Novibacillus,1677050,4,15,0.0,0.0,4,1,0.0,0.0,0,0,1,0,1,matched,Bacteria,1,25.0,4.0,0.25
Williamwhitmaniaceae.U.genus,2038695,145,555,0.05,0.04,4,2,0.0,0.0,0,0,2,0,2,matched,Bacteria,1,25.0,72.5,0.014
Deferribacter,53572,7,13,0.0,0.0,4,4,0.0,0.0,0,0,4,0,4,matched,Bacteria,4,100.0,1.75,0.571
Marinactinospora,647960,2,4,0.0,0.0,4,3,0.0,0.0,0,0,3,0,3,matched,Bacteria,4,100.0,0.667,1.5
Anaerosolibacter,1780299,2,11,0.0,0.0,4,3,0.0,0.0,0,0,3,0,3,matched,Bacteria,1,25.0,0.667,1.5
Rehaibacterium,1344362,10,87,0.0,0.01,4,2,0.0,0.0,0,0,2,0,2,matched,Bacteria,1,25.0,5.0,0.2
Gynuella,1445504,3,10,0.0,0.0,4,2,0.0,0.0,0,0,2,0,2,matched,Bacteria,1,25.0,1.5,0.667
Alkaliflexus,286729,10,29,0.0,0.0,4,3,0.0,0.0,0,0,3,0,3,matched,Bacteria,1,25.0,3.333,0.3
Nordella,169055,43,211,0.01,0.02,4,2,0.0,0.0,0,0,2,0,2,matched,Bacteria,1,25.0,21.5,0.047
Leeia,650341,13,34,0.0,0.0,4,4,0.0,0.0,0,0,4,0,4,matched,Bacteria,3,75.0,3.25,0.308
Auraticoccus,1278221,1,6,0.0,0.0,4,4,0.0,0.0,0,0,4,0,4,matched,Bacteria,4,100.0,0.25,4.0
Alkanindiges,222991,23,84,0.01,0.01,4,3,0.0,0.0,0,0,3,0,3,matched,Bacteria,3,75.0,7.667,0.13
Thermosulfidibacter,412592,9,29,0.0,0.0,4,3,0.0,0.0,0,0,3,0,3,matched,Bacteria,1,25.0,3.0,0.333
Thermophagus,1434049,1,2,0.0,0.0,4,2,0.0,0.0,0,0,2,0,2,matched,Bacteria,3,75.0,0.5,2.0
Anaerobranca,42447,11,23,0.0,0.0,4,4,0.0,0.0,0,0,4,0,4,matched,Bacteria,4,100.0,2.75,0.364
Imtechella,1165076,1,2,0.0,0.0,4,1,0.0,0.0,0,0,1,0,1,matched,Bacteria,2,50.0,1.0,1.0
Planctobacterium,2200736,1,8,0.0,0.0,4,1,0.0,0.0,0,0,1,0,1,matched,Bacteria,4,100.0,1.0,1.0
Sediminivirga,1784953,1,1,0.0,0.0,4,1,0.0,0.0,0,0,1,0,1,matched,Bacteria,4,100.0,1.0,1.0
Acetobacteroides,1647173,10,61,0.0,0.0,4,2,0.0,0.0,0,0,2,0,2,matched,Bacteria,1,25.0,5.0,0.2
Lacimicrobium,1751872,2,7,0.0,0.0,4,2,0.0,0.0,0,0,2,0,2,matched,Bacteria,4,100.0,1.0,1.0
Thermosyntropha,54293,9,17,0.0,0.0,4,4,0.0,0.0,0,0,4,0,4,matched,Bacteria,3,75.0,2.25,0.444
Psychromicrobium,2078575,2,10,0.0,0.0,4,4,0.0,0.0,0,0,4,0,4,matched,Bacteria,4,100.0,0.5,2.0
Ardenticatena,1382931,4,8,0.0,0.0,4,2,0.0,0.0,0,0,2,0,2,matched,Bacteria,2,50.0,2.0,0.5
Sporocytophaga,1011,42,124,0.01,0.01,4,2,0.0,0.0,0,0,2,0,2,matched,Bacteria,2,50.0,21.0,0.048
Sinobacterium,1434044,4,22,0.0,0.0,4,3,0.0,0.0,0,0,3,0,3,matched,Bacteria,2,50.0,1.333,0.75
Suttonella,13275,8,10,0.0,0.0,4,3,0.0,0.0,0,0,3,0,3,matched,Bacteria,4,100.0,2.667,0.375
Stigonema,221292,8,36,0.0,0.0,4,3,0.0,0.0,0,0,3,0,3,matched,Bacteria,0,0.0,2.667,0.375
Entomoplasma,46238,8,44,0.0,0.0,4,3,0.0,0.0,0,0,3,0,3,matched,Bacteria,4,100.0,2.667,0.375
Bacterioplanes,1537406,2,6,0.0,0.0,4,2,0.0,0.0,0,0,2,0,2,matched,Bacteria,2,50.0,1.0,1.0
Algisphaera,1472699,20,33,0.01,0.0,4,3,0.0,0.0,0,0,3,0,3,matched,Bacteria,1,25.0,6.667,0.15
Krasilnikovia,349312,14,30,0.0,0.0,4,4,0.0,0.0,0,0,4,0,4,matched,Bacteria,4,100.0,3.5,0.286
Aidingimonas,1395977,4,6,0.0,0.0,4,2,0.0,0.0,0,0,2,0,2,matched,Bacteria,4,100.0,2.0,0.5
Caryophanon,33976,4,10,0.0,0.0,4,3,0.0,0.0,0,0,3,0,3,matched,Bacteria,2,50.0,1.333,0.75
Haloplasma,471824,34,70,0.01,0.01,4,3,0.0,0.0,0,0,3,0,3,matched,Bacteria,3,75.0,11.333,0.088
Tepidimicrobium,285105,64,144,0.02,0.01,4,2,0.0,0.0,0,0,2,0,2,matched,Bacteria,3,75.0,32.0,0.031
Portibacter,1227556,55,98,0.02,0.01,4,3,0.0,0.0,0,0,3,0,3,matched,Bacteria,3,75.0,18.333,0.055
Thermobacillus,76632,59,339,0.02,0.03,4,4,0.0,0.0,0,0,4,0,4,matched,Bacteria,2,50.0,14.75,0.068
Crinalium,241421,2,17,0.0,0.0,4,2,0.0,0.0,0,0,2,0,2,matched,Bacteria,1,25.0,1.0,1.0
Fortiea,1049006,2,5,0.0,0.0,4,3,0.0,0.0,0,0,3,0,3,matched,Bacteria,3,75.0,0.667,1.5
Methanosalsum,196136,2,8,0.0,0.0,4,3,0.0,0.0,0,0,3,0,3,matched,Archaea,2,50.0,0.667,1.5
Sediminimonas,659427,17,28,0.01,0.0,4,2,0.0,0.0,0,0,2,0,2,matched,Bacteria,1,25.0,8.5,0.118
Mongoliitalea,1511649,2,7,0.0,0.0,4,3,0.0,0.0,0,0,3,0,3,matched,Bacteria,3,75.0,0.667,1.5
Magnetospira,1182780,62,299,0.02,0.02,4,3,0.0,0.0,0,0,3,0,3,matched,Bacteria,0,0.0,20.667,0.048
Harryflintia,1892380,7,8,0.0,0.0,4,2,0.0,0.0,0,0,2,0,2,matched,Bacteria,3,75.0,3.5,0.286
Acidicapsa,1078830,5,85,0.0,0.01,4,3,0.0,0.0,0,0,3,0,3,matched,Bacteria,4,100.0,1.667,0.6
Lunatimonas,1774589,5,10,0.0,0.0,4,3,0.0,0.0,0,0,3,0,3,matched,Bacteria,2,50.0,1.667,0.6
Dissulfuribacter,1433998,6,11,0.0,0.0,4,2,0.0,0.0,0,0,2,0,2,matched,Bacteria,2,50.0,3.0,0.333
Mastigocladus,29417,1,1,0.0,0.0,4,3,0.0,0.0,0,0,3,0,3,matched,Bacteria,2,50.0,0.333,3.0
Terrimicrobium,1649503,76,675,0.03,0.05,4,2,0.0,0.0,0,0,2,0,2,matched,Bacteria,1,25.0,38.0,0.026
Sulfurifustis,1692042,76,390,0.03,0.03,4,2,0.0,0.0,0,0,2,0,2,matched,Bacteria,1,25.0,38.0,0.026
Geosporobacter,390805,5,20,0.0,0.0,4,3,0.0,0.0,0,0,3,0,3,matched,Bacteria,2,50.0,1.667,0.6
Boudabousia,2767318,1,3,0.0,0.0,4,3,0.0,0.0,0,0,3,0,3,matched,Bacteria,4,100.0,0.333,3.0
Thermocatellispora,1649505,3,5,0.0,0.0,3,1,0.0,0.0,0,0,1,0,1,matched,Bacteria,3,100.0,3.0,0.333
Iningainema,1932705,1,1,0.0,0.0,3,2,0.0,0.0,0,0,2,0,2,matched,Bacteria,2,66.67,0.5,2.0
Propionispora,112902,6,20,0.0,0.0,3,3,0.0,0.0,0,0,3,0,3,matched,Bacteria,3,100.0,2.0,0.5
Gabonibacter,1911312,1,1,0.0,0.0,3,3,0.0,0.0,0,0,3,0,3,matched,Bacteria,2,66.67,0.333,3.0
Natroniella,52003,3,5,0.0,0.0,3,3,0.0,0.0,0,0,3,0,3,matched,Bacteria,3,100.0,1.0,1.0
Marinisporobacter,2018663,3,16,0.0,0.0,3,2,0.0,0.0,0,0,2,0,2,matched,Bacteria,1,33.33,1.5,0.667
Enterobacillus,1822002,1,2,0.0,0.0,3,1,0.0,0.0,0,0,1,0,1,matched,Bacteria,2,66.67,1.0,1.0
Alpinimonas,1132766,1,1,0.0,0.0,3,2,0.0,0.0,0,0,2,0,2,matched,Bacteria,2,66.67,0.5,2.0
Homoserinibacter,1649457,1,1,0.0,0.0,3,3,0.0,0.0,0,0,3,0,3,matched,Bacteria,3,100.0,0.333,3.0
Coralloluteibacterium,2315876,1,2,0.0,0.0,3,2,0.0,0.0,0,0,2,0,2,matched,Bacteria,3,100.0,0.5,2.0
Planctopirus,1649480,58,160,0.02,0.01,3,3,0.0,0.0,0,0,3,0,3,matched,Bacteria,3,100.0,19.333,0.052
Marinicrinis,1943561,2,2,0.0,0.0,3,2,0.0,0.0,0,0,2,0,2,matched,Bacteria,3,100.0,1.0,1.0
Dinghuibacter,1795363,54,906,0.02,0.07,3,2,0.0,0.0,0,0,2,0,2,matched,Bacteria,1,33.33,27.0,0.037
Falsarthrobacter,2109356,1,2,0.0,0.0,3,1,0.0,0.0,0,0,1,0,1,matched,Bacteria,3,100.0,1.0,1.0
Cesiribacter,1133570,6,9,0.0,0.0,3,3,0.0,0.0,0,0,3,0,3,matched,Bacteria,2,66.67,2.0,0.5
Merismopedia,53402,7,10,0.0,0.0,3,2,0.0,0.0,0,0,2,0,2,matched,Bacteria,2,66.67,3.5,0.286
Floricoccus,1930830,4,5,0.0,0.0,3,2,0.0,0.0,0,0,2,0,2,matched,Bacteria,3,100.0,2.0,0.5
Thermoleophilum,192992,4,20,0.0,0.0,3,2,0.0,0.0,0,0,2,0,2,matched,Bacteria,2,66.67,2.0,0.5
Falsibacillus,1270155,2,3,0.0,0.0,3,2,0.0,0.0,0,0,2,0,2,matched,Bacteria,3,100.0,1.0,1.0
Aquicella,254245,261,371,0.09,0.03,3,2,0.0,0.0,0,0,2,0,2,matched,Bacteria,3,100.0,130.5,0.008
Aestuariibius,2109360,2,3,0.0,0.0,3,3,0.0,0.0,0,0,3,0,3,matched,Bacteria,3,100.0,0.667,1.5
Frederiksenia,1649317,2,5,0.0,0.0,3,1,0.0,0.0,0,0,1,0,1,matched,Bacteria,3,100.0,2.0,0.5
Pantanalinema,1620699,1,4,0.0,0.0,3,3,0.0,0.0,0,0,3,0,3,matched,Bacteria,1,33.33,0.333,3.0
Paucisalibacillus,351094,2,14,0.0,0.0,3,2,0.0,0.0,0,0,2,0,2,matched,Bacteria,3,100.0,1.0,1.0
Wigglesworthia,51228,2,6,0.0,0.0,3,1,0.0,0.0,0,0,1,0,1,matched,Bacteria,2,66.67,2.0,0.5
Limimonas,1434015,8,18,0.0,0.0,3,2,0.0,0.0,0,0,2,0,2,matched,Bacteria,1,33.33,4.0,0.25
Endobacter,1649268,8,32,0.0,0.0,3,1,0.0,0.0,0,0,1,0,1,matched,Bacteria,3,100.0,8.0,0.125
Aquisphaera,1511635,64,308,0.02,0.02,3,3,0.0,0.0,0,0,3,0,3,matched,Bacteria,2,66.67,21.333,0.047
Picrophilus,46631,1,2,0.0,0.0,3,2,0.0,0.0,0,0,2,0,2,matched,Archaea,2,66.67,0.5,2.0
Serpentinicella,1890059,8,21,0.0,0.0,3,2,0.0,0.0,0,0,2,0,2,matched,Bacteria,3,100.0,4.0,0.25
Denitrovibrio,117999,8,40,0.0,0.0,3,2,0.0,0.0,0,0,2,0,2,matched,Bacteria,1,33.33,4.0,0.25
Rhodocytophaga,455076,34,61,0.01,0.0,3,2,0.0,0.0,0,0,2,0,2,matched,Bacteria,3,100.0,17.0,0.059
Parasegetibacter,1004302,14,30,0.0,0.0,3,3,0.0,0.0,0,0,3,0,3,matched,Bacteria,1,33.33,4.667,0.214
Tuberibacillus,340096,3,34,0.0,0.0,3,3,0.0,0.0,0,0,3,0,3,matched,Bacteria,2,66.67,1.0,1.0
Caedimonas,2100210,1,1,0.0,0.0,3,2,0.0,0.0,0,0,2,0,2,matched,Bacteria,1,33.33,0.5,2.0
Sinosporangium,1367968,1,3,0.0,0.0,3,2,0.0,0.0,0,0,2,0,2,matched,Bacteria,3,100.0,0.5,2.0
Aminicella,1637744,3,8,0.0,0.0,3,1,0.0,0.0,0,0,1,0,1,matched,Bacteria,1,33.33,3.0,0.333
Natranaerobius,375928,11,70,0.0,0.01,3,2,0.0,0.0,0,0,2,0,2,matched,Bacteria,3,100.0,5.5,0.182
Pseudobowmanella,1940527,2,3,0.0,0.0,3,1,0.0,0.0,0,0,1,0,1,matched,Bacteria,3,100.0,2.0,0.5
Sedimentisphaera,2483368,2,11,0.0,0.0,3,2,0.0,0.0,0,0,2,0,2,matched,Bacteria,3,100.0,1.0,1.0
Stanieria,102115,14,62,0.0,0.0,3,3,0.0,0.0,0,0,3,0,3,matched,Bacteria,2,66.67,4.667,0.214
Pistricoccus,1897649,1,3,0.0,0.0,3,1,0.0,0.0,0,0,1,0,1,matched,Bacteria,2,66.67,1.0,1.0
Poseidonocella,1158296,3,4,0.0,0.0,3,3,0.0,0.0,0,0,3,0,3,matched,Bacteria,3,100.0,1.0,1.0
Natronincola,89958,9,15,0.0,0.0,3,3,0.0,0.0,0,0,3,0,3,matched,Bacteria,2,66.67,3.0,0.333
Venenivibrio,407997,9,19,0.0,0.0,3,1,0.0,0.0,0,0,1,0,1,matched,Bacteria,3,100.0,9.0,0.111
Kineosphaera,211469,1,5,0.0,0.0,3,2,0.0,0.0,0,0,2,0,2,matched,Bacteria,2,66.67,0.5,2.0
Agaribacter,1494561,11,15,0.0,0.0,3,2,0.0,0.0,0,0,2,0,2,matched,Bacteria,3,100.0,5.5,0.182
Desulfallas,2282740,11,32,0.0,0.0,3,3,0.0,0.0,0,0,3,0,3,matched,Bacteria,2,66.67,3.667,0.273
Caminicella,166484,20,69,0.01,0.01,3,1,0.0,0.0,0,0,1,0,1,matched,Bacteria,3,100.0,20.0,0.05
Abyssicoccus,1955413,1,9,0.0,0.0,3,1,0.0,0.0,0,0,1,0,1,matched,Bacteria,3,100.0,1.0,1.0
Paraoerskovia,665568,4,13,0.0,0.0,3,2,0.0,0.0,0,0,2,0,2,matched,Bacteria,3,100.0,2.0,0.5
Halospina,332518,4,86,0.0,0.01,3,3,0.0,0.0,0,0,3,0,3,matched,Bacteria,2,66.67,1.333,0.75
Heliobacterium,2697,4,20,0.0,0.0,3,3,0.0,0.0,0,0,3,0,3,matched,Bacteria,2,66.67,1.333,0.75
Cylindrospermum,56106,8,18,0.0,0.0,3,3,0.0,0.0,0,0,3,0,3,matched,Bacteria,3,100.0,2.667,0.375
Haloactinopolyspora,1217101,10,30,0.0,0.0,3,2,0.0,0.0,0,0,2,0,2,matched,Bacteria,2,66.67,5.0,0.2
Andreprevotia,397275,2,4,0.0,0.0,3,3,0.0,0.0,0,0,3,0,3,matched,Bacteria,3,100.0,0.667,1.5
Fangia,482136,4,6,0.0,0.0,3,1,0.0,0.0,0,0,1,0,1,matched,Bacteria,2,66.67,4.0,0.25
Aminomonas,81411,4,8,0.0,0.0,3,1,0.0,0.0,0,0,1,0,1,matched,Bacteria,1,33.33,4.0,0.25
Methanotorris,196119,15,35,0.01,0.0,3,2,0.0,0.0,0,0,2,0,2,matched,Archaea,3,100.0,7.5,0.133
Natranaerobiaceae.U.genus,485255,12,25,0.0,0.0,3,2,0.0,0.0,0,0,2,0,2,matched,Bacteria,3,100.0,6.0,0.167
Candidatus Lokiarchaeum,1655637,2,8,0.0,0.0,3,2,0.0,0.0,0,0,2,0,2,matched,Archaea,2,66.67,1.0,1.0
Colidextribacter,1980681,237,554,0.08,0.04,3,3,0.0,0.0,0,0,3,0,3,matched,Bacteria,2,66.67,79.0,0.013
Novispirillum,660514,1,11,0.0,0.0,3,1,0.0,0.0,0,0,1,0,1,matched,Bacteria,3,100.0,1.0,1.0
Methanohalobium,2321,1,11,0.0,0.0,3,2,0.0,0.0,0,0,2,0,2,matched,Archaea,1,33.33,0.5,2.0
Dendrosporobacter,146813,8,11,0.0,0.0,3,2,0.0,0.0,0,0,2,0,2,matched,Bacteria,3,100.0,4.0,0.25
Anditalea,1494913,2,5,0.0,0.0,3,2,0.0,0.0,0,0,2,0,2,matched,Bacteria,1,33.33,1.0,1.0
Aciditerrimonas,1042325,9,54,0.0,0.0,3,1,0.0,0.0,0,0,1,0,1,matched,Bacteria,3,100.0,9.0,0.111
Thermonema,28194,2,9,0.0,0.0,3,3,0.0,0.0,0,0,3,0,3,matched,Bacteria,2,66.67,0.667,1.5
Neoasaia,320496,1,1,0.0,0.0,3,1,0.0,0.0,0,0,1,0,1,matched,Bacteria,3,100.0,1.0,1.0
Spelaeicoccus,1649497,2,2,0.0,0.0,3,1,0.0,0.0,0,0,1,0,1,matched,Bacteria,3,100.0,2.0,0.5
Segniliparaceae.U.genus,316606,2,2,0.0,0.0,3,3,0.0,0.0,0,0,3,0,3,matched,Bacteria,2,66.67,0.667,1.5
Chitinolyticbacter,1055692,2,6,0.0,0.0,3,3,0.0,0.0,0,0,3,0,3,matched,Bacteria,2,66.67,0.667,1.5
Samsonia,160433,1,1,0.0,0.0,3,1,0.0,0.0,0,0,1,0,1,matched,Bacteria,3,100.0,1.0,1.0
Thermithiobacillus,119979,1,2,0.0,0.0,3,2,0.0,0.0,0,0,2,0,2,matched,Bacteria,3,100.0,0.5,2.0
Thaumasiovibrio,2014233,9,14,0.0,0.0,3,3,0.0,0.0,0,0,3,0,3,matched,Bacteria,3,100.0,3.0,0.333
Egibacter,1747770,9,37,0.0,0.0,3,2,0.0,0.0,0,0,2,0,2,matched,Bacteria,1,33.33,4.5,0.222
Luteibaculum,1649465,9,15,0.0,0.0,3,3,0.0,0.0,0,0,3,0,3,matched,Bacteria,1,33.33,3.0,0.333
Polycladomyces,1348505,1,4,0.0,0.0,3,3,0.0,0.0,0,0,3,0,3,matched,Bacteria,3,100.0,0.333,3.0
Serinibacter,690565,1,4,0.0,0.0,3,2,0.0,0.0,0,0,2,0,2,matched,Bacteria,3,100.0,0.5,2.0
Marivibrio,2039718,3,11,0.0,0.0,3,2,0.0,0.0,0,0,2,0,2,matched,Bacteria,2,66.67,1.5,0.667
Halioxenophilus,2108524,3,6,0.0,0.0,3,2,0.0,0.0,0,0,2,0,2,matched,Bacteria,3,100.0,1.5,0.667
Rhodospira,69959,3,26,0.0,0.0,3,3,0.0,0.0,0,0,3,0,3,matched,Bacteria,1,33.33,1.0,1.0
Roseisolibacter,2093335,23,49,0.01,0.0,3,3,0.0,0.0,0,0,3,0,3,matched,Bacteria,2,66.67,7.667,0.13
Spongiivirga,1775471,3,3,0.0,0.0,3,3,0.0,0.0,0,0,3,0,3,matched,Bacteria,2,66.67,1.0,1.0
Chlorogloea,688241,5,16,0.0,0.0,3,2,0.0,0.0,0,0,2,0,2,matched,Bacteria,2,66.67,2.5,0.4
Aerosakkonema,1246629,1,2,0.0,0.0,3,2,0.0,0.0,0,0,2,0,2,matched,Bacteria,3,100.0,0.5,2.0
Citreimonas,608658,1,6,0.0,0.0,3,2,0.0,0.0,0,0,2,0,2,matched,Bacteria,1,33.33,0.5,2.0
Methylogaea,1295378,1,1,0.0,0.0,3,1,0.0,0.0,0,0,1,0,1,matched,Bacteria,3,100.0,1.0,1.0
Litoribacter,1237104,1,2,0.0,0.0,3,2,0.0,0.0,0,0,2,0,2,matched,Bacteria,3,100.0,0.5,2.0
Bombiscardovia,1159909,1,3,0.0,0.0,3,3,0.0,0.0,0,0,3,0,3,matched,Bacteria,3,100.0,0.333,3.0
Criibacterium,1937664,1,1,0.0,0.0,3,2,0.0,0.0,0,0,2,0,2,matched,Bacteria,2,66.67,0.5,2.0
Salinispirillum,1649491,2,2,0.0,0.0,3,2,0.0,0.0,0,0,2,0,2,matched,Bacteria,3,100.0,1.0,1.0
Smaragdicoccus,613121,2,8,0.0,0.0,3,1,0.0,0.0,0,0,1,0,1,matched,Bacteria,3,100.0,2.0,0.5
Chitinilyticum,551208,2,2,0.0,0.0,3,3,0.0,0.0,0,0,3,0,3,matched,Bacteria,3,100.0,0.667,1.5
Candidatus Sumerlaea,2315418,336,729,0.12,0.06,3,2,0.0,0.0,0,0,2,0,2,matched,Bacteria,0,0.0,168.0,0.006
Arsenicibacter,1914260,2,4,0.0,0.0,3,3,0.0,0.0,0,0,3,0,3,matched,Bacteria,1,33.33,0.667,1.5
Joostella,453850,2,14,0.0,0.0,3,3,0.0,0.0,0,0,3,0,3,matched,Bacteria,2,66.67,0.667,1.5
Anaerosporomusa,1794910,15,25,0.01,0.0,3,2,0.0,0.0,0,0,2,0,2,matched,Bacteria,1,33.33,7.5,0.133
Kallotenuales.U.genus,1508535,101,222,0.04,0.02,3,3,0.0,0.0,0,0,3,0,3,matched,Bacteria,2,66.67,33.667,0.03
Gloeobacter,33071,7,23,0.0,0.0,3,3,0.0,0.0,0,0,3,0,3,matched,Bacteria,3,100.0,2.333,0.429
Sulfurisoma,1499082,1,14,0.0,0.0,3,2,0.0,0.0,0,0,2,0,2,matched,Bacteria,2,66.67,0.5,2.0
Chania,1745211,1,7,0.0,0.0,3,2,0.0,0.0,0,0,2,0,2,matched,Bacteria,2,66.67,0.5,2.0
Methylomusa,2093783,1,5,0.0,0.0,3,1,0.0,0.0,0,0,1,0,1,matched,Bacteria,1,33.33,1.0,1.0
Derxia,203697,3,7,0.0,0.0,3,3,0.0,0.0,0,0,3,0,3,matched,Bacteria,2,66.67,1.0,1.0
Oxynema,1492710,3,3,0.0,0.0,3,3,0.0,0.0,0,0,3,0,3,matched,Bacteria,3,100.0,1.0,1.0
Microscilla,1023,12,38,0.0,0.0,3,3,0.0,0.0,0,0,3,0,3,matched,Bacteria,1,33.33,4.0,0.25
Flexibacteraceae.U.genus,2762284,4,6,0.0,0.0,3,3,0.0,0.0,0,0,3,0,3,matched,Bacteria,1,33.33,1.333,0.75
Youngiibacter,1408818,4,30,0.0,0.0,3,3,0.0,0.0,0,0,3,0,3,matched,Bacteria,2,66.67,1.333,0.75
Crassaminicella,1848399,4,6,0.0,0.0,3,3,0.0,0.0,0,0,3,0,3,matched,Bacteria,3,100.0,1.333,0.75
Actinocrispum,1891915,1,6,0.0,0.0,3,3,0.0,0.0,0,0,3,0,3,matched,Bacteria,2,66.67,0.333,3.0
Phaeospirillum,85265,7,31,0.0,0.0,3,2,0.0,0.0,0,0,2,0,2,matched,Bacteria,1,33.33,3.5,0.286
Subsaximicrobium,291178,3,5,0.0,0.0,3,1,0.0,0.0,0,0,1,0,1,matched,Bacteria,3,100.0,3.0,0.333
Salibacter,444513,1,4,0.0,0.0,3,2,0.0,0.0,0,0,2,0,2,matched,Bacteria,1,33.33,0.5,2.0
Desmospora,500614,3,5,0.0,0.0,3,3,0.0,0.0,0,0,3,0,3,matched,Bacteria,3,100.0,1.0,1.0
Ruficoccus,2175957,3,13,0.0,0.0,3,3,0.0,0.0,0,0,3,0,3,matched,Bacteria,2,66.67,1.0,1.0
Citrifermentans,2883512,75,272,0.03,0.02,3,2,0.0,0.0,0,0,2,0,2,matched,Bacteria,3,100.0,37.5,0.027
Dethiosulfatibacter,448125,31,151,0.01,0.01,3,2,0.0,0.0,0,0,2,0,2,matched,Bacteria,1,33.33,15.5,0.065
Kallipyga,1472763,1,3,0.0,0.0,3,2,0.0,0.0,0,0,2,0,2,matched,Bacteria,2,66.67,0.5,2.0
Thermicanus,94008,11,35,0.0,0.0,3,2,0.0,0.0,0,0,2,0,2,matched,Bacteria,1,33.33,5.5,0.182
Sulfuritortus,1938335,3,9,0.0,0.0,3,2,0.0,0.0,0,0,2,0,2,matched,Bacteria,2,66.67,1.5,0.667
Drouetiella,2303513,1,6,0.0,0.0,3,2,0.0,0.0,0,0,2,0,2,matched,Bacteria,0,0.0,0.5,2.0
Shimazuella,471798,9,31,0.0,0.0,3,3,0.0,0.0,0,0,3,0,3,matched,Bacteria,3,100.0,3.0,0.333
Luedemannella,349314,22,105,0.01,0.01,3,2,0.0,0.0,0,0,2,0,2,matched,Bacteria,3,100.0,11.0,0.091
Isosphaera,127,23,58,0.01,0.0,3,2,0.0,0.0,0,0,2,0,2,matched,Bacteria,1,33.33,11.5,0.087
Thermosulfuriphilus,2033601,1,1,0.0,0.0,3,2,0.0,0.0,0,0,2,0,2,matched,Bacteria,2,66.67,0.5,2.0
Methylocucumis,2204160,1,1,0.0,0.0,3,2,0.0,0.0,0,0,2,0,2,matched,Bacteria,1,33.33,0.5,2.0
Thermanaeromonas,202949,15,52,0.01,0.0,3,3,0.0,0.0,0,0,3,0,3,matched,Bacteria,2,66.67,5.0,0.2
Ihubacter,1926667,2,2,0.0,0.0,3,3,0.0,0.0,0,0,3,0,3,matched,Bacteria,3,100.0,0.667,1.5
Jaaginema,454131,5,10,0.0,0.0,3,3,0.0,0.0,0,0,3,0,3,matched,Bacteria,0,0.0,1.667,0.6
Antricoccus,1920251,6,14,0.0,0.0,3,2,0.0,0.0,0,0,2,0,2,matched,Bacteria,1,33.33,3.0,0.333
Litorilituus,1407056,1,1,0.0,0.0,3,3,0.0,0.0,0,0,3,0,3,matched,Bacteria,2,66.67,0.333,3.0
Pontibaca,1400059,2,12,0.0,0.0,3,2,0.0,0.0,0,0,2,0,2,matched,Bacteria,2,66.67,1.0,1.0
Streptoalloteichus,2016,2,5,0.0,0.0,3,2,0.0,0.0,0,0,2,0,2,matched,Bacteria,3,100.0,1.0,1.0
Fodinicola,435913,1,3,0.0,0.0,3,2,0.0,0.0,0,0,2,0,2,matched,Bacteria,3,100.0,0.5,2.0
Ferriphaselus,1443590,6,13,0.0,0.0,3,2,0.0,0.0,0,0,2,0,2,matched,Bacteria,3,100.0,3.0,0.333
Anaerosphaera,1273095,3,4,0.0,0.0,3,3,0.0,0.0,0,0,3,0,3,matched,Bacteria,3,100.0,1.0,1.0
Miniimonas,947525,1,6,0.0,0.0,3,2,0.0,0.0,0,0,2,0,2,matched,Bacteria,2,66.67,0.5,2.0
Segniliparus,286801,1,6,0.0,0.0,3,3,0.0,0.0,0,0,3,0,3,matched,Bacteria,2,66.67,0.333,3.0
Thermodesulfitimonas,1914252,10,18,0.0,0.0,3,2,0.0,0.0,0,0,2,0,2,matched,Bacteria,1,33.33,5.0,0.2
Alkalitalea,1193324,3,9,0.0,0.0,3,2,0.0,0.0,0,0,2,0,2,matched,Bacteria,2,66.67,1.5,0.667
Natronolimnobius,253106,6,19,0.0,0.0,3,2,0.0,0.0,0,0,2,0,2,matched,Archaea,3,100.0,3.0,0.333
Oculatella,1240886,5,18,0.0,0.0,3,2,0.0,0.0,0,0,2,0,2,matched,Bacteria,3,100.0,2.5,0.4
Chitinispirillum,1860139,1,1,0.0,0.0,2,2,0.0,0.0,0,0,2,0,2,matched,Bacteria,1,50.0,0.5,2.0
Labedaea,1434013,1,1,0.0,0.0,2,2,0.0,0.0,0,0,2,0,2,matched,Bacteria,1,50.0,0.5,2.0
Thermogymnomonas,482135,1,1,0.0,0.0,2,1,0.0,0.0,0,0,1,0,1,matched,Archaea,2,100.0,1.0,1.0
Nicoletella,271159,1,17,0.0,0.0,2,1,0.0,0.0,0,0,1,0,1,matched,Bacteria,2,100.0,1.0,1.0
Desulfitibacter,293136,58,126,0.02,0.01,2,2,0.0,0.0,0,0,2,0,2,matched,Bacteria,1,50.0,29.0,0.034
Oxobacter,44261,58,102,0.02,0.01,2,2,0.0,0.0,0,0,2,0,2,matched,Bacteria,2,100.0,29.0,0.034
Biostraticola,466108,1,1,0.0,0.0,2,1,0.0,0.0,0,0,1,0,1,matched,Bacteria,2,100.0,1.0,1.0
Pseudoflavitalea,1884792,6,36,0.0,0.0,2,2,0.0,0.0,0,0,2,0,2,matched,Bacteria,2,100.0,3.0,0.333
Catellicoccus,300418,5,7,0.0,0.0,2,1,0.0,0.0,0,0,1,0,1,matched,Bacteria,2,100.0,5.0,0.2
Pelagibaca,360528,6,46,0.0,0.0,2,1,0.0,0.0,0,0,1,0,1,matched,Bacteria,0,0.0,6.0,0.167
Garicola,1774136,5,7,0.0,0.0,2,1,0.0,0.0,0,0,1,0,1,matched,Bacteria,2,100.0,5.0,0.2
Methanosphaerula,475087,2,14,0.0,0.0,2,2,0.0,0.0,0,0,2,0,2,matched,Archaea,2,100.0,1.0,1.0
Methanoplanus,2314,2,20,0.0,0.0,2,2,0.0,0.0,0,0,2,0,2,matched,Archaea,2,100.0,1.0,1.0
Thiococcus,85078,2,9,0.0,0.0,2,1,0.0,0.0,0,0,1,0,1,matched,Bacteria,2,100.0,2.0,0.5
Pararhodospirillum,1612157,2,9,0.0,0.0,2,2,0.0,0.0,0,0,2,0,2,matched,Bacteria,2,100.0,1.0,1.0
Asaccharospora,1505660,2,3,0.0,0.0,2,1,0.0,0.0,0,0,1,0,1,matched,Bacteria,2,100.0,2.0,0.5
Plectonema,1183,2,6,0.0,0.0,2,1,0.0,0.0,0,0,1,0,1,matched,Bacteria,2,100.0,2.0,0.5
Parasediminibacterium,1747780,16,69,0.01,0.01,2,2,0.0,0.0,0,0,2,0,2,matched,Bacteria,2,100.0,8.0,0.125
Marimonas,1914026,1,2,0.0,0.0,2,2,0.0,0.0,0,0,2,0,2,matched,Bacteria,2,100.0,0.5,2.0
Daeguia,457476,1,1,0.0,0.0,2,1,0.0,0.0,0,0,1,0,1,matched,Bacteria,2,100.0,1.0,1.0
Flavimarina,1606872,5,13,0.0,0.0,2,2,0.0,0.0,0,0,2,0,2,matched,Bacteria,1,50.0,2.5,0.4
Galliscardovia,2023242,1,1,0.0,0.0,2,1,0.0,0.0,0,0,1,0,1,matched,Bacteria,1,50.0,1.0,1.0
Roseicitreum,1209946,2,4,0.0,0.0,2,1,0.0,0.0,0,0,1,0,1,matched,Bacteria,2,100.0,2.0,0.5
Halotia,1620790,2,8,0.0,0.0,2,2,0.0,0.0,0,0,2,0,2,matched,Bacteria,2,100.0,1.0,1.0
Gloeothece,28070,2,4,0.0,0.0,2,2,0.0,0.0,0,0,2,0,2,matched,Bacteria,2,100.0,1.0,1.0
Pisciglobus,1384499,2,4,0.0,0.0,2,1,0.0,0.0,0,0,1,0,1,matched,Bacteria,1,50.0,2.0,0.5
Klugiella,580374,2,5,0.0,0.0,2,1,0.0,0.0,0,0,1,0,1,matched,Bacteria,2,100.0,2.0,0.5
Proteinivorax,1491776,2,3,0.0,0.0,2,2,0.0,0.0,0,0,2,0,2,matched,Bacteria,2,100.0,1.0,1.0
Anaeromicrobium,1929105,2,3,0.0,0.0,2,2,0.0,0.0,0,0,2,0,2,matched,Bacteria,1,50.0,1.0,1.0
Ectothiorhodosinus,233099,1,1,0.0,0.0,2,1,0.0,0.0,0,0,1,0,1,matched,Bacteria,2,100.0,1.0,1.0
Natronobiforma,2174848,1,2,0.0,0.0,2,1,0.0,0.0,0,0,1,0,1,matched,Archaea,2,100.0,1.0,1.0
Acanthopleuribacter,442869,45,72,0.02,0.01,2,1,0.0,0.0,0,0,1,0,1,matched,Bacteria,2,100.0,45.0,0.022
Fibrisoma,861913,7,15,0.0,0.0,2,2,0.0,0.0,0,0,2,0,2,matched,Bacteria,2,100.0,3.5,0.286
Natranaerovirga,1434023,7,8,0.0,0.0,2,2,0.0,0.0,0,0,2,0,2,matched,Bacteria,2,100.0,3.5,0.286
Nibrella,1649473,5,6,0.0,0.0,2,2,0.0,0.0,0,0,2,0,2,matched,Bacteria,2,100.0,2.5,0.4
Azomonas,69961,7,14,0.0,0.0,2,2,0.0,0.0,0,0,2,0,2,matched,Bacteria,2,100.0,3.5,0.286
Chthonobacter,1926253,5,10,0.0,0.0,2,2,0.0,0.0,0,0,2,0,2,matched,Bacteria,2,100.0,2.5,0.4
Halanaerobacter,42418,7,45,0.0,0.0,2,2,0.0,0.0,0,0,2,0,2,matched,Bacteria,1,50.0,3.5,0.286
Thermoflavimicrobium,292636,7,9,0.0,0.0,2,2,0.0,0.0,0,0,2,0,2,matched,Bacteria,2,100.0,3.5,0.286
Ahniella,2233801,61,326,0.02,0.03,2,2,0.0,0.0,0,0,2,0,2,matched,Bacteria,1,50.0,30.5,0.033
Leptobacterium,472054,1,2,0.0,0.0,2,2,0.0,0.0,0,0,2,0,2,matched,Bacteria,2,100.0,0.5,2.0
Marinibactrum,1930860,1,1,0.0,0.0,2,1,0.0,0.0,0,0,1,0,1,matched,Bacteria,2,100.0,1.0,1.0
Spinactinospora,1434047,1,1,0.0,0.0,2,1,0.0,0.0,0,0,1,0,1,matched,Bacteria,2,100.0,1.0,1.0
Haematomicrobium,1930924,1,1,0.0,0.0,2,1,0.0,0.0,0,0,1,0,1,matched,Bacteria,1,50.0,1.0,1.0
Saonia,2029851,1,1,0.0,0.0,2,2,0.0,0.0,0,0,2,0,2,matched,Bacteria,1,50.0,0.5,2.0
Desulfocucumis,2026179,2,3,0.0,0.0,2,2,0.0,0.0,0,0,2,0,2,matched,Bacteria,1,50.0,1.0,1.0
Ascidiimonas,1853701,2,2,0.0,0.0,2,2,0.0,0.0,0,0,2,0,2,matched,Bacteria,2,100.0,1.0,1.0
Aureivirga,1433990,2,2,0.0,0.0,2,2,0.0,0.0,0,0,2,0,2,matched,Bacteria,2,100.0,1.0,1.0
Aliagarivorans,882379,2,4,0.0,0.0,2,2,0.0,0.0,0,0,2,0,2,matched,Bacteria,2,100.0,1.0,1.0
Thermobrachium,150333,15,54,0.01,0.0,2,1,0.0,0.0,0,0,1,0,1,matched,Bacteria,2,100.0,15.0,0.067
Propionispira,84034,15,188,0.01,0.01,2,2,0.0,0.0,0,0,2,0,2,matched,Bacteria,2,100.0,7.5,0.133
Acaricomes,291967,2,5,0.0,0.0,2,1,0.0,0.0,0,0,1,0,1,matched,Bacteria,2,100.0,2.0,0.5
Vespertiliibacter,1520333,1,2,0.0,0.0,2,1,0.0,0.0,0,0,1,0,1,matched,Bacteria,2,100.0,1.0,1.0
Pseudosphingobacterium,407021,1,1,0.0,0.0,2,1,0.0,0.0,0,0,1,0,1,matched,Bacteria,0,0.0,1.0,1.0
Microseira,1609595,5,16,0.0,0.0,2,2,0.0,0.0,0,0,2,0,2,matched,Bacteria,2,100.0,2.5,0.4
Xylanibacillus,1975703,7,12,0.0,0.0,2,1,0.0,0.0,0,0,1,0,1,matched,Bacteria,2,100.0,7.0,0.143
Balnearium,223787,4,21,0.0,0.0,2,2,0.0,0.0,0,0,2,0,2,matched,Bacteria,1,50.0,2.0,0.5
Marimicrobium,1763473,4,4,0.0,0.0,2,2,0.0,0.0,0,0,2,0,2,matched,Bacteria,1,50.0,2.0,0.5
Desulfohalobium,45662,4,9,0.0,0.0,2,2,0.0,0.0,0,0,2,0,2,matched,Bacteria,1,50.0,2.0,0.5
Tenggerimyces,1784839,2,3,0.0,0.0,2,1,0.0,0.0,0,0,1,0,1,matched,Bacteria,2,100.0,2.0,0.5
Agaricicola,1364858,2,3,0.0,0.0,2,1,0.0,0.0,0,0,1,0,1,matched,Bacteria,1,50.0,2.0,0.5
Flexibacter,992,19,69,0.01,0.01,2,2,0.0,0.0,0,0,2,0,2,matched,Bacteria,1,50.0,9.5,0.105
Pasteuria,86004,19,34,0.01,0.0,2,2,0.0,0.0,0,0,2,0,2,matched,Bacteria,2,100.0,9.5,0.105
Dissulfurirhabdus,1840207,2,2,0.0,0.0,2,1,0.0,0.0,0,0,1,0,1,matched,Bacteria,2,100.0,2.0,0.5
Lihuaxuella,1522429,2,5,0.0,0.0,2,2,0.0,0.0,0,0,2,0,2,matched,Bacteria,1,50.0,1.0,1.0
Methylobrevis,1775716,2,2,0.0,0.0,2,2,0.0,0.0,0,0,2,0,2,matched,Bacteria,2,100.0,1.0,1.0
Risungbinella,1763555,1,4,0.0,0.0,2,1,0.0,0.0,0,0,1,0,1,matched,Bacteria,2,100.0,1.0,1.0
Volucribacter,256730,1,5,0.0,0.0,2,2,0.0,0.0,0,0,2,0,2,matched,Bacteria,2,100.0,0.5,2.0
Telmatocola,1382832,8,20,0.0,0.0,2,2,0.0,0.0,0,0,2,0,2,matched,Bacteria,1,50.0,4.0,0.25
Hydrogenothermus,133269,4,14,0.0,0.0,2,2,0.0,0.0,0,0,2,0,2,matched,Bacteria,1,50.0,2.0,0.5
Ileibacterium,1980680,4,11,0.0,0.0,2,2,0.0,0.0,0,0,2,0,2,matched,Bacteria,1,50.0,2.0,0.5
Rivibacter,1146865,2,2,0.0,0.0,2,2,0.0,0.0,0,0,2,0,2,matched,Bacteria,1,50.0,1.0,1.0
Lipingzhangella,1874625,2,3,0.0,0.0,2,2,0.0,0.0,0,0,2,0,2,matched,Bacteria,2,100.0,1.0,1.0
Halalkalibacillus,392825,2,3,0.0,0.0,2,2,0.0,0.0,0,0,2,0,2,matched,Bacteria,2,100.0,1.0,1.0
Desulfurispirillum,393029,2,7,0.0,0.0,2,1,0.0,0.0,0,0,1,0,1,matched,Bacteria,2,100.0,2.0,0.5
Aggregicoccus,1470623,2,5,0.0,0.0,2,2,0.0,0.0,0,0,2,0,2,matched,Bacteria,1,50.0,1.0,1.0
Sinobaca,342943,2,4,0.0,0.0,2,2,0.0,0.0,0,0,2,0,2,matched,Bacteria,2,100.0,1.0,1.0
Cnuella,1648511,15,39,0.01,0.0,2,1,0.0,0.0,0,0,1,0,1,matched,Bacteria,2,100.0,15.0,0.067
Spirobacillus,495819,2,8,0.0,0.0,2,1,0.0,0.0,0,0,1,0,1,matched,Bacteria,1,50.0,2.0,0.5
Natronobacillus,472977,1,1,0.0,0.0,2,1,0.0,0.0,0,0,1,0,1,matched,Bacteria,2,100.0,1.0,1.0
Tamilnaduibacter,1857014,1,1,0.0,0.0,2,1,0.0,0.0,0,0,1,0,1,matched,Bacteria,2,100.0,1.0,1.0
Chroococcus,70190,8,13,0.0,0.0,2,2,0.0,0.0,0,0,2,0,2,matched,Bacteria,1,50.0,4.0,0.25
Mariniradius,1245590,4,15,0.0,0.0,2,2,0.0,0.0,0,0,2,0,2,matched,Bacteria,2,100.0,2.0,0.5
Georgfuchsia,690621,4,9,0.0,0.0,2,2,0.0,0.0,0,0,2,0,2,matched,Bacteria,1,50.0,2.0,0.5
Spongiimicrobium,1884867,4,6,0.0,0.0,2,2,0.0,0.0,0,0,2,0,2,matched,Bacteria,2,100.0,2.0,0.5
Polymorphum,991903,1,3,0.0,0.0,2,2,0.0,0.0,0,0,2,0,2,matched,Bacteria,1,50.0,0.5,2.0
Basilea,1472344,1,5,0.0,0.0,2,1,0.0,0.0,0,0,1,0,1,matched,Bacteria,2,100.0,1.0,1.0
Mobilisporobacter,1780122,1,1,0.0,0.0,2,2,0.0,0.0,0,0,2,0,2,matched,Bacteria,1,50.0,0.5,2.0
Swaminathania,209260,1,51,0.0,0.0,2,1,0.0,0.0,0,0,1,0,1,matched,Bacteria,2,100.0,1.0,1.0
Mariniluteicoccus,1649467,2,3,0.0,0.0,2,2,0.0,0.0,0,0,2,0,2,matched,Bacteria,2,100.0,1.0,1.0
Humitalea,1223303,1,1,0.0,0.0,2,2,0.0,0.0,0,0,2,0,2,matched,Bacteria,2,100.0,0.5,2.0
Puniceicoccus,388745,65,219,0.02,0.02,2,1,0.0,0.0,0,0,1,0,1,matched,Bacteria,2,100.0,65.0,0.015
Haoranjiania,1890298,4,7,0.0,0.0,2,1,0.0,0.0,0,0,1,0,1,matched,Bacteria,2,100.0,4.0,0.25
Nibribacter,1649474,4,6,0.0,0.0,2,2,0.0,0.0,0,0,2,0,2,matched,Bacteria,2,100.0,2.0,0.5
Goodfellowiella,334857,4,9,0.0,0.0,2,1,0.0,0.0,0,0,1,0,1,matched,Bacteria,2,100.0,4.0,0.25
Corticibacter,1758230,4,6,0.0,0.0,2,1,0.0,0.0,0,0,1,0,1,matched,Bacteria,2,100.0,4.0,0.25
Caldora,1702237,1,8,0.0,0.0,2,2,0.0,0.0,0,0,2,0,2,matched,Bacteria,0,0.0,0.5,2.0
Roholtiella,1612341,1,4,0.0,0.0,2,1,0.0,0.0,0,0,1,0,1,matched,Bacteria,2,100.0,1.0,1.0
Aureibacter,1097443,1,3,0.0,0.0,2,1,0.0,0.0,0,0,1,0,1,matched,Bacteria,2,100.0,1.0,1.0
Rhabdobacter,1747773,4,4,0.0,0.0,2,1,0.0,0.0,0,0,1,0,1,matched,Bacteria,2,100.0,4.0,0.25
Kallotenue,1508537,4,6,0.0,0.0,2,2,0.0,0.0,0,0,2,0,2,matched,Bacteria,2,100.0,2.0,0.5
Gelatiniphilus,2041439,1,1,0.0,0.0,2,1,0.0,0.0,0,0,1,0,1,matched,Bacteria,2,100.0,1.0,1.0
Marininema,1155934,1,2,0.0,0.0,2,2,0.0,0.0,0,0,2,0,2,matched,Bacteria,2,100.0,0.5,2.0
Vulcanibacillus,551771,20,43,0.01,0.0,2,2,0.0,0.0,0,0,2,0,2,matched,Bacteria,1,50.0,10.0,0.1
Thermodesulforhabdus,88358,12,48,0.0,0.0,2,1,0.0,0.0,0,0,1,0,1,matched,Bacteria,1,50.0,12.0,0.083
Aestuariispira,1647175,3,5,0.0,0.0,2,2,0.0,0.0,0,0,2,0,2,matched,Bacteria,2,100.0,1.5,0.667
Chelonobacter,658623,3,5,0.0,0.0,2,1,0.0,0.0,0,0,1,0,1,matched,Bacteria,2,100.0,3.0,0.333
Thermosporothrix,768650,13,45,0.0,0.0,2,1,0.0,0.0,0,0,1,0,1,matched,Bacteria,2,100.0,13.0,0.077
Salininema,1840204,1,1,0.0,0.0,2,1,0.0,0.0,0,0,1,0,1,matched,Bacteria,2,100.0,1.0,1.0
Caldanaerobius,862261,4,11,0.0,0.0,2,2,0.0,0.0,0,0,2,0,2,matched,Bacteria,2,100.0,2.0,0.5
Arsenicitalea,1911566,10,32,0.0,0.0,2,2,0.0,0.0,0,0,2,0,2,matched,Bacteria,1,50.0,5.0,0.2
Paraphotobacterium,2042066,3,17,0.0,0.0,2,1,0.0,0.0,0,0,1,0,1,matched,Bacteria,2,100.0,3.0,0.333
Hydrogenispora,1501224,127,336,0.04,0.03,2,2,0.0,0.0,0,0,2,0,2,matched,Bacteria,1,50.0,63.5,0.016
Heliorestis,79598,3,5,0.0,0.0,2,2,0.0,0.0,0,0,2,0,2,matched,Bacteria,2,100.0,1.5,0.667
Acetonema,2373,3,7,0.0,0.0,2,2,0.0,0.0,0,0,2,0,2,matched,Bacteria,2,100.0,1.5,0.667
Thorsellia,336803,3,7,0.0,0.0,2,2,0.0,0.0,0,0,2,0,2,matched,Bacteria,2,100.0,1.5,0.667
Halotalea,376488,3,16,0.0,0.0,2,1,0.0,0.0,0,0,1,0,1,matched,Bacteria,2,100.0,3.0,0.333
Euhalothece,65097,3,81,0.0,0.01,2,2,0.0,0.0,0,0,2,0,2,matched,Bacteria,2,100.0,1.5,0.667
Neptunitalea,1749071,3,4,0.0,0.0,2,2,0.0,0.0,0,0,2,0,2,matched,Bacteria,2,100.0,1.5,0.667
Varunaivibrio,1866954,3,4,0.0,0.0,2,1,0.0,0.0,0,0,1,0,1,matched,Bacteria,2,100.0,3.0,0.333
Oceaniovalibus,1207070,3,3,0.0,0.0,2,2,0.0,0.0,0,0,2,0,2,matched,Bacteria,2,100.0,1.5,0.667
Bisgaardia,109471,3,11,0.0,0.0,2,1,0.0,0.0,0,0,1,0,1,matched,Bacteria,2,100.0,3.0,0.333
Gottschalkia,1505664,12,28,0.0,0.0,2,2,0.0,0.0,0,0,2,0,2,matched,Bacteria,2,100.0,6.0,0.167
Anoxynatronum,210622,12,34,0.0,0.0,2,2,0.0,0.0,0,0,2,0,2,matched,Bacteria,2,100.0,6.0,0.167
Thermoactinospora,1424614,1,1,0.0,0.0,2,2,0.0,0.0,0,0,2,0,2,matched,Bacteria,1,50.0,0.5,2.0
Tenuibacillus,286800,1,4,0.0,0.0,2,1,0.0,0.0,0,0,1,0,1,matched,Bacteria,2,100.0,1.0,1.0
Heliophilum,150818,1,3,0.0,0.0,2,1,0.0,0.0,0,0,1,0,1,matched,Bacteria,2,100.0,1.0,1.0
Nitritalea,1187887,1,2,0.0,0.0,2,2,0.0,0.0,0,0,2,0,2,matched,Bacteria,1,50.0,0.5,2.0
Desulfuribacillus,1543703,10,14,0.0,0.0,2,2,0.0,0.0,0,0,2,0,2,matched,Bacteria,2,100.0,5.0,0.2
Bradymonas,1779136,3,10,0.0,0.0,2,1,0.0,0.0,0,0,1,0,1,matched,Bacteria,2,100.0,3.0,0.333
Litoribrevibacter,1649464,3,8,0.0,0.0,2,2,0.0,0.0,0,0,2,0,2,matched,Bacteria,2,100.0,1.5,0.667
Thioalbus,1511694,10,29,0.0,0.0,2,2,0.0,0.0,0,0,2,0,2,matched,Bacteria,1,50.0,5.0,0.2
Acetitomaculum,31980,121,249,0.04,0.02,2,2,0.0,0.0,0,0,2,0,2,matched,Bacteria,1,50.0,60.5,0.017
Methylomarinovum,1486720,10,17,0.0,0.0,2,2,0.0,0.0,0,0,2,0,2,matched,Bacteria,2,100.0,5.0,0.2
Oceanirhabdus,1434026,3,14,0.0,0.0,2,2,0.0,0.0,0,0,2,0,2,matched,Bacteria,2,100.0,1.5,0.667
Allohahella,1855402,1,4,0.0,0.0,2,2,0.0,0.0,0,0,2,0,2,matched,Bacteria,2,100.0,0.5,2.0
Gelria,189326,24,55,0.01,0.0,2,2,0.0,0.0,0,0,2,0,2,matched,Bacteria,1,50.0,12.0,0.083
Tepidisphaera,1771356,24,59,0.01,0.0,2,1,0.0,0.0,0,0,1,0,1,matched,Bacteria,0,0.0,24.0,0.042
Thermorudis,1649508,1,6,0.0,0.0,2,1,0.0,0.0,0,0,1,0,1,matched,Bacteria,1,50.0,1.0,1.0
Ndongobacter,1930845,1,4,0.0,0.0,2,2,0.0,0.0,0,0,2,0,2,matched,Bacteria,1,50.0,0.5,2.0
Ornatilinea,1434028,28,90,0.01,0.01,2,2,0.0,0.0,0,0,2,0,2,matched,Bacteria,1,50.0,14.0,0.071
Umboniibacter,745153,3,13,0.0,0.0,2,2,0.0,0.0,0,0,2,0,2,matched,Bacteria,1,50.0,1.5,0.667
Salsuginibacillus,427077,3,6,0.0,0.0,2,2,0.0,0.0,0,0,2,0,2,matched,Bacteria,2,100.0,1.5,0.667
Labilibacter,1849718,11,21,0.0,0.0,2,2,0.0,0.0,0,0,2,0,2,matched,Bacteria,2,100.0,5.5,0.182
Propionicicella,348581,11,49,0.0,0.0,2,2,0.0,0.0,0,0,2,0,2,matched,Bacteria,1,50.0,5.5,0.182
Agaribacterium,2038244,3,4,0.0,0.0,2,2,0.0,0.0,0,0,2,0,2,matched,Bacteria,2,100.0,1.5,0.667
Atopobacter,136491,1,1,0.0,0.0,2,2,0.0,0.0,0,0,2,0,2,matched,Bacteria,2,100.0,0.5,2.0
Mongoliibacter,1769735,1,2,0.0,0.0,2,2,0.0,0.0,0,0,2,0,2,matched,Bacteria,1,50.0,0.5,2.0
Halopolyspora,1649455,1,3,0.0,0.0,2,1,0.0,0.0,0,0,1,0,1,matched,Bacteria,2,100.0,1.0,1.0
Salinifilum,2040254,1,1,0.0,0.0,2,2,0.0,0.0,0,0,2,0,2,matched,Bacteria,2,100.0,0.5,2.0
Acidibacillus,1765682,27,42,0.01,0.0,2,1,0.0,0.0,0,0,1,0,1,matched,Bacteria,0,0.0,27.0,0.037
Aureisphaera,1704230,3,7,0.0,0.0,2,2,0.0,0.0,0,0,2,0,2,matched,Bacteria,1,50.0,1.5,0.667
Caldovatus,2041181,3,7,0.0,0.0,2,2,0.0,0.0,0,0,2,0,2,matched,Bacteria,2,100.0,1.5,0.667
Isobaculum,142587,1,1,0.0,0.0,2,1,0.0,0.0,0,0,1,0,1,matched,Bacteria,2,100.0,1.0,1.0
Tepidicella,360239,1,5,0.0,0.0,2,2,0.0,0.0,0,0,2,0,2,matched,Bacteria,2,100.0,0.5,2.0
Casaltella,1715793,1,5,0.0,0.0,2,1,0.0,0.0,0,0,1,0,1,matched,Bacteria,2,100.0,1.0,1.0
Tanticharoenia,444052,1,3,0.0,0.0,2,1,0.0,0.0,0,0,1,0,1,matched,Bacteria,2,100.0,1.0,1.0
Rubricella,2028104,1,6,0.0,0.0,2,2,0.0,0.0,0,0,2,0,2,matched,Bacteria,1,50.0,0.5,2.0
Craurococcus,77583,6,29,0.0,0.0,2,2,0.0,0.0,0,0,2,0,2,matched,Bacteria,1,50.0,3.0,0.333
Piscinibacterium,2066914,1,1,0.0,0.0,2,1,0.0,0.0,0,0,1,0,1,matched,Bacteria,2,100.0,1.0,1.0
Thermosediminibacter,291988,5,9,0.0,0.0,2,2,0.0,0.0,0,0,2,0,2,matched,Bacteria,2,100.0,2.5,0.4
Keratinibaculum,1354809,6,13,0.0,0.0,2,1,0.0,0.0,0,0,1,0,1,matched,Bacteria,2,100.0,6.0,0.167
Sporosalibacterium,1400135,6,18,0.0,0.0,2,2,0.0,0.0,0,0,2,0,2,matched,Bacteria,1,50.0,3.0,0.333
Izhakiella,1780190,16,24,0.01,0.0,2,2,0.0,0.0,0,0,2,0,2,matched,Bacteria,2,100.0,8.0,0.125
Salinirubrum,1644062,2,25,0.0,0.0,2,1,0.0,0.0,0,0,1,0,1,matched,Archaea,2,100.0,2.0,0.5
Snuella,1235438,2,2,0.0,0.0,2,2,0.0,0.0,0,0,2,0,2,matched,Bacteria,2,100.0,1.0,1.0
Propioniferax,53456,2,3,0.0,0.0,2,1,0.0,0.0,0,0,1,0,1,matched,Bacteria,2,100.0,2.0,0.5
Nanoarchaeum,193568,17,55,0.01,0.0,2,2,0.0,0.0,0,0,2,0,2,matched,Archaea,1,50.0,8.5,0.118
Tundrisphaera,2029859,59,214,0.02,0.02,2,2,0.0,0.0,0,0,2,0,2,matched,Bacteria,2,100.0,29.5,0.034
Plastorhodobacter,1663682,1,3,0.0,0.0,1,1,0.0,0.0,0,0,1,0,1,matched,Bacteria,1,100.0,1.0,1.0
Stetteria,52130,1,4,0.0,0.0,1,1,0.0,0.0,0,0,1,0,1,matched,Archaea,1,100.0,1.0,1.0
Ochrovirga,1916646,1,1,0.0,0.0,1,1,0.0,0.0,0,0,1,0,1,matched,Bacteria,1,100.0,1.0,1.0
Oceanibacterium,1314700,1,1,0.0,0.0,1,1,0.0,0.0,0,0,1,0,1,matched,Bacteria,1,100.0,1.0,1.0
Rudaeicoccus,1434038,1,1,0.0,0.0,1,1,0.0,0.0,0,0,1,0,1,matched,Bacteria,1,100.0,1.0,1.0
Nesiotobacter,500577,1,2,0.0,0.0,1,1,0.0,0.0,0,0,1,0,1,matched,Bacteria,1,100.0,1.0,1.0
Litorisediminicola,1523153,1,2,0.0,0.0,1,1,0.0,0.0,0,0,1,0,1,matched,Bacteria,1,100.0,1.0,1.0
Iphinoe,988814,2,5,0.0,0.0,1,1,0.0,0.0,0,0,1,0,1,matched,Bacteria,0,0.0,2.0,0.5
Lacibacterium,1500420,2,8,0.0,0.0,1,1,0.0,0.0,0,0,1,0,1,matched,Bacteria,1,100.0,2.0,0.5
Haloactinospora,405552,2,2,0.0,0.0,1,1,0.0,0.0,0,0,1,0,1,matched,Bacteria,1,100.0,2.0,0.5
Fonticella,1434004,52,116,0.02,0.01,1,1,0.0,0.0,0,0,1,0,1,matched,Bacteria,1,100.0,52.0,0.019
Fulvitalea,1434007,1,1,0.0,0.0,1,1,0.0,0.0,0,0,1,0,1,matched,Bacteria,1,100.0,1.0,1.0
Desulfitispora,1006482,5,7,0.0,0.0,1,1,0.0,0.0,0,0,1,0,1,matched,Bacteria,1,100.0,5.0,0.2
Pseudahrensia,1434035,51,128,0.02,0.01,1,1,0.0,0.0,0,0,1,0,1,matched,Bacteria,1,100.0,51.0,0.02
Echinimonas,1649267,1,2,0.0,0.0,1,1,0.0,0.0,0,0,1,0,1,matched,Bacteria,1,100.0,1.0,1.0
Microchaete,188910,1,2,0.0,0.0,1,1,0.0,0.0,0,0,1,0,1,matched,Bacteria,1,100.0,1.0,1.0
Fretibacter,1649331,1,2,0.0,0.0,1,1,0.0,0.0,0,0,1,0,1,matched,Bacteria,1,100.0,1.0,1.0
Telmatobacter,1078829,1,1,0.0,0.0,1,1,0.0,0.0,0,0,1,0,1,matched,Bacteria,1,100.0,1.0,1.0
Maricurvus,1122283,3,5,0.0,0.0,1,1,0.0,0.0,0,0,1,0,1,matched,Bacteria,1,100.0,3.0,0.333
Potamolinea,1867035,3,9,0.0,0.0,1,1,0.0,0.0,0,0,1,0,1,matched,Bacteria,0,0.0,3.0,0.333
Baia,1763552,3,5,0.0,0.0,1,1,0.0,0.0,0,0,1,0,1,matched,Bacteria,1,100.0,3.0,0.333
Halanaerobaculum,644353,3,4,0.0,0.0,1,1,0.0,0.0,0,0,1,0,1,matched,Bacteria,1,100.0,3.0,0.333
Changchengzhania,2049301,3,5,0.0,0.0,1,1,0.0,0.0,0,0,1,0,1,matched,Bacteria,1,100.0,3.0,0.333
Allocatelliglobosispora,1400054,3,4,0.0,0.0,1,1,0.0,0.0,0,0,1,0,1,matched,Bacteria,1,100.0,3.0,0.333
Ichthyobacterium,1755829,25,43,0.01,0.0,1,1,0.0,0.0,0,0,1,0,1,matched,Bacteria,1,100.0,25.0,0.04
Millisia,264147,1,2,0.0,0.0,1,1,0.0,0.0,0,0,1,0,1,matched,Bacteria,1,100.0,1.0,1.0
Litoribacillus,1264044,1,3,0.0,0.0,1,1,0.0,0.0,0,0,1,0,1,matched,Bacteria,1,100.0,1.0,1.0
Ampullimonas,1920247,1,2,0.0,0.0,1,1,0.0,0.0,0,0,1,0,1,matched,Bacteria,1,100.0,1.0,1.0
Chungangia,1246645,1,1,0.0,0.0,1,1,0.0,0.0,0,0,1,0,1,matched,Bacteria,1,100.0,1.0,1.0
Haloactinomyces,1935172,1,2,0.0,0.0,1,1,0.0,0.0,0,0,1,0,1,matched,Bacteria,1,100.0,1.0,1.0
Beutenbergia,84756,1,3,0.0,0.0,1,1,0.0,0.0,0,0,1,0,1,matched,Bacteria,1,100.0,1.0,1.0
Ichthyenterobacterium,1775694,3,6,0.0,0.0,1,1,0.0,0.0,0,0,1,0,1,matched,Bacteria,0,0.0,3.0,0.333
Jejudonia,1499144,3,5,0.0,0.0,1,1,0.0,0.0,0,0,1,0,1,matched,Bacteria,1,100.0,3.0,0.333
Sporotomaculum,68034,3,3,0.0,0.0,1,1,0.0,0.0,0,0,1,0,1,matched,Bacteria,1,100.0,3.0,0.333
Irregularibacter,1918521,11,24,0.0,0.0,1,1,0.0,0.0,0,0,1,0,1,matched,Bacteria,1,100.0,11.0,0.091
Kribbia,331525,3,4,0.0,0.0,1,1,0.0,0.0,0,0,1,0,1,matched,Bacteria,1,100.0,3.0,0.333
Halonatronum,150059,3,5,0.0,0.0,1,1,0.0,0.0,0,0,1,0,1,matched,Bacteria,1,100.0,3.0,0.333
Indibacter,647744,3,4,0.0,0.0,1,1,0.0,0.0,0,0,1,0,1,matched,Bacteria,1,100.0,3.0,0.333
Fontibacter,881894,3,6,0.0,0.0,1,1,0.0,0.0,0,0,1,0,1,matched,Bacteria,1,100.0,3.0,0.333
Aureicoccus,1433989,1,3,0.0,0.0,1,1,0.0,0.0,0,0,1,0,1,matched,Bacteria,1,100.0,1.0,1.0
Salicola,332339,3,17,0.0,0.0,1,1,0.0,0.0,0,0,1,0,1,matched,Bacteria,1,100.0,3.0,0.333
Oceaniserpentilla,450803,3,9,0.0,0.0,1,1,0.0,0.0,0,0,1,0,1,matched,Bacteria,1,100.0,3.0,0.333
Siansivirga,1204360,3,5,0.0,0.0,1,1,0.0,0.0,0,0,1,0,1,matched,Bacteria,1,100.0,3.0,0.333
Acetohalobium,28186,3,8,0.0,0.0,1,1,0.0,0.0,0,0,1,0,1,matched,Bacteria,1,100.0,3.0,0.333
Salinithrix,1649492,1,2,0.0,0.0,1,1,0.0,0.0,0,0,1,0,1,matched,Bacteria,1,100.0,1.0,1.0
Gayadomonas,1234605,1,2,0.0,0.0,1,1,0.0,0.0,0,0,1,0,1,matched,Bacteria,1,100.0,1.0,1.0
Thermohydrogenium,937253,1,41,0.0,0.0,1,1,0.0,0.0,0,0,1,0,1,matched,Bacteria,1,100.0,1.0,1.0
Alloactinosynnema,674734,1,10,0.0,0.0,1,1,0.0,0.0,0,0,1,0,1,matched,Bacteria,1,100.0,1.0,1.0
Balneicella,1903336,1,1,0.0,0.0,1,1,0.0,0.0,0,0,1,0,1,matched,Bacteria,1,100.0,1.0,1.0
Fervidicola,555078,1,8,0.0,0.0,1,1,0.0,0.0,0,0,1,0,1,matched,Bacteria,1,100.0,1.0,1.0
Ancylothrix,2023233,3,7,0.0,0.0,1,1,0.0,0.0,0,0,1,0,1,matched,Bacteria,1,100.0,3.0,0.333
Caviibacterium,2070443,3,4,0.0,0.0,1,1,0.0,0.0,0,0,1,0,1,matched,Bacteria,1,100.0,3.0,0.333
Stenoxybacter,422440,3,3,0.0,0.0,1,1,0.0,0.0,0,0,1,0,1,matched,Bacteria,1,100.0,3.0,0.333
Scytolyngbya,1706226,3,7,0.0,0.0,1,1,0.0,0.0,0,0,1,0,1,matched,Bacteria,0,0.0,3.0,0.333
Halocella,46466,24,57,0.01,0.0,1,1,0.0,0.0,0,0,1,0,1,matched,Bacteria,1,100.0,24.0,0.042
Methyloparacoccus,1649469,24,262,0.01,0.02,1,1,0.0,0.0,0,0,1,0,1,matched,Bacteria,1,100.0,24.0,0.042
Caldisalinibacter,1640153,1,1,0.0,0.0,1,1,0.0,0.0,0,0,1,0,1,matched,Bacteria,1,100.0,1.0,1.0
Marinithermofilum,1659417,1,3,0.0,0.0,1,1,0.0,0.0,0,0,1,0,1,matched,Bacteria,1,100.0,1.0,1.0
Thermohalobacter,99593,1,3,0.0,0.0,1,1,0.0,0.0,0,0,1,0,1,matched,Bacteria,1,100.0,1.0,1.0
Desulfatiferula,396320,11,26,0.0,0.0,1,1,0.0,0.0,0,0,1,0,1,matched,Bacteria,1,100.0,11.0,0.091
Inmirania,1759371,11,19,0.0,0.0,1,1,0.0,0.0,0,0,1,0,1,matched,Bacteria,1,100.0,11.0,0.091
Halobacteroides,42417,3,19,0.0,0.0,1,1,0.0,0.0,0,0,1,0,1,matched,Bacteria,1,100.0,3.0,0.333
Desulforegula,153027,3,7,0.0,0.0,1,1,0.0,0.0,0,0,1,0,1,matched,Bacteria,1,100.0,3.0,0.333
Fastidiosibacter,2056689,3,3,0.0,0.0,1,1,0.0,0.0,0,0,1,0,1,matched,Bacteria,1,100.0,3.0,0.333
Anaerobium,1855714,3,7,0.0,0.0,1,1,0.0,0.0,0,0,1,0,1,matched,Bacteria,1,100.0,3.0,0.333
Roseimarinus,1827484,70,150,0.02,0.01,1,1,0.0,0.0,0,0,1,0,1,matched,Bacteria,1,100.0,70.0,0.014
Calderihabitans,1326739,1,1,0.0,0.0,1,1,0.0,0.0,0,0,1,0,1,matched,Bacteria,1,100.0,1.0,1.0
Rhabdochromatium,48728,1,2,0.0,0.0,1,1,0.0,0.0,0,0,1,0,1,matched,Bacteria,1,100.0,1.0,1.0
Anoxybacter,1769008,1,1,0.0,0.0,1,1,0.0,0.0,0,0,1,0,1,matched,Bacteria,1,100.0,1.0,1.0
Salinihabitans,1398404,3,3,0.0,0.0,1,1,0.0,0.0,0,0,1,0,1,matched,Bacteria,1,100.0,3.0,0.333
Postechiella,1434033,3,3,0.0,0.0,1,1,0.0,0.0,0,0,1,0,1,matched,Bacteria,1,100.0,3.0,0.333
Lyticum,204450,3,4,0.0,0.0,1,1,0.0,0.0,0,0,1,0,1,matched,Bacteria,1,100.0,3.0,0.333
Profundibacterium,1258570,3,7,0.0,0.0,1,1,0.0,0.0,0,0,1,0,1,matched,Bacteria,1,100.0,3.0,0.333
Chroococcopsis,945730,3,22,0.0,0.0,1,1,0.0,0.0,0,0,1,0,1,matched,Bacteria,0,0.0,3.0,0.333
Methanothermus,2179,3,6,0.0,0.0,1,1,0.0,0.0,0,0,1,0,1,matched,Archaea,1,100.0,3.0,0.333
Rhodobaculum,1640884,22,42,0.01,0.0,1,1,0.0,0.0,0,0,1,0,1,matched,Bacteria,1,100.0,22.0,0.045
Methyloterricola,2045060,10,46,0.0,0.0,1,1,0.0,0.0,0,0,1,0,1,matched,Bacteria,1,100.0,10.0,0.1
Propionigenium,2332,10,78,0.0,0.01,1,1,0.0,0.0,0,0,1,0,1,matched,Bacteria,1,100.0,10.0,0.1
Rurimicrobium,2049912,10,48,0.0,0.0,1,1,0.0,0.0,0,0,1,0,1,matched,Bacteria,1,100.0,10.0,0.1
Thioalkalicoccus,156972,3,8,0.0,0.0,1,1,0.0,0.0,0,0,1,0,1,matched,Bacteria,1,100.0,3.0,0.333
Pajaroellobacter,1882917,195,888,0.07,0.07,1,1,0.0,0.0,0,0,1,0,1,matched,Bacteria,1,100.0,195.0,0.005
Cronbergia,2067418,3,23,0.0,0.0,1,1,0.0,0.0,0,0,1,0,1,matched,Bacteria,1,100.0,3.0,0.333
Natribacillus,1150774,3,3,0.0,0.0,1,1,0.0,0.0,0,0,1,0,1,matched,Bacteria,1,100.0,3.0,0.333
Devriesea,472568,1,3,0.0,0.0,1,1,0.0,0.0,0,0,1,0,1,matched,Bacteria,1,100.0,1.0,1.0
Bounagaea,1931219,1,1,0.0,0.0,1,1,0.0,0.0,0,0,1,0,1,matched,Bacteria,1,100.0,1.0,1.0
Desulfoglaeba,361106,1,4,0.0,0.0,1,1,0.0,0.0,0,0,1,0,1,matched,Bacteria,1,100.0,1.0,1.0
Aquisalibacillus,485576,1,5,0.0,0.0,1,1,0.0,0.0,0,0,1,0,1,matched,Bacteria,1,100.0,1.0,1.0
Arboricoccus,2066435,4,4,0.0,0.0,1,1,0.0,0.0,0,0,1,0,1,matched,Bacteria,1,100.0,4.0,0.25
Nautella,481445,4,15,0.0,0.0,1,1,0.0,0.0,0,0,1,0,1,matched,Bacteria,1,100.0,4.0,0.25
Hapalosiphon,162985,4,7,0.0,0.0,1,1,0.0,0.0,0,0,1,0,1,matched,Bacteria,1,100.0,4.0,0.25
Aestuariicoccus,2054427,10,12,0.0,0.0,1,1,0.0,0.0,0,0,1,0,1,matched,Bacteria,1,100.0,10.0,0.1
Hugenholtzia,1937999,9,39,0.0,0.0,1,1,0.0,0.0,0,0,1,0,1,matched,Bacteria,1,100.0,9.0,0.111
Longivirga,2083192,9,121,0.0,0.01,1,1,0.0,0.0,0,0,1,0,1,matched,Bacteria,1,100.0,9.0,0.111
Methyloferula,1143004,9,56,0.0,0.0,1,1,0.0,0.0,0,0,1,0,1,matched,Bacteria,1,100.0,9.0,0.111
Thermosinus,261684,9,34,0.0,0.0,1,1,0.0,0.0,0,0,1,0,1,matched,Bacteria,1,100.0,9.0,0.111
Nostochopsis,221283,1,3,0.0,0.0,1,1,0.0,0.0,0,0,1,0,1,matched,Bacteria,0,0.0,1.0,1.0
Lutibaculum,1358438,1,3,0.0,0.0,1,1,0.0,0.0,0,0,1,0,1,matched,Bacteria,1,100.0,1.0,1.0
Magnetofaba,1472292,1,1,0.0,0.0,1,1,0.0,0.0,0,0,1,0,1,matched,Bacteria,0,0.0,1.0,1.0
Thermostilla,1755820,1,1,0.0,0.0,1,1,0.0,0.0,0,0,1,0,1,matched,Bacteria,1,100.0,1.0,1.0
Brassicibacter,1433991,12,19,0.0,0.0,1,1,0.0,0.0,0,0,1,0,1,matched,Bacteria,1,100.0,12.0,0.083
Desulfofarcimen,2282742,249,289,0.09,0.02,1,1,0.0,0.0,0,0,1,0,1,matched,Bacteria,1,100.0,249.0,0.004
Aliinostoc,2035978,2,22,0.0,0.0,1,1,0.0,0.0,0,0,1,0,1,matched,Bacteria,1,100.0,2.0,0.5
Thermotalea,648799,2,3,0.0,0.0,1,1,0.0,0.0,0,0,1,0,1,matched,Bacteria,1,100.0,2.0,0.5
Aureibacillus,1930791,2,4,0.0,0.0,1,1,0.0,0.0,0,0,1,0,1,matched,Bacteria,1,100.0,2.0,0.5
Lacimonas,1941108,3,3,0.0,0.0,1,1,0.0,0.0,0,0,1,0,1,matched,Bacteria,1,100.0,3.0,0.333
Roseisalinus,289239,3,4,0.0,0.0,1,1,0.0,0.0,0,0,1,0,1,matched,Bacteria,1,100.0,3.0,0.333
Anaerovirgula,561442,3,3,0.0,0.0,1,1,0.0,0.0,0,0,1,0,1,matched,Bacteria,1,100.0,3.0,0.333
Westiellopsis,221285,3,3,0.0,0.0,1,1,0.0,0.0,0,0,1,0,1,matched,Bacteria,1,100.0,3.0,0.333
Actinorugispora,1833962,1,1,0.0,0.0,1,1,0.0,0.0,0,0,1,0,1,matched,Bacteria,1,100.0,1.0,1.0
Salinactinospora,1434041,1,1,0.0,0.0,1,1,0.0,0.0,0,0,1,0,1,matched,Bacteria,1,100.0,1.0,1.0
Rhodocista,34023,4,7,0.0,0.0,1,1,0.0,0.0,0,0,1,0,1,matched,Bacteria,1,100.0,4.0,0.25
Algivirga,1435426,4,5,0.0,0.0,1,1,0.0,0.0,0,0,1,0,1,matched,Bacteria,1,100.0,4.0,0.25
Rapidithrix,413963,9,15,0.0,0.0,1,1,0.0,0.0,0,0,1,0,1,matched,Bacteria,1,100.0,9.0,0.111
Sediminibacter,379072,9,15,0.0,0.0,1,1,0.0,0.0,0,0,1,0,1,matched,Bacteria,1,100.0,9.0,0.111
Conservatibacter,2070447,1,2,0.0,0.0,1,1,0.0,0.0,0,0,1,0,1,matched,Bacteria,1,100.0,1.0,1.0
Compostimonas,1259734,1,3,0.0,0.0,1,1,0.0,0.0,0,0,1,0,1,matched,Bacteria,1,100.0,1.0,1.0
Cyanomargarita,1982356,1,3,0.0,0.0,1,1,0.0,0.0,0,0,1,0,1,matched,Bacteria,0,0.0,1.0,1.0
Pegethrix,2303508,1,5,0.0,0.0,1,1,0.0,0.0,0,0,1,0,1,matched,Bacteria,0,0.0,1.0,1.0
Mechercharimyces,482144,1,5,0.0,0.0,1,1,0.0,0.0,0,0,1,0,1,matched,Bacteria,1,100.0,1.0,1.0
Streptohalobacillus,1400134,1,3,0.0,0.0,1,1,0.0,0.0,0,0,1,0,1,matched,Bacteria,1,100.0,1.0,1.0
Guggenheimella,228923,37,70,0.01,0.01,1,1,0.0,0.0,0,0,1,0,1,matched,Bacteria,1,100.0,37.0,0.027
Terasakiispira,1861843,4,5,0.0,0.0,1,1,0.0,0.0,0,0,1,0,1,matched,Bacteria,1,100.0,4.0,0.25
Pseudenhygromyxa,1324129,4,5,0.0,0.0,1,1,0.0,0.0,0,0,1,0,1,matched,Bacteria,1,100.0,4.0,0.25
Eionea,1050833,4,5,0.0,0.0,1,1,0.0,0.0,0,0,1,0,1,matched,Bacteria,1,100.0,4.0,0.25
Coriobacterium,33870,4,9,0.0,0.0,1,1,0.0,0.0,0,0,1,0,1,matched,Bacteria,1,100.0,4.0,0.25
Herbihabitans,1884922,4,4,0.0,0.0,1,1,0.0,0.0,0,0,1,0,1,matched,Bacteria,1,100.0,4.0,0.25
Roseospirillum,83400,4,9,0.0,0.0,1,1,0.0,0.0,0,0,1,0,1,matched,Bacteria,1,100.0,4.0,0.25
Tuwongella,2051044,9,15,0.0,0.0,1,1,0.0,0.0,0,0,1,0,1,matched,Bacteria,1,100.0,9.0,0.111
Scytonematopsis,259009,1,4,0.0,0.0,1,1,0.0,0.0,0,0,1,0,1,matched,Bacteria,0,0.0,1.0,1.0
Parablastomonas,1654718,2,3,0.0,0.0,1,1,0.0,0.0,0,0,1,0,1,matched,Bacteria,1,100.0,2.0,0.5
Eisenibacter,1937963,2,13,0.0,0.0,1,1,0.0,0.0,0,0,1,0,1,matched,Bacteria,1,100.0,2.0,0.5
Thiofaba,552511,13,27,0.0,0.0,1,1,0.0,0.0,0,0,1,0,1,matched,Bacteria,1,100.0,13.0,0.077
Desulfothermobacter,2079011,2,3,0.0,0.0,1,1,0.0,0.0,0,0,1,0,1,matched,Bacteria,1,100.0,2.0,0.5
Galenea,1522420,2,8,0.0,0.0,1,1,0.0,0.0,0,0,1,0,1,matched,Bacteria,1,100.0,2.0,0.5
Syntrophobotulus,51196,2,5,0.0,0.0,1,1,0.0,0.0,0,0,1,0,1,matched,Bacteria,1,100.0,2.0,0.5
Plesiocystis,191767,2,5,0.0,0.0,1,1,0.0,0.0,0,0,1,0,1,matched,Bacteria,1,100.0,2.0,0.5
Melghiribacillus,1775697,2,3,0.0,0.0,1,1,0.0,0.0,0,0,1,0,1,matched,Bacteria,1,100.0,2.0,0.5
Krasilnikoviella,1914244,1,8,0.0,0.0,1,1,0.0,0.0,0,0,1,0,1,matched,Bacteria,1,100.0,1.0,1.0
Pelagirhabdus,1738642,1,5,0.0,0.0,1,1,0.0,0.0,0,0,1,0,1,matched,Bacteria,1,100.0,1.0,1.0
Compostibacillus,1769738,1,1,0.0,0.0,1,1,0.0,0.0,0,0,1,0,1,matched,Bacteria,1,100.0,1.0,1.0
Chitinivibrionaceae.U.genus,1505234,20,67,0.01,0.01,1,1,0.0,0.0,0,0,1,0,1,matched,Bacteria,1,100.0,20.0,0.05
Allonocardiopsis,1647181,1,1,0.0,0.0,1,1,0.0,0.0,0,0,1,0,1,matched,Bacteria,1,100.0,1.0,1.0
Paramaledivibacter,1884934,8,12,0.0,0.0,1,1,0.0,0.0,0,0,1,0,1,matched,Bacteria,1,100.0,8.0,0.125
Halodurantibacterium,1822382,9,33,0.0,0.0,1,1,0.0,0.0,0,0,1,0,1,matched,Bacteria,1,100.0,9.0,0.111
Methylosoma,392710,4,14,0.0,0.0,1,1,0.0,0.0,0,0,1,0,1,matched,Bacteria,1,100.0,4.0,0.25
Persicirhabdus,518754,38,257,0.01,0.02,1,1,0.0,0.0,0,0,1,0,1,matched,Bacteria,1,100.0,38.0,0.026
Desertibacillus,2039709,1,3,0.0,0.0,1,1,0.0,0.0,0,0,1,0,1,matched,Bacteria,1,100.0,1.0,1.0
Halocalculus,1779002,1,1,0.0,0.0,1,1,0.0,0.0,0,0,1,0,1,matched,Archaea,1,100.0,1.0,1.0
Brackiella,124224,1,1,0.0,0.0,1,1,0.0,0.0,0,0,1,0,1,matched,Bacteria,1,100.0,1.0,1.0
Hartmannibacter,1572860,1,4,0.0,0.0,1,1,0.0,0.0,0,0,1,0,1,matched,Bacteria,1,100.0,1.0,1.0
Desulfonispora,83660,2,3,0.0,0.0,1,1,0.0,0.0,0,0,1,0,1,matched,Bacteria,1,100.0,2.0,0.5
Allosalinactinospora,1631197,2,2,0.0,0.0,1,1,0.0,0.0,0,0,1,0,1,matched,Bacteria,1,100.0,2.0,0.5
Allofustis,192987,2,4,0.0,0.0,1,1,0.0,0.0,0,0,1,0,1,matched,Bacteria,1,100.0,2.0,0.5
Howardella,404402,19,55,0.01,0.0,1,1,0.0,0.0,0,0,1,0,1,matched,Bacteria,1,100.0,19.0,0.053
Aetherobacter,888829,19,147,0.01,0.01,1,1,0.0,0.0,0,0,1,0,1,matched,Bacteria,1,100.0,19.0,0.053
Aquimixticola,1774278,2,2,0.0,0.0,1,1,0.0,0.0,0,0,1,0,1,matched,Bacteria,1,100.0,2.0,0.5
Shivajiella,1336690,2,2,0.0,0.0,1,1,0.0,0.0,0,0,1,0,1,matched,Bacteria,1,100.0,2.0,0.5
Phorcysia,1079057,2,4,0.0,0.0,1,1,0.0,0.0,0,0,1,0,1,matched,Bacteria,1,100.0,2.0,0.5
Desulfurispira,1007342,1,2,0.0,0.0,1,1,0.0,0.0,0,0,1,0,1,matched,Bacteria,1,100.0,1.0,1.0
Parvibium,2109346,8,14,0.0,0.0,1,1,0.0,0.0,0,0,1,0,1,matched,Bacteria,1,100.0,8.0,0.125
Halarsenatibacter,630723,8,15,0.0,0.0,1,1,0.0,0.0,0,0,1,0,1,matched,Bacteria,1,100.0,8.0,0.125
Methylothermus,317574,4,14,0.0,0.0,1,1,0.0,0.0,0,0,1,0,1,matched,Bacteria,1,100.0,4.0,0.25
Subsaxibacter,291181,8,11,0.0,0.0,1,1,0.0,0.0,0,0,1,0,1,matched,Bacteria,1,100.0,8.0,0.125
Fuchsiella,1242734,4,24,0.0,0.0,1,1,0.0,0.0,0,0,1,0,1,matched,Bacteria,1,100.0,4.0,0.25
Succinispira,78119,4,7,0.0,0.0,1,1,0.0,0.0,0,0,1,0,1,matched,Bacteria,1,100.0,4.0,0.25
Hyella,945733,1,1,0.0,0.0,1,1,0.0,0.0,0,0,1,0,1,matched,Bacteria,1,100.0,1.0,1.0
Limibacter,518746,1,1,0.0,0.0,1,1,0.0,0.0,0,0,1,0,1,matched,Bacteria,1,100.0,1.0,1.0
Marinibaculum,1903158,1,1,0.0,0.0,1,1,0.0,0.0,0,0,1,0,1,matched,Bacteria,1,100.0,1.0,1.0
Longimycelium,1434016,8,21,0.0,0.0,1,1,0.0,0.0,0,0,1,0,1,matched,Bacteria,1,100.0,8.0,0.125
Constrictibacter,1076933,15,97,0.01,0.01,1,1,0.0,0.0,0,0,1,0,1,matched,Bacteria,1,100.0,15.0,0.067
Thiorhodospira,154346,2,6,0.0,0.0,1,1,0.0,0.0,0,0,1,0,1,matched,Bacteria,1,100.0,2.0,0.5
Phaseolibacter,1297562,2,5,0.0,0.0,1,1,0.0,0.0,0,0,1,0,1,matched,Bacteria,1,100.0,2.0,0.5
Oscillospira,119852,19,43,0.01,0.0,1,1,0.0,0.0,0,0,1,0,1,matched,Bacteria,0,0.0,19.0,0.053
Flexithrix,70992,19,52,0.01,0.0,1,1,0.0,0.0,0,0,1,0,1,matched,Bacteria,1,100.0,19.0,0.053
Prolinoborus,206375,2,2,0.0,0.0,1,1,0.0,0.0,0,0,1,0,1,matched,Bacteria,1,100.0,2.0,0.5
Fervidicella,1403538,2,3,0.0,0.0,1,1,0.0,0.0,0,0,1,0,1,matched,Bacteria,1,100.0,2.0,0.5
Sporohalobacter,973,2,4,0.0,0.0,1,1,0.0,0.0,0,0,1,0,1,matched,Bacteria,1,100.0,2.0,0.5
Thioflavicoccus,156885,2,14,0.0,0.0,1,1,0.0,0.0,0,0,1,0,1,matched,Bacteria,1,100.0,2.0,0.5
Caldinitratiruptor,1006480,4,8,0.0,0.0,1,1,0.0,0.0,0,0,1,0,1,matched,Bacteria,1,100.0,4.0,0.25
Lacticigenium,633405,4,5,0.0,0.0,1,1,0.0,0.0,0,0,1,0,1,matched,Bacteria,1,100.0,4.0,0.25
Wandonia,1115103,7,67,0.0,0.01,1,1,0.0,0.0,0,0,1,0,1,matched,Bacteria,1,100.0,7.0,0.143
Thermostaphylospora,2071601,7,23,0.0,0.0,1,1,0.0,0.0,0,0,1,0,1,matched,Bacteria,1,100.0,7.0,0.143
Mastigocladopsis,221282,5,5,0.0,0.0,1,1,0.0,0.0,0,0,1,0,1,matched,Bacteria,1,100.0,5.0,0.2
Pilibacter,337670,5,7,0.0,0.0,1,1,0.0,0.0,0,0,1,0,1,matched,Bacteria,1,100.0,5.0,0.2
Pseudofulvibacter,1524959,43,138,0.01,0.01,1,1,0.0,0.0,0,0,1,0,1,matched,Bacteria,1,100.0,43.0,0.023
Nemorincola,2054311,1,1,0.0,0.0,1,1,0.0,0.0,0,0,1,0,1,matched,Bacteria,1,100.0,1.0,1.0
Deinobacterium,758601,1,1,0.0,0.0,1,1,0.0,0.0,0,0,1,0,1,matched,Bacteria,1,100.0,1.0,1.0
Filobacillus,160794,2,3,0.0,0.0,1,1,0.0,0.0,0,0,1,0,1,matched,Bacteria,1,100.0,2.0,0.5
Seinonella,292637,2,3,0.0,0.0,1,1,0.0,0.0,0,0,1,0,1,matched,Bacteria,1,100.0,2.0,0.5
Chrysiogenes,118004,2,4,0.0,0.0,1,1,0.0,0.0,0,0,1,0,1,matched,Bacteria,1,100.0,2.0,0.5
Catelliglobosispora,1121253,2,4,0.0,0.0,1,1,0.0,0.0,0,0,1,0,1,matched,Bacteria,1,100.0,2.0,0.5
Thermasporomyces,718013,2,14,0.0,0.0,1,1,0.0,0.0,0,0,1,0,1,matched,Bacteria,1,100.0,2.0,0.5
Marinithermus,186191,2,8,0.0,0.0,1,1,0.0,0.0,0,0,1,0,1,matched,Bacteria,1,100.0,2.0,0.5
Dethiosulfatarculus,1775574,2,2,0.0,0.0,1,1,0.0,0.0,0,0,1,0,1,matched,Bacteria,1,100.0,2.0,0.5
Anaerotaenia,1843206,2,9,0.0,0.0,1,1,0.0,0.0,0,0,1,0,1,matched,Bacteria,1,100.0,2.0,0.5
Acidicaldus,368783,19,68,0.01,0.01,1,1,0.0,0.0,0,0,1,0,1,matched,Bacteria,1,100.0,19.0,0.053
Imhoffiella,2018671,1,1,0.0,0.0,1,1,0.0,0.0,0,0,1,0,1,matched,Bacteria,1,100.0,1.0,1.0
Falsiporphyromonas,1649291,1,1,0.0,0.0,1,1,0.0,0.0,0,0,1,0,1,matched,Bacteria,1,100.0,1.0,1.0
Thiobaca,127457,1,3,0.0,0.0,1,1,0.0,0.0,0,0,1,0,1,matched,Bacteria,1,100.0,1.0,1.0
Rhizocola,1538466,1,3,0.0,0.0,1,1,0.0,0.0,0,0,1,0,1,matched,Bacteria,1,100.0,1.0,1.0
Phaeovibrio,1220599,1,1,0.0,0.0,1,1,0.0,0.0,0,0,1,0,1,matched,Bacteria,1,100.0,1.0,1.0
Actinorhabdospora,1849525,1,1,0.0,0.0,1,1,0.0,0.0,0,0,1,0,1,matched,Bacteria,1,100.0,1.0,1.0
Halobiforma,203193,5,16,0.0,0.0,1,1,0.0,0.0,0,0,1,0,1,matched,Archaea,1,100.0,5.0,0.2
Albirhodobacter,1537716,5,24,0.0,0.0,1,1,0.0,0.0,0,0,1,0,1,matched,Bacteria,1,100.0,5.0,0.2
Endothiovibrio,2004668,7,11,0.0,0.0,1,1,0.0,0.0,0,0,1,0,1,matched,Bacteria,1,100.0,7.0,0.143
Gangjinia,1400057,7,9,0.0,0.0,1,1,0.0,0.0,0,0,1,0,1,matched,Bacteria,1,100.0,7.0,0.143
Nafulsella,1265689,5,8,0.0,0.0,1,1,0.0,0.0,0,0,1,0,1,matched,Bacteria,1,100.0,5.0,0.2
Negadavirga,1822461,5,6,0.0,0.0,1,1,0.0,0.0,0,0,1,0,1,matched,Bacteria,1,100.0,5.0,0.2
Sediminitomix,379074,1,2,0.0,0.0,1,1,0.0,0.0,0,0,1,0,1,matched,Bacteria,1,100.0,1.0,1.0
Litoribaculum,1569266,1,1,0.0,0.0,1,1,0.0,0.0,0,0,1,0,1,matched,Bacteria,1,100.0,1.0,1.0
Tamaricihabitans,1734465,1,1,0.0,0.0,1,1,0.0,0.0,0,0,1,0,1,matched,Bacteria,1,100.0,1.0,1.0
Fodinibacter,872112,1,1,0.0,0.0,1,1,0.0,0.0,0,0,1,0,1,matched,Bacteria,1,100.0,1.0,1.0
Anaerobacterium,1486725,17,19,0.01,0.0,1,1,0.0,0.0,0,0,1,0,1,matched,Bacteria,1,100.0,17.0,0.059
Demetria,63958,2,4,0.0,0.0,1,1,0.0,0.0,0,0,1,0,1,matched,Bacteria,1,100.0,2.0,0.5
Costertonia,343334,2,3,0.0,0.0,1,1,0.0,0.0,0,0,1,0,1,matched,Bacteria,1,100.0,2.0,0.5
Desulfocarbo,1535192,17,46,0.01,0.0,1,1,0.0,0.0,0,0,1,0,1,matched,Bacteria,1,100.0,17.0,0.059
Clostridiisalibacter,516086,17,28,0.01,0.0,1,1,0.0,0.0,0,0,1,0,1,matched,Bacteria,1,100.0,17.0,0.059
Pseudospirillum,196078,2,4,0.0,0.0,1,1,0.0,0.0,0,0,1,0,1,matched,Bacteria,1,100.0,2.0,0.5
Gomphosphaeria,1521557,2,2,0.0,0.0,1,1,0.0,0.0,0,0,1,0,1,matched,Bacteria,0,0.0,2.0,0.5
Temperatibacter,1549129,2,2,0.0,0.0,1,1,0.0,0.0,0,0,1,0,1,matched,Bacteria,1,100.0,2.0,0.5
Namhaeicola,1664348,2,5,0.0,0.0,1,1,0.0,0.0,0,0,1,0,1,matched,Bacteria,1,100.0,2.0,0.5
Ravibacter,2051037,1,1,0.0,0.0,1,1,0.0,0.0,0,0,1,0,1,matched,Bacteria,1,100.0,1.0,1.0
Methylohalomonas,398772,5,6,0.0,0.0,1,1,0.0,0.0,0,0,1,0,1,matched,Bacteria,1,100.0,5.0,0.2
Moryella,437755,49,92,0.02,0.01,1,1,0.0,0.0,0,0,1,0,1,matched,Bacteria,1,100.0,49.0,0.02
Sungkyunkwania,1649498,1,1,0.0,0.0,1,1,0.0,0.0,0,0,1,0,1,matched,Bacteria,1,100.0,1.0,1.0
Hydrocoleum,400657,1,2,0.0,0.0,1,1,0.0,0.0,0,0,1,0,1,matched,Bacteria,1,100.0,1.0,1.0
Microaerobacter,1006481,1,1,0.0,0.0,1,1,0.0,0.0,0,0,1,0,1,matched,Bacteria,1,100.0,1.0,1.0
Geojedonia,1649451,1,1,0.0,0.0,1,1,0.0,0.0,0,0,1,0,1,matched,Bacteria,1,100.0,1.0,1.0
Bacilliculturomica,2005387,1,2,0.0,0.0,1,1,0.0,0.0,0,0,1,0,1,matched,Bacteria,1,100.0,1.0,1.0
Hazenella,1343556,1,3,0.0,0.0,1,1,0.0,0.0,0,0,1,0,1,matched,Bacteria,1,100.0,1.0,1.0
Daejeonia,2027867,1,1,0.0,0.0,1,1,0.0,0.0,0,0,1,0,1,matched,Bacteria,1,100.0,1.0,1.0
Lysinimonas,1434018,5,117,0.0,0.01,1,1,0.0,0.0,0,0,1,0,1,matched,Bacteria,1,100.0,5.0,0.2
Vitiosangium,1945896,5,89,0.0,0.01,1,1,0.0,0.0,0,0,1,0,1,matched,Bacteria,1,100.0,5.0,0.2
Sphingoaurantiacus,1738651,17,44,0.01,0.0,1,1,0.0,0.0,0,0,1,0,1,matched,Bacteria,1,100.0,17.0,0.059
Eilatimonas,1434000,2,4,0.0,0.0,1,1,0.0,0.0,0,0,1,0,1,matched,Bacteria,1,100.0,2.0,0.5
Chitinivibrio,1505231,2,2,0.0,0.0,1,1,0.0,0.0,0,0,1,0,1,matched,Bacteria,1,100.0,2.0,0.5
Neosynechococcus,1501143,2,5,0.0,0.0,1,1,0.0,0.0,0,0,1,0,1,matched,Bacteria,1,100.0,2.0,0.5
Chondrocystis,268175,2,11,0.0,0.0,1,1,0.0,0.0,0,0,1,0,1,matched,Bacteria,1,100.0,2.0,0.5
Symplocastrum,1125736,2,7,0.0,0.0,1,1,0.0,0.0,0,0,1,0,1,matched,Bacteria,0,0.0,2.0,0.5
Hypnocyclicus,1940855,16,139,0.01,0.01,1,1,0.0,0.0,0,0,1,0,1,matched,Bacteria,1,100.0,16.0,0.062
Saliterribacillus,1434043,2,2,0.0,0.0,1,1,0.0,0.0,0,0,1,0,1,matched,Bacteria,1,100.0,2.0,0.5
Plectolyngbya,980548,2,4,0.0,0.0,1,1,0.0,0.0,0,0,1,0,1,matched,Bacteria,0,0.0,2.0,0.5
Thiobacter,279809,5,17,0.0,0.0,1,1,0.0,0.0,0,0,1,0,1,matched,Bacteria,1,100.0,5.0,0.2
Methylonatrum,455252,6,14,0.0,0.0,1,1,0.0,0.0,0,0,1,0,1,matched,Bacteria,1,100.0,6.0,0.167
Luethyella,1960139,1,1,0.0,0.0,1,1,0.0,0.0,0,0,1,0,1,matched,Bacteria,1,100.0,1.0,1.0
Woodsholea,240236,1,3,0.0,0.0,1,1,0.0,0.0,0,0,1,0,1,matched,Bacteria,1,100.0,1.0,1.0
Haloglycomyces,651553,1,1,0.0,0.0,1,1,0.0,0.0,0,0,1,0,1,matched,Bacteria,1,100.0,1.0,1.0
Pustulibacterium,1649485,1,1,0.0,0.0,1,1,0.0,0.0,0,0,1,0,1,matched,Bacteria,1,100.0,1.0,1.0
Selenihalanaerobacter,142841,1,1,0.0,0.0,1,1,0.0,0.0,0,0,1,0,1,matched,Bacteria,1,100.0,1.0,1.0
Caldanaerovirga,591374,1,1,0.0,0.0,1,1,0.0,0.0,0,0,1,0,1,matched,Bacteria,1,100.0,1.0,1.0
Murinocardiopsis,1400055,1,1,0.0,0.0,1,1,0.0,0.0,0,0,1,0,1,matched,Bacteria,1,100.0,1.0,1.0
Seminibacterium,1649494,1,1,0.0,0.0,1,1,0.0,0.0,0,0,1,0,1,matched,Bacteria,1,100.0,1.0,1.0
Flindersiella,1434003,1,6,0.0,0.0,1,1,0.0,0.0,0,0,1,0,1,matched,Bacteria,1,100.0,1.0,1.0
Rubidibacter,582491,1,1,0.0,0.0,1,1,0.0,0.0,0,0,1,0,1,matched,Bacteria,1,100.0,1.0,1.0
Bacteria.U.genus,629395,4220,19549,1.47,1.52,0,0,0.0,0.0,0,0,0,0,0,census_only,Unknown,0,0.0,inf,0.0
Bacillus,55087,3741,18159,1.3,1.41,0,0,0.0,0.0,0,0,0,0,0,census_only,Unknown,0,0.0,inf,0.0
Microgenomatia.U.genus,N/A,2959,8761,1.03,0.68,0,0,0.0,0.0,0,0,0,0,0,census_only,Unknown,0,0.0,inf,0.0
Candidatus Gracilibacteria.U.genus,N/A,1737,5355,0.6,0.42,0,0,0.0,0.0,0,0,0,0,0,census_only,Unknown,0,0.0,inf,0.0
ABY1.U.genus,N/A,1711,5467,0.6,0.43,0,0,0.0,0.0,0,0,0,0,0,census_only,Unknown,0,0.0,inf,0.0
Candidatus Marinimicrobia.U.genus,N/A,1230,7201,0.43,0.56,0,0,0.0,0.0,0,0,0,0,0,census_only,Unknown,0,0.0,inf,0.0
Candidatus Latescibacteria.U.genus,N/A,889,3356,0.31,0.26,0,0,0.0,0.0,0,0,0,0,0,census_only,Unknown,0,0.0,inf,0.0
Candidatus Aenigmarchaeota.U.genus,N/A,832,2134,0.29,0.17,0,0,0.0,0.0,0,0,0,0,0,census_only,Unknown,0,0.0,inf,0.0
Heterosigma_akashiwo.Mitochondria,2829,524,2339,0.18,0.18,0,0,0.0,0.0,0,0,0,0,0,census_only,Unknown,0,0.0,inf,0.0
Coxiella,1260513,431,955,0.15,0.07,0,0,0.0,0.0,0,0,0,0,0,census_only,Unknown,0,0.0,inf,0.0
Botryosphaeria_dothidea.Mitochondria,55169,410,1614,0.14,0.13,0,0,0.0,0.0,0,0,0,0,0,census_only,Unknown,0,0.0,inf,0.0
Schizomeris_leibleinii:plas.Chloroplast,104533,398,1092,0.14,0.09,0,0,0.0,0.0,0,0,0,0,0,census_only,Unknown,0,0.0,inf,0.0
candidate division NC10.U.genus,N/A,395,3480,0.14,0.27,0,0,0.0,0.0,0,0,0,0,0,census_only,Unknown,0,0.0,inf,0.0
WWE3.U.genus,N/A,387,1278,0.13,0.1,0,0,0.0,0.0,0,0,0,0,0,census_only,Unknown,0,0.0,inf,0.0
Lokiarchaeia.U.genus,N/A,362,1328,0.13,0.1,0,0,0.0,0.0,0,0,0,0,0,census_only,Unknown,0,0.0,inf,0.0
Candidatus Hydrogenedentes.U.genus,N/A,335,1042,0.12,0.08,0,0,0.0,0.0,0,0,0,0,0,census_only,Unknown,0,0.0,inf,0.0
metagenome.Mitochondria,256318,333,1693,0.12,0.13,0,0,0.0,0.0,0,0,0,0,0,census_only,Unknown,0,0.0,inf,0.0
Candidatus Diapherotrites.U.genus,N/A,291,809,0.1,0.06,0,0,0.0,0.0,0,0,0,0,0,census_only,Unknown,0,0.0,inf,0.0
Heterocapsa_triquetra:plas.Chloroplast,66468,283,882,0.1,0.07,0,0,0.0,0.0,0,0,0,0,0,census_only,Unknown,0,0.0,inf,0.0
Serratia,2985502,264,1508,0.09,0.12,0,0,0.0,0.0,0,0,0,0,0,census_only,Unknown,0,0.0,inf,0.0
marine_metagenome.Mitochondria,408172,224,750,0.08,0.06,0,0,0.0,0.0,0,0,0,0,0,census_only,Unknown,0,0.0,inf,0.0
Edaphobaculum,2039714,218,822,0.08,0.06,0,0,0.0,0.0,0,0,0,0,0,census_only,Unknown,0,0.0,inf,0.0
uncultured_organism.Mitochondria,155900,215,928,0.07,0.07,0,0,0.0,0.0,0,0,0,0,0,census_only,Unknown,0,0.0,inf,0.0
Annulohypoxylon_stygium.Mitochondria,326628,214,926,0.07,0.07,0,0,0.0,0.0,0,0,0,0,0,census_only,Unknown,0,0.0,inf,0.0
Saccharina_japonica.Mitochondria,88149,212,665,0.07,0.05,0,0,0.0,0.0,0,0,0,0,0,census_only,Unknown,0,0.0,inf,0.0
Nitzschia_alba_(marine_diatom).Mitochondria,N/A,192,925,0.07,0.07,0,0,0.0,0.0,0,0,0,0,0,census_only,Unknown,0,0.0,inf,0.0
Paracoccus,249411,191,712,0.07,0.06,0,0,0.0,0.0,0,0,0,0,0,census_only,Unknown,0,0.0,inf,0.0
Candidatus Margulisbacteria.U.genus,N/A,182,450,0.06,0.04,0,0,0.0,0.0,0,0,0,0,0,census_only,Unknown,0,0.0,inf,0.0
Rhodococcus,1661425,168,1105,0.06,0.09,0,0,0.0,0.0,0,0,0,0,0,census_only,Unknown,0,0.0,inf,0.0
Zasmidium_cellare.Mitochondria,395010,168,950,0.06,0.07,0,0,0.0,0.0,0,0,0,0,0,census_only,Unknown,0,0.0,inf,0.0
Spongospora_subterranea.Mitochondria,70186,164,643,0.06,0.05,0,0,0.0,0.0,0,0,0,0,0,census_only,Unknown,0,0.0,inf,0.0
Echinochloa_colona.Mitochondria,90396,159,869,0.06,0.07,0,0,0.0,0.0,0,0,0,0,0,census_only,Unknown,0,0.0,inf,0.0
Rothia,508215,159,920,0.06,0.07,0,0,0.0,0.0,0,0,0,0,0,census_only,Unknown,0,0.0,inf,0.0
Syntrophus,1671858,153,702,0.05,0.05,0,0,0.0,0.0,0,0,0,0,0,census_only,Unknown,0,0.0,inf,0.0
uncultured_marine_eukaryote.Chloroplast,203449,152,760,0.05,0.06,0,0,0.0,0.0,0,0,0,0,0,census_only,Unknown,0,0.0,inf,0.0
Rhynchosporium_secalis_(leaf_blotch_of_barley).Mitochondria,N/A,151,912,0.05,0.07,0,0,0.0,0.0,0,0,0,0,0,census_only,Unknown,0,0.0,inf,0.0
Berkeleya_fennica.Mitochondria,1577906,149,667,0.05,0.05,0,0,0.0,0.0,0,0,0,0,0,census_only,Unknown,0,0.0,inf,0.0
Candidatus Tectomicrobia.U.genus,N/A,144,487,0.05,0.04,0,0,0.0,0.0,0,0,0,0,0,census_only,Unknown,0,0.0,inf,0.0
Candidatus Altiarchaeales.U.genus,N/A,137,612,0.05,0.05,0,0,0.0,0.0,0,0,0,0,0,census_only,Unknown,0,0.0,inf,0.0
Thecamonas_trahens.Mitochondria,529818,125,480,0.04,0.04,0,0,0.0,0.0,0,0,0,0,0,census_only,Unknown,0,0.0,inf,0.0
Rhynchosporium_orthosporum.Mitochondria,210010,123,616,0.04,0.05,0,0,0.0,0.0,0,0,0,0,0,census_only,Unknown,0,0.0,inf,0.0
Acanthamoeba_sp.Mitochondria,N/A,121,384,0.04,0.03,0,0,0.0,0.0,0,0,0,0,0,census_only,Unknown,0,0.0,inf,0.0
Blastocatella,1281902,120,368,0.04,0.03,0,0,0.0,0.0,0,0,0,0,0,census_only,Unknown,0,0.0,inf,0.0
Phaselicystis,651810,118,541,0.04,0.04,0,0,0.0,0.0,0,0,0,0,0,census_only,Unknown,0,0.0,inf,0.0
Pyropia_haitanensis.Chloroplast,1262161,116,335,0.04,0.03,0,0,0.0,0.0,0,0,0,0,0,census_only,Unknown,0,0.0,inf,0.0
Buchnera,46073,111,274,0.04,0.02,0,0,0.0,0.0,0,0,0,0,0,census_only,Unknown,0,0.0,inf,0.0
Sclerotinia_borealis.Mitochondria,77105,108,711,0.04,0.06,0,0,0.0,0.0,0,0,0,0,0,census_only,Unknown,0,0.0,inf,0.0
Candidatus Cloacimonetes.U.genus,N/A,107,429,0.04,0.03,0,0,0.0,0.0,0,0,0,0,0,census_only,Unknown,0,0.0,inf,0.0
Malawimonas_jakobiformis.Mitochondria,136089,107,309,0.04,0.02,0,0,0.0,0.0,0,0,0,0,0,census_only,Unknown,0,0.0,inf,0.0
Pedomicrobium,47494,105,714,0.04,0.06,0,0,0.0,0.0,0,0,0,0,0,census_only,Unknown,0,0.0,inf,0.0
Spirosomaceae.U.genus,N/A,75,231,0.03,0.02,0,0,0.0,0.0,0,0,0,0,0,census_only,Unknown,0,0.0,inf,0.0
Candidatus Hydrothermae.U.genus,N/A,75,438,0.03,0.03,0,0,0.0,0.0,0,0,0,0,0,census_only,Unknown,0,0.0,inf,0.0
Neogoniolithon_spectabile.Mitochondria,231755,75,306,0.03,0.02,0,0,0.0,0.0,0,0,0,0,0,census_only,Unknown,0,0.0,inf,0.0
Gracilaria_edulis.Mitochondria,172966,74,260,0.03,0.02,0,0,0.0,0.0,0,0,0,0,0,census_only,Unknown,0,0.0,inf,0.0
Grateloupia_livida.Mitochondria,118374,73,246,0.03,0.02,0,0,0.0,0.0,0,0,0,0,0,census_only,Unknown,0,0.0,inf,0.0
Pythium_ultimum.Mitochondria,2052682,72,297,0.03,0.02,0,0,0.0,0.0,0,0,0,0,0,census_only,Unknown,0,0.0,inf,0.0
Trachelomonas_sp._Bidduk050909G.Chloroplast,1685802,72,294,0.03,0.02,0,0,0.0,0.0,0,0,0,0,0,census_only,Unknown,0,0.0,inf,0.0
CPR2.U.genus,N/A,70,208,0.02,0.02,0,0,0.0,0.0,0,0,0,0,0,census_only,Unknown,0,0.0,inf,0.0
Proteus,210425,70,381,0.02,0.03,0,0,0.0,0.0,0,0,0,0,0,census_only,Unknown,0,0.0,inf,0.0
Maritimimonas,1403697,70,223,0.02,0.02,0,0,0.0,0.0,0,0,0,0,0,census_only,Unknown,0,0.0,inf,0.0
Aquibacter,1502303,66,168,0.02,0.01,0,0,0.0,0.0,0,0,0,0,0,census_only,Unknown,0,0.0,inf,0.0
Candidatus Nanohaloarchaeota.U.genus,N/A,65,241,0.02,0.02,0,0,0.0,0.0,0,0,0,0,0,census_only,Unknown,0,0.0,inf,0.0
Nicotiana_sylvestris_(wood_tobacco).Chloroplast,N/A,65,201,0.02,0.02,0,0,0.0,0.0,0,0,0,0,0,census_only,Unknown,0,0.0,inf,0.0
Jakoba_bahamiensis.Mitochondria,221721,65,292,0.02,0.02,0,0,0.0,0.0,0,0,0,0,0,census_only,Unknown,0,0.0,inf,0.0
Aspergillus_terreus.Mitochondria,33178,65,259,0.02,0.02,0,0,0.0,0.0,0,0,0,0,0,census_only,Unknown,0,0.0,inf,0.0
Candidatus Schekmanbacteria.U.genus,N/A,65,144,0.02,0.01,0,0,0.0,0.0,0,0,0,0,0,census_only,Unknown,0,0.0,inf,0.0
Candidatus Izimaplasma.U.genus,N/A,64,252,0.02,0.02,0,0,0.0,0.0,0,0,0,0,0,census_only,Unknown,0,0.0,inf,0.0
Candidatus Methanoperedenaceae.U.genus,N/A,64,314,0.02,0.02,0,0,0.0,0.0,0,0,0,0,0,census_only,Unknown,0,0.0,inf,0.0
Aurantisolimonas,2125991,62,209,0.02,0.02,0,0,0.0,0.0,0,0,0,0,0,census_only,Unknown,0,0.0,inf,0.0
Plasmopara_viticola.Chloroplast,143451,60,349,0.02,0.03,0,0,0.0,0.0,0,0,0,0,0,census_only,Unknown,0,0.0,inf,0.0
Planococcus,40929,58,273,0.02,0.02,0,0,0.0,0.0,0,0,0,0,0,census_only,Unknown,0,0.0,inf,0.0
Fonsecaea_multimorphosa.Mitochondria,979981,57,335,0.02,0.03,0,0,0.0,0.0,0,0,0,0,0,census_only,Unknown,0,0.0,inf,0.0
Candidatus Caenarcaniphilales.U.genus,N/A,57,318,0.02,0.02,0,0,0.0,0.0,0,0,0,0,0,census_only,Unknown,0,0.0,inf,0.0
Chlorella_pyrenoidosa.Mitochondria,3078,56,211,0.02,0.02,0,0,0.0,0.0,0,0,0,0,0,census_only,Unknown,0,0.0,inf,0.0
Calorithrix,1930613,56,179,0.02,0.01,0,0,0.0,0.0,0,0,0,0,0,census_only,Unknown,0,0.0,inf,0.0
Nitzschia_sp._PL3-2.Mitochondria,2083271,55,249,0.02,0.02,0,0,0.0,0.0,0,0,0,0,0,census_only,Unknown,0,0.0,inf,0.0
Pythium_insidiosum.Mitochondria,114742,55,222,0.02,0.02,0,0,0.0,0.0,0,0,0,0,0,census_only,Unknown,0,0.0,inf,0.0
Leptographium_lundbergii.Mitochondria,96373,55,302,0.02,0.02,0,0,0.0,0.0,0,0,0,0,0,census_only,Unknown,0,0.0,inf,0.0
Nitzschia_sp._NIES-3576.Mitochondria,2083273,54,305,0.02,0.02,0,0,0.0,0.0,0,0,0,0,0,census_only,Unknown,0,0.0,inf,0.0
Bosea,169215,53,286,0.02,0.02,0,0,0.0,0.0,0,0,0,0,0,census_only,Unknown,0,0.0,inf,0.0
Macropereiopus_parvus.Mitochondria,1842076,52,225,0.02,0.02,0,0,0.0,0.0,0,0,0,0,0,census_only,Unknown,0,0.0,inf,0.0
Stenotrophobacter,1748767,52,220,0.02,0.02,0,0,0.0,0.0,0,0,0,0,0,census_only,Unknown,0,0.0,inf,0.0
Gordonia,79255,52,310,0.02,0.02,0,0,0.0,0.0,0,0,0,0,0,census_only,Unknown,0,0.0,inf,0.0
Malawimonas_californiana.Mitochondria,221722,51,166,0.02,0.01,0,0,0.0,0.0,0,0,0,0,0,census_only,Unknown,0,0.0,inf,0.0
Phlyctis_boliviensis.Mitochondria,1983619,51,178,0.02,0.01,0,0,0.0,0.0,0,0,0,0,0,census_only,Unknown,0,0.0,inf,0.0
metagenome.Chloroplast,256318,51,229,0.02,0.02,0,0,0.0,0.0,0,0,0,0,0,census_only,Unknown,0,0.0,inf,0.0
Grateloupia_catenata.Mitochondria,118369,51,201,0.02,0.02,0,0,0.0,0.0,0,0,0,0,0,census_only,Unknown,0,0.0,inf,0.0
Phaeocystis_sp.:plas.Chloroplast,N/A,50,185,0.02,0.01,0,0,0.0,0.0,0,0,0,0,0,census_only,Unknown,0,0.0,inf,0.0
Seculamonas_ecuadoriensis.Mitochondria,221724,49,248,0.02,0.02,0,0,0.0,0.0,0,0,0,0,0,census_only,Unknown,0,0.0,inf,0.0
Sphagnum_palustre.Mitochondria,13805,48,114,0.02,0.01,0,0,0.0,0.0,0,0,0,0,0,census_only,Unknown,0,0.0,inf,0.0
Gloeochaete_wittrockiana.Mitochondria,38269,48,201,0.02,0.02,0,0,0.0,0.0,0,0,0,0,0,census_only,Unknown,0,0.0,inf,0.0
Pseudogymnoascus_pannorum.Mitochondria,79858,47,161,0.02,0.01,0,0,0.0,0.0,0,0,0,0,0,census_only,Unknown,0,0.0,inf,0.0
uncultured.U.genus,N/A,45,117,0.02,0.01,0,0,0.0,0.0,0,0,0,0,0,census_only,Unknown,0,0.0,inf,0.0
Talaromyces_marneffei.Mitochondria,37727,45,408,0.02,0.03,0,0,0.0,0.0,0,0,0,0,0,census_only,Unknown,0,0.0,inf,0.0
Syntrophococcus,84036,45,88,0.02,0.01,0,0,0.0,0.0,0,0,0,0,0,census_only,Unknown,0,0.0,inf,0.0
Pseudogymnoascus_sp._VKM_F-3808.Mitochondria,1391699,45,183,0.02,0.01,0,0,0.0,0.0,0,0,0,0,0,census_only,Unknown,0,0.0,inf,0.0
Tetrasphaera,92827,43,276,0.01,0.02,0,0,0.0,0.0,0,0,0,0,0,census_only,Unknown,0,0.0,inf,0.0
Dinobryon_sp._LO226KS.Chloroplast,1825119,42,189,0.01,0.01,0,0,0.0,0.0,0,0,0,0,0,census_only,Unknown,0,0.0,inf,0.0
Kazania.U.genus,N/A,42,88,0.01,0.01,0,0,0.0,0.0,0,0,0,0,0,census_only,Unknown,0,0.0,inf,0.0
Riquetophycus_sp._HSY-2014a.Mitochondria,1488470,42,200,0.01,0.02,0,0,0.0,0.0,0,0,0,0,0,census_only,Unknown,0,0.0,inf,0.0
Morganella,108061,40,187,0.01,0.01,0,0,0.0,0.0,0,0,0,0,0,census_only,Unknown,0,0.0,inf,0.0
uncultured_phototrophic_eukaryote.Chloroplast,172788,40,127,0.01,0.01,0,0,0.0,0.0,0,0,0,0,0,census_only,Unknown,0,0.0,inf,0.0
Pyronema_omphalodes.Mitochondria,337075,39,136,0.01,0.01,0,0,0.0,0.0,0,0,0,0,0,census_only,Unknown,0,0.0,inf,0.0
Fusarium_solani.Mitochondria,169388,38,109,0.01,0.01,0,0,0.0,0.0,0,0,0,0,0,census_only,Unknown,0,0.0,inf,0.0
Lophophytum_mirabile_subsp._bolivianum.Mitochondria,1813629,38,71,0.01,0.01,0,0,0.0,0.0,0,0,0,0,0,census_only,Unknown,0,0.0,inf,0.0
Neoceratium_horridum:plas.Chloroplast,203191,36,70,0.01,0.01,0,0,0.0,0.0,0,0,0,0,0,census_only,Unknown,0,0.0,inf,0.0
Candidatus Microgenomates.U.genus,N/A,36,133,0.01,0.01,0,0,0.0,0.0,0,0,0,0,0,census_only,Unknown,0,0.0,inf,0.0
Leptothrix,1907117,36,395,0.01,0.03,0,0,0.0,0.0,0,0,0,0,0,census_only,Unknown,0,0.0,inf,0.0
Talaromyces_piceae.Mitochondria,153982,35,138,0.01,0.01,0,0,0.0,0.0,0,0,0,0,0,census_only,Unknown,0,0.0,inf,0.0
Cladophialophora_bantiana.Mitochondria,89940,34,155,0.01,0.01,0,0,0.0,0.0,0,0,0,0,0,census_only,Unknown,0,0.0,inf,0.0
Cairneyella_variabilis.Mitochondria,1802957,34,245,0.01,0.02,0,0,0.0,0.0,0,0,0,0,0,census_only,Unknown,0,0.0,inf,0.0
Asteroleplasma,2152,34,147,0.01,0.01,0,0,0.0,0.0,0,0,0,0,0,census_only,Unknown,0,0.0,inf,0.0
Grateloupia_lanceola.Mitochondria,417830,33,79,0.01,0.01,0,0,0.0,0.0,0,0,0,0,0,census_only,Unknown,0,0.0,inf,0.0
Grateloupia_angusta.Mitochondria,1347085,33,157,0.01,0.01,0,0,0.0,0.0,0,0,0,0,0,census_only,Unknown,0,0.0,inf,0.0
Kingella,52002,32,152,0.01,0.01,0,0,0.0,0.0,0,0,0,0,0,census_only,Unknown,0,0.0,inf,0.0
Phaeophyceae_XXX_sp.:plas.Chloroplast,N/A,32,84,0.01,0.01,0,0,0.0,0.0,0,0,0,0,0,census_only,Unknown,0,0.0,inf,0.0
Chrysophyceae_XXX_sp.:plas.Chloroplast,N/A,32,147,0.01,0.01,0,0,0.0,0.0,0,0,0,0,0,census_only,Unknown,0,0.0,inf,0.0
Schimmelmannia_schousboei.Mitochondria,173468,31,121,0.01,0.01,0,0,0.0,0.0,0,0,0,0,0,census_only,Unknown,0,0.0,inf,0.0
Microcystis,3252632,31,588,0.01,0.05,0,0,0.0,0.0,0,0,0,0,0,census_only,Unknown,0,0.0,inf,0.0
Sclerospora_graminicola.Mitochondria,162130,31,128,0.01,0.01,0,0,0.0,0.0,0,0,0,0,0,census_only,Unknown,0,0.0,inf,0.0
Yersinia,444888,31,906,0.01,0.07,0,0,0.0,0.0,0,0,0,0,0,census_only,Unknown,0,0.0,inf,0.0
Pyropia_perforata.Mitochondria,182771,30,157,0.01,0.01,0,0,0.0,0.0,0,0,0,0,0,census_only,Unknown,0,0.0,inf,0.0
Verticillium_nonalfalfae.Mitochondria,1051616,30,102,0.01,0.01,0,0,0.0,0.0,0,0,0,0,0,census_only,Unknown,0,0.0,inf,0.0
Ercella,1649284,30,116,0.01,0.01,0,0,0.0,0.0,0,0,0,0,0,census_only,Unknown,0,0.0,inf,0.0
Ferritrophicum,370406,30,103,0.01,0.01,0,0,0.0,0.0,0,0,0,0,0,census_only,Unknown,0,0.0,inf,0.0
Monodopsis_sp._MarTras21.Mitochondria,1745953,29,52,0.01,0.0,0,0,0.0,0.0,0,0,0,0,0,census_only,Unknown,0,0.0,inf,0.0
Grateloupia_filicina.Mitochondria,31455,29,86,0.01,0.01,0,0,0.0,0.0,0,0,0,0,0,census_only,Unknown,0,0.0,inf,0.0
Gracilaria_vermiculophylla.Mitochondria,2608709,29,136,0.01,0.01,0,0,0.0,0.0,0,0,0,0,0,census_only,Unknown,0,0.0,inf,0.0
Tolypocladium_ophioglossoides.Mitochondria,71617,28,124,0.01,0.01,0,0,0.0,0.0,0,0,0,0,0,census_only,Unknown,0,0.0,inf,0.0
Longispora,2759766,28,58,0.01,0.0,0,0,0.0,0.0,0,0,0,0,0,census_only,Unknown,0,0.0,inf,0.0
Chondrus_crispus_(carragheen).Mitochondria,N/A,28,104,0.01,0.01,0,0,0.0,0.0,0,0,0,0,0,census_only,Unknown,0,0.0,inf,0.0
Nephroselmis_olivacea.Mitochondria,31312,28,140,0.01,0.01,0,0,0.0,0.0,0,0,0,0,0,census_only,Unknown,0,0.0,inf,0.0
Monomorphina_sp.:plas.Chloroplast,N/A,27,164,0.01,0.01,0,0,0.0,0.0,0,0,0,0,0,census_only,Unknown,0,0.0,inf,0.0
Bacillariophyta_XXX_sp.:plas.Chloroplast,N/A,27,116,0.01,0.01,0,0,0.0,0.0,0,0,0,0,0,census_only,Unknown,0,0.0,inf,0.0
Paludicola,2729669,27,43,0.01,0.0,0,0,0.0,0.0,0,0,0,0,0,census_only,Unknown,0,0.0,inf,0.0
Reclinomonas_americana.Mitochondria,48483,27,149,0.01,0.01,0,0,0.0,0.0,0,0,0,0,0,census_only,Unknown,0,0.0,inf,0.0
Desulfoconvexum,1649264,26,94,0.01,0.01,0,0,0.0,0.0,0,0,0,0,0,census_only,Unknown,0,0.0,inf,0.0
Alterococcus,78553,26,49,0.01,0.0,0,0,0.0,0.0,0,0,0,0,0,census_only,Unknown,0,0.0,inf,0.0
Pterocladia_mexicana.Mitochondria,1911544,25,93,0.01,0.01,0,0,0.0,0.0,0,0,0,0,0,census_only,Unknown,0,0.0,inf,0.0
Lecanicillium_saksenae.Mitochondria,468837,25,68,0.01,0.01,0,0,0.0,0.0,0,0,0,0,0,census_only,Unknown,0,0.0,inf,0.0
Gracilaria_changii.Mitochondria,2510791,25,60,0.01,0.0,0,0,0.0,0.0,0,0,0,0,0,census_only,Unknown,0,0.0,inf,0.0
Labrys,2066135,24,79,0.01,0.01,0,0,0.0,0.0,0,0,0,0,0,census_only,Unknown,0,0.0,inf,0.0
Thioreductor,269252,24,55,0.01,0.0,0,0,0.0,0.0,0,0,0,0,0,census_only,Unknown,0,0.0,inf,0.0
Asparagopsis_taxiformis.Mitochondria,260499,24,79,0.01,0.01,0,0,0.0,0.0,0,0,0,0,0,census_only,Unknown,0,0.0,inf,0.0
Eutreptia_viridis:plas.Chloroplast,96908,24,68,0.01,0.01,0,0,0.0,0.0,0,0,0,0,0,census_only,Unknown,0,0.0,inf,0.0
Cryptanaerobacter,290184,24,88,0.01,0.01,0,0,0.0,0.0,0,0,0,0,0,census_only,Unknown,0,0.0,inf,0.0
Rubidimonas,1147735,23,51,0.01,0.0,0,0,0.0,0.0,0,0,0,0,0,census_only,Unknown,0,0.0,inf,0.0
Thiovirga,307586,23,107,0.01,0.01,0,0,0.0,0.0,0,0,0,0,0,census_only,Unknown,0,0.0,inf,0.0
Chlorella_heliozoae.Mitochondria,554066,23,154,0.01,0.01,0,0,0.0,0.0,0,0,0,0,0,census_only,Unknown,0,0.0,inf,0.0
Aspergillus_tubingensis.Mitochondria,5068,23,153,0.01,0.01,0,0,0.0,0.0,0,0,0,0,0,census_only,Unknown,0,0.0,inf,0.0
Tetraselmis_sp._GSL018.Mitochondria,582737,23,69,0.01,0.01,0,0,0.0,0.0,0,0,0,0,0,census_only,Unknown,0,0.0,inf,0.0
Sebdenia_flabellata.Mitochondria,42024,22,97,0.01,0.01,0,0,0.0,0.0,0,0,0,0,0,census_only,Unknown,0,0.0,inf,0.0
uncultured_rumen_bacterium.Mitochondria,136703,22,59,0.01,0.0,0,0,0.0,0.0,0,0,0,0,0,census_only,Unknown,0,0.0,inf,0.0
Reclinomonas_americana_ATCC_50284.Mitochondria,1295595,22,50,0.01,0.0,0,0,0.0,0.0,0,0,0,0,0,census_only,Unknown,0,0.0,inf,0.0
Mastocarpus_papillatus.Mitochondria,31436,22,115,0.01,0.01,0,0,0.0,0.0,0,0,0,0,0,census_only,Unknown,0,0.0,inf,0.0
Heterosigma_akashiwo:plas.Chloroplast,2829,21,211,0.01,0.02,0,0,0.0,0.0,0,0,0,0,0,census_only,Unknown,0,0.0,inf,0.0
Gracilariopsis_mclachlanii.Mitochondria,486813,21,67,0.01,0.01,0,0,0.0,0.0,0,0,0,0,0,census_only,Unknown,0,0.0,inf,0.0
Phacus_platalea.Chloroplast,1430941,21,143,0.01,0.01,0,0,0.0,0.0,0,0,0,0,0,census_only,Unknown,0,0.0,inf,0.0
marine_metagenome.Chloroplast,408172,20,145,0.01,0.01,0,0,0.0,0.0,0,0,0,0,0,census_only,Unknown,0,0.0,inf,0.0
Pelospora,109324,20,23,0.01,0.0,0,0,0.0,0.0,0,0,0,0,0,census_only,Unknown,0,0.0,inf,0.0
Nannochloropsis_granulata.Mitochondria,43926,20,56,0.01,0.0,0,0,0.0,0.0,0,0,0,0,0,census_only,Unknown,0,0.0,inf,0.0
Pseudogymnoascus_sp._VKM_F-3775.Mitochondria,1420901,20,65,0.01,0.01,0,0,0.0,0.0,0,0,0,0,0,census_only,Unknown,0,0.0,inf,0.0
Aspergillus_nidulans_FGSC_A4.Mitochondria,227321,19,59,0.01,0.0,0,0,0.0,0.0,0,0,0,0,0,census_only,Unknown,0,0.0,inf,0.0
Cladosiphon_okamuranus.Mitochondria,309737,19,68,0.01,0.01,0,0,0.0,0.0,0,0,0,0,0,census_only,Unknown,0,0.0,inf,0.0
Chloromonas_perforata.Chloroplast,51730,19,49,0.01,0.0,0,0,0.0,0.0,0,0,0,0,0,census_only,Unknown,0,0.0,inf,0.0
Tetraselmis_subcordiformis.Chloroplast,3161,19,37,0.01,0.0,0,0,0.0,0.0,0,0,0,0,0,census_only,Unknown,0,0.0,inf,0.0
Gracilaria_textorii.Mitochondria,172949,19,72,0.01,0.01,0,0,0.0,0.0,0,0,0,0,0,census_only,Unknown,0,0.0,inf,0.0
Ochromonas_sp._CCMP1393.Chloroplast,420556,19,73,0.01,0.01,0,0,0.0,0.0,0,0,0,0,0,census_only,Unknown,0,0.0,inf,0.0
Actibacter,449462,19,118,0.01,0.01,0,0,0.0,0.0,0,0,0,0,0,census_only,Unknown,0,0.0,inf,0.0
Meniscus,200677,19,35,0.01,0.0,0,0,0.0,0.0,0,0,0,0,0,census_only,Unknown,0,0.0,inf,0.0
Palpitomonas_bilix.Mitochondria,652834,18,68,0.01,0.01,0,0,0.0,0.0,0,0,0,0,0,census_only,Unknown,0,0.0,inf,0.0
Dictyochophyceae_XXX_sp.:plas.Chloroplast,N/A,18,278,0.01,0.02,0,0,0.0,0.0,0,0,0,0,0,census_only,Unknown,0,0.0,inf,0.0
Desulfovirga,149711,18,52,0.01,0.0,0,0,0.0,0.0,0,0,0,0,0,census_only,Unknown,0,0.0,inf,0.0
Scenedesmaceae_X_sp.:plas.Chloroplast,N/A,18,47,0.01,0.0,0,0,0.0,0.0,0,0,0,0,0,census_only,Unknown,0,0.0,inf,0.0
Paracoccidioides_brasiliensis.Mitochondria,121759,18,82,0.01,0.01,0,0,0.0,0.0,0,0,0,0,0,census_only,Unknown,0,0.0,inf,0.0
Monomastix_sp.:plas.Chloroplast,N/A,18,62,0.01,0.0,0,0,0.0,0.0,0,0,0,0,0,census_only,Unknown,0,0.0,inf,0.0
Chaetoceros_sp.:plas.Chloroplast,N/A,18,33,0.01,0.0,0,0,0.0,0.0,0,0,0,0,0,census_only,Unknown,0,0.0,inf,0.0
Chrysosphaera_sp.:plas.Chloroplast,N/A,18,56,0.01,0.0,0,0,0.0,0.0,0,0,0,0,0,census_only,Unknown,0,0.0,inf,0.0
Thorea_hispida.Mitochondria,202687,17,173,0.01,0.01,0,0,0.0,0.0,0,0,0,0,0,census_only,Unknown,0,0.0,inf,0.0
Hoppeia,1541817,17,35,0.01,0.0,0,0,0.0,0.0,0,0,0,0,0,census_only,Unknown,0,0.0,inf,0.0
Stigeoclonium_helveticum:plas.Chloroplast,55999,17,53,0.01,0.0,0,0,0.0,0.0,0,0,0,0,0,census_only,Unknown,0,0.0,inf,0.0
Clonostachys_rosea.Mitochondria,29856,17,62,0.01,0.0,0,0,0.0,0.0,0,0,0,0,0,census_only,Unknown,0,0.0,inf,0.0
Plasmodium6_gallinaceum:apic.Apicoplast,N/A,17,34,0.01,0.0,0,0,0.0,0.0,0,0,0,0,0,census_only,Unknown,0,0.0,inf,0.0
Salinirepens,1233041,17,42,0.01,0.0,0,0,0.0,0.0,0,0,0,0,0,census_only,Unknown,0,0.0,inf,0.0
Hypsibius_dujardini.Mitochondria,232323,17,29,0.01,0.0,0,0,0.0,0.0,0,0,0,0,0,census_only,Unknown,0,0.0,inf,0.0
Lecanora_strobilina.Mitochondria,1518595,16,44,0.01,0.0,0,0,0.0,0.0,0,0,0,0,0,census_only,Unknown,0,0.0,inf,0.0
Colletotrichum_lindemuthianum.Mitochondria,290576,16,56,0.01,0.0,0,0,0.0,0.0,0,0,0,0,0,census_only,Unknown,0,0.0,inf,0.0
Sphagnum_angustifolium.Chloroplast,76341,16,86,0.01,0.01,0,0,0.0,0.0,0,0,0,0,0,census_only,Unknown,0,0.0,inf,0.0
Choreocolax_polysiphoniae.Mitochondria,282351,16,28,0.01,0.0,0,0,0.0,0.0,0,0,0,0,0,census_only,Unknown,0,0.0,inf,0.0
Talaromyces_purpureogenus.Mitochondria,1266744,16,40,0.01,0.0,0,0,0.0,0.0,0,0,0,0,0,census_only,Unknown,0,0.0,inf,0.0
Melanthalia_intermedia.Mitochondria,172989,16,45,0.01,0.0,0,0,0.0,0.0,0,0,0,0,0,census_only,Unknown,0,0.0,inf,0.0
Ostreobium_sp1:plas.Chloroplast,N/A,15,79,0.01,0.01,0,0,0.0,0.0,0,0,0,0,0,census_only,Unknown,0,0.0,inf,0.0
Desulfohalotomaculum,2282743,15,40,0.01,0.0,0,0,0.0,0.0,0,0,0,0,0,census_only,Unknown,0,0.0,inf,0.0
Halofilum,2045120,15,61,0.01,0.0,0,0,0.0,0.0,0,0,0,0,0,census_only,Unknown,0,0.0,inf,0.0
Ahnfeltia_plicata.Mitochondria,28023,15,43,0.01,0.0,0,0,0.0,0.0,0,0,0,0,0,census_only,Unknown,0,0.0,inf,0.0
Micractinium_conductrix.Mitochondria,554055,15,36,0.01,0.0,0,0,0.0,0.0,0,0,0,0,0,census_only,Unknown,0,0.0,inf,0.0
Aspergillus_terricola:mito.Mitochondria,36642,15,91,0.01,0.01,0,0,0.0,0.0,0,0,0,0,0,census_only,Unknown,0,0.0,inf,0.0
Dechlorobacter,1472673,15,32,0.01,0.0,0,0,0.0,0.0,0,0,0,0,0,census_only,Unknown,0,0.0,inf,0.0
Pyropia_nitida.Mitochondria,1682381,15,85,0.01,0.01,0,0,0.0,0.0,0,0,0,0,0,census_only,Unknown,0,0.0,inf,0.0
Gracilariophila_oryzoides.Mitochondria,42480,15,66,0.01,0.01,0,0,0.0,0.0,0,0,0,0,0,census_only,Unknown,0,0.0,inf,0.0
Plasmodium2_yoelii:apic.Apicoplast,N/A,15,47,0.01,0.0,0,0,0.0,0.0,0,0,0,0,0,census_only,Unknown,0,0.0,inf,0.0
Methylorosula,1277353,15,85,0.01,0.01,0,0,0.0,0.0,0,0,0,0,0,census_only,Unknown,0,0.0,inf,0.0
Thermomarinilinea,1649507,15,85,0.01,0.01,0,0,0.0,0.0,0,0,0,0,0,census_only,Unknown,0,0.0,inf,0.0
Neotessella_volvocina.Chloroplast,52559,15,68,0.01,0.01,0,0,0.0,0.0,0,0,0,0,0,census_only,Unknown,0,0.0,inf,0.0
Nannizzia_nana.Mitochondria,119676,15,52,0.01,0.0,0,0,0.0,0.0,0,0,0,0,0,census_only,Unknown,0,0.0,inf,0.0
Parengyodontium_album.Mitochondria,37998,15,100,0.01,0.01,0,0,0.0,0.0,0,0,0,0,0,census_only,Unknown,0,0.0,inf,0.0
Triticum_aestivum_(bread_wheat).Mitochondria,N/A,14,32,0.0,0.0,0,0,0.0,0.0,0,0,0,0,0,census_only,Unknown,0,0.0,inf,0.0
Sulfophobococcus,53425,14,56,0.0,0.0,0,0,0.0,0.0,0,0,0,0,0,census_only,Unknown,0,0.0,inf,0.0
Raphid-pennate_X_sp.:plas.Chloroplast,N/A,14,255,0.0,0.02,0,0,0.0,0.0,0,0,0,0,0,census_only,Unknown,0,0.0,inf,0.0
Chujaibacter,1931224,14,31,0.0,0.0,0,0,0.0,0.0,0,0,0,0,0,census_only,Unknown,0,0.0,inf,0.0
Entransia_fimbriata:plas.Chloroplast,130991,14,39,0.0,0.0,0,0,0.0,0.0,0,0,0,0,0,census_only,Unknown,0,0.0,inf,0.0
Gracilaria_gracilis.Mitochondria,2777,14,58,0.0,0.0,0,0,0.0,0.0,0,0,0,0,0,census_only,Unknown,0,0.0,inf,0.0
Grateloupia_taiwanensis.Mitochondria,1260292,14,61,0.0,0.0,0,0,0.0,0.0,0,0,0,0,0,census_only,Unknown,0,0.0,inf,0.0
Plasmodium4_falciparum:apic.Apicoplast,N/A,14,19,0.0,0.0,0,0,0.0,0.0,0,0,0,0,0,census_only,Unknown,0,0.0,inf,0.0
Andalucia_godoyi.Mitochondria,505711,14,64,0.0,0.0,0,0,0.0,0.0,0,0,0,0,0,census_only,Unknown,0,0.0,inf,0.0
MD2896-B216.U.genus,N/A,14,32,0.0,0.0,0,0,0.0,0.0,0,0,0,0,0,census_only,Unknown,0,0.0,inf,0.0
Ricinus_communis_(castor_bean).Mitochondria,N/A,14,44,0.0,0.0,0,0,0.0,0.0,0,0,0,0,0,census_only,Unknown,0,0.0,inf,0.0
Fusarium_oxysporum.Mitochondria,5507,14,88,0.0,0.01,0,0,0.0,0.0,0,0,0,0,0,census_only,Unknown,0,0.0,inf,0.0
Coeloseira_compressa.Mitochondria,1852973,14,77,0.0,0.01,0,0,0.0,0.0,0,0,0,0,0,census_only,Unknown,0,0.0,inf,0.0
Picochlorum_sp._SENEW3.Mitochondria,1470871,13,54,0.0,0.0,0,0,0.0,0.0,0,0,0,0,0,census_only,Unknown,0,0.0,inf,0.0
Trachelomonas_abrupta:plas.Chloroplast,304860,13,24,0.0,0.0,0,0,0.0,0.0,0,0,0,0,0,census_only,Unknown,0,0.0,inf,0.0
Wilmottia,1048851,13,49,0.0,0.0,0,0,0.0,0.0,0,0,0,0,0,census_only,Unknown,0,0.0,inf,0.0
Gracilaria_tenuistipitata.Mitochondria,2510778,13,33,0.0,0.0,0,0,0.0,0.0,0,0,0,0,0,census_only,Unknown,0,0.0,inf,0.0
Chlamydomonas_reinhardtii:plas.Chloroplast,3055,13,27,0.0,0.0,0,0,0.0,0.0,0,0,0,0,0,census_only,Unknown,0,0.0,inf,0.0
Sarocladium_implicatum.Mitochondria,1610689,13,45,0.0,0.0,0,0,0.0,0.0,0,0,0,0,0,census_only,Unknown,0,0.0,inf,0.0
Plasmopara_viticola.Mitochondria,143451,13,59,0.0,0.0,0,0,0.0,0.0,0,0,0,0,0,census_only,Unknown,0,0.0,inf,0.0
Grateloupia_turuturu.Mitochondria,118375,13,36,0.0,0.0,0,0,0.0,0.0,0,0,0,0,0,census_only,Unknown,0,0.0,inf,0.0
Pyramimonas_parkeae.Mitochondria,36894,13,35,0.0,0.0,0,0,0.0,0.0,0,0,0,0,0,census_only,Unknown,0,0.0,inf,0.0
Phacus_brachykentron:plas.Chloroplast,135495,13,59,0.0,0.0,0,0,0.0,0.0,0,0,0,0,0,census_only,Unknown,0,0.0,inf,0.0
Phytophthora_taxon_totara.Mitochondria,1690101,13,62,0.0,0.0,0,0,0.0,0.0,0,0,0,0,0,census_only,Unknown,0,0.0,inf,0.0
Anaerocella,1634949,13,60,0.0,0.0,0,0,0.0,0.0,0,0,0,0,0,census_only,Unknown,0,0.0,inf,0.0
Coccomyxaceae_X_sp.:plas.Chloroplast,N/A,13,103,0.0,0.01,0,0,0.0,0.0,0,0,0,0,0,census_only,Unknown,0,0.0,inf,0.0
Fucus_vesiculosus.Mitochondria,49266,13,22,0.0,0.0,0,0,0.0,0.0,0,0,0,0,0,census_only,Unknown,0,0.0,inf,0.0
Annamia,2759046,12,25,0.0,0.0,0,0,0.0,0.0,0,0,0,0,0,census_only,Unknown,0,0.0,inf,0.0
Rivularia,2023769,12,24,0.0,0.0,0,0,0.0,0.0,0,0,0,0,0,census_only,Unknown,0,0.0,inf,0.0
Hypomyces_aurantius.Mitochondria,29852,12,63,0.0,0.0,0,0,0.0,0.0,0,0,0,0,0,census_only,Unknown,0,0.0,inf,0.0
Candidatus Edwardsbacteria.U.genus,N/A,12,119,0.0,0.01,0,0,0.0,0.0,0,0,0,0,0,census_only,Unknown,0,0.0,inf,0.0
Gracilaria_spinulosa.Mitochondria,172972,12,33,0.0,0.0,0,0,0.0,0.0,0,0,0,0,0,census_only,Unknown,0,0.0,inf,0.0
uncultured_Phacus.Chloroplast,1476393,12,37,0.0,0.0,0,0,0.0,0.0,0,0,0,0,0,census_only,Unknown,0,0.0,inf,0.0
Spirulina,551299,12,38,0.0,0.0,0,0,0.0,0.0,0,0,0,0,0,census_only,Unknown,0,0.0,inf,0.0
Auxenochlorella_protothecoides.Mitochondria,3075,12,31,0.0,0.0,0,0,0.0,0.0,0,0,0,0,0,census_only,Unknown,0,0.0,inf,0.0
Cladonia_rangiferina.Mitochondria,111670,12,19,0.0,0.0,0,0,0.0,0.0,0,0,0,0,0,census_only,Unknown,0,0.0,inf,0.0
Sphagnum_rubellum:plas.Chloroplast,128231,12,47,0.0,0.0,0,0,0.0,0.0,0,0,0,0,0,census_only,Unknown,0,0.0,inf,0.0
Leptogium_hirsutum.Mitochondria,1486872,12,50,0.0,0.0,0,0,0.0,0.0,0,0,0,0,0,census_only,Unknown,0,0.0,inf,0.0
Crustomastix_stigmatica:plas.Chloroplast,195967,12,19,0.0,0.0,0,0,0.0,0.0,0,0,0,0,0,census_only,Unknown,0,0.0,inf,0.0
Schizothrix,240294,12,19,0.0,0.0,0,0,0.0,0.0,0,0,0,0,0,census_only,Unknown,0,0.0,inf,0.0
Polar-centric-Mediophyceae_X_sp.:plas.Chloroplast,N/A,12,50,0.0,0.0,0,0,0.0,0.0,0,0,0,0,0,census_only,Unknown,0,0.0,inf,0.0
Psychroglaciecola,1649484,12,64,0.0,0.0,0,0,0.0,0.0,0,0,0,0,0,census_only,Unknown,0,0.0,inf,0.0
Prototheca_blaschkeae:plas.Chloroplast,328666,12,30,0.0,0.0,0,0,0.0,0.0,0,0,0,0,0,census_only,Unknown,0,0.0,inf,0.0
Aspergillus_westerdijkiae.Mitochondria,357447,12,114,0.0,0.01,0,0,0.0,0.0,0,0,0,0,0,census_only,Unknown,0,0.0,inf,0.0
Parviterribacter,1759365,12,73,0.0,0.01,0,0,0.0,0.0,0,0,0,0,0,census_only,Unknown,0,0.0,inf,0.0
Leucothrix,3403850,12,61,0.0,0.0,0,0,0.0,0.0,0,0,0,0,0,census_only,Unknown,0,0.0,inf,0.0
Hydropuntia_rangiferina.Mitochondria,338881,11,86,0.0,0.01,0,0,0.0,0.0,0,0,0,0,0,census_only,Unknown,0,0.0,inf,0.0
Arachis_hypogaea_(peanut).Chloroplast,N/A,11,130,0.0,0.01,0,0,0.0,0.0,0,0,0,0,0,census_only,Unknown,0,0.0,inf,0.0
Chlamydomonas_applanata.Chloroplast,35704,11,33,0.0,0.0,0,0,0.0,0.0,0,0,0,0,0,census_only,Unknown,0,0.0,inf,0.0
Dunaliella_tertiolecta:plas.Chloroplast,3047,11,82,0.0,0.01,0,0,0.0,0.0,0,0,0,0,0,census_only,Unknown,0,0.0,inf,0.0
Hirsutella_minnesotensis.Mitochondria,332947,11,47,0.0,0.0,0,0,0.0,0.0,0,0,0,0,0,census_only,Unknown,0,0.0,inf,0.0
Chloronema,166588,11,20,0.0,0.0,0,0,0.0,0.0,0,0,0,0,0,census_only,Unknown,0,0.0,inf,0.0
Rubribacterium,704105,11,26,0.0,0.0,0,0,0.0,0.0,0,0,0,0,0,census_only,Unknown,0,0.0,inf,0.0
Penicillium_brasilianum.Mitochondria,104259,11,32,0.0,0.0,0,0,0.0,0.0,0,0,0,0,0,census_only,Unknown,0,0.0,inf,0.0
Geminobacterium,1982970,11,22,0.0,0.0,0,0,0.0,0.0,0,0,0,0,0,census_only,Unknown,0,0.0,inf,0.0
Chlorella_sp.:plas.Chloroplast,N/A,11,82,0.0,0.01,0,0,0.0,0.0,0,0,0,0,0,census_only,Unknown,0,0.0,inf,0.0
Renouxia_sp.Mitochondria,N/A,11,18,0.0,0.0,0,0,0.0,0.0,0,0,0,0,0,census_only,Unknown,0,0.0,inf,0.0
Chrysochromulinaceae_X_sp.:plas.Chloroplast,N/A,11,37,0.0,0.0,0,0,0.0,0.0,0,0,0,0,0,census_only,Unknown,0,0.0,inf,0.0
Phytophthora_phaseoli.Mitochondria,129358,11,54,0.0,0.0,0,0,0.0,0.0,0,0,0,0,0,census_only,Unknown,0,0.0,inf,0.0
Candidatus Firestonebacteria.U.genus,N/A,11,40,0.0,0.0,0,0,0.0,0.0,0,0,0,0,0,census_only,Unknown,0,0.0,inf,0.0
Desulfofrigus,109166,11,27,0.0,0.0,0,0,0.0,0.0,0,0,0,0,0,census_only,Unknown,0,0.0,inf,0.0
Lactivibrio,1508421,11,29,0.0,0.0,0,0,0.0,0.0,0,0,0,0,0,census_only,Unknown,0,0.0,inf,0.0
Reclinomonas_americana_ATCC_50283.Mitochondria,1295594,11,146,0.0,0.01,0,0,0.0,0.0,0,0,0,0,0,census_only,Unknown,0,0.0,inf,0.0
Trebouxia_aggregata:plas.Chloroplast,160068,10,34,0.0,0.0,0,0,0.0,0.0,0,0,0,0,0,census_only,Unknown,0,0.0,inf,0.0
Ulva_sp._UNA00071828.Chloroplast,1641711,10,16,0.0,0.0,0,0,0.0,0.0,0,0,0,0,0,census_only,Unknown,0,0.0,inf,0.0
Picea_glauca_(white_spruce).Mitochondria,N/A,10,67,0.0,0.01,0,0,0.0,0.0,0,0,0,0,0,census_only,Unknown,0,0.0,inf,0.0
Trachelomonas_volvocinopsis:plas.Chloroplast,150582,10,36,0.0,0.0,0,0,0.0,0.0,0,0,0,0,0,census_only,Unknown,0,0.0,inf,0.0
Peltigera_dolichorrhiza.Mitochondria,176453,10,19,0.0,0.0,0,0,0.0,0.0,0,0,0,0,0,census_only,Unknown,0,0.0,inf,0.0
Desulfocella,89342,10,31,0.0,0.0,0,0,0.0,0.0,0,0,0,0,0,census_only,Unknown,0,0.0,inf,0.0
Colletotrichum_salicis.Mitochondria,1209931,10,47,0.0,0.0,0,0,0.0,0.0,0,0,0,0,0,census_only,Unknown,0,0.0,inf,0.0
Alkanibacter,568387,10,25,0.0,0.0,0,0,0.0,0.0,0,0,0,0,0,census_only,Unknown,0,0.0,inf,0.0
Trichoderma_gamsii.Mitochondria,398673,10,25,0.0,0.0,0,0,0.0,0.0,0,0,0,0,0,census_only,Unknown,0,0.0,inf,0.0
Gracilariopsis_lemaneiformis.Mitochondria,2782,10,35,0.0,0.0,0,0,0.0,0.0,0,0,0,0,0,census_only,Unknown,0,0.0,inf,0.0
Gelidium_sinicola.Mitochondria,1911539,10,29,0.0,0.0,0,0,0.0,0.0,0,0,0,0,0,census_only,Unknown,0,0.0,inf,0.0
Hildenbrandia_rubra.Chloroplast,31481,10,25,0.0,0.0,0,0,0.0,0.0,0,0,0,0,0,census_only,Unknown,0,0.0,inf,0.0
Edwardsiella,132406,9,176,0.0,0.01,0,0,0.0,0.0,0,0,0,0,0,census_only,Unknown,0,0.0,inf,0.0
Schizymenia_dubyi.Mitochondria,38368,9,26,0.0,0.0,0,0,0.0,0.0,0,0,0,0,0,census_only,Unknown,0,0.0,inf,0.0
Thermolithobacter,335382,9,19,0.0,0.0,0,0,0.0,0.0,0,0,0,0,0,census_only,Unknown,0,0.0,inf,0.0
Desulfonatronobacter,1417297,9,22,0.0,0.0,0,0,0.0,0.0,0,0,0,0,0,census_only,Unknown,0,0.0,inf,0.0
Oocystis_solitaria:plas.Chloroplast,120749,9,18,0.0,0.0,0,0,0.0,0.0,0,0,0,0,0,census_only,Unknown,0,0.0,inf,0.0
Thermosipho,1445919,9,87,0.0,0.01,0,0,0.0,0.0,0,0,0,0,0,census_only,Unknown,0,0.0,inf,0.0
Pseudoclostridium,2304693,9,37,0.0,0.0,0,0,0.0,0.0,0,0,0,0,0,census_only,Unknown,0,0.0,inf,0.0
Citreitalea,1534975,9,59,0.0,0.0,0,0,0.0,0.0,0,0,0,0,0,census_only,Unknown,0,0.0,inf,0.0
Aurantivirga,1737068,9,200,0.0,0.02,0,0,0.0,0.0,0,0,0,0,0,census_only,Unknown,0,0.0,inf,0.0
Heliimonas,1649456,9,47,0.0,0.0,0,0,0.0,0.0,0,0,0,0,0,census_only,Unknown,0,0.0,inf,0.0
Turbinaria_ornata.Mitochondria,86657,9,30,0.0,0.0,0,0,0.0,0.0,0,0,0,0,0,census_only,Unknown,0,0.0,inf,0.0
Schwartzia,164984,9,68,0.0,0.01,0,0,0.0,0.0,0,0,0,0,0,census_only,Unknown,0,0.0,inf,0.0
Synura_uvella.Chloroplast,52557,9,77,0.0,0.01,0,0,0.0,0.0,0,0,0,0,0,census_only,Unknown,0,0.0,inf,0.0
Bangia_fuscopurpurea.Mitochondria,101920,9,22,0.0,0.0,0,0,0.0,0.0,0,0,0,0,0,census_only,Unknown,0,0.0,inf,0.0
Vicinamibacter,1847386,9,29,0.0,0.0,0,0,0.0,0.0,0,0,0,0,0,census_only,Unknown,0,0.0,inf,0.0
museum_specimen_metagenome.Mitochondria,1661029,9,10,0.0,0.0,0,0,0.0,0.0,0,0,0,0,0,census_only,Unknown,0,0.0,inf,0.0
Metarhizium_anisopliae.Mitochondria,5530,9,49,0.0,0.0,0,0,0.0,0.0,0,0,0,0,0,census_only,Unknown,0,0.0,inf,0.0
Spermatozopsis_exsultans:plas.Chloroplast,1108794,9,79,0.0,0.01,0,0,0.0,0.0,0,0,0,0,0,census_only,Unknown,0,0.0,inf,0.0
Monomorphina_pyrum:plas.Chloroplast,96784,9,23,0.0,0.0,0,0,0.0,0.0,0,0,0,0,0,census_only,Unknown,0,0.0,inf,0.0
Thiofractor,1227554,9,23,0.0,0.0,0,0,0.0,0.0,0,0,0,0,0,census_only,Unknown,0,0.0,inf,0.0
Mazzaella_japonica.Mitochondria,95356,9,55,0.0,0.0,0,0,0.0,0.0,0,0,0,0,0,census_only,Unknown,0,0.0,inf,0.0
Chaetosphaeridium_globosum.Mitochondria,96477,9,97,0.0,0.01,0,0,0.0,0.0,0,0,0,0,0,census_only,Unknown,0,0.0,inf,0.0
Lepocinclis_spirogyroides:plas.Chloroplast,298306,9,19,0.0,0.0,0,0,0.0,0.0,0,0,0,0,0,census_only,Unknown,0,0.0,inf,0.0
Petromyces_albertensis:mito.Mitochondria,209559,9,11,0.0,0.0,0,0,0.0,0.0,0,0,0,0,0,census_only,Unknown,0,0.0,inf,0.0
Penicillium_roqueforti.Mitochondria,5082,9,46,0.0,0.0,0,0,0.0,0.0,0,0,0,0,0,census_only,Unknown,0,0.0,inf,0.0
Dehalobium,391607,9,22,0.0,0.0,0,0,0.0,0.0,0,0,0,0,0,census_only,Unknown,0,0.0,inf,0.0
Dolichomastix_tenuilepis:plas.Chloroplast,195969,9,23,0.0,0.0,0,0,0.0,0.0,0,0,0,0,0,census_only,Unknown,0,0.0,inf,0.0
Xenococcus,2774086,9,37,0.0,0.0,0,0,0.0,0.0,0,0,0,0,0,census_only,Unknown,0,0.0,inf,0.0
Haererehalobacter,54758,9,31,0.0,0.0,0,0,0.0,0.0,0,0,0,0,0,census_only,Unknown,0,0.0,inf,0.0
Taonella,1649502,9,29,0.0,0.0,0,0,0.0,0.0,0,0,0,0,0,census_only,Unknown,0,0.0,inf,0.0
Penicillium_expansum_YT02.Mitochondria,N/A,9,18,0.0,0.0,0,0,0.0,0.0,0,0,0,0,0,census_only,Unknown,0,0.0,inf,0.0
Leptonema,177878,9,35,0.0,0.0,0,0,0.0,0.0,0,0,0,0,0,census_only,Unknown,0,0.0,inf,0.0
Algitalea,1704274,9,14,0.0,0.0,0,0,0.0,0.0,0,0,0,0,0,census_only,Unknown,0,0.0,inf,0.0
Porites_astreoides.Mitochondria,104758,8,17,0.0,0.0,0,0,0.0,0.0,0,0,0,0,0,census_only,Unknown,0,0.0,inf,0.0
Porites_astreoides.Chloroplast,104758,8,31,0.0,0.0,0,0,0.0,0.0,0,0,0,0,0,census_only,Unknown,0,0.0,inf,0.0
Fusarium_commune.Mitochondria,249398,8,27,0.0,0.0,0,0,0.0,0.0,0,0,0,0,0,census_only,Unknown,0,0.0,inf,0.0
Talaromyces_diversus.Mitochondria,128434,8,44,0.0,0.0,0,0,0.0,0.0,0,0,0,0,0,census_only,Unknown,0,0.0,inf,0.0
Plasmodium2_chabaudi:apic.Apicoplast,N/A,8,28,0.0,0.0,0,0,0.0,0.0,0,0,0,0,0,census_only,Unknown,0,0.0,inf,0.0
Mangroviflexus,1434020,8,13,0.0,0.0,0,0,0.0,0.0,0,0,0,0,0,census_only,Unknown,0,0.0,inf,0.0
Thioprofundum,665868,8,24,0.0,0.0,0,0,0.0,0.0,0,0,0,0,0,census_only,Unknown,0,0.0,inf,0.0
Profundimonas,1437109,8,49,0.0,0.0,0,0,0.0,0.0,0,0,0,0,0,census_only,Unknown,0,0.0,inf,0.0
Luteivirga,1434017,8,12,0.0,0.0,0,0,0.0,0.0,0,0,0,0,0,census_only,Unknown,0,0.0,inf,0.0
Penicillium_capsulatum.Mitochondria,69766,8,52,0.0,0.0,0,0,0.0,0.0,0,0,0,0,0,census_only,Unknown,0,0.0,inf,0.0
Sporacetigenium,360541,8,27,0.0,0.0,0,0,0.0,0.0,0,0,0,0,0,census_only,Unknown,0,0.0,inf,0.0
Cryptomonas_curvata:plas.Chloroplast,233186,8,24,0.0,0.0,0,0,0.0,0.0,0,0,0,0,0,census_only,Unknown,0,0.0,inf,0.0
Euglena_sp.:plas.Chloroplast,N/A,8,30,0.0,0.0,0,0,0.0,0.0,0,0,0,0,0,census_only,Unknown,0,0.0,inf,0.0
Vaucheria_litorea:plas.Chloroplast,109269,8,52,0.0,0.0,0,0,0.0,0.0,0,0,0,0,0,census_only,Unknown,0,0.0,inf,0.0
Mesostigma_viride.Mitochondria,41882,8,11,0.0,0.0,0,0,0.0,0.0,0,0,0,0,0,census_only,Unknown,0,0.0,inf,0.0
Candidatus Omnitrophica.U.genus,N/A,8,41,0.0,0.0,0,0,0.0,0.0,0,0,0,0,0,census_only,Unknown,0,0.0,inf,0.0
Monoraphidium_neglectum.Chloroplast,145388,8,31,0.0,0.0,0,0,0.0,0.0,0,0,0,0,0,census_only,Unknown,0,0.0,inf,0.0
Dunaliella_sp.:plas.Chloroplast,N/A,8,20,0.0,0.0,0,0,0.0,0.0,0,0,0,0,0,census_only,Unknown,0,0.0,inf,0.0
Helicosporidium_sp._ex_Simulium_jonesi.Mitochondria,145475,8,29,0.0,0.0,0,0,0.0,0.0,0,0,0,0,0,census_only,Unknown,0,0.0,inf,0.0
Candidatus Desantisbacteria.U.genus,N/A,8,41,0.0,0.0,0,0,0.0,0.0,0,0,0,0,0,census_only,Unknown,0,0.0,inf,0.0
Lithothamnion_sp.Mitochondria,N/A,8,30,0.0,0.0,0,0,0.0,0.0,0,0,0,0,0,census_only,Unknown,0,0.0,inf,0.0
Agave_tequilana.Mitochondria,386106,8,25,0.0,0.0,0,0,0.0,0.0,0,0,0,0,0,census_only,Unknown,0,0.0,inf,0.0
Aestuariimonas,2109352,7,21,0.0,0.0,0,0,0.0,0.0,0,0,0,0,0,census_only,Unknown,0,0.0,inf,0.0
Gelidium_vagum.Mitochondria,35171,7,28,0.0,0.0,0,0,0.0,0.0,0,0,0,0,0,census_only,Unknown,0,0.0,inf,0.0
unidentified_proteobacterium.Mitochondria,2722,7,20,0.0,0.0,0,0,0.0,0.0,0,0,0,0,0,census_only,Unknown,0,0.0,inf,0.0
Oogamochlamys_gigantea.Chloroplast,158507,7,11,0.0,0.0,0,0,0.0,0.0,0,0,0,0,0,census_only,Unknown,0,0.0,inf,0.0
Asterionella_formosa.Chloroplast,210441,7,21,0.0,0.0,0,0,0.0,0.0,0,0,0,0,0,census_only,Unknown,0,0.0,inf,0.0
Rebecca_salina:plas.Chloroplast,561169,7,29,0.0,0.0,0,0,0.0,0.0,0,0,0,0,0,census_only,Unknown,0,0.0,inf,0.0
Bogoriella,1929901,7,8,0.0,0.0,0,0,0.0,0.0,0,0,0,0,0,census_only,Unknown,0,0.0,inf,0.0
Synura_petersenii.Chloroplast,52555,7,44,0.0,0.0,0,0,0.0,0.0,0,0,0,0,0,census_only,Unknown,0,0.0,inf,0.0
Ostreococcus_tauri:plas.Chloroplast,70448,7,128,0.0,0.01,0,0,0.0,0.0,0,0,0,0,0,census_only,Unknown,0,0.0,inf,0.0
Aureococcus_anophagefferens:plas.Chloroplast,44056,7,154,0.0,0.01,0,0,0.0,0.0,0,0,0,0,0,census_only,Unknown,0,0.0,inf,0.0
Chlamydomonas_asymmetrica.Chloroplast,51683,7,21,0.0,0.0,0,0,0.0,0.0,0,0,0,0,0,census_only,Unknown,0,0.0,inf,0.0
Ruminofilibacter,340117,7,64,0.0,0.0,0,0,0.0,0.0,0,0,0,0,0,census_only,Unknown,0,0.0,inf,0.0
Ailurus_fulgens_styani.Mitochondria,424585,7,24,0.0,0.0,0,0,0.0,0.0,0,0,0,0,0,census_only,Unknown,0,0.0,inf,0.0
Leptographium_truncatum.Mitochondria,330483,7,35,0.0,0.0,0,0,0.0,0.0,0,0,0,0,0,census_only,Unknown,0,0.0,inf,0.0
Pochonia_chlamydosporia.Mitochondria,280754,7,28,0.0,0.0,0,0,0.0,0.0,0,0,0,0,0,census_only,Unknown,0,0.0,inf,0.0
Penicillium_sp._ShG4C.Mitochondria,1909432,7,34,0.0,0.0,0,0,0.0,0.0,0,0,0,0,0,census_only,Unknown,0,0.0,inf,0.0
Asparagus_officinalis_(garden_asparagus).Chloroplast,N/A,7,25,0.0,0.0,0,0,0.0,0.0,0,0,0,0,0,census_only,Unknown,0,0.0,inf,0.0
Elliptochloris_bilobata.Chloroplast,381761,7,27,0.0,0.0,0,0,0.0,0.0,0,0,0,0,0,census_only,Unknown,0,0.0,inf,0.0
Acutodesmus_obliquus:plas.Chloroplast,3088,7,46,0.0,0.0,0,0,0.0,0.0,0,0,0,0,0,census_only,Unknown,0,0.0,inf,0.0
Gelidium_elegans.Mitochondria,37200,7,19,0.0,0.0,0,0,0.0,0.0,0,0,0,0,0,census_only,Unknown,0,0.0,inf,0.0
Micropepsis,1921569,7,15,0.0,0.0,0,0,0.0,0.0,0,0,0,0,0,census_only,Unknown,0,0.0,inf,0.0
Desmochloris_halophila:plas.Chloroplast,138176,7,17,0.0,0.0,0,0,0.0,0.0,0,0,0,0,0,census_only,Unknown,0,0.0,inf,0.0
Phytophthora_infestans_T30-4.Mitochondria,403677,7,49,0.0,0.0,0,0,0.0,0.0,0,0,0,0,0,census_only,Unknown,0,0.0,inf,0.0
Trachelomonas_sp._Hoisan032709F.Chloroplast,1685808,7,44,0.0,0.0,0,0,0.0,0.0,0,0,0,0,0,census_only,Unknown,0,0.0,inf,0.0
Dunaliella_salina:plas.Chloroplast,3046,7,16,0.0,0.0,0,0,0.0,0.0,0,0,0,0,0,census_only,Unknown,0,0.0,inf,0.0
Plasmodium1_gonderi:apic.Apicoplast,N/A,7,38,0.0,0.0,0,0,0.0,0.0,0,0,0,0,0,census_only,Unknown,0,0.0,inf,0.0
Hazenia_capsulata.Chloroplast,2202518,7,47,0.0,0.0,0,0,0.0,0.0,0,0,0,0,0,census_only,Unknown,0,0.0,inf,0.0
Chloropicon_sp.:plas.Chloroplast,N/A,7,29,0.0,0.0,0,0,0.0,0.0,0,0,0,0,0,census_only,Unknown,0,0.0,inf,0.0
Lepocinclis_fusca:plas.Chloroplast,325109,7,88,0.0,0.01,0,0,0.0,0.0,0,0,0,0,0,census_only,Unknown,0,0.0,inf,0.0
Calliarthron_tuberculosum.Mitochondria,48942,7,19,0.0,0.0,0,0,0.0,0.0,0,0,0,0,0,census_only,Unknown,0,0.0,inf,0.0
Trichoderma_hamatum.Mitochondria,49224,7,22,0.0,0.0,0,0,0.0,0.0,0,0,0,0,0,census_only,Unknown,0,0.0,inf,0.0
Gelidium_arborescens.Mitochondria,1911538,7,49,0.0,0.0,0,0,0.0,0.0,0,0,0,0,0,census_only,Unknown,0,0.0,inf,0.0
Marispirillum,651700,7,11,0.0,0.0,0,0,0.0,0.0,0,0,0,0,0,census_only,Unknown,0,0.0,inf,0.0
Desulfofaba,109169,7,21,0.0,0.0,0,0,0.0,0.0,0,0,0,0,0,census_only,Unknown,0,0.0,inf,0.0
Picea_glauca_(white_spruce).Chloroplast,N/A,7,33,0.0,0.0,0,0,0.0,0.0,0,0,0,0,0,census_only,Unknown,0,0.0,inf,0.0
Rhodogorgon_sp.Mitochondria,N/A,7,28,0.0,0.0,0,0,0.0,0.0,0,0,0,0,0,census_only,Unknown,0,0.0,inf,0.0
Histiona_aroides.Mitochondria,392300,7,20,0.0,0.0,0,0,0.0,0.0,0,0,0,0,0,census_only,Unknown,0,0.0,inf,0.0
Vitrella_brassicaformis:plas.Chloroplast,1169539,6,18,0.0,0.0,0,0,0.0,0.0,0,0,0,0,0,census_only,Unknown,0,0.0,inf,0.0
Carteria_sp._SAG_8-5.Chloroplast,1756294,6,11,0.0,0.0,0,0,0.0,0.0,0,0,0,0,0,census_only,Unknown,0,0.0,inf,0.0
Phytophthora_multivora.Mitochondria,596104,6,63,0.0,0.0,0,0,0.0,0.0,0,0,0,0,0,census_only,Unknown,0,0.0,inf,0.0
Bathycoccus_prasinos:plas.Chloroplast,41875,6,54,0.0,0.0,0,0,0.0,0.0,0,0,0,0,0,census_only,Unknown,0,0.0,inf,0.0
Sargassum_hemiphyllum.Mitochondria,127544,6,20,0.0,0.0,0,0,0.0,0.0,0,0,0,0,0,census_only,Unknown,0,0.0,inf,0.0
Thalassiosira_pseudonana:plas.Chloroplast,35128,6,134,0.0,0.01,0,0,0.0,0.0,0,0,0,0,0,census_only,Unknown,0,0.0,inf,0.0
Lepraria_oxybapha.Mitochondria,1225178,6,10,0.0,0.0,0,0,0.0,0.0,0,0,0,0,0,census_only,Unknown,0,0.0,inf,0.0
Filobacterium,1740706,6,50,0.0,0.0,0,0,0.0,0.0,0,0,0,0,0,census_only,Unknown,0,0.0,inf,0.0
Lamprocystis,424207,6,13,0.0,0.0,0,0,0.0,0.0,0,0,0,0,0,census_only,Unknown,0,0.0,inf,0.0
Pyramimonas_sp.:plas.Chloroplast,N/A,6,24,0.0,0.0,0,0,0.0,0.0,0,0,0,0,0,census_only,Unknown,0,0.0,inf,0.0
Gracilariopsis_longissima.Mitochondria,172976,6,17,0.0,0.0,0,0,0.0,0.0,0,0,0,0,0,census_only,Unknown,0,0.0,inf,0.0
Pyramimonas_disomata:plas.Chloroplast,67781,6,82,0.0,0.01,0,0,0.0,0.0,0,0,0,0,0,census_only,Unknown,0,0.0,inf,0.0
Eukaryota_XXXXXX_sp.:plas.Chloroplast,N/A,6,67,0.0,0.01,0,0,0.0,0.0,0,0,0,0,0,census_only,Unknown,0,0.0,inf,0.0
Synura_sphagnicola.Chloroplast,52556,6,19,0.0,0.0,0,0,0.0,0.0,0,0,0,0,0,census_only,Unknown,0,0.0,inf,0.0
Eutreptiella_sp.:plas.Chloroplast,N/A,6,36,0.0,0.0,0,0,0.0,0.0,0,0,0,0,0,census_only,Unknown,0,0.0,inf,0.0
Phacus_acuminatus:plas.Chloroplast,130316,6,23,0.0,0.0,0,0,0.0,0.0,0,0,0,0,0,census_only,Unknown,0,0.0,inf,0.0
Gelidium_galapagense.Mitochondria,317100,6,23,0.0,0.0,0,0,0.0,0.0,0,0,0,0,0,census_only,Unknown,0,0.0,inf,0.0
Chrysochromulina_sp._CCMP291.Chloroplast,1460289,6,267,0.0,0.02,0,0,0.0,0.0,0,0,0,0,0,census_only,Unknown,0,0.0,inf,0.0
Heliobacillus,28063,6,8,0.0,0.0,0,0,0.0,0.0,0,0,0,0,0,census_only,Unknown,0,0.0,inf,0.0
Phacus_granum:plas.Chloroplast,299112,6,11,0.0,0.0,0,0,0.0,0.0,0,0,0,0,0,census_only,Unknown,0,0.0,inf,0.0
Plasmodium2_berghei:apic.Apicoplast,N/A,6,13,0.0,0.0,0,0,0.0,0.0,0,0,0,0,0,census_only,Unknown,0,0.0,inf,0.0
Ceramium_japonicum.Mitochondria,218448,6,87,0.0,0.01,0,0,0.0,0.0,0,0,0,0,0,census_only,Unknown,0,0.0,inf,0.0
Porphyra_purpurea.Mitochondria,2787,6,55,0.0,0.0,0,0,0.0,0.0,0,0,0,0,0,census_only,Unknown,0,0.0,inf,0.0
Penicillium_janthinellum.Mitochondria,5079,6,46,0.0,0.0,0,0,0.0,0.0,0,0,0,0,0,census_only,Unknown,0,0.0,inf,0.0
Sargassum_fusiforme.Mitochondria,590727,6,111,0.0,0.01,0,0,0.0,0.0,0,0,0,0,0,census_only,Unknown,0,0.0,inf,0.0
uncultured_eukaryote.Chloroplast,100272,6,11,0.0,0.0,0,0,0.0,0.0,0,0,0,0,0,census_only,Unknown,0,0.0,inf,0.0
Kappaphycus_striatus.Mitochondria,88410,6,11,0.0,0.0,0,0,0.0,0.0,0,0,0,0,0,census_only,Unknown,0,0.0,inf,0.0
Chlorella_sorokiniana.Mitochondria,3076,6,18,0.0,0.0,0,0,0.0,0.0,0,0,0,0,0,census_only,Unknown,0,0.0,inf,0.0
wastewater_metagenome.Mitochondria,527639,6,48,0.0,0.0,0,0,0.0,0.0,0,0,0,0,0,census_only,Unknown,0,0.0,inf,0.0
Candidatus Aerophobetes.U.genus,N/A,6,10,0.0,0.0,0,0,0.0,0.0,0,0,0,0,0,census_only,Unknown,0,0.0,inf,0.0
Phytophthora_agathidicida.Mitochondria,1642459,6,19,0.0,0.0,0,0,0.0,0.0,0,0,0,0,0,census_only,Unknown,0,0.0,inf,0.0
Plantago_media:mito.Mitochondria,101992,6,19,0.0,0.0,0,0,0.0,0.0,0,0,0,0,0,census_only,Unknown,0,0.0,inf,0.0
Trachelomonas_sp._Tukuba080509E.Chloroplast,1685832,6,7,0.0,0.0,0,0,0.0,0.0,0,0,0,0,0,census_only,Unknown,0,0.0,inf,0.0
Jakoba_libera.Mitochondria,143017,6,8,0.0,0.0,0,0,0.0,0.0,0,0,0,0,0,census_only,Unknown,0,0.0,inf,0.0
Neochloris_aquatica.Chloroplast,3099,6,26,0.0,0.0,0,0,0.0,0.0,0,0,0,0,0,census_only,Unknown,0,0.0,inf,0.0
Aspergillus_leporis:mito.Mitochondria,41062,6,20,0.0,0.0,0,0,0.0,0.0,0,0,0,0,0,census_only,Unknown,0,0.0,inf,0.0
Pseudomuriella_schumacherensis.Chloroplast,889459,6,15,0.0,0.0,0,0,0.0,0.0,0,0,0,0,0,census_only,Unknown,0,0.0,inf,0.0
Acremonium_chrysogenum.Mitochondria,5044,6,18,0.0,0.0,0,0,0.0,0.0,0,0,0,0,0,census_only,Unknown,0,0.0,inf,0.0
Chlamydomonas_eustigma.Chloroplast,1157962,6,26,0.0,0.0,0,0,0.0,0.0,0,0,0,0,0,census_only,Unknown,0,0.0,inf,0.0
Closterium_baillyanum.Mitochondria,1416941,5,11,0.0,0.0,0,0,0.0,0.0,0,0,0,0,0,census_only,Unknown,0,0.0,inf,0.0
Coccomyxa_sp.:plas.Chloroplast,N/A,5,16,0.0,0.0,0,0,0.0,0.0,0,0,0,0,0,census_only,Unknown,0,0.0,inf,0.0
Phacotus_lenticularis.Chloroplast,52965,5,21,0.0,0.0,0,0,0.0,0.0,0,0,0,0,0,census_only,Unknown,0,0.0,inf,0.0
Prasiola_crispa.Chloroplast,173492,5,20,0.0,0.0,0,0,0.0,0.0,0,0,0,0,0,census_only,Unknown,0,0.0,inf,0.0
Eucheuma_denticulatum.Mitochondria,305493,5,22,0.0,0.0,0,0,0.0,0.0,0,0,0,0,0,census_only,Unknown,0,0.0,inf,0.0
Roya_obtusa.Mitochondria,104537,5,84,0.0,0.01,0,0,0.0,0.0,0,0,0,0,0,census_only,Unknown,0,0.0,inf,0.0
Sargassum_henslowianum.Mitochondria,703908,5,16,0.0,0.0,0,0,0.0,0.0,0,0,0,0,0,census_only,Unknown,0,0.0,inf,0.0
Prototheca_moriformis.Chloroplast,183676,5,50,0.0,0.0,0,0,0.0,0.0,0,0,0,0,0,census_only,Unknown,0,0.0,inf,0.0
Gelidium_crinale_f._luxurians.Mitochondria,2909240,5,41,0.0,0.0,0,0,0.0,0.0,0,0,0,0,0,census_only,Unknown,0,0.0,inf,0.0
Euglena_viridis:plas.Chloroplast,3040,5,23,0.0,0.0,0,0,0.0,0.0,0,0,0,0,0,census_only,Unknown,0,0.0,inf,0.0
Cistanche_deserticola:plas.Chloroplast,161395,5,22,0.0,0.0,0,0,0.0,0.0,0,0,0,0,0,census_only,Unknown,0,0.0,inf,0.0
Penicillium_punicae.Mitochondria,152764,5,13,0.0,0.0,0,0,0.0,0.0,0,0,0,0,0,census_only,Unknown,0,0.0,inf,0.0
Aspergillus_clavatoflavus:mito.Mitochondria,41064,5,28,0.0,0.0,0,0,0.0,0.0,0,0,0,0,0,census_only,Unknown,0,0.0,inf,0.0
Florenciella_parvula:plas.Chloroplast,236787,5,38,0.0,0.0,0,0,0.0,0.0,0,0,0,0,0,census_only,Unknown,0,0.0,inf,0.0
Candidatus Blochmannia,N/A,5,5,0.0,0.0,0,0,0.0,0.0,0,0,0,0,0,census_only,Unknown,0,0.0,inf,0.0
Corallina_officinalis.Mitochondria,35170,5,36,0.0,0.0,0,0,0.0,0.0,0,0,0,0,0,census_only,Unknown,0,0.0,inf,0.0
Perspicuibacter,1617892,5,5,0.0,0.0,0,0,0.0,0.0,0,0,0,0,0,census_only,Unknown,0,0.0,inf,0.0
Tetraselmis_marina:plas.Chloroplast,41888,5,15,0.0,0.0,0,0,0.0,0.0,0,0,0,0,0,census_only,Unknown,0,0.0,inf,0.0
Huakuichenia,1905746,5,9,0.0,0.0,0,0,0.0,0.0,0,0,0,0,0,census_only,Unknown,0,0.0,inf,0.0
Bigelowiella_natans:plas.Chloroplast,227086,5,13,0.0,0.0,0,0,0.0,0.0,0,0,0,0,0,census_only,Unknown,0,0.0,inf,0.0
Tsukubamonas_globosa.Mitochondria,875863,5,7,0.0,0.0,0,0,0.0,0.0,0,0,0,0,0,census_only,Unknown,0,0.0,inf,0.0
Candidatus Calescamantes.U.genus,N/A,5,52,0.0,0.0,0,0,0.0,0.0,0,0,0,0,0,census_only,Unknown,0,0.0,inf,0.0
Trachelomonas_hispida:plas.Chloroplast,96504,5,12,0.0,0.0,0,0,0.0,0.0,0,0,0,0,0,census_only,Unknown,0,0.0,inf,0.0
Cavicella,1930856,5,22,0.0,0.0,0,0,0.0,0.0,0,0,0,0,0,census_only,Unknown,0,0.0,inf,0.0
Sargassum_yezoense.Mitochondria,127449,5,8,0.0,0.0,0,0,0.0,0.0,0,0,0,0,0,census_only,Unknown,0,0.0,inf,0.0
Pibocella,237372,5,7,0.0,0.0,0,0,0.0,0.0,0,0,0,0,0,census_only,Unknown,0,0.0,inf,0.0
Cristispira,44757,5,7,0.0,0.0,0,0,0.0,0.0,0,0,0,0,0,census_only,Unknown,0,0.0,inf,0.0
Halopeptonella,1739105,5,14,0.0,0.0,0,0,0.0,0.0,0,0,0,0,0,census_only,Unknown,0,0.0,inf,0.0
Teleaulax_amphioxeia.Chloroplast,77931,5,38,0.0,0.0,0,0,0.0,0.0,0,0,0,0,0,census_only,Unknown,0,0.0,inf,0.0
Paramoritella,543732,5,7,0.0,0.0,0,0,0.0,0.0,0,0,0,0,0,census_only,Unknown,0,0.0,inf,0.0
Mongoliicoccus,1237108,5,7,0.0,0.0,0,0,0.0,0.0,0,0,0,0,0,census_only,Unknown,0,0.0,inf,0.0
Nannochloropsis_limnetica.Mitochondria,120807,5,13,0.0,0.0,0,0,0.0,0.0,0,0,0,0,0,census_only,Unknown,0,0.0,inf,0.0
Aulacoseira_sp.:plas.Chloroplast,N/A,5,203,0.0,0.02,0,0,0.0,0.0,0,0,0,0,0,census_only,Unknown,0,0.0,inf,0.0
Triparma_laevis.Chloroplast,1534972,5,47,0.0,0.0,0,0,0.0,0.0,0,0,0,0,0,census_only,Unknown,0,0.0,inf,0.0
Euglena_agilis:plas.Chloroplast,96764,5,7,0.0,0.0,0,0,0.0,0.0,0,0,0,0,0,census_only,Unknown,0,0.0,inf,0.0
Sarcinochrysidaceae_X_sp.:plas.Chloroplast,N/A,5,16,0.0,0.0,0,0,0.0,0.0,0,0,0,0,0,census_only,Unknown,0,0.0,inf,0.0
Epipyxis_sp._PR26KG.Chloroplast,1825121,5,84,0.0,0.01,0,0,0.0,0.0,0,0,0,0,0,census_only,Unknown,0,0.0,inf,0.0
Sorghum_bicolor_(sorghum).Mitochondria,N/A,5,55,0.0,0.0,0,0,0.0,0.0,0,0,0,0,0,census_only,Unknown,0,0.0,inf,0.0
Skeletonema_sp.:plas.Chloroplast,N/A,5,26,0.0,0.0,0,0,0.0,0.0,0,0,0,0,0,census_only,Unknown,0,0.0,inf,0.0
Aureoumbra_lagunensis:plas.Chloroplast,44058,5,18,0.0,0.0,0,0,0.0,0.0,0,0,0,0,0,census_only,Unknown,0,0.0,inf,0.0
Gracilaria_ferox.Mitochondria,1184158,5,25,0.0,0.0,0,0,0.0,0.0,0,0,0,0,0,census_only,Unknown,0,0.0,inf,0.0
Methylarcula,72021,5,9,0.0,0.0,0,0,0.0,0.0,0,0,0,0,0,census_only,Unknown,0,0.0,inf,0.0
Aspergillus_leporis.Mitochondria,41062,5,36,0.0,0.0,0,0,0.0,0.0,0,0,0,0,0,census_only,Unknown,0,0.0,inf,0.0
Penicillium_thomii.Mitochondria,36647,5,45,0.0,0.0,0,0,0.0,0.0,0,0,0,0,0,census_only,Unknown,0,0.0,inf,0.0
Mitrastemon_kanehirai.Chloroplast,1358725,5,8,0.0,0.0,0,0,0.0,0.0,0,0,0,0,0,census_only,Unknown,0,0.0,inf,0.0
Trachelomonas_bernardinensis:plas.Chloroplast,253972,5,29,0.0,0.0,0,0,0.0,0.0,0,0,0,0,0,census_only,Unknown,0,0.0,inf,0.0
Aspergillus_parasiticus.Mitochondria,5067,5,12,0.0,0.0,0,0,0.0,0.0,0,0,0,0,0,census_only,Unknown,0,0.0,inf,0.0
Silene_dioica_(red_campion).Mitochondria,N/A,5,7,0.0,0.0,0,0,0.0,0.0,0,0,0,0,0,census_only,Unknown,0,0.0,inf,0.0
Breviolum_sp.:plas.Chloroplast,N/A,5,6,0.0,0.0,0,0,0.0,0.0,0,0,0,0,0,census_only,Unknown,0,0.0,inf,0.0
Aspergillus_alliaceus.Mitochondria,209559,5,10,0.0,0.0,0,0,0.0,0.0,0,0,0,0,0,census_only,Unknown,0,0.0,inf,0.0
Calenema,1983114,5,8,0.0,0.0,0,0,0.0,0.0,0,0,0,0,0,census_only,Unknown,0,0.0,inf,0.0
Phacus_orbicularis:plas.Chloroplast,158829,5,46,0.0,0.0,0,0,0.0,0.0,0,0,0,0,0,census_only,Unknown,0,0.0,inf,0.0
Centipeda,82283,5,17,0.0,0.0,0,0,0.0,0.0,0,0,0,0,0,census_only,Unknown,0,0.0,inf,0.0
Chara_vulgaris.Mitochondria,55564,5,9,0.0,0.0,0,0,0.0,0.0,0,0,0,0,0,census_only,Unknown,0,0.0,inf,0.0
Cryptomonadales_XX_sp.:plas.Chloroplast,N/A,5,6,0.0,0.0,0,0,0.0,0.0,0,0,0,0,0,census_only,Unknown,0,0.0,inf,0.0
Dumontia_simplex.Mitochondria,142491,5,19,0.0,0.0,0,0,0.0,0.0,0,0,0,0,0,census_only,Unknown,0,0.0,inf,0.0
Carteria_crucifera.Chloroplast,47781,5,20,0.0,0.0,0,0,0.0,0.0,0,0,0,0,0,census_only,Unknown,0,0.0,inf,0.0
Acremonium_fuci.Mitochondria,281364,5,17,0.0,0.0,0,0,0.0,0.0,0,0,0,0,0,census_only,Unknown,0,0.0,inf,0.0
Colletotrichum_aenigma.Mitochondria,1215731,5,13,0.0,0.0,0,0,0.0,0.0,0,0,0,0,0,census_only,Unknown,0,0.0,inf,0.0
Plasmodium_berghei.Mitochondria,5821,5,7,0.0,0.0,0,0,0.0,0.0,0,0,0,0,0,census_only,Unknown,0,0.0,inf,0.0
Betaphycus_gelatinus.Mitochondria,1191690,5,5,0.0,0.0,0,0,0.0,0.0,0,0,0,0,0,census_only,Unknown,0,0.0,inf,0.0
Triticum_aestivum_(bread_wheat).Chloroplast,N/A,5,7,0.0,0.0,0,0,0.0,0.0,0,0,0,0,0,census_only,Unknown,0,0.0,inf,0.0
Symbiodinium_sp.:plas.Chloroplast,N/A,5,11,0.0,0.0,0,0,0.0,0.0,0,0,0,0,0,census_only,Unknown,0,0.0,inf,0.0
uncultured_deep-sea_bacterium.Mitochondria,759664,5,8,0.0,0.0,0,0,0.0,0.0,0,0,0,0,0,census_only,Unknown,0,0.0,inf,0.0
uncultured_Mamiellophyceae.Chloroplast,1659307,5,9,0.0,0.0,0,0,0.0,0.0,0,0,0,0,0,census_only,Unknown,0,0.0,inf,0.0
Pilostyles_thurberi.Mitochondria,51500,4,22,0.0,0.0,0,0,0.0,0.0,0,0,0,0,0,census_only,Unknown,0,0.0,inf,0.0
Phytophthora_cinnamomi.Mitochondria,4785,4,27,0.0,0.0,0,0,0.0,0.0,0,0,0,0,0,census_only,Unknown,0,0.0,inf,0.0
Fibrocapsa_japonica:plas.Chloroplast,94617,4,13,0.0,0.0,0,0,0.0,0.0,0,0,0,0,0,census_only,Unknown,0,0.0,inf,0.0
Phytophthora_ramorum_(Sudden_oak_death_agent).Mitochondria,N/A,4,17,0.0,0.0,0,0,0.0,0.0,0,0,0,0,0,census_only,Unknown,0,0.0,inf,0.0
Imshaugia_aleurites.Mitochondria,172621,4,9,0.0,0.0,0,0,0.0,0.0,0,0,0,0,0,census_only,Unknown,0,0.0,inf,0.0
Hafniomonas_laevis.Chloroplast,436124,4,11,0.0,0.0,0,0,0.0,0.0,0,0,0,0,0,census_only,Unknown,0,0.0,inf,0.0
Oophila_amblystomatis.Chloroplast,1008953,4,9,0.0,0.0,0,0,0.0,0.0,0,0,0,0,0,census_only,Unknown,0,0.0,inf,0.0
Betula_pendula_(European_white_birch).Chloroplast,N/A,4,28,0.0,0.0,0,0,0.0,0.0,0,0,0,0,0,census_only,Unknown,0,0.0,inf,0.0
Sporolithon_durum.Mitochondria,48970,4,17,0.0,0.0,0,0,0.0,0.0,0,0,0,0,0,census_only,Unknown,0,0.0,inf,0.0
Pinus_canariensis.Mitochondria,49510,4,46,0.0,0.0,0,0,0.0,0.0,0,0,0,0,0,census_only,Unknown,0,0.0,inf,0.0
Plasmodium_relictum.Mitochondria,85471,4,5,0.0,0.0,0,0,0.0,0.0,0,0,0,0,0,census_only,Unknown,0,0.0,inf,0.0
Chara_sp._Qiu_96222.Mitochondria,81819,4,14,0.0,0.0,0,0,0.0,0.0,0,0,0,0,0,census_only,Unknown,0,0.0,inf,0.0
Phaeocystis_globosa:plas.Chloroplast,33658,4,17,0.0,0.0,0,0,0.0,0.0,0,0,0,0,0,census_only,Unknown,0,0.0,inf,0.0
Treubia_lacunosa.Mitochondria,93845,4,7,0.0,0.0,0,0,0.0,0.0,0,0,0,0,0,census_only,Unknown,0,0.0,inf,0.0
Quercus_lobata.Mitochondria,97700,4,33,0.0,0.0,0,0,0.0,0.0,0,0,0,0,0,census_only,Unknown,0,0.0,inf,0.0
Vulcanithermus,206044,4,11,0.0,0.0,0,0,0.0,0.0,0,0,0,0,0,census_only,Unknown,0,0.0,inf,0.0
Geothermomicrobium,1649452,4,4,0.0,0.0,0,0,0.0,0.0,0,0,0,0,0,census_only,Unknown,0,0.0,inf,0.0
Aerosphaera,137460,4,14,0.0,0.0,0,0,0.0,0.0,0,0,0,0,0,census_only,Unknown,0,0.0,inf,0.0
Ditylum_brightwellii:plas.Chloroplast,49249,4,29,0.0,0.0,0,0,0.0,0.0,0,0,0,0,0,census_only,Unknown,0,0.0,inf,0.0
Bdallophytum_americanum.Chloroplast,51505,4,15,0.0,0.0,0,0,0.0,0.0,0,0,0,0,0,census_only,Unknown,0,0.0,inf,0.0
Rhodymenia_pseudopalmata.Mitochondria,31502,4,13,0.0,0.0,0,0,0.0,0.0,0,0,0,0,0,census_only,Unknown,0,0.0,inf,0.0
Candidatus Ishikawaella,N/A,4,6,0.0,0.0,0,0,0.0,0.0,0,0,0,0,0,census_only,Unknown,0,0.0,inf,0.0
Stichococcus_bacillaris:plas.Chloroplast,37433,4,24,0.0,0.0,0,0,0.0,0.0,0,0,0,0,0,census_only,Unknown,0,0.0,inf,0.0
Coelastrella_sp._M60.Chloroplast,1489057,4,11,0.0,0.0,0,0,0.0,0.0,0,0,0,0,0,census_only,Unknown,0,0.0,inf,0.0
Gracilaria_chilensis.Mitochondria,2510777,4,11,0.0,0.0,0,0,0.0,0.0,0,0,0,0,0,census_only,Unknown,0,0.0,inf,0.0
Rhodobium,869314,4,9,0.0,0.0,0,0,0.0,0.0,0,0,0,0,0,census_only,Unknown,0,0.0,inf,0.0
Sinibacillus,1649496,4,4,0.0,0.0,0,0,0.0,0.0,0,0,0,0,0,census_only,Unknown,0,0.0,inf,0.0
Nannochloropsis_oceanica.Mitochondria,145522,4,25,0.0,0.0,0,0,0.0,0.0,0,0,0,0,0,census_only,Unknown,0,0.0,inf,0.0
Karlodinium_veneficum:plas.Chloroplast,407301,4,13,0.0,0.0,0,0,0.0,0.0,0,0,0,0,0,census_only,Unknown,0,0.0,inf,0.0
Rhabdothermus,1434036,4,6,0.0,0.0,0,0,0.0,0.0,0,0,0,0,0,census_only,Unknown,0,0.0,inf,0.0
Salimesophilobacter,1434040,4,9,0.0,0.0,0,0,0.0,0.0,0,0,0,0,0,census_only,Unknown,0,0.0,inf,0.0
Desertibacter,1400063,4,8,0.0,0.0,0,0,0.0,0.0,0,0,0,0,0,census_only,Unknown,0,0.0,inf,0.0
Cryptomonas_curvata.Chloroplast,233186,4,112,0.0,0.01,0,0,0.0,0.0,0,0,0,0,0,census_only,Unknown,0,0.0,inf,0.0
Pelagomonadaceae_X_sp.:plas.Chloroplast,N/A,4,50,0.0,0.0,0,0,0.0,0.0,0,0,0,0,0,census_only,Unknown,0,0.0,inf,0.0
Trichoderma_asperellum.Mitochondria,101201,4,8,0.0,0.0,0,0,0.0,0.0,0,0,0,0,0,census_only,Unknown,0,0.0,inf,0.0
Porphyra_umbilicalis_(laver).Mitochondria,N/A,4,10,0.0,0.0,0,0,0.0,0.0,0,0,0,0,0,census_only,Unknown,0,0.0,inf,0.0
Chlamydomonadales_XX_sp.:plas.Chloroplast,N/A,4,9,0.0,0.0,0,0,0.0,0.0,0,0,0,0,0,census_only,Unknown,0,0.0,inf,0.0
uncultured_diatom.Chloroplast,137771,4,13,0.0,0.0,0,0,0.0,0.0,0,0,0,0,0,census_only,Unknown,0,0.0,inf,0.0
Limnolyngbya,1868136,4,7,0.0,0.0,0,0,0.0,0.0,0,0,0,0,0,census_only,Unknown,0,0.0,inf,0.0
Eustigmatophyceae_XXX_sp.:plas.Chloroplast,N/A,4,5,0.0,0.0,0,0,0.0,0.0,0,0,0,0,0,census_only,Unknown,0,0.0,inf,0.0
Halospirulina,123235,4,10,0.0,0.0,0,0,0.0,0.0,0,0,0,0,0,census_only,Unknown,0,0.0,inf,0.0
Capsosiphon_fulvescens.Chloroplast,205396,4,12,0.0,0.0,0,0,0.0,0.0,0,0,0,0,0,census_only,Unknown,0,0.0,inf,0.0
Loriellopsis,988945,4,9,0.0,0.0,0,0,0.0,0.0,0,0,0,0,0,census_only,Unknown,0,0.0,inf,0.0
Trachelomonas_similis.Chloroplast,253970,4,8,0.0,0.0,0,0,0.0,0.0,0,0,0,0,0,census_only,Unknown,0,0.0,inf,0.0
Thiophaeococcus,453580,4,5,0.0,0.0,0,0,0.0,0.0,0,0,0,0,0,census_only,Unknown,0,0.0,inf,0.0
Arthronema,241432,4,4,0.0,0.0,0,0,0.0,0.0,0,0,0,0,0,census_only,Unknown,0,0.0,inf,0.0
Cordyceps_tenuipes.Mitochondria,45847,4,17,0.0,0.0,0,0,0.0,0.0,0,0,0,0,0,census_only,Unknown,0,0.0,inf,0.0
Ipomoea_nil_(Japanese_morning_glory).Chloroplast,N/A,4,7,0.0,0.0,0,0,0.0,0.0,0,0,0,0,0,census_only,Unknown,0,0.0,inf,0.0
Nannochloropsis_sp.:plas.Chloroplast,N/A,4,30,0.0,0.0,0,0,0.0,0.0,0,0,0,0,0,census_only,Unknown,0,0.0,inf,0.0
Colletotrichum_fioriniae.Mitochondria,710243,4,5,0.0,0.0,0,0,0.0,0.0,0,0,0,0,0,census_only,Unknown,0,0.0,inf,0.0
Embryophyceae_XXX_sp.:plas.Chloroplast,N/A,4,4,0.0,0.0,0,0,0.0,0.0,0,0,0,0,0,census_only,Unknown,0,0.0,inf,0.0
Chlorodendrales_XX_sp.:plas.Chloroplast,N/A,4,42,0.0,0.0,0,0,0.0,0.0,0,0,0,0,0,census_only,Unknown,0,0.0,inf,0.0
Neocystis_brevis.Chloroplast,1065496,4,17,0.0,0.0,0,0,0.0,0.0,0,0,0,0,0,census_only,Unknown,0,0.0,inf,0.0
Cymbomonas_tetramitiformis.Mitochondria,36881,4,17,0.0,0.0,0,0,0.0,0.0,0,0,0,0,0,census_only,Unknown,0,0.0,inf,0.0
Coccomyxa_solorinae-saccatae:plas.Chloroplast,464287,4,15,0.0,0.0,0,0,0.0,0.0,0,0,0,0,0,census_only,Unknown,0,0.0,inf,0.0
Euglena_longa:plas.Chloroplast,3037,4,12,0.0,0.0,0,0,0.0,0.0,0,0,0,0,0,census_only,Unknown,0,0.0,inf,0.0
Trachelomonas_sp._Silo101703K.Chloroplast,1685827,4,10,0.0,0.0,0,0,0.0,0.0,0,0,0,0,0,census_only,Unknown,0,0.0,inf,0.0
Palmaria_palmata_(Dulse).Mitochondria,N/A,4,15,0.0,0.0,0,0,0.0,0.0,0,0,0,0,0,census_only,Unknown,0,0.0,inf,0.0
Phacus_paraorbicularis.Chloroplast,1431102,4,9,0.0,0.0,0,0,0.0,0.0,0,0,0,0,0,census_only,Unknown,0,0.0,inf,0.0
Prototheca_stagnorum.Chloroplast,215448,4,9,0.0,0.0,0,0,0.0,0.0,0,0,0,0,0,census_only,Unknown,0,0.0,inf,0.0
Hildenbrandia_rubra.Mitochondria,31481,4,9,0.0,0.0,0,0,0.0,0.0,0,0,0,0,0,census_only,Unknown,0,0.0,inf,0.0
Aspergillus_lentulus.Mitochondria,293939,4,14,0.0,0.0,0,0,0.0,0.0,0,0,0,0,0,census_only,Unknown,0,0.0,inf,0.0
Penicillium_sp._KCTC16065.Mitochondria,168430,4,5,0.0,0.0,0,0,0.0,0.0,0,0,0,0,0,census_only,Unknown,0,0.0,inf,0.0
seawater_metagenome.Chloroplast,1561972,4,18,0.0,0.0,0,0,0.0,0.0,0,0,0,0,0,census_only,Unknown,0,0.0,inf,0.0
Chloroparvula_sp.:plas.Chloroplast,N/A,4,60,0.0,0.0,0,0,0.0,0.0,0,0,0,0,0,census_only,Unknown,0,0.0,inf,0.0
Trachelomonas_similis:plas.Chloroplast,253970,4,15,0.0,0.0,0,0,0.0,0.0,0,0,0,0,0,census_only,Unknown,0,0.0,inf,0.0
Aspergillus_nomius.Mitochondria,N/A,4,17,0.0,0.0,0,0,0.0,0.0,0,0,0,0,0,census_only,Unknown,0,0.0,inf,0.0
Prymnesiaceae_X_sp.:plas.Chloroplast,N/A,3,4,0.0,0.0,0,0,0.0,0.0,0,0,0,0,0,census_only,Unknown,0,0.0,inf,0.0
Phacus_triqueter:plas.Chloroplast,135496,3,3,0.0,0.0,0,0,0.0,0.0,0,0,0,0,0,census_only,Unknown,0,0.0,inf,0.0
Halimeda_micronesica.Chloroplast,170426,3,8,0.0,0.0,0,0,0.0,0.0,0,0,0,0,0,census_only,Unknown,0,0.0,inf,0.0
Helianthus_annuus_(common_sunflower).Chloroplast,N/A,3,4,0.0,0.0,0,0,0.0,0.0,0,0,0,0,0,census_only,Unknown,0,0.0,inf,0.0
Phacus_segretii:plas.Chloroplast,459222,3,10,0.0,0.0,0,0,0.0,0.0,0,0,0,0,0,census_only,Unknown,0,0.0,inf,0.0
Phyllonema,1759375,3,4,0.0,0.0,0,0,0.0,0.0,0,0,0,0,0,census_only,Unknown,0,0.0,inf,0.0
Koliella_longiseta.Chloroplast,33092,3,13,0.0,0.0,0,0,0.0,0.0,0,0,0,0,0,census_only,Unknown,0,0.0,inf,0.0
Metrosideros_polymorpha_var._glaberrima.Chloroplast,101978,3,9,0.0,0.0,0,0,0.0,0.0,0,0,0,0,0,census_only,Unknown,0,0.0,inf,0.0
Chlamydomonas_debaryana.Chloroplast,47281,3,5,0.0,0.0,0,0,0.0,0.0,0,0,0,0,0,census_only,Unknown,0,0.0,inf,0.0
Bouteloua_dactyloides.Mitochondria,160577,3,10,0.0,0.0,0,0,0.0,0.0,0,0,0,0,0,census_only,Unknown,0,0.0,inf,0.0
Pachycladon_enysii:plas.Chloroplast,414717,3,84,0.0,0.01,0,0,0.0,0.0,0,0,0,0,0,census_only,Unknown,0,0.0,inf,0.0
Penicillium_sp._KCTC16085.Mitochondria,168455,3,3,0.0,0.0,0,0,0.0,0.0,0,0,0,0,0,census_only,Unknown,0,0.0,inf,0.0
Oryza_sativa_Japonica_Group_(Japanese_rice).Mitochondria,N/A,3,72,0.0,0.01,0,0,0.0,0.0,0,0,0,0,0,census_only,Unknown,0,0.0,inf,0.0
Loxostege_sticticalis_(beet_webworm).Mitochondria,N/A,3,9,0.0,0.0,0,0,0.0,0.0,0,0,0,0,0,census_only,Unknown,0,0.0,inf,0.0
Hymenomonadaceae_X_sp.:plas.Chloroplast,N/A,3,9,0.0,0.0,0,0,0.0,0.0,0,0,0,0,0,census_only,Unknown,0,0.0,inf,0.0
Cryptoglena_sp.:plas.Chloroplast,N/A,3,11,0.0,0.0,0,0,0.0,0.0,0,0,0,0,0,census_only,Unknown,0,0.0,inf,0.0
Nodularia,1830174,3,21,0.0,0.0,0,0,0.0,0.0,0,0,0,0,0,census_only,Unknown,0,0.0,inf,0.0
Coenonia,78328,3,5,0.0,0.0,0,0,0.0,0.0,0,0,0,0,0,census_only,Unknown,0,0.0,inf,0.0
Pseudochlorella_pringsheimii:plas.Chloroplast,3072,3,8,0.0,0.0,0,0,0.0,0.0,0,0,0,0,0,census_only,Unknown,0,0.0,inf,0.0
Dicloster_acuatus.Chloroplast,91190,3,5,0.0,0.0,0,0,0.0,0.0,0,0,0,0,0,census_only,Unknown,0,0.0,inf,0.0
Asterochloris_sp.:plas.Chloroplast,N/A,3,15,0.0,0.0,0,0,0.0,0.0,0,0,0,0,0,census_only,Unknown,0,0.0,inf,0.0
Pedinomonas_tuberculata.Chloroplast,160064,3,12,0.0,0.0,0,0,0.0,0.0,0,0,0,0,0,census_only,Unknown,0,0.0,inf,0.0
Ammoniibacillus,1615910,3,6,0.0,0.0,0,0,0.0,0.0,0,0,0,0,0,census_only,Unknown,0,0.0,inf,0.0
Xylophilus,3109381,3,120,0.0,0.01,0,0,0.0,0.0,0,0,0,0,0,census_only,Unknown,0,0.0,inf,0.0
Carteria_sp.:plas.Chloroplast,N/A,3,7,0.0,0.0,0,0,0.0,0.0,0,0,0,0,0,census_only,Unknown,0,0.0,inf,0.0
Rhabdanaerobium,2040476,3,4,0.0,0.0,0,0,0.0,0.0,0,0,0,0,0,census_only,Unknown,0,0.0,inf,0.0
Coscinodiscus_radiatus.Chloroplast,33642,3,17,0.0,0.0,0,0,0.0,0.0,0,0,0,0,0,census_only,Unknown,0,0.0,inf,0.0
Eremococcus,308526,3,9,0.0,0.0,0,0,0.0,0.0,0,0,0,0,0,census_only,Unknown,0,0.0,inf,0.0
Carex_siderosticta.Chloroplast,418180,3,22,0.0,0.0,0,0,0.0,0.0,0,0,0,0,0,census_only,Unknown,0,0.0,inf,0.0
Thlaspi_arvense.Mitochondria,13288,3,17,0.0,0.0,0,0,0.0,0.0,0,0,0,0,0,census_only,Unknown,0,0.0,inf,0.0
Micromonas_bravo_B2:plas.Chloroplast,N/A,3,110,0.0,0.01,0,0,0.0,0.0,0,0,0,0,0,census_only,Unknown,0,0.0,inf,0.0
Abyssivirga,1792300,3,10,0.0,0.0,0,0,0.0,0.0,0,0,0,0,0,census_only,Unknown,0,0.0,inf,0.0
Pseudendoclonium_akinetum:plas.Chloroplast,160070,3,4,0.0,0.0,0,0,0.0,0.0,0,0,0,0,0,census_only,Unknown,0,0.0,inf,0.0
Atrichum_angustatum.Mitochondria,37310,3,8,0.0,0.0,0,0,0.0,0.0,0,0,0,0,0,census_only,Unknown,0,0.0,inf,0.0
Oltmannsiellopsis_viridis:plas.Chloroplast,51324,3,9,0.0,0.0,0,0,0.0,0.0,0,0,0,0,0,census_only,Unknown,0,0.0,inf,0.0
Taenioma_perpusillum.Chloroplast,210852,3,10,0.0,0.0,0,0,0.0,0.0,0,0,0,0,0,census_only,Unknown,0,0.0,inf,0.0
Actinorectispora,1769723,3,5,0.0,0.0,0,0,0.0,0.0,0,0,0,0,0,census_only,Unknown,0,0.0,inf,0.0
Monomorphina_pseudonordstedti:plas.Chloroplast,N/A,3,8,0.0,0.0,0,0,0.0,0.0,0,0,0,0,0,census_only,Unknown,0,0.0,inf,0.0
Caloribacterium,1263959,3,9,0.0,0.0,0,0,0.0,0.0,0,0,0,0,0,census_only,Unknown,0,0.0,inf,0.0
Nephroselmis_pyriformis:plas.Chloroplast,156128,3,14,0.0,0.0,0,0,0.0,0.0,0,0,0,0,0,census_only,Unknown,0,0.0,inf,0.0
Fluviimonas,1383890,3,11,0.0,0.0,0,0,0.0,0.0,0,0,0,0,0,census_only,Unknown,0,0.0,inf,0.0
Phaeodactylum_tricornutum:plas.Chloroplast,2850,3,10,0.0,0.0,0,0,0.0,0.0,0,0,0,0,0,census_only,Unknown,0,0.0,inf,0.0
Notothylas_orbicularis:mito.Mitochondria,93617,3,5,0.0,0.0,0,0,0.0,0.0,0,0,0,0,0,census_only,Unknown,0,0.0,inf,0.0
Skeletonema_pseudocostatum:plas.Chloroplast,41457,3,478,0.0,0.04,0,0,0.0,0.0,0,0,0,0,0,census_only,Unknown,0,0.0,inf,0.0
Gelidium_sclerophyllum.Mitochondria,317102,3,22,0.0,0.0,0,0,0.0,0.0,0,0,0,0,0,census_only,Unknown,0,0.0,inf,0.0
Spirogyra_maxima:plas.Chloroplast,3180,3,6,0.0,0.0,0,0,0.0,0.0,0,0,0,0,0,census_only,Unknown,0,0.0,inf,0.0
Spirillum,967,3,4,0.0,0.0,0,0,0.0,0.0,0,0,0,0,0,census_only,Unknown,0,0.0,inf,0.0
Nephroselmis_olivacea:plas.Chloroplast,31312,3,6,0.0,0.0,0,0,0.0,0.0,0,0,0,0,0,census_only,Unknown,0,0.0,inf,0.0
Ettlia_oleoabundans.Chloroplast,1127754,3,25,0.0,0.0,0,0,0.0,0.0,0,0,0,0,0,census_only,Unknown,0,0.0,inf,0.0
Geothermobacterium,169299,3,76,0.0,0.01,0,0,0.0,0.0,0,0,0,0,0,census_only,Unknown,0,0.0,inf,0.0
Pseudoneochloris_marina.Chloroplast,44573,3,9,0.0,0.0,0,0,0.0,0.0,0,0,0,0,0,census_only,Unknown,0,0.0,inf,0.0
Chondrus_crispus:plas.Chloroplast,2769,3,7,0.0,0.0,0,0,0.0,0.0,0,0,0,0,0,census_only,Unknown,0,0.0,inf,0.0
Navicula_phyllepta:plas.Chloroplast,265527,3,121,0.0,0.01,0,0,0.0,0.0,0,0,0,0,0,census_only,Unknown,0,0.0,inf,0.0
Planctonema_lauterbornii.Chloroplast,3087189,3,6,0.0,0.0,0,0,0.0,0.0,0,0,0,0,0,census_only,Unknown,0,0.0,inf,0.0
Rhodomonas_salina:plas.Chloroplast,3034,3,6,0.0,0.0,0,0,0.0,0.0,0,0,0,0,0,census_only,Unknown,0,0.0,inf,0.0
Bryopsis_sp.:plas.Chloroplast,N/A,3,4,0.0,0.0,0,0,0.0,0.0,0,0,0,0,0,census_only,Unknown,0,0.0,inf,0.0
Albibacter,160700,3,10,0.0,0.0,0,0,0.0,0.0,0,0,0,0,0,census_only,Unknown,0,0.0,inf,0.0
Colacium_calvum:plas.Chloroplast,472067,3,31,0.0,0.0,0,0,0.0,0.0,0,0,0,0,0,census_only,Unknown,0,0.0,inf,0.0
Radiocystis,442397,3,11,0.0,0.0,0,0,0.0,0.0,0,0,0,0,0,census_only,Unknown,0,0.0,inf,0.0
Rhodosorus_marinus:plas.Chloroplast,101924,3,8,0.0,0.0,0,0,0.0,0.0,0,0,0,0,0,census_only,Unknown,0,0.0,inf,0.0
Euglena_cantabrica:plas.Chloroplast,167850,3,17,0.0,0.0,0,0,0.0,0.0,0,0,0,0,0,census_only,Unknown,0,0.0,inf,0.0
Ankyra_judayi.Chloroplast,52688,3,20,0.0,0.0,0,0,0.0,0.0,0,0,0,0,0,census_only,Unknown,0,0.0,inf,0.0
Chalicogloea,1196657,3,4,0.0,0.0,0,0,0.0,0.0,0,0,0,0,0,census_only,Unknown,0,0.0,inf,0.0
Petalonema,268177,3,9,0.0,0.0,0,0,0.0,0.0,0,0,0,0,0,census_only,Unknown,0,0.0,inf,0.0
Coccinimonas,414363,3,32,0.0,0.0,0,0,0.0,0.0,0,0,0,0,0,census_only,Unknown,0,0.0,inf,0.0
Spongiiferula,1819672,3,6,0.0,0.0,0,0,0.0,0.0,0,0,0,0,0,census_only,Unknown,0,0.0,inf,0.0
Thermotunica,1649509,3,4,0.0,0.0,0,0,0.0,0.0,0,0,0,0,0,census_only,Unknown,0,0.0,inf,0.0
Euglena_tristella:plas.Chloroplast,161227,3,6,0.0,0.0,0,0,0.0,0.0,0,0,0,0,0,census_only,Unknown,0,0.0,inf,0.0
Zea_mays:plas.Chloroplast,4577,3,96,0.0,0.01,0,0,0.0,0.0,0,0,0,0,0,census_only,Unknown,0,0.0,inf,0.0
Phacus_hamatus.Chloroplast,1188010,3,6,0.0,0.0,0,0,0.0,0.0,0,0,0,0,0,census_only,Unknown,0,0.0,inf,0.0
Ophiostoma_novo-ulmi_subsp._novo-ulmi.Mitochondria,170179,3,8,0.0,0.0,0,0,0.0,0.0,0,0,0,0,0,census_only,Unknown,0,0.0,inf,0.0
Monotropa_hypopitys.Chloroplast,176248,3,6,0.0,0.0,0,0,0.0,0.0,0,0,0,0,0,census_only,Unknown,0,0.0,inf,0.0
Trachelomonas_sp._T812.Chloroplast,1685830,3,13,0.0,0.0,0,0,0.0,0.0,0,0,0,0,0,census_only,Unknown,0,0.0,inf,0.0
Amphora_sp.:plas.Chloroplast,N/A,3,3,0.0,0.0,0,0,0.0,0.0,0,0,0,0,0,census_only,Unknown,0,0.0,inf,0.0
Paralia_sulcata:plas.Chloroplast,216927,3,12,0.0,0.0,0,0,0.0,0.0,0,0,0,0,0,census_only,Unknown,0,0.0,inf,0.0
Phacus_hordeiformis.Chloroplast,1431100,3,3,0.0,0.0,0,0,0.0,0.0,0,0,0,0,0,census_only,Unknown,0,0.0,inf,0.0
Fusarium_circinatum.Mitochondria,48490,3,20,0.0,0.0,0,0,0.0,0.0,0,0,0,0,0,census_only,Unknown,0,0.0,inf,0.0
Plasmodium1_vivax:apic.Apicoplast,N/A,3,4,0.0,0.0,0,0,0.0,0.0,0,0,0,0,0,census_only,Unknown,0,0.0,inf,0.0
Penicillium_chrysogenum_KF-25.Mitochondria,1218708,3,4,0.0,0.0,0,0,0.0,0.0,0,0,0,0,0,census_only,Unknown,0,0.0,inf,0.0
Trachelomonas_planctonica:plas.Chloroplast,304862,3,5,0.0,0.0,0,0,0.0,0.0,0,0,0,0,0,census_only,Unknown,0,0.0,inf,0.0
Prasinoderma_coloniale.Chloroplast,156133,3,3,0.0,0.0,0,0,0.0,0.0,0,0,0,0,0,census_only,Unknown,0,0.0,inf,0.0
Odontella_sinensis:plas.Chloroplast,1514140,3,12,0.0,0.0,0,0,0.0,0.0,0,0,0,0,0,census_only,Unknown,0,0.0,inf,0.0
Bartramia_pomiformis.Mitochondria,52976,3,5,0.0,0.0,0,0,0.0,0.0,0,0,0,0,0,census_only,Unknown,0,0.0,inf,0.0
Morus_indica:plas.Chloroplast,248361,3,3,0.0,0.0,0,0,0.0,0.0,0,0,0,0,0,census_only,Unknown,0,0.0,inf,0.0
Oryza_rufipogon.Chloroplast,4529,3,9,0.0,0.0,0,0,0.0,0.0,0,0,0,0,0,census_only,Unknown,0,0.0,inf,0.0
Prototheca_ulmea.Chloroplast,183676,3,8,0.0,0.0,0,0,0.0,0.0,0,0,0,0,0,census_only,Unknown,0,0.0,inf,0.0
Olisthodiscus_luteus:plas.Chloroplast,83000,3,12,0.0,0.0,0,0,0.0,0.0,0,0,0,0,0,census_only,Unknown,0,0.0,inf,0.0
Geminigera_cryophila.Chloroplast,46947,3,4,0.0,0.0,0,0,0.0,0.0,0,0,0,0,0,census_only,Unknown,0,0.0,inf,0.0
Bryoria_tenuis.Mitochondria,1089818,3,3,0.0,0.0,0,0,0.0,0.0,0,0,0,0,0,census_only,Unknown,0,0.0,inf,0.0
Lobochlamys_culleus.Chloroplast,51693,3,10,0.0,0.0,0,0,0.0,0.0,0,0,0,0,0,census_only,Unknown,0,0.0,inf,0.0
Cordyceps_militaris.Mitochondria,73501,3,6,0.0,0.0,0,0,0.0,0.0,0,0,0,0,0,census_only,Unknown,0,0.0,inf,0.0
Coccocarpia_palmicola.Mitochondria,301477,3,6,0.0,0.0,0,0,0.0,0.0,0,0,0,0,0,census_only,Unknown,0,0.0,inf,0.0
Actinidia_chinensis.Chloroplast,3625,3,9,0.0,0.0,0,0,0.0,0.0,0,0,0,0,0,census_only,Unknown,0,0.0,inf,0.0
Euglena_cf._velata_JIK-2015.Chloroplast,1685852,3,4,0.0,0.0,0,0,0.0,0.0,0,0,0,0,0,census_only,Unknown,0,0.0,inf,0.0
Penicillium_sp._KCTC16066.Mitochondria,168431,3,11,0.0,0.0,0,0,0.0,0.0,0,0,0,0,0,census_only,Unknown,0,0.0,inf,0.0
Hirsutella_thompsonii.Mitochondria,42368,3,5,0.0,0.0,0,0,0.0,0.0,0,0,0,0,0,census_only,Unknown,0,0.0,inf,0.0
Euglena_deses:plas.Chloroplast,66845,3,10,0.0,0.0,0,0,0.0,0.0,0,0,0,0,0,census_only,Unknown,0,0.0,inf,0.0
Eutreptiella_gymnastica:plas.Chloroplast,73025,3,26,0.0,0.0,0,0,0.0,0.0,0,0,0,0,0,census_only,Unknown,0,0.0,inf,0.0
Hypogymnia_vittata.Mitochondria,315943,3,5,0.0,0.0,0,0,0.0,0.0,0,0,0,0,0,census_only,Unknown,0,0.0,inf,0.0
Euglena_sanguinea:plas.Chloroplast,130315,3,160,0.0,0.01,0,0,0.0,0.0,0,0,0,0,0,census_only,Unknown,0,0.0,inf,0.0
Aspergillus_niger.Mitochondria,5061,3,4,0.0,0.0,0,0,0.0,0.0,0,0,0,0,0,census_only,Unknown,0,0.0,inf,0.0
Ophiostoma_minus.Mitochondria,150568,3,3,0.0,0.0,0,0,0.0,0.0,0,0,0,0,0,census_only,Unknown,0,0.0,inf,0.0
Euglenaria_anabaena:plas.Chloroplast,38273,3,3,0.0,0.0,0,0,0.0,0.0,0,0,0,0,0,census_only,Unknown,0,0.0,inf,0.0
Volvox_carteri:plas.Chloroplast,3067,3,3,0.0,0.0,0,0,0.0,0.0,0,0,0,0,0,census_only,Unknown,0,0.0,inf,0.0
Ostreobium_sp3:plas.Chloroplast,N/A,3,5,0.0,0.0,0,0,0.0,0.0,0,0,0,0,0,census_only,Unknown,0,0.0,inf,0.0
Haematococcus_pluvialis:plas.Chloroplast,44745,3,3,0.0,0.0,0,0,0.0,0.0,0,0,0,0,0,census_only,Unknown,0,0.0,inf,0.0
Fusarium_temperatum.Mitochondria,767483,3,6,0.0,0.0,0,0,0.0,0.0,0,0,0,0,0,census_only,Unknown,0,0.0,inf,0.0
Pinguiochrysidaceae_X_sp.:plas.Chloroplast,N/A,3,10,0.0,0.0,0,0,0.0,0.0,0,0,0,0,0,census_only,Unknown,0,0.0,inf,0.0
Penicillium_sp._KCTC16079.Mitochondria,168451,2,2,0.0,0.0,0,0,0.0,0.0,0,0,0,0,0,census_only,Unknown,0,0.0,inf,0.0
Pavlomulina_ranunculiformis:plas.Chloroplast,2904541,2,3,0.0,0.0,0,0,0.0,0.0,0,0,0,0,0,census_only,Unknown,0,0.0,inf,0.0
Euglena_splendens:plas.Chloroplast,392894,2,11,0.0,0.0,0,0,0.0,0.0,0,0,0,0,0,census_only,Unknown,0,0.0,inf,0.0
Adiantum_pedatum:mito.Mitochondria,29590,2,2,0.0,0.0,0,0,0.0,0.0,0,0,0,0,0,census_only,Unknown,0,0.0,inf,0.0
Gossypium_hirsutum_(upland_cotton).Chloroplast,N/A,2,7,0.0,0.0,0,0,0.0,0.0,0,0,0,0,0,census_only,Unknown,0,0.0,inf,0.0
Trichoderma_deliquescens.Mitochondria,29861,2,2,0.0,0.0,0,0,0.0,0.0,0,0,0,0,0,census_only,Unknown,0,0.0,inf,0.0
Solanum_lycopersicum_(tomato).Chloroplast,N/A,2,2,0.0,0.0,0,0,0.0,0.0,0,0,0,0,0,census_only,Unknown,0,0.0,inf,0.0
Plantago_rugelii:mito.Mitochondria,101993,2,2,0.0,0.0,0,0,0.0,0.0,0,0,0,0,0,census_only,Unknown,0,0.0,inf,0.0
Lingulodinium_polyedra:plas.Chloroplast,N/A,2,3,0.0,0.0,0,0,0.0,0.0,0,0,0,0,0,census_only,Unknown,0,0.0,inf,0.0
Acorus_gramineus.Mitochondria,55184,2,2,0.0,0.0,0,0,0.0,0.0,0,0,0,0,0,census_only,Unknown,0,0.0,inf,0.0
Rhazya_stricta.Chloroplast,396313,2,2,0.0,0.0,0,0,0.0,0.0,0,0,0,0,0,census_only,Unknown,0,0.0,inf,0.0
Chlorella_sp._ArM0029B.Chloroplast,1415603,2,2,0.0,0.0,0,0,0.0,0.0,0,0,0,0,0,census_only,Unknown,0,0.0,inf,0.0
Pilostyles_coccoidea:plas.Chloroplast,518627,2,2,0.0,0.0,0,0,0.0,0.0,0,0,0,0,0,census_only,Unknown,0,0.0,inf,0.0
Gossypium_raimondii.Chloroplast,29730,2,8,0.0,0.0,0,0,0.0,0.0,0,0,0,0,0,census_only,Unknown,0,0.0,inf,0.0
Ziziphus_jujuba.Chloroplast,326968,2,27,0.0,0.0,0,0,0.0,0.0,0,0,0,0,0,census_only,Unknown,0,0.0,inf,0.0
Nitzschia_sp._C2.Chloroplast,1444705,2,2,0.0,0.0,0,0,0.0,0.0,0,0,0,0,0,census_only,Unknown,0,0.0,inf,0.0
Euglenaria_clavata:plas.Chloroplast,344910,2,3,0.0,0.0,0,0,0.0,0.0,0,0,0,0,0,census_only,Unknown,0,0.0,inf,0.0
Helicosporidium_sp.:plas.Chloroplast,N/A,2,2,0.0,0.0,0,0,0.0,0.0,0,0,0,0,0,census_only,Unknown,0,0.0,inf,0.0
Gonium_pectorale:plas.Chloroplast,33097,2,6,0.0,0.0,0,0,0.0,0.0,0,0,0,0,0,census_only,Unknown,0,0.0,inf,0.0
Bracteacoccus_giganteus.Chloroplast,50039,2,9,0.0,0.0,0,0,0.0,0.0,0,0,0,0,0,census_only,Unknown,0,0.0,inf,0.0
Chlamydomonas_sp._UWO241.Chloroplast,1653778,2,4,0.0,0.0,0,0,0.0,0.0,0,0,0,0,0,census_only,Unknown,0,0.0,inf,0.0
Chloroidium_saccharophilum:plas.Chloroplast,3082,2,4,0.0,0.0,0,0,0.0,0.0,0,0,0,0,0,census_only,Unknown,0,0.0,inf,0.0
Marsupiomonas_pelliculata:plas.Chloroplast,1034818,2,53,0.0,0.0,0,0,0.0,0.0,0,0,0,0,0,census_only,Unknown,0,0.0,inf,0.0
Abies_homolepis.Mitochondria,78261,2,16,0.0,0.0,0,0,0.0,0.0,0,0,0,0,0,census_only,Unknown,0,0.0,inf,0.0
Bracteacoccus_aerius.Chloroplast,50041,2,5,0.0,0.0,0,0,0.0,0.0,0,0,0,0,0,census_only,Unknown,0,0.0,inf,0.0
Floydiella_terrestris:plas.Chloroplast,51328,2,25,0.0,0.0,0,0,0.0,0.0,0,0,0,0,0,census_only,Unknown,0,0.0,inf,0.0
Panax_ginseng.Chloroplast,4054,2,4,0.0,0.0,0,0,0.0,0.0,0,0,0,0,0,census_only,Unknown,0,0.0,inf,0.0
Bambusa_oldhamii.Chloroplast,58923,2,22,0.0,0.0,0,0,0.0,0.0,0,0,0,0,0,census_only,Unknown,0,0.0,inf,0.0
Xerophyta_viscosa.Mitochondria,90708,2,11,0.0,0.0,0,0,0.0,0.0,0,0,0,0,0,census_only,Unknown,0,0.0,inf,0.0
Amazoninema,2218238,2,2,0.0,0.0,0,0,0.0,0.0,0,0,0,0,0,census_only,Unknown,0,0.0,inf,0.0
Phyllostachys_praecox.Mitochondria,326921,2,5,0.0,0.0,0,0,0.0,0.0,0,0,0,0,0,census_only,Unknown,0,0.0,inf,0.0
Juncus_effusus.Mitochondria,13579,2,10,0.0,0.0,0,0,0.0,0.0,0,0,0,0,0,census_only,Unknown,0,0.0,inf,0.0
Pleodorina_starrii:plas.Chloroplast,330485,2,6,0.0,0.0,0,0,0.0,0.0,0,0,0,0,0,census_only,Unknown,0,0.0,inf,0.0
Sarcinofilum_mucosum.Chloroplast,141643,2,2,0.0,0.0,0,0,0.0,0.0,0,0,0,0,0,census_only,Unknown,0,0.0,inf,0.0
Prasiolales_XX_sp.:plas.Chloroplast,N/A,2,9,0.0,0.0,0,0,0.0,0.0,0,0,0,0,0,census_only,Unknown,0,0.0,inf,0.0
Tetraselmis_cordiformis:plas.Chloroplast,426497,2,68,0.0,0.01,0,0,0.0,0.0,0,0,0,0,0,census_only,Unknown,0,0.0,inf,0.0
Golenkinia_longispicula.Chloroplast,204992,2,3,0.0,0.0,0,0,0.0,0.0,0,0,0,0,0,census_only,Unknown,0,0.0,inf,0.0
Nitzschia_sp._IriIs04.Chloroplast,1444690,2,4,0.0,0.0,0,0,0.0,0.0,0,0,0,0,0,census_only,Unknown,0,0.0,inf,0.0
Pseudopediastrum_boryanum.Chloroplast,55410,2,4,0.0,0.0,0,0,0.0,0.0,0,0,0,0,0,census_only,Unknown,0,0.0,inf,0.0
Halophibacterium,1969571,2,3,0.0,0.0,0,0,0.0,0.0,0,0,0,0,0,census_only,Unknown,0,0.0,inf,0.0
Chlorokybus_atmophyticus.Mitochondria,3144,2,7,0.0,0.0,0,0,0.0,0.0,0,0,0,0,0,census_only,Unknown,0,0.0,inf,0.0
Cosenzaea,1354333,2,3,0.0,0.0,0,0,0.0,0.0,0,0,0,0,0,census_only,Unknown,0,0.0,inf,0.0
Lawsonia,1091138,2,9,0.0,0.0,0,0,0.0,0.0,0,0,0,0,0,census_only,Unknown,0,0.0,inf,0.0
Derbesia_sp._WEST4838.Chloroplast,1847751,2,16,0.0,0.0,0,0,0.0,0.0,0,0,0,0,0,census_only,Unknown,0,0.0,inf,0.0
Geranium_himalayense.Mitochondria,105809,2,62,0.0,0.0,0,0,0.0,0.0,0,0,0,0,0,census_only,Unknown,0,0.0,inf,0.0
Alkalilactibacillus,486506,2,3,0.0,0.0,0,0,0.0,0.0,0,0,0,0,0,census_only,Unknown,0,0.0,inf,0.0
Oscillatoriales_cyanobacterium_HF1.Chloroplast,2487321,2,15,0.0,0.0,0,0,0.0,0.0,0,0,0,0,0,census_only,Unknown,0,0.0,inf,0.0
Talaromyces_rugulosus.Mitochondria,121627,2,21,0.0,0.0,0,0,0.0,0.0,0,0,0,0,0,census_only,Unknown,0,0.0,inf,0.0
Synarthrophyton_chejuense.Mitochondria,2485825,2,3,0.0,0.0,0,0,0.0,0.0,0,0,0,0,0,census_only,Unknown,0,0.0,inf,0.0
Chlorella_heliozoae.Chloroplast,554066,2,9,0.0,0.0,0,0,0.0,0.0,0,0,0,0,0,census_only,Unknown,0,0.0,inf,0.0
Pseudotsuga_menziesii_(Douglas-fir).Mitochondria,N/A,2,10,0.0,0.0,0,0,0.0,0.0,0,0,0,0,0,census_only,Unknown,0,0.0,inf,0.0
Euglena_carterae:plas.Chloroplast,216133,2,5,0.0,0.0,0,0,0.0,0.0,0,0,0,0,0,census_only,Unknown,0,0.0,inf,0.0
Spirogyra_sp._CLP-2000.Mitochondria,140028,2,9,0.0,0.0,0,0,0.0,0.0,0,0,0,0,0,census_only,Unknown,0,0.0,inf,0.0
Penicillium_sp._KCTC16092.Mitochondria,168461,2,32,0.0,0.0,0,0,0.0,0.0,0,0,0,0,0,census_only,Unknown,0,0.0,inf,0.0
Chlorokybus_atmophyticus:plas.Chloroplast,3144,2,4,0.0,0.0,0,0,0.0,0.0,0,0,0,0,0,census_only,Unknown,0,0.0,inf,0.0
Pyramimonas_tetrarhynchus:plas.Chloroplast,36896,2,3,0.0,0.0,0,0,0.0,0.0,0,0,0,0,0,census_only,Unknown,0,0.0,inf,0.0
Zygnemophyceae_XXX_sp.:plas.Chloroplast,N/A,2,11,0.0,0.0,0,0,0.0,0.0,0,0,0,0,0,census_only,Unknown,0,0.0,inf,0.0
Wautersiella,343873,2,7,0.0,0.0,0,0,0.0,0.0,0,0,0,0,0,census_only,Unknown,0,0.0,inf,0.0
Lutaonella,488548,2,4,0.0,0.0,0,0,0.0,0.0,0,0,0,0,0,census_only,Unknown,0,0.0,inf,0.0
Tellurimicrobium,1748764,2,5,0.0,0.0,0,0,0.0,0.0,0,0,0,0,0,census_only,Unknown,0,0.0,inf,0.0
Desulfoarculus,48002,2,3,0.0,0.0,0,0,0.0,0.0,0,0,0,0,0,census_only,Unknown,0,0.0,inf,0.0
Natronovirga,759413,2,2,0.0,0.0,0,0,0.0,0.0,0,0,0,0,0,census_only,Unknown,0,0.0,inf,0.0
Oxalophagus,44262,2,5,0.0,0.0,0,0,0.0,0.0,0,0,0,0,0,census_only,Unknown,0,0.0,inf,0.0
Spongiimonas,1313213,2,3,0.0,0.0,0,0,0.0,0.0,0,0,0,0,0,census_only,Unknown,0,0.0,inf,0.0
Nannochloropsis_oculata.Mitochondria,43925,2,13,0.0,0.0,0,0,0.0,0.0,0,0,0,0,0,census_only,Unknown,0,0.0,inf,0.0
Hepatozoon10_catesbianae:apic.Apicoplast,N/A,2,4,0.0,0.0,0,0,0.0,0.0,0,0,0,0,0,census_only,Unknown,0,0.0,inf,0.0
Massiliprevotella,1981037,2,36,0.0,0.0,0,0,0.0,0.0,0,0,0,0,0,census_only,Unknown,0,0.0,inf,0.0
Hydrodictyon_reticulatum:plas.Chloroplast,3107,2,14,0.0,0.0,0,0,0.0,0.0,0,0,0,0,0,census_only,Unknown,0,0.0,inf,0.0
Spongiispira,1123222,2,5,0.0,0.0,0,0,0.0,0.0,0,0,0,0,0,census_only,Unknown,0,0.0,inf,0.0
Nitella_hyalina.Mitochondria,181804,2,14,0.0,0.0,0,0,0.0,0.0,0,0,0,0,0,census_only,Unknown,0,0.0,inf,0.0
Pycnococcus_provasolii:plas.Chloroplast,41880,2,2,0.0,0.0,0,0,0.0,0.0,0,0,0,0,0,census_only,Unknown,0,0.0,inf,0.0
Thioalkalibacter,469655,2,6,0.0,0.0,0,0,0.0,0.0,0,0,0,0,0,census_only,Unknown,0,0.0,inf,0.0
Eutreptiella_pomquetensis:plas.Chloroplast,215699,2,13,0.0,0.0,0,0,0.0,0.0,0,0,0,0,0,census_only,Unknown,0,0.0,inf,0.0
Mesostigma_viride:plas.Chloroplast,41882,2,3,0.0,0.0,0,0,0.0,0.0,0,0,0,0,0,census_only,Unknown,0,0.0,inf,0.0
Trigonala,386607,2,2,0.0,0.0,0,0,0.0,0.0,0,0,0,0,0,census_only,Unknown,0,0.0,inf,0.0
uncultured_Chlorella.Chloroplast,254346,2,10,0.0,0.0,0,0,0.0,0.0,0,0,0,0,0,census_only,Unknown,0,0.0,inf,0.0
Zygnema_circumcarinatum:plas.Chloroplast,35869,2,4,0.0,0.0,0,0,0.0,0.0,0,0,0,0,0,census_only,Unknown,0,0.0,inf,0.0
Butyratibacter,2029868,2,2,0.0,0.0,0,0,0.0,0.0,0,0,0,0,0,census_only,Unknown,0,0.0,inf,0.0
Nannochloropsis_limnetica:plas.Chloroplast,120807,2,25,0.0,0.0,0,0,0.0,0.0,0,0,0,0,0,census_only,Unknown,0,0.0,inf,0.0
uncultured_Chlorophyta.Chloroplast,171245,2,14,0.0,0.0,0,0,0.0,0.0,0,0,0,0,0,census_only,Unknown,0,0.0,inf,0.0
Resultor_mikron:plas.Chloroplast,41884,2,17,0.0,0.0,0,0,0.0,0.0,0,0,0,0,0,census_only,Unknown,0,0.0,inf,0.0
Avrainvillea_lacerata:plas.Chloroplast,575871,2,2,0.0,0.0,0,0,0.0,0.0,0,0,0,0,0,census_only,Unknown,0,0.0,inf,0.0
Vibrionimonas,1649511,2,11,0.0,0.0,0,0,0.0,0.0,0,0,0,0,0,census_only,Unknown,0,0.0,inf,0.0
Natronoanaerobium,114261,2,7,0.0,0.0,0,0,0.0,0.0,0,0,0,0,0,census_only,Unknown,0,0.0,inf,0.0
Syntrichia_ruralis:plas.Chloroplast,38588,2,22,0.0,0.0,0,0,0.0,0.0,0,0,0,0,0,census_only,Unknown,0,0.0,inf,0.0
groundwater_metagenome.Chloroplast,717931,2,3,0.0,0.0,0,0,0.0,0.0,0,0,0,0,0,census_only,Unknown,0,0.0,inf,0.0
Lauderia_annulata:plas.Chloroplast,382366,2,3,0.0,0.0,0,0,0.0,0.0,0,0,0,0,0,census_only,Unknown,0,0.0,inf,0.0
Rhodella_violacea:plas.Chloroplast,2801,2,4,0.0,0.0,0,0,0.0,0.0,0,0,0,0,0,census_only,Unknown,0,0.0,inf,0.0
Porphyridium_aerugineum:plas.Chloroplast,2792,2,12,0.0,0.0,0,0,0.0,0.0,0,0,0,0,0,census_only,Unknown,0,0.0,inf,0.0
Dechlorospirillum,100867,2,20,0.0,0.0,0,0,0.0,0.0,0,0,0,0,0,census_only,Unknown,0,0.0,inf,0.0
Neolyngbya,2066937,2,20,0.0,0.0,0,0,0.0,0.0,0,0,0,0,0,census_only,Unknown,0,0.0,inf,0.0
Asterionellopsis_glacialis:plas.Chloroplast,33640,2,3,0.0,0.0,0,0,0.0,0.0,0,0,0,0,0,census_only,Unknown,0,0.0,inf,0.0
Trachelomonas_sp._Pungcheon093006A.Chloroplast,1685820,2,4,0.0,0.0,0,0,0.0,0.0,0,0,0,0,0,census_only,Unknown,0,0.0,inf,0.0
Macrochaete,1844958,2,3,0.0,0.0,0,0,0.0,0.0,0,0,0,0,0,census_only,Unknown,0,0.0,inf,0.0
Chlorella_variabilis.Chloroplast,554065,2,5,0.0,0.0,0,0,0.0,0.0,0,0,0,0,0,census_only,Unknown,0,0.0,inf,0.0
Prymnesiophyceae_XXX_sp.:plas.Chloroplast,N/A,2,9,0.0,0.0,0,0,0.0,0.0,0,0,0,0,0,census_only,Unknown,0,0.0,inf,0.0
Cephalothrix,1844514,2,15,0.0,0.0,0,0,0.0,0.0,0,0,0,0,0,census_only,Unknown,0,0.0,inf,0.0
Antithamnion_sp.:plas.Chloroplast,N/A,2,5,0.0,0.0,0,0,0.0,0.0,0,0,0,0,0,census_only,Unknown,0,0.0,inf,0.0
Saccharina_japonica:plas.Chloroplast,88149,2,19,0.0,0.0,0,0,0.0,0.0,0,0,0,0,0,census_only,Unknown,0,0.0,inf,0.0
Pseudophormidium,268156,2,13,0.0,0.0,0,0,0.0,0.0,0,0,0,0,0,census_only,Unknown,0,0.0,inf,0.0
Plagiogrammopsis_vanheurckii.Chloroplast,1234821,2,15,0.0,0.0,0,0,0.0,0.0,0,0,0,0,0,census_only,Unknown,0,0.0,inf,0.0
Mamiellaceae_X_sp.:plas.Chloroplast,N/A,2,40,0.0,0.0,0,0,0.0,0.0,0,0,0,0,0,census_only,Unknown,0,0.0,inf,0.0
Megaceros_tosanus:mito.Mitochondria,93616,2,5,0.0,0.0,0,0,0.0,0.0,0,0,0,0,0,census_only,Unknown,0,0.0,inf,0.0
Bacillaria_paxillifera:plas.Chloroplast,N/A,2,4,0.0,0.0,0,0,0.0,0.0,0,0,0,0,0,census_only,Unknown,0,0.0,inf,0.0
Antarcticimonas,442727,2,2,0.0,0.0,0,0,0.0,0.0,0,0,0,0,0,census_only,Unknown,0,0.0,inf,0.0
Rhipiliopsis_profunda:plas.Chloroplast,575876,2,3,0.0,0.0,0,0,0.0,0.0,0,0,0,0,0,census_only,Unknown,0,0.0,inf,0.0
Emiliania_huxleyi:plas.Chloroplast,2903,2,23,0.0,0.0,0,0,0.0,0.0,0,0,0,0,0,census_only,Unknown,0,0.0,inf,0.0
Aspergillus_terricola.Mitochondria,36642,2,30,0.0,0.0,0,0,0.0,0.0,0,0,0,0,0,census_only,Unknown,0,0.0,inf,0.0
Vigna_unguiculata_subsp._unguiculata_(cowpea).Chloroplast,N/A,2,15,0.0,0.0,0,0,0.0,0.0,0,0,0,0,0,census_only,Unknown,0,0.0,inf,0.0
Braarudosphaera_bigelowii:plas.Chloroplast,373042,2,10,0.0,0.0,0,0,0.0,0.0,0,0,0,0,0,census_only,Unknown,0,0.0,inf,0.0
Talaromyces_phialosporus.Mitochondria,128439,2,19,0.0,0.0,0,0,0.0,0.0,0,0,0,0,0,census_only,Unknown,0,0.0,inf,0.0
Lotharella_oceanica.Chloroplast,641309,2,9,0.0,0.0,0,0,0.0,0.0,0,0,0,0,0,census_only,Unknown,0,0.0,inf,0.0
Chlamydomonas_moewusii.Chloroplast,3054,2,7,0.0,0.0,0,0,0.0,0.0,0,0,0,0,0,census_only,Unknown,0,0.0,inf,0.0
Flintiella_sanguinaria.Chloroplast,101926,2,4,0.0,0.0,0,0,0.0,0.0,0,0,0,0,0,census_only,Unknown,0,0.0,inf,0.0
Marsupiomonas_sp._NIES_1824.Chloroplast,1562198,2,59,0.0,0.0,0,0,0.0,0.0,0,0,0,0,0,census_only,Unknown,0,0.0,inf,0.0
Thalassiosira_sp.:plas.Chloroplast,N/A,2,2,0.0,0.0,0,0,0.0,0.0,0,0,0,0,0,census_only,Unknown,0,0.0,inf,0.0
Ulvophyceae_XXX_sp.:plas.Chloroplast,N/A,2,3,0.0,0.0,0,0,0.0,0.0,0,0,0,0,0,census_only,Unknown,0,0.0,inf,0.0
Palmaria_palmata_(Dulse).Chloroplast,N/A,2,20,0.0,0.0,0,0,0.0,0.0,0,0,0,0,0,census_only,Unknown,0,0.0,inf,0.0
Chlorogonium_capillatum.Chloroplast,71743,2,7,0.0,0.0,0,0,0.0,0.0,0,0,0,0,0,census_only,Unknown,0,0.0,inf,0.0
Aulacoseira_granulata:plas.Chloroplast,285082,2,19,0.0,0.0,0,0,0.0,0.0,0,0,0,0,0,census_only,Unknown,0,0.0,inf,0.0
Salinovum,1930618,2,2,0.0,0.0,0,0,0.0,0.0,0,0,0,0,0,census_only,Unknown,0,0.0,inf,0.0
Letharia_columbiana.Mitochondria,112416,2,5,0.0,0.0,0,0,0.0,0.0,0,0,0,0,0,census_only,Unknown,0,0.0,inf,0.0
Gracilaria_chouae.Mitochondria,1172980,2,9,0.0,0.0,0,0,0.0,0.0,0,0,0,0,0,census_only,Unknown,0,0.0,inf,0.0
Nitrobacteria,267929,2,3,0.0,0.0,0,0,0.0,0.0,0,0,0,0,0,census_only,Unknown,0,0.0,inf,0.0
Leptosira_terrestris:plas.Chloroplast,34116,2,18,0.0,0.0,0,0,0.0,0.0,0,0,0,0,0,census_only,Unknown,0,0.0,inf,0.0
Phacus_trimarginatus:plas.Chloroplast,682643,2,9,0.0,0.0,0,0,0.0,0.0,0,0,0,0,0,census_only,Unknown,0,0.0,inf,0.0
Frondibacter,1655196,2,2,0.0,0.0,0,0,0.0,0.0,0,0,0,0,0,census_only,Unknown,0,0.0,inf,0.0
Taeania,1867031,2,3,0.0,0.0,0,0,0.0,0.0,0,0,0,0,0,census_only,Unknown,0,0.0,inf,0.0
Euglena_geniculata:plas.Chloroplast,38274,2,5,0.0,0.0,0,0,0.0,0.0,0,0,0,0,0,census_only,Unknown,0,0.0,inf,0.0
Chaetoceros_affinis.Chloroplast,426623,2,3,0.0,0.0,0,0,0.0,0.0,0,0,0,0,0,census_only,Unknown,0,0.0,inf,0.0
Ananas_comosus_(pineapple).Mitochondria,N/A,2,3,0.0,0.0,0,0,0.0,0.0,0,0,0,0,0,census_only,Unknown,0,0.0,inf,0.0
Metabacterium,38777,2,4,0.0,0.0,0,0,0.0,0.0,0,0,0,0,0,census_only,Unknown,0,0.0,inf,0.0
Poterioochromonas_sp._DS.Chloroplast,519425,2,9,0.0,0.0,0,0,0.0,0.0,0,0,0,0,0,census_only,Unknown,0,0.0,inf,0.0
Corallomonas,1433994,2,3,0.0,0.0,0,0,0.0,0.0,0,0,0,0,0,census_only,Unknown,0,0.0,inf,0.0
Gracilaria_salicornia.Mitochondria,172968,2,2,0.0,0.0,0,0,0.0,0.0,0,0,0,0,0,census_only,Unknown,0,0.0,inf,0.0
Eimeria1_tenella:apic.Apicoplast,N/A,2,2,0.0,0.0,0,0,0.0,0.0,0,0,0,0,0,census_only,Unknown,0,0.0,inf,0.0
Penicillium_nordicum.Mitochondria,229535,2,3,0.0,0.0,0,0,0.0,0.0,0,0,0,0,0,census_only,Unknown,0,0.0,inf,0.0
Persicaria_minor.Chloroplast,488003,2,3,0.0,0.0,0,0,0.0,0.0,0,0,0,0,0,census_only,Unknown,0,0.0,inf,0.0
Ochrosphaera_sp.:plas.Chloroplast,N/A,2,3,0.0,0.0,0,0,0.0,0.0,0,0,0,0,0,census_only,Unknown,0,0.0,inf,0.0
Epidermophyton_floccosum.Mitochondria,34391,2,2,0.0,0.0,0,0,0.0,0.0,0,0,0,0,0,census_only,Unknown,0,0.0,inf,0.0
Characiochloris_acuminata.Chloroplast,167768,2,2,0.0,0.0,0,0,0.0,0.0,0,0,0,0,0,census_only,Unknown,0,0.0,inf,0.0
Colobanthus_quitensis.Chloroplast,552857,2,88,0.0,0.01,0,0,0.0,0.0,0,0,0,0,0,census_only,Unknown,0,0.0,inf,0.0
Asterionella_ralfsii:plas.Chloroplast,449143,2,3,0.0,0.0,0,0,0.0,0.0,0,0,0,0,0,census_only,Unknown,0,0.0,inf,0.0
Euglena_sanguinea.Chloroplast,130315,2,5,0.0,0.0,0,0,0.0,0.0,0,0,0,0,0,census_only,Unknown,0,0.0,inf,0.0
Blennothrix,483695,2,3,0.0,0.0,0,0,0.0,0.0,0,0,0,0,0,census_only,Unknown,0,0.0,inf,0.0
Parmotrema_stuppeum.Mitochondria,2041279,2,3,0.0,0.0,0,0,0.0,0.0,0,0,0,0,0,census_only,Unknown,0,0.0,inf,0.0
Medicago_sativa:plas.Chloroplast,3879,2,49,0.0,0.0,0,0,0.0,0.0,0,0,0,0,0,census_only,Unknown,0,0.0,inf,0.0
Pavlova_lutheri:plas.Chloroplast,2081491,2,13,0.0,0.0,0,0,0.0,0.0,0,0,0,0,0,census_only,Unknown,0,0.0,inf,0.0
Monomorphina_rudicula:plas.Chloroplast,298300,2,7,0.0,0.0,0,0,0.0,0.0,0,0,0,0,0,census_only,Unknown,0,0.0,inf,0.0
Pectinodesmus_pectinatus.Chloroplast,91197,2,2,0.0,0.0,0,0,0.0,0.0,0,0,0,0,0,census_only,Unknown,0,0.0,inf,0.0
Musa_itinerans.Mitochondria,574487,2,7,0.0,0.0,0,0,0.0,0.0,0,0,0,0,0,census_only,Unknown,0,0.0,inf,0.0
Lepidodinium_viride:plas.Chloroplast,66471,2,2,0.0,0.0,0,0,0.0,0.0,0,0,0,0,0,census_only,Unknown,0,0.0,inf,0.0
Talaromyces_funiculosus.Mitochondria,28572,2,4,0.0,0.0,0,0,0.0,0.0,0,0,0,0,0,census_only,Unknown,0,0.0,inf,0.0
Colletotrichum_tamarilloi.Mitochondria,1209934,2,7,0.0,0.0,0,0,0.0,0.0,0,0,0,0,0,census_only,Unknown,0,0.0,inf,0.0
Mychonastes_jurisii.Chloroplast,797708,2,17,0.0,0.0,0,0,0.0,0.0,0,0,0,0,0,census_only,Unknown,0,0.0,inf,0.0
Pedinomonas_tuberculata:plas.Chloroplast,160064,2,3,0.0,0.0,0,0,0.0,0.0,0,0,0,0,0,census_only,Unknown,0,0.0,inf,0.0
Pilostyles_hamiltonii:plas.Chloroplast,448041,2,9,0.0,0.0,0,0,0.0,0.0,0,0,0,0,0,census_only,Unknown,0,0.0,inf,0.0
Yucca_schidigera:plas.Chloroplast,334597,2,4,0.0,0.0,0,0,0.0,0.0,0,0,0,0,0,census_only,Unknown,0,0.0,inf,0.0
Pterocladia_musciformis.Mitochondria,2699131,2,3,0.0,0.0,0,0,0.0,0.0,0,0,0,0,0,census_only,Unknown,0,0.0,inf,0.0
Ophiostoma_carpenteri.Mitochondria,360149,2,3,0.0,0.0,0,0,0.0,0.0,0,0,0,0,0,census_only,Unknown,0,0.0,inf,0.0
Phytophthora_pluvialis.Mitochondria,1330343,2,16,0.0,0.0,0,0,0.0,0.0,0,0,0,0,0,census_only,Unknown,0,0.0,inf,0.0
Corynaea_crassa:plas.Chloroplast,50121,2,98,0.0,0.01,0,0,0.0,0.0,0,0,0,0,0,census_only,Unknown,0,0.0,inf,0.0
Ostreobium_sp._HV05042.Chloroplast,1979227,2,3,0.0,0.0,0,0,0.0,0.0,0,0,0,0,0,census_only,Unknown,0,0.0,inf,0.0
Parmotrema_ultralucens.Mitochondria,2486653,2,5,0.0,0.0,0,0,0.0,0.0,0,0,0,0,0,census_only,Unknown,0,0.0,inf,0.0
Teleaulax_sp.:plas.Chloroplast,N/A,2,2,0.0,0.0,0,0,0.0,0.0,0,0,0,0,0,census_only,Unknown,0,0.0,inf,0.0
Vigna_unguiculata:plas.Chloroplast,3917,2,12,0.0,0.0,0,0,0.0,0.0,0,0,0,0,0,census_only,Unknown,0,0.0,inf,0.0
Penicillium_sp._KCTC16087.Mitochondria,152763,2,8,0.0,0.0,0,0,0.0,0.0,0,0,0,0,0,census_only,Unknown,0,0.0,inf,0.0
Beauveria_bassiana.Mitochondria,176275,2,13,0.0,0.0,0,0,0.0,0.0,0,0,0,0,0,census_only,Unknown,0,0.0,inf,0.0
Chroomonas_placoidea.Chloroplast,173977,2,3,0.0,0.0,0,0,0.0,0.0,0,0,0,0,0,census_only,Unknown,0,0.0,inf,0.0
Mesopedinella_arctica:plas.Chloroplast,296676,2,3,0.0,0.0,0,0,0.0,0.0,0,0,0,0,0,census_only,Unknown,0,0.0,inf,0.0
Chlorella_pyrenoidosa.Chloroplast,3078,2,2,0.0,0.0,0,0,0.0,0.0,0,0,0,0,0,census_only,Unknown,0,0.0,inf,0.0
Cymbomonas_tetramitiformis:plas.Chloroplast,36881,2,2,0.0,0.0,0,0,0.0,0.0,0,0,0,0,0,census_only,Unknown,0,0.0,inf,0.0
Trichophyton_mentagrophytes.Mitochondria,523103,2,5,0.0,0.0,0,0,0.0,0.0,0,0,0,0,0,census_only,Unknown,0,0.0,inf,0.0
Trichosanthes_kirilowii.Mitochondria,3677,2,4,0.0,0.0,0,0,0.0,0.0,0,0,0,0,0,census_only,Unknown,0,0.0,inf,0.0
Rhipidosiphon_javensis:plas.Chloroplast,575866,2,4,0.0,0.0,0,0,0.0,0.0,0,0,0,0,0,census_only,Unknown,0,0.0,inf,0.0
Lotharella_vacuolata:plas.Chloroplast,74820,2,2,0.0,0.0,0,0,0.0,0.0,0,0,0,0,0,census_only,Unknown,0,0.0,inf,0.0
Rhizochromulina_sp.:plas.Chloroplast,N/A,2,11,0.0,0.0,0,0,0.0,0.0,0,0,0,0,0,census_only,Unknown,0,0.0,inf,0.0
Kappaphycus_alvarezii.Mitochondria,38544,2,2,0.0,0.0,0,0,0.0,0.0,0,0,0,0,0,census_only,Unknown,0,0.0,inf,0.0
Tolypocladium_japonicum.Mitochondria,94206,2,3,0.0,0.0,0,0,0.0,0.0,0,0,0,0,0,census_only,Unknown,0,0.0,inf,0.0
Saccharum_hybrid_cultivar.Mitochondria,128810,2,5,0.0,0.0,0,0,0.0,0.0,0,0,0,0,0,census_only,Unknown,0,0.0,inf,0.0
Alectoria_fallacina.Mitochondria,1903189,2,3,0.0,0.0,0,0,0.0,0.0,0,0,0,0,0,census_only,Unknown,0,0.0,inf,0.0
Sphagnum_squarrosum:plas.Chloroplast,128240,2,2,0.0,0.0,0,0,0.0,0.0,0,0,0,0,0,census_only,Unknown,0,0.0,inf,0.0
Pedinomonadaceae_X_sp.:plas.Chloroplast,N/A,1,2,0.0,0.0,0,0,0.0,0.0,0,0,0,0,0,census_only,Unknown,0,0.0,inf,0.0
Anguilla_anguilla_(European_eel).Chloroplast,N/A,1,1,0.0,0.0,0,0,0.0,0.0,0,0,0,0,0,census_only,Unknown,0,0.0,inf,0.0
Halimeda_minima.Chloroplast,170427,1,2,0.0,0.0,0,0,0.0,0.0,0,0,0,0,0,census_only,Unknown,0,0.0,inf,0.0
Prototheca_wickerhamii.Mitochondria,3111,1,7,0.0,0.0,0,0,0.0,0.0,0,0,0,0,0,census_only,Unknown,0,0.0,inf,0.0
Chaetoceros_muellerii:plas.Chloroplast,265525,1,1,0.0,0.0,0,0,0.0,0.0,0,0,0,0,0,census_only,Unknown,0,0.0,inf,0.0
Linum_usitatissimum_(flax).Mitochondria,N/A,1,1,0.0,0.0,0,0,0.0,0.0,0,0,0,0,0,census_only,Unknown,0,0.0,inf,0.0
Chlamydomonas_sphaeroides.Chloroplast,28458,1,1,0.0,0.0,0,0,0.0,0.0,0,0,0,0,0,census_only,Unknown,0,0.0,inf,0.0
Eosphagnum_rigescens.Mitochondria,1846180,1,1,0.0,0.0,0,0,0.0,0.0,0,0,0,0,0,census_only,Unknown,0,0.0,inf,0.0
Olea_woodiana:plas.Chloroplast,495748,1,1,0.0,0.0,0,0,0.0,0.0,0,0,0,0,0,census_only,Unknown,0,0.0,inf,0.0
Storeatula_sp._CCMP1868.Chloroplast,195070,1,1,0.0,0.0,0,0,0.0,0.0,0,0,0,0,0,census_only,Unknown,0,0.0,inf,0.0
Georgeantha_hexandra:plas.Chloroplast,99124,1,1,0.0,0.0,0,0,0.0,0.0,0,0,0,0,0,census_only,Unknown,0,0.0,inf,0.0
Luffa_aegyptiaca_(smooth_loofah).Mitochondria,N/A,1,1,0.0,0.0,0,0,0.0,0.0,0,0,0,0,0,census_only,Unknown,0,0.0,inf,0.0
Microglena_monadina.Chloroplast,47904,1,1,0.0,0.0,0,0,0.0,0.0,0,0,0,0,0,census_only,Unknown,0,0.0,inf,0.0
Bangiopsis_subsimplex.Chloroplast,139980,1,1,0.0,0.0,0,0,0.0,0.0,0,0,0,0,0,census_only,Unknown,0,0.0,inf,0.0
Gracilariopsis_heteroclada.Mitochondria,172978,1,2,0.0,0.0,0,0,0.0,0.0,0,0,0,0,0,census_only,Unknown,0,0.0,inf,0.0
Partenskyella_glossopodia.Chloroplast,552666,1,1,0.0,0.0,0,0,0.0,0.0,0,0,0,0,0,census_only,Unknown,0,0.0,inf,0.0
Cissus_rotundifolia:plas.Chloroplast,416102,1,5,0.0,0.0,0,0,0.0,0.0,0,0,0,0,0,census_only,Unknown,0,0.0,inf,0.0
Araphid-pennate_X_sp.:plas.Chloroplast,N/A,1,1,0.0,0.0,0,0,0.0,0.0,0,0,0,0,0,census_only,Unknown,0,0.0,inf,0.0
Flatbergium_novo-caledoniae.Mitochondria,1846179,1,5,0.0,0.0,0,0,0.0,0.0,0,0,0,0,0,census_only,Unknown,0,0.0,inf,0.0
Tetracentron_sinense:plas.Chloroplast,13715,1,1,0.0,0.0,0,0,0.0,0.0,0,0,0,0,0,census_only,Unknown,0,0.0,inf,0.0
Teleaulax_amphioxeia:plas.Chloroplast,77931,1,1,0.0,0.0,0,0,0.0,0.0,0,0,0,0,0,census_only,Unknown,0,0.0,inf,0.0
Capsicum_annuum.Chloroplast,4072,1,3,0.0,0.0,0,0,0.0,0.0,0,0,0,0,0,census_only,Unknown,0,0.0,inf,0.0
Frullania_dilatata:plas.Chloroplast,106129,1,1,0.0,0.0,0,0,0.0,0.0,0,0,0,0,0,census_only,Unknown,0,0.0,inf,0.0
Chlamydomonas_moewusii:plas.Chloroplast,3054,1,3,0.0,0.0,0,0,0.0,0.0,0,0,0,0,0,census_only,Unknown,0,0.0,inf,0.0
Polypodium_aureum.Mitochondria,49545,1,2,0.0,0.0,0,0,0.0,0.0,0,0,0,0,0,census_only,Unknown,0,0.0,inf,0.0
Pogonatum_subfuscatum:plas.Chloroplast,1312527,1,1,0.0,0.0,0,0,0.0,0.0,0,0,0,0,0,census_only,Unknown,0,0.0,inf,0.0
Oryza_meyeriana.Chloroplast,83307,1,6,0.0,0.0,0,0,0.0,0.0,0,0,0,0,0,census_only,Unknown,0,0.0,inf,0.0
Marchantia_paleacea:mito.Mitochondria,56867,1,3,0.0,0.0,0,0,0.0,0.0,0,0,0,0,0,census_only,Unknown,0,0.0,inf,0.0
Monotropastrum_sciaphilum.Chloroplast,1223319,1,1,0.0,0.0,0,0,0.0,0.0,0,0,0,0,0,census_only,Unknown,0,0.0,inf,0.0
Tetraselmis_sp._GSL018.Chloroplast,582737,1,2,0.0,0.0,0,0,0.0,0.0,0,0,0,0,0,census_only,Unknown,0,0.0,inf,0.0
Pinus_thunbergii:plas.Chloroplast,3350,1,1,0.0,0.0,0,0,0.0,0.0,0,0,0,0,0,census_only,Unknown,0,0.0,inf,0.0
Bangiaceae_X_sp.:plas.Chloroplast,N/A,1,1,0.0,0.0,0,0,0.0,0.0,0,0,0,0,0,census_only,Unknown,0,0.0,inf,0.0
Chrysochromulina_throndsenii:plas.Chloroplast,97488,1,1,0.0,0.0,0,0,0.0,0.0,0,0,0,0,0,census_only,Unknown,0,0.0,inf,0.0
Rappephyceae_XXX_sp.:plas.Chloroplast,N/A,1,1,0.0,0.0,0,0,0.0,0.0,0,0,0,0,0,census_only,Unknown,0,0.0,inf,0.0
Trachelomonas_sp._NJ2.Chloroplast,1685817,1,1,0.0,0.0,0,0,0.0,0.0,0,0,0,0,0,census_only,Unknown,0,0.0,inf,0.0
Chlorotetraedron_incus.Chloroplast,162317,1,2,0.0,0.0,0,0,0.0,0.0,0,0,0,0,0,census_only,Unknown,0,0.0,inf,0.0
Pandanus_utilis:plas.Chloroplast,101712,1,1,0.0,0.0,0,0,0.0,0.0,0,0,0,0,0,census_only,Unknown,0,0.0,inf,0.0
Navicula_sp.:plas.Chloroplast,N/A,1,1,0.0,0.0,0,0,0.0,0.0,0,0,0,0,0,census_only,Unknown,0,0.0,inf,0.0
Oryza_sativa_Indica_Group_(long-grained_rice).Mitochondria,N/A,1,1,0.0,0.0,0,0,0.0,0.0,0,0,0,0,0,census_only,Unknown,0,0.0,inf,0.0
Chlamydomonas_leiostraca.Chloroplast,1034604,1,2,0.0,0.0,0,0,0.0,0.0,0,0,0,0,0,census_only,Unknown,0,0.0,inf,0.0
Trachelomonas_oblonga:plas.Chloroplast,191722,1,4,0.0,0.0,0,0,0.0,0.0,0,0,0,0,0,census_only,Unknown,0,0.0,inf,0.0
Paeonia_suffruticosa_(tree_peony).Mitochondria,N/A,1,1,0.0,0.0,0,0,0.0,0.0,0,0,0,0,0,census_only,Unknown,0,0.0,inf,0.0
Viola_uliginosa.Mitochondria,502525,1,3,0.0,0.0,0,0,0.0,0.0,0,0,0,0,0,census_only,Unknown,0,0.0,inf,0.0
Gerbera_hybrid_cultivar.Mitochondria,18101,1,13,0.0,0.0,0,0,0.0,0.0,0,0,0,0,0,census_only,Unknown,0,0.0,inf,0.0
Calypogeia_suecica.Mitochondria,373805,1,3,0.0,0.0,0,0,0.0,0.0,0,0,0,0,0,census_only,Unknown,0,0.0,inf,0.0
Dapisostemon,1914256,1,2,0.0,0.0,0,0,0.0,0.0,0,0,0,0,0,census_only,Unknown,0,0.0,inf,0.0
Tritomaria_quinquedentata.Mitochondria,248352,1,1,0.0,0.0,0,0,0.0,0.0,0,0,0,0,0,census_only,Unknown,0,0.0,inf,0.0
Hariotina_sp._MMOGRB0030F.Chloroplast,1867922,1,2,0.0,0.0,0,0,0.0,0.0,0,0,0,0,0,census_only,Unknown,0,0.0,inf,0.0
Chenopodium_quinoa_(quinoa).Mitochondria,N/A,1,4,0.0,0.0,0,0,0.0,0.0,0,0,0,0,0,census_only,Unknown,0,0.0,inf,0.0
Glycine_max_(soybean).Mitochondria,N/A,1,4,0.0,0.0,0,0,0.0,0.0,0,0,0,0,0,census_only,Unknown,0,0.0,inf,0.0
Diplostephium_hartwegii.Mitochondria,1716017,1,1,0.0,0.0,0,0,0.0,0.0,0,0,0,0,0,census_only,Unknown,0,0.0,inf,0.0
Castanea_mollissima_(Chinese_chestnut).Chloroplast,N/A,1,2,0.0,0.0,0,0,0.0,0.0,0,0,0,0,0,census_only,Unknown,0,0.0,inf,0.0
Romeria,945765,1,4,0.0,0.0,0,0,0.0,0.0,0,0,0,0,0,census_only,Unknown,0,0.0,inf,0.0
Juniperus_virginiana.Mitochondria,39584,1,5,0.0,0.0,0,0,0.0,0.0,0,0,0,0,0,census_only,Unknown,0,0.0,inf,0.0
Colacium_vesiculosum.Chloroplast,102910,1,2,0.0,0.0,0,0,0.0,0.0,0,0,0,0,0,census_only,Unknown,0,0.0,inf,0.0
Pleurocladia_lacustris.Chloroplast,246121,1,2,0.0,0.0,0,0,0.0,0.0,0,0,0,0,0,census_only,Unknown,0,0.0,inf,0.0
Nyholmiella_gymnostoma.Mitochondria,478072,1,2,0.0,0.0,0,0,0.0,0.0,0,0,0,0,0,census_only,Unknown,0,0.0,inf,0.0
Cellulosibacter,1246649,1,2,0.0,0.0,0,0,0.0,0.0,0,0,0,0,0,census_only,Unknown,0,0.0,inf,0.0
Astrosporangium,404932,1,3,0.0,0.0,0,0,0.0,0.0,0,0,0,0,0,census_only,Unknown,0,0.0,inf,0.0
Arabidopsis_thaliana_(thale_cress).Mitochondria,N/A,1,4,0.0,0.0,0,0,0.0,0.0,0,0,0,0,0,census_only,Unknown,0,0.0,inf,0.0
Glyptostrobus_pensilis:plas.Chloroplast,28978,1,2,0.0,0.0,0,0,0.0,0.0,0,0,0,0,0,census_only,Unknown,0,0.0,inf,0.0
Cuscuta_pentagona.Mitochondria,112407,1,3,0.0,0.0,0,0,0.0,0.0,0,0,0,0,0,census_only,Unknown,0,0.0,inf,0.0
Epipogium_roseum.Chloroplast,556037,1,2,0.0,0.0,0,0,0.0,0.0,0,0,0,0,0,census_only,Unknown,0,0.0,inf,0.0
Pyropia_yezoensis.Mitochondria,2788,1,19,0.0,0.0,0,0,0.0,0.0,0,0,0,0,0,census_only,Unknown,0,0.0,inf,0.0
Diplazium_pycnocarpon.Mitochondria,86699,1,11,0.0,0.0,0,0,0.0,0.0,0,0,0,0,0,census_only,Unknown,0,0.0,inf,0.0
Azolla_pinnata.Mitochondria,99433,1,10,0.0,0.0,0,0,0.0,0.0,0,0,0,0,0,census_only,Unknown,0,0.0,inf,0.0
Gleditsia_sinensis.Mitochondria,66096,1,1,0.0,0.0,0,0,0.0,0.0,0,0,0,0,0,census_only,Unknown,0,0.0,inf,0.0
Phegopteris_hexagonoptera.Mitochondria,93619,1,4,0.0,0.0,0,0,0.0,0.0,0,0,0,0,0,census_only,Unknown,0,0.0,inf,0.0
Guettarda_scabra.Mitochondria,153753,1,2,0.0,0.0,0,0,0.0,0.0,0,0,0,0,0,census_only,Unknown,0,0.0,inf,0.0
Azolla_filiculoides.Mitochondria,84609,1,16,0.0,0.0,0,0,0.0,0.0,0,0,0,0,0,census_only,Unknown,0,0.0,inf,0.0
Porphyrosiphon,2049361,1,4,0.0,0.0,0,0,0.0,0.0,0,0,0,0,0,census_only,Unknown,0,0.0,inf,0.0
Closteriopsis_acicularis:plas.Chloroplast,82138,1,8,0.0,0.0,0,0,0.0,0.0,0,0,0,0,0,census_only,Unknown,0,0.0,inf,0.0
Racemicystis,1954229,1,4,0.0,0.0,0,0,0.0,0.0,0,0,0,0,0,census_only,Unknown,0,0.0,inf,0.0
Jahnella,224461,1,5,0.0,0.0,0,0,0.0,0.0,0,0,0,0,0,census_only,Unknown,0,0.0,inf,0.0
Eosphagnum_rigescens.Chloroplast,1846180,1,2,0.0,0.0,0,0,0.0,0.0,0,0,0,0,0,census_only,Unknown,0,0.0,inf,0.0
Arenimicrobium,2048907,1,18,0.0,0.0,0,0,0.0,0.0,0,0,0,0,0,census_only,Unknown,0,0.0,inf,0.0
Brevitalea,2048911,1,6,0.0,0.0,0,0,0.0,0.0,0,0,0,0,0,census_only,Unknown,0,0.0,inf,0.0
Rhipilia_crassa:plas.Chloroplast,575874,1,2,0.0,0.0,0,0,0.0,0.0,0,0,0,0,0,census_only,Unknown,0,0.0,inf,0.0
Codium_arabicum:plas.Chloroplast,221038,1,10,0.0,0.0,0,0,0.0,0.0,0,0,0,0,0,census_only,Unknown,0,0.0,inf,0.0
Mnium_hornum:plas.Chloroplast,41835,1,3,0.0,0.0,0,0,0.0,0.0,0,0,0,0,0,census_only,Unknown,0,0.0,inf,0.0
Apophlaea_sinclairii.Chloroplast,212746,1,2,0.0,0.0,0,0,0.0,0.0,0,0,0,0,0,census_only,Unknown,0,0.0,inf,0.0
uncultured_marine_bacterium.Chloroplast,56765,1,26,0.0,0.0,0,0,0.0,0.0,0,0,0,0,0,census_only,Unknown,0,0.0,inf,0.0
Morus_notabilis.Mitochondria,981085,1,3,0.0,0.0,0,0,0.0,0.0,0,0,0,0,0,census_only,Unknown,0,0.0,inf,0.0
Equisetum_arvense_(field_horsetail).Mitochondria,N/A,1,3,0.0,0.0,0,0,0.0,0.0,0,0,0,0,0,census_only,Unknown,0,0.0,inf,0.0
Syzygium_luehmannii.Mitochondria,219890,1,2,0.0,0.0,0,0,0.0,0.0,0,0,0,0,0,census_only,Unknown,0,0.0,inf,0.0
Parachlorella_kessleri:plas.Chloroplast,3074,1,25,0.0,0.0,0,0,0.0,0.0,0,0,0,0,0,census_only,Unknown,0,0.0,inf,0.0
wastewater_metagenome.Chloroplast,527639,1,16,0.0,0.0,0,0,0.0,0.0,0,0,0,0,0,census_only,Unknown,0,0.0,inf,0.0
Caldanaerocella,265002,1,2,0.0,0.0,0,0,0.0,0.0,0,0,0,0,0,census_only,Unknown,0,0.0,inf,0.0
uncultured_organism.Chloroplast,155900,1,2,0.0,0.0,0,0,0.0,0.0,0,0,0,0,0,census_only,Unknown,0,0.0,inf,0.0
Pedobesia_claviformis.Chloroplast,2364088,1,7,0.0,0.0,0,0,0.0,0.0,0,0,0,0,0,census_only,Unknown,0,0.0,inf,0.0
Annwoodia,2008781,1,2,0.0,0.0,0,0,0.0,0.0,0,0,0,0,0,census_only,Unknown,0,0.0,inf,0.0
Polygonibacillus,1890224,1,3,0.0,0.0,0,0,0.0,0.0,0,0,0,0,0,census_only,Unknown,0,0.0,inf,0.0
Palmophyllum_crassum.Chloroplast,1615899,1,2,0.0,0.0,0,0,0.0,0.0,0,0,0,0,0,census_only,Unknown,0,0.0,inf,0.0
Angiopteris_lygodiifolia_(turnip_fern).Mitochondria,N/A,1,3,0.0,0.0,0,0,0.0,0.0,0,0,0,0,0,census_only,Unknown,0,0.0,inf,0.0
Fermentibacillus,1817571,1,1,0.0,0.0,0,0,0.0,0.0,0,0,0,0,0,census_only,Unknown,0,0.0,inf,0.0
Tonsilliphilus,214013,1,2,0.0,0.0,0,0,0.0,0.0,0,0,0,0,0,census_only,Unknown,0,0.0,inf,0.0
Cylindrocystis_brebissonii.Chloroplast,102167,1,2,0.0,0.0,0,0,0.0,0.0,0,0,0,0,0,census_only,Unknown,0,0.0,inf,0.0
Gossypium_hirsutum_(upland_cotton).Mitochondria,N/A,1,2,0.0,0.0,0,0,0.0,0.0,0,0,0,0,0,census_only,Unknown,0,0.0,inf,0.0
Oryza_meyeriana.Mitochondria,83307,1,5,0.0,0.0,0,0,0.0,0.0,0,0,0,0,0,census_only,Unknown,0,0.0,inf,0.0
Phlegmariurus_squarrosus.Mitochondria,73615,1,2,0.0,0.0,0,0,0.0,0.0,0,0,0,0,0,census_only,Unknown,0,0.0,inf,0.0
Karenia_brevis.Chloroplast,156230,1,14,0.0,0.0,0,0,0.0,0.0,0,0,0,0,0,census_only,Unknown,0,0.0,inf,0.0
Kofleria,224465,1,14,0.0,0.0,0,0,0.0,0.0,0,0,0,0,0,census_only,Unknown,0,0.0,inf,0.0
Candidatus Baumannia,N/A,1,2,0.0,0.0,0,0,0.0,0.0,0,0,0,0,0,census_only,Unknown,0,0.0,inf,0.0
Natranaerobaculum,1649472,1,2,0.0,0.0,0,0,0.0,0.0,0,0,0,0,0,census_only,Unknown,0,0.0,inf,0.0
Klebsormidium_flaccidum:plas.Chloroplast,3175,1,20,0.0,0.0,0,0,0.0,0.0,0,0,0,0,0,census_only,Unknown,0,0.0,inf,0.0
Sufflavibacter,399942,1,1,0.0,0.0,0,0,0.0,0.0,0,0,0,0,0,census_only,Unknown,0,0.0,inf,0.0
Erythrotrichia_carnea.Chloroplast,35151,1,6,0.0,0.0,0,0,0.0,0.0,0,0,0,0,0,census_only,Unknown,0,0.0,inf,0.0
Penicillium_griseofulvum.Mitochondria,5078,1,11,0.0,0.0,0,0,0.0,0.0,0,0,0,0,0,census_only,Unknown,0,0.0,inf,0.0
Juncus_effusus.Chloroplast,13579,1,17,0.0,0.0,0,0,0.0,0.0,0,0,0,0,0,census_only,Unknown,0,0.0,inf,0.0
Chromochloris_zofingiensis.Chloroplast,31302,1,4,0.0,0.0,0,0,0.0,0.0,0,0,0,0,0,census_only,Unknown,0,0.0,inf,0.0
Sporobacterium,100132,1,4,0.0,0.0,0,0,0.0,0.0,0,0,0,0,0,census_only,Unknown,0,0.0,inf,0.0
Dorcoceras_hygrometricum.Mitochondria,472368,1,2,0.0,0.0,0,0,0.0,0.0,0,0,0,0,0,census_only,Unknown,0,0.0,inf,0.0
Cyclotella_sp._L04_2.Chloroplast,N/A,1,3,0.0,0.0,0,0,0.0,0.0,0,0,0,0,0,census_only,Unknown,0,0.0,inf,0.0
Parastreptomyces,329648,1,11,0.0,0.0,0,0,0.0,0.0,0,0,0,0,0,census_only,Unknown,0,0.0,inf,0.0
Neoscardovia,1730861,1,2,0.0,0.0,0,0,0.0,0.0,0,0,0,0,0,census_only,Unknown,0,0.0,inf,0.0
Aureimarina,414367,1,51,0.0,0.0,0,0,0.0,0.0,0,0,0,0,0,census_only,Unknown,0,0.0,inf,0.0
Bifissio,174924,1,6,0.0,0.0,0,0,0.0,0.0,0,0,0,0,0,census_only,Unknown,0,0.0,inf,0.0
Penicillium_solitum.Mitochondria,60172,1,1,0.0,0.0,0,0,0.0,0.0,0,0,0,0,0,census_only,Unknown,0,0.0,inf,0.0
Coraliitalea,499063,1,2,0.0,0.0,0,0,0.0,0.0,0,0,0,0,0,census_only,Unknown,0,0.0,inf,0.0
Azolla_sp.:plas.Chloroplast,N/A,1,27,0.0,0.0,0,0,0.0,0.0,0,0,0,0,0,census_only,Unknown,0,0.0,inf,0.0
Mesotaenium_caldariorum:plas.Chloroplast,31321,1,2,0.0,0.0,0,0,0.0,0.0,0,0,0,0,0,census_only,Unknown,0,0.0,inf,0.0
Selaginella_moellendorffii:plas.Chloroplast,88036,1,2,0.0,0.0,0,0,0.0,0.0,0,0,0,0,0,census_only,Unknown,0,0.0,inf,0.0
Babesia_orientalis.Mitochondria,273649,1,1,0.0,0.0,0,0,0.0,0.0,0,0,0,0,0,census_only,Unknown,0,0.0,inf,0.0
Chamaedaphne_calyculata.Chloroplast,13417,1,11,0.0,0.0,0,0,0.0,0.0,0,0,0,0,0,census_only,Unknown,0,0.0,inf,0.0
Cyanoptyche_gloeocystis:plas.Chloroplast,77922,1,1,0.0,0.0,0,0,0.0,0.0,0,0,0,0,0,census_only,Unknown,0,0.0,inf,0.0
Tetraselmis_striata:plas.Chloroplast,3165,1,1,0.0,0.0,0,0,0.0,0.0,0,0,0,0,0,census_only,Unknown,0,0.0,inf,0.0
Phaeoceros_laevis.Mitochondria,37308,1,2,0.0,0.0,0,0,0.0,0.0,0,0,0,0,0,census_only,Unknown,0,0.0,inf,0.0
Niveitalea,1940259,1,1,0.0,0.0,0,0,0.0,0.0,0,0,0,0,0,census_only,Unknown,0,0.0,inf,0.0
Salilacibacter,1840198,1,2,0.0,0.0,0,0,0.0,0.0,0,0,0,0,0,census_only,Unknown,0,0.0,inf,0.0
Bergeriella,758824,1,5,0.0,0.0,0,0,0.0,0.0,0,0,0,0,0,census_only,Unknown,0,0.0,inf,0.0
Scherffelia_dubia:plas.Chloroplast,3190,1,1,0.0,0.0,0,0,0.0,0.0,0,0,0,0,0,census_only,Unknown,0,0.0,inf,0.0
Chroodactylon_ornatum:plas.Chloroplast,139907,1,3,0.0,0.0,0,0,0.0,0.0,0,0,0,0,0,census_only,Unknown,0,0.0,inf,0.0
Corchorus_capsularis.Mitochondria,210143,1,1,0.0,0.0,0,0,0.0,0.0,0,0,0,0,0,census_only,Unknown,0,0.0,inf,0.0
Swionibacillus,2033476,1,1,0.0,0.0,0,0,0.0,0.0,0,0,0,0,0,census_only,Unknown,0,0.0,inf,0.0
Radial-centric-basal-Coscinodiscophyceae_X_sp.:plas.Chloroplast,N/A,1,2,0.0,0.0,0,0,0.0,0.0,0,0,0,0,0,census_only,Unknown,0,0.0,inf,0.0
Lathyrus_clymenum.Chloroplast,3855,1,4,0.0,0.0,0,0,0.0,0.0,0,0,0,0,0,census_only,Unknown,0,0.0,inf,0.0
Limnococcus,665904,1,3,0.0,0.0,0,0,0.0,0.0,0,0,0,0,0,census_only,Unknown,0,0.0,inf,0.0
Mamiella_gilva:plas.Chloroplast,687948,1,13,0.0,0.0,0,0,0.0,0.0,0,0,0,0,0,census_only,Unknown,0,0.0,inf,0.0
Plantago_maritima.Chloroplast,197809,1,1,0.0,0.0,0,0,0.0,0.0,0,0,0,0,0,census_only,Unknown,0,0.0,inf,0.0
Pseudochloris_wilhelmii.Chloroplast,1418016,1,2,0.0,0.0,0,0,0.0,0.0,0,0,0,0,0,census_only,Unknown,0,0.0,inf,0.0
Discoplastis_sp._Banmun010910B.Chloroplast,1685840,1,2,0.0,0.0,0,0,0.0,0.0,0,0,0,0,0,census_only,Unknown,0,0.0,inf,0.0
Picochlorum_sp._'soloecismus'.Chloroplast,2053932,1,7,0.0,0.0,0,0,0.0,0.0,0,0,0,0,0,census_only,Unknown,0,0.0,inf,0.0
Mantoniella_squamata:plas.Chloroplast,13608,1,33,0.0,0.0,0,0,0.0,0.0,0,0,0,0,0,census_only,Unknown,0,0.0,inf,0.0
Physcomitrella_patens:plas.Chloroplast,3218,1,1,0.0,0.0,0,0,0.0,0.0,0,0,0,0,0,census_only,Unknown,0,0.0,inf,0.0
Desmarestia_viridis.Chloroplast,62313,1,9,0.0,0.0,0,0,0.0,0.0,0,0,0,0,0,census_only,Unknown,0,0.0,inf,0.0
Psammoneis_obaidii.Chloroplast,1706219,1,1,0.0,0.0,0,0,0.0,0.0,0,0,0,0,0,census_only,Unknown,0,0.0,inf,0.0
Pedinomonas_minor:plas.Chloroplast,3159,1,2,0.0,0.0,0,0,0.0,0.0,0,0,0,0,0,census_only,Unknown,0,0.0,inf,0.0
Cymbomonas_tetramitiformis.Chloroplast,36881,1,2,0.0,0.0,0,0,0.0,0.0,0,0,0,0,0,census_only,Unknown,0,0.0,inf,0.0
Silene_paradoxa:plas.Chloroplast,129946,1,4,0.0,0.0,0,0,0.0,0.0,0,0,0,0,0,census_only,Unknown,0,0.0,inf,0.0
Calypogeia_muelleriana:plas.Chloroplast,56915,1,27,0.0,0.0,0,0,0.0,0.0,0,0,0,0,0,census_only,Unknown,0,0.0,inf,0.0
Maripseudobacter,1914030,1,4,0.0,0.0,0,0,0.0,0.0,0,0,0,0,0,census_only,Unknown,0,0.0,inf,0.0
Extubocellulus_spinifer:plas.Chloroplast,265572,1,49,0.0,0.0,0,0,0.0,0.0,0,0,0,0,0,census_only,Unknown,0,0.0,inf,0.0
Eunotogramma_sp.Chloroplast,N/A,1,2,0.0,0.0,0,0,0.0,0.0,0,0,0,0,0,census_only,Unknown,0,0.0,inf,0.0
Proboscia_alata:plas.Chloroplast,216777,1,2,0.0,0.0,0,0,0.0,0.0,0,0,0,0,0,census_only,Unknown,0,0.0,inf,0.0
Lutibacterium,179836,1,17,0.0,0.0,0,0,0.0,0.0,0,0,0,0,0,census_only,Unknown,0,0.0,inf,0.0
Trachelomonas_sp._Geumdong090304A.Chloroplast,1685807,1,4,0.0,0.0,0,0,0.0,0.0,0,0,0,0,0,census_only,Unknown,0,0.0,inf,0.0
Taeseokella,1763563,1,2,0.0,0.0,0,0,0.0,0.0,0,0,0,0,0,census_only,Unknown,0,0.0,inf,0.0
Kumanoa_americana.Chloroplast,1196377,1,5,0.0,0.0,0,0,0.0,0.0,0,0,0,0,0,census_only,Unknown,0,0.0,inf,0.0
Araucaria_excelsa.Mitochondria,50177,1,1,0.0,0.0,0,0,0.0,0.0,0,0,0,0,0,census_only,Unknown,0,0.0,inf,0.0
Batrachospermum_viride-brasiliense.Chloroplast,2745617,1,2,0.0,0.0,0,0,0.0,0.0,0,0,0,0,0,census_only,Unknown,0,0.0,inf,0.0
Eimeria6_nieschulzi:apic.Apicoplast,N/A,1,3,0.0,0.0,0,0,0.0,0.0,0,0,0,0,0,census_only,Unknown,0,0.0,inf,0.0
Phacus_inflexus:plas.Chloroplast,461210,1,6,0.0,0.0,0,0,0.0,0.0,0,0,0,0,0,census_only,Unknown,0,0.0,inf,0.0
Spirogyra_pratensis.Chloroplast,332123,1,10,0.0,0.0,0,0,0.0,0.0,0,0,0,0,0,census_only,Unknown,0,0.0,inf,0.0
freshwater_sediment_metagenome.Chloroplast,556182,1,5,0.0,0.0,0,0,0.0,0.0,0,0,0,0,0,census_only,Unknown,0,0.0,inf,0.0
Nicotiana_undulata:plas.Chloroplast,118713,1,2,0.0,0.0,0,0,0.0,0.0,0,0,0,0,0,census_only,Unknown,0,0.0,inf,0.0
Garritya,1937995,1,3,0.0,0.0,0,0,0.0,0.0,0,0,0,0,0,census_only,Unknown,0,0.0,inf,0.0
Chroomonas_sp.:plas.Chloroplast,N/A,1,8,0.0,0.0,0,0,0.0,0.0,0,0,0,0,0,census_only,Unknown,0,0.0,inf,0.0
Nannochloropsis_salina:plas.Chloroplast,2511165,1,15,0.0,0.0,0,0,0.0,0.0,0,0,0,0,0,census_only,Unknown,0,0.0,inf,0.0
Rudaibacter,1434039,1,1,0.0,0.0,0,0,0.0,0.0,0,0,0,0,0,census_only,Unknown,0,0.0,inf,0.0
Pseudoroseobacter,343404,1,1,0.0,0.0,0,0,0.0,0.0,0,0,0,0,0,census_only,Unknown,0,0.0,inf,0.0
Thuretia_quercifolia.Chloroplast,189650,1,2,0.0,0.0,0,0,0.0,0.0,0,0,0,0,0,census_only,Unknown,0,0.0,inf,0.0
Algorimarina,496430,1,1,0.0,0.0,0,0,0.0,0.0,0,0,0,0,0,census_only,Unknown,0,0.0,inf,0.0
Pseudochlorella_pringsheimii.Chloroplast,3072,1,2,0.0,0.0,0,0,0.0,0.0,0,0,0,0,0,census_only,Unknown,0,0.0,inf,0.0
Licmophora_sp.Chloroplast,N/A,1,1,0.0,0.0,0,0,0.0,0.0,0,0,0,0,0,census_only,Unknown,0,0.0,inf,0.0
Trachydiscus_minutus.Chloroplast,1032745,1,16,0.0,0.0,0,0,0.0,0.0,0,0,0,0,0,census_only,Unknown,0,0.0,inf,0.0
Euglena_deses.Chloroplast,66845,1,1,0.0,0.0,0,0,0.0,0.0,0,0,0,0,0,census_only,Unknown,0,0.0,inf,0.0
Ancalomicrobium,204472,1,11,0.0,0.0,0,0,0.0,0.0,0,0,0,0,0,census_only,Unknown,0,0.0,inf,0.0
Oedogonium_cardiacum:plas.Chloroplast,55995,1,11,0.0,0.0,0,0,0.0,0.0,0,0,0,0,0,census_only,Unknown,0,0.0,inf,0.0
Isochrysis_sp.:plas.Chloroplast,N/A,1,1,0.0,0.0,0,0,0.0,0.0,0,0,0,0,0,census_only,Unknown,0,0.0,inf,0.0
Pseudo-nitzschia_multiseries.Chloroplast,37319,1,6,0.0,0.0,0,0,0.0,0.0,0,0,0,0,0,census_only,Unknown,0,0.0,inf,0.0
Prymnesium_parvum.Chloroplast,97485,1,54,0.0,0.0,0,0,0.0,0.0,0,0,0,0,0,census_only,Unknown,0,0.0,inf,0.0
Tropicihabitans,1655190,1,2,0.0,0.0,0,0,0.0,0.0,0,0,0,0,0,census_only,Unknown,0,0.0,inf,0.0
Camellia_oleifera.Mitochondria,385388,1,5,0.0,0.0,0,0,0.0,0.0,0,0,0,0,0,census_only,Unknown,0,0.0,inf,0.0
Toxopsis,1219104,1,2,0.0,0.0,0,0,0.0,0.0,0,0,0,0,0,census_only,Unknown,0,0.0,inf,0.0
Sediminitalea,426594,1,1,0.0,0.0,0,0,0.0,0.0,0,0,0,0,0,census_only,Unknown,0,0.0,inf,0.0
Bryopsis_hypnoides:plas.Chloroplast,222885,1,4,0.0,0.0,0,0,0.0,0.0,0,0,0,0,0,census_only,Unknown,0,0.0,inf,0.0
Ilumomonas,475597,1,1,0.0,0.0,0,0,0.0,0.0,0,0,0,0,0,census_only,Unknown,0,0.0,inf,0.0
Colacium_sp.:plas.Chloroplast,N/A,1,6,0.0,0.0,0,0,0.0,0.0,0,0,0,0,0,census_only,Unknown,0,0.0,inf,0.0
Toxoplasma1_gondii:apic.Apicoplast,N/A,1,1,0.0,0.0,0,0,0.0,0.0,0,0,0,0,0,census_only,Unknown,0,0.0,inf,0.0
Strombomonas_balvayi:plas.Chloroplast,253942,1,2,0.0,0.0,0,0,0.0,0.0,0,0,0,0,0,census_only,Unknown,0,0.0,inf,0.0
Dermocarpella,54302,1,1,0.0,0.0,0,0,0.0,0.0,0,0,0,0,0,census_only,Unknown,0,0.0,inf,0.0
Rhexinema_sarcinoideum.Chloroplast,43261,1,1,0.0,0.0,0,0,0.0,0.0,0,0,0,0,0,census_only,Unknown,0,0.0,inf,0.0
Riquetophycus_sp.Chloroplast,N/A,1,16,0.0,0.0,0,0,0.0,0.0,0,0,0,0,0,census_only,Unknown,0,0.0,inf,0.0
Gloeochaete_wittrockiana:plas.Chloroplast,38269,1,2,0.0,0.0,0,0,0.0,0.0,0,0,0,0,0,census_only,Unknown,0,0.0,inf,0.0
Tetrabaena_socialis.Chloroplast,47790,1,1,0.0,0.0,0,0,0.0,0.0,0,0,0,0,0,census_only,Unknown,0,0.0,inf,0.0
Euglena_gymnodinioides:plas.Chloroplast,392846,1,1,0.0,0.0,0,0,0.0,0.0,0,0,0,0,0,census_only,Unknown,0,0.0,inf,0.0
Euglena_mutabilis.Chloroplast,38275,1,18,0.0,0.0,0,0,0.0,0.0,0,0,0,0,0,census_only,Unknown,0,0.0,inf,0.0
Caecibacterium,2041032,1,3,0.0,0.0,0,0,0.0,0.0,0,0,0,0,0,census_only,Unknown,0,0.0,inf,0.0
Thiolamprovum,82559,1,2,0.0,0.0,0,0,0.0,0.0,0,0,0,0,0,census_only,Unknown,0,0.0,inf,0.0
Desulfosporomusa,292492,1,4,0.0,0.0,0,0,0.0,0.0,0,0,0,0,0,census_only,Unknown,0,0.0,inf,0.0
Spongitalea,499058,1,2,0.0,0.0,0,0,0.0,0.0,0,0,0,0,0,census_only,Unknown,0,0.0,inf,0.0
Starria,241429,1,1,0.0,0.0,0,0,0.0,0.0,0,0,0,0,0,census_only,Unknown,0,0.0,inf,0.0
Wollea,732147,1,1,0.0,0.0,0,0,0.0,0.0,0,0,0,0,0,census_only,Unknown,0,0.0,inf,0.0
Ceanothus_prostratus:plas.Chloroplast,54783,1,4,0.0,0.0,0,0,0.0,0.0,0,0,0,0,0,census_only,Unknown,0,0.0,inf,0.0
Isochromatium,85077,1,1,0.0,0.0,0,0,0.0,0.0,0,0,0,0,0,census_only,Unknown,0,0.0,inf,0.0
Methylosphaera,54115,1,1,0.0,0.0,0,0,0.0,0.0,0,0,0,0,0,census_only,Unknown,0,0.0,inf,0.0
Botryococcus_braunii_Showa.Chloroplast,1202541,1,1,0.0,0.0,0,0,0.0,0.0,0,0,0,0,0,census_only,Unknown,0,0.0,inf,0.0
Nanobacterium,53023,1,1,0.0,0.0,0,0,0.0,0.0,0,0,0,0,0,census_only,Unknown,0,0.0,inf,0.0
Desulfohalophilus,1206750,1,1,0.0,0.0,0,0,0.0,0.0,0,0,0,0,0,census_only,Unknown,0,0.0,inf,0.0
Xanthobacillum,475599,1,2,0.0,0.0,0,0,0.0,0.0,0,0,0,0,0,census_only,Unknown,0,0.0,inf,0.0
Euglena_mainxi:plas.Chloroplast,N/A,1,3,0.0,0.0,0,0,0.0,0.0,0,0,0,0,0,census_only,Unknown,0,0.0,inf,0.0
Phacus_ranula:plas.Chloroplast,215793,1,4,0.0,0.0,0,0,0.0,0.0,0,0,0,0,0,census_only,Unknown,0,0.0,inf,0.0
Colacium_mucronatum:plas.Chloroplast,167756,1,5,0.0,0.0,0,0,0.0,0.0,0,0,0,0,0,census_only,Unknown,0,0.0,inf,0.0
Chlorarachnion_reptans:plas.Chloroplast,29199,1,2,0.0,0.0,0,0,0.0,0.0,0,0,0,0,0,census_only,Unknown,0,0.0,inf,0.0
Exanthemachrysis_gayraliae:plas.Chloroplast,119497,1,10,0.0,0.0,0,0,0.0,0.0,0,0,0,0,0,census_only,Unknown,0,0.0,inf,0.0
Cyanoarbor,1850990,1,1,0.0,0.0,0,0,0.0,0.0,0,0,0,0,0,census_only,Unknown,0,0.0,inf,0.0
Foliisarcina,1759386,1,4,0.0,0.0,0,0,0.0,0.0,0,0,0,0,0,census_only,Unknown,0,0.0,inf,0.0
Erythromicrobium,35810,1,1,0.0,0.0,0,0,0.0,0.0,0,0,0,0,0,census_only,Unknown,0,0.0,inf,0.0
Lepocinclis_fusca.Chloroplast,325109,1,2,0.0,0.0,0,0,0.0,0.0,0,0,0,0,0,census_only,Unknown,0,0.0,inf,0.0
Ascidianibacter,499061,1,1,0.0,0.0,0,0,0.0,0.0,0,0,0,0,0,census_only,Unknown,0,0.0,inf,0.0
Polysiphonia_sertularioides.Chloroplast,945028,1,5,0.0,0.0,0,0,0.0,0.0,0,0,0,0,0,census_only,Unknown,0,0.0,inf,0.0
Paraphaeobacter,2027863,1,1,0.0,0.0,0,0,0.0,0.0,0,0,0,0,0,census_only,Unknown,0,0.0,inf,0.0
Huanghella,1649458,1,1,0.0,0.0,0,0,0.0,0.0,0,0,0,0,0,census_only,Unknown,0,0.0,inf,0.0
Averyella,347014,1,3,0.0,0.0,0,0,0.0,0.0,0,0,0,0,0,census_only,Unknown,0,0.0,inf,0.0
Thioalkalispira,200623,1,1,0.0,0.0,0,0,0.0,0.0,0,0,0,0,0,census_only,Unknown,0,0.0,inf,0.0
Phaeochromatium,1330022,1,1,0.0,0.0,0,0,0.0,0.0,0,0,0,0,0,census_only,Unknown,0,0.0,inf,0.0
Gymnochlora_stellata.Chloroplast,67809,1,2,0.0,0.0,0,0,0.0,0.0,0,0,0,0,0,census_only,Unknown,0,0.0,inf,0.0
Thermopallium,42734,1,3,0.0,0.0,0,0,0.0,0.0,0,0,0,0,0,census_only,Unknown,0,0.0,inf,0.0
Paralkalibacillus,2038691,1,1,0.0,0.0,0,0,0.0,0.0,0,0,0,0,0,census_only,Unknown,0,0.0,inf,0.0
Fulvibacter,426598,1,2,0.0,0.0,0,0,0.0,0.0,0,0,0,0,0,census_only,Unknown,0,0.0,inf,0.0
Monomorphina_aenigmatica:plas.Chloroplast,304863,1,3,0.0,0.0,0,0,0.0,0.0,0,0,0,0,0,census_only,Unknown,0,0.0,inf,0.0
Litorisediminivivens,1890287,1,2,0.0,0.0,0,0,0.0,0.0,0,0,0,0,0,census_only,Unknown,0,0.0,inf,0.0
Coetzeea,1903479,1,1,0.0,0.0,0,0,0.0,0.0,0,0,0,0,0,census_only,Unknown,0,0.0,inf,0.0
Rarimicrobium,1931212,1,2,0.0,0.0,0,0,0.0,0.0,0,0,0,0,0,census_only,Unknown,0,0.0,inf,0.0
Sirodotia_delicatula.Chloroplast,386631,1,1,0.0,0.0,0,0,0.0,0.0,0,0,0,0,0,census_only,Unknown,0,0.0,inf,0.0
Leahibacter,197884,1,1,0.0,0.0,0,0,0.0,0.0,0,0,0,0,0,census_only,Unknown,0,0.0,inf,0.0
Plasmodium_cynomolgi.Mitochondria,5827,1,1,0.0,0.0,0,0,0.0,0.0,0,0,0,0,0,census_only,Unknown,0,0.0,inf,0.0
Salsuginimonas,2044860,1,1,0.0,0.0,0,0,0.0,0.0,0,0,0,0,0,census_only,Unknown,0,0.0,inf,0.0
Campanula_americana.Chloroplast,239430,1,30,0.0,0.0,0,0,0.0,0.0,0,0,0,0,0,census_only,Unknown,0,0.0,inf,0.0
Nitzschia_sp._NIES-3576.Chloroplast,2083273,1,1,0.0,0.0,0,0,0.0,0.0,0,0,0,0,0,census_only,Unknown,0,0.0,inf,0.0
Marseillibacter,1930587,1,4,0.0,0.0,0,0,0.0,0.0,0,0,0,0,0,census_only,Unknown,0,0.0,inf,0.0
Solanum_tuberosum:plas.Chloroplast,4113,1,1,0.0,0.0,0,0,0.0,0.0,0,0,0,0,0,census_only,Unknown,0,0.0,inf,0.0
Roseibacula,1972536,1,1,0.0,0.0,0,0,0.0,0.0,0,0,0,0,0,census_only,Unknown,0,0.0,inf,0.0
Trachelomonas_echinata:plas.Chloroplast,150588,1,2,0.0,0.0,0,0,0.0,0.0,0,0,0,0,0,census_only,Unknown,0,0.0,inf,0.0
Ewamiania,1955494,1,2,0.0,0.0,0,0,0.0,0.0,0,0,0,0,0,census_only,Unknown,0,0.0,inf,0.0
Trachelomonas_rugulosa:plas.Chloroplast,253966,1,3,0.0,0.0,0,0,0.0,0.0,0,0,0,0,0,census_only,Unknown,0,0.0,inf,0.0
Reichenowia,237321,1,1,0.0,0.0,0,0,0.0,0.0,0,0,0,0,0,census_only,Unknown,0,0.0,inf,0.0
Micromonas_commoda_A1:plas.Chloroplast,N/A,1,26,0.0,0.0,0,0,0.0,0.0,0,0,0,0,0,census_only,Unknown,0,0.0,inf,0.0
Pterocladiella_media.Mitochondria,1911541,1,1,0.0,0.0,0,0,0.0,0.0,0,0,0,0,0,census_only,Unknown,0,0.0,inf,0.0
Schizotrichaceae.U.genus,1890440,1,1,0.0,0.0,0,0,0.0,0.0,0,0,0,0,0,census_only,Unknown,0,0.0,inf,0.0
Clonothrix,415610,1,1,0.0,0.0,0,0,0.0,0.0,0,0,0,0,0,census_only,Unknown,0,0.0,inf,0.0
Vitis_vinifera:plas.Chloroplast,29760,1,1,0.0,0.0,0,0,0.0,0.0,0,0,0,0,0,census_only,Unknown,0,0.0,inf,0.0
Symphyonema,221284,1,1,0.0,0.0,0,0,0.0,0.0,0,0,0,0,0,census_only,Unknown,0,0.0,inf,0.0
Corallinales_XX_sp.:plas.Chloroplast,N/A,1,2,0.0,0.0,0,0,0.0,0.0,0,0,0,0,0,census_only,Unknown,0,0.0,inf,0.0
Persicaria_minor.Mitochondria,488003,1,3,0.0,0.0,0,0,0.0,0.0,0,0,0,0,0,census_only,Unknown,0,0.0,inf,0.0
Chakia,1332063,1,1,0.0,0.0,0,0,0.0,0.0,0,0,0,0,0,census_only,Unknown,0,0.0,inf,0.0
Prasinococcus_sp._CCMP1194.Chloroplast,110672,1,1,0.0,0.0,0,0,0.0,0.0,0,0,0,0,0,census_only,Unknown,0,0.0,inf,0.0
Edaphochlorella_mirabilis.Chloroplast,3083,1,1,0.0,0.0,0,0,0.0,0.0,0,0,0,0,0,census_only,Unknown,0,0.0,inf,0.0
Aurantiacicella,1742980,1,1,0.0,0.0,0,0,0.0,0.0,0,0,0,0,0,census_only,Unknown,0,0.0,inf,0.0
Pseudocapsa,2040613,1,1,0.0,0.0,0,0,0.0,0.0,0,0,0,0,0,census_only,Unknown,0,0.0,inf,0.0
Cannabis_sativa:plas.Chloroplast,3483,1,1,0.0,0.0,0,0,0.0,0.0,0,0,0,0,0,census_only,Unknown,0,0.0,inf,0.0
Pseudomaribius,2109369,1,1,0.0,0.0,0,0,0.0,0.0,0,0,0,0,0,census_only,Unknown,0,0.0,inf,0.0
Aestuariihabitans,1485945,1,2,0.0,0.0,0,0,0.0,0.0,0,0,0,0,0,census_only,Unknown,0,0.0,inf,0.0
Discoplastis_spathirhyncha:plas.Chloroplast,215771,1,1,0.0,0.0,0,0,0.0,0.0,0,0,0,0,0,census_only,Unknown,0,0.0,inf,0.0
Proboscia_sp.:plas.Chloroplast,N/A,1,2,0.0,0.0,0,0,0.0,0.0,0,0,0,0,0,census_only,Unknown,0,0.0,inf,0.0
Sinorickettsia,221239,1,1,0.0,0.0,0,0,0.0,0.0,0,0,0,0,0,census_only,Unknown,0,0.0,inf,0.0
Oceanobacterium,1123955,1,1,0.0,0.0,0,0,0.0,0.0,0,0,0,0,0,census_only,Unknown,0,0.0,inf,0.0
Haloleptolyngbya,1169405,1,1,0.0,0.0,0,0,0.0,0.0,0,0,0,0,0,census_only,Unknown,0,0.0,inf,0.0
Haslea_sp.:plas.Chloroplast,N/A,1,1,0.0,0.0,0,0,0.0,0.0,0,0,0,0,0,census_only,Unknown,0,0.0,inf,0.0
Aspergillus_parasiticus:mito.Mitochondria,5067,1,1,0.0,0.0,0,0,0.0,0.0,0,0,0,0,0,census_only,Unknown,0,0.0,inf,0.0
Sodaleptolyngbya,2219506,1,1,0.0,0.0,0,0,0.0,0.0,0,0,0,0,0,census_only,Unknown,0,0.0,inf,0.0
Pisum_sativum_(pea).Mitochondria,N/A,1,5,0.0,0.0,0,0,0.0,0.0,0,0,0,0,0,census_only,Unknown,0,0.0,inf,0.0
Euglena_hiemalis.Chloroplast,392896,1,6,0.0,0.0,0,0,0.0,0.0,0,0,0,0,0,census_only,Unknown,0,0.0,inf,0.0
Colacium_vesiculosum:plas.Chloroplast,102910,1,2,0.0,0.0,0,0,0.0,0.0,0,0,0,0,0,census_only,Unknown,0,0.0,inf,0.0
Elaeis_guineensis_(African_oil_palm).Mitochondria,N/A,1,1,0.0,0.0,0,0,0.0,0.0,0,0,0,0,0,census_only,Unknown,0,0.0,inf,0.0
Solanum_melongena_(eggplant).Chloroplast,N/A,1,11,0.0,0.0,0,0,0.0,0.0,0,0,0,0,0,census_only,Unknown,0,0.0,inf,0.0
Pavlova_gyrans.Chloroplast,44452,1,1,0.0,0.0,0,0,0.0,0.0,0,0,0,0,0,census_only,Unknown,0,0.0,inf,0.0
Boyliae,196614,1,1,0.0,0.0,0,0,0.0,0.0,0,0,0,0,0,census_only,Unknown,0,0.0,inf,0.0
Komvophoron,358711,1,1,0.0,0.0,0,0,0.0,0.0,0,0,0,0,0,census_only,Unknown,0,0.0,inf,0.0
Babesia6_bovis:apic.Apicoplast,N/A,1,2,0.0,0.0,0,0,0.0,0.0,0,0,0,0,0,census_only,Unknown,0,0.0,inf,0.0
Arachis_hypogaea_var._vulgaris.Chloroplast,925390,1,1,0.0,0.0,0,0,0.0,0.0,0,0,0,0,0,census_only,Unknown,0,0.0,inf,0.0
Grateloupia_catenata.Chloroplast,118369,1,1,0.0,0.0,0,0,0.0,0.0,0,0,0,0,0,census_only,Unknown,0,0.0,inf,0.0
Gelidium_isabelae.Mitochondria,240213,1,57,0.0,0.0,0,0,0.0,0.0,0,0,0,0,0,census_only,Unknown,0,0.0,inf,0.0
Silene_vulgaris:plas.Chloroplast,42043,1,1,0.0,0.0,0,0,0.0,0.0,0,0,0,0,0,census_only,Unknown,0,0.0,inf,0.0
Planktolyngbya,471271,1,1,0.0,0.0,0,0,0.0,0.0,0,0,0,0,0,census_only,Unknown,0,0.0,inf,0.0
Pelargonium_alternans:plas.Chloroplast,73178,1,2,0.0,0.0,0,0,0.0,0.0,0,0,0,0,0,census_only,Unknown,0,0.0,inf,0.0
Buxbaumia_punctata:plas.Chloroplast,1312525,1,2,0.0,0.0,0,0,0.0,0.0,0,0,0,0,0,census_only,Unknown,0,0.0,inf,0.0
Oryza_sativa:plas.Chloroplast,4530,1,11,0.0,0.0,0,0,0.0,0.0,0,0,0,0,0,census_only,Unknown,0,0.0,inf,0.0
Cyperus_alternifolius:plas.Chloroplast,4611,1,2,0.0,0.0,0,0,0.0,0.0,0,0,0,0,0,census_only,Unknown,0,0.0,inf,0.0
Chlorella_variabilis:plas.Chloroplast,554065,1,1,0.0,0.0,0,0,0.0,0.0,0,0,0,0,0,census_only,Unknown,0,0.0,inf,0.0
Lithodesmium_undulatum.Chloroplast,59812,1,1,0.0,0.0,0,0,0.0,0.0,0,0,0,0,0,census_only,Unknown,0,0.0,inf,0.0
Karenia_brevis:plas.Chloroplast,156230,1,3,0.0,0.0,0,0,0.0,0.0,0,0,0,0,0,census_only,Unknown,0,0.0,inf,0.0
Cynomorium_coccineum:plas.Chloroplast,51503,1,2,0.0,0.0,0,0,0.0,0.0,0,0,0,0,0,census_only,Unknown,0,0.0,inf,0.0
Cyanospira,3399578,1,2,0.0,0.0,0,0,0.0,0.0,0,0,0,0,0,census_only,Unknown,0,0.0,inf,0.0
Camptylonemopsis,1049007,1,1,0.0,0.0,0,0,0.0,0.0,0,0,0,0,0,census_only,Unknown,0,0.0,inf,0.0
Apicomplexa_sp._WK-2018_Corallicola.Chloroplast,N/A,1,1,0.0,0.0,0,0,0.0,0.0,0,0,0,0,0,census_only,Unknown,0,0.0,inf,0.0
Folsomia_candida.Chloroplast,158441,1,4,0.0,0.0,0,0,0.0,0.0,0,0,0,0,0,census_only,Unknown,0,0.0,inf,0.0
Hydnora_longicollis.Chloroplast,1778543,1,1,0.0,0.0,0,0,0.0,0.0,0,0,0,0,0,census_only,Unknown,0,0.0,inf,0.0
Galaxaura_rugosa.Chloroplast,268570,1,2,0.0,0.0,0,0,0.0,0.0,0,0,0,0,0,census_only,Unknown,0,0.0,inf,0.0
Ehretia_acuminata:plas.Chloroplast,163079,1,1,0.0,0.0,0,0,0.0,0.0,0,0,0,0,0,census_only,Unknown,0,0.0,inf,0.0
Ulnaria_acus:plas.Chloroplast,1436140,1,2,0.0,0.0,0,0,0.0,0.0,0,0,0,0,0,census_only,Unknown,0,0.0,inf,0.0
Chaetoceros_socialis:plas.Chloroplast,163503,1,1,0.0,0.0,0,0,0.0,0.0,0,0,0,0,0,census_only,Unknown,0,0.0,inf,0.0
Acorus_calamus:plas.Chloroplast,4465,1,1,0.0,0.0,0,0,0.0,0.0,0,0,0,0,0,census_only,Unknown,0,0.0,inf,0.0
Palmariaceae_X_sp.:plas.Chloroplast,N/A,1,2,0.0,0.0,0,0,0.0,0.0,0,0,0,0,0,census_only,Unknown,0,0.0,inf,0.0
Gigartinales_XX_sp.:plas.Chloroplast,N/A,1,1,0.0,0.0,0,0,0.0,0.0,0,0,0,0,0,census_only,Unknown,0,0.0,inf,0.0
Nitzschia_frustulum:plas.Chloroplast,85094,1,2,0.0,0.0,0,0,0.0,0.0,0,0,0,0,0,census_only,Unknown,0,0.0,inf,0.0
Hypseocharis_pimpinellifolia.Mitochondria,105813,1,1,0.0,0.0,0,0,0.0,0.0,0,0,0,0,0,census_only,Unknown,0,0.0,inf,0.0
Koukoulia,332652,1,1,0.0,0.0,0,0,0.0,0.0,0,0,0,0,0,census_only,Unknown,0,0.0,inf,0.0
Guillardia_theta:plas.Chloroplast,55529,1,1,0.0,0.0,0,0,0.0,0.0,0,0,0,0,0,census_only,Unknown,0,0.0,inf,0.0
Roundia_cardiophora.Chloroplast,1403802,1,1,0.0,0.0,0,0,0.0,0.0,0,0,0,0,0,census_only,Unknown,0,0.0,inf,0.0
Sargassum_aquifolium.Mitochondria,548576,1,4,0.0,0.0,0,0,0.0,0.0,0,0,0,0,0,census_only,Unknown,0,0.0,inf,0.0
Conticribra_weissflogii:plas.Chloroplast,1577725,1,2,0.0,0.0,0,0,0.0,0.0,0,0,0,0,0,census_only,Unknown,0,0.0,inf,0.0
Diphasiastrum_digitatum.Mitochondria,13841,1,1,0.0,0.0,0,0,0.0,0.0,0,0,0,0,0,census_only,Unknown,0,0.0,inf,0.0
Wildemania_schizophylla.Mitochondria,1134705,1,2,0.0,0.0,0,0,0.0,0.0,0,0,0,0,0,census_only,Unknown,0,0.0,inf,0.0
Picea_sitchensis:plas.Chloroplast,3332,1,1,0.0,0.0,0,0,0.0,0.0,0,0,0,0,0,census_only,Unknown,0,0.0,inf,0.0
Gelidium_kathyanniae.Mitochondria,2483893,1,1,0.0,0.0,0,0,0.0,0.0,0,0,0,0,0,census_only,Unknown,0,0.0,inf,0.0
Acanthoceras_zachariasii.Chloroplast,451788,1,2,0.0,0.0,0,0,0.0,0.0,0,0,0,0,0,census_only,Unknown,0,0.0,inf,0.0
Polycephalomyces_prolificus.Mitochondria,94209,1,17,0.0,0.0,0,0,0.0,0.0,0,0,0,0,0,census_only,Unknown,0,0.0,inf,0.0
Trachelomonas_sp._Pungcheon093006C.Chloroplast,1685821,1,2,0.0,0.0,0,0,0.0,0.0,0,0,0,0,0,census_only,Unknown,0,0.0,inf,0.0
Chenopodium_quinoa_(quinoa).Chloroplast,N/A,1,4,0.0,0.0,0,0,0.0,0.0,0,0,0,0,0,census_only,Unknown,0,0.0,inf,0.0
Musa_acuminata_subsp._malaccensis.Mitochondria,214687,1,1,0.0,0.0,0,0,0.0,0.0,0,0,0,0,0,census_only,Unknown,0,0.0,inf,0.0
Nicotiana_otophora.Chloroplast,4091,1,5,0.0,0.0,0,0,0.0,0.0,0,0,0,0,0,census_only,Unknown,0,0.0,inf,0.0
Nicotiana_tabacum_(common_tobacco).Mitochondria,N/A,1,3,0.0,0.0,0,0,0.0,0.0,0,0,0,0,0,census_only,Unknown,0,0.0,inf,0.0
Bracteacoccus_minor.Chloroplast,50037,1,1,0.0,0.0,0,0,0.0,0.0,0,0,0,0,0,census_only,Unknown,0,0.0,inf,0.0
Aucuba_japonica:plas.Chloroplast,16901,1,1,0.0,0.0,0,0,0.0,0.0,0,0,0,0,0,census_only,Unknown,0,0.0,inf,0.0
Talaromyces_minioluteus.Mitochondria,28574,1,6,0.0,0.0,0,0,0.0,0.0,0,0,0,0,0,census_only,Unknown,0,0.0,inf,0.0
Trachelomonas_sp._Bakunji101709F.Chloroplast,1685801,1,5,0.0,0.0,0,0,0.0,0.0,0,0,0,0,0,census_only,Unknown,0,0.0,inf,0.0
Lepocinclis_spirogyroides.Chloroplast,298306,1,2,0.0,0.0,0,0,0.0,0.0,0,0,0,0,0,census_only,Unknown,0,0.0,inf,0.0
Taxus_mairei:plas.Chloroplast,120273,1,1,0.0,0.0,0,0,0.0,0.0,0,0,0,0,0,census_only,Unknown,0,0.0,inf,0.0
Rosa_chinensis.Mitochondria,74649,1,1,0.0,0.0,0,0,0.0,0.0,0,0,0,0,0,census_only,Unknown,0,0.0,inf,0.0
Auxenochlorella_sp.:plas.Chloroplast,N/A,1,1,0.0,0.0,0,0,0.0,0.0,0,0,0,0,0,census_only,Unknown,0,0.0,inf,0.0
Theileria5_parva:apic.Apicoplast,N/A,1,3,0.0,0.0,0,0,0.0,0.0,0,0,0,0,0,census_only,Unknown,0,0.0,inf,0.0
Potamogeton_berchtoldii.Mitochondria,108425,1,2,0.0,0.0,0,0,0.0,0.0,0,0,0,0,0,census_only,Unknown,0,0.0,inf,0.0
Glycine_soja.Chloroplast,3848,1,1,0.0,0.0,0,0,0.0,0.0,0,0,0,0,0,census_only,Unknown,0,0.0,inf,0.0
Populus_sp.:plas.Chloroplast,N/A,1,22,0.0,0.0,0,0,0.0,0.0,0,0,0,0,0,census_only,Unknown,0,0.0,inf,0.0
Euglenaformis_proxima.Chloroplast,299110,1,1,0.0,0.0,0,0,0.0,0.0,0,0,0,0,0,census_only,Unknown,0,0.0,inf,0.0
Spongiobacter,314672,1,1,0.0,0.0,0,0,0.0,0.0,0,0,0,0,0,census_only,Unknown,0,0.0,inf,0.0
Lacunastrum_gracillimum.Chloroplast,427913,1,2,0.0,0.0,0,0,0.0,0.0,0,0,0,0,0,census_only,Unknown,0,0.0,inf,0.0
Sporolithon_durum.Chloroplast,48970,1,2,0.0,0.0,0,0,0.0,0.0,0,0,0,0,0,census_only,Unknown,0,0.0,inf,0.0
Euglena_mutabilis:plas.Chloroplast,38275,1,2,0.0,0.0,0,0,0.0,0.0,0,0,0,0,0,census_only,Unknown,0,0.0,inf,0.0
Hesperaloe_parviflora:plas.Chloroplast,39542,1,1,0.0,0.0,0,0,0.0,0.0,0,0,0,0,0,census_only,Unknown,0,0.0,inf,0.0
Haslea_wawrikae:plas.Chloroplast,197758,1,1,0.0,0.0,0,0,0.0,0.0,0,0,0,0,0,census_only,Unknown,0,0.0,inf,0.0
Ostreobium_sp2:plas.Chloroplast,N/A,1,1,0.0,0.0,0,0,0.0,0.0,0,0,0,0,0,census_only,Unknown,0,0.0,inf,0.0
Paeonia_brownii:plas.Chloroplast,40702,1,1,0.0,0.0,0,0,0.0,0.0,0,0,0,0,0,census_only,Unknown,0,0.0,inf,0.0
Monodopsis_sp._MarTras21.Chloroplast,1745953,1,1,0.0,0.0,0,0,0.0,0.0,0,0,0,0,0,census_only,Unknown,0,0.0,inf,0.0
Azadirachta_indica:plas.Chloroplast,124943,1,1,0.0,0.0,0,0,0.0,0.0,0,0,0,0,0,census_only,Unknown,0,0.0,inf,0.0
Sesamum_indicum:plas.Chloroplast,4182,1,2,0.0,0.0,0,0,0.0,0.0,0,0,0,0,0,census_only,Unknown,0,0.0,inf,0.0
Colubraria_reticulata.Mitochondria,604273,1,1,0.0,0.0,0,0,0.0,0.0,0,0,0,0,0,census_only,Unknown,0,0.0,inf,0.0
Lepocinclis_playfairiana.Chloroplast,1403386,1,1,0.0,0.0,0,0,0.0,0.0,0,0,0,0,0,census_only,Unknown,0,0.0,inf,0.0
Trichoderma_reesei.Mitochondria,51453,1,4,0.0,0.0,0,0,0.0,0.0,0,0,0,0,0,census_only,Unknown,0,0.0,inf,0.0
Trachelomonas_volvocina:plas.Chloroplast,103340,1,2,0.0,0.0,0,0,0.0,0.0,0,0,0,0,0,census_only,Unknown,0,0.0,inf,0.0
Micromonas_pusilla:plas.Chloroplast,38833,1,2,0.0,0.0,0,0,0.0,0.0,0,0,0,0,0,census_only,Unknown,0,0.0,inf,0.0
Spinacia_oleracea:plas.Chloroplast,3562,1,2,0.0,0.0,0,0,0.0,0.0,0,0,0,0,0,census_only,Unknown,0,0.0,inf,0.0
Trachelomonas_sp._LnE082603E.Chloroplast,1685815,1,6,0.0,0.0,0,0,0.0,0.0,0,0,0,0,0,census_only,Unknown,0,0.0,inf,0.0
Cheilotheca_macrocarpa.Mitochondria,626230,1,1,0.0,0.0,0,0,0.0,0.0,0,0,0,0,0,census_only,Unknown,0,0.0,inf,0.0
Dermonema_virens.Chloroplast,1077399,1,1,0.0,0.0,0,0,0.0,0.0,0,0,0,0,0,census_only,Unknown,0,0.0,inf,0.0
Geminigera_cryophila:plas.Chloroplast,46947,1,1,0.0,0.0,0,0,0.0,0.0,0,0,0,0,0,census_only,Unknown,0,0.0,inf,0.0
Dioscorea_oppositifolia:plas.Chloroplast,569628,1,1,0.0,0.0,0,0,0.0,0.0,0,0,0,0,0,census_only,Unknown,0,0.0,inf,0.0
Hypolytrum_nemorum.Chloroplast,76453,1,1,0.0,0.0,0,0,0.0,0.0,0,0,0,0,0,census_only,Unknown,0,0.0,inf,0.0
Ectocarpus_siliculosus:plas.Chloroplast,2880,1,1,0.0,0.0,0,0,0.0,0.0,0,0,0,0,0,census_only,Unknown,0,0.0,inf,0.0
Elysia_cornigera.Chloroplast,698696,1,5,0.0,0.0,0,0,0.0,0.0,0,0,0,0,0,census_only,Unknown,0,0.0,inf,0.0
Eimeria1_meleagrimitis:apic.Apicoplast,N/A,1,2,0.0,0.0,0,0,0.0,0.0,0,0,0,0,0,census_only,Unknown,0,0.0,inf,0.0
Braarudosphaeraceae_X_sp.:plas.Chloroplast,N/A,1,1,0.0,0.0,0,0,0.0,0.0,0,0,0,0,0,census_only,Unknown,0,0.0,inf,0.0
Fragilaria_zeilleri:plas.Chloroplast,538933,1,1,0.0,0.0,0,0,0.0,0.0,0,0,0,0,0,census_only,Unknown,0,0.0,inf,0.0
Isoetes_histrix.Mitochondria,50297,1,1,0.0,0.0,0,0,0.0,0.0,0,0,0,0,0,census_only,Unknown,0,0.0,inf,0.0
Paecilomyces_hepiali.Mitochondria,797268,1,2,0.0,0.0,0,0,0.0,0.0,0,0,0,0,0,census_only,Unknown,0,0.0,inf,0.0
Triticum_urartu.Mitochondria,4572,1,1,0.0,0.0,0,0,0.0,0.0,0,0,0,0,0,census_only,Unknown,0,0.0,inf,0.0
Saccharum_officinarum.Mitochondria,4547,1,1,0.0,0.0,0,0,0.0,0.0,0,0,0,0,0,census_only,Unknown,0,0.0,inf,0.0
Beauveria_malawiensis.Mitochondria,371061,1,6,0.0,0.0,0,0,0.0,0.0,0,0,0,0,0,census_only,Unknown,0,0.0,inf,0.0
Carludovica_palmata.Mitochondria,108411,1,3,0.0,0.0,0,0,0.0,0.0,0,0,0,0,0,census_only,Unknown,0,0.0,inf,0.0
Phacus_platyaulax:plas.Chloroplast,215782,1,1,0.0,0.0,0,0,0.0,0.0,0,0,0,0,0,census_only,Unknown,0,0.0,inf,0.0
Morus_notabilis.Chloroplast,981085,1,2,0.0,0.0,0,0,0.0,0.0,0,0,0,0,0,census_only,Unknown,0,0.0,inf,0.0
Trachelomonas_sp._Yeonhwaji091109F.Chloroplast,1685833,1,3,0.0,0.0,0,0,0.0,0.0,0,0,0,0,0,census_only,Unknown,0,0.0,inf,0.0
Treubaria_triappendiculata.Chloroplast,1755147,1,4,0.0,0.0,0,0,0.0,0.0,0,0,0,0,0,census_only,Unknown,0,0.0,inf,0.0
Thalassionema_frauenfeldii:plas.Chloroplast,186022,1,1,0.0,0.0,0,0,0.0,0.0,0,0,0,0,0,census_only,Unknown,0,0.0,inf,0.0
Solanum_nigrum:plas.Chloroplast,4112,1,2,0.0,0.0,0,0,0.0,0.0,0,0,0,0,0,census_only,Unknown,0,0.0,inf,0.0
Ochrosphaera_neapolitana:plas.Chloroplast,35137,1,1,0.0,0.0,0,0,0.0,0.0,0,0,0,0,0,census_only,Unknown,0,0.0,inf,0.0
Cosmarium_botrytis:plas.Chloroplast,33101,1,2,0.0,0.0,0,0,0.0,0.0,0,0,0,0,0,census_only,Unknown,0,0.0,inf,0.0
Solanum_pennellii.Chloroplast,28526,1,1,0.0,0.0,0,0,0.0,0.0,0,0,0,0,0,census_only,Unknown,0,0.0,inf,0.0
Rhododendron_simsii:plas.Chloroplast,118357,1,1,0.0,0.0,0,0,0.0,0.0,0,0,0,0,0,census_only,Unknown,0,0.0,inf,0.0
Penicillium_sp._KCTC16081.Mitochondria,152761,1,2,0.0,0.0,0,0,0.0,0.0,0,0,0,0,0,census_only,Unknown,0,0.0,inf,0.0
Koshicola_spirodelophila.Chloroplast,1707787,1,2,0.0,0.0,0,0,0.0,0.0,0,0,0,0,0,census_only,Unknown,0,0.0,inf,0.0
Vittaria_lineata:plas.Chloroplast,38538,1,2,0.0,0.0,0,0,0.0,0.0,0,0,0,0,0,census_only,Unknown,0,0.0,inf,0.0
Solanum_arcanum.Chloroplast,376710,1,2,0.0,0.0,0,0,0.0,0.0,0,0,0,0,0,census_only,Unknown,0,0.0,inf,0.0
Phaseolus_vulgaris.Mitochondria,3885,1,1,0.0,0.0,0,0,0.0,0.0,0,0,0,0,0,census_only,Unknown,0,0.0,inf,0.0
Sarcocystis10_muris:apic.Apicoplast,N/A,1,1,0.0,0.0,0,0,0.0,0.0,0,0,0,0,0,census_only,Unknown,0,0.0,inf,0.0
Pseudoscourfieldia_marina:plas.Chloroplast,41886,1,1,0.0,0.0,0,0,0.0,0.0,0,0,0,0,0,census_only,Unknown,0,0.0,inf,0.0
Thaumatella_adunca.Chloroplast,2006976,1,1,0.0,0.0,0,0,0.0,0.0,0,0,0,0,0,census_only,Unknown,0,0.0,inf,0.0
Cedrus_deodara:plas.Chloroplast,3322,1,1,0.0,0.0,0,0,0.0,0.0,0,0,0,0,0,census_only,Unknown,0,0.0,inf,0.0
Scytosiphon_lomentaria.Chloroplast,27967,1,1,0.0,0.0,0,0,0.0,0.0,0,0,0,0,0,census_only,Unknown,0,0.0,inf,0.0
Penicillium_digitatum_Pd1.Mitochondria,1170230,1,1,0.0,0.0,0,0,0.0,0.0,0,0,0,0,0,census_only,Unknown,0,0.0,inf,0.0
uncultured_Streptophyta.Chloroplast,260559,1,1,0.0,0.0,0,0,0.0,0.0,0,0,0,0,0,census_only,Unknown,0,0.0,inf,0.0
Tetradesmus_obliquus.Chloroplast,3088,1,1,0.0,0.0,0,0,0.0,0.0,0,0,0,0,0,census_only,Unknown,0,0.0,inf,0.0
Porphyridium_sordidum.Chloroplast,28024,1,2,0.0,0.0,0,0,0.0,0.0,0,0,0,0,0,census_only,Unknown,0,0.0,inf,0.0
Chrysochromulina_sp.:plas.Chloroplast,N/A,1,1,0.0,0.0,0,0,0.0,0.0,0,0,0,0,0,census_only,Unknown,0,0.0,inf,0.0
Lepocinclis_acus:plas.Chloroplast,298305,1,1,0.0,0.0,0,0,0.0,0.0,0,0,0,0,0,census_only,Unknown,0,0.0,inf,0.0
Equisetum_hyemale:plas.Chloroplast,3262,1,1,0.0,0.0,0,0,0.0,0.0,0,0,0,0,0,census_only,Unknown,0,0.0,inf,0.0
Phaeomonas_sp.:plas.Chloroplast,N/A,1,2,0.0,0.0,0,0,0.0,0.0,0,0,0,0,0,census_only,Unknown,0,0.0,inf,0.0
Streptochaeta_angustifolia:plas.Chloroplast,38733,1,2,0.0,0.0,0,0,0.0,0.0,0,0,0,0,0,census_only,Unknown,0,0.0,inf,0.0
Phacus_similis:plas.Chloroplast,98237,1,2,0.0,0.0,0,0,0.0,0.0,0,0,0,0,0,census_only,Unknown,0,0.0,inf,0.0
Nitella_mirabilis.Chloroplast,231897,1,1,0.0,0.0,0,0,0.0,0.0,0,0,0,0,0,census_only,Unknown,0,0.0,inf,0.0
Fusarium_mangiferae.Mitochondria,192010,1,1,0.0,0.0,0,0,0.0,0.0,0,0,0,0,0,census_only,Unknown,0,0.0,inf,0.0
Hydrocoryne,1117097,1,1,0.0,0.0,0,0,0.0,0.0,0,0,0,0,0,census_only,Unknown,0,0.0,inf,0.0
Hypomyces_chrysospermus.Mitochondria,5131,1,1,0.0,0.0,0,0,0.0,0.0,0,0,0,0,0,census_only,Unknown,0,0.0,inf,0.0
Tiedjeia,336377,1,1,0.0,0.0,0,0,0.0,0.0,0,0,0,0,0,census_only,Unknown,0,0.0,inf,0.0
uncultured_Dunaliella_sp.Chloroplast,3044,1,2,0.0,0.0,0,0,0.0,0.0,0,0,0,0,0,census_only,Unknown,0,0.0,inf,0.0
Pseudochlorella_signiensis.Chloroplast,173497,1,1,0.0,0.0,0,0,0.0,0.0,0,0,0,0,0,census_only,Unknown,0,0.0,inf,0.0
Kohautia_caespitosa.Mitochondria,58415,1,1,0.0,0.0,0,0,0.0,0.0,0,0,0,0,0,census_only,Unknown,0,0.0,inf,0.0
Gossypium_barbadense_(sea-island_cotton).Chloroplast,N/A,1,3,0.0,0.0,0,0,0.0,0.0,0,0,0,0,0,census_only,Unknown,0,0.0,inf,0.0
Halamphora_coffeaeformis:plas.Chloroplast,1487565,1,1,0.0,0.0,0,0,0.0,0.0,0,0,0,0,0,census_only,Unknown,0,0.0,inf,0.0
Ensete_ventricosum.Chloroplast,4639,1,5,0.0,0.0,0,0,0.0,0.0,0,0,0,0,0,census_only,Unknown,0,0.0,inf,0.0
Lepocinclis_sp._Saema103108C.Chloroplast,1685836,1,2,0.0,0.0,0,0,0.0,0.0,0,0,0,0,0,census_only,Unknown,0,0.0,inf,0.0
Plasmodium1_cynomolgi:apic.Apicoplast,N/A,1,2,0.0,0.0,0,0,0.0,0.0,0,0,0,0,0,census_only,Unknown,0,0.0,inf,0.0
Talaromyces_pittii.Mitochondria,128440,1,1,0.0,0.0,0,0,0.0,0.0,0,0,0,0,0,census_only,Unknown,0,0.0,inf,0.0
Mollugo_verticillata:plas.Chloroplast,3592,1,1,0.0,0.0,0,0,0.0,0.0,0,0,0,0,0,census_only,Unknown,0,0.0,inf,0.0
Aspergillago_clavatoflava.Mitochondria,41064,1,1,0.0,0.0,0,0,0.0,0.0,0,0,0,0,0,census_only,Unknown,0,0.0,inf,0.0
Galbulimima_belgraveana.Mitochondria,13535,1,1,0.0,0.0,0,0,0.0,0.0,0,0,0,0,0,census_only,Unknown,0,0.0,inf,0.0
Hydra_vulgaris.Chloroplast,6087,1,1,0.0,0.0,0,0,0.0,0.0,0,0,0,0,0,census_only,Unknown,0,0.0,inf,0.0
Lactuca_sativa:plas.Chloroplast,4236,1,1,0.0,0.0,0,0,0.0,0.0,0,0,0,0,0,census_only,Unknown,0,0.0,inf,0.0
Pedinomonas_sp.:plas.Chloroplast,N/A,1,1,0.0,0.0,0,0,0.0,0.0,0,0,0,0,0,census_only,Unknown,0,0.0,inf,0.0
Capsicum_annuum.Mitochondria,4072,1,1,0.0,0.0,0,0,0.0,0.0,0,0,0,0,0,census_only,Unknown,0,0.0,inf,0.0
Rhodomela_confervoides.Chloroplast,35163,1,1,0.0,0.0,0,0,0.0,0.0,0,0,0,0,0,census_only,Unknown,0,0.0,inf,0.0
Prasinococcales_XX_sp.:plas.Chloroplast,N/A,1,1,0.0,0.0,0,0,0.0,0.0,0,0,0,0,0,census_only,Unknown,0,0.0,inf,0.0
Microsporum_canis.Mitochondria,63405,1,6,0.0,0.0,0,0,0.0,0.0,0,0,0,0,0,census_only,Unknown,0,0.0,inf,0.0
Spyridia_filamentosa.Chloroplast,196632,1,2,0.0,0.0,0,0,0.0,0.0,0,0,0,0,0,census_only,Unknown,0,0.0,inf,0.0
Hordeum_vulgare_subsp._vulgare_(domesticated_barley).Mitochondria,N/A,1,3,0.0,0.0,0,0,0.0,0.0,0,0,0,0,0,census_only,Unknown,0,0.0,inf,0.0
Flintiella_sanguinaria:plas.Chloroplast,101926,1,1,0.0,0.0,0,0,0.0,0.0,0,0,0,0,0,census_only,Unknown,0,0.0,inf,0.0
Morus_alba_var._alba.Mitochondria,229046,1,1,0.0,0.0,0,0,0.0,0.0,0,0,0,0,0,census_only,Unknown,0,0.0,inf,0.0
Polytoma_oviforme:plas.Chloroplast,40531,1,2,0.0,0.0,0,0,0.0,0.0,0,0,0,0,0,census_only,Unknown,0,0.0,inf,0.0
Tetraphis_pellucida.Chloroplast,37420,1,7,0.0,0.0,0,0,0.0,0.0,0,0,0,0,0,census_only,Unknown,0,0.0,inf,0.0
Porphyridium_purpureum:plas.Chloroplast,35688,1,1,0.0,0.0,0,0,0.0,0.0,0,0,0,0,0,census_only,Unknown,0,0.0,inf,0.0
Carnegiea_gigantea.Chloroplast,171969,1,1,0.0,0.0,0,0,0.0,0.0,0,0,0,0,0,census_only,Unknown,0,0.0,inf,0.0
Didymosphenia_geminata.Chloroplast,1115533,1,1,0.0,0.0,0,0,0.0,0.0,0,0,0,0,0,census_only,Unknown,0,0.0,inf,0.0
Arcocellulus_mammifer:plas.Chloroplast,420264,1,1,0.0,0.0,0,0,0.0,0.0,0,0,0,0,0,census_only,Unknown,0,0.0,inf,0.0
Drosera_rotundifolia.Chloroplast,173423,1,2,0.0,0.0,0,0,0.0,0.0,0,0,0,0,0,census_only,Unknown,0,0.0,inf,0.0
Agathis_robusta:plas.Chloroplast,60854,1,1,0.0,0.0,0,0,0.0,0.0,0,0,0,0,0,census_only,Unknown,0,0.0,inf,0.0
Chlamydomonas_nivalis.Chloroplast,47906,1,1,0.0,0.0,0,0,0.0,0.0,0,0,0,0,0,census_only,Unknown,0,0.0,inf,0.0
Cyanophora_paradoxa:plas.Chloroplast,2762,1,1,0.0,0.0,0,0,0.0,0.0,0,0,0,0,0,census_only,Unknown,0,0.0,inf,0.0
Prumnopitys_ladei:plas.Chloroplast,120637,1,2,0.0,0.0,0,0,0.0,0.0,0,0,0,0,0,census_only,Unknown,0,0.0,inf,0.0
