Name_to_use,taxid,otu_count,otu_percentage,size_count,size_percentage,lineage,lineage_ranks,lineage_taxids
Lachnospiraceae,186803,12280,4.68,29811,2.5,cellular organisms;Bacteria;Bacillati;Bacillota;Clostridia;Lachnospirales;Lachnospiraceae,cellular root;domain;kingdom;phylum;class;order;family,131567;2;1783272;1239;186801;3085636;186803
Oscillospiraceae,216572,5753,2.19,16512,1.38,cellular organisms;Bacteria;Bacillati;Bacillota;Clostridia;Eubacteriales;Oscillospiraceae,cellular root;domain;kingdom;phylum;class;order;family,131567;2;1783272;1239;186801;186802;216572
Clostridia.U.family,186801,5378,2.05,13639,1.14,cellular organisms;Bacteria;Bacillati;Bacillota;Clostridia;Clostridia.U.family,cellular root;domain;kingdom;phylum;class;original_name,131567;2;1783272;1239;186801;186801
Verrucomicrobiota.U.family,74201,5114,1.95,15199,1.27,cellular organisms;Bacteria;Pseudomonadati;PVC group;Verrucomicrobiota;Verrucomicrobiota.U.family,cellular root;domain;kingdom;clade;phylum;original_name,131567;2;3379134;1783257;74201;74201
Bacillaceae,186817,4810,1.83,22660,1.9,cellular organisms;Bacteria;Bacillati;Bacillota;Bacilli;Bacillales;Bacillaceae,cellular root;domain;kingdom;phylum;class;order;family,131567;2;1783272;1239;91061;1385;186817
Bacteria.U.family,629395,4221,1.61,19550,1.64,cellular organisms;Eukaryota;Opisthokonta;Metazoa;Eumetazoa;Bilateria;Protostomia;Ecdysozoa;Panarthropoda;Arthropoda;Mandibulata;Pancrustacea;Hexapoda;Insecta;Dicondylia;Pterygota;Neoptera;Polyneoptera;Phasmatodea;Verophasmatodea;Anareolatae;Diapheromeridae;Diapheromerinae;Diapheromerini;Bacteria Latreille et al. 1825;Bacteria.U.family,cellular root;domain;clade;kingdom;clade;clade;clade;clade;clade;phylum;clade;clade;subphylum;class;clade;subclass;infraclass;cohort;order;suborder;infraorder;family;subfamily;tribe;genus;original_name,131567;2759;33154;33208;6072;33213;33317;1206794;88770;6656;197563;197562;6960;50557;85512;7496;33340;33341;7020;213547;523720;409189;524135;524136;629395;629395
Alphaproteobacteria.U.family,28211,4185,1.6,24462,2.05,cellular organisms;Bacteria;Pseudomonadati;Pseudomonadota;Alphaproteobacteria;Alphaproteobacteria.U.family,cellular root;domain;kingdom;phylum;class;original_name,131567;2;3379134;1224;28211;28211
Gammaproteobacteria.U.family,1236,3688,1.41,17379,1.45,cellular organisms;Bacteria;Pseudomonadati;Pseudomonadota;Gammaproteobacteria;Gammaproteobacteria.U.family,cellular root;domain;kingdom;phylum;class;original_name,131567;2;3379134;1224;1236;1236
Flavobacteriaceae,49546,3630,1.38,18399,1.54,cellular organisms;Bacteria;Pseudomonadati;FCB group;Bacteroidota/Chlorobiota group;Bacteroidota;Flavobacteriia;Flavobacteriales;Flavobacteriaceae,cellular root;domain;kingdom;clade;clade;phylum;class;order;family,131567;2;3379134;1783270;68336;976;117743;200644;49546
Acidobacteriota.U.family,57723,3109,1.19,16434,1.38,cellular organisms;Bacteria;Pseudomonadati;Acidobacteriota;Acidobacteriota.U.family,cellular root;domain;kingdom;phylum;original_name,131567;2;3379134;57723;57723
Microgenomatia.U.family,NA,2959,1.13,8761,0.73,Microgenomatia.U.family,original_name,NA
Anaerolineae.U.family,292625,2905,1.11,9688,0.81,cellular organisms;Bacteria;Bacillati;Chloroflexota;Anaerolineae;Anaerolineae.U.family,cellular root;domain;kingdom;phylum;class;original_name,131567;2;1783272;200795;292625;292625
Pirellulaceae,2691357,2878,1.1,10097,0.85,cellular organisms;Bacteria;Pseudomonadati;PVC group;Planctomycetota;Planctomycetia;Pirellulales;Pirellulaceae,cellular root;domain;kingdom;clade;phylum;class;order;family,131567;2;3379134;1783257;203682;203683;2691354;2691357
Planctomycetota.U.family,203682,2873,1.1,9782,0.82,cellular organisms;Bacteria;Pseudomonadati;PVC group;Planctomycetota;Planctomycetota.U.family,cellular root;domain;kingdom;clade;phylum;original_name,131567;2;3379134;1783257;203682;203682
Prevotellaceae,171552,2810,1.07,8135,0.68,cellular organisms;Bacteria;Pseudomonadati;FCB group;Bacteroidota/Chlorobiota group;Bacteroidota;Bacteroidia;Bacteroidales;Prevotellaceae,cellular root;domain;kingdom;clade;clade;phylum;class;order;family,131567;2;3379134;1783270;68336;976;200643;171549;171552
Dehalococcoidia.U.family,301297,2599,0.99,11333,0.95,cellular organisms;Bacteria;Bacillati;Chloroflexota;Dehalococcoidia;Dehalococcoidia.U.family,cellular root;domain;kingdom;phylum;class;original_name,131567;2;1783272;200795;301297;301297
Anaerolineaceae,292628,2466,0.94,12800,1.07,cellular organisms;Bacteria;Bacillati;Chloroflexota;Anaerolineae;Anaerolineales;Anaerolineaceae,cellular root;domain;kingdom;phylum;class;order;family,131567;2;1783272;200795;292625;292629;292628
Pseudomonadaceae,135621,2409,0.92,13628,1.14,cellular organisms;Bacteria;Pseudomonadati;Pseudomonadota;Gammaproteobacteria;Pseudomonadales;Pseudomonadaceae,cellular root;domain;kingdom;phylum;class;order;family,131567;2;3379134;1224;1236;72274;135621
Bacteroidales.U.family,171549,2210,0.84,6840,0.57,cellular organisms;Bacteria;Pseudomonadati;FCB group;Bacteroidota/Chlorobiota group;Bacteroidota;Bacteroidia;Bacteroidales;Bacteroidales.U.family,cellular root;domain;kingdom;clade;clade;phylum;class;order;original_name,131567;2;3379134;1783270;68336;976;200643;171549;171549
Chitinophagaceae,563835,2015,0.77,10370,0.87,cellular organisms;Bacteria;Pseudomonadati;FCB group;Bacteroidota/Chlorobiota group;Bacteroidota;Chitinophagia;Chitinophagales;Chitinophagaceae,cellular root;domain;kingdom;clade;clade;phylum;class;order;family,131567;2;3379134;1783270;68336;976;1853228;1853229;563835
Enterobacteriaceae,543,1996,0.76,23615,1.98,cellular organisms;Bacteria;Pseudomonadati;Pseudomonadota;Gammaproteobacteria;Enterobacterales;Enterobacteriaceae,cellular root;domain;kingdom;phylum;class;order;family,131567;2;3379134;1224;1236;91347;543
Verrucomicrobiae.U.family,203494,1914,0.73,10005,0.84,cellular organisms;Bacteria;Pseudomonadati;PVC group;Verrucomicrobiota;Verrucomicrobiia;Verrucomicrobiae.U.family,cellular root;domain;kingdom;clade;phylum;class;original_name,131567;2;3379134;1783257;74201;203494;203494
Rikenellaceae,171550,1913,0.73,5299,0.44,cellular organisms;Bacteria;Pseudomonadati;FCB group;Bacteroidota/Chlorobiota group;Bacteroidota;Bacteroidia;Bacteroidales;Rikenellaceae,cellular root;domain;kingdom;clade;clade;phylum;class;order;family,131567;2;3379134;1783270;68336;976;200643;171549;171550
Christensenellaceae,990719,1852,0.71,4396,0.37,cellular organisms;Bacteria;Bacillati;Bacillota;Clostridia;Christensenellales;Christensenellaceae,cellular root;domain;kingdom;phylum;class;order;family,131567;2;1783272;1239;186801;3082768;990719
Clostridiaceae,31979,1843,0.7,8212,0.69,cellular organisms;Bacteria;Bacillati;Bacillota;Clostridia;Eubacteriales;Clostridiaceae,cellular root;domain;kingdom;phylum;class;order;family,131567;2;1783272;1239;186801;186802;31979
Chloroflexota.U.family,200795,1816,0.69,14646,1.23,cellular organisms;Bacteria;Bacillati;Chloroflexota;Chloroflexota.U.family,cellular root;domain;kingdom;phylum;original_name,131567;2;1783272;200795;200795
Spirochaetaceae,137,1799,0.69,5941,0.5,cellular organisms;Bacteria;Pseudomonadati;Spirochaetota;Spirochaetia;Spirochaetales;Spirochaetaceae,cellular root;domain;kingdom;phylum;class;order;family,131567;2;3379134;203691;203692;136;137
Bacteroidota.U.family,976,1737,0.66,9120,0.76,cellular organisms;Bacteria;Pseudomonadati;FCB group;Bacteroidota/Chlorobiota group;Bacteroidota;Bacteroidota.U.family,cellular root;domain;kingdom;clade;clade;phylum;original_name,131567;2;3379134;1783270;68336;976;976
Phycisphaerae.U.family,666505,1714,0.65,4606,0.39,cellular organisms;Bacteria;Pseudomonadati;PVC group;Planctomycetota;Phycisphaerae;Phycisphaerae.U.family,cellular root;domain;kingdom;clade;phylum;class;original_name,131567;2;3379134;1783257;203682;666505;666505
ABY1.U.family,NA,1711,0.65,5467,0.46,ABY1.U.family,original_name,NA
Muribaculaceae,2005473,1547,0.59,3396,0.28,cellular organisms;Bacteria;Pseudomonadati;FCB group;Bacteroidota/Chlorobiota group;Bacteroidota;Bacteroidia;Bacteroidales;Muribaculaceae,cellular root;domain;kingdom;clade;clade;phylum;class;order;family,131567;2;3379134;1783270;68336;976;200643;171549;2005473
Streptococcaceae,1300,1499,0.57,9958,0.83,cellular organisms;Bacteria;Bacillati;Bacillota;Bacilli;Lactobacillales;Streptococcaceae,cellular root;domain;kingdom;phylum;class;order;family,131567;2;1783272;1239;91061;186826;1300
Gemmatimonadaceae,219687,1494,0.57,8126,0.68,cellular organisms;Bacteria;Pseudomonadati;FCB group;Gemmatimonadota;Gemmatimonadia;Gemmatimonadales;Gemmatimonadaceae,cellular root;domain;kingdom;clade;phylum;class;order;family,131567;2;3379134;1783270;142182;219685;219686;219687
Comamonadaceae,80864,1468,0.56,9527,0.8,cellular organisms;Bacteria;Pseudomonadati;Pseudomonadota;Betaproteobacteria;Burkholderiales;Comamonadaceae,cellular root;domain;kingdom;phylum;class;order;family,131567;2;3379134;1224;28216;80840;80864
Gemmataceae,1914233,1447,0.55,3701,0.31,cellular organisms;Bacteria;Pseudomonadati;PVC group;Planctomycetota;Planctomycetia;Gemmatales;Gemmataceae,cellular root;domain;kingdom;clade;phylum;class;order;family,131567;2;3379134;1783257;203682;203683;2691355;1914233
Acidimicrobiia.U.family,84992,1406,0.54,10022,0.84,cellular organisms;Bacteria;Bacillati;Actinomycetota;Acidimicrobiia;Acidimicrobiia.U.family,cellular root;domain;kingdom;phylum;class;original_name,131567;2;1783272;201174;84992;84992
Sphingomonadaceae,41297,1382,0.53,8519,0.71,cellular organisms;Bacteria;Pseudomonadati;Pseudomonadota;Alphaproteobacteria;Sphingomonadales;Sphingomonadaceae,cellular root;domain;kingdom;phylum;class;order;family,131567;2;3379134;1224;28211;204457;41297
Lactobacillaceae,33958,1380,0.53,7843,0.66,cellular organisms;Bacteria;Bacillati;Bacillota;Bacilli;Lactobacillales;Lactobacillaceae,cellular root;domain;kingdom;phylum;class;order;family,131567;2;1783272;1239;91061;186826;33958
Streptomycetaceae,2062,1376,0.52,8291,0.69,cellular organisms;Bacteria;Bacillati;Actinomycetota;Actinomycetes;Kitasatosporales;Streptomycetaceae,cellular root;domain;kingdom;phylum;class;order;family,131567;2;1783272;201174;1760;85011;2062
Thermoplasmata.U.family,183967,1333,0.51,7908,0.66,cellular organisms;Archaea;Methanobacteriati;Thermoplasmatota;Thermoplasmata;Thermoplasmata.U.family,cellular root;domain;kingdom;phylum;class;original_name,131567;2157;3366610;2283796;183967;183967
Phycisphaeraceae,666507,1258,0.48,5650,0.47,cellular organisms;Bacteria;Pseudomonadati;PVC group;Planctomycetota;Phycisphaerae;Phycisphaerales;Phycisphaeraceae,cellular root;domain;kingdom;clade;phylum;class;order;family,131567;2;3379134;1783257;203682;666505;666506;666507
Paenibacillaceae,186822,1247,0.48,5325,0.45,cellular organisms;Bacteria;Bacillati;Bacillota;Bacilli;Bacillales;Paenibacillaceae,cellular root;domain;kingdom;phylum;class;order;family,131567;2;1783272;1239;91061;1385;186822
Moraxellaceae,468,1204,0.46,6928,0.58,cellular organisms;Bacteria;Pseudomonadati;Pseudomonadota;Gammaproteobacteria;Moraxellales;Moraxellaceae,cellular root;domain;kingdom;phylum;class;order;family,131567;2;3379134;1224;1236;2887326;468
Bacteroidaceae,815,1171,0.45,6085,0.51,cellular organisms;Bacteria;Pseudomonadati;FCB group;Bacteroidota/Chlorobiota group;Bacteroidota;Bacteroidia;Bacteroidales;Bacteroidaceae,cellular root;domain;kingdom;clade;clade;phylum;class;order;family,131567;2;3379134;1783270;68336;976;200643;171549;815
Sphingobacteriales.U.family,200666,1120,0.43,7226,0.6,cellular organisms;Bacteria;Pseudomonadati;FCB group;Bacteroidota/Chlorobiota group;Bacteroidota;Sphingobacteriia;Sphingobacteriales;Sphingobacteriales.U.family,cellular root;domain;kingdom;clade;clade;phylum;class;order;original_name,131567;2;3379134;1783270;68336;976;117747;200666;200666
Pseudomonadales.U.family,72274,1109,0.42,8970,0.75,cellular organisms;Bacteria;Pseudomonadati;Pseudomonadota;Gammaproteobacteria;Pseudomonadales;Pseudomonadales.U.family,cellular root;domain;kingdom;phylum;class;order;original_name,131567;2;3379134;1224;1236;72274;72274
Burkholderiales.U.family,80840,1092,0.42,6916,0.58,cellular organisms;Bacteria;Pseudomonadati;Pseudomonadota;Betaproteobacteria;Burkholderiales;Burkholderiales.U.family,cellular root;domain;kingdom;phylum;class;order;original_name,131567;2;3379134;1224;28216;80840;80840
Paracoccaceae,31989,1092,0.42,4625,0.39,cellular organisms;Bacteria;Pseudomonadati;Pseudomonadota;Alphaproteobacteria;Rhodobacterales;Paracoccaceae,cellular root;domain;kingdom;phylum;class;order;family,131567;2;3379134;1224;28211;204455;31989
Saprospiraceae,89374,1091,0.42,4819,0.4,cellular organisms;Bacteria;Pseudomonadati;FCB group;Bacteroidota/Chlorobiota group;Bacteroidota;Saprospiria;Saprospirales;Saprospiraceae,cellular root;domain;kingdom;clade;clade;phylum;class;order;family,131567;2;3379134;1783270;68336;976;1937959;1936988;89374
Rhodospirillales.U.family,204441,1015,0.39,4712,0.39,cellular organisms;Bacteria;Pseudomonadati;Pseudomonadota;Alphaproteobacteria;Rhodospirillales;Rhodospirillales.U.family,cellular root;domain;kingdom;phylum;class;order;original_name,131567;2;3379134;1224;28211;204441;204441
Burkholderiaceae,119060,1013,0.39,8806,0.74,cellular organisms;Bacteria;Pseudomonadati;Pseudomonadota;Betaproteobacteria;Burkholderiales;Burkholderiaceae,cellular root;domain;kingdom;phylum;class;order;family,131567;2;3379134;1224;28216;80840;119060
Rickettsiales.U.family,766,1009,0.38,3120,0.26,cellular organisms;Bacteria;Pseudomonadati;Pseudomonadota;Alphaproteobacteria;Rickettsiales;Rickettsiales.U.family,cellular root;domain;kingdom;phylum;class;order;original_name,131567;2;3379134;1224;28211;766;766
Treponemataceae,2845253,980,0.37,2616,0.22,cellular organisms;Bacteria;Pseudomonadati;Spirochaetota;Spirochaetia;Spirochaetales;Treponemataceae,cellular root;domain;kingdom;phylum;class;order;family,131567;2;3379134;203691;203692;136;2845253
Acetobacteraceae,433,980,0.37,5189,0.43,cellular organisms;Bacteria;Pseudomonadati;Pseudomonadota;Alphaproteobacteria;Acetobacterales;Acetobacteraceae,cellular root;domain;kingdom;phylum;class;order;family,131567;2;3379134;1224;28211;3120395;433
Roseobacteraceae,2854170,974,0.37,4042,0.34,cellular organisms;Bacteria;Pseudomonadati;Pseudomonadota;Alphaproteobacteria;Rhodobacterales;Roseobacteraceae,cellular root;domain;kingdom;phylum;class;order;family,131567;2;3379134;1224;28211;204455;2854170
Micrococcaceae,1268,960,0.37,4723,0.4,cellular organisms;Bacteria;Bacillati;Actinomycetota;Actinomycetes;Micrococcales;Micrococcaceae,cellular root;domain;kingdom;phylum;class;order;family,131567;2;1783272;201174;1760;85006;1268
Myxococcota.U.family,2818505,936,0.36,3460,0.29,cellular organisms;Bacteria;Pseudomonadati;Myxococcota;Myxococcota.U.family,cellular root;domain;kingdom;phylum;original_name,131567;2;3379134;2818505;2818505
Xanthomonadaceae,32033,935,0.36,6338,0.53,cellular organisms;Bacteria;Pseudomonadati;Pseudomonadota;Gammaproteobacteria;Lysobacterales;Lysobacteraceae,cellular root;domain;kingdom;phylum;class;order;family,131567;2;3379134;1224;1236;135614;32033
Vicinamibacterales.U.family,2910145,913,0.35,3855,0.32,cellular organisms;Bacteria;Pseudomonadati;Acidobacteriota;Vicinamibacteria;Vicinamibacterales;Vicinamibacterales.U.family,cellular root;domain;kingdom;phylum;class;order;original_name,131567;2;3379134;57723;1813735;2910145;2910145
Erysipelotrichaceae,128827,901,0.34,3517,0.29,cellular organisms;Bacteria;Bacillati;Bacillota;Erysipelotrichia;Erysipelotrichales;Erysipelotrichaceae,cellular root;domain;kingdom;phylum;class;order;family,131567;2;1783272;1239;526524;526525;128827
Microbacteriaceae,85023,897,0.34,6634,0.56,cellular organisms;Bacteria;Bacillati;Actinomycetota;Actinomycetes;Micrococcales;Microbacteriaceae,cellular root;domain;kingdom;phylum;class;order;family,131567;2;1783272;201174;1760;85006;85023
Vibrionaceae,641,893,0.34,5299,0.44,cellular organisms;Bacteria;Pseudomonadati;Pseudomonadota;Gammaproteobacteria;Vibrionales;Vibrionaceae,cellular root;domain;kingdom;phylum;class;order;family,131567;2;3379134;1224;1236;135623;641
Rhizobiaceae,82115,893,0.34,4481,0.38,cellular organisms;Bacteria;Pseudomonadati;Pseudomonadota;Alphaproteobacteria;Hyphomicrobiales;Rhizobiaceae,cellular root;domain;kingdom;phylum;class;order;family,131567;2;3379134;1224;28211;356;82115
Bacillota.U.family,1239,892,0.34,2493,0.21,cellular organisms;Bacteria;Bacillati;Bacillota;Bacillota.U.family,cellular root;domain;kingdom;phylum;original_name,131567;2;1783272;1239;1239
Staphylococcaceae,90964,889,0.34,7490,0.63,cellular organisms;Bacteria;Bacillati;Bacillota;Bacilli;Bacillales;Staphylococcaceae,cellular root;domain;kingdom;phylum;class;order;family,131567;2;1783272;1239;91061;1385;90964
Rhodothermaceae,563843,881,0.34,3069,0.26,cellular organisms;Bacteria;Pseudomonadati;FCB group;Bacteroidota/Chlorobiota group;Rhodothermota;Rhodothermia;Rhodothermales;Rhodothermaceae,cellular root;domain;kingdom;clade;clade;phylum;class;order;family,131567;2;3379134;1783270;68336;1853220;1853222;1853224;563843
Tepidisphaerales.U.family,1771349,870,0.33,2540,0.21,cellular organisms;Bacteria;Pseudomonadati;PVC group;Planctomycetota;Phycisphaerae;Tepidisphaerales;Tepidisphaerales.U.family,cellular root;domain;kingdom;clade;phylum;class;order;original_name,131567;2;3379134;1783257;203682;666505;1771349;1771349
Sphingobacteriaceae,84566,860,0.33,4993,0.42,cellular organisms;Bacteria;Pseudomonadati;FCB group;Bacteroidota/Chlorobiota group;Bacteroidota;Sphingobacteriia;Sphingobacteriales;Sphingobacteriaceae,cellular root;domain;kingdom;clade;clade;phylum;class;order;family,131567;2;3379134;1783270;68336;976;117747;200666;84566
Gaiellales.U.family,1154584,855,0.33,6562,0.55,cellular organisms;Bacteria;Bacillati;Actinomycetota;Thermoleophilia;Gaiellales;Gaiellales.U.family,cellular root;domain;kingdom;phylum;class;order;original_name,131567;2;1783272;201174;1497346;1154584;1154584
Oxalobacteraceae,75682,808,0.31,4531,0.38,cellular organisms;Bacteria;Pseudomonadati;Pseudomonadota;Betaproteobacteria;Burkholderiales;Oxalobacteraceae,cellular root;domain;kingdom;phylum;class;order;family,131567;2;3379134;1224;28216;80840;75682
Rhodobacterales.U.family,204455,807,0.31,3134,0.26,cellular organisms;Bacteria;Pseudomonadati;Pseudomonadota;Alphaproteobacteria;Rhodobacterales;Rhodobacterales.U.family,cellular root;domain;kingdom;phylum;class;order;original_name,131567;2;3379134;1224;28211;204455;204455
Ktedonobacteraceae,388449,806,0.31,1977,0.17,cellular organisms;Bacteria;Bacillati;Chloroflexota;Ktedonobacteria;Ktedonobacterales;Ktedonobacteraceae,cellular root;domain;kingdom;phylum;class;order;family,131567;2;1783272;200795;388447;388448;388449
Chthoniobacteraceae,1836792,791,0.3,4749,0.4,cellular organisms;Bacteria;Pseudomonadati;PVC group;Verrucomicrobiota;Spartobacteria;Chthoniobacterales;Chthoniobacteraceae,cellular root;domain;kingdom;clade;phylum;class;order;family,131567;2;3379134;1783257;74201;134549;1836787;1836792
Oligoflexia.U.family,1553900,761,0.29,2051,0.17,cellular organisms;Bacteria;Pseudomonadati;Bdellovibrionota;Oligoflexia;Oligoflexia.U.family,cellular root;domain;kingdom;phylum;class;original_name,131567;2;3379134;3018035;1553900;1553900
Gemmatimonadota.U.family,142182,759,0.29,2803,0.23,cellular organisms;Bacteria;Pseudomonadati;FCB group;Gemmatimonadota;Gemmatimonadota.U.family,cellular root;domain;kingdom;clade;phylum;original_name,131567;2;3379134;1783270;142182;142182
Kofleriaceae,224464,749,0.29,3138,0.26,cellular organisms;Bacteria;Pseudomonadati;Myxococcota;Polyangia;Haliangiales;Kofleriaceae,cellular root;domain;kingdom;phylum;subclass;order;family,131567;2;3379134;2818505;3031711;3031714;224464
Desulfosarcinaceae,3031624,745,0.28,3063,0.26,cellular organisms;Bacteria;Pseudomonadati;Thermodesulfobacteriota;Desulfobacteria;Desulfobacterales;Desulfosarcinaceae,cellular root;domain;kingdom;phylum;class;order;family,131567;2;3379134;200940;3024418;213118;3031624
Corynebacteriaceae,1653,745,0.28,4544,0.38,cellular organisms;Bacteria;Bacillati;Actinomycetota;Actinomycetes;Mycobacteriales;Corynebacteriaceae,cellular root;domain;kingdom;phylum;class;order;family,131567;2;1783272;201174;1760;85007;1653
Actinomycetota.U.family,201174,743,0.28,5173,0.43,cellular organisms;Bacteria;Bacillati;Actinomycetota;Actinomycetota.U.family,cellular root;domain;kingdom;phylum;original_name,131567;2;1783272;201174;201174
Prolixibacteraceae,1471398,742,0.28,2281,0.19,cellular organisms;Bacteria;Pseudomonadati;FCB group;Bacteroidota/Chlorobiota group;Bacteroidota;Bacteroidia;Marinilabiliales;Prolixibacteraceae,cellular root;domain;kingdom;clade;clade;phylum;class;order;family,131567;2;3379134;1783270;68336;976;200643;1970189;1471398
Coxiellaceae,118968,727,0.28,1485,0.12,cellular organisms;Bacteria;Pseudomonadati;Pseudomonadota;Gammaproteobacteria;Legionellales;Coxiellaceae,cellular root;domain;kingdom;phylum;class;order;family,131567;2;3379134;1224;1236;118969;118968
Sulfurovaceae,2771472,714,0.27,1957,0.16,cellular organisms;Bacteria;Pseudomonadati;Campylobacterota;Epsilonproteobacteria;Campylobacterales;Sulfurovaceae,cellular root;domain;kingdom;phylum;class;order;family,131567;2;3379134;29547;3031852;213849;2771472
Planctomycetales.U.family,112,713,0.27,3264,0.27,cellular organisms;Bacteria;Pseudomonadati;PVC group;Planctomycetota;Planctomycetia;Planctomycetales;Planctomycetales.U.family,cellular root;domain;kingdom;clade;phylum;class;order;original_name,131567;2;3379134;1783257;203682;203683;112;112
Nitrosomonadaceae,206379,710,0.27,6210,0.52,cellular organisms;Bacteria;Pseudomonadati;Pseudomonadota;Betaproteobacteria;Nitrosomonadales;Nitrosomonadaceae,cellular root;domain;kingdom;phylum;class;order;family,131567;2;3379134;1224;28216;32003;206379
Thermoanaerobaculaceae,2562242,708,0.27,2663,0.22,cellular organisms;Bacteria;Pseudomonadati;Acidobacteriota;Thermoanaerobaculia;Thermoanaerobaculales;Thermoanaerobaculaceae,cellular root;domain;kingdom;phylum;class;order;family,131567;2;3379134;57723;1562571;2562241;2562242
Bacilli.U.family,91061,691,0.26,2261,0.19,cellular organisms;Bacteria;Bacillati;Bacillota;Bacilli;Bacilli.U.family,cellular root;domain;kingdom;phylum;class;original_name,131567;2;1783272;1239;91061;91061
Desulfobacteraceae,213119,685,0.26,2486,0.21,cellular organisms;Bacteria;Pseudomonadati;Thermodesulfobacteriota;Desulfobacteria;Desulfobacterales;Desulfobacteraceae,cellular root;domain;kingdom;phylum;class;order;family,131567;2;3379134;200940;3024418;213118;213119
Propionibacteriaceae,31957,675,0.26,4329,0.36,cellular organisms;Bacteria;Bacillati;Actinomycetota;Actinomycetes;Propionibacteriales;Propionibacteriaceae,cellular root;domain;kingdom;phylum;class;order;family,131567;2;1783272;201174;1760;85009;31957
Nocardioidaceae,85015,667,0.25,2782,0.23,cellular organisms;Bacteria;Bacillati;Actinomycetota;Actinomycetes;Propionibacteriales;Nocardioidaceae,cellular root;domain;kingdom;phylum;class;order;family,131567;2;1783272;201174;1760;85009;85015
Pyrinomonadaceae,2048906,659,0.25,3239,0.27,cellular organisms;Bacteria;Pseudomonadati;Acidobacteriota;Blastocatellia;Blastocatellales;Pyrinomonadaceae,cellular root;domain;kingdom;phylum;class;order;family,131567;2;3379134;57723;1562566;1748771;2048906
Bryobacteraceae,1962910,650,0.25,2629,0.22,cellular organisms;Bacteria;Pseudomonadati;Acidobacteriota;Terriglobia;Bryobacterales;Bryobacteraceae,cellular root;domain;kingdom;phylum;class;order;family,131567;2;3379134;57723;204432;332160;1962910
Pasteurellaceae,712,650,0.25,4161,0.35,cellular organisms;Bacteria;Pseudomonadati;Pseudomonadota;Gammaproteobacteria;Pasteurellales;Pasteurellaceae,cellular root;domain;kingdom;phylum;class;order;family,131567;2;3379134;1224;1236;135625;712
Verrucomicrobiaceae,203557,623,0.24,4565,0.38,cellular organisms;Bacteria;Pseudomonadati;PVC group;Verrucomicrobiota;Verrucomicrobiia;Verrucomicrobiales;Verrucomicrobiaceae,cellular root;domain;kingdom;clade;phylum;class;order;family,131567;2;3379134;1783257;74201;203494;48461;203557
Nitrososphaeria.U.family,1643678,619,0.24,2993,0.25,cellular organisms;Archaea;Thermoproteati;Nitrososphaerota;Nitrososphaeria;Nitrososphaeria.U.family,cellular root;domain;kingdom;phylum;class;original_name,131567;2157;1783275;651137;1643678;1643678
Microscillaceae,1937962,617,0.24,2545,0.21,cellular organisms;Bacteria;Pseudomonadati;FCB group;Bacteroidota/Chlorobiota group;Bacteroidota;Cytophagia;Cytophagales;Microscillaceae,cellular root;domain;kingdom;clade;clade;phylum;class;order;family,131567;2;3379134;1783270;68336;976;768503;768507;1937962
Desulfovibrionaceae,194924,612,0.23,2687,0.22,cellular organisms;Bacteria;Pseudomonadati;Thermodesulfobacteriota;Desulfovibrionia;Desulfovibrionales;Desulfovibrionaceae,cellular root;domain;kingdom;phylum;class;order;family,131567;2;3379134;200940;3031449;213115;194924
Desulfocapsaceae,2886822,604,0.23,1679,0.14,cellular organisms;Bacteria;Pseudomonadati;Thermodesulfobacteriota;Desulfobulbia;Desulfobulbales;Desulfocapsaceae,cellular root;domain;kingdom;phylum;class;order;family,131567;2;3379134;200940;3031451;3024411;2886822
Halomonadaceae,28256,598,0.23,2529,0.21,cellular organisms;Bacteria;Pseudomonadati;Pseudomonadota;Gammaproteobacteria;Oceanospirillales;Halomonadaceae,cellular root;domain;kingdom;phylum;class;order;family,131567;2;3379134;1224;1236;135619;28256
Armatimonadota.U.family,67819,593,0.23,1638,0.14,cellular organisms;Bacteria;Bacillati;Armatimonadota;Armatimonadota.U.family,cellular root;domain;kingdom;phylum;original_name,131567;2;1783272;67819;67819
Thiovulaceae,2771471,589,0.22,2004,0.17,cellular organisms;Bacteria;Pseudomonadati;Campylobacterota;Epsilonproteobacteria;Campylobacterales;Sulfurimonadaceae,cellular root;domain;kingdom;phylum;class;order;family,131567;2;3379134;29547;3031852;213849;2771471
Peptococcaceae,186807,585,0.22,1093,0.09,cellular organisms;Bacteria;Bacillati;Bacillota;Clostridia;Eubacteriales;Peptococcaceae,cellular root;domain;kingdom;phylum;class;order;family,131567;2;1783272;1239;186801;186802;186807
Dysgonomonadaceae,2005520,573,0.22,1488,0.12,cellular organisms;Bacteria;Pseudomonadati;FCB group;Bacteroidota/Chlorobiota group;Bacteroidota;Bacteroidia;Bacteroidales;Dysgonomonadaceae,cellular root;domain;kingdom;clade;clade;phylum;class;order;family,131567;2;3379134;1783270;68336;976;200643;171549;2005520
Ardenticatenales.U.family,1382929,553,0.21,1552,0.13,cellular organisms;Bacteria;Bacillati;Chloroflexota;Ardenticatenia;Ardenticatenales;Ardenticatenales.U.family,cellular root;domain;kingdom;phylum;class;order;original_name,131567;2;1783272;200795;1382928;1382929;1382929
Vicinamibacteraceae,2211325,549,0.21,2228,0.19,cellular organisms;Bacteria;Pseudomonadati;Acidobacteriota;Vicinamibacteria;Vicinamibacterales;Vicinamibacteraceae,cellular root;domain;kingdom;phylum;class;order;family,131567;2;3379134;57723;1813735;2910145;2211325
Cyclobacteriaceae,563798,548,0.21,2762,0.23,cellular organisms;Bacteria;Pseudomonadati;FCB group;Bacteroidota/Chlorobiota group;Bacteroidota;Cytophagia;Cytophagales;Cyclobacteriaceae,cellular root;domain;kingdom;clade;clade;phylum;class;order;family,131567;2;3379134;1783270;68336;976;768503;768507;563798
Bdellovibrionales.U.family,213481,544,0.21,2058,0.17,cellular organisms;Bacteria;Pseudomonadati;Bdellovibrionota;Bdellovibrionia;Bdellovibrionales;Bdellovibrionales.U.family,cellular root;domain;kingdom;phylum;class;order;original_name,131567;2;3379134;3018035;3031418;213481;213481
Veillonellaceae,31977,543,0.21,2922,0.24,cellular organisms;Bacteria;Bacillati;Bacillota;Negativicutes;Veillonellales;Veillonellaceae,cellular root;domain;kingdom;phylum;class;order;family,131567;2;1783272;1239;909932;1843489;31977
Caulobacteraceae,76892,543,0.21,4094,0.34,cellular organisms;Bacteria;Pseudomonadati;Pseudomonadota;Alphaproteobacteria;Caulobacterales;Caulobacteraceae,cellular root;domain;kingdom;phylum;class;order;family,131567;2;3379134;1224;28211;204458;76892
Eubacteriales.U.family,186802,542,0.21,1060,0.09,cellular organisms;Bacteria;Bacillati;Bacillota;Clostridia;Eubacteriales;Eubacteriales.U.family,cellular root;domain;kingdom;phylum;class;order;original_name,131567;2;1783272;1239;186801;186802;186802
Pseudonocardiaceae,2070,536,0.2,2438,0.2,cellular organisms;Bacteria;Bacillati;Actinomycetota;Actinomycetes;Pseudonocardiales;Pseudonocardiaceae,cellular root;domain;kingdom;phylum;class;order;family,131567;2;1783272;201174;1760;85010;2070
Thermodesulfovibrionia.U.family,2811502,532,0.2,1861,0.16,cellular organisms;Bacteria;Pseudomonadati;Nitrospirota;Thermodesulfovibrionia;Thermodesulfovibrionia.U.family,cellular root;domain;kingdom;phylum;class;original_name,131567;2;3379134;40117;2811502;2811502
Flavobacteriales.U.family,200644,530,0.2,3714,0.31,cellular organisms;Bacteria;Pseudomonadati;FCB group;Bacteroidota/Chlorobiota group;Bacteroidota;Flavobacteriia;Flavobacteriales;Flavobacteriales.U.family,cellular root;domain;kingdom;clade;clade;phylum;class;order;original_name,131567;2;3379134;1783270;68336;976;117743;200644;200644
Nitrosopumilaceae,338190,529,0.2,4381,0.37,cellular organisms;Archaea;Thermoproteati;Nitrososphaerota;Nitrososphaeria;Nitrosopumilales;Nitrosopumilaceae,cellular root;domain;kingdom;phylum;class;order;family,131567;2157;1783275;651137;1643678;31932;338190
Chitinophagales.U.family,1853229,527,0.2,2355,0.2,cellular organisms;Bacteria;Pseudomonadati;FCB group;Bacteroidota/Chlorobiota group;Bacteroidota;Chitinophagia;Chitinophagales;Chitinophagales.U.family,cellular root;domain;kingdom;clade;clade;phylum;class;order;original_name,131567;2;3379134;1783270;68336;976;1853228;1853229;1853229
Hyphomicrobiaceae,45401,527,0.2,3003,0.25,cellular organisms;Bacteria;Pseudomonadati;Pseudomonadota;Alphaproteobacteria;Hyphomicrobiales;Hyphomicrobiaceae,cellular root;domain;kingdom;phylum;class;order;family,131567;2;3379134;1224;28211;356;45401
Weeksellaceae,2762318,526,0.2,2881,0.24,cellular organisms;Bacteria;Pseudomonadati;FCB group;Bacteroidota/Chlorobiota group;Bacteroidota;Flavobacteriia;Flavobacteriales;Weeksellaceae,cellular root;domain;kingdom;clade;clade;phylum;class;order;family,131567;2;3379134;1783270;68336;976;117743;200644;2762318
Alteromonadaceae,72275,514,0.2,2140,0.18,cellular organisms;Bacteria;Pseudomonadati;Pseudomonadota;Gammaproteobacteria;Alteromonadales;Alteromonadaceae,cellular root;domain;kingdom;phylum;class;order;family,131567;2;3379134;1224;1236;135622;72275
Morganellaceae,1903414,513,0.2,1856,0.16,cellular organisms;Bacteria;Pseudomonadati;Pseudomonadota;Gammaproteobacteria;Enterobacterales;Morganellaceae,cellular root;domain;kingdom;phylum;class;order;family,131567;2;3379134;1224;1236;91347;1903414
Ilumatobacteraceae,2448023,502,0.19,5998,0.5,cellular organisms;Bacteria;Bacillati;Actinomycetota;Acidimicrobiia;Acidimicrobiales;Ilumatobacteraceae,cellular root;domain;kingdom;phylum;class;order;family,131567;2;1783272;201174;84992;84993;2448023
Nitrospiraceae,189779,500,0.19,3718,0.31,cellular organisms;Bacteria;Pseudomonadati;Nitrospirota;Nitrospiria;Nitrospirales;Nitrospiraceae,cellular root;domain;kingdom;phylum;class;order;family,131567;2;3379134;40117;203693;189778;189779
Isosphaeraceae,1763524,492,0.19,2150,0.18,cellular organisms;Bacteria;Pseudomonadati;PVC group;Planctomycetota;Planctomycetia;Isosphaerales;Isosphaeraceae,cellular root;domain;kingdom;clade;phylum;class;order;family,131567;2;3379134;1783257;203682;203683;2691356;1763524
Neisseriaceae,481,472,0.18,2677,0.22,cellular organisms;Bacteria;Pseudomonadati;Pseudomonadota;Betaproteobacteria;Neisseriales;Neisseriaceae,cellular root;domain;kingdom;phylum;class;order;family,131567;2;3379134;1224;28216;206351;481
Lentimicrobiaceae,1840213,468,0.18,2483,0.21,cellular organisms;Bacteria;Pseudomonadati;FCB group;Bacteroidota/Chlorobiota group;Bacteroidota;Bacteroidia;Bacteroidales;Lentimicrobiaceae,cellular root;domain;kingdom;clade;clade;phylum;class;order;family,131567;2;3379134;1783270;68336;976;200643;171549;1840213
Myxococcaceae,31,465,0.18,1752,0.15,cellular organisms;Bacteria;Pseudomonadati;Myxococcota;Myxococcia;Myxococcales;Cystobacterineae;Myxococcaceae,cellular root;domain;kingdom;phylum;class;order;suborder;family,131567;2;3379134;2818505;32015;29;80811;31
Cyanobacteriota.U.family,1117,464,0.18,972,0.08,cellular organisms;Bacteria;Bacillati;Cyanobacteriota/Melainabacteria group;Cyanobacteriota;Cyanobacteriota.U.family,cellular root;domain;kingdom;clade;phylum;original_name,131567;2;1783272;1798711;1117;1117
Legionellaceae,444,462,0.18,1450,0.12,cellular organisms;Bacteria;Pseudomonadati;Pseudomonadota;Gammaproteobacteria;Legionellales;Legionellaceae,cellular root;domain;kingdom;phylum;class;order;family,131567;2;3379134;1224;1236;118969;444
Erwiniaceae,1903409,461,0.18,2143,0.18,cellular organisms;Bacteria;Pseudomonadati;Pseudomonadota;Gammaproteobacteria;Enterobacterales;Erwiniaceae,cellular root;domain;kingdom;phylum;class;order;family,131567;2;3379134;1224;1236;91347;1903409
Thiotrichaceae,135617,461,0.18,1730,0.14,cellular organisms;Bacteria;Pseudomonadati;Pseudomonadota;Gammaproteobacteria;Thiotrichales;Thiotrichaceae,cellular root;domain;kingdom;phylum;class;order;family,131567;2;3379134;1224;1236;72273;135617
Pseudobdellovibrionaceae,213483,458,0.17,965,0.08,cellular organisms;Bacteria;Pseudomonadati;Bdellovibrionota;Bdellovibrionia;Bdellovibrionales;Pseudobdellovibrionaceae,cellular root;domain;kingdom;phylum;class;order;family,131567;2;3379134;3018035;3031418;213481;213483
Anaerovoracaceae,543314,456,0.17,1143,0.1,cellular organisms;Bacteria;Bacillati;Bacillota;Clostridia;Peptostreptococcales;Anaerovoracaceae,cellular root;domain;kingdom;phylum;class;order;family,131567;2;1783272;1239;186801;3082720;543314
Thermomicrobiales.U.family,189776,453,0.17,1637,0.14,cellular organisms;Bacteria;Pseudomonadati;Thermomicrobiota;Thermomicrobia;Thermomicrobiales;Thermomicrobiales.U.family,cellular root;domain;kingdom;phylum;class;order;original_name,131567;2;3379134;3027942;189775;189776;189776
Enterococcaceae,81852,447,0.17,2971,0.25,cellular organisms;Bacteria;Bacillati;Bacillota;Bacilli;Lactobacillales;Enterococcaceae,cellular root;domain;kingdom;phylum;class;order;family,131567;2;1783272;1239;91061;186826;81852
Bacteriovoracaceae,263369,445,0.17,1603,0.13,cellular organisms;Bacteria;Pseudomonadati;Bdellovibrionota;Bacteriovoracia;Bacteriovoracales;Bacteriovoracaceae,cellular root;domain;kingdom;phylum;class;order;family,131567;2;3379134;3018035;3031419;2024979;263369
Fusobacteriaceae,203492,439,0.17,2794,0.23,cellular organisms;Bacteria;Fusobacteriati;Fusobacteriota;Fusobacteriia;Fusobacteriales;Fusobacteriaceae,cellular root;domain;kingdom;phylum;class;order;family,131567;2;3384189;32066;203490;203491;203492
Rhodanobacteraceae,1775411,437,0.17,2617,0.22,cellular organisms;Bacteria;Pseudomonadati;Pseudomonadota;Gammaproteobacteria;Lysobacterales;Rhodanobacteraceae,cellular root;domain;kingdom;phylum;class;order;family,131567;2;3379134;1224;1236;135614;1775411
Micromonosporaceae,28056,436,0.17,2030,0.17,cellular organisms;Bacteria;Bacillati;Actinomycetota;Actinomycetes;Micromonosporales;Micromonosporaceae,cellular root;domain;kingdom;phylum;class;order;family,131567;2;1783272;201174;1760;85008;28056
Xanthobacteraceae,335928,435,0.17,3679,0.31,cellular organisms;Bacteria;Pseudomonadati;Pseudomonadota;Alphaproteobacteria;Hyphomicrobiales;Xanthobacteraceae,cellular root;domain;kingdom;phylum;class;order;family,131567;2;3379134;1224;28211;356;335928
Blastocatellaceae,1748772,430,0.16,1683,0.14,cellular organisms;Bacteria;Pseudomonadati;Acidobacteriota;Blastocatellia;Blastocatellales;Blastocatellaceae,cellular root;domain;kingdom;phylum;class;order;family,131567;2;3379134;57723;1562566;1748771;1748772
Opitutaceae,134623,427,0.16,4052,0.34,cellular organisms;Bacteria;Pseudomonadati;PVC group;Verrucomicrobiota;Opitutia;Opitutales;Opitutaceae,cellular root;domain;kingdom;clade;phylum;class;order;family,131567;2;3379134;1783257;74201;414999;415000;134623
Hymenobacteraceae,1853232,426,0.16,1501,0.13,cellular organisms;Bacteria;Pseudomonadati;FCB group;Bacteroidota/Chlorobiota group;Bacteroidota;Cytophagia;Cytophagales;Hymenobacteraceae,cellular root;domain;kingdom;clade;clade;phylum;class;order;family,131567;2;3379134;1783270;68336;976;768503;768507;1853232
Peptoniphilaceae,1570339,425,0.16,1369,0.11,cellular organisms;Bacteria;Bacillati;Bacillota;Tissierellia;Tissierellales;Peptoniphilaceae,cellular root;domain;kingdom;phylum;class;order;family,131567;2;1783272;1239;1737404;1737405;1570339
Erysipelotrichales.U.family,526525,423,0.16,1697,0.14,cellular organisms;Bacteria;Bacillati;Bacillota;Erysipelotrichia;Erysipelotrichales;Erysipelotrichales.U.family,cellular root;domain;kingdom;phylum;class;order;original_name,131567;2;1783272;1239;526524;526525;526525
Peptostreptococcaceae,186804,422,0.16,3019,0.25,cellular organisms;Bacteria;Bacillati;Bacillota;Clostridia;Peptostreptococcales;Peptostreptococcaceae,cellular root;domain;kingdom;phylum;class;order;family,131567;2;1783272;1239;186801;3082720;186804
Rickettsiaceae,775,420,0.16,1938,0.16,cellular organisms;Bacteria;Pseudomonadati;Pseudomonadota;Alphaproteobacteria;Rickettsiales;Rickettsiaceae,cellular root;domain;kingdom;phylum;class;order;family,131567;2;3379134;1224;28211;766;775
Methanobacteriaceae,2159,420,0.16,3102,0.26,cellular organisms;Archaea;Methanobacteriati;Methanobacteriota;Methanomada group;Methanobacteria;Methanobacteriales;Methanobacteriaceae,cellular root;domain;kingdom;phylum;clade;class;order;family,131567;2157;3366610;28890;2283794;183925;2158;2159
Holophagae.U.family,533205,419,0.16,2673,0.22,cellular organisms;Bacteria;Pseudomonadati;Acidobacteriota;Holophagae;Holophagae.U.family,cellular root;domain;kingdom;phylum;class;original_name,131567;2;3379134;57723;533205;533205
Marinilabiliaceae,558415,419,0.16,1176,0.1,cellular organisms;Bacteria;Pseudomonadati;FCB group;Bacteroidota/Chlorobiota group;Bacteroidota;Bacteroidia;Marinilabiliales;Marinilabiliaceae,cellular root;domain;kingdom;clade;clade;phylum;class;order;family,131567;2;3379134;1783270;68336;976;200643;1970189;558415
Puniceicoccaceae,415002,418,0.16,1830,0.15,cellular organisms;Bacteria;Pseudomonadati;PVC group;Verrucomicrobiota;Opitutia;Puniceicoccales;Puniceicoccaceae,cellular root;domain;kingdom;clade;phylum;class;order;family,131567;2;3379134;1783257;74201;414999;415001;415002
Crocinitomicaceae,1853230,417,0.16,2285,0.19,cellular organisms;Bacteria;Pseudomonadati;FCB group;Bacteroidota/Chlorobiota group;Bacteroidota;Flavobacteriia;Flavobacteriales;Crocinitomicaceae,cellular root;domain;kingdom;clade;clade;phylum;class;order;family,131567;2;3379134;1783270;68336;976;117743;200644;1853230
Acholeplasmataceae,2146,417,0.16,1763,0.15,cellular organisms;Bacteria;Bacillati;Mycoplasmatota;Mollicutes;Acholeplasmatales;Acholeplasmataceae,cellular root;domain;kingdom;phylum;class;order;family,131567;2;1783272;544448;31969;186329;2146
Desulfobulbaceae,213121,417,0.16,1643,0.14,cellular organisms;Bacteria;Pseudomonadati;Thermodesulfobacteriota;Desulfobulbia;Desulfobulbales;Desulfobulbaceae,cellular root;domain;kingdom;phylum;class;order;family,131567;2;3379134;200940;3031451;3024411;213121
Geobacteraceae,213422,415,0.16,1893,0.16,cellular organisms;Bacteria;Pseudomonadati;Thermodesulfobacteriota;Desulfuromonadia;Geobacterales;Geobacteraceae,cellular root;domain;kingdom;phylum;class;order;family,131567;2;3379134;200940;3031651;3031668;213422
Solibacteraceae,332161,415,0.16,2187,0.18,cellular organisms;Bacteria;Pseudomonadati;Acidobacteriota;Terriglobia;Bryobacterales;Solibacteraceae,cellular root;domain;kingdom;phylum;class;order;family,131567;2;3379134;57723;204432;332160;332161
Ktedonobacteria.U.family,388447,409,0.16,945,0.08,cellular organisms;Bacteria;Bacillati;Chloroflexota;Ktedonobacteria;Ktedonobacteria.U.family,cellular root;domain;kingdom;phylum;class;original_name,131567;2;1783272;200795;388447;388447
Alcaligenaceae,506,403,0.15,3876,0.32,cellular organisms;Bacteria;Pseudomonadati;Pseudomonadota;Betaproteobacteria;Burkholderiales;Alcaligenaceae,cellular root;domain;kingdom;phylum;class;order;family,131567;2;3379134;1224;28216;80840;506
Synergistaceae,649777,401,0.15,1117,0.09,cellular organisms;Bacteria;Thermotogati;Synergistota;Synergistia;Synergistales;Synergistaceae,cellular root;domain;kingdom;phylum;class;order;family,131567;2;3384194;508458;649775;649776;649777
Calditrichaceae,1962854,399,0.15,1078,0.09,cellular organisms;Bacteria;Pseudomonadati;Calditrichota;Calditrichia;Calditrichales;Calditrichaceae,cellular root;domain;kingdom;phylum;class;order;family,131567;2;3379134;1930617;1962850;1962852;1962854
Dojkabacteria.U.family,74243,398,0.15,1302,0.11,cellular organisms;Bacteria;Bacteria incertae sedis;Bacteria candidate phyla;Candidatus Dojkabacteria;Dojkabacteria.U.family,cellular root;domain;no rank;clade;clade;original_name,131567;2;2323;1783234;74243;74243
Rhodocyclaceae,75787,395,0.15,1594,0.13,cellular organisms;Bacteria;Pseudomonadati;Pseudomonadota;Betaproteobacteria;Rhodocyclales;Rhodocyclaceae,cellular root;domain;kingdom;phylum;class;order;family,131567;2;3379134;1224;28216;206389;75787
Rhodospirillaceae,41295,394,0.15,2065,0.17,cellular organisms;Bacteria;Pseudomonadati;Pseudomonadota;Alphaproteobacteria;Rhodospirillales;Rhodospirillaceae,cellular root;domain;kingdom;phylum;class;order;family,131567;2;3379134;1224;28211;204441;41295
WWE3.U.family,NA,387,0.15,1278,0.11,WWE3.U.family,original_name,NA
Paludibacteraceae,2005523,386,0.15,1426,0.12,cellular organisms;Bacteria;Pseudomonadati;FCB group;Bacteroidota/Chlorobiota group;Bacteroidota;Bacteroidia;Bacteroidales;Paludibacteraceae,cellular root;domain;kingdom;clade;clade;phylum;class;order;family,131567;2;3379134;1783270;68336;976;200643;171549;2005523
Caldilineaceae,475964,386,0.15,1342,0.11,cellular organisms;Bacteria;Bacillati;Chloroflexota;Caldilineae;Caldilineales;Caldilineaceae,cellular root;domain;kingdom;phylum;class;order;family,131567;2;1783272;200795;475962;475963;475964
Arcobacteraceae,2808963,385,0.15,1780,0.15,cellular organisms;Bacteria;Pseudomonadati;Campylobacterota;Epsilonproteobacteria;Campylobacterales;Arcobacteraceae,cellular root;domain;kingdom;phylum;class;order;family,131567;2;3379134;29547;3031852;213849;2808963
Phycisphaerales.U.family,666506,383,0.15,1027,0.09,cellular organisms;Bacteria;Pseudomonadati;PVC group;Planctomycetota;Phycisphaerae;Phycisphaerales;Phycisphaerales.U.family,cellular root;domain;kingdom;clade;phylum;class;order;original_name,131567;2;3379134;1783257;203682;666505;666506;666506
Actinomycetaceae,2049,377,0.14,1477,0.12,cellular organisms;Bacteria;Bacillati;Actinomycetota;Actinomycetes;Actinomycetales;Actinomycetaceae,cellular root;domain;kingdom;phylum;class;order;family,131567;2;1783272;201174;1760;2037;2049
Halieaceae,1706372,376,0.14,1838,0.15,cellular organisms;Bacteria;Pseudomonadati;Pseudomonadota;Gammaproteobacteria;Cellvibrionales;Halieaceae,cellular root;domain;kingdom;phylum;class;order;family,131567;2;3379134;1224;1236;1706369;1706372
Pseudoalteromonadaceae,267888,375,0.14,1914,0.16,cellular organisms;Bacteria;Pseudomonadati;Pseudomonadota;Gammaproteobacteria;Alteromonadales;Pseudoalteromonadaceae,cellular root;domain;kingdom;phylum;class;order;family,131567;2;3379134;1224;1236;135622;267888
Selenomonadaceae,1843491,369,0.14,1665,0.14,cellular organisms;Bacteria;Bacillati;Bacillota;Negativicutes;Selenomonadales;Selenomonadaceae,cellular root;domain;kingdom;phylum;class;order;family,131567;2;1783272;1239;909932;909929;1843491
Mycoplasmataceae,2092,367,0.14,1256,0.11,cellular organisms;Bacteria;Bacillati;Mycoplasmatota;Mollicutes;Mycoplasmatales;Mycoplasmataceae,cellular root;domain;kingdom;phylum;class;order;family,131567;2;1783272;544448;31969;2085;2092
Blastocatellia.U.family,1562566,366,0.14,1390,0.12,cellular organisms;Bacteria;Pseudomonadati;Acidobacteriota;Blastocatellia;Blastocatellia.U.family,cellular root;domain;kingdom;phylum;class;original_name,131567;2;3379134;57723;1562566;1562566
Lokiarchaeia.U.family,NA,362,0.14,1328,0.11,Lokiarchaeia.U.family,original_name,NA
Sandaracinaceae,1055686,360,0.14,1409,0.12,cellular organisms;Bacteria;Pseudomonadati;Myxococcota;Polyangia;Polyangiales;Sandaracinaceae,cellular root;domain;kingdom;phylum;subclass;order;family,131567;2;3379134;2818505;3031711;3031712;1055686
Leptolyngbyaceae,1890438,359,0.14,1192,0.1,cellular organisms;Bacteria;Bacillati;Cyanobacteriota/Melainabacteria group;Cyanobacteriota;Cyanophyceae;Leptolyngbyales;Leptolyngbyaceae,cellular root;domain;kingdom;clade;phylum;class;order;family,131567;2;1783272;1798711;1117;3028117;3079749;1890438
Oceanospirillaceae,135620,354,0.13,1500,0.13,cellular organisms;Bacteria;Pseudomonadati;Pseudomonadota;Gammaproteobacteria;Oceanospirillales;Oceanospirillaceae,cellular root;domain;kingdom;phylum;class;order;family,131567;2;3379134;1224;1236;135619;135620
Beijerinckiaceae,45404,351,0.13,1602,0.13,cellular organisms;Bacteria;Pseudomonadati;Pseudomonadota;Alphaproteobacteria;Hyphomicrobiales;Beijerinckiaceae,cellular root;domain;kingdom;phylum;class;order;family,131567;2;3379134;1224;28211;356;45404
Planococcaceae,186818,348,0.13,1486,0.12,cellular organisms;Bacteria;Bacillati;Bacillota;Bacilli;Bacillales;Caryophanaceae,cellular root;domain;kingdom;phylum;class;order;family,131567;2;1783272;1239;91061;1385;186818
Vicinamibacteria.U.family,1813735,347,0.13,1645,0.14,cellular organisms;Bacteria;Pseudomonadati;Acidobacteriota;Vicinamibacteria;Vicinamibacteria.U.family,cellular root;domain;kingdom;phylum;class;original_name,131567;2;3379134;57723;1813735;1813735
Spirosomaceae,89373,346,0.13,2439,0.2,cellular organisms;Bacteria;Pseudomonadati;FCB group;Bacteroidota/Chlorobiota group;Bacteroidota;Cytophagia;Cytophagales;Cytophagaceae;Spirosomaceae,cellular root;domain;kingdom;clade;clade;phylum;class;order;family;genus,131567;2;3379134;1783270;68336;976;768503;768507;89373;NA
Roseiflexaceae,1508635,344,0.13,1591,0.13,cellular organisms;Bacteria;Bacillati;Chloroflexota;Chloroflexia;Chloroflexales;Roseiflexineae;Roseiflexaceae,cellular root;domain;kingdom;phylum;class;order;suborder;family,131567;2;1783272;200795;32061;32064;1508595;1508635
Syntrophomonadaceae,68298,343,0.13,890,0.07,cellular organisms;Bacteria;Bacillati;Bacillota;Clostridia;Eubacteriales;Syntrophomonadaceae,cellular root;domain;kingdom;phylum;class;order;family,131567;2;1783272;1239;186801;186802;68298
Phyllobacteriaceae,69277,338,0.13,1779,0.15,cellular organisms;Bacteria;Pseudomonadati;Pseudomonadota;Alphaproteobacteria;Hyphomicrobiales;Phyllobacteriaceae,cellular root;domain;kingdom;phylum;class;order;family,131567;2;3379134;1224;28211;356;69277
Ectothiorhodospiraceae,72276,336,0.13,1544,0.13,cellular organisms;Bacteria;Pseudomonadati;Pseudomonadota;Gammaproteobacteria;Chromatiales;Ectothiorhodospiraceae,cellular root;domain;kingdom;phylum;class;order;family,131567;2;3379134;1224;1236;135613;72276
Acidobacteriaceae,204434,334,0.13,2801,0.23,cellular organisms;Bacteria;Pseudomonadati;Acidobacteriota;Terriglobia;Terriglobales;Acidobacteriaceae,cellular root;domain;kingdom;phylum;class;order;family,131567;2;3379134;57723;204432;204433;204434
metagenome.Mitochondria,256318,333,0.13,1693,0.14,unclassified entries;unclassified sequences;metagenomes;metagenome,no rank;no rank;no rank;species,2787823;12908;408169;256318
Yersiniaceae,1903411,333,0.13,2663,0.22,cellular organisms;Bacteria;Pseudomonadati;Pseudomonadota;Gammaproteobacteria;Enterobacterales;Yersiniaceae,cellular root;domain;kingdom;phylum;class;order;family,131567;2;3379134;1224;1236;91347;1903411
Aeromonadaceae,84642,327,0.12,1980,0.17,cellular organisms;Bacteria;Pseudomonadati;Pseudomonadota;Gammaproteobacteria;Aeromonadales;Aeromonadaceae,cellular root;domain;kingdom;phylum;class;order;family,131567;2;3379134;1224;1236;135624;84642
Bacteroidia.U.family,200643,326,0.12,1307,0.11,cellular organisms;Bacteria;Pseudomonadati;FCB group;Bacteroidota/Chlorobiota group;Bacteroidota;Bacteroidia;Bacteroidia.U.family,cellular root;domain;kingdom;clade;clade;phylum;class;original_name,131567;2;3379134;1783270;68336;976;200643;200643
Cryomorphaceae,246874,324,0.12,2904,0.24,cellular organisms;Bacteria;Pseudomonadati;FCB group;Bacteroidota/Chlorobiota group;Bacteroidota;Flavobacteriia;Flavobacteriales;Cryomorphaceae,cellular root;domain;kingdom;clade;clade;phylum;class;order;family,131567;2;3379134;1783270;68336;976;117743;200644;246874
Tannerellaceae,2005525,321,0.12,1751,0.15,cellular organisms;Bacteria;Pseudomonadati;FCB group;Bacteroidota/Chlorobiota group;Bacteroidota;Bacteroidia;Bacteroidales;Tannerellaceae,cellular root;domain;kingdom;clade;clade;phylum;class;order;family,131567;2;3379134;1783270;68336;976;200643;171549;2005525
Cytophagaceae,89373,317,0.12,925,0.08,cellular organisms;Bacteria;Pseudomonadati;FCB group;Bacteroidota/Chlorobiota group;Bacteroidota;Cytophagia;Cytophagales;Cytophagaceae,cellular root;domain;kingdom;clade;clade;phylum;class;order;family,131567;2;3379134;1783270;68336;976;768503;768507;89373
Methylococcaceae,403,311,0.12,2072,0.17,cellular organisms;Bacteria;Pseudomonadati;Pseudomonadota;Gammaproteobacteria;Methylococcales;Methylococcaceae,cellular root;domain;kingdom;phylum;class;order;family,131567;2;3379134;1224;1236;135618;403
Polyangiales.U.family,3031712,311,0.12,1423,0.12,cellular organisms;Bacteria;Pseudomonadati;Myxococcota;Polyangia;Polyangiales;Polyangiales.U.family,cellular root;domain;kingdom;phylum;subclass;order;original_name,131567;2;3379134;2818505;3031711;3031712;3031712
Fimbriimonadaceae,1663426,311,0.12,1227,0.1,cellular organisms;Bacteria;Bacillati;Armatimonadota;Fimbriimonadia;Fimbriimonadales;Fimbriimonadaceae,cellular root;domain;kingdom;phylum;class;order;family,131567;2;1783272;67819;1663419;1663425;1663426
Porphyromonadaceae,171551,310,0.12,1436,0.12,cellular organisms;Bacteria;Pseudomonadati;FCB group;Bacteroidota/Chlorobiota group;Bacteroidota;Bacteroidia;Bacteroidales;Porphyromonadaceae,cellular root;domain;kingdom;clade;clade;phylum;class;order;family,131567;2;3379134;1783270;68336;976;200643;171549;171551
Erythrobacteraceae,335929,309,0.12,1564,0.13,cellular organisms;Bacteria;Pseudomonadati;Pseudomonadota;Alphaproteobacteria;Sphingomonadales;Erythrobacteraceae,cellular root;domain;kingdom;phylum;class;order;family,131567;2;3379134;1224;28211;204457;335929
Solirubrobacterales.U.family,588673,309,0.12,2175,0.18,cellular organisms;Bacteria;Bacillati;Actinomycetota;Thermoleophilia;Solirubrobacterales;Solirubrobacterales.U.family,cellular root;domain;kingdom;phylum;class;order;original_name,131567;2;1783272;201174;1497346;588673;588673
Bacillales.U.family,1385,308,0.12,1263,0.11,cellular organisms;Bacteria;Bacillati;Bacillota;Bacilli;Bacillales;Bacillales.U.family,cellular root;domain;kingdom;phylum;class;order;original_name,131567;2;1783272;1239;91061;1385;1385
Polyangiaceae,49,308,0.12,1464,0.12,cellular organisms;Bacteria;Pseudomonadati;Myxococcota;Polyangia;Polyangiales;Polyangiaceae,cellular root;domain;kingdom;phylum;subclass;order;family,131567;2;3379134;2818505;3031711;3031712;49
Mycobacteriaceae,1762,307,0.12,4412,0.37,cellular organisms;Bacteria;Bacillati;Actinomycetota;Actinomycetes;Mycobacteriales;Mycobacteriaceae,cellular root;domain;kingdom;phylum;class;order;family,131567;2;1783272;201174;1760;85007;1762
Thermodesulfobacteriota.U.family,200940,307,0.12,1480,0.12,cellular organisms;Bacteria;Pseudomonadati;Thermodesulfobacteriota;Thermodesulfobacteriota.U.family,cellular root;domain;kingdom;phylum;original_name,131567;2;3379134;200940;200940
Fibrobacteraceae,204431,303,0.12,1198,0.1,cellular organisms;Bacteria;Pseudomonadati;FCB group;Fibrobacterota;Fibrobacteria;Fibrobacterales;Fibrobacteraceae,cellular root;domain;kingdom;clade;phylum;class;order;family,131567;2;3379134;1783270;65842;204430;218872;204431
Longimicrobiaceae,1804993,301,0.11,757,0.06,cellular organisms;Bacteria;Pseudomonadati;FCB group;Gemmatimonadota;Longimicrobiia;Longimicrobiales;Longimicrobiaceae,cellular root;domain;kingdom;clade;phylum;class;order;family,131567;2;3379134;1783270;142182;1804991;1804992;1804993
Oligoflexaceae,1553902,299,0.11,838,0.07,cellular organisms;Bacteria;Pseudomonadati;Bdellovibrionota;Oligoflexia;Oligoflexales;Oligoflexaceae,cellular root;domain;kingdom;phylum;class;order;family,131567;2;3379134;3018035;1553900;1553901;1553902
Methylophilaceae,32011,298,0.11,3964,0.33,cellular organisms;Bacteria;Pseudomonadati;Pseudomonadota;Betaproteobacteria;Nitrosomonadales;Methylophilaceae,cellular root;domain;kingdom;phylum;class;order;family,131567;2;3379134;1224;28216;32003;32011
Thermococci.U.family,183968,298,0.11,1319,0.11,cellular organisms;Archaea;Methanobacteriati;Methanobacteriota;Thermococci;Thermococci.U.family,cellular root;domain;kingdom;phylum;class;original_name,131567;2157;3366610;28890;183968;183968
Desulfitobacteriaceae,2937909,297,0.11,666,0.06,cellular organisms;Bacteria;Bacillati;Bacillota;Clostridia;Eubacteriales;Desulfitobacteriaceae,cellular root;domain;kingdom;phylum;class;order;family,131567;2;1783272;1239;186801;186802;2937909
Anaplasmataceae,942,296,0.11,1229,0.1,cellular organisms;Bacteria;Pseudomonadati;Pseudomonadota;Alphaproteobacteria;Rickettsiales;Anaplasmataceae,cellular root;domain;kingdom;phylum;class;order;family,131567;2;3379134;1224;28211;766;942
Leptospiraceae,170,296,0.11,1398,0.12,cellular organisms;Bacteria;Pseudomonadati;Spirochaetota;Spirochaetia;Leptospirales;Leptospiraceae,cellular root;domain;kingdom;phylum;class;order;family,131567;2;3379134;203691;203692;1643688;170
Acidaminococcaceae,909930,296,0.11,1403,0.12,cellular organisms;Bacteria;Bacillati;Bacillota;Negativicutes;Acidaminococcales;Acidaminococcaceae,cellular root;domain;kingdom;phylum;class;order;family,131567;2;1783272;1239;909932;1843488;909930
Sporomusaceae,1843490,290,0.11,868,0.07,cellular organisms;Bacteria;Bacillati;Bacillota;Negativicutes;Selenomonadales;Sporomusaceae,cellular root;domain;kingdom;phylum;class;order;family,131567;2;1783272;1239;909932;909929;1843490
Leptotrichiaceae,1129771,289,0.11,999,0.08,cellular organisms;Bacteria;Fusobacteriati;Fusobacteriota;Fusobacteriia;Fusobacteriales;Leptotrichiaceae,cellular root;domain;kingdom;phylum;class;order;family,131567;2;3384189;32066;203490;203491;1129771
Woeseiaceae,1738654,289,0.11,1668,0.14,cellular organisms;Bacteria;Pseudomonadati;Pseudomonadota;Gammaproteobacteria;Woeseiales;Woeseiaceae,cellular root;domain;kingdom;phylum;class;order;family,131567;2;3379134;1224;1236;3104269;1738654
Carnobacteriaceae,186828,289,0.11,1494,0.13,cellular organisms;Bacteria;Bacillati;Bacillota;Bacilli;Lactobacillales;Carnobacteriaceae,cellular root;domain;kingdom;phylum;class;order;family,131567;2;1783272;1239;91061;186826;186828
Marinobacteraceae,2887365,284,0.11,1490,0.12,cellular organisms;Bacteria;Pseudomonadati;Pseudomonadota;Gammaproteobacteria;Pseudomonadales;Marinobacteraceae,cellular root;domain;kingdom;phylum;class;order;family,131567;2;3379134;1224;1236;72274;2887365
Hyphomonadaceae,69657,284,0.11,1532,0.13,cellular organisms;Bacteria;Pseudomonadati;Pseudomonadota;Alphaproteobacteria;Hyphomonadales;Hyphomonadaceae,cellular root;domain;kingdom;phylum;class;order;family,131567;2;3379134;1224;28211;2800060;69657
Sporichthyaceae,85033,283,0.11,5722,0.48,cellular organisms;Bacteria;Bacillati;Actinomycetota;Actinomycetes;Sporichthyales;Sporichthyaceae,cellular root;domain;kingdom;phylum;class;order;family,131567;2;1783272;201174;1760;2495578;85033
Desulfuromonadia.U.family,3031651,280,0.11,980,0.08,cellular organisms;Bacteria;Pseudomonadati;Thermodesulfobacteriota;Desulfuromonadia;Desulfuromonadia.U.family,cellular root;domain;kingdom;phylum;class;original_name,131567;2;3379134;200940;3031651;3031651
Nitrobacteraceae,41294,279,0.11,4565,0.38,cellular organisms;Bacteria;Pseudomonadati;Pseudomonadota;Alphaproteobacteria;Hyphomicrobiales;Nitrobacteraceae,cellular root;domain;kingdom;phylum;class;order;family,131567;2;3379134;1224;28211;356;41294
Gallionellaceae,90627,276,0.11,1169,0.1,cellular organisms;Bacteria;Pseudomonadati;Pseudomonadota;Betaproteobacteria;Nitrosomonadales;Gallionellaceae,cellular root;domain;kingdom;phylum;class;order;family,131567;2;3379134;1224;28216;32003;90627
Nitrososphaeraceae,1033997,273,0.1,3133,0.26,cellular organisms;Archaea;Thermoproteati;Nitrososphaerota;Nitrososphaeria;Nitrososphaerales;Nitrososphaeraceae,cellular root;domain;kingdom;phylum;class;order;family,131567;2157;1783275;651137;1643678;1033996;1033997
Holosporaceae,44746,272,0.1,1276,0.11,cellular organisms;Bacteria;Pseudomonadati;Pseudomonadota;Alphaproteobacteria;Holosporales;Holosporaceae,cellular root;domain;kingdom;phylum;class;order;family,131567;2;3379134;1224;28211;1921002;44746
Nitrospinaceae,407032,271,0.1,1284,0.11,cellular organisms;Bacteria;Pseudomonadati;Nitrospinota/Tectimicrobiota group;Nitrospinota;Nitrospinia;Nitrospinales;Nitrospinaceae,cellular root;domain;kingdom;clade;phylum;class;order;family,131567;2;3379134;1802340;1293497;1293498;1293499;407032
Chromatiaceae,1046,267,0.1,1149,0.1,cellular organisms;Bacteria;Pseudomonadati;Pseudomonadota;Gammaproteobacteria;Chromatiales;Chromatiaceae,cellular root;domain;kingdom;phylum;class;order;family,131567;2;3379134;1224;1236;135613;1046
Elusimicrobiota.U.family,74152,267,0.1,743,0.06,cellular organisms;Bacteria;Pseudomonadati;Elusimicrobiota;Elusimicrobiota.U.family,cellular root;domain;kingdom;phylum;original_name,131567;2;3379134;74152;74152
Colwelliaceae,267889,264,0.1,914,0.08,cellular organisms;Bacteria;Pseudomonadati;Pseudomonadota;Gammaproteobacteria;Alteromonadales;Colwelliaceae,cellular root;domain;kingdom;phylum;class;order;family,131567;2;3379134;1224;1236;135622;267889
Halorubraceae,1644056,263,0.1,1265,0.11,cellular organisms;Archaea;Methanobacteriati;Methanobacteriota;Stenosarchaea group;Halobacteria;Halobacteriales;Haloferacaceae,cellular root;domain;kingdom;phylum;clade;class;order;family,131567;2157;3366610;28890;2290931;183963;2235;1644056
Nocardiaceae,85025,263,0.1,1937,0.16,cellular organisms;Bacteria;Bacillati;Actinomycetota;Actinomycetes;Mycobacteriales;Nocardiaceae,cellular root;domain;kingdom;phylum;class;order;family,131567;2;1783272;201174;1760;85007;85025
Abitibacteriaceae,2058777,257,0.1,816,0.07,cellular organisms;Bacteria;Bacillati;Actinomycetota;Actinomycetes;Micrococcales;Microbacteriaceae;Parafrigoribacterium;environmental samples;uncultured Parafrigoribacterium sp.;Abitibacteriaceae,cellular root;domain;kingdom;phylum;class;order;family;genus;no rank;species;family,131567;2;1783272;201174;1760;85006;85023;1957020;2058776;2058777;NA
Fibrobacterales.U.family,218872,256,0.1,768,0.06,cellular organisms;Bacteria;Pseudomonadati;FCB group;Fibrobacterota;Fibrobacteria;Fibrobacterales;Fibrobacterales.U.family,cellular root;domain;kingdom;clade;phylum;class;order;original_name,131567;2;3379134;1783270;65842;204430;218872;218872
Ktedonobacterales.U.family,388448,256,0.1,777,0.07,cellular organisms;Bacteria;Bacillati;Chloroflexota;Ktedonobacteria;Ktedonobacterales;Ktedonobacterales.U.family,cellular root;domain;kingdom;phylum;class;order;original_name,131567;2;1783272;200795;388447;388448;388448
Elusimicrobia.U.family,641853,254,0.1,840,0.07,cellular organisms;Bacteria;Pseudomonadati;Elusimicrobiota;Elusimicrobia;Elusimicrobia.U.family,cellular root;domain;kingdom;phylum;class;original_name,131567;2;3379134;74152;641853;641853
Devosiaceae,2831106,251,0.1,1166,0.1,cellular organisms;Bacteria;Pseudomonadati;Pseudomonadota;Alphaproteobacteria;Hyphomicrobiales;Devosiaceae,cellular root;domain;kingdom;phylum;class;order;family,131567;2;3379134;1224;28211;356;2831106
Zoogloeaceae,2008794,248,0.09,950,0.08,cellular organisms;Bacteria;Pseudomonadati;Pseudomonadota;Betaproteobacteria;Rhodocyclales;Zoogloeaceae,cellular root;domain;kingdom;phylum;class;order;family,131567;2;3379134;1224;28216;206389;2008794
Methanotrichaceae,143067,246,0.09,1914,0.16,cellular organisms;Archaea;Methanobacteriati;Methanobacteriota;Stenosarchaea group;Methanomicrobia;Methanotrichales;Methanotrichaceae,cellular root;domain;kingdom;phylum;clade;class;order;family,131567;2157;3366610;28890;2290931;224756;2905377;143067
Cellvibrionaceae,1706371,244,0.09,848,0.07,cellular organisms;Bacteria;Pseudomonadati;Pseudomonadota;Gammaproteobacteria;Cellvibrionales;Cellvibrionaceae,cellular root;domain;kingdom;phylum;class;order;family,131567;2;3379134;1224;1236;1706369;1706371
Eggerthellaceae,1643826,243,0.09,706,0.06,cellular organisms;Bacteria;Bacillati;Actinomycetota;Coriobacteriia;Eggerthellales;Eggerthellaceae,cellular root;domain;kingdom;phylum;class;order;family,131567;2;1783272;201174;84998;1643822;1643826
Planctomycetaceae,126,233,0.09,857,0.07,cellular organisms;Bacteria;Pseudomonadati;PVC group;Planctomycetota;Planctomycetia;Planctomycetales;Planctomycetaceae,cellular root;domain;kingdom;clade;phylum;class;order;family,131567;2;3379134;1783257;203682;203683;112;126
Hadesarchaea.U.family,1775750,223,0.09,671,0.06,cellular organisms;Archaea;Methanobacteriati;Candidatus Hadarchaeota;Candidatus Hadarchaeia;Hadesarchaea.U.family,cellular root;domain;kingdom;phylum;class;original_name,131567;2157;3366610;3055124;1775750;1775750
Shewanellaceae,267890,223,0.09,1412,0.12,cellular organisms;Bacteria;Pseudomonadati;Pseudomonadota;Gammaproteobacteria;Alteromonadales;Shewanellaceae,cellular root;domain;kingdom;phylum;class;order;family,131567;2;3379134;1224;1236;135622;267890
Haloarculaceae,1963268,223,0.09,765,0.06,cellular organisms;Archaea;Methanobacteriati;Methanobacteriota;Stenosarchaea group;Halobacteria;Halobacteriales;Haloarculaceae,cellular root;domain;kingdom;phylum;clade;class;order;family,131567;2157;3366610;28890;2290931;183963;2235;1963268
Haliscomenobacteraceae,1937961,222,0.08,704,0.06,cellular organisms;Bacteria;Pseudomonadati;FCB group;Bacteroidota/Chlorobiota group;Bacteroidota;Saprospiria;Saprospirales;Haliscomenobacteraceae,cellular root;domain;kingdom;clade;clade;phylum;class;order;family,131567;2;3379134;1783270;68336;976;1937959;1936988;1937961
Tissierellia.U.family,1737404,221,0.08,604,0.05,cellular organisms;Bacteria;Bacillati;Bacillota;Tissierellia;Tissierellia.U.family,cellular root;domain;kingdom;phylum;class;original_name,131567;2;1783272;1239;1737404;1737404
Eubacteriaceae,186806,221,0.08,1229,0.1,cellular organisms;Bacteria;Bacillati;Bacillota;Clostridia;Eubacteriales;Eubacteriaceae,cellular root;domain;kingdom;phylum;class;order;family,131567;2;1783272;1239;186801;186802;186806
Haloferacaceae,1644056,220,0.08,653,0.05,cellular organisms;Archaea;Methanobacteriati;Methanobacteriota;Stenosarchaea group;Halobacteria;Halobacteriales;Haloferacaceae,cellular root;domain;kingdom;phylum;clade;class;order;family,131567;2157;3366610;28890;2290931;183963;2235;1644056
Atribacterota.U.family,67818,215,0.08,1295,0.11,cellular organisms;Bacteria;Pseudomonadati;Atribacterota;Atribacterota.U.family,cellular root;domain;kingdom;phylum;original_name,131567;2;3379134;67818;67818
Methylobacteriaceae,119045,213,0.08,1410,0.12,cellular organisms;Bacteria;Pseudomonadati;Pseudomonadota;Alphaproteobacteria;Hyphomicrobiales;Methylobacteriaceae,cellular root;domain;kingdom;phylum;class;order;family,131567;2;3379134;1224;28211;356;119045
Halobacteria.U.family,183963,211,0.08,707,0.06,cellular organisms;Archaea;Methanobacteriati;Methanobacteriota;Stenosarchaea group;Halobacteria;Halobacteria.U.family,cellular root;domain;kingdom;phylum;clade;class;original_name,131567;2157;3366610;28890;2290931;183963;183963
Rubrobacteraceae,84997,211,0.08,1322,0.11,cellular organisms;Bacteria;Bacillati;Actinomycetota;Rubrobacteria;Rubrobacterales;Rubrobacteraceae,cellular root;domain;kingdom;phylum;class;order;family,131567;2;1783272;201174;84995;84996;84997
Azospirillaceae,2829815,210,0.08,1213,0.1,cellular organisms;Bacteria;Pseudomonadati;Pseudomonadota;Alphaproteobacteria;Rhodospirillales;Azospirillaceae,cellular root;domain;kingdom;phylum;class;order;family,131567;2;3379134;1224;28211;204441;2829815
Methanosarcinaceae,2206,209,0.08,1577,0.13,cellular organisms;Archaea;Methanobacteriati;Methanobacteriota;Stenosarchaea group;Methanomicrobia;Methanosarcinales;Methanosarcinaceae,cellular root;domain;kingdom;phylum;clade;class;order;family,131567;2157;3366610;28890;2290931;224756;94695;2206
Armatimonadales.U.family,1042313,206,0.08,644,0.05,cellular organisms;Bacteria;Bacillati;Armatimonadota;Armatimonadia;Armatimonadales;Armatimonadales.U.family,cellular root;domain;kingdom;phylum;class;order;original_name,131567;2;1783272;67819;1042312;1042313;1042313
Akkermansiaceae,1647988,206,0.08,1200,0.1,cellular organisms;Bacteria;Pseudomonadati;PVC group;Verrucomicrobiota;Verrucomicrobiia;Verrucomicrobiales;Akkermansiaceae,cellular root;domain;kingdom;clade;phylum;class;order;family,131567;2;3379134;1783257;74201;203494;48461;1647988
Sphaerochaetaceae,2791015,206,0.08,995,0.08,cellular organisms;Bacteria;Pseudomonadati;Spirochaetota;Spirochaetia;Spirochaetales;Sphaerochaetaceae,cellular root;domain;kingdom;phylum;class;order;family,131567;2;3379134;203691;203692;136;2791015
Desulfococcaceae,2931039,204,0.08,589,0.05,cellular organisms;Bacteria;Pseudomonadati;Thermodesulfobacteriota;Desulfobacteria;Desulfobacterales;Desulfococcaceae,cellular root;domain;kingdom;phylum;class;order;family,131567;2;3379134;200940;3024418;213118;2931039
Entomoplasmatales.U.family,186328,202,0.08,604,0.05,cellular organisms;Bacteria;Bacillati;Mycoplasmatota;Mollicutes;Entomoplasmatales;Entomoplasmatales.U.family,cellular root;domain;kingdom;phylum;class;order;original_name,131567;2;1783272;544448;31969;186328;186328
Sutterellaceae,995019,200,0.08,1886,0.16,cellular organisms;Bacteria;Pseudomonadati;Pseudomonadota;Betaproteobacteria;Burkholderiales;Sutterellaceae,cellular root;domain;kingdom;phylum;class;order;family,131567;2;3379134;1224;28216;80840;995019
Arenicellaceae,1617891,199,0.08,690,0.06,cellular organisms;Bacteria;Pseudomonadati;Pseudomonadota;Gammaproteobacteria;Arenicellales;Arenicellaceae,cellular root;domain;kingdom;phylum;class;order;family,131567;2;3379134;1224;1236;1617890;1617891
Steroidobacteraceae,2689614,199,0.08,1599,0.13,cellular organisms;Bacteria;Pseudomonadati;Pseudomonadota;Gammaproteobacteria;Steroidobacterales;Steroidobacteraceae,cellular root;domain;kingdom;phylum;class;order;family,131567;2;3379134;1224;1236;3060226;2689614
Thermoanaerobacteraceae,186814,196,0.07,615,0.05,cellular organisms;Bacteria;Bacillati;Bacillota;Clostridia;Thermoanaerobacterales;Thermoanaerobacteraceae,cellular root;domain;kingdom;phylum;class;order;family,131567;2;1783272;1239;186801;68295;186814
Bradymonadales.U.family,1779134,196,0.07,769,0.06,cellular organisms;Bacteria;delta/epsilon subdivisions;Deltaproteobacteria;Bradymonadales;Bradymonadales.U.family,cellular root;domain;clade;class;order;original_name,131567;2;68525;28221;1779134;1779134
Campylobacteraceae,72294,194,0.07,1558,0.13,cellular organisms;Bacteria;Pseudomonadati;Campylobacterota;Epsilonproteobacteria;Campylobacterales;Campylobacteraceae,cellular root;domain;kingdom;phylum;class;order;family,131567;2;3379134;29547;3031852;213849;72294
Deinococcaceae,183710,193,0.07,561,0.05,cellular organisms;Bacteria;Thermotogati;Deinococcota;Deinococci;Deinococcales;Deinococcaceae,cellular root;domain;kingdom;phylum;class;order;family,131567;2;3384194;1297;188787;118964;183710
Piscirickettsiaceae,135616,191,0.07,1210,0.1,cellular organisms;Bacteria;Pseudomonadati;Pseudomonadota;Gammaproteobacteria;Thiotrichales;Piscirickettsiaceae,cellular root;domain;kingdom;phylum;class;order;family,131567;2;3379134;1224;1236;72273;135616
Halobacteriaceae,2236,190,0.07,710,0.06,cellular organisms;Archaea;Methanobacteriati;Methanobacteriota;Stenosarchaea group;Halobacteria;Halobacteriales;Halobacteriaceae,cellular root;domain;kingdom;phylum;clade;class;order;family,131567;2157;3366610;28890;2290931;183963;2235;2236
Alcanivoracaceae,224372,190,0.07,1091,0.09,cellular organisms;Bacteria;Pseudomonadati;Pseudomonadota;Gammaproteobacteria;Oceanospirillales;Alcanivoracaceae,cellular root;domain;kingdom;phylum;class;order;family,131567;2;3379134;1224;1236;135619;224372
Trueperaceae,332247,189,0.07,620,0.05,cellular organisms;Bacteria;Thermotogati;Deinococcota;Deinococci;Trueperales;Trueperaceae,cellular root;domain;kingdom;phylum;class;order;family,131567;2;3384194;1297;188787;2762275;332247
Syntrophobacteraceae,213465,188,0.07,836,0.07,cellular organisms;Bacteria;Pseudomonadati;Thermodesulfobacteriota;Syntrophobacteria;Syntrophobacterales;Syntrophobacteraceae,cellular root;domain;kingdom;phylum;class;order;family,131567;2;3379134;200940;3024408;213462;213465
Gaiellaceae,1154585,186,0.07,1814,0.15,cellular organisms;Bacteria;Bacillati;Actinomycetota;Thermoleophilia;Gaiellales;Gaiellaceae,cellular root;domain;kingdom;phylum;class;order;family,131567;2;1783272;201174;1497346;1154584;1154585
Symbiobacteriaceae,543349,186,0.07,581,0.05,cellular organisms;Bacteria;Bacillati;Bacillota;Clostridia;Eubacteriales;Symbiobacteriaceae,cellular root;domain;kingdom;phylum;class;order;family,131567;2;1783272;1239;186801;186802;543349
Coriobacteriaceae,84107,184,0.07,1177,0.1,cellular organisms;Bacteria;Bacillati;Actinomycetota;Coriobacteriia;Coriobacteriales;Coriobacteriaceae,cellular root;domain;kingdom;phylum;class;order;family,131567;2;1783272;201174;84998;84999;84107
Marinifilaceae,1573805,184,0.07,684,0.06,cellular organisms;Bacteria;Pseudomonadati;FCB group;Bacteroidota/Chlorobiota group;Bacteroidota;Bacteroidia;Marinilabiliales;Marinifilaceae,cellular root;domain;kingdom;clade;clade;phylum;class;order;family,131567;2;3379134;1783270;68336;976;200643;1970189;1573805
Hydrogenophilaceae,206349,184,0.07,741,0.06,cellular organisms;Bacteria;Pseudomonadati;Pseudomonadota;Hydrogenophilia;Hydrogenophilales;Hydrogenophilaceae,cellular root;domain;kingdom;phylum;class;order;family,131567;2;3379134;1224;2008785;119069;206349
Nostocaceae,1162,181,0.07,1030,0.09,cellular organisms;Bacteria;Bacillati;Cyanobacteriota/Melainabacteria group;Cyanobacteriota;Cyanophyceae;Nostocales;Nostocaceae,cellular root;domain;kingdom;clade;phylum;class;order;family,131567;2;1783272;1798711;1117;3028117;1161;1162
Porticoccaceae,1706374,181,0.07,931,0.08,cellular organisms;Bacteria;Pseudomonadati;Pseudomonadota;Gammaproteobacteria;Cellvibrionales;Porticoccaceae,cellular root;domain;kingdom;phylum;class;order;family,131567;2;3379134;1224;1236;1706369;1706374
Verrucomicrobiales.U.family,48461,181,0.07,812,0.07,cellular organisms;Bacteria;Pseudomonadati;PVC group;Verrucomicrobiota;Verrucomicrobiia;Verrucomicrobiales;Verrucomicrobiales.U.family,cellular root;domain;kingdom;clade;phylum;class;order;original_name,131567;2;3379134;1783257;74201;203494;48461;48461
Geminicoccaceae,2066434,179,0.07,838,0.07,cellular organisms;Bacteria;Pseudomonadati;Pseudomonadota;Alphaproteobacteria;Geminicoccales;Geminicoccaceae,cellular root;domain;kingdom;phylum;class;order;family,131567;2;3379134;1224;28211;3108222;2066434
Alicyclobacillaceae,186823,176,0.07,745,0.06,cellular organisms;Bacteria;Bacillati;Bacillota;Bacilli;Bacillales;Alicyclobacillaceae,cellular root;domain;kingdom;phylum;class;order;family,131567;2;1783272;1239;91061;1385;186823
Desulfotomaculaceae,2937910,174,0.07,470,0.04,cellular organisms;Bacteria;Bacillati;Bacillota;Clostridia;Eubacteriales;Desulfotomaculaceae,cellular root;domain;kingdom;phylum;class;order;family,131567;2;1783272;1239;186801;186802;2937910
Chthoniobacterales.U.family,1836787,174,0.07,848,0.07,cellular organisms;Bacteria;Pseudomonadati;PVC group;Verrucomicrobiota;Spartobacteria;Chthoniobacterales;Chthoniobacterales.U.family,cellular root;domain;kingdom;clade;phylum;class;order;original_name,131567;2;3379134;1783257;74201;134549;1836787;1836787
Solirubrobacteraceae,320599,171,0.07,1546,0.13,cellular organisms;Bacteria;Bacillati;Actinomycetota;Thermoleophilia;Solirubrobacterales;Solirubrobacteraceae,cellular root;domain;kingdom;phylum;class;order;family,131567;2;1783272;201174;1497346;588673;320599
Anaeromyxobacteraceae,1524215,170,0.06,951,0.08,cellular organisms;Bacteria;Pseudomonadati;Myxococcota;Myxococcia;Myxococcales;Cystobacterineae;Anaeromyxobacteraceae,cellular root;domain;kingdom;phylum;class;order;suborder;family,131567;2;3379134;2818505;32015;29;80811;1524215
Odinarchaeia.U.family,3067281,169,0.06,511,0.04,cellular organisms;Archaea;Promethearchaeati;Candidatus Odinarchaeota;Candidatus Odinarchaeia;Odinarchaeia.U.family,cellular root;domain;kingdom;phylum;class;original_name,131567;2157;1935183;1936271;3067281;3067281
Intrasporangiaceae,85021,169,0.06,1573,0.13,cellular organisms;Bacteria;Bacillati;Actinomycetota;Actinomycetes;Micrococcales;Intrasporangiaceae,cellular root;domain;kingdom;phylum;class;order;family,131567;2;1783272;201174;1760;85006;85021
Limnochordia.U.family,1676648,166,0.06,489,0.04,cellular organisms;Bacteria;Bacillati;Bacillota;Limnochordia;Limnochordia.U.family,cellular root;domain;kingdom;phylum;class;original_name,131567;2;1783272;1239;1676648;1676648
Kiloniellaceae,597359,165,0.06,526,0.04,cellular organisms;Bacteria;Pseudomonadati;Pseudomonadota;Alphaproteobacteria;Rhodospirillales;Kiloniellaceae,cellular root;domain;kingdom;phylum;class;order;family,131567;2;3379134;1224;28211;204441;597359
Fulvivirgaceae,2762286,165,0.06,439,0.04,cellular organisms;Bacteria;Pseudomonadati;FCB group;Bacteroidota/Chlorobiota group;Bacteroidota;Cytophagia;Cytophagales;Fulvivirgaceae,cellular root;domain;kingdom;clade;clade;phylum;class;order;family,131567;2;3379134;1783270;68336;976;768503;768507;2762286
Spongiibacteraceae,1706375,164,0.06,634,0.05,cellular organisms;Bacteria;Pseudomonadati;Pseudomonadota;Gammaproteobacteria;Cellvibrionales;Spongiibacteraceae,cellular root;domain;kingdom;phylum;class;order;family,131567;2;3379134;1224;1236;1706369;1706375
Cardiobacteriaceae,868,163,0.06,556,0.05,cellular organisms;Bacteria;Pseudomonadati;Pseudomonadota;Gammaproteobacteria;Cardiobacteriales;Cardiobacteriaceae,cellular root;domain;kingdom;phylum;class;order;family,131567;2;3379134;1224;1236;135615;868
Streptosporangiaceae,2004,162,0.06,766,0.06,cellular organisms;Bacteria;Bacillati;Actinomycetota;Actinomycetes;Streptosporangiales;Streptosporangiaceae,cellular root;domain;kingdom;phylum;class;order;family,131567;2;1783272;201174;1760;85012;2004
Syntrophorhabdaceae,513556,162,0.06,800,0.07,cellular organisms;Bacteria;Pseudomonadati;Thermodesulfobacteriota;Syntrophorhabdia;Syntrophorhabdales;Syntrophorhabdaceae,cellular root;domain;kingdom;phylum;class;order;family,131567;2;3379134;200940;3031649;2819262;513556
Methanomicrobiaceae,2194,161,0.06,851,0.07,cellular organisms;Archaea;Methanobacteriati;Methanobacteriota;Stenosarchaea group;Methanomicrobia;Methanomicrobiales;Methanomicrobiaceae,cellular root;domain;kingdom;phylum;clade;class;order;family,131567;2157;3366610;28890;2290931;224756;2191;2194
Micropepsaceae,1921568,161,0.06,1409,0.12,cellular organisms;Bacteria;Pseudomonadati;Pseudomonadota;Alphaproteobacteria;Micropepsales;Micropepsaceae,cellular root;domain;kingdom;phylum;class;order;family,131567;2;3379134;1224;28211;1921567;1921568
Holophagaceae,574976,160,0.06,1112,0.09,cellular organisms;Bacteria;Pseudomonadati;Acidobacteriota;Holophagae;Holophagales;Holophagaceae,cellular root;domain;kingdom;phylum;class;order;family,131567;2;3379134;57723;533205;574975;574976
Chloroflexaceae,1106,159,0.06,573,0.05,cellular organisms;Bacteria;Bacillati;Chloroflexota;Chloroflexia;Chloroflexales;Chloroflexineae;Chloroflexaceae,cellular root;domain;kingdom;phylum;class;order;suborder;family,131567;2;1783272;200795;32061;32064;1508594;1106
Amoebophilaceae,1501348,157,0.06,537,0.04,cellular organisms;Bacteria;Pseudomonadati;FCB group;Bacteroidota/Chlorobiota group;Bacteroidota;Cytophagia;Cytophagales;Amoebophilaceae,cellular root;domain;kingdom;clade;clade;phylum;class;order;family,131567;2;3379134;1783270;68336;976;768503;768507;1501348
Methylococcales.U.family,135618,157,0.06,820,0.07,cellular organisms;Bacteria;Pseudomonadati;Pseudomonadota;Gammaproteobacteria;Methylococcales;Methylococcales.U.family,cellular root;domain;kingdom;phylum;class;order;original_name,131567;2;3379134;1224;1236;135618;135618
Chthonomonadaceae,1077264,157,0.06,499,0.04,cellular organisms;Bacteria;Bacillati;Armatimonadota;Chthonomonadia;Chthonomonadales;Chthonomonadaceae,cellular root;domain;kingdom;phylum;class;order;family,131567;2;1783272;67819;1077257;1077263;1077264
Sterolibacteriaceae,2008793,157,0.06,689,0.06,cellular organisms;Bacteria;Pseudomonadati;Pseudomonadota;Betaproteobacteria;Nitrosomonadales;Sterolibacteriaceae,cellular root;domain;kingdom;phylum;class;order;family,131567;2;3379134;1224;28216;32003;2008793
Lewinellaceae,1937960,157,0.06,417,0.03,cellular organisms;Bacteria;Pseudomonadati;FCB group;Bacteroidota/Chlorobiota group;Bacteroidota;Saprospiria;Saprospirales;Lewinellaceae,cellular root;domain;kingdom;clade;clade;phylum;class;order;family,131567;2;3379134;1783270;68336;976;1937959;1936988;1937960
Conexibacteraceae,320583,156,0.06,1734,0.15,cellular organisms;Bacteria;Bacillati;Actinomycetota;Thermoleophilia;Solirubrobacterales;Conexibacteraceae,cellular root;domain;kingdom;phylum;class;order;family,131567;2;1783272;201174;1497346;588673;320583
Thioalkalispiraceae,1096778,156,0.06,362,0.03,cellular organisms;Bacteria;Pseudomonadati;Pseudomonadota;Gammaproteobacteria;Chromatiales;Thioalkalispiraceae,cellular root;domain;kingdom;phylum;class;order;family,131567;2;3379134;1224;1236;135613;1096778
Syntrophaceae,213468,154,0.06,703,0.06,cellular organisms;Bacteria;Pseudomonadati;Thermodesulfobacteriota;Syntrophia;Syntrophales;Syntrophaceae,cellular root;domain;kingdom;phylum;class;order;family,131567;2;3379134;200940;3031648;2914038;213468
Bifidobacteriaceae,31953,153,0.06,1829,0.15,cellular organisms;Bacteria;Bacillati;Actinomycetota;Actinomycetes;Bifidobacteriales;Bifidobacteriaceae,cellular root;domain;kingdom;phylum;class;order;family,131567;2;1783272;201174;1760;85004;31953
Acidothermaceae,85032,153,0.06,2296,0.19,cellular organisms;Bacteria;Bacillati;Actinomycetota;Actinomycetes;Acidothermales;Acidothermaceae,cellular root;domain;kingdom;phylum;class;order;family,131567;2;1783272;201174;1760;1643683;85032
Caldicoprobacteraceae,715221,150,0.06,447,0.04,cellular organisms;Bacteria;Bacillati;Bacillota;Clostridia;Caldicoprobacterales;Caldicoprobacteraceae,cellular root;domain;kingdom;phylum;class;order;family,131567;2;1783272;1239;186801;3120405;715221
Williamwhitmaniaceae,2038695,149,0.06,591,0.05,cellular organisms;Bacteria;Pseudomonadati;FCB group;Bacteroidota/Chlorobiota group;Bacteroidota;Bacteroidia;Bacteroidales;Williamwhitmaniaceae,cellular root;domain;kingdom;clade;clade;phylum;class;order;family,131567;2;3379134;1783270;68336;976;200643;171549;2038695
Nanoarchaeota.U.family,192989,147,0.06,379,0.03,cellular organisms;Archaea;Nanobdellati;Nanobdellota;Nanoarchaeota.U.family,cellular root;domain;kingdom;phylum;original_name,131567;2157;1783276;192989;192989
Thalassospiraceae,2844866,147,0.06,650,0.05,cellular organisms;Bacteria;Pseudomonadati;Pseudomonadota;Alphaproteobacteria;Rhodospirillales;Thalassospiraceae,cellular root;domain;kingdom;phylum;class;order;family,131567;2;3379134;1224;28211;204441;2844866
Thermaceae,188786,146,0.06,1140,0.1,cellular organisms;Bacteria;Thermotogati;Deinococcota;Deinococci;Thermales;Thermaceae,cellular root;domain;kingdom;phylum;class;order;family,131567;2;3384194;1297;188787;68933;188786
Desulfurococcaceae,2272,145,0.06,535,0.04,cellular organisms;Archaea;Thermoproteati;Thermoproteota;Thermoprotei;Desulfurococcales;Desulfurococcaceae,cellular root;domain;kingdom;phylum;class;order;family,131567;2157;1783275;28889;183924;114380;2272
Chthonomonadales.U.family,1077263,142,0.05,406,0.03,cellular organisms;Bacteria;Bacillati;Armatimonadota;Chthonomonadia;Chthonomonadales;Chthonomonadales.U.family,cellular root;domain;kingdom;phylum;class;order;original_name,131567;2;1783272;67819;1077257;1077263;1077263
Magnetococcaceae,1191479,141,0.05,251,0.02,cellular organisms;Bacteria;Pseudomonadati;Pseudomonadota;Magnetococcia;Magnetococcales;Magnetococcaceae,cellular root;domain;kingdom;phylum;class;order;family,131567;2;3379134;1224;3118669;1191478;1191479
Chitinivibrionia.U.family,296141,141,0.05,359,0.03,cellular organisms;Bacteria;Pseudomonadati;FCB group;Fibrobacterota;Chitinivibrionia;Chitinivibrionia.U.family,cellular root;domain;kingdom;clade;phylum;class;original_name,131567;2;3379134;1783270;65842;296141;296141
Methanoregulaceae,1198451,140,0.05,1201,0.1,cellular organisms;Archaea;Methanobacteriati;Methanobacteriota;Stenosarchaea group;Methanomicrobia;Methanomicrobiales;Methanoregulaceae,cellular root;domain;kingdom;phylum;clade;class;order;family,131567;2157;3366610;28890;2290931;224756;2191;1198451
Thiobacillaceae,2008790,140,0.05,675,0.06,cellular organisms;Bacteria;Pseudomonadati;Pseudomonadota;Betaproteobacteria;Nitrosomonadales;Thiobacillaceae,cellular root;domain;kingdom;phylum;class;order;family,131567;2;3379134;1224;28216;32003;2008790
Defluviitaleaceae,1185407,139,0.05,414,0.03,cellular organisms;Bacteria;Bacillati;Bacillota;Clostridia;Lachnospirales;Defluviitaleaceae,cellular root;domain;kingdom;phylum;class;order;family,131567;2;1783272;1239;186801;3085636;1185407
Prochlorococcaceae,2881426,139,0.05,1245,0.1,cellular organisms;Bacteria;Bacillati;Cyanobacteriota/Melainabacteria group;Cyanobacteriota;Cyanophyceae;Synechococcales;Prochlorococcaceae,cellular root;domain;kingdom;clade;phylum;class;order;family,131567;2;1783272;1798711;1117;3028117;1890424;2881426
Coriobacteriia.U.family,84998,138,0.05,674,0.06,cellular organisms;Bacteria;Bacillati;Actinomycetota;Coriobacteriia;Coriobacteriia.U.family,cellular root;domain;kingdom;phylum;class;original_name,131567;2;1783272;201174;84998;84998
Endomicrobiaceae,1783343,137,0.05,354,0.03,cellular organisms;Bacteria;Pseudomonadati;Elusimicrobiota;Endomicrobiia;Endomicrobiales;Endomicrobiaceae,cellular root;domain;kingdom;phylum;class;order;family,131567;2;3379134;74152;447830;1783344;1783343
Acidithiobacillaceae,225058,137,0.05,457,0.04,cellular organisms;Bacteria;Pseudomonadati;Pseudomonadota;Acidithiobacillia;Acidithiobacillales;Acidithiobacillaceae,cellular root;domain;kingdom;phylum;class;order;family,131567;2;3379134;1224;1807140;225057;225058
Thermomonosporaceae,2012,137,0.05,579,0.05,cellular organisms;Bacteria;Bacillati;Actinomycetota;Actinomycetes;Streptosporangiales;Thermomonosporaceae,cellular root;domain;kingdom;phylum;class;order;family,131567;2;1783272;201174;1760;85012;2012
Desulfuromonadaceae,213421,136,0.05,548,0.05,cellular organisms;Bacteria;Pseudomonadati;Thermodesulfobacteriota;Desulfuromonadia;Desulfuromonadales;Desulfuromonadaceae,cellular root;domain;kingdom;phylum;class;order;family,131567;2;3379134;200940;3031651;69541;213421
Brucellaceae,118882,136,0.05,1272,0.11,cellular organisms;Bacteria;Pseudomonadati;Pseudomonadota;Alphaproteobacteria;Hyphomicrobiales;Brucellaceae,cellular root;domain;kingdom;phylum;class;order;family,131567;2;3379134;1224;28211;356;118882
Blattabacteriaceae,39782,135,0.05,436,0.04,cellular organisms;Bacteria;Pseudomonadati;FCB group;Bacteroidota/Chlorobiota group;Bacteroidota;Flavobacteriia;Flavobacteriales;Blattabacteriaceae,cellular root;domain;kingdom;clade;clade;phylum;class;order;family,131567;2;3379134;1783270;68336;976;117743;200644;39782
Nitrospirota.U.family,40117,135,0.05,650,0.05,cellular organisms;Bacteria;Pseudomonadati;Nitrospirota;Nitrospirota.U.family,cellular root;domain;kingdom;phylum;original_name,131567;2;3379134;40117;40117
Methylacidiphilaceae,717964,133,0.05,1168,0.1,cellular organisms;Bacteria;Pseudomonadati;PVC group;Verrucomicrobiota;Methylacidiphilae;Methylacidiphilales;Methylacidiphilaceae,cellular root;domain;kingdom;clade;phylum;class;order;family,131567;2;3379134;1783257;74201;1955630;717963;717964
Succinivibrionaceae,83763,131,0.05,462,0.04,cellular organisms;Bacteria;Pseudomonadati;Pseudomonadota;Gammaproteobacteria;Aeromonadales;Succinivibrionaceae,cellular root;domain;kingdom;phylum;class;order;family,131567;2;3379134;1224;1236;135624;83763
Negativicutes.U.family,909932,131,0.05,274,0.02,cellular organisms;Bacteria;Bacillati;Bacillota;Negativicutes;Negativicutes.U.family,cellular root;domain;kingdom;phylum;class;original_name,131567;2;1783272;1239;909932;909932
Natrialbaceae,1644061,131,0.05,452,0.04,cellular organisms;Archaea;Methanobacteriati;Methanobacteriota;Stenosarchaea group;Halobacteria;Halobacteriales;Natrialbaceae,cellular root;domain;kingdom;phylum;clade;class;order;family,131567;2157;3366610;28890;2290931;183963;2235;1644061
Spirochaetota.U.family,203691,130,0.05,530,0.04,cellular organisms;Bacteria;Pseudomonadati;Spirochaetota;Spirochaetota.U.family,cellular root;domain;kingdom;phylum;original_name,131567;2;3379134;203691;203691
Synechococcaceae,1890426,128,0.05,2103,0.18,cellular organisms;Bacteria;Bacillati;Cyanobacteriota/Melainabacteria group;Cyanobacteriota;Cyanophyceae;Synechococcales;Synechococcaceae,cellular root;domain;kingdom;clade;phylum;class;order;family,131567;2;1783272;1798711;1117;3028117;1890424;1890426
Reichenbachiellaceae,2762302,128,0.05,862,0.07,cellular organisms;Bacteria;Pseudomonadati;FCB group;Bacteroidota/Chlorobiota group;Bacteroidota;Cytophagia;Cytophagales;Reichenbachiellaceae,cellular root;domain;kingdom;clade;clade;phylum;class;order;family,131567;2;3379134;1783270;68336;976;768503;768507;2762302
Helicobacteraceae,72293,127,0.05,809,0.07,cellular organisms;Bacteria;Pseudomonadati;Campylobacterota;Epsilonproteobacteria;Campylobacterales;Helicobacteraceae,cellular root;domain;kingdom;phylum;class;order;family,131567;2;3379134;29547;3031852;213849;72293
Coleofasciculaceae,1892251,127,0.05,570,0.05,cellular organisms;Bacteria;Bacillati;Cyanobacteriota/Melainabacteria group;Cyanobacteriota;Cyanophyceae;Coleofasciculales;Coleofasciculaceae,cellular root;domain;kingdom;clade;phylum;class;order;family,131567;2;1783272;1798711;1117;3028117;3079753;1892251
Methanomassiliicoccales.U.family,1235850,125,0.05,860,0.07,cellular organisms;Archaea;Methanobacteriati;Thermoplasmatota;Thermoplasmata;Methanomassiliicoccales;Methanomassiliicoccales.U.family,cellular root;domain;kingdom;phylum;class;order;original_name,131567;2157;3366610;2283796;183967;1235850;1235850
Chromobacteriaceae,1499392,125,0.05,887,0.07,cellular organisms;Bacteria;Pseudomonadati;Pseudomonadota;Betaproteobacteria;Neisseriales;Chromobacteriaceae,cellular root;domain;kingdom;phylum;class;order;family,131567;2;3379134;1224;28216;206351;1499392
Halanaerobiaceae,972,122,0.05,535,0.04,cellular organisms;Bacteria;Bacillati;Bacillota;Clostridia;Halanaerobiales;Halanaerobiaceae,cellular root;domain;kingdom;phylum;class;order;family,131567;2;1783272;1239;186801;53433;972
Desulfobulbales.U.family,3024411,121,0.05,311,0.03,cellular organisms;Bacteria;Pseudomonadati;Thermodesulfobacteriota;Desulfobulbia;Desulfobulbales;Desulfobulbales.U.family,cellular root;domain;kingdom;phylum;class;order;original_name,131567;2;3379134;200940;3031451;3024411;3024411
Vampirovibrionales.U.family,2211217,120,0.05,382,0.03,cellular organisms;Bacteria;Bacillati;Cyanobacteriota/Melainabacteria group;Candidatus Melainabacteria;Vampirovibriophyceae;Vampirovibrionales;Vampirovibrionales.U.family,cellular root;domain;kingdom;clade;phylum;class;order;original_name,131567;2;1783272;1798711;1798710;3118680;2211217;2211217
Sphaerotilaceae,2975441,119,0.05,1295,0.11,cellular organisms;Bacteria;Pseudomonadati;Pseudomonadota;Betaproteobacteria;Burkholderiales;Sphaerotilaceae,cellular root;domain;kingdom;phylum;class;order;family,131567;2;3379134;1224;28216;80840;2975441
Tissierellaceae,1737406,119,0.05,342,0.03,cellular organisms;Bacteria;Bacillati;Bacillota;Tissierellia;Tissierellales;Tissierellaceae,cellular root;domain;kingdom;phylum;class;order;family,131567;2;1783272;1239;1737404;1737405;1737406
Thermoactinomycetaceae,186824,118,0.04,303,0.03,cellular organisms;Bacteria;Bacillati;Bacillota;Bacilli;Bacillales;Thermoactinomycetaceae,cellular root;domain;kingdom;phylum;class;order;family,131567;2;1783272;1239;91061;1385;186824
Phaselicystidaceae,651809,118,0.04,541,0.05,cellular organisms;Bacteria;Pseudomonadati;Myxococcota;Polyangia;Polyangiales;Phaselicystidaceae,cellular root;domain;kingdom;phylum;subclass;order;family,131567;2;3379134;2818505;3031711;3031712;651809
Nannocystaceae,224463,118,0.04,380,0.03,cellular organisms;Bacteria;Pseudomonadati;Myxococcota;Polyangia;Nannocystales;Nannocystaceae,cellular root;domain;kingdom;phylum;subclass;order;family,131567;2;3379134;2818505;3031711;3031713;224463
Endozoicomonadaceae,2066474,117,0.04,384,0.03,cellular organisms;Bacteria;Pseudomonadati;Pseudomonadota;Gammaproteobacteria;Oceanospirillales;Endozoicomonadaceae,cellular root;domain;kingdom;phylum;class;order;family,131567;2;3379134;1224;1236;135619;2066474
Aminobacteriaceae,3029087,117,0.04,296,0.02,cellular organisms;Bacteria;Thermotogati;Synergistota;Synergistia;Synergistales;Aminobacteriaceae,cellular root;domain;kingdom;phylum;class;order;family,131567;2;3384194;508458;649775;649776;3029087
Chloroflexia.U.family,32061,117,0.04,365,0.03,cellular organisms;Bacteria;Bacillati;Chloroflexota;Chloroflexia;Chloroflexia.U.family,cellular root;domain;kingdom;phylum;class;original_name,131567;2;1783272;200795;32061;32061
Atopobiaceae,1643824,114,0.04,665,0.06,cellular organisms;Bacteria;Bacillati;Actinomycetota;Coriobacteriia;Coriobacteriales;Atopobiaceae,cellular root;domain;kingdom;phylum;class;order;family,131567;2;1783272;201174;84998;84999;1643824
Anaeroplasmataceae,186333,114,0.04,514,0.04,cellular organisms;Bacteria;Bacillati;Mycoplasmatota;Mollicutes;Anaeroplasmatales;Anaeroplasmataceae,cellular root;domain;kingdom;phylum;class;order;family,131567;2;1783272;544448;31969;186332;186333
Aerococcaceae,186827,113,0.04,357,0.03,cellular organisms;Bacteria;Bacillati;Bacillota;Bacilli;Lactobacillales;Aerococcaceae,cellular root;domain;kingdom;phylum;class;order;family,131567;2;1783272;1239;91061;186826;186827
Thermoproteaceae,2267,112,0.04,510,0.04,cellular organisms;Archaea;Thermoproteati;Thermoproteota;Thermoprotei;Thermoproteales;Thermoproteaceae,cellular root;domain;kingdom;phylum;class;order;family,131567;2157;1783275;28889;183924;2266;2267
Microcoleaceae,1892252,111,0.04,723,0.06,cellular organisms;Bacteria;Bacillati;Cyanobacteriota/Melainabacteria group;Cyanobacteriota;Cyanophyceae;Oscillatoriophycideae;Oscillatoriales;Microcoleaceae,cellular root;domain;kingdom;clade;phylum;class;subclass;order;family,131567;2;1783272;1798711;1117;3028117;1301283;1150;1892252
Idiomarinaceae,267893,111,0.04,444,0.04,cellular organisms;Bacteria;Pseudomonadati;Pseudomonadota;Gammaproteobacteria;Alteromonadales;Idiomarinaceae,cellular root;domain;kingdom;phylum;class;order;family,131567;2;3379134;1224;1236;135622;267893
Mariprofundaceae,580372,111,0.04,409,0.03,cellular organisms;Bacteria;Pseudomonadati;Pseudomonadota;Candidatius Mariprofundia;Mariprofundales;Mariprofundaceae,cellular root;domain;kingdom;phylum;class;order;family,131567;2;3379134;1224;580370;580371;580372
Reyranellaceae,2844375,110,0.04,1774,0.15,cellular organisms;Bacteria;Pseudomonadati;Pseudomonadota;Alphaproteobacteria;Hyphomicrobiales;Reyranellaceae,cellular root;domain;kingdom;phylum;class;order;family,131567;2;3379134;1224;28211;356;2844375
Nocardiopsaceae,83676,110,0.04,439,0.04,cellular organisms;Bacteria;Bacillati;Actinomycetota;Actinomycetes;Streptosporangiales;Nocardiopsidaceae,cellular root;domain;kingdom;phylum;class;order;family,131567;2;1783272;201174;1760;85012;83676
Barnesiellaceae,2005519,110,0.04,548,0.05,cellular organisms;Bacteria;Pseudomonadati;FCB group;Bacteroidota/Chlorobiota group;Bacteroidota;Bacteroidia;Bacteroidales;Barnesiellaceae,cellular root;domain;kingdom;clade;clade;phylum;class;order;family,131567;2;3379134;1783270;68336;976;200643;171549;2005519
Sinobacteraceae,568386,109,0.04,492,0.04,cellular organisms;Bacteria;Pseudomonadati;Pseudomonadota;Gammaproteobacteria;Nevskiales;Nevskiaceae,cellular root;domain;kingdom;phylum;class;order;family,131567;2;3379134;1224;1236;1775403;568386
Oscillatoriaceae,1892254,107,0.04,366,0.03,cellular organisms;Bacteria;Bacillati;Cyanobacteriota/Melainabacteria group;Cyanobacteriota;Cyanophyceae;Oscillatoriophycideae;Oscillatoriales;Oscillatoriaceae,cellular root;domain;kingdom;clade;phylum;class;subclass;order;family,131567;2;1783272;1798711;1117;3028117;1301283;1150;1892254
Acidiferrobacteraceae,1692041,106,0.04,532,0.04,cellular organisms;Bacteria;Pseudomonadati;Pseudomonadota;Gammaproteobacteria;Acidiferrobacterales;Acidiferrobacteraceae,cellular root;domain;kingdom;phylum;class;order;family,131567;2;3379134;1224;1236;1692040;1692041
Azonexaceae,2008795,105,0.04,580,0.05,cellular organisms;Bacteria;Pseudomonadati;Pseudomonadota;Betaproteobacteria;Rhodocyclales;Azonexaceae,cellular root;domain;kingdom;phylum;class;order;family,131567;2;3379134;1224;28216;206389;2008795
Syntrophales.U.family,2914038,105,0.04,814,0.07,cellular organisms;Bacteria;Pseudomonadati;Thermodesulfobacteriota;Syntrophia;Syntrophales;Syntrophales.U.family,cellular root;domain;kingdom;phylum;class;order;original_name,131567;2;3379134;200940;3031648;2914038;2914038
Limnochordaceae,1676650,105,0.04,244,0.02,cellular organisms;Bacteria;Bacillati;Bacillota;Limnochordia;Limnochordales;Limnochordaceae,cellular root;domain;kingdom;phylum;class;order;family,131567;2;1783272;1239;1676648;1676649;1676650
Geodermatophilaceae,85030,105,0.04,721,0.06,cellular organisms;Bacteria;Bacillati;Actinomycetota;Actinomycetes;Geodermatophilales;Geodermatophilaceae,cellular root;domain;kingdom;phylum;class;order;family,131567;2;1783272;201174;1760;1643682;85030
Nitrospinota.U.family,1293497,102,0.04,372,0.03,cellular organisms;Bacteria;Pseudomonadati;Nitrospinota/Tectimicrobiota group;Nitrospinota;Nitrospinota.U.family,cellular root;domain;kingdom;clade;phylum;original_name,131567;2;3379134;1802340;1293497;1293497
Kallotenuales.U.family,1508535,101,0.04,222,0.02,cellular organisms;Bacteria;Bacillati;Chloroflexota;Chloroflexia;Kallotenuales;Kallotenuales.U.family,cellular root;domain;kingdom;phylum;class;order;original_name,131567;2;1783272;200795;32061;1508535;1508535
Cellulomonadaceae,85016,99,0.04,1055,0.09,cellular organisms;Bacteria;Bacillati;Actinomycetota;Actinomycetes;Micrococcales;Cellulomonadaceae,cellular root;domain;kingdom;phylum;class;order;family,131567;2;1783272;201174;1760;85006;85016
Hyphomicrobiales.U.family,356,99,0.04,355,0.03,cellular organisms;Bacteria;Pseudomonadati;Pseudomonadota;Alphaproteobacteria;Hyphomicrobiales;Hyphomicrobiales.U.family,cellular root;domain;kingdom;phylum;class;order;original_name,131567;2;3379134;1224;28211;356;356
Desulfobaccaceae,3031656,99,0.04,653,0.05,cellular organisms;Bacteria;Pseudomonadati;Thermodesulfobacteriota;Desulfobaccia;Desulfobaccales;Desulfobaccaceae,cellular root;domain;kingdom;phylum;class;order;family,131567;2;3379134;200940;3031647;3031655;3031656
Terrimicrobiaceae,2762316,99,0.04,933,0.08,cellular organisms;Bacteria;Pseudomonadati;PVC group;Verrucomicrobiota;Terrimicrobiia;Terrimicrobiales;Terrimicrobiaceae,cellular root;domain;kingdom;clade;phylum;class;order;family,131567;2;3379134;1783257;74201;2762271;2762272;2762316
Turicibacteraceae,2810281,98,0.04,372,0.03,cellular organisms;Bacteria;Bacillati;Bacillota;Erysipelotrichia;Erysipelotrichales;Turicibacteraceae,cellular root;domain;kingdom;phylum;class;order;family,131567;2;1783272;1239;526524;526525;2810281
Iamiaceae,633392,98,0.04,521,0.04,cellular organisms;Bacteria;Bacillati;Actinomycetota;Acidimicrobiia;Acidimicrobiales;Iamiaceae,cellular root;domain;kingdom;phylum;class;order;family,131567;2;1783272;201174;84992;84993;633392
Coprobacillaceae,2810280,97,0.04,313,0.03,cellular organisms;Bacteria;Bacillati;Bacillota;Erysipelotrichia;Erysipelotrichales;Coprobacillaceae,cellular root;domain;kingdom;phylum;class;order;family,131567;2;1783272;1239;526524;526525;2810280
Odoribacteraceae,1853231,96,0.04,604,0.05,cellular organisms;Bacteria;Pseudomonadati;FCB group;Bacteroidota/Chlorobiota group;Bacteroidota;Bacteroidia;Bacteroidales;Odoribacteraceae,cellular root;domain;kingdom;clade;clade;phylum;class;order;family,131567;2;3379134;1783270;68336;976;200643;171549;1853231
Kaistiaceae,2831111,96,0.04,352,0.03,cellular organisms;Bacteria;Pseudomonadati;Pseudomonadota;Alphaproteobacteria;Hyphomicrobiales;Kaistiaceae,cellular root;domain;kingdom;phylum;class;order;family,131567;2;3379134;1224;28211;356;2831111
Frankiales.U.family,85013,96,0.04,430,0.04,cellular organisms;Bacteria;Bacillati;Actinomycetota;Actinomycetes;Frankiales;Frankiales.U.family,cellular root;domain;kingdom;phylum;class;order;original_name,131567;2;1783272;201174;1760;85013;85013
Methanosarcinales.U.family,94695,96,0.04,428,0.04,cellular organisms;Archaea;Methanobacteriati;Methanobacteriota;Stenosarchaea group;Methanomicrobia;Methanosarcinales;Methanosarcinales.U.family,cellular root;domain;kingdom;phylum;clade;class;order;original_name,131567;2157;3366610;28890;2290931;224756;94695;94695
Nautiliaceae,224467,95,0.04,584,0.05,cellular organisms;Bacteria;Pseudomonadati;Campylobacterota;Epsilonproteobacteria;Nautiliales;Nautiliaceae,cellular root;domain;kingdom;phylum;class;order;family,131567;2;3379134;29547;3031852;235899;224467
Sulfurospirillaceae,2932623,94,0.04,540,0.05,cellular organisms;Bacteria;Pseudomonadati;Campylobacterota;Epsilonproteobacteria;Campylobacterales;Sulfurospirillaceae,cellular root;domain;kingdom;phylum;class;order;family,131567;2;3379134;29547;3031852;213849;2932623
Gracilibacteraceae,541019,93,0.04,237,0.02,cellular organisms;Bacteria;Bacillati;Bacillota;Clostridia;Eubacteriales;Gracilibacteraceae,cellular root;domain;kingdom;phylum;class;order;family,131567;2;1783272;1239;186801;186802;541019
Pectobacteriaceae,1903410,90,0.03,759,0.06,cellular organisms;Bacteria;Pseudomonadati;Pseudomonadota;Gammaproteobacteria;Enterobacterales;Pectobacteriaceae,cellular root;domain;kingdom;phylum;class;order;family,131567;2;3379134;1224;1236;91347;1903410
Pseudanabaenaceae,1890436,89,0.03,614,0.05,cellular organisms;Bacteria;Bacillati;Cyanobacteriota/Melainabacteria group;Cyanobacteriota;Cyanophyceae;Pseudanabaenales;Pseudanabaenaceae,cellular root;domain;kingdom;clade;phylum;class;order;family,131567;2;1783272;1798711;1117;3028117;2881377;1890436
Thermovirgaceae,3029089,89,0.03,366,0.03,cellular organisms;Bacteria;Thermotogati;Synergistota;Synergistia;Synergistales;Thermovirgaceae,cellular root;domain;kingdom;phylum;class;order;family,131567;2;3384194;508458;649775;649776;3029089
Parvibaculaceae,2813035,89,0.03,518,0.04,cellular organisms;Bacteria;Pseudomonadati;Pseudomonadota;Alphaproteobacteria;Hyphomicrobiales;Parvibaculaceae,cellular root;domain;kingdom;phylum;class;order;family,131567;2;3379134;1224;28211;356;2813035
Smithellaceae,2964538,89,0.03,687,0.06,cellular organisms;Bacteria;Pseudomonadati;Thermodesulfobacteriota;Syntrophia;Syntrophales;Smithellaceae,cellular root;domain;kingdom;phylum;class;order;family,131567;2;3379134;200940;3031648;2914038;2964538
Sulfolobaceae,118883,87,0.03,481,0.04,cellular organisms;Archaea;Thermoproteati;Thermoproteota;Thermoprotei;Sulfolobales;Sulfolobaceae,cellular root;domain;kingdom;phylum;class;order;family,131567;2157;1783275;28889;183924;2281;118883
Rhodovibrionaceae,2844403,86,0.03,351,0.03,cellular organisms;Bacteria;Pseudomonadati;Pseudomonadota;Alphaproteobacteria;Rhodospirillales;Rhodovibrionaceae,cellular root;domain;kingdom;phylum;class;order;family,131567;2;3379134;1224;28211;204441;2844403
Parvularculaceae,255474,85,0.03,452,0.04,cellular organisms;Bacteria;Pseudomonadati;Pseudomonadota;Alphaproteobacteria;Parvularculales;Parvularculaceae,cellular root;domain;kingdom;phylum;class;order;family,131567;2;3379134;1224;28211;255473;255474
Terasakiellaceae,2813951,85,0.03,279,0.02,cellular organisms;Bacteria;Pseudomonadati;Pseudomonadota;Alphaproteobacteria;Rhodospirillales;Terasakiellaceae,cellular root;domain;kingdom;phylum;class;order;family,131567;2;3379134;1224;28211;204441;2813951
Kineosporiaceae,83778,85,0.03,459,0.04,cellular organisms;Bacteria;Bacillati;Actinomycetota;Actinomycetes;Kineosporiales;Kineosporiaceae,cellular root;domain;kingdom;phylum;class;order;family,131567;2;1783272;201174;1760;622452;83778
Silvanigrellaceae,2024974,84,0.03,359,0.03,cellular organisms;Bacteria;Pseudomonadati;Bdellovibrionota;Oligoflexia;Silvanigrellales;Silvanigrellaceae,cellular root;domain;kingdom;phylum;class;order;family,131567;2;3379134;3018035;1553900;2024973;2024974
Halobacteroidaceae,53434,84,0.03,212,0.02,cellular organisms;Bacteria;Bacillati;Bacillota;Clostridia;Halanaerobiales;Halobacteroidaceae,cellular root;domain;kingdom;phylum;class;order;family,131567;2;1783272;1239;186801;53433;53434
Heimdallarchaeia.U.family,3422291,83,0.03,365,0.03,cellular organisms;Archaea;Promethearchaeati;Candidatus Heimdallarchaeota;Candidatus Heimdallarchaeia (ex Rinke et al. 2021) (nom. nud.);Heimdallarchaeia.U.family,cellular root;domain;kingdom;phylum;class;original_name,131567;2157;1935183;1936272;3422291;3422291
Brevibacteriaceae,85019,83,0.03,389,0.03,cellular organisms;Bacteria;Bacillati;Actinomycetota;Actinomycetes;Micrococcales;Brevibacteriaceae,cellular root;domain;kingdom;phylum;class;order;family,131567;2;1783272;201174;1760;85006;85019
Schleiferiaceae,1333713,83,0.03,198,0.02,cellular organisms;Bacteria;Pseudomonadati;FCB group;Bacteroidota/Chlorobiota group;Bacteroidota;Flavobacteriia;Flavobacteriales;Schleiferiaceae,cellular root;domain;kingdom;clade;clade;phylum;class;order;family,131567;2;3379134;1783270;68336;976;117743;200644;1333713
Euzebyaceae,908622,82,0.03,252,0.02,cellular organisms;Bacteria;Bacillati;Actinomycetota;Nitriliruptoria;Euzebyales;Euzebyaceae,cellular root;domain;kingdom;phylum;class;order;family,131567;2;1783272;201174;908620;908621;908622
Stappiaceae,2821832,81,0.03,389,0.03,cellular organisms;Bacteria;Pseudomonadati;Pseudomonadota;Alphaproteobacteria;Hyphomicrobiales;Stappiaceae,cellular root;domain;kingdom;phylum;class;order;family,131567;2;3379134;1224;28211;356;2821832
Cytophagales.U.family,768507,80,0.03,149,0.01,cellular organisms;Bacteria;Pseudomonadati;FCB group;Bacteroidota/Chlorobiota group;Bacteroidota;Cytophagia;Cytophagales;Cytophagales.U.family,cellular root;domain;kingdom;clade;clade;phylum;class;order;original_name,131567;2;3379134;1783270;68336;976;768503;768507;768507
Thermodesulfobacteriaceae,188711,80,0.03,441,0.04,cellular organisms;Bacteria;Pseudomonadati;Thermodesulfobacteriota;Thermodesulfobacteria;Thermodesulfobacteriales;Thermodesulfobacteriaceae,cellular root;domain;kingdom;phylum;class;order;family,131567;2;3379134;200940;67799;188710;188711
Kordiimonadaceae,1331809,79,0.03,170,0.01,cellular organisms;Bacteria;Pseudomonadati;Pseudomonadota;Alphaproteobacteria;Kordiimonadales;Kordiimonadaceae,cellular root;domain;kingdom;phylum;class;order;family,131567;2;3379134;1224;28211;362534;1331809
Promicromonosporaceae,85017,78,0.03,343,0.03,cellular organisms;Bacteria;Bacillati;Actinomycetota;Actinomycetes;Micrococcales;Promicromonosporaceae,cellular root;domain;kingdom;phylum;class;order;family,131567;2;1783272;201174;1760;85006;85017
Desulfohalobiaceae,213117,77,0.03,286,0.02,cellular organisms;Bacteria;Pseudomonadati;Thermodesulfobacteriota;Desulfovibrionia;Desulfovibrionales;Desulfohalobiaceae,cellular root;domain;kingdom;phylum;class;order;family,131567;2;3379134;200940;3031449;213115;213117
Halothiobacillaceae,255526,76,0.03,284,0.02,cellular organisms;Bacteria;Pseudomonadati;Pseudomonadota;Gammaproteobacteria;Chromatiales;Halothiobacillaceae,cellular root;domain;kingdom;phylum;class;order;family,131567;2;3379134;1224;1236;135613;255526
Flammeovirgaceae,200667,76,0.03,179,0.01,cellular organisms;Bacteria;Pseudomonadati;FCB group;Bacteroidota/Chlorobiota group;Bacteroidota;Cytophagia;Cytophagales;Flammeovirgaceae,cellular root;domain;kingdom;clade;clade;phylum;class;order;family,131567;2;3379134;1783270;68336;976;768503;768507;200667
Thermoprotei.U.family,183924,75,0.03,414,0.03,cellular organisms;Archaea;Thermoproteati;Thermoproteota;Thermoprotei;Thermoprotei.U.family,cellular root;domain;kingdom;phylum;class;original_name,131567;2157;1783275;28889;183924;183924
Thermoflexaceae,1495648,74,0.03,371,0.03,cellular organisms;Bacteria;Bacillati;Chloroflexota;Thermoflexia;Thermoflexales;Thermoflexaceae,cellular root;domain;kingdom;phylum;class;order;family,131567;2;1783272;200795;1495646;1495647;1495648
Bradymonadaceae,1779135,74,0.03,169,0.01,cellular organisms;Bacteria;delta/epsilon subdivisions;Deltaproteobacteria;Bradymonadales;Bradymonadaceae,cellular root;domain;clade;class;order;family,131567;2;68525;28221;1779134;1779135
Aquificaceae,64898,72,0.03,511,0.04,cellular organisms;Bacteria;Pseudomonadati;Aquificota;Aquificia;Aquificales;Aquificaceae,cellular root;domain;kingdom;phylum;class;order;family,131567;2;3379134;200783;187857;32069;64898
Chromatiales.U.family,135613,71,0.03,279,0.02,cellular organisms;Bacteria;Pseudomonadati;Pseudomonadota;Gammaproteobacteria;Chromatiales;Chromatiales.U.family,cellular root;domain;kingdom;phylum;class;order;original_name,131567;2;3379134;1224;1236;135613;135613
Calotrichaceae,2661849,71,0.03,212,0.02,cellular organisms;Bacteria;Bacillati;Cyanobacteriota/Melainabacteria group;Cyanobacteriota;Cyanophyceae;Nostocales;Calotrichaceae,cellular root;domain;kingdom;clade;phylum;class;order;family,131567;2;1783272;1798711;1117;3028117;1161;2661849
Tepidimicrobiaceae,2992719,70,0.03,157,0.01,cellular organisms;Bacteria;Bacillati;Bacillota;Tissierellia;Tissierellales;Tepidimicrobiaceae,cellular root;domain;kingdom;phylum;class;order;family,131567;2;1783272;1239;1737404;1737405;2992719
CPR2.U.family,NA,70,0.03,208,0.02,CPR2.U.family,original_name,NA
Campylobacterales.U.family,213849,70,0.03,177,0.01,cellular organisms;Bacteria;Pseudomonadati;Campylobacterota;Epsilonproteobacteria;Campylobacterales;Campylobacterales.U.family,cellular root;domain;kingdom;phylum;class;order;original_name,131567;2;3379134;29547;3031852;213849;213849
Maricaulaceae,2800061,69,0.03,343,0.03,cellular organisms;Bacteria;Pseudomonadati;Pseudomonadota;Alphaproteobacteria;Maricaulales;Maricaulaceae,cellular root;domain;kingdom;phylum;class;order;family,131567;2;3379134;1224;28211;2800059;2800061
Dermabacteraceae,85020,69,0.03,440,0.04,cellular organisms;Bacteria;Bacillati;Actinomycetota;Actinomycetes;Micrococcales;Dermabacteraceae,cellular root;domain;kingdom;phylum;class;order;family,131567;2;1783272;201174;1760;85006;85020
Vicingaceae,2772534,69,0.03,359,0.03,cellular organisms;Bacteria;Pseudomonadati;FCB group;Bacteroidota/Chlorobiota group;Bacteroidota;Flavobacteriia;Flavobacteriales;Vicingaceae,cellular root;domain;kingdom;clade;clade;phylum;class;order;family,131567;2;3379134;1783270;68336;976;117743;200644;2772534
Salinivirgaceae,1970190,69,0.03,215,0.02,cellular organisms;Bacteria;Pseudomonadati;FCB group;Bacteroidota/Chlorobiota group;Bacteroidota;Bacteroidia;Bacteroidales;Salinivirgaceae,cellular root;domain;kingdom;clade;clade;phylum;class;order;family,131567;2;3379134;1783270;68336;976;200643;171549;1970190
Sphingosinicellaceae,2820280,69,0.03,464,0.04,cellular organisms;Bacteria;Pseudomonadati;Pseudomonadota;Alphaproteobacteria;Sphingomonadales;Sphingosinicellaceae,cellular root;domain;kingdom;phylum;class;order;family,131567;2;3379134;1224;28211;204457;2820280
Petrotogaceae,1643949,68,0.03,663,0.06,cellular organisms;Bacteria;Thermotogati;Thermotogota;Thermotogae;Petrotogales;Petrotogaceae,cellular root;domain;kingdom;phylum;class;order;family,131567;2;3384194;200918;188708;1643947;1643949
Saccharospirillaceae,255527,68,0.03,309,0.03,cellular organisms;Bacteria;Pseudomonadati;Pseudomonadota;Gammaproteobacteria;Oceanospirillales;Saccharospirillaceae,cellular root;domain;kingdom;phylum;class;order;family,131567;2;3379134;1224;1236;135619;255527
Desulfuromonadales.U.family,69541,67,0.03,415,0.03,cellular organisms;Bacteria;Pseudomonadati;Thermodesulfobacteriota;Desulfuromonadia;Desulfuromonadales;Desulfuromonadales.U.family,cellular root;domain;kingdom;phylum;class;order;original_name,131567;2;3379134;200940;3031651;69541;69541
Deltaproteobacteria.U.family,28221,67,0.03,416,0.03,cellular organisms;Bacteria;delta/epsilon subdivisions;Deltaproteobacteria;Deltaproteobacteria.U.family,cellular root;domain;clade;class;original_name,131567;2;68525;28221;28221
Dehalococcoidales.U.family,1202465,67,0.03,205,0.02,cellular organisms;Bacteria;Bacillati;Chloroflexota;Dehalococcoidia;Dehalococcoidales;Dehalococcoidales.U.family,cellular root;domain;kingdom;phylum;class;order;original_name,131567;2;1783272;200795;301297;1202465;1202465
Archaeoglobaceae,2232,66,0.03,307,0.03,cellular organisms;Archaea;Methanobacteriati;Methanobacteriota;Archaeoglobi;Archaeoglobales;Archaeoglobaceae,cellular root;domain;kingdom;phylum;class;order;family,131567;2157;3366610;28890;183980;2231;2232
Crenotrichaceae,89377,65,0.02,234,0.02,cellular organisms;Bacteria;Pseudomonadati;Pseudomonadota;Gammaproteobacteria;Methylococcales;Crenotrichaceae,cellular root;domain;kingdom;phylum;class;order;family,131567;2;3379134;1224;1236;135618;89377
Dermatophilaceae,85018,65,0.02,116,0.01,cellular organisms;Bacteria;Bacillati;Actinomycetota;Actinomycetes;Micrococcales;Dermatophilaceae,cellular root;domain;kingdom;phylum;class;order;family,131567;2;1783272;201174;1760;85006;85018
Jatrophihabitantaceae,2805416,63,0.02,513,0.04,cellular organisms;Bacteria;Bacillati;Actinomycetota;Actinomycetes;Jatrophihabitantales;Jatrophihabitantaceae,cellular root;domain;kingdom;phylum;class;order;family,131567;2;1783272;201174;1760;2805415;2805416
Caldisericales.U.family,693072,62,0.02,532,0.04,cellular organisms;Bacteria;Pseudomonadati;Caldisericota/Cryosericota group;Caldisericota;Caldisericia;Caldisericales;Caldisericales.U.family,cellular root;domain;kingdom;clade;phylum;class;order;original_name,131567;2;3379134;2498710;67814;693071;693072;693072
Desulfomonilaceae,3031658,62,0.02,228,0.02,cellular organisms;Bacteria;Pseudomonadati;Thermodesulfobacteriota;Desulfomonilia;Desulfomonilales;Desulfomonilaceae,cellular root;domain;kingdom;phylum;class;order;family,131567;2;3379134;200940;3031650;3031657;3031658
Rubritaleaceae,1648490,62,0.02,209,0.02,cellular organisms;Bacteria;Pseudomonadati;PVC group;Verrucomicrobiota;Verrucomicrobiia;Verrucomicrobiales;Rubritaleaceae,cellular root;domain;kingdom;clade;phylum;class;order;family,131567;2;3379134;1783257;74201;203494;48461;1648490
Brevinemataceae,1100104,61,0.02,292,0.02,cellular organisms;Bacteria;Pseudomonadati;Spirochaetota;Spirochaetia;Brevinematales;Brevinemataceae,cellular root;domain;kingdom;phylum;class;order;family,131567;2;3379134;203691;203692;1643687;1100104
Coriobacteriales.U.family,84999,61,0.02,167,0.01,cellular organisms;Bacteria;Bacillati;Actinomycetota;Coriobacteriia;Coriobacteriales;Coriobacteriales.U.family,cellular root;domain;kingdom;phylum;class;order;original_name,131567;2;1783272;201174;84998;84999;84999
Aurantimonadaceae,255475,60,0.02,248,0.02,cellular organisms;Bacteria;Pseudomonadati;Pseudomonadota;Alphaproteobacteria;Hyphomicrobiales;Aurantimonadaceae,cellular root;domain;kingdom;phylum;class;order;family,131567;2;3379134;1224;28211;356;255475
Geopsychrobacteraceae,3031659,60,0.02,281,0.02,cellular organisms;Bacteria;Pseudomonadati;Thermodesulfobacteriota;Desulfuromonadia;Desulfuromonadales;Geopsychrobacteraceae,cellular root;domain;kingdom;phylum;class;order;family,131567;2;3379134;200940;3031651;69541;3031659
Nitriliruptoraceae,596498,60,0.02,199,0.02,cellular organisms;Bacteria;Bacillati;Actinomycetota;Nitriliruptoria;Nitriliruptorales;Nitriliruptoraceae,cellular root;domain;kingdom;phylum;class;order;family,131567;2;1783272;201174;908620;596497;596498
Methanocellaceae,570265,60,0.02,235,0.02,cellular organisms;Archaea;Methanobacteriati;Methanobacteriota;Stenosarchaea group;Methanomicrobia;Methanocellales;Methanocellaceae,cellular root;domain;kingdom;phylum;clade;class;order;family,131567;2157;3366610;28890;2290931;224756;570264;570265
Ardenticatenaceae,1382930,59,0.02,110,0.01,cellular organisms;Bacteria;Bacillati;Chloroflexota;Ardenticatenia;Ardenticatenales;Ardenticatenaceae,cellular root;domain;kingdom;phylum;class;order;family,131567;2;1783272;200795;1382928;1382929;1382930
Methanospirillaceae,196137,58,0.02,314,0.03,cellular organisms;Archaea;Methanobacteriati;Methanobacteriota;Stenosarchaea group;Methanomicrobia;Methanomicrobiales;Methanospirillaceae,cellular root;domain;kingdom;phylum;clade;class;order;family,131567;2157;3366610;28890;2290931;224756;2191;196137
Roseiarcaceae,1643957,58,0.02,854,0.07,cellular organisms;Bacteria;Pseudomonadati;Pseudomonadota;Alphaproteobacteria;Hyphomicrobiales;Roseiarcaceae,cellular root;domain;kingdom;phylum;class;order;family,131567;2;3379134;1224;28211;356;1643957
Francisellaceae,34064,57,0.02,404,0.03,cellular organisms;Bacteria;Pseudomonadati;Pseudomonadota;Gammaproteobacteria;Thiotrichales;Francisellaceae,cellular root;domain;kingdom;phylum;class;order;family,131567;2;3379134;1224;1236;72273;34064
Scytonemataceae,1182,57,0.02,240,0.02,cellular organisms;Bacteria;Bacillati;Cyanobacteriota/Melainabacteria group;Cyanobacteriota;Cyanophyceae;Nostocales;Scytonemataceae,cellular root;domain;kingdom;clade;phylum;class;order;family,131567;2;1783272;1798711;1117;3028117;1161;1182
Ahrensiaceae,2829814,56,0.02,144,0.01,cellular organisms;Bacteria;Pseudomonadati;Pseudomonadota;Alphaproteobacteria;Hyphomicrobiales;Ahrensiaceae,cellular root;domain;kingdom;phylum;class;order;family,131567;2;3379134;1224;28211;356;2829814
Calditrichota.U.family,1930617,56,0.02,179,0.01,cellular organisms;Bacteria;Pseudomonadati;Calditrichota;Calditrichota.U.family,cellular root;domain;kingdom;phylum;original_name,131567;2;3379134;1930617;1930617
Desulfobacterales.U.family,213118,56,0.02,150,0.01,cellular organisms;Bacteria;Pseudomonadati;Thermodesulfobacteriota;Desulfobacteria;Desulfobacterales;Desulfobacterales.U.family,cellular root;domain;kingdom;phylum;class;order;original_name,131567;2;3379134;200940;3024418;213118;213118
Coprothermobacteraceae,2138247,56,0.02,278,0.02,cellular organisms;Bacteria;Pseudomonadati;Coprothermobacterota;Coprothermobacteria;Coprothermobacterales;Coprothermobacteraceae,cellular root;domain;kingdom;phylum;class;order;family,131567;2;3379134;2138240;2138243;2138246;2138247
Sulfuricellaceae,2772226,56,0.02,236,0.02,cellular organisms;Bacteria;Pseudomonadati;Pseudomonadota;Betaproteobacteria;Nitrosomonadales;Sulfuricellaceae,cellular root;domain;kingdom;phylum;class;order;family,131567;2;3379134;1224;28216;32003;2772226
Hydrogenothermaceae,224027,56,0.02,402,0.03,cellular organisms;Bacteria;Pseudomonadati;Aquificota;Aquificia;Aquificales;Hydrogenothermaceae,cellular root;domain;kingdom;phylum;class;order;family,131567;2;3379134;200783;187857;32069;224027
Bruguierivoracaceae,2812006,55,0.02,108,0.01,cellular organisms;Bacteria;Pseudomonadati;Pseudomonadota;Gammaproteobacteria;Enterobacterales;Bruguierivoracaceae,cellular root;domain;kingdom;phylum;class;order;family,131567;2;3379134;1224;1236;91347;2812006
Syntrophobacterales.U.family,213462,55,0.02,395,0.03,cellular organisms;Bacteria;Pseudomonadati;Thermodesulfobacteriota;Syntrophobacteria;Syntrophobacterales;Syntrophobacterales.U.family,cellular root;domain;kingdom;phylum;class;order;original_name,131567;2;3379134;200940;3024408;213462;213462
Actinospicaceae,414713,55,0.02,305,0.03,cellular organisms;Bacteria;Bacillati;Actinomycetota;Actinomycetes;Catenulisporales;Actinospicaceae,cellular root;domain;kingdom;phylum;class;order;family,131567;2;1783272;201174;1760;414714;414713
Gordoniaceae,85026,54,0.02,316,0.03,cellular organisms;Bacteria;Bacillati;Actinomycetota;Actinomycetes;Mycobacteriales;Gordoniaceae,cellular root;domain;kingdom;phylum;class;order;family,131567;2;1783272;201174;1760;85007;85026
Methylocystaceae,31993,54,0.02,366,0.03,cellular organisms;Bacteria;Pseudomonadati;Pseudomonadota;Alphaproteobacteria;Hyphomicrobiales;Methylocystaceae,cellular root;domain;kingdom;phylum;class;order;family,131567;2;3379134;1224;28211;356;31993
Boseaceae,2831100,53,0.02,286,0.02,cellular organisms;Bacteria;Pseudomonadati;Pseudomonadota;Alphaproteobacteria;Hyphomicrobiales;Alloboseaceae,cellular root;domain;kingdom;phylum;class;order;family,131567;2;3379134;1224;28211;356;2831100
Methanocaldococcaceae,196117,52,0.02,172,0.01,cellular organisms;Archaea;Methanobacteriati;Methanobacteriota;Methanomada group;Methanococci;Methanococcales;Methanocaldococcaceae,cellular root;domain;kingdom;phylum;clade;class;order;family,131567;2157;3366610;28890;2283794;183939;2182;196117
Methanomassiliicoccaceae,1577788,52,0.02,550,0.05,cellular organisms;Archaea;Methanobacteriati;Thermoplasmatota;Thermoplasmata;Methanomassiliicoccales;Methanomassiliicoccaceae,cellular root;domain;kingdom;phylum;class;order;family,131567;2157;3366610;2283796;183967;1235850;1577788
Tepidisphaeraceae,1771355,52,0.02,158,0.01,cellular organisms;Bacteria;Pseudomonadati;PVC group;Planctomycetota;Phycisphaerae;Tepidisphaerales;Tepidisphaeraceae,cellular root;domain;kingdom;clade;phylum;class;order;family,131567;2;3379134;1783257;203682;666505;1771349;1771355
metagenome.Chloroplast,256318,51,0.02,229,0.02,unclassified entries;unclassified sequences;metagenomes;metagenome,no rank;no rank;no rank;species,2787823;12908;408169;256318
Robiginitomaculaceae,2800062,51,0.02,273,0.02,cellular organisms;Bacteria;Pseudomonadati;Pseudomonadota;Alphaproteobacteria;Maricaulales;Robiginitomaculaceae,cellular root;domain;kingdom;phylum;class;order;family,131567;2;3379134;1224;28211;2800059;2800062
Nakamurellaceae,85031,50,0.02,430,0.04,cellular organisms;Bacteria;Bacillati;Actinomycetota;Actinomycetes;Nakamurellales;Nakamurellaceae,cellular root;domain;kingdom;phylum;class;order;family,131567;2;1783272;201174;1760;1643684;85031
Hafniaceae,1903412,49,0.02,494,0.04,cellular organisms;Bacteria;Pseudomonadati;Pseudomonadota;Gammaproteobacteria;Enterobacterales;Hafniaceae,cellular root;domain;kingdom;phylum;class;order;family,131567;2;3379134;1224;1236;91347;1903412
Thermodesulfovibrionaceae,2811504,49,0.02,250,0.02,cellular organisms;Bacteria;Pseudomonadati;Nitrospirota;Thermodesulfovibrionia;Thermodesulfovibrionales;Thermodesulfovibrionaceae,cellular root;domain;kingdom;phylum;class;order;family,131567;2;3379134;40117;2811502;2811503;2811504
Spiroplasmataceae,2131,48,0.02,228,0.02,cellular organisms;Bacteria;Bacillati;Mycoplasmatota;Mollicutes;Entomoplasmatales;Spiroplasmataceae,cellular root;domain;kingdom;phylum;class;order;family,131567;2;1783272;544448;31969;186328;2131
Thermococcaceae,2259,48,0.02,369,0.03,cellular organisms;Archaea;Methanobacteriati;Methanobacteriota;Thermococci;Thermococcales;Thermococcaceae,cellular root;domain;kingdom;phylum;class;order;family,131567;2157;3366610;28890;183968;2258;2259
Deferrisomataceae,3031670,48,0.02,92,0.01,cellular organisms;Bacteria;Pseudomonadati;Thermodesulfobacteriota;Deferrisomatia;Deferrisomatales;Deferrisomataceae,cellular root;domain;kingdom;phylum;class;order;family,131567;2;3379134;200940;3031652;2814222;3031670
Thermincolaceae,2937911,48,0.02,97,0.01,cellular organisms;Bacteria;Bacillati;Bacillota;Clostridia;Eubacteriales;Thermincolaceae,cellular root;domain;kingdom;phylum;class;order;family,131567;2;1783272;1239;186801;186802;2937911
Deferribacteraceae,191394,47,0.02,104,0.01,cellular organisms;Bacteria;Pseudomonadati;Deferribacterota;Deferribacteres;Deferribacterales;Deferribacteraceae,cellular root;domain;kingdom;phylum;class;order;family,131567;2;3379134;200930;68337;191393;191394
Desulfomicrobiaceae,213116,46,0.02,410,0.03,cellular organisms;Bacteria;Pseudomonadati;Thermodesulfobacteriota;Desulfovibrionia;Desulfovibrionales;Desulfomicrobiaceae,cellular root;domain;kingdom;phylum;class;order;family,131567;2;3379134;200940;3031449;213115;213116
Merismopediaceae,1890428,46,0.02,145,0.01,cellular organisms;Bacteria;Bacillati;Cyanobacteriota/Melainabacteria group;Cyanobacteriota;Cyanophyceae;Synechococcales;Merismopediaceae,cellular root;domain;kingdom;clade;phylum;class;order;family,131567;2;1783272;1798711;1117;3028117;1890424;1890428
Sphaerobacteraceae,85002,46,0.02,173,0.01,cellular organisms;Bacteria;Pseudomonadati;Thermomicrobiota;Thermomicrobia;Sphaerobacterales;Sphaerobacterineae;Sphaerobacteraceae,cellular root;domain;kingdom;phylum;class;order;suborder;family,131567;2;3379134;3027942;189775;85001;255728;85002
uncultured.U.family,NA,45,0.02,117,0.01,uncultured.U.family,original_name,NA
Acanthopleuribacteraceae,533207,45,0.02,72,0.01,cellular organisms;Bacteria;Pseudomonadati;Acidobacteriota;Holophagae;Acanthopleuribacterales;Acanthopleuribacteraceae,cellular root;domain;kingdom;phylum;class;order;family,131567;2;3379134;57723;533205;533206;533207
Phreatobacteraceae,2843305,45,0.02,144,0.01,cellular organisms;Bacteria;Pseudomonadati;Pseudomonadota;Alphaproteobacteria;Hyphomicrobiales;Phreatobacteraceae,cellular root;domain;kingdom;phylum;class;order;family,131567;2;3379134;1224;28211;356;2843305
Acidimicrobiaceae,84994,44,0.02,194,0.02,cellular organisms;Bacteria;Bacillati;Actinomycetota;Acidimicrobiia;Acidimicrobiales;Acidimicrobiaceae,cellular root;domain;kingdom;phylum;class;order;family,131567;2;1783272;201174;84992;84993;84994
Thermohalobacteraceae,2848916,43,0.02,89,0.01,cellular organisms;Bacteria;Bacillati;Bacillota;Tissierellia;Tissierellales;Thermohalobacteraceae,cellular root;domain;kingdom;phylum;class;order;family,131567;2;1783272;1239;1737404;1737405;2848916
Sneathiellaceae,510685,43,0.02,138,0.01,cellular organisms;Bacteria;Pseudomonadati;Pseudomonadota;Alphaproteobacteria;Sneathiellales;Sneathiellaceae,cellular root;domain;kingdom;phylum;class;order;family,131567;2;3379134;1224;28211;510684;510685
Chroococcidiopsidaceae,1890528,43,0.02,120,0.01,cellular organisms;Bacteria;Bacillati;Cyanobacteriota/Melainabacteria group;Cyanobacteriota;Cyanophyceae;Chroococcidiopsidales;Chroococcidiopsidaceae,cellular root;domain;kingdom;clade;phylum;class;order;family,131567;2;1783272;1798711;1117;3028117;1890505;1890528
Caldisericaceae,693073,42,0.02,404,0.03,cellular organisms;Bacteria;Pseudomonadati;Caldisericota/Cryosericota group;Caldisericota;Caldisericia;Caldisericales;Caldisericaceae,cellular root;domain;kingdom;clade;phylum;class;order;family,131567;2;3379134;2498710;67814;693071;693072;693073
Kazania.U.family,NA,42,0.02,88,0.01,Kazania.U.family,original_name,NA
Myxococcales.U.family,29,42,0.02,152,0.01,cellular organisms;Bacteria;Pseudomonadati;Myxococcota;Myxococcia;Myxococcales;Myxococcales.U.family,cellular root;domain;kingdom;phylum;class;order;original_name,131567;2;3379134;2818505;32015;29;29
Lawsonellaceae,2805586,42,0.02,207,0.02,cellular organisms;Bacteria;Bacillati;Actinomycetota;Actinomycetes;Mycobacteriales;Lawsonellaceae,cellular root;domain;kingdom;phylum;class;order;family,131567;2;1783272;201174;1760;85007;2805586
Glycomycetaceae,85034,41,0.02,123,0.01,cellular organisms;Bacteria;Bacillati;Actinomycetota;Actinomycetes;Glycomycetales;Glycomycetaceae,cellular root;domain;kingdom;phylum;class;order;family,131567;2;1783272;201174;1760;85014;85034
Dissulfuribacteraceae,3031471,41,0.02,158,0.01,cellular organisms;Bacteria;Pseudomonadati;Thermodesulfobacteriota;Dissulfuribacteria;Dissulfuribacterales;Dissulfuribacteraceae,cellular root;domain;kingdom;phylum;class;order;family,131567;2;3379134;200940;3031452;3031453;3031471
Fimbriimonadales.U.family,1663425,41,0.02,92,0.01,cellular organisms;Bacteria;Bacillati;Armatimonadota;Fimbriimonadia;Fimbriimonadales;Fimbriimonadales.U.family,cellular root;domain;kingdom;phylum;class;order;original_name,131567;2;1783272;67819;1663419;1663425;1663425
Thermofilaceae,114378,41,0.02,181,0.02,cellular organisms;Archaea;Thermoproteati;Thermoproteota;Thermoprotei;Thermofilales;Thermofilaceae,cellular root;domain;kingdom;phylum;class;order;family,131567;2157;1783275;28889;183924;2856582;114378
Dietziaceae,85029,40,0.02,187,0.02,cellular organisms;Bacteria;Bacillati;Actinomycetota;Actinomycetes;Mycobacteriales;Dietziaceae,cellular root;domain;kingdom;phylum;class;order;family,131567;2;1783272;201174;1760;85007;85029
Hyellaceae,1890500,40,0.02,118,0.01,cellular organisms;Bacteria;Bacillati;Cyanobacteriota/Melainabacteria group;Cyanobacteriota;Cyanophyceae;Pleurocapsales;Pleurocapsaceae,cellular root;domain;kingdom;clade;phylum;class;order;family,131567;2;1783272;1798711;1117;3028117;52604;1890500
Aphanizomenonaceae,1892259,39,0.01,662,0.06,cellular organisms;Bacteria;Bacillati;Cyanobacteriota/Melainabacteria group;Cyanobacteriota;Cyanophyceae;Nostocales;Aphanizomenonaceae,cellular root;domain;kingdom;clade;phylum;class;order;family,131567;2;1783272;1798711;1117;3028117;1161;1892259
Salinisphaeraceae,742031,39,0.01,87,0.01,cellular organisms;Bacteria;Pseudomonadati;Pseudomonadota;Gammaproteobacteria;Salinisphaerales;Salinisphaeraceae,cellular root;domain;kingdom;phylum;class;order;family,131567;2;3379134;1224;1236;742030;742031
Oscillatoriales.U.family,1150,38,0.01,133,0.01,cellular organisms;Bacteria;Bacillati;Cyanobacteriota/Melainabacteria group;Cyanobacteriota;Cyanophyceae;Oscillatoriophycideae;Oscillatoriales;Oscillatoriales.U.family,cellular root;domain;kingdom;clade;phylum;class;subclass;order;original_name,131567;2;1783272;1798711;1117;3028117;1301283;1150;1150
Microcystaceae,1890449,38,0.01,608,0.05,cellular organisms;Bacteria;Bacillati;Cyanobacteriota/Melainabacteria group;Cyanobacteriota;Cyanophyceae;Oscillatoriophycideae;Chroococcales;Microcystaceae,cellular root;domain;kingdom;clade;phylum;class;subclass;order;family,131567;2;1783272;1798711;1117;3028117;1301283;1118;1890449
Fervidobacteriaceae,1643950,37,0.01,263,0.02,cellular organisms;Bacteria;Thermotogati;Thermotogota;Thermotogae;Thermotogales;Fervidobacteriaceae,cellular root;domain;kingdom;phylum;class;order;family,131567;2;3384194;200918;188708;2419;1643950
Immundisolibacteraceae,1934946,37,0.01,135,0.01,cellular organisms;Bacteria;Pseudomonadati;Pseudomonadota;Gammaproteobacteria;Immundisolibacterales;Immundisolibacteraceae,cellular root;domain;kingdom;phylum;class;order;family,131567;2;3379134;1224;1236;1934945;1934946
Thermoplasmataceae,46659,37,0.01,86,0.01,cellular organisms;Archaea;Methanobacteriati;Thermoplasmatota;Thermoplasmata;Thermoplasmatales;Thermoplasmataceae,cellular root;domain;kingdom;phylum;class;order;family,131567;2157;3366610;2283796;183967;2301;46659
Desulfarculaceae,453228,36,0.01,83,0.01,cellular organisms;Bacteria;Pseudomonadati;Thermodesulfobacteriota;Desulfarculia;Desulfarculales;Desulfarculaceae,cellular root;domain;kingdom;phylum;class;order;family,131567;2;3379134;200940;3031646;453227;453228
Archangiaceae,39,36,0.01,318,0.03,cellular organisms;Bacteria;Pseudomonadati;Myxococcota;Myxococcia;Myxococcales;Cystobacterineae;Archangiaceae,cellular root;domain;kingdom;phylum;class;order;suborder;family,131567;2;3379134;2818505;32015;29;80811;39
Cellulosilyticaceae,3018741,36,0.01,77,0.01,cellular organisms;Bacteria;Bacillati;Bacillota;Clostridia;Lachnospirales;Cellulosilyticaceae,cellular root;domain;kingdom;phylum;class;order;family,131567;2;1783272;1239;186801;3085636;3018741
Actinomycetales.U.family,2037,36,0.01,224,0.02,cellular organisms;Bacteria;Bacillati;Actinomycetota;Actinomycetes;Actinomycetales;Actinomycetales.U.family,cellular root;domain;kingdom;phylum;class;order;original_name,131567;2;1783272;201174;1760;2037;2037
Bogoriellaceae,145358,36,0.01,86,0.01,cellular organisms;Bacteria;Bacillati;Actinomycetota;Actinomycetes;Allobogoriellales;Allobogoriellaceae,cellular root;domain;kingdom;phylum;class;order;family,131567;2;1783272;201174;1760;3467296;145358
Kordiimonadales.U.family,362534,35,0.01,205,0.02,cellular organisms;Bacteria;Pseudomonadati;Pseudomonadota;Alphaproteobacteria;Kordiimonadales;Kordiimonadales.U.family,cellular root;domain;kingdom;phylum;class;order;original_name,131567;2;3379134;1224;28211;362534;362534
Thermoleophilia.U.family,1497346,35,0.01,185,0.02,cellular organisms;Bacteria;Bacillati;Actinomycetota;Thermoleophilia;Thermoleophilia.U.family,cellular root;domain;kingdom;phylum;class;original_name,131567;2;1783272;201174;1497346;1497346
Sporolactobacillaceae,186821,35,0.01,182,0.02,cellular organisms;Bacteria;Bacillati;Bacillota;Bacilli;Bacillales;Sporolactobacillaceae,cellular root;domain;kingdom;phylum;class;order;family,131567;2;1783272;1239;91061;1385;186821
Halobacteriovoraceae,1652132,35,0.01,108,0.01,cellular organisms;Bacteria;Pseudomonadati;Bdellovibrionota;Bacteriovoracia;Bacteriovoracales;Halobacteriovoraceae,cellular root;domain;kingdom;phylum;class;order;family,131567;2;3379134;3018035;3031419;2024979;1652132
Thermoanaerobacterales.U.family,68295,34,0.01,126,0.01,cellular organisms;Bacteria;Bacillati;Bacillota;Clostridia;Thermoanaerobacterales;Thermoanaerobacterales.U.family,cellular root;domain;kingdom;phylum;class;order;original_name,131567;2;1783272;1239;186801;68295;68295
Pleomorphomonadaceae,2843308,34,0.01,117,0.01,cellular organisms;Bacteria;Pseudomonadati;Pseudomonadota;Alphaproteobacteria;Hyphomicrobiales;Pleomorphomonadaceae,cellular root;domain;kingdom;phylum;class;order;family,131567;2;3379134;1224;28211;356;2843308
Kosmotogaceae,1643948,34,0.01,312,0.03,cellular organisms;Bacteria;Thermotogati;Thermotogota;Thermotogae;Kosmotogales;Kosmotogaceae,cellular root;domain;kingdom;phylum;class;order;family,131567;2;3384194;200918;188708;1643946;1643948
Haloplasmataceae,471823,34,0.01,70,0.01,cellular organisms;Bacteria;Bacillati;Mycoplasmatota;Mollicutes;Haloplasmatales;Haloplasmataceae,cellular root;domain;kingdom;phylum;class;order;family,131567;2;1783272;544448;31969;471822;471823
Hapalosiphonaceae,1892263,34,0.01,125,0.01,cellular organisms;Bacteria;Bacillati;Cyanobacteriota/Melainabacteria group;Cyanobacteriota;Cyanophyceae;Nostocales;Hapalosiphonaceae,cellular root;domain;kingdom;clade;phylum;class;order;family,131567;2;1783272;1798711;1117;3028117;1161;1892263
Chroococcaceae,1890464,33,0.01,133,0.01,cellular organisms;Bacteria;Bacillati;Cyanobacteriota/Melainabacteria group;Cyanobacteriota;Cyanophyceae;Oscillatoriophycideae;Chroococcales;Chroococcaceae,cellular root;domain;kingdom;clade;phylum;class;subclass;order;family,131567;2;1783272;1798711;1117;3028117;1301283;1118;1890464
Cohaesibacteraceae,655351,33,0.01,133,0.01,cellular organisms;Bacteria;Pseudomonadati;Pseudomonadota;Alphaproteobacteria;Hyphomicrobiales;Cohaesibacteraceae,cellular root;domain;kingdom;phylum;class;order;family,131567;2;3379134;1224;28211;356;655351
Kribbellaceae,2726069,33,0.01,294,0.02,cellular organisms;Bacteria;Bacillati;Actinomycetota;Actinomycetes;Propionibacteriales;Kribbellaceae,cellular root;domain;kingdom;phylum;class;order;family,131567;2;1783272;201174;1760;85009;2726069
Prochlorotrichaceae,2303730,33,0.01,207,0.02,cellular organisms;Bacteria;Bacillati;Cyanobacteriota/Melainabacteria group;Cyanobacteriota;Cyanophyceae;Prochlorotrichales;Prochlorotrichaceae,cellular root;domain;kingdom;clade;phylum;class;order;family,131567;2;1783272;1798711;1117;3028117;3079745;2303730
Geothermobacteraceae,3031664,32,0.01,119,0.01,cellular organisms;Bacteria;Pseudomonadati;Thermodesulfobacteriota;Desulfuromonadia;Desulfuromonadales;Geothermobacteraceae,cellular root;domain;kingdom;phylum;class;order;family,131567;2;3379134;200940;3031651;69541;3031664
Tepidanaerobacteraceae,2770092,32,0.01,108,0.01,cellular organisms;Bacteria;Bacillati;Bacillota;Clostridia;Thermosediminibacterales;Tepidanaerobacteraceae,cellular root;domain;kingdom;phylum;class;order;family,131567;2;1783272;1239;186801;2770089;2770092
Desulfobacteriaceae,3023783,32,0.01,134,0.01,cellular organisms;Bacteria;Pseudomonadati;Thermodesulfobacteriota;Desulfobacteria;Desulfobacterales;Desulfobacteriaceae,cellular root;domain;kingdom;phylum;class;order;family,131567;2;3379134;200940;3024418;213118;3023783
Brachyspirales.U.family,1643686,32,0.01,77,0.01,cellular organisms;Bacteria;Pseudomonadati;Spirochaetota;Spirochaetia;Brachyspirales;Brachyspirales.U.family,cellular root;domain;kingdom;phylum;class;order;original_name,131567;2;3379134;203691;203692;1643686;1643686
Halococcaceae,1963270,32,0.01,105,0.01,cellular organisms;Archaea;Methanobacteriati;Methanobacteriota;Stenosarchaea group;Halobacteria;Halobacteriales;Halococcaceae,cellular root;domain;kingdom;phylum;clade;class;order;family,131567;2157;3366610;28890;2290931;183963;2235;1963270
Geminocystaceae,2815910,31,0.01,81,0.01,cellular organisms;Bacteria;Bacillati;Cyanobacteriota/Melainabacteria group;Cyanobacteriota;Cyanophyceae;Oscillatoriophycideae;Chroococcales;Geminocystaceae,cellular root;domain;kingdom;clade;phylum;class;subclass;order;family,131567;2;1783272;1798711;1117;3028117;1301283;1118;2815910
Fastidiosibacteraceae,2056687,31,0.01,81,0.01,cellular organisms;Bacteria;Pseudomonadati;Pseudomonadota;Gammaproteobacteria;Thiotrichales;Fastidiosibacteraceae,cellular root;domain;kingdom;phylum;class;order;family,131567;2;3379134;1224;1236;72273;2056687
Listeriaceae,186820,31,0.01,1399,0.12,cellular organisms;Bacteria;Bacillati;Bacillota;Bacilli;Bacillales;Listeriaceae,cellular root;domain;kingdom;phylum;class;order;family,131567;2;1783272;1239;91061;1385;186820
Orbaceae,1240483,31,0.01,108,0.01,cellular organisms;Bacteria;Pseudomonadati;Pseudomonadota;Gammaproteobacteria;Orbales;Orbaceae,cellular root;domain;kingdom;phylum;class;order;family,131567;2;3379134;1224;1236;1240482;1240483
Ferroplasmaceae,90142,31,0.01,78,0.01,cellular organisms;Archaea;Methanobacteriati;Thermoplasmatota;Thermoplasmata;Thermoplasmatales;Ferroplasmaceae,cellular root;domain;kingdom;phylum;class;order;family,131567;2157;3366610;2283796;183967;2301;90142
Desulfurococcales.U.family,114380,30,0.01,77,0.01,cellular organisms;Archaea;Thermoproteati;Thermoproteota;Thermoprotei;Desulfurococcales;Desulfurococcales.U.family,cellular root;domain;kingdom;phylum;class;order;original_name,131567;2157;1783275;28889;183924;114380;114380
Archaea.U.family,2157,30,0.01,87,0.01,cellular organisms;Archaea;Archaea.U.family,cellular root;domain;original_name,131567;2157;2157
Methanomicrobiales.U.family,2191,30,0.01,676,0.06,cellular organisms;Archaea;Methanobacteriati;Methanobacteriota;Stenosarchaea group;Methanomicrobia;Methanomicrobiales;Methanomicrobiales.U.family,cellular root;domain;kingdom;phylum;clade;class;order;original_name,131567;2157;3366610;28890;2290931;224756;2191;2191
Heliobacteriaceae,31984,30,0.01,65,0.01,cellular organisms;Bacteria;Bacillati;Bacillota;Clostridia;Eubacteriales;Heliobacteriaceae,cellular root;domain;kingdom;phylum;class;order;family,131567;2;1783272;1239;186801;186802;31984
Lactobacillales.U.family,186826,30,0.01,69,0.01,cellular organisms;Bacteria;Bacillati;Bacillota;Bacilli;Lactobacillales;Lactobacillales.U.family,cellular root;domain;kingdom;phylum;class;order;original_name,131567;2;1783272;1239;91061;186826;186826
Vulgatibacteraceae,1524213,30,0.01,85,0.01,cellular organisms;Bacteria;Pseudomonadati;Myxococcota;Myxococcia;Myxococcales;Cystobacterineae;Vulgatibacteraceae,cellular root;domain;kingdom;phylum;class;order;suborder;family,131567;2;3379134;2818505;32015;29;80811;1524213
Ferritrophicaceae,713635,30,0.01,103,0.01,cellular organisms;Bacteria;Pseudomonadati;Pseudomonadota;Betaproteobacteria;Ferritrophicales;Ferritrophicaceae,cellular root;domain;kingdom;phylum;class;order;family,131567;2;3379134;1224;28216;713634;713635
Sanguibacteraceae,145360,30,0.01,133,0.01,cellular organisms;Bacteria;Bacillati;Actinomycetota;Actinomycetes;Micrococcales;Sanguibacteraceae,cellular root;domain;kingdom;phylum;class;order;family,131567;2;1783272;201174;1760;85006;145360
Frankiaceae,74712,30,0.01,112,0.01,cellular organisms;Bacteria;Bacillati;Actinomycetota;Actinomycetes;Frankiales;Frankiaceae,cellular root;domain;kingdom;phylum;class;order;family,131567;2;1783272;201174;1760;85013;74712
Oleiphilaceae,191033,29,0.01,85,0.01,cellular organisms;Bacteria;Pseudomonadati;Pseudomonadota;Gammaproteobacteria;Oceanospirillales;Oleiphilaceae,cellular root;domain;kingdom;phylum;class;order;family,131567;2;3379134;1224;1236;135619;191033
Ferrovaceae,1442156,29,0.01,155,0.01,cellular organisms;Bacteria;Pseudomonadati;Pseudomonadota;Betaproteobacteria;Ferrovales;Ferrovaceae,cellular root;domain;kingdom;phylum;class;order;family,131567;2;3379134;1224;28216;1442155;1442156
Elusimicrobiaceae,641876,28,0.01,92,0.01,cellular organisms;Bacteria;Pseudomonadati;Elusimicrobiota;Elusimicrobia;Elusimicrobiales;Elusimicrobiaceae,cellular root;domain;kingdom;phylum;class;order;family,131567;2;3379134;74152;641853;641854;641876
Nitratiruptoraceae,2795691,28,0.01,46,0.0,cellular organisms;Bacteria;Pseudomonadati;Campylobacterota;Epsilonproteobacteria;Nautiliales;Nitratiruptoraceae,cellular root;domain;kingdom;phylum;class;order;family,131567;2;3379134;29547;3031852;235899;2795691
Natranaerobiaceae,485255,28,0.01,106,0.01,cellular organisms;Bacteria;Bacillati;Bacillota;Clostridia;Natranaerobiales;Natranaerobiaceae,cellular root;domain;kingdom;phylum;class;order;family,131567;2;1783272;1239;186801;485256;485255
Fervidicoccaceae,685949,27,0.01,75,0.01,cellular organisms;Archaea;Thermoproteati;Thermoproteota;Thermoprotei;Fervidicoccales;Fervidicoccaceae,cellular root;domain;kingdom;phylum;class;order;family,131567;2157;1783275;28889;183924;685948;685949
Thermotogaceae,188709,27,0.01,281,0.02,cellular organisms;Bacteria;Thermotogati;Thermotogota;Thermotogae;Thermotogales;Thermotogaceae,cellular root;domain;kingdom;phylum;class;order;family,131567;2;3384194;200918;188708;2419;188709
Dethiosulfovibrionaceae,3029088,27,0.01,93,0.01,cellular organisms;Bacteria;Thermotogati;Synergistota;Synergistia;Synergistales;Dethiosulfovibrionaceae,cellular root;domain;kingdom;phylum;class;order;family,131567;2;3384194;508458;649775;649776;3029088
Desulfurellaceae,117942,27,0.01,103,0.01,cellular organisms;Bacteria;Pseudomonadati;Campylobacterota;Desulfurellia;Desulfurellales;Desulfurellaceae,cellular root;domain;kingdom;phylum;class;order;family,131567;2;3379134;29547;3031853;213113;117942
Desulfurobacteriaceae,558314,27,0.01,99,0.01,cellular organisms;Bacteria;Pseudomonadati;Aquificota;Aquificia;Desulfurobacteriales;Desulfurobacteriaceae,cellular root;domain;kingdom;phylum;class;order;family,131567;2;3379134;200783;187857;1485951;558314
Granulosicoccaceae,449719,27,0.01,102,0.01,cellular organisms;Bacteria;Pseudomonadati;Pseudomonadota;Gammaproteobacteria;Chromatiales;Granulosicoccaceae,cellular root;domain;kingdom;phylum;class;order;family,131567;2;3379134;1224;1236;135613;449719
Limnochordales.U.family,1676649,27,0.01,47,0.0,cellular organisms;Bacteria;Bacillati;Bacillota;Limnochordia;Limnochordales;Limnochordales.U.family,cellular root;domain;kingdom;phylum;class;order;original_name,131567;2;1783272;1239;1676648;1676649;1676649
Desulfatirhabdiaceae,3031625,26,0.01,244,0.02,cellular organisms;Bacteria;Pseudomonadati;Thermodesulfobacteriota;Desulfobacteria;Desulfobacterales;Desulfatirhabdiaceae,cellular root;domain;kingdom;phylum;class;order;family,131567;2;3379134;200940;3024418;213118;3031625
Psychromonadaceae,267894,25,0.01,220,0.02,cellular organisms;Bacteria;Pseudomonadati;Pseudomonadota;Gammaproteobacteria;Alteromonadales;Psychromonadaceae,cellular root;domain;kingdom;phylum;class;order;family,131567;2;3379134;1224;1236;135622;267894
Demequinaceae,1042322,25,0.01,192,0.02,cellular organisms;Bacteria;Bacillati;Actinomycetota;Actinomycetes;Micrococcales;Demequinaceae,cellular root;domain;kingdom;phylum;class;order;family,131567;2;1783272;201174;1760;85006;1042322
Xenococcaceae,1890499,25,0.01,74,0.01,cellular organisms;Bacteria;Bacillati;Cyanobacteriota/Melainabacteria group;Cyanobacteriota;Cyanophyceae;Pleurocapsales;Xenococcaceae,cellular root;domain;kingdom;clade;phylum;class;order;family,131567;2;1783272;1798711;1117;3028117;52604;1890499
Microbulbiferaceae,1706373,25,0.01,135,0.01,cellular organisms;Bacteria;Pseudomonadati;Pseudomonadota;Gammaproteobacteria;Cellvibrionales;Microbulbiferaceae,cellular root;domain;kingdom;phylum;class;order;family,131567;2;3379134;1224;1236;1706369;1706373
Ichthyobacteriaceae,1755828,25,0.01,43,0.0,cellular organisms;Bacteria;Pseudomonadati;FCB group;Bacteroidota/Chlorobiota group;Bacteroidota;Flavobacteriia;Flavobacteriales;Ichthyobacteriaceae,cellular root;domain;kingdom;clade;clade;phylum;class;order;family,131567;2;3379134;1783270;68336;976;117743;200644;1755828
Thalassobaculaceae,2844864,25,0.01,108,0.01,cellular organisms;Bacteria;Pseudomonadati;Pseudomonadota;Alphaproteobacteria;Rhodospirillales;Thalassobaculaceae,cellular root;domain;kingdom;phylum;class;order;family,131567;2;3379134;1224;28211;204441;2844864
Stellaceae,2844601,25,0.01,143,0.01,cellular organisms;Bacteria;Pseudomonadati;Pseudomonadota;Alphaproteobacteria;Rhodospirillales;Allostellaceae,cellular root;domain;kingdom;phylum;class;order;family,131567;2;3379134;1224;28211;204441;2844601
Methanocorpusculaceae,88404,25,0.01,149,0.01,cellular organisms;Archaea;Methanobacteriati;Methanobacteriota;Stenosarchaea group;Methanomicrobia;Methanomicrobiales;Methanocorpusculaceae,cellular root;domain;kingdom;phylum;clade;class;order;family,131567;2157;3366610;28890;2290931;224756;2191;88404
Brachyspiraceae,143786,24,0.01,90,0.01,cellular organisms;Bacteria;Pseudomonadati;Spirochaetota;Spirochaetia;Brachyspirales;Brachyspiraceae,cellular root;domain;kingdom;phylum;class;order;family,131567;2;3379134;203691;203692;1643686;143786
Methanococcaceae,2183,24,0.01,118,0.01,cellular organisms;Archaea;Methanobacteriati;Methanobacteriota;Methanomada group;Methanococci;Methanococcales;Methanococcaceae,cellular root;domain;kingdom;phylum;clade;class;order;family,131567;2157;3366610;28890;2283794;183939;2182;2183
Salinisphaerales.U.family,742030,24,0.01,45,0.0,cellular organisms;Bacteria;Pseudomonadati;Pseudomonadota;Gammaproteobacteria;Salinisphaerales;Salinisphaerales.U.family,cellular root;domain;kingdom;phylum;class;order;original_name,131567;2;3379134;1224;1236;742030;742030
Jiangellaceae,1217100,24,0.01,66,0.01,cellular organisms;Bacteria;Bacillati;Actinomycetota;Actinomycetes;Jiangellales;Jiangellaceae,cellular root;domain;kingdom;phylum;class;order;family,131567;2;1783272;201174;1760;1217098;1217100
Natronoarchaeaceae,2976354,24,0.01,87,0.01,cellular organisms;Archaea;Methanobacteriati;Methanobacteriota;Stenosarchaea group;Halobacteria;Halobacteriales;Natronoarchaeaceae,cellular root;domain;kingdom;phylum;clade;class;order;family,131567;2157;3366610;28890;2290931;183963;2235;2976354
Borreliaceae,1643685,23,0.01,160,0.01,cellular organisms;Bacteria;Pseudomonadati;Spirochaetota;Spirochaetia;Spirochaetales;Borreliaceae,cellular root;domain;kingdom;phylum;class;order;family,131567;2;3379134;203691;203692;136;1643685
Kangiellaceae,1920240,23,0.01,98,0.01,cellular organisms;Bacteria;Pseudomonadati;Pseudomonadota;Gammaproteobacteria;Kangiellales;Kangiellaceae,cellular root;domain;kingdom;phylum;class;order;family,131567;2;3379134;1224;1236;2887327;1920240
Thermoguttaceae,2691358,23,0.01,142,0.01,cellular organisms;Bacteria;Pseudomonadati;PVC group;Planctomycetota;Planctomycetia;Pirellulales;Thermoguttaceae,cellular root;domain;kingdom;clade;phylum;class;order;family,131567;2;3379134;1783257;203682;203683;2691354;2691358
Sporanaerobacteraceae,2992718,23,0.01,58,0.0,cellular organisms;Bacteria;Bacillati;Bacillota;Tissierellia;Tissierellales;Sporanaerobacteraceae,cellular root;domain;kingdom;phylum;class;order;family,131567;2;1783272;1239;1737404;1737405;2992718
Flexibacteraceae,2762284,23,0.01,75,0.01,cellular organisms;Bacteria;Pseudomonadati;FCB group;Bacteroidota/Chlorobiota group;Bacteroidota;Cytophagia;Cytophagales;Flexibacteraceae,cellular root;domain;kingdom;clade;clade;phylum;class;order;family,131567;2;3379134;1783270;68336;976;768503;768507;2762284
Armatimonadaceae,1042314,23,0.01,511,0.04,cellular organisms;Bacteria;Bacillati;Armatimonadota;Armatimonadia;Armatimonadales;Armatimonadaceae,cellular root;domain;kingdom;phylum;class;order;family,131567;2;1783272;67819;1042312;1042313;1042314
Chitinivibrionaceae,1505234,22,0.01,69,0.01,cellular organisms;Bacteria;Pseudomonadati;FCB group;Fibrobacterota;Chitinivibrionia;Chitinivibrionales;Chitinivibrionaceae,cellular root;domain;kingdom;clade;phylum;class;order;family,131567;2;3379134;1783270;65842;296141;1505233;1505234
Methanocalculaceae,1460864,22,0.01,73,0.01,cellular organisms;Archaea;Methanobacteriati;Methanobacteriota;Stenosarchaea group;Methanomicrobia;Methanomicrobiales;Methanocalculaceae,cellular root;domain;kingdom;phylum;clade;class;order;family,131567;2157;3366610;28890;2290931;224756;2191;1460864
Hydrogenimonaceae,40117,22,0.01,70,0.01,cellular organisms;Bacteria;Pseudomonadati;Nitrospirota;Hydrogenimonaceae,cellular root;domain;kingdom;phylum;family,131567;2;3379134;40117;NA
Gemmatimonadetes.U.family,219685,22,0.01,184,0.02,cellular organisms;Bacteria;Pseudomonadati;FCB group;Gemmatimonadota;Gemmatimonadia;Gemmatimonadetes.U.family,cellular root;domain;kingdom;clade;phylum;class;original_name,131567;2;3379134;1783270;142182;219685;219685
Ornithinimicrobiaceae,2805590,22,0.01,74,0.01,cellular organisms;Bacteria;Bacillati;Actinomycetota;Actinomycetes;Micrococcales;Ornithinimicrobiaceae,cellular root;domain;kingdom;phylum;class;order;family,131567;2;1783272;201174;1760;85006;2805590
Catalimonadaceae,1522127,22,0.01,50,0.0,cellular organisms;Bacteria;Pseudomonadati;FCB group;Bacteroidota/Chlorobiota group;Bacteroidota;Cytophagia;Cytophagales;Catalimonadaceae,cellular root;domain;kingdom;clade;clade;phylum;class;order;family,131567;2;3379134;1783270;68336;976;768503;768507;1522127
Micrococcales.U.family,85006,22,0.01,56,0.0,cellular organisms;Bacteria;Bacillati;Actinomycetota;Actinomycetes;Micrococcales;Micrococcales.U.family,cellular root;domain;kingdom;phylum;class;order;original_name,131567;2;1783272;201174;1760;85006;85006
Pyrodictiaceae,2307,21,0.01,63,0.01,cellular organisms;Archaea;Thermoproteati;Thermoproteota;Thermoprotei;Desulfurococcales;Pyrodictiaceae,cellular root;domain;kingdom;phylum;class;order;family,131567;2157;1783275;28889;183924;114380;2307
Spirochaetales.U.family,136,21,0.01,165,0.01,cellular organisms;Bacteria;Pseudomonadati;Spirochaetota;Spirochaetia;Spirochaetales;Spirochaetales.U.family,cellular root;domain;kingdom;phylum;class;order;original_name,131567;2;3379134;203691;203692;136;136
Syntrophotaleaceae,2812024,21,0.01,64,0.01,cellular organisms;Bacteria;Pseudomonadati;Thermodesulfobacteriota;Desulfuromonadia;Desulfuromonadales;Syntrophotaleaceae,cellular root;domain;kingdom;phylum;class;order;family,131567;2;3379134;200940;3031651;69541;2812024
Acetomicrobiaceae,3029086,21,0.01,128,0.01,cellular organisms;Bacteria;Thermotogati;Synergistota;Synergistia;Synergistales;Acetomicrobiaceae,cellular root;domain;kingdom;phylum;class;order;family,131567;2;3384194;508458;649775;649776;3029086
Lacipirellulaceae,2691359,21,0.01,31,0.0,cellular organisms;Bacteria;Pseudomonadati;PVC group;Planctomycetota;Planctomycetia;Pirellulales;Lacipirellulaceae,cellular root;domain;kingdom;clade;phylum;class;order;family,131567;2;3379134;1783257;203682;203683;2691354;2691359
Moritellaceae,267891,21,0.01,117,0.01,cellular organisms;Bacteria;Pseudomonadati;Pseudomonadota;Gammaproteobacteria;Alteromonadales;Moritellaceae,cellular root;domain;kingdom;phylum;class;order;family,131567;2;3379134;1224;1236;135622;267891
Mucispirillaceae,2945020,21,0.01,40,0.0,cellular organisms;Bacteria;Pseudomonadati;Deferribacterota;Deferribacteres;Deferribacterales;Mucispirillaceae,cellular root;domain;kingdom;phylum;class;order;family,131567;2;3379134;200930;68337;191393;2945020
Dehalococcoidaceae,1202464,21,0.01,97,0.01,cellular organisms;Bacteria;Bacillati;Chloroflexota;Dehalococcoidia;Dehalococcoidales;Dehalococcoidaceae,cellular root;domain;kingdom;phylum;class;order;family,131567;2;1783272;200795;301297;1202465;1202464
Acidilobaceae,871007,21,0.01,131,0.01,cellular organisms;Archaea;Thermoproteati;Thermoproteota;Thermoprotei;Acidilobales;Acidilobaceae,cellular root;domain;kingdom;phylum;class;order;family,131567;2157;1783275;28889;183924;871006;871007
Thermotomaculaceae,2562244,20,0.01,72,0.01,cellular organisms;Bacteria;Pseudomonadati;Acidobacteriota;Holophagae;Thermotomaculales;Thermotomaculaceae,cellular root;domain;kingdom;phylum;class;order;family,131567;2;3379134;57723;533205;2562243;2562244
Hahellaceae,224379,20,0.01,60,0.01,cellular organisms;Bacteria;Pseudomonadati;Pseudomonadota;Gammaproteobacteria;Oceanospirillales;Hahellaceae,cellular root;domain;kingdom;phylum;class;order;family,131567;2;3379134;1224;1236;135619;224379
Ferrimonadaceae,267892,20,0.01,49,0.0,cellular organisms;Bacteria;Pseudomonadati;Pseudomonadota;Gammaproteobacteria;Alteromonadales;Ferrimonadaceae,cellular root;domain;kingdom;phylum;class;order;family,131567;2;3379134;1224;1236;135622;267892
Dermacoccaceae,145357,20,0.01,82,0.01,cellular organisms;Bacteria;Bacillati;Actinomycetota;Actinomycetes;Micrococcales;Dermacoccaceae,cellular root;domain;kingdom;phylum;class;order;family,131567;2;1783272;201174;1760;85006;145357
Mollicutes.U.family,31969,20,0.01,103,0.01,cellular organisms;Bacteria;Bacillati;Mycoplasmatota;Mollicutes;Mollicutes.U.family,cellular root;domain;kingdom;phylum;class;original_name,131567;2;1783272;544448;31969;31969
Marivirgaceae,2762301,20,0.01,137,0.01,cellular organisms;Bacteria;Pseudomonadati;FCB group;Bacteroidota/Chlorobiota group;Bacteroidota;Cytophagia;Cytophagales;Marivirgaceae,cellular root;domain;kingdom;clade;clade;phylum;class;order;family,131567;2;3379134;1783270;68336;976;768503;768507;2762301
Herpetosiphonaceae,189773,20,0.01,114,0.01,cellular organisms;Bacteria;Bacillati;Chloroflexota;Chloroflexia;Herpetosiphonales;Herpetosiphonaceae,cellular root;domain;kingdom;phylum;class;order;family,131567;2;1783272;200795;32061;189772;189773
Pasteuriaceae,538998,19,0.01,34,0.0,cellular organisms;Bacteria;Bacillati;Bacillota;Bacilli;Bacillales;Pasteuriaceae,cellular root;domain;kingdom;phylum;class;order;family,131567;2;1783272;1239;91061;1385;538998
Tepidamorphaceae,2844863,19,0.01,28,0.0,cellular organisms;Bacteria;Pseudomonadati;Pseudomonadota;Alphaproteobacteria;Hyphomicrobiales;Tepidamorphaceae,cellular root;domain;kingdom;phylum;class;order;family,131567;2;3379134;1224;28211;356;2844863
Geoalkalibacteraceae,3031665,18,0.01,66,0.01,cellular organisms;Bacteria;Pseudomonadati;Thermodesulfobacteriota;Desulfuromonadia;Desulfuromonadales;Geoalkalibacteraceae,cellular root;domain;kingdom;phylum;class;order;family,131567;2;3379134;200940;3031651;69541;3031665
Bernardetiaceae,1937968,18,0.01,131,0.01,cellular organisms;Bacteria;Pseudomonadati;FCB group;Bacteroidota/Chlorobiota group;Bacteroidota;Cytophagia;Cytophagales;Bernardetiaceae,cellular root;domain;kingdom;clade;clade;phylum;class;order;family,131567;2;3379134;1783270;68336;976;768503;768507;1937968
Rivulariaceae,1185,18,0.01,44,0.0,cellular organisms;Bacteria;Bacillati;Cyanobacteriota/Melainabacteria group;Cyanobacteriota;Cyanophyceae;Nostocales;Rivulariaceae,cellular root;domain;kingdom;clade;phylum;class;order;family,131567;2;1783272;1798711;1117;3028117;1161;1185
Synechococcales.U.family,1890424,18,0.01,96,0.01,cellular organisms;Bacteria;Bacillati;Cyanobacteriota/Melainabacteria group;Cyanobacteriota;Cyanophyceae;Synechococcales;Synechococcales.U.family,cellular root;domain;kingdom;clade;phylum;class;order;original_name,131567;2;1783272;1798711;1117;3028117;1890424;1890424
Desulfolunaceae,3031622,18,0.01,82,0.01,cellular organisms;Bacteria;Pseudomonadati;Thermodesulfobacteriota;Desulfobacteria;Desulfobacterales;Desulfolunaceae,cellular root;domain;kingdom;phylum;class;order;family,131567;2;3379134;200940;3024418;213118;3031622
Methylothermaceae,1486721,18,0.01,39,0.0,cellular organisms;Bacteria;Pseudomonadati;Pseudomonadota;Gammaproteobacteria;Methylococcales;Methylothermaceae,cellular root;domain;kingdom;phylum;class;order;family,131567;2;3379134;1224;1236;135618;1486721
Aphanothecaceae,1890450,18,0.01,156,0.01,cellular organisms;Bacteria;Bacillati;Cyanobacteriota/Melainabacteria group;Cyanobacteriota;Cyanophyceae;Oscillatoriophycideae;Chroococcales;Aphanothecaceae,cellular root;domain;kingdom;clade;phylum;class;subclass;order;family,131567;2;1783272;1798711;1117;3028117;1301283;1118;1890450
Oscillochloridaceae,104174,18,0.01,29,0.0,cellular organisms;Bacteria;Bacillati;Chloroflexota;Chloroflexia;Chloroflexales;Chloroflexineae;Oscillochloridaceae,cellular root;domain;kingdom;phylum;class;order;suborder;family,131567;2;1783272;200795;32061;32064;1508594;104174
Pleioneaceae,2823145,17,0.01,46,0.0,cellular organisms;Bacteria;Pseudomonadati;Pseudomonadota;Gammaproteobacteria;Oceanospirillales;Pleioneaceae,cellular root;domain;kingdom;phylum;class;order;family,131567;2;3379134;1224;1236;135619;2823145
Nanoarchaeaceae,1890941,17,0.01,55,0.0,cellular organisms;Archaea;Nanobdellati;Nanobdellota;Candidatus Nanoarchaeia;Nanoarchaeales;Nanoarchaeaceae,cellular root;domain;kingdom;phylum;class;order;family,131567;2157;1783276;192989;2885752;1890940;1890941
Entomoplasmataceae,33925,16,0.01,67,0.01,cellular organisms;Bacteria;Bacillati;Mycoplasmatota;Mollicutes;Entomoplasmatales;Entomoplasmataceae,cellular root;domain;kingdom;phylum;class;order;family,131567;2;1783272;544448;31969;186328;33925
Spirulinaceae,1890448,16,0.01,48,0.0,cellular organisms;Bacteria;Bacillati;Cyanobacteriota/Melainabacteria group;Cyanobacteriota;Cyanophyceae;Spirulinales;Spirulinaceae,cellular root;domain;kingdom;clade;phylum;class;order;family,131567;2;1783272;1798711;1117;3028117;1890443;1890448
Enterobacterales.U.family,91347,16,0.01,25,0.0,cellular organisms;Bacteria;Pseudomonadati;Pseudomonadota;Gammaproteobacteria;Enterobacterales;Enterobacterales.U.family,cellular root;domain;kingdom;phylum;class;order;original_name,131567;2;3379134;1224;1236;91347;91347
Desulfosalsimonadaceae,2904714,16,0.01,42,0.0,cellular organisms;Bacteria;Pseudomonadati;Thermodesulfobacteriota;Desulfobacteria;Desulfobacterales;Desulfosalsimonadaceae,cellular root;domain;kingdom;phylum;class;order;family,131567;2;3379134;200940;3024418;213118;2904714
Wenzhouxiangellaceae,1676141,16,0.01,61,0.01,cellular organisms;Bacteria;Pseudomonadati;Pseudomonadota;Gammaproteobacteria;Chromatiales;Wenzhouxiangellaceae,cellular root;domain;kingdom;phylum;class;order;family,131567;2;3379134;1224;1236;135613;1676141
Desulfonatronaceae,224380,15,0.01,74,0.01,cellular organisms;Bacteria;Pseudomonadati;Thermodesulfobacteriota;Desulfovibrionia;Desulfovibrionales;Desulfonatronaceae,cellular root;domain;kingdom;phylum;class;order;family,131567;2;3379134;200940;3031449;213115;224380
Dermocarpellaceae,1890498,15,0.01,63,0.01,cellular organisms;Bacteria;Bacillati;Cyanobacteriota/Melainabacteria group;Cyanobacteriota;Cyanophyceae;Pleurocapsales;Dermocarpellaceae,cellular root;domain;kingdom;clade;phylum;class;order;family,131567;2;1783272;1798711;1117;3028117;52604;1890498
Bartonellaceae,772,15,0.01,196,0.02,cellular organisms;Bacteria;Pseudomonadati;Pseudomonadota;Alphaproteobacteria;Hyphomicrobiales;Bartonellaceae,cellular root;domain;kingdom;phylum;class;order;family,131567;2;3379134;1224;28211;356;772
Xanthomonadales.U.family,135614,15,0.01,80,0.01,cellular organisms;Bacteria;Pseudomonadati;Pseudomonadota;Gammaproteobacteria;Lysobacterales;Xanthomonadales.U.family,cellular root;domain;kingdom;phylum;class;order;original_name,131567;2;3379134;1224;1236;135614;135614
Raineyaceae,2071613,15,0.01,72,0.01,cellular organisms;Bacteria;Pseudomonadati;FCB group;Bacteroidota/Chlorobiota group;Bacteroidota;Cytophagia;Cytophagales;Raineyaceae,cellular root;domain;kingdom;clade;clade;phylum;class;order;family,131567;2;3379134;1783270;68336;976;768503;768507;2071613
Roseivirgaceae,2762306,15,0.01,90,0.01,cellular organisms;Bacteria;Pseudomonadati;FCB group;Bacteroidota/Chlorobiota group;Bacteroidota;Cytophagia;Cytophagales;Roseivirgaceae,cellular root;domain;kingdom;clade;clade;phylum;class;order;family,131567;2;3379134;1783270;68336;976;768503;768507;2762306
Chelatococcaceae,2036754,15,0.01,84,0.01,cellular organisms;Bacteria;Pseudomonadati;Pseudomonadota;Alphaproteobacteria;Hyphomicrobiales;Chelatococcaceae,cellular root;domain;kingdom;phylum;class;order;family,131567;2;3379134;1224;28211;356;2036754
Amorphaceae,2685818,15,0.01,42,0.0,cellular organisms;Bacteria;Pseudomonadati;Pseudomonadota;Alphaproteobacteria;Hyphomicrobiales;Amorphaceae,cellular root;domain;kingdom;phylum;class;order;family,131567;2;3379134;1224;28211;356;2685818
Thermoplasmatales.U.family,2301,14,0.01,57,0.0,cellular organisms;Archaea;Methanobacteriati;Thermoplasmatota;Thermoplasmata;Thermoplasmatales;Thermoplasmatales.U.family,cellular root;domain;kingdom;phylum;class;order;original_name,131567;2157;3366610;2283796;183967;2301;2301
MD2896-B216.U.family,NA,14,0.01,32,0.0,MD2896-B216.U.family,original_name,NA
Desulfallaceae,2867375,14,0.01,35,0.0,cellular organisms;Bacteria;Bacillati;Bacillota;Clostridia;Eubacteriales;Desulfallaceae,cellular root;domain;kingdom;phylum;class;order;family,131567;2;1783272;1239;186801;186802;2867375
Cenarchaeaceae,205957,14,0.01,78,0.01,cellular organisms;Archaea;Thermoproteati;Nitrososphaerota;Candidatus Cenarchaeales;Candidatus Cenarchaeaceae,cellular root;domain;kingdom;phylum;order;family,131567;2157;1783275;651137;205948;205957
Euryarchaeota.U.family,28890,14,0.01,52,0.0,cellular organisms;Archaea;Methanobacteriati;Methanobacteriota;Euryarchaeota.U.family,cellular root;domain;kingdom;phylum;original_name,131567;2157;3366610;28890;28890
Desulfoplanaceae,3031458,13,0.0,36,0.0,cellular organisms;Bacteria;Pseudomonadati;Thermodesulfobacteriota;Desulfovibrionia;Desulfovibrionales;Desulfoplanaceae,cellular root;domain;kingdom;phylum;class;order;family,131567;2;3379134;200940;3031449;213115;3031458
Mesoaciditogaceae,1769717,13,0.0,28,0.0,cellular organisms;Bacteria;Thermotogati;Thermotogota;Thermotogae;Mesoaciditogales;Mesoaciditogaceae,cellular root;domain;kingdom;phylum;class;order;family,131567;2;3384194;200918;188708;1769716;1769717
Geovibrionaceae,2945019,13,0.0,54,0.0,cellular organisms;Bacteria;Pseudomonadati;Deferribacterota;Deferribacteres;Deferribacterales;Geovibrionaceae,cellular root;domain;kingdom;phylum;class;order;family,131567;2;3379134;200930;68337;191393;2945019
Betaproteobacteria.U.family,28216,13,0.0,220,0.02,cellular organisms;Bacteria;Pseudomonadati;Pseudomonadota;Betaproteobacteria;Betaproteobacteria.U.family,cellular root;domain;kingdom;phylum;class;original_name,131567;2;3379134;1224;28216;28216
Alteromonadales.U.family,135622,13,0.0,31,0.0,cellular organisms;Bacteria;Pseudomonadati;Pseudomonadota;Gammaproteobacteria;Alteromonadales;Alteromonadales.U.family,cellular root;domain;kingdom;phylum;class;order;original_name,131567;2;3379134;1224;1236;135622;135622
Proteinivoraceae,1491775,13,0.0,26,0.0,cellular organisms;Bacteria;Bacillati;Bacillota;Clostridia;Eubacteriales;Proteinivoracaceae,cellular root;domain;kingdom;phylum;class;order;family,131567;2;1783272;1239;186801;186802;1491775
Vallitaleaceae,2603322,13,0.0,25,0.0,cellular organisms;Bacteria;Bacillati;Bacillota;Clostridia;Lachnospirales;Vallitaleaceae,cellular root;domain;kingdom;phylum;class;order;family,131567;2;1783272;1239;186801;3085636;2603322
Thermoflexibacteraceae,2762317,13,0.0,64,0.01,cellular organisms;Bacteria;Pseudomonadati;FCB group;Bacteroidota/Chlorobiota group;Bacteroidota;Cytophagia;Cytophagales;Thermoflexibacteraceae,cellular root;domain;kingdom;clade;clade;phylum;class;order;family,131567;2;3379134;1783270;68336;976;768503;768507;2762317
Schizotrichaceae,1890440,13,0.0,20,0.0,cellular organisms;Bacteria;Bacillati;Cyanobacteriota/Melainabacteria group;Cyanobacteriota;Cyanophyceae;Leptolyngbyales;Schizotrichaceae,cellular root;domain;kingdom;clade;phylum;class;order;family,131567;2;1783272;1798711;1117;3028117;3079749;1890440
Thermosporotrichaceae,768649,13,0.0,45,0.0,cellular organisms;Bacteria;Bacillati;Chloroflexota;Ktedonobacteria;Ktedonobacterales;Thermosporotrichaceae,cellular root;domain;kingdom;phylum;class;order;family,131567;2;1783272;200795;388447;388448;768649
Calditerrivibrionaceae,2945021,12,0.0,59,0.0,cellular organisms;Bacteria;Pseudomonadati;Deferribacterota;Deferribacteres;Deferribacterales;Calditerrivibrionaceae,cellular root;domain;kingdom;phylum;class;order;family,131567;2;3379134;200930;68337;191393;2945021
Thermodesulforhabdaceae,3031641,12,0.0,48,0.0,cellular organisms;Bacteria;Pseudomonadati;Thermodesulfobacteriota;Syntrophobacteria;Syntrophobacterales;Thermodesulforhabdaceae,cellular root;domain;kingdom;phylum;class;order;family,131567;2;3379134;200940;3024408;213462;3031641
Desulfonatronovibrionaceae,3031459,12,0.0,30,0.0,cellular organisms;Bacteria;Pseudomonadati;Thermodesulfobacteriota;Desulfovibrionia;Desulfovibrionales;Desulfonatronovibrionaceae,cellular root;domain;kingdom;phylum;class;order;family,131567;2;3379134;200940;3031449;213115;3031459
Thermosediminibacteraceae,2770093,12,0.0,33,0.0,cellular organisms;Bacteria;Bacillati;Bacillota;Clostridia;Thermosediminibacterales;Thermosediminibacteraceae,cellular root;domain;kingdom;phylum;class;order;family,131567;2;1783272;1239;186801;2770089;2770093
Patulibacteraceae,361606,12,0.0,34,0.0,cellular organisms;Bacteria;Bacillati;Actinomycetota;Thermoleophilia;Solirubrobacterales;Patulibacteraceae,cellular root;domain;kingdom;phylum;class;order;family,131567;2;1783272;201174;1497346;588673;361606
Parviterribacteraceae,1759334,12,0.0,73,0.01,cellular organisms;Bacteria;Bacillati;Actinomycetota;Thermoleophilia;Solirubrobacterales;Parviterribacteraceae,cellular root;domain;kingdom;phylum;class;order;family,131567;2;1783272;201174;1497346;588673;1759334
Gottschalkiaceae,2042895,12,0.0,28,0.0,cellular organisms;Bacteria;Bacillati;Bacillota;Tissierellia;Tissierellales;Gottschalkiaceae,cellular root;domain;kingdom;phylum;class;order;family,131567;2;1783272;1239;1737404;1737405;2042895
Methanonatronarchaeaceae,2202724,12,0.0,24,0.0,cellular organisms;Archaea;Methanobacteriati;Methanobacteriota;Methanonatronarchaeia;Methanonatronarchaeales;Methanonatronarchaeaceae,cellular root;domain;kingdom;phylum;class;order;family,131567;2157;3366610;28890;171536;2202723;2202724
Metamycoplasmataceae,2895623,11,0.0,58,0.0,cellular organisms;Bacteria;Bacillati;Mycoplasmatota;Mycoplasmoidales;Metamycoplasmataceae,cellular root;domain;kingdom;phylum;order;family,131567;2;1783272;544448;2790996;2895623
Tolypothrichaceae,119859,11,0.0,83,0.01,cellular organisms;Bacteria;Bacillati;Cyanobacteriota/Melainabacteria group;Cyanobacteriota;Cyanophyceae;Nostocales;Tolypothrichaceae,cellular root;domain;kingdom;clade;phylum;class;order;family,131567;2;1783272;1798711;1117;3028117;1161;119859
Aliterellaceae,2917811,11,0.0,25,0.0,cellular organisms;Bacteria;Bacillati;Cyanobacteriota/Melainabacteria group;Cyanobacteriota;Cyanophyceae;Chroococcidiopsidales;Aliterellaceae,cellular root;domain;kingdom;clade;phylum;class;order;family,131567;2;1783272;1798711;1117;3028117;1890505;2917811
Methanocellales.U.family,570264,11,0.0,39,0.0,cellular organisms;Archaea;Methanobacteriati;Methanobacteriota;Stenosarchaea group;Methanomicrobia;Methanocellales;Methanocellales.U.family,cellular root;domain;kingdom;phylum;clade;class;order;original_name,131567;2157;3366610;28890;2290931;224756;570264;570264
Aquificales.U.family,32069,11,0.0,73,0.01,cellular organisms;Bacteria;Pseudomonadati;Aquificota;Aquificia;Aquificales;Aquificales.U.family,cellular root;domain;kingdom;phylum;class;order;original_name,131567;2;3379134;200783;187857;32069;32069
Pseudobacteriovoracaceae,1769745,11,0.0,48,0.0,cellular organisms;Bacteria;Pseudomonadati;Bdellovibrionota;Oligoflexia;Oligoflexales;Pseudobacteriovoracaceae,cellular root;domain;kingdom;phylum;class;order;family,131567;2;3379134;3018035;1553900;1553901;1769745
Thermomicrobiaceae,189777,11,0.0,130,0.01,cellular organisms;Bacteria;Pseudomonadati;Thermomicrobiota;Thermomicrobia;Thermomicrobiales;Thermomicrobiaceae,cellular root;domain;kingdom;phylum;class;order;family,131567;2;3379134;3027942;189775;189776;189777
Iodidimonadaceae,2066485,11,0.0,95,0.01,cellular organisms;Bacteria;Pseudomonadati;Pseudomonadota;Alphaproteobacteria;Iodidimonadales;Iodidimonadaceae,cellular root;domain;kingdom;phylum;class;order;family,131567;2;3379134;1224;28211;2066484;2066485
Cesiribacteraceae,2762276,11,0.0,17,0.0,cellular organisms;Bacteria;Pseudomonadati;FCB group;Bacteroidota/Chlorobiota group;Bacteroidota;Cytophagia;Cytophagales;Cesiribacteraceae,cellular root;domain;kingdom;clade;clade;phylum;class;order;family,131567;2;3379134;1783270;68336;976;768503;768507;2762276
Afifellaceae,2829802,11,0.0,22,0.0,cellular organisms;Bacteria;Pseudomonadati;Pseudomonadota;Alphaproteobacteria;Hyphomicrobiales;Afifellaceae,cellular root;domain;kingdom;phylum;class;order;family,131567;2;3379134;1224;28211;356;2829802
Coelosphaeriaceae,1890430,11,0.0,236,0.02,cellular organisms;Bacteria;Bacillati;Cyanobacteriota/Melainabacteria group;Cyanobacteriota;Cyanophyceae;Synechococcales;Coelosphaeriaceae,cellular root;domain;kingdom;clade;phylum;class;order;family,131567;2;1783272;1798711;1117;3028117;1890424;1890430
Cyanothecaceae,1892249,11,0.0,41,0.0,cellular organisms;Bacteria;Bacillati;Cyanobacteriota/Melainabacteria group;Cyanobacteriota;Cyanophyceae;Gomontiellales;Cyanothecaceae,cellular root;domain;kingdom;clade;phylum;class;order;family,131567;2;1783272;1798711;1117;3028117;3079757;1892249
Stigonemataceae,1189,10,0.0,41,0.0,cellular organisms;Bacteria;Bacillati;Cyanobacteriota/Melainabacteria group;Cyanobacteriota;Cyanophyceae;Nostocales;Stigonemataceae,cellular root;domain;kingdom;clade;phylum;class;order;family,131567;2;1783272;1798711;1117;3028117;1161;1189
Desulfuribacillaceae,2963099,10,0.0,14,0.0,cellular organisms;Bacteria;Bacillati;Bacillota;Desulfuribacillia;Desulfuribacillales;Desulfuribacillaceae,cellular root;domain;kingdom;phylum;class;order;family,131567;2;1783272;1239;2963097;2963098;2963099
Rhodobiaceae,119043,10,0.0,22,0.0,cellular organisms;Bacteria;Pseudomonadati;Pseudomonadota;Alphaproteobacteria;Hyphomicrobiales;Rhodobiaceae,cellular root;domain;kingdom;phylum;class;order;family,131567;2;3379134;1224;28211;356;119043
Halobacteriales.U.family,2235,10,0.0,121,0.01,cellular organisms;Archaea;Methanobacteriati;Methanobacteriota;Stenosarchaea group;Halobacteria;Halobacteriales;Halobacteriales.U.family,cellular root;domain;kingdom;phylum;clade;class;order;original_name,131567;2157;3366610;28890;2290931;183963;2235;2235
Symphyonemataceae,1892258,10,0.0,15,0.0,cellular organisms;Bacteria;Bacillati;Cyanobacteriota/Melainabacteria group;Cyanobacteriota;Cyanophyceae;Nostocales;Symphyonemataceae,cellular root;domain;kingdom;clade;phylum;class;order;family,131567;2;1783272;1798711;1117;3028117;1161;1892258
Opitutales.U.family,415000,9,0.0,19,0.0,cellular organisms;Bacteria;Pseudomonadati;PVC group;Verrucomicrobiota;Opitutia;Opitutales;Opitutales.U.family,cellular root;domain;kingdom;clade;phylum;class;order;original_name,131567;2;3379134;1783257;74201;414999;415000;415000
Thermolithobacteraceae,455493,9,0.0,19,0.0,cellular organisms;Bacteria;Bacillati;Bacillota;Thermolithobacteria;Thermolithobacterales;Thermolithobacteraceae,cellular root;domain;kingdom;phylum;class;order;family,131567;2;1783272;1239;455491;455492;455493
Puniceicoccales.U.family,415001,9,0.0,22,0.0,cellular organisms;Bacteria;Pseudomonadati;PVC group;Verrucomicrobiota;Opitutia;Puniceicoccales;Puniceicoccales.U.family,cellular root;domain;kingdom;clade;phylum;class;order;original_name,131567;2;3379134;1783257;74201;414999;415001;415001
Beutenbergiaceae,125316,9,0.0,24,0.0,cellular organisms;Bacteria;Bacillati;Actinomycetota;Actinomycetes;Micrococcales;Beutenbergiaceae,cellular root;domain;kingdom;phylum;class;order;family,131567;2;1783272;201174;1760;85006;125316
Tsukamurellaceae,85028,9,0.0,59,0.0,cellular organisms;Bacteria;Bacillati;Actinomycetota;Actinomycetes;Mycobacteriales;Tsukamurellaceae,cellular root;domain;kingdom;phylum;class;order;family,131567;2;1783272;201174;1760;85007;85028
Egibacteraceae,1747769,9,0.0,37,0.0,cellular organisms;Bacteria;Bacillati;Actinomycetota;Nitriliruptoria;Egibacterales;Egibacteraceae,cellular root;domain;kingdom;phylum;class;order;family,131567;2;1783272;201174;908620;1747768;1747769
Luteibaculaceae,2772533,9,0.0,15,0.0,cellular organisms;Bacteria;Pseudomonadati;FCB group;Bacteroidota/Chlorobiota group;Bacteroidota;Flavobacteriia;Flavobacteriales;Luteibaculaceae,cellular root;domain;kingdom;clade;clade;phylum;class;order;family,131567;2;3379134;1783270;68336;976;117743;200644;2772533
Chloroflexales.U.family,32064,9,0.0,22,0.0,cellular organisms;Bacteria;Bacillati;Chloroflexota;Chloroflexia;Chloroflexales;Chloroflexales.U.family,cellular root;domain;kingdom;phylum;class;order;original_name,131567;2;1783272;200795;32061;32064;32064
Salinarimonadaceae,2137278,9,0.0,74,0.01,cellular organisms;Bacteria;Pseudomonadati;Pseudomonadota;Alphaproteobacteria;Hyphomicrobiales;Salinarimonadaceae,cellular root;domain;kingdom;phylum;class;order;family,131567;2;3379134;1224;28211;356;2137278
Ignavibacteria.U.family,795747,8,0.0,20,0.0,cellular organisms;Bacteria;Pseudomonadati;FCB group;Bacteroidota/Chlorobiota group;Ignavibacteriota;Ignavibacteria;Ignavibacteria.U.family,cellular root;domain;kingdom;clade;clade;phylum;class;original_name,131567;2;3379134;1783270;68336;1134404;795747;795747
Nanopusillaceae,1890942,8,0.0,150,0.01,cellular organisms;Archaea;Nanobdellati;Nanobdellota;Candidatus Nanoarchaeia;Nanoarchaeales;Nanopusillaceae,cellular root;domain;kingdom;phylum;class;order;family,131567;2157;1783276;192989;2885752;1890940;1890942
Atribacteria.U.family,2847774,8,0.0,110,0.01,cellular organisms;Bacteria;Pseudomonadati;Atribacterota;Atribacteria;Atribacteria.U.family,cellular root;domain;kingdom;phylum;class;original_name,131567;2;3379134;67818;2847774;2847774
Caldisphaeraceae,255472,8,0.0,36,0.0,cellular organisms;Archaea;Thermoproteati;Thermoproteota;Thermoprotei;Acidilobales;Caldisphaeraceae,cellular root;domain;kingdom;phylum;class;order;family,131567;2157;1783275;28889;183924;871006;255472
Actinopolysporaceae,622451,8,0.0,44,0.0,cellular organisms;Bacteria;Bacillati;Actinomycetota;Actinomycetes;Actinopolysporales;Actinopolysporaceae,cellular root;domain;kingdom;phylum;class;order;family,131567;2;1783272;201174;1760;622450;622451
Desulfatibacillaceae,3031627,8,0.0,21,0.0,cellular organisms;Bacteria;Pseudomonadati;Thermodesulfobacteriota;Desulfobacteria;Desulfobacterales;Desulfatibacillaceae,cellular root;domain;kingdom;phylum;class;order;family,131567;2;3379134;200940;3024418;213118;3031627
Thioprofundaceae,2034509,8,0.0,24,0.0,cellular organisms;Bacteria;Pseudomonadati;Pseudomonadota;Gammaproteobacteria;Chromatiales;Thioprofundaceae,cellular root;domain;kingdom;phylum;class;order;family,131567;2;3379134;1224;1236;135613;2034509
Procabacteriaceae,809,8,0.0,24,0.0,cellular organisms;Bacteria;Pseudomonadati;PVC group;Chlamydiota;Chlamydiia;Chlamydiales;Chlamydiaceae;Procabacteriaceae,cellular root;domain;kingdom;clade;phylum;class;order;family;family,131567;2;3379134;1783257;204428;204429;51291;809;NA
Acaryochloridaceae,1890429,8,0.0,25,0.0,cellular organisms;Bacteria;Bacillati;Cyanobacteriota/Melainabacteria group;Cyanobacteriota;Cyanophyceae;Acaryochloridales;Acaryochloridaceae,cellular root;domain;kingdom;clade;phylum;class;order;family,131567;2;1783272;1798711;1117;3028117;3079744;1890429
Chamaesiphonaceae,1890431,8,0.0,42,0.0,cellular organisms;Bacteria;Bacillati;Cyanobacteriota/Melainabacteria group;Cyanobacteriota;Cyanophyceae;Gomontiellales;Chamaesiphonaceae,cellular root;domain;kingdom;clade;phylum;class;order;family,131567;2;1783272;1798711;1117;3028117;3079757;1890431
Oculatellaceae,2303507,7,0.0,29,0.0,cellular organisms;Bacteria;Bacillati;Cyanobacteriota/Melainabacteria group;Cyanobacteriota;Cyanophyceae;Oculatellales;Oculatellaceae,cellular root;domain;kingdom;clade;phylum;class;order;family,131567;2;1783272;1798711;1117;3028117;3079748;2303507
Desulfurellales.U.family,213113,7,0.0,10,0.0,cellular organisms;Bacteria;Pseudomonadati;Campylobacterota;Desulfurellia;Desulfurellales;Desulfurellales.U.family,cellular root;domain;kingdom;phylum;class;order;original_name,131567;2;3379134;29547;3031853;213113;213113
Budviciaceae,1903416,7,0.0,39,0.0,cellular organisms;Bacteria;Pseudomonadati;Pseudomonadota;Gammaproteobacteria;Enterobacterales;Budviciaceae,cellular root;domain;kingdom;phylum;class;order;family,131567;2;3379134;1224;1236;91347;1903416
Desulfofabaceae,2904606,7,0.0,21,0.0,cellular organisms;Bacteria;Pseudomonadati;Thermodesulfobacteriota;Desulfobacteria;Desulfobacterales;Desulfofabaceae,cellular root;domain;kingdom;phylum;class;order;family,131567;2;3379134;200940;3024418;213118;2904606
Actinopolymorphaceae,2805400,7,0.0,38,0.0,cellular organisms;Bacteria;Bacillati;Actinomycetota;Actinomycetes;Propionibacteriales;Actinopolymorphaceae,cellular root;domain;kingdom;phylum;class;order;family,131567;2;1783272;201174;1760;85009;2805400
Opitutae.U.family,414999,7,0.0,11,0.0,cellular organisms;Bacteria;Pseudomonadati;PVC group;Verrucomicrobiota;Opitutia;Opitutae.U.family,cellular root;domain;kingdom;clade;phylum;class;original_name,131567;2;3379134;1783257;74201;414999;414999
Dictyoglomaceae,203488,7,0.0,133,0.01,cellular organisms;Bacteria;Pseudomonadati;Dictyoglomota;Dictyoglomia;Dictyoglomales;Dictyoglomaceae,cellular root;domain;kingdom;phylum;class;order;family,131567;2;3379134;68297;203486;203487;203488
Ventosimonadaceae,1827282,7,0.0,16,0.0,cellular organisms;Bacteria;Pseudomonadati;Pseudomonadota;Gammaproteobacteria;Pseudomonadales;Ventosimonadaceae,cellular root;domain;kingdom;phylum;class;order;family,131567;2;3379134;1224;1236;72274;1827282
Planctomycetia.U.family,203683,7,0.0,35,0.0,cellular organisms;Bacteria;Pseudomonadati;PVC group;Planctomycetota;Planctomycetia;Planctomycetia.U.family,cellular root;domain;kingdom;clade;phylum;class;original_name,131567;2;3379134;1783257;203682;203683;203683
Oligoflexales.U.family,1553901,7,0.0,26,0.0,cellular organisms;Bacteria;Pseudomonadati;Bdellovibrionota;Oligoflexia;Oligoflexales;Oligoflexales.U.family,cellular root;domain;kingdom;phylum;class;order;original_name,131567;2;3379134;3018035;1553900;1553901;1553901
Thioalkalibacteraceae,2035710,7,0.0,25,0.0,cellular organisms;Bacteria;Pseudomonadati;Pseudomonadota;Gammaproteobacteria;Chromatiales;Thioalkalibacteraceae,cellular root;domain;kingdom;phylum;class;order;family,131567;2;3379134;1224;1236;135613;2035710
Breoghaniaceae,2821832,7,0.0,13,0.0,cellular organisms;Bacteria;Pseudomonadati;Pseudomonadota;Alphaproteobacteria;Hyphomicrobiales;Stappiaceae,cellular root;domain;kingdom;phylum;class;order;family,131567;2;3379134;1224;28211;356;2821832
Gloeobacteraceae,1890422,7,0.0,23,0.0,cellular organisms;Bacteria;Bacillati;Cyanobacteriota/Melainabacteria group;Cyanobacteriota;Cyanophyceae;Gloeobacterales;Gloeobacteraceae,cellular root;domain;kingdom;clade;phylum;class;order;family,131567;2;1783272;1798711;1117;3028117;307595;1890422
Zymomonadaceae,2844881,6,0.0,58,0.0,cellular organisms;Bacteria;Pseudomonadati;Pseudomonadota;Alphaproteobacteria;Sphingomonadales;Zymomonadaceae,cellular root;domain;kingdom;phylum;class;order;family,131567;2;3379134;1224;28211;204457;2844881
Thermodesulfatatoraceae,3031464,6,0.0,11,0.0,cellular organisms;Bacteria;Pseudomonadati;Thermodesulfobacteriota;Thermodesulfobacteria;Thermodesulfobacteriales;Thermodesulfatatoraceae,cellular root;domain;kingdom;phylum;class;order;family,131567;2;3379134;200940;67799;188710;3031464
Filobacteriaceae,1740705,6,0.0,50,0.0,cellular organisms;Bacteria;Pseudomonadati;FCB group;Bacteroidota/Chlorobiota group;Bacteroidota;Sphingobacteriia;Sphingobacteriales;Filobacteriaceae,cellular root;domain;kingdom;clade;clade;phylum;class;order;family,131567;2;3379134;1783270;68336;976;117747;200666;1740705
Perlucidibacaceae,2887331,6,0.0,59,0.0,cellular organisms;Bacteria;Pseudomonadati;Pseudomonadota;Gammaproteobacteria;Pseudomonadales;Perlucidibacaceae,cellular root;domain;kingdom;phylum;class;order;family,131567;2;3379134;1224;1236;72274;2887331
Algiphilaceae,1266054,6,0.0,20,0.0,cellular organisms;Bacteria;Pseudomonadati;Pseudomonadota;Gammaproteobacteria;Nevskiales;Algiphilaceae,cellular root;domain;kingdom;phylum;class;order;family,131567;2;3379134;1224;1236;1775403;1266054
Catenulisporaceae,414877,6,0.0,62,0.01,cellular organisms;Bacteria;Bacillati;Actinomycetota;Actinomycetes;Catenulisporales;Catenulisporaceae,cellular root;domain;kingdom;phylum;class;order;family,131567;2;1783272;201174;1760;414714;414877
Antricoccaceae,2805401,6,0.0,14,0.0,cellular organisms;Bacteria;Bacillati;Actinomycetota;Actinomycetes;Geodermatophilales;Antricoccaceae,cellular root;domain;kingdom;phylum;class;order;family,131567;2;1783272;201174;1760;1643682;2805401
Aminiphilaceae,3029090,6,0.0,17,0.0,cellular organisms;Bacteria;Thermotogati;Synergistota;Synergistia;Synergistales;Aminiphilaceae,cellular root;domain;kingdom;phylum;class;order;family,131567;2;3384194;508458;649775;649776;3029090
Chroococcales.U.family,1118,6,0.0,8,0.0,cellular organisms;Bacteria;Bacillati;Cyanobacteriota/Melainabacteria group;Cyanobacteriota;Cyanophyceae;Oscillatoriophycideae;Chroococcales;Chroococcales.U.family,cellular root;domain;kingdom;clade;phylum;class;subclass;order;original_name,131567;2;1783272;1798711;1117;3028117;1301283;1118;1118
Nanohaloarchaea.U.family,1051663,6,0.0,15,0.0,cellular organisms;Archaea;Methanobacteriati;Methanobacteriota;Stenosarchaea group;Candidatus Nanohaloarchaea;Nanohaloarchaea.U.family,cellular root;domain;kingdom;phylum;clade;class;original_name,131567;2157;3366610;28890;2290931;1051663;1051663
Prochloraceae,1213,6,0.0,21,0.0,cellular organisms;Bacteria;Bacillati;Cyanobacteriota/Melainabacteria group;Cyanobacteriota;Cyanophyceae;Oscillatoriophycideae;Chroococcales;Prochloraceae,cellular root;domain;kingdom;clade;phylum;class;subclass;order;family,131567;2;1783272;1798711;1117;3028117;1301283;1118;1213
Entophysalidaceae,1890482,6,0.0,17,0.0,cellular organisms;Bacteria;Bacillati;Cyanobacteriota/Melainabacteria group;Cyanobacteriota;Cyanophyceae;Oscillatoriophycideae;Chroococcales;Entophysalidaceae,cellular root;domain;kingdom;clade;phylum;class;subclass;order;family,131567;2;1783272;1798711;1117;3028117;1301283;1118;1890482
Pelagibacteraceae,1655514,6,0.0,22,0.0,cellular organisms;Bacteria;Pseudomonadati;Pseudomonadota;Alphaproteobacteria;Candidatus Pelagibacterales;Candidatus Pelagibacteraceae,cellular root;domain;kingdom;phylum;class;order;family,131567;2;3379134;1224;28211;54526;1655514
Alsobacteraceae,2792775,6,0.0,125,0.01,cellular organisms;Bacteria;Pseudomonadati;Pseudomonadota;Alphaproteobacteria;Hyphomicrobiales;Alsobacteraceae,cellular root;domain;kingdom;phylum;class;order;family,131567;2;3379134;1224;28211;356;2792775
Cuniculiplasmataceae,1747776,6,0.0,23,0.0,cellular organisms;Archaea;Methanobacteriati;Thermoplasmatota;Thermoplasmata;Thermoplasmatales;Cuniculiplasmataceae,cellular root;domain;kingdom;phylum;class;order;family,131567;2157;3366610;2283796;183967;2301;1747776
Parachlamydiaceae,92713,6,0.0,6,0.0,cellular organisms;Bacteria;Pseudomonadati;PVC group;Chlamydiota;Chlamydiia;Parachlamydiales;Parachlamydiaceae,cellular root;domain;kingdom;clade;phylum;class;order;family,131567;2;3379134;1783257;204428;204429;1963360;92713
Mycoplasmoidaceae,2790998,5,0.0,9,0.0,cellular organisms;Bacteria;Bacillati;Mycoplasmatota;Mycoplasmoidales;Mycoplasmoidaceae,cellular root;domain;kingdom;phylum;order;family,131567;2;1783272;544448;2790996;2790998
Thermotogae.U.family,200918,5,0.0,41,0.0,cellular organisms;Bacteria;Thermotogati;Thermotogota;Thermotogae.U.family,cellular root;domain;kingdom;phylum;original_name,131567;2;3384194;200918;200918
Jonesiaceae,85022,5,0.0,192,0.02,cellular organisms;Bacteria;Bacillati;Actinomycetota;Actinomycetes;Micrococcales;Jonesiaceae,cellular root;domain;kingdom;phylum;class;order;family,131567;2;1783272;201174;1760;85006;85022
Labilitrichaceae,1524216,5,0.0,13,0.0,cellular organisms;Bacteria;Pseudomonadati;Myxococcota;Polyangia;Polyangiales;Labilitrichaceae,cellular root;domain;kingdom;phylum;subclass;order;family,131567;2;3379134;2818505;3031711;3031712;1524216
Thermosynechococcaceae,2881378,5,0.0,24,0.0,cellular organisms;Bacteria;Bacillati;Cyanobacteriota/Melainabacteria group;Cyanobacteriota;Cyanophyceae;Acaryochloridales;Thermosynechococcaceae,cellular root;domain;kingdom;clade;phylum;class;order;family,131567;2;1783272;1798711;1117;3028117;3079744;2881378
Chlamydiaceae,809,5,0.0,47,0.0,cellular organisms;Bacteria;Pseudomonadati;PVC group;Chlamydiota;Chlamydiia;Chlamydiales;Chlamydiaceae,cellular root;domain;kingdom;clade;phylum;class;order;family,131567;2;3379134;1783257;204428;204429;51291;809
Chrysiogenaceae,189770,5,0.0,13,0.0,cellular organisms;Bacteria;Pseudomonadati;Chrysiogenota;Chrysiogenia;Chrysiogenales;Chrysiogenaceae,cellular root;domain;kingdom;phylum;class;order;family,131567;2;3379134;200938;118001;189769;189770
Ruaniaceae,1331736,5,0.0,9,0.0,cellular organisms;Bacteria;Bacillati;Actinomycetota;Actinomycetes;Micrococcales;Ruaniaceae,cellular root;domain;kingdom;phylum;class;order;family,131567;2;1783272;201174;1760;85006;1331736
Zavarziniaceae,2844877,5,0.0,22,0.0,cellular organisms;Bacteria;Pseudomonadati;Pseudomonadota;Alphaproteobacteria;Rhodospirillales;Zavarziniaceae,cellular root;domain;kingdom;phylum;class;order;family,131567;2;3379134;1224;28211;204441;2844877
Gomontiellaceae,1892255,5,0.0,38,0.0,cellular organisms;Bacteria;Bacillati;Cyanobacteriota/Melainabacteria group;Cyanobacteriota;Cyanophyceae;Gomontiellales;Gomontiellaceae,cellular root;domain;kingdom;clade;phylum;class;order;family,131567;2;1783272;1798711;1117;3028117;3079757;1892255
Chlorogloeopsidaceae,1892261,5,0.0,21,0.0,cellular organisms;Bacteria;Bacillati;Cyanobacteriota/Melainabacteria group;Cyanobacteriota;Cyanophyceae;Nostocales;Chlorogloeopsidaceae,cellular root;domain;kingdom;clade;phylum;class;order;family,131567;2;1783272;1798711;1117;3028117;1161;1892261
Sirenicapillariaceae,2934961,5,0.0,24,0.0,cellular organisms;Bacteria;Bacillati;Cyanobacteriota/Melainabacteria group;Cyanobacteriota;Cyanophyceae;Oscillatoriophycideae;Oscillatoriales;Sirenicapillariaceae,cellular root;domain;kingdom;clade;phylum;class;subclass;order;family,131567;2;1783272;1798711;1117;3028117;1301283;1150;2934961
Caulobacterales.U.family,204458,5,0.0,7,0.0,cellular organisms;Bacteria;Pseudomonadati;Pseudomonadota;Alphaproteobacteria;Caulobacterales;Caulobacterales.U.family,cellular root;domain;kingdom;phylum;class;order;original_name,131567;2;3379134;1224;28211;204458;204458
Flexistipitaceae,2945022,4,0.0,28,0.0,cellular organisms;Bacteria;Pseudomonadati;Deferribacterota;Deferribacteres;Deferribacterales;Flexistipitaceae,cellular root;domain;kingdom;phylum;class;order;family,131567;2;3379134;200930;68337;191393;2945022
Thorselliaceae,1771359,4,0.0,8,0.0,cellular organisms;Bacteria;Pseudomonadati;Pseudomonadota;Gammaproteobacteria;Enterobacterales;Thorselliaceae,cellular root;domain;kingdom;phylum;class;order;family,131567;2;3379134;1224;1236;91347;1771359
Thermoleophilaceae,320796,4,0.0,20,0.0,cellular organisms;Bacteria;Bacillati;Actinomycetota;Thermoleophilia;Thermoleophilales;Thermoleophilaceae,cellular root;domain;kingdom;phylum;class;order;family,131567;2;1783272;201174;1497346;588674;320796
Ignatzschineriaceae,3018589,4,0.0,26,0.0,cellular organisms;Bacteria;Pseudomonadati;Pseudomonadota;Gammaproteobacteria;Cardiobacteriales;Ignatzschineriaceae,cellular root;domain;kingdom;phylum;class;order;family,131567;2;3379134;1224;1236;135615;3018589
Mycobacteriales.U.family,85007,4,0.0,9,0.0,cellular organisms;Bacteria;Bacillati;Actinomycetota;Actinomycetes;Mycobacteriales;Mycobacteriales.U.family,cellular root;domain;kingdom;phylum;class;order;original_name,131567;2;1783272;201174;1760;85007;85007
Thermotogales.U.family,2419,4,0.0,52,0.0,cellular organisms;Bacteria;Thermotogati;Thermotogota;Thermotogae;Thermotogales;Thermotogales.U.family,cellular root;domain;kingdom;phylum;class;order;original_name,131567;2;3384194;200918;188708;2419;2419
Acholeplasmatales.U.family,186329,4,0.0,5,0.0,cellular organisms;Bacteria;Bacillati;Mycoplasmatota;Mollicutes;Acholeplasmatales;Acholeplasmatales.U.family,cellular root;domain;kingdom;phylum;class;order;original_name,131567;2;1783272;544448;31969;186329;186329
Synergistales.U.family,649776,4,0.0,18,0.0,cellular organisms;Bacteria;Thermotogati;Synergistota;Synergistia;Synergistales;Synergistales.U.family,cellular root;domain;kingdom;phylum;class;order;original_name,131567;2;3384194;508458;649775;649776;649776
Egicoccaceae,1755824,4,0.0,14,0.0,cellular organisms;Bacteria;Bacillati;Actinomycetota;Nitriliruptoria;Egicoccales;Egicoccaceae,cellular root;domain;kingdom;phylum;class;order;family,131567;2;1783272;201174;908620;1755823;1755824
Sphingobacteriia.U.family,117747,4,0.0,5,0.0,cellular organisms;Bacteria;Pseudomonadati;FCB group;Bacteroidota/Chlorobiota group;Bacteroidota;Sphingobacteriia;Sphingobacteriia.U.family,cellular root;domain;kingdom;clade;clade;phylum;class;original_name,131567;2;3379134;1783270;68336;976;117747;117747
Celerinatantimonadaceae,412032,4,0.0,6,0.0,cellular organisms;Bacteria;Pseudomonadati;Pseudomonadota;Gammaproteobacteria;Gammaproteobacteria incertae sedis;Celerinatantimonadaceae,cellular root;domain;kingdom;phylum;class;no rank;family,131567;2;3379134;1224;1236;118884;412032
Oceanospirillales.U.family,135619,4,0.0,5,0.0,cellular organisms;Bacteria;Pseudomonadati;Pseudomonadota;Gammaproteobacteria;Oceanospirillales;Oceanospirillales.U.family,cellular root;domain;kingdom;phylum;class;order;original_name,131567;2;3379134;1224;1236;135619;135619
Persicobacteraceae,1853234,4,0.0,16,0.0,cellular organisms;Bacteria;Pseudomonadati;FCB group;Bacteroidota/Chlorobiota group;Bacteroidota;Cytophagia;Cytophagales;Persicobacteraceae,cellular root;domain;kingdom;clade;clade;phylum;class;order;family,131567;2;3379134;1783270;68336;976;768503;768507;1853234
Desertifilaceae,1969992,4,0.0,14,0.0,cellular organisms;Bacteria;Bacillati;Cyanobacteriota/Melainabacteria group;Cyanobacteriota;Cyanophyceae;Desertifilales;Desertifilaceae,cellular root;domain;kingdom;clade;phylum;class;order;family,131567;2;1783272;1798711;1117;3028117;3039989;1969992
Pseudoxanthobacteraceae,2822331,4,0.0,16,0.0,cellular organisms;Bacteria;Pseudomonadati;Pseudomonadota;Alphaproteobacteria;Hyphomicrobiales;Segnochrobactraceae,cellular root;domain;kingdom;phylum;class;order;family,131567;2;3379134;1224;28211;356;2822331
Emcibacteraceae,2066491,4,0.0,11,0.0,cellular organisms;Bacteria;Pseudomonadati;Pseudomonadota;Alphaproteobacteria;Emcibacterales;Emcibacteraceae,cellular root;domain;kingdom;phylum;class;order;family,131567;2;3379134;1224;28211;2066490;2066491
Kallotenuaceae,1508536,4,0.0,6,0.0,cellular organisms;Bacteria;Bacillati;Chloroflexota;Chloroflexia;Kallotenuales;Kallotenuaceae,cellular root;domain;kingdom;phylum;class;order;family,131567;2;1783272;200795;32061;1508535;1508536
Thermogemmatisporaceae,768668,4,0.0,8,0.0,cellular organisms;Bacteria;Bacillati;Chloroflexota;Ktedonobacteria;Thermogemmatisporales;Thermogemmatisporaceae,cellular root;domain;kingdom;phylum;class;order;family,131567;2;1783272;200795;388447;768667;768668
Elioraeaceae,2690195,4,0.0,80,0.01,cellular organisms;Bacteria;Pseudomonadati;Pseudomonadota;Alphaproteobacteria;Acetobacterales;Elioraeaceae,cellular root;domain;kingdom;phylum;class;order;family,131567;2;3379134;1224;28211;3120395;2690195
Melioribacteraceae,1334117,3,0.0,5,0.0,cellular organisms;Bacteria;Pseudomonadati;FCB group;Bacteroidota/Chlorobiota group;Ignavibacteriota;Ignavibacteria;Ignavibacteriales;Melioribacteraceae,cellular root;domain;kingdom;clade;clade;phylum;class;order;family,131567;2;3379134;1783270;68336;1134404;795747;795748;1334117
Nostocales.U.family,1161,3,0.0,7,0.0,cellular organisms;Bacteria;Bacillati;Cyanobacteriota/Melainabacteria group;Cyanobacteriota;Cyanophyceae;Nostocales;Nostocales.U.family,cellular root;domain;kingdom;clade;phylum;class;order;original_name,131567;2;1783272;1798711;1117;3028117;1161;1161
Desulfonauticaceae,2956789,3,0.0,13,0.0,cellular organisms;Bacteria;Pseudomonadati;Thermodesulfobacteriota;Desulfovibrionia;Desulfovibrionales;Desulfonauticaceae,cellular root;domain;kingdom;phylum;class;order;family,131567;2;3379134;200940;3031449;213115;2956789
Desulfovibrionales.U.family,213115,3,0.0,8,0.0,cellular organisms;Bacteria;Pseudomonadati;Thermodesulfobacteriota;Desulfovibrionia;Desulfovibrionales;Desulfovibrionales.U.family,cellular root;domain;kingdom;phylum;class;order;original_name,131567;2;3379134;200940;3031449;213115;213115
Acidithiobacillales.U.family,225057,3,0.0,14,0.0,cellular organisms;Bacteria;Pseudomonadati;Pseudomonadota;Acidithiobacillia;Acidithiobacillales;Acidithiobacillales.U.family,cellular root;domain;kingdom;phylum;class;order;original_name,131567;2;3379134;1224;1807140;225057;225057
Thermodesulfobiaceae,227387,3,0.0,21,0.0,cellular organisms;Bacteria;Pseudomonadati;Thermodesulfobiota;Thermodesulfobiia;Thermodesulfobiales;Thermodesulfobiaceae,cellular root;domain;kingdom;phylum;class;order;family,131567;2;3379134;3002442;3002443;3002444;227387
Desulforegulaceae,3031623,3,0.0,7,0.0,cellular organisms;Bacteria;Pseudomonadati;Thermodesulfobacteriota;Desulfobacteria;Desulfobacterales;Desulforegulaceae,cellular root;domain;kingdom;phylum;class;order;family,131567;2;3379134;200940;3024418;213118;3031623
Thiotrichales.U.family,72273,3,0.0,14,0.0,cellular organisms;Bacteria;Pseudomonadati;Pseudomonadota;Gammaproteobacteria;Thiotrichales;Thiotrichales.U.family,cellular root;domain;kingdom;phylum;class;order;original_name,131567;2;3379134;1224;1236;72273;72273
Cardiobacteriales.U.family,135615,3,0.0,8,0.0,cellular organisms;Bacteria;Pseudomonadati;Pseudomonadota;Gammaproteobacteria;Cardiobacteriales;Cardiobacteriales.U.family,cellular root;domain;kingdom;phylum;class;order;original_name,131567;2;3379134;1224;1236;135615;135615
Zetaproteobacteria.U.family,580370,3,0.0,16,0.0,cellular organisms;Bacteria;Pseudomonadati;Pseudomonadota;Candidatius Mariprofundia;Zetaproteobacteria.U.family,cellular root;domain;kingdom;phylum;class;original_name,131567;2;3379134;1224;580370;580370
Spartobacteria.U.family,134549,3,0.0,5,0.0,cellular organisms;Bacteria;Pseudomonadati;PVC group;Verrucomicrobiota;Spartobacteria;Spartobacteria.U.family,cellular root;domain;kingdom;clade;phylum;class;original_name,131567;2;3379134;1783257;74201;134549;134549
Flavobacteriia.U.family,117743,3,0.0,22,0.0,cellular organisms;Bacteria;Pseudomonadati;FCB group;Bacteroidota/Chlorobiota group;Bacteroidota;Flavobacteriia;Flavobacteriia.U.family,cellular root;domain;kingdom;clade;clade;phylum;class;original_name,131567;2;3379134;1783270;68336;976;117743;117743
Methanopyraceae,183713,3,0.0,16,0.0,cellular organisms;Archaea;Methanobacteriati;Methanobacteriota;Methanomada group;Methanopyri;Methanopyrales;Methanopyraceae,cellular root;domain;kingdom;phylum;clade;class;order;family,131567;2157;3366610;28890;2283794;183988;68985;183713
Rarobacteraceae,145359,3,0.0,6,0.0,cellular organisms;Bacteria;Bacillati;Actinomycetota;Actinomycetes;Micrococcales;Rarobacteraceae,cellular root;domain;kingdom;phylum;class;order;family,131567;2;1783272;201174;1760;85006;145359
Actinomycetes.U.family,1760,3,0.0,5,0.0,cellular organisms;Bacteria;Bacillati;Actinomycetota;Actinomycetes;Actinomycetes.U.family,cellular root;domain;kingdom;phylum;class;original_name,131567;2;1783272;201174;1760;1760
Segniliparaceae,316606,3,0.0,8,0.0,cellular organisms;Bacteria;Bacillati;Actinomycetota;Actinomycetes;Mycobacteriales;Segniliparaceae,cellular root;domain;kingdom;phylum;class;order;family,131567;2;1783272;201174;1760;85007;316606
Halanaerobiales.U.family,53433,3,0.0,3,0.0,cellular organisms;Bacteria;Bacillati;Bacillota;Clostridia;Halanaerobiales;Halanaerobiales.U.family,cellular root;domain;kingdom;phylum;class;order;original_name,131567;2;1783272;1239;186801;53433;53433
Spirillaceae,119068,3,0.0,4,0.0,cellular organisms;Bacteria;Pseudomonadati;Pseudomonadota;Betaproteobacteria;Nitrosomonadales;Spirillaceae,cellular root;domain;kingdom;phylum;class;order;family,131567;2;3379134;1224;28216;32003;119068
Blastochloridaceae,2831090,3,0.0,28,0.0,cellular organisms;Bacteria;Pseudomonadati;Pseudomonadota;Alphaproteobacteria;Hyphomicrobiales;Blastochloridaceae,cellular root;domain;kingdom;phylum;class;order;family,131567;2;3379134;1224;28211;356;2831090
Fortieaceae,1892264,3,0.0,9,0.0,cellular organisms;Bacteria;Bacillati;Cyanobacteriota/Melainabacteria group;Cyanobacteriota;Cyanophyceae;Nostocales;Fortieaceae,cellular root;domain;kingdom;clade;phylum;class;order;family,131567;2;1783272;1798711;1117;3028117;1161;1892264
Methermicoccaceae,660062,3,0.0,8,0.0,cellular organisms;Archaea;Methanobacteriati;Methanobacteriota;Stenosarchaea group;Methanomicrobia;Methanosarcinales;Methermicoccaceae,cellular root;domain;kingdom;phylum;clade;class;order;family,131567;2157;3366610;28890;2290931;224756;94695;660062
Methanothermaceae,2178,3,0.0,6,0.0,cellular organisms;Archaea;Methanobacteriati;Methanobacteriota;Methanomada group;Methanobacteria;Methanobacteriales;Methanothermaceae,cellular root;domain;kingdom;phylum;clade;class;order;family,131567;2157;3366610;28890;2283794;183925;2158;2178
Streptosporangiales.U.family,85012,3,0.0,3,0.0,cellular organisms;Bacteria;Bacillati;Actinomycetota;Actinomycetes;Streptosporangiales;Streptosporangiales.U.family,cellular root;domain;kingdom;phylum;class;order;original_name,131567;2;1783272;201174;1760;85012;85012
Motilibacteraceae,1433378,3,0.0,10,0.0,cellular organisms;Bacteria;Bacillati;Actinomycetota;Actinomycetes;Motilibacterales;Motilibacteraceae,cellular root;domain;kingdom;phylum;class;order;family,131567;2;1783272;201174;1760;2793120;1433378
Sphingomonadales.U.family,204457,3,0.0,3,0.0,cellular organisms;Bacteria;Pseudomonadati;Pseudomonadota;Alphaproteobacteria;Sphingomonadales;Sphingomonadales.U.family,cellular root;domain;kingdom;phylum;class;order;original_name,131567;2;3379134;1224;28211;204457;204457
Dictyobacteraceae,2571193,3,0.0,3,0.0,cellular organisms;Bacteria;Bacillati;Chloroflexota;Ktedonobacteria;Ktedonobacterales;Dictyobacteraceae,cellular root;domain;kingdom;phylum;class;order;family,131567;2;1783272;200795;388447;388448;2571193
Sulfolobales.U.family,2281,2,0.0,37,0.0,cellular organisms;Archaea;Thermoproteati;Thermoproteota;Thermoprotei;Sulfolobales;Sulfolobales.U.family,cellular root;domain;kingdom;phylum;class;order;original_name,131567;2157;1783275;28889;183924;2281;2281
Deferribacterales.U.family,191393,2,0.0,14,0.0,cellular organisms;Bacteria;Pseudomonadati;Deferribacterota;Deferribacteres;Deferribacterales;Deferribacterales.U.family,cellular root;domain;kingdom;phylum;class;order;original_name,131567;2;3379134;200930;68337;191393;191393
Sedimentisphaeraceae,2483367,2,0.0,11,0.0,cellular organisms;Bacteria;Pseudomonadati;PVC group;Planctomycetota;Phycisphaerae;Sedimentisphaerales;Sedimentisphaeraceae,cellular root;domain;kingdom;clade;phylum;class;order;family,131567;2;3379134;1783257;203682;666505;2483366;2483367
Kytococcaceae,2805426,2,0.0,14,0.0,cellular organisms;Bacteria;Bacillati;Actinomycetota;Actinomycetes;Micrococcales;Kytococcaceae,cellular root;domain;kingdom;phylum;class;order;family,131567;2;1783272;201174;1760;85006;2805426
Silvanigrellales.U.family,2024973,2,0.0,8,0.0,cellular organisms;Bacteria;Pseudomonadati;Bdellovibrionota;Oligoflexia;Silvanigrellales;Silvanigrellales.U.family,cellular root;domain;kingdom;phylum;class;order;original_name,131567;2;3379134;3018035;1553900;2024973;2024973
Dissulfurirhabdaceae,3031471,2,0.0,2,0.0,cellular organisms;Bacteria;Pseudomonadati;Thermodesulfobacteriota;Dissulfuribacteria;Dissulfuribacterales;Dissulfuribacteraceae,cellular root;domain;kingdom;phylum;class;order;family,131567;2;3379134;200940;3031452;3031453;3031471
Thermonemataceae,1853233,2,0.0,9,0.0,cellular organisms;Bacteria;Pseudomonadati;FCB group;Bacteroidota/Chlorobiota group;Bacteroidota;Cytophagia;Cytophagales;Thermonemataceae,cellular root;domain;kingdom;clade;clade;phylum;class;order;family,131567;2;3379134;1783270;68336;976;768503;768507;1853233
Desulfoarculaceae,213122,2,0.0,3,0.0,cellular organisms;Bacteria;Pseudomonadati;Thermodesulfobacteriota;Desulfobacteria;Desulfobacterales;Desulfoarculaceae,cellular root;domain;kingdom;phylum;class;order;family,131567;2;3379134;200940;3024418;213118;213122
Cryptosporangiaceae,622454,2,0.0,37,0.0,cellular organisms;Bacteria;Bacillati;Actinomycetota;Actinomycetes;Cryptosporangiales;Cryptosporangiaceae,cellular root;domain;kingdom;phylum;class;order;family,131567;2;1783272;201174;1760;2495577;622454
Balneatrichaceae,2301193,2,0.0,2,0.0,cellular organisms;Bacteria;Pseudomonadati;Pseudomonadota;Gammaproteobacteria;Oceanospirillales;Balneatrichaceae,cellular root;domain;kingdom;phylum;class;order;family,131567;2;3379134;1224;1236;135619;2301193
Chroococcidiopsidales.U.family,1890505,2,0.0,2,0.0,cellular organisms;Bacteria;Bacillati;Cyanobacteriota/Melainabacteria group;Cyanobacteriota;Cyanophyceae;Chroococcidiopsidales;Chroococcidiopsidales.U.family,cellular root;domain;kingdom;clade;phylum;class;order;original_name,131567;2;1783272;1798711;1117;3028117;1890505;1890505
Gloeotrichiaceae,1892265,2,0.0,14,0.0,cellular organisms;Bacteria;Bacillati;Cyanobacteriota/Melainabacteria group;Cyanobacteriota;Cyanophyceae;Nostocales;Gloeotrichiaceae,cellular root;domain;kingdom;clade;phylum;class;order;family,131567;2;1783272;1798711;1117;3028117;1161;1892265
Methanomicrobia.U.family,224756,2,0.0,6,0.0,cellular organisms;Archaea;Methanobacteriati;Methanobacteriota;Stenosarchaea group;Methanomicrobia;Methanomicrobia.U.family,cellular root;domain;kingdom;phylum;clade;class;original_name,131567;2157;3366610;28890;2290931;224756;224756
Gomphosphaeriaceae,1890455,2,0.0,2,0.0,cellular organisms;Bacteria;Bacillati;Cyanobacteriota/Melainabacteria group;Cyanobacteriota;Cyanophyceae;Oscillatoriophycideae;Chroococcales;Gomphosphaeriaceae,cellular root;domain;kingdom;clade;phylum;class;subclass;order;family,131567;2;1783272;1798711;1117;3028117;1301283;1118;1890455
Temperatibacteraceae,1549128,2,0.0,2,0.0,cellular organisms;Bacteria;Pseudomonadati;Pseudomonadota;Alphaproteobacteria;Kordiimonadales;Temperatibacteraceae,cellular root;domain;kingdom;phylum;class;order;family,131567;2;3379134;1224;28211;362534;1549128
Desulfocucumaceae,3023805,2,0.0,3,0.0,cellular organisms;Bacteria;Bacillati;Bacillota;Clostridia;Eubacteriales;Desulfocucumaceae,cellular root;domain;kingdom;phylum;class;order;family,131567;2;1783272;1239;186801;186802;3023805
Neomegalonemataceae,2814874,2,0.0,9,0.0,cellular organisms;Bacteria;Pseudomonadati;Pseudomonadota;Alphaproteobacteria;Rhodobacterales;Neomegalonemataceae,cellular root;domain;kingdom;phylum;class;order;family,131567;2;3379134;1224;28211;204455;2814874
Rhodothalassiaceae,1544800,2,0.0,7,0.0,cellular organisms;Bacteria;Pseudomonadati;Pseudomonadota;Alphaproteobacteria;Rhodothalassiales;Rhodothalassiaceae,cellular root;domain;kingdom;phylum;class;order;family,131567;2;3379134;1224;28211;1544799;1544800
Chlorobiaceae,191412,2,0.0,3,0.0,cellular organisms;Bacteria;Pseudomonadati;FCB group;Bacteroidota/Chlorobiota group;Chlorobiota;Chlorobiia;Chlorobiales;Chlorobiaceae,cellular root;domain;kingdom;clade;clade;phylum;class;order;family,131567;2;3379134;1783270;68336;1090;191410;191411;191412
Romeriaceae,1890432,1,0.0,4,0.0,cellular organisms;Bacteria;Bacillati;Cyanobacteriota/Melainabacteria group;Cyanobacteriota;Cyanophyceae;Nodosilineales;Romeriaceae,cellular root;domain;kingdom;clade;phylum;class;order;family,131567;2;1783272;1798711;1117;3028117;3039985;1890432
Dapisostemonaceae,1914257,1,0.0,2,0.0,cellular organisms;Bacteria;Bacillati;Cyanobacteriota/Melainabacteria group;Cyanobacteriota;Cyanophyceae;Nostocales;Dapisostemonaceae,cellular root;domain;kingdom;clade;phylum;class;order;family,131567;2;1783272;1798711;1117;3028117;1161;1914257
Selenomonadales.U.family,909929,1,0.0,6,0.0,cellular organisms;Bacteria;Bacillati;Bacillota;Negativicutes;Selenomonadales;Selenomonadales.U.family,cellular root;domain;kingdom;phylum;class;order;original_name,131567;2;1783272;1239;909932;909929;909929
Tropherymataceae,2805591,1,0.0,4,0.0,cellular organisms;Bacteria;Bacillati;Actinomycetota;Actinomycetes;Micrococcales;Tropherymataceae,cellular root;domain;kingdom;phylum;class;order;family,131567;2;1783272;201174;1760;85006;2805591
Zooshikellaceae,2898533,1,0.0,5,0.0,cellular organisms;Bacteria;Pseudomonadati;Pseudomonadota;Gammaproteobacteria;Oceanospirillales;Zooshikellaceae,cellular root;domain;kingdom;phylum;class;order;family,131567;2;3379134;1224;1236;135619;2898533
Geobacterales.U.family,3031668,1,0.0,1,0.0,cellular organisms;Bacteria;Pseudomonadati;Thermodesulfobacteriota;Desulfuromonadia;Geobacterales;Geobacterales.U.family,cellular root;domain;kingdom;phylum;class;order;original_name,131567;2;3379134;200940;3031651;3031668;3031668
Salibacteraceae,2772535,1,0.0,4,0.0,cellular organisms;Bacteria;Pseudomonadati;FCB group;Bacteroidota/Chlorobiota group;Bacteroidota;Flavobacteriia;Flavobacteriales;Salibacteraceae,cellular root;domain;kingdom;clade;clade;phylum;class;order;family,131567;2;3379134;1783270;68336;976;117743;200644;2772535
Thermomicrobia.U.family,3027942,1,0.0,6,0.0,cellular organisms;Bacteria;Pseudomonadati;Thermomicrobiota;Thermomicrobia.U.family,cellular root;domain;kingdom;phylum;original_name,131567;2;3379134;3027942;3027942
Balneicellaceae,1903335,1,0.0,1,0.0,cellular organisms;Bacteria;Pseudomonadati;FCB group;Bacteroidota/Chlorobiota group;Bacteroidota;Bacteroidia;Bacteroidales;Balneicellaceae,cellular root;domain;kingdom;clade;clade;phylum;class;order;family,131567;2;3379134;1783270;68336;976;200643;171549;1903335
Thermithiobacillaceae,225059,1,0.0,2,0.0,cellular organisms;Bacteria;Pseudomonadati;Pseudomonadota;Acidithiobacillia;Acidithiobacillales;Thermithiobacillaceae,cellular root;domain;kingdom;phylum;class;order;family,131567;2;3379134;1224;1807140;225057;225059
Caedimonadaceae,2100208,1,0.0,1,0.0,cellular organisms;Bacteria;Pseudomonadati;Pseudomonadota;Alphaproteobacteria;Holosporales;Caedimonadaceae,cellular root;domain;kingdom;phylum;class;order;family,131567;2;3379134;1224;28211;1921002;2100208
Anaerolineales.U.family,292629,1,0.0,13,0.0,cellular organisms;Bacteria;Bacillati;Chloroflexota;Anaerolineae;Anaerolineales;Anaerolineales.U.family,cellular root;domain;kingdom;phylum;class;order;original_name,131567;2;1783272;200795;292625;292629;292629
Gloeomargaritaceae,1955043,1,0.0,16,0.0,cellular organisms;Bacteria;Bacillati;Cyanobacteriota/Melainabacteria group;Cyanobacteriota;Cyanophyceae;Gloeomargaritales;Gloeomargaritaceae,cellular root;domain;kingdom;clade;phylum;class;order;family,131567;2;1783272;1798711;1117;3028117;1955042;1955043
Cyanomargaritaceae,1982354,1,0.0,3,0.0,cellular organisms;Bacteria;Bacillati;Cyanobacteriota/Melainabacteria group;Cyanobacteriota;Cyanophyceae;Nostocales;Cyanomargaritaceae,cellular root;domain;kingdom;clade;phylum;class;order;family,131567;2;1783272;1798711;1117;3028117;1161;1982354
Desulfarculales.U.family,453227,1,0.0,2,0.0,cellular organisms;Bacteria;Pseudomonadati;Thermodesulfobacteriota;Desulfarculia;Desulfarculales;Desulfarculales.U.family,cellular root;domain;kingdom;phylum;class;order;original_name,131567;2;3379134;200940;3031646;453227;453227
Ancalomicrobiaceae,2172021,1,0.0,11,0.0,cellular organisms;Bacteria;Pseudomonadati;Pseudomonadota;Alphaproteobacteria;Hyphomicrobiales;Ancalomicrobiaceae,cellular root;domain;kingdom;phylum;class;order;family,131567;2;3379134;1224;28211;356;2172021
Picrophilaceae,46630,1,0.0,2,0.0,cellular organisms;Archaea;Methanobacteriati;Thermoplasmatota;Thermoplasmata;Thermoplasmatales;Picrophilaceae,cellular root;domain;kingdom;phylum;class;order;family,131567;2157;3366610;2283796;183967;2301;46630
Nitrososphaerota.U.family,651137,1,0.0,13,0.0,cellular organisms;Archaea;Thermoproteati;Nitrososphaerota;Nitrososphaerota.U.family,cellular root;domain;kingdom;phylum;original_name,131567;2157;1783275;651137;651137
Godleyaceae,1892260,1,0.0,2,0.0,cellular organisms;Bacteria;Bacillati;Cyanobacteriota/Melainabacteria group;Cyanobacteriota;Cyanophyceae;Nostocales;Godleyaceae,cellular root;domain;kingdom;clade;phylum;class;order;family,131567;2;1783272;1798711;1117;3028117;1161;1892260
Chloroherpetonaceae,2968741,1,0.0,1,0.0,cellular organisms;Bacteria;Pseudomonadati;FCB group;Bacteroidota/Chlorobiota group;Chlorobiota;Chlorobiia;Chlorobiales;Chloroherpetonaceae,cellular root;domain;kingdom;clade;clade;phylum;class;order;family,131567;2;3379134;1783270;68336;1090;191410;191411;2968741
Chitinispirillaceae,1860138,1,0.0,1,0.0,cellular organisms;Bacteria;Pseudomonadati;FCB group;Fibrobacterota;Chitinispirillia;Chitinispirillales;Chitinispirillaceae,cellular root;domain;kingdom;clade;phylum;class;order;family,131567;2;3379134;1783270;65842;1860136;1860137;1860138
Simkaniaceae,92712,1,0.0,1,0.0,cellular organisms;Bacteria;Pseudomonadati;PVC group;Chlamydiota;Chlamydiia;Parachlamydiales;Simkaniaceae,cellular root;domain;kingdom;clade;phylum;class;order;family,131567;2;3379134;1783257;204428;204429;1963360;92712
Rectinemataceae,2951105,1,0.0,1,0.0,cellular organisms;Bacteria;Pseudomonadati;Spirochaetota;Spirochaetia;Spirochaetales;Rectinemataceae,cellular root;domain;kingdom;phylum;class;order;family,131567;2;3379134;203691;203692;136;2951105
