genus,census_otu_count,census_size_count,otu_percentage,size_percentage,ncbi_genome_count,ncbi_species_count,isolate_count,genome_pct_db,species_pct,isolate_percentage,novelty_factor,overrepresentation_factor,direct_matches,lineage_matches,total_matches,match_status,domain,coverage_percentage
Saccharomyces,13,969,0.02,0.24,1936,21,1929,3.88,0.1,99.64,0.619,1.615,1,0,1,matched,Eukaryota,0.0
Homo,5,15,0.01,0.0,1845,1,1845,3.7,0.0,100.0,5.0,0.2,1,0,1,matched,Eukaryota,0.0
Aspergillus,48,646,0.07,0.16,1433,263,1431,2.87,1.27,99.86,0.183,5.479,1,0,1,matched,Eukaryota,0.0
Drosophila,217,1383,0.31,0.34,630,260,630,1.26,1.26,100.0,0.835,1.198,1,0,1,matched,Eukaryota,0.0
Penicillium,100,2067,0.14,0.52,559,174,558,1.12,0.84,99.82,0.575,1.74,1,0,1,matched,Eukaryota,0.0
Colletotrichum,10,15,0.01,0.0,321,104,320,0.64,0.5,99.69,0.096,10.4,1,0,1,matched,Eukaryota,0.0
Arabidopsis,30,32,0.04,0.01,309,6,309,0.62,0.03,100.0,5.0,0.2,1,0,1,matched,Eukaryota,0.0
Candida,29,319,0.04,0.08,302,39,291,0.61,0.19,96.36,0.744,1.345,1,0,1,matched,Eukaryota,0.0
Phytophthora,67,1107,0.09,0.28,260,83,260,0.52,0.4,100.0,0.807,1.239,1,0,1,matched,Eukaryota,0.0
Oryza,1,29,0.0,0.01,251,23,251,0.5,0.11,100.0,0.043,23.0,1,0,1,matched,Eukaryota,0.0
Cryptococcus,5,5,0.01,0.0,231,25,231,0.46,0.12,100.0,0.2,5.0,1,0,1,matched,Eukaryota,0.0
Neurospora,13,243,0.02,0.06,194,34,194,0.39,0.16,100.0,0.382,2.615,1,0,1,matched,Eukaryota,0.0
Coemansia,12,40,0.02,0.01,161,146,161,0.32,0.71,100.0,0.082,12.167,1,0,1,matched,Eukaryota,0.0
Caenorhabditis,57,495,0.08,0.12,146,45,146,0.29,0.22,100.0,1.267,0.789,1,0,1,matched,Eukaryota,0.0
Zea,372,6252,0.52,1.56,124,2,124,0.25,0.01,100.0,186.0,0.005,1,0,1,matched,Eukaryota,0.0
Venturia,4,4,0.01,0.0,110,9,110,0.22,0.04,100.0,0.444,2.25,1,0,1,matched,Eukaryota,0.0
Exophiala,48,94,0.07,0.02,108,19,105,0.22,0.09,97.22,2.526,0.396,1,0,1,matched,Eukaryota,0.0
Rhizopus,67,969,0.09,0.24,96,6,96,0.19,0.03,100.0,11.167,0.09,1,0,1,matched,Eukaryota,0.0
Malassezia,298,11722,0.42,2.92,95,20,84,0.19,0.1,88.42,14.9,0.067,1,0,1,matched,Eukaryota,0.0
Schizosaccharomyces,2,13,0.0,0.0,94,8,93,0.19,0.04,98.94,0.25,4.0,1,0,1,matched,Eukaryota,0.0
Blastocystis,72,618,0.1,0.15,90,15,24,0.18,0.07,26.67,4.8,0.208,1,0,1,matched,Eukaryota,0.0
Trypanosoma,85,824,0.12,0.21,78,22,78,0.16,0.11,100.0,3.864,0.259,1,0,1,matched,Eukaryota,0.0
Zymoseptoria,16,52,0.02,0.01,75,6,75,0.15,0.03,100.0,2.667,0.375,1,0,1,matched,Eukaryota,0.0
Pythium,302,870,0.43,0.22,70,46,70,0.14,0.22,100.0,6.565,0.152,1,0,1,matched,Eukaryota,0.0
Oribatida,16,24,0.02,0.01,64,59,62,0.13,0.29,96.88,0.271,3.688,0,47,47,matched,Eukaryota,0.0
Corynespora,55,265,0.08,0.07,58,2,58,0.12,0.01,100.0,27.5,0.036,1,0,1,matched,Eukaryota,0.0
Bathycoccus,15,99,0.02,0.02,47,10,13,0.09,0.05,27.66,1.5,0.667,1,0,1,matched,Eukaryota,0.0
Debaryomyces,1,1,0.0,0.0,45,14,42,0.09,0.07,93.33,0.071,14.0,1,0,1,matched,Eukaryota,0.0
Lipomyces,3,6,0.0,0.0,44,19,44,0.09,0.09,100.0,0.158,6.333,1,0,1,matched,Eukaryota,0.0
Glycine,85,1830,0.12,0.46,44,4,44,0.09,0.02,100.0,21.25,0.047,1,0,1,matched,Eukaryota,0.0
Rhizophagus,236,4813,0.33,1.2,41,7,41,0.08,0.03,100.0,33.714,0.03,1,0,1,matched,Eukaryota,0.0
Trichosporon,42,252,0.06,0.06,33,10,32,0.07,0.05,96.97,4.2,0.238,1,0,1,matched,Eukaryota,0.0
Mortierella,6,6,0.01,0.0,32,20,32,0.06,0.1,100.0,0.3,3.333,1,0,1,matched,Eukaryota,0.0
Populus,16,126,0.02,0.03,32,16,32,0.06,0.08,100.0,1.0,1.0,1,0,1,matched,Eukaryota,0.0
Acanthamoeba,104,748,0.15,0.19,31,21,30,0.06,0.1,96.77,4.952,0.202,1,0,1,matched,Eukaryota,0.0
Russula,71,776,0.1,0.19,29,21,29,0.06,0.1,100.0,3.381,0.296,1,0,1,matched,Eukaryota,0.0
Danio,65,111,0.09,0.03,28,7,28,0.06,0.03,100.0,9.286,0.108,1,0,1,matched,Eukaryota,0.0
Phialophora,15,31,0.02,0.01,28,6,28,0.06,0.03,100.0,2.5,0.4,1,0,1,matched,Eukaryota,0.0
Ostreococcus,293,6432,0.41,1.6,27,12,9,0.05,0.06,33.33,24.417,0.041,1,0,1,matched,Eukaryota,0.0
Chlamydomonas,23,107,0.03,0.03,27,17,27,0.05,0.08,100.0,1.353,0.739,1,0,1,matched,Eukaryota,0.0
Schistosoma,190,955,0.27,0.24,26,13,26,0.05,0.06,100.0,14.615,0.068,1,0,1,matched,Eukaryota,0.0
Daphnia,10,26,0.01,0.01,26,9,19,0.05,0.04,73.08,1.111,0.9,1,0,1,matched,Eukaryota,0.0
Sorghum,1,2,0.0,0.0,26,1,26,0.05,0.0,100.0,1.0,1.0,1,0,1,matched,Eukaryota,0.0
Apis,236,762,0.33,0.19,26,6,26,0.05,0.03,100.0,39.333,0.025,1,0,1,matched,Eukaryota,0.0
Heterodera,228,2028,0.32,0.51,25,9,25,0.05,0.04,100.0,25.333,0.039,1,0,1,matched,Eukaryota,0.0
Thalassiosira,309,6048,0.44,1.51,22,18,18,0.04,0.09,81.82,17.167,0.058,1,0,1,matched,Eukaryota,0.0
Pristionchus,70,366,0.1,0.09,20,8,20,0.04,0.04,100.0,8.75,0.114,1,0,1,matched,Eukaryota,0.0
Rattus,58,114,0.08,0.03,20,2,20,0.04,0.01,100.0,29.0,0.034,1,0,1,matched,Eukaryota,0.0
Podospora,6,12,0.01,0.0,18,13,18,0.04,0.06,100.0,0.462,2.167,1,0,1,matched,Eukaryota,0.0
Paramecium,65,547,0.09,0.14,18,9,18,0.04,0.04,100.0,7.222,0.138,1,0,1,matched,Eukaryota,0.0
Coccidioides,11,17,0.02,0.0,18,2,18,0.04,0.01,100.0,5.5,0.182,1,0,1,matched,Eukaryota,0.0
Culex,62,345,0.09,0.09,17,6,17,0.03,0.03,100.0,10.333,0.097,1,0,1,matched,Eukaryota,0.0
Nannochloropsis,39,315,0.06,0.08,17,6,17,0.03,0.03,100.0,6.5,0.154,1,0,1,matched,Eukaryota,0.0
Batrachochytrium,3,45,0.0,0.01,17,2,17,0.03,0.01,100.0,1.5,0.667,1,0,1,matched,Eukaryota,0.0
Neocallimastix,3,4,0.0,0.0,14,2,2,0.03,0.01,14.29,1.5,0.667,1,0,1,matched,Eukaryota,0.0
Skeletonema,1,1,0.0,0.0,13,8,10,0.03,0.04,76.92,0.125,8.0,1,0,1,matched,Eukaryota,0.0
Taphrina,17,80,0.02,0.02,13,9,13,0.03,0.04,100.0,1.889,0.529,1,0,1,matched,Eukaryota,0.0
Teratosphaeria,29,32,0.04,0.01,13,8,12,0.03,0.04,92.31,3.625,0.276,1,0,1,matched,Eukaryota,0.0
Ectocarpus,77,666,0.11,0.17,12,9,12,0.02,0.04,100.0,8.556,0.117,1,0,1,matched,Eukaryota,0.0
Cladophialophora,1,6,0.0,0.0,11,8,11,0.02,0.04,100.0,0.125,8.0,1,0,1,matched,Eukaryota,0.0
Anolis,4,42,0.01,0.01,11,8,8,0.02,0.04,72.73,0.5,2.0,1,0,1,matched,Eukaryota,0.0
Coccomyxa,20,87,0.03,0.02,10,6,8,0.02,0.03,80.0,3.333,0.3,1,0,1,matched,Eukaryota,0.0
Ditylenchus,4,4,0.01,0.0,9,3,9,0.02,0.01,100.0,1.333,0.75,1,0,1,matched,Eukaryota,0.0
Brachypodium,7,18,0.01,0.0,8,4,8,0.02,0.02,100.0,1.75,0.571,1,0,1,matched,Eukaryota,0.0
Mrakia,11,95,0.02,0.02,8,6,8,0.02,0.03,100.0,1.833,0.545,1,0,1,matched,Eukaryota,0.0
Xenopus,5,9,0.01,0.0,8,5,8,0.02,0.02,100.0,1.0,1.0,1,0,1,matched,Eukaryota,0.0
Lecanicillium,225,1334,0.32,0.33,8,6,8,0.02,0.03,100.0,37.5,0.027,1,0,1,matched,Eukaryota,0.0
Crassostrea,13,29,0.02,0.01,7,5,7,0.01,0.02,100.0,2.6,0.385,1,0,1,matched,Eukaryota,0.0
Piromyces,1,6,0.0,0.0,7,3,2,0.01,0.01,28.57,0.333,3.0,1,0,1,matched,Eukaryota,0.0
Smittium,60,247,0.08,0.06,7,6,7,0.01,0.03,100.0,10.0,0.1,1,0,1,matched,Eukaryota,0.0
Conus,45,225,0.06,0.06,6,6,6,0.01,0.03,100.0,7.5,0.133,1,0,1,matched,Eukaryota,0.0
Ulva,55,176,0.08,0.04,6,4,6,0.01,0.02,100.0,13.75,0.073,1,0,1,matched,Eukaryota,0.0
Auxenochlorella,23,524,0.03,0.13,6,2,6,0.01,0.01,100.0,11.5,0.087,1,0,1,matched,Eukaryota,0.0
Cafeteria,18,75,0.03,0.02,6,2,5,0.01,0.01,83.33,9.0,0.111,1,0,1,matched,Eukaryota,0.0
Chrysaora,13,32,0.02,0.01,5,4,5,0.01,0.02,100.0,3.25,0.308,1,0,1,matched,Eukaryota,0.0
Aureococcus,36,182,0.05,0.05,5,1,5,0.01,0.0,100.0,36.0,0.028,1,0,1,matched,Eukaryota,0.0
Hyaloscypha,40,131,0.06,0.03,5,5,5,0.01,0.02,100.0,8.0,0.125,1,0,1,matched,Eukaryota,0.0
Micractinium,2,10,0.0,0.0,4,4,4,0.01,0.02,100.0,0.5,2.0,1,0,1,matched,Eukaryota,0.0
Strigomonas,6,30,0.01,0.01,4,3,4,0.01,0.01,100.0,2.0,0.5,1,0,1,matched,Eukaryota,0.0
Chlorociboria,56,565,0.08,0.14,4,2,4,0.01,0.01,100.0,28.0,0.036,1,0,1,matched,Eukaryota,0.0
Chloropicon,15,50,0.02,0.01,4,2,4,0.01,0.01,100.0,7.5,0.133,1,0,1,matched,Eukaryota,0.0
Phytomonas,3,7,0.0,0.0,4,4,4,0.01,0.02,100.0,0.75,1.333,1,0,1,matched,Eukaryota,0.0
Cyanidioschyzon,2,21,0.0,0.01,4,1,4,0.01,0.0,100.0,2.0,0.5,1,0,1,matched,Eukaryota,0.0
Ricinus,13,15,0.02,0.0,4,3,4,0.01,0.01,100.0,4.333,0.231,1,0,1,matched,Eukaryota,0.0
Nematostella,14,36,0.02,0.01,4,1,4,0.01,0.0,100.0,14.0,0.071,1,0,1,matched,Eukaryota,0.0
Allomyces,16,114,0.02,0.03,3,3,3,0.01,0.01,100.0,5.333,0.188,1,0,1,matched,Eukaryota,0.0
Leptomonas,53,327,0.07,0.08,3,2,3,0.01,0.01,100.0,26.5,0.038,1,0,1,matched,Eukaryota,0.0
Rhizoclosmatium,12,82,0.02,0.02,3,3,3,0.01,0.01,100.0,4.0,0.25,1,0,1,matched,Eukaryota,0.0
Balamuthia,8,12,0.01,0.0,3,1,3,0.01,0.0,100.0,8.0,0.125,1,0,1,matched,Eukaryota,0.0
Phaeosphaeria,172,1177,0.24,0.29,3,3,3,0.01,0.01,100.0,57.333,0.017,1,0,1,matched,Eukaryota,0.0
Acyrthosiphon,49,436,0.07,0.11,3,2,3,0.01,0.01,100.0,24.5,0.041,1,0,1,matched,Eukaryota,0.0
Coelomomyces,10,29,0.01,0.01,3,1,3,0.01,0.0,100.0,10.0,0.1,1,0,1,matched,Eukaryota,0.0
Monoraphidium,1,1,0.0,0.0,3,3,2,0.01,0.01,66.67,0.333,3.0,1,0,1,matched,Eukaryota,0.0
Botryococcus,5,8,0.01,0.0,3,1,3,0.01,0.0,100.0,5.0,0.2,1,0,1,matched,Eukaryota,0.0
Phaeodactylum,15,37,0.02,0.01,3,1,3,0.01,0.0,100.0,15.0,0.067,1,0,1,matched,Eukaryota,0.0
Mastigamoeba,1609,10879,2.27,2.71,2,1,2,0.0,0.0,100.0,1609.0,0.001,1,0,1,matched,Eukaryota,0.0
Stylonychia,800,7715,1.13,1.92,2,1,2,0.0,0.0,100.0,800.0,0.001,1,0,1,matched,Eukaryota,0.0
Trichocladium,25,579,0.04,0.14,2,2,2,0.0,0.01,100.0,12.5,0.08,1,0,1,matched,Eukaryota,0.0
Ustanciosporium,69,166,0.1,0.04,2,1,2,0.0,0.0,100.0,69.0,0.014,1,0,1,matched,Eukaryota,0.0
Vannella,56,94,0.08,0.02,2,1,0,0.0,0.0,0.0,56.0,0.018,1,0,1,matched,Eukaryota,0.0
Limulus,36,122,0.05,0.03,2,1,2,0.0,0.0,100.0,36.0,0.028,1,0,1,matched,Eukaryota,0.0
Spizellomyces,52,167,0.07,0.04,2,2,2,0.0,0.01,100.0,26.0,0.038,1,0,1,matched,Eukaryota,0.0
Paulinella,17,24,0.02,0.01,2,1,2,0.0,0.0,100.0,17.0,0.059,1,0,1,matched,Eukaryota,0.0
Mayetiola,2,11,0.0,0.0,2,1,2,0.0,0.0,100.0,2.0,0.5,1,0,1,matched,Eukaryota,0.0
Saprolegnia,5,126,0.01,0.03,2,2,2,0.0,0.01,100.0,2.5,0.4,1,0,1,matched,Eukaryota,0.0
Panellus,2,3,0.0,0.0,2,2,2,0.0,0.01,100.0,1.0,1.0,1,0,1,matched,Eukaryota,0.0
Hyphodiscus,1,1,0.0,0.0,2,2,2,0.0,0.01,100.0,0.5,2.0,1,0,1,matched,Eukaryota,0.0
Lecidea,3,9,0.0,0.0,2,2,0,0.0,0.01,0.0,1.5,0.667,1,0,1,matched,Eukaryota,0.0
Spumella,12,14,0.02,0.0,2,2,2,0.0,0.01,100.0,6.0,0.167,1,0,1,matched,Eukaryota,0.0
Philaenus,5,7,0.01,0.0,2,1,2,0.0,0.0,100.0,5.0,0.2,1,0,1,matched,Eukaryota,0.0
Paramoeba,20,31,0.03,0.01,1,1,1,0.0,0.0,100.0,20.0,0.05,1,0,1,matched,Eukaryota,0.0
Rehmannia,160,265,0.23,0.07,1,1,1,0.0,0.0,100.0,160.0,0.006,1,0,1,matched,Eukaryota,0.0
Neovahlkampfia,211,780,0.3,0.19,1,1,1,0.0,0.0,100.0,211.0,0.005,1,0,1,matched,Eukaryota,0.0
Articulospora,19,62,0.03,0.02,1,1,1,0.0,0.0,100.0,19.0,0.053,1,0,1,matched,Eukaryota,0.0
Ichthyophthirius,19,444,0.03,0.11,1,1,1,0.0,0.0,100.0,19.0,0.053,1,0,1,matched,Eukaryota,0.0
Eurytemora,21,89,0.03,0.02,1,1,1,0.0,0.0,100.0,21.0,0.048,1,0,1,matched,Eukaryota,0.0
Hexamita,32,113,0.05,0.03,1,1,1,0.0,0.0,100.0,32.0,0.031,1,0,1,matched,Eukaryota,0.0
Pycnora,46,237,0.06,0.06,1,1,0,0.0,0.0,0.0,46.0,0.022,1,0,1,matched,Eukaryota,0.0
Labyrinthula,62,238,0.09,0.06,1,1,1,0.0,0.0,100.0,62.0,0.016,1,0,1,matched,Eukaryota,0.0
Sabatieria,16,95,0.02,0.02,1,1,1,0.0,0.0,100.0,16.0,0.062,1,0,1,matched,Eukaryota,0.0
Bodo,10,15,0.01,0.0,1,1,1,0.0,0.0,100.0,10.0,0.1,1,0,1,matched,Eukaryota,0.0
Aculops,5,7,0.01,0.0,1,1,1,0.0,0.0,100.0,5.0,0.2,1,0,1,matched,Eukaryota,0.0
Tilletiopsis,8,53,0.01,0.01,1,1,1,0.0,0.0,100.0,8.0,0.125,1,0,1,matched,Eukaryota,0.0
Chydorus,12,27,0.02,0.01,1,1,1,0.0,0.0,100.0,12.0,0.083,1,0,1,matched,Eukaryota,0.0
Aphelidium,12,17,0.02,0.0,1,1,1,0.0,0.0,100.0,12.0,0.083,1,0,1,matched,Eukaryota,0.0
Mitosporidium,9,13,0.01,0.0,1,1,1,0.0,0.0,100.0,9.0,0.111,1,0,1,matched,Eukaryota,0.0
Acartia,4,7,0.01,0.0,1,1,1,0.0,0.0,100.0,4.0,0.25,1,0,1,matched,Eukaryota,0.0
Coniophora,2,3,0.0,0.0,1,1,1,0.0,0.0,100.0,2.0,0.5,1,0,1,matched,Eukaryota,0.0
Thamnocephalis,3,4,0.0,0.0,1,1,1,0.0,0.0,100.0,3.0,0.333,1,0,1,matched,Eukaryota,0.0
Neofabraea,3,6,0.0,0.0,1,1,1,0.0,0.0,100.0,3.0,0.333,1,0,1,matched,Eukaryota,0.0
Polychytrium,5,6,0.01,0.0,1,1,1,0.0,0.0,100.0,5.0,0.2,1,0,1,matched,Eukaryota,0.0
Raphidocelis,2,2,0.0,0.0,1,1,1,0.0,0.0,100.0,2.0,0.5,1,0,1,matched,Eukaryota,0.0
Paramicrosporidium,2,8,0.0,0.0,1,1,1,0.0,0.0,100.0,2.0,0.5,1,0,1,matched,Eukaryota,0.0
Simocephalus,1,2,0.0,0.0,1,1,1,0.0,0.0,100.0,1.0,1.0,1,0,1,matched,Eukaryota,0.0
Tuckermannopsis,1,5,0.0,0.0,1,1,0,0.0,0.0,0.0,1.0,1.0,1,0,1,matched,Eukaryota,0.0
Fusarium,0,0,0.0,0.0,1811,262,1808,3.63,1.27,99.83,,,0,0,0,ncbi_only,Eukaryota,0.0
Macrophomina,0,0,0.0,0.0,491,6,491,0.98,0.03,100.0,,,0,0,0,ncbi_only,Eukaryota,0.0
Pyricularia,0,0,0.0,0.0,435,13,435,0.87,0.06,100.0,,,0,0,0,ncbi_only,Eukaryota,0.0
Candidozyma,0,0,0.0,0.0,434,10,434,0.87,0.05,100.0,,,0,0,0,ncbi_only,Eukaryota,0.0
Beauveria,0,0,0.0,0.0,347,14,347,0.7,0.07,100.0,,,0,0,0,ncbi_only,Eukaryota,0.0
Beta,0,0,0.0,0.0,331,5,331,0.66,0.02,100.0,,,0,0,0,ncbi_only,Eukaryota,0.0
Vitis,0,0,0.0,0.0,279,38,210,0.56,0.18,75.27,,,0,0,0,ncbi_only,Eukaryota,0.0
Bos,0,0,0.0,0.0,241,10,241,0.48,0.05,100.0,,,0,0,0,ncbi_only,Eukaryota,0.0
Heliconius,0,0,0.0,0.0,224,42,224,0.45,0.2,100.0,,,0,0,0,ncbi_only,Eukaryota,0.0
Hordeum,0,0,0.0,0.0,216,4,216,0.43,0.02,100.0,,,0,0,0,ncbi_only,Eukaryota,0.0
Junonia,0,0,0.0,0.0,210,14,210,0.42,0.07,100.0,,,0,0,0,ncbi_only,Eukaryota,0.0
Alternaria,0,0,0.0,0.0,209,62,209,0.42,0.3,100.0,,,0,0,0,ncbi_only,Eukaryota,0.0
Solanum,0,0,0.0,0.0,205,59,205,0.41,0.29,100.0,,,0,0,0,ncbi_only,Eukaryota,0.0
Rhodotorula,0,0,0.0,0.0,191,21,187,0.38,0.1,97.91,,,0,0,0,ncbi_only,Eukaryota,0.0
Komagataella,0,0,0.0,0.0,190,7,0,0.38,0.03,0.0,,,0,0,0,ncbi_only,Eukaryota,0.0
Parastagonospora,0,0,0.0,0.0,189,2,189,0.38,0.01,100.0,,,0,0,0,ncbi_only,Eukaryota,0.0
Aureobasidium,0,0,0.0,0.0,183,27,180,0.37,0.13,98.36,,,0,0,0,ncbi_only,Eukaryota,0.0
Trichoderma,0,0,0.0,0.0,174,50,174,0.35,0.24,100.0,,,0,0,0,ncbi_only,Eukaryota,0.0
Metschnikowia,0,0,0.0,0.0,165,81,164,0.33,0.39,99.39,,,0,0,0,ncbi_only,Eukaryota,0.0
Pichia,0,0,0.0,0.0,164,48,161,0.33,0.23,98.17,,,0,0,0,ncbi_only,Eukaryota,0.0
Plasmodium,0,0,0.0,0.0,164,25,164,0.33,0.12,100.0,,,0,0,0,ncbi_only,Eukaryota,0.0
Ogataea,0,0,0.0,0.0,150,58,150,0.3,0.28,100.0,,,0,0,0,ncbi_only,Eukaryota,0.0
Zygosaccharomyces,0,0,0.0,0.0,148,14,148,0.3,0.07,100.0,,,0,0,0,ncbi_only,Eukaryota,0.0
Botryosphaeria,0,0,0.0,0.0,142,3,142,0.28,0.01,100.0,,,0,0,0,ncbi_only,Eukaryota,0.0
Psilocybe,0,0,0.0,0.0,141,12,141,0.28,0.06,100.0,,,0,0,0,ncbi_only,Eukaryota,0.0
Scheffersomyces,0,0,0.0,0.0,139,20,139,0.28,0.1,100.0,,,0,0,0,ncbi_only,Eukaryota,0.0
Malus,0,0,0.0,0.0,138,35,138,0.28,0.17,100.0,,,0,0,0,ncbi_only,Eukaryota,0.0
Aphelocoma,0,0,0.0,0.0,136,4,136,0.27,0.02,100.0,,,0,0,0,ncbi_only,Eukaryota,0.0
Leishmania,0,0,0.0,0.0,133,30,133,0.27,0.15,100.0,,,0,0,0,ncbi_only,Eukaryota,0.0
Lachancea,0,0,0.0,0.0,131,13,131,0.26,0.06,100.0,,,0,0,0,ncbi_only,Eukaryota,0.0
Torulaspora,0,0,0.0,0.0,121,13,120,0.24,0.06,99.17,,,0,0,0,ncbi_only,Eukaryota,0.0
Cryphonectria,0,0,0.0,0.0,115,7,115,0.23,0.03,100.0,,,0,0,0,ncbi_only,Eukaryota,0.0
Anopheles,0,0,0.0,0.0,114,46,114,0.23,0.22,100.0,,,0,0,0,ncbi_only,Eukaryota,0.0
Neolamprologus,0,0,0.0,0.0,113,56,111,0.23,0.27,98.23,,,0,0,0,ncbi_only,Eukaryota,0.0
Sebastes,0,0,0.0,0.0,112,80,112,0.22,0.39,100.0,,,0,0,0,ncbi_only,Eukaryota,0.0
Trichophyton,0,0,0.0,0.0,104,14,104,0.21,0.07,100.0,,,0,0,0,ncbi_only,Eukaryota,0.0
Claviceps,0,0,0.0,0.0,104,34,104,0.21,0.16,100.0,,,0,0,0,ncbi_only,Eukaryota,0.0
Clavispora,0,0,0.0,0.0,102,9,100,0.2,0.04,98.04,,,0,0,0,ncbi_only,Eukaryota,0.0
Talaromyces,0,0,0.0,0.0,97,54,97,0.19,0.26,100.0,,,0,0,0,ncbi_only,Eukaryota,0.0
Pyrenophora,0,0,0.0,0.0,91,4,91,0.18,0.02,100.0,,,0,0,0,ncbi_only,Eukaryota,0.0
Nakaseomyces,0,0,0.0,0.0,90,7,89,0.18,0.03,98.89,,,0,0,0,ncbi_only,Eukaryota,0.0
Triticum,0,0,0.0,0.0,89,6,89,0.18,0.03,100.0,,,0,0,0,ncbi_only,Eukaryota,0.0
Globisporangium,0,0,0.0,0.0,87,48,87,0.17,0.23,100.0,,,0,0,0,ncbi_only,Eukaryota,0.0
Ophidiomyces,0,0,0.0,0.0,86,1,86,0.17,0.0,100.0,,,0,0,0,ncbi_only,Eukaryota,0.0
Paecilomyces,0,0,0.0,0.0,84,19,84,0.17,0.09,100.0,,,0,0,0,ncbi_only,Eukaryota,0.0
Citrus,0,0,0.0,0.0,84,25,84,0.17,0.12,100.0,,,0,0,0,ncbi_only,Eukaryota,0.0
Yarrowia,0,0,0.0,0.0,83,19,83,0.17,0.09,100.0,,,0,0,0,ncbi_only,Eukaryota,0.0
Cryptosporidium,0,0,0.0,0.0,83,20,82,0.17,0.1,98.8,,,0,0,0,ncbi_only,Eukaryota,0.0
Yamadazyma,0,0,0.0,0.0,81,59,81,0.16,0.29,100.0,,,0,0,0,ncbi_only,Eukaryota,0.0
Entrophospora,0,0,0.0,0.0,79,2,79,0.16,0.01,100.0,,,0,0,0,ncbi_only,Eukaryota,0.0
Botrytis,0,0,0.0,0.0,78,16,78,0.16,0.08,100.0,,,0,0,0,ncbi_only,Eukaryota,0.0
Mus,0,0,0.0,0.0,78,6,78,0.16,0.03,100.0,,,0,0,0,ncbi_only,Eukaryota,0.0
Wickerhamomyces,0,0,0.0,0.0,78,45,78,0.16,0.22,100.0,,,0,0,0,ncbi_only,Eukaryota,0.0
Saccharomycopsis,0,0,0.0,0.0,78,27,78,0.16,0.13,100.0,,,0,0,0,ncbi_only,Eukaryota,0.0
Boletus,0,0,0.0,0.0,75,64,75,0.15,0.31,100.0,,,0,0,0,ncbi_only,Eukaryota,0.0
Ovis,0,0,0.0,0.0,75,6,75,0.15,0.03,100.0,,,0,0,0,ncbi_only,Eukaryota,0.0
Calonectria,0,0,0.0,0.0,74,19,74,0.15,0.09,100.0,,,0,0,0,ncbi_only,Eukaryota,0.0
Brassica,0,0,0.0,0.0,73,9,73,0.15,0.04,100.0,,,0,0,0,ncbi_only,Eukaryota,0.0
Hortaea,0,0,0.0,0.0,73,2,72,0.15,0.01,98.63,,,0,0,0,ncbi_only,Eukaryota,0.0
Ceratocystis,0,0,0.0,0.0,73,28,73,0.15,0.14,100.0,,,0,0,0,ncbi_only,Eukaryota,0.0
Verticillium,0,0,0.0,0.0,73,10,73,0.15,0.05,100.0,,,0,0,0,ncbi_only,Eukaryota,0.0
Lagorchestes,0,0,0.0,0.0,70,2,70,0.14,0.01,100.0,,,0,0,0,ncbi_only,Eukaryota,0.0
Hanseniaspora,0,0,0.0,0.0,69,22,66,0.14,0.11,95.65,,,0,0,0,ncbi_only,Eukaryota,0.0
Gossypium,0,0,0.0,0.0,67,29,67,0.13,0.14,100.0,,,0,0,0,ncbi_only,Eukaryota,0.0
Epichloe,0,0,0.0,0.0,66,28,66,0.13,0.14,100.0,,,0,0,0,ncbi_only,Eukaryota,0.0
Diaporthe,0,0,0.0,0.0,65,34,65,0.13,0.16,100.0,,,0,0,0,ncbi_only,Eukaryota,0.0
Cucumis,0,0,0.0,0.0,64,9,63,0.13,0.04,98.44,,,0,0,0,ncbi_only,Eukaryota,0.0
Puccinia,0,0,0.0,0.0,64,12,64,0.13,0.06,100.0,,,0,0,0,ncbi_only,Eukaryota,0.0
Erythroxylum,0,0,0.0,0.0,63,62,63,0.13,0.3,100.0,,,0,0,0,ncbi_only,Eukaryota,0.0
Cordyceps,0,0,0.0,0.0,63,11,63,0.13,0.05,100.0,,,0,0,0,ncbi_only,Eukaryota,0.0
Tilletia,0,0,0.0,0.0,62,11,62,0.12,0.05,100.0,,,0,0,0,ncbi_only,Eukaryota,0.0
Wickerhamiella,0,0,0.0,0.0,61,33,60,0.12,0.16,98.36,,,0,0,0,ncbi_only,Eukaryota,0.0
Microbotryum,0,0,0.0,0.0,60,7,60,0.12,0.03,100.0,,,0,0,0,ncbi_only,Eukaryota,0.0
Rotaria,0,0,0.0,0.0,59,6,43,0.12,0.03,72.88,,,0,0,0,ncbi_only,Eukaryota,0.0
Cyberlindnera,0,0,0.0,0.0,59,37,59,0.12,0.18,100.0,,,0,0,0,ncbi_only,Eukaryota,0.0
Saitozyma,0,0,0.0,0.0,58,2,58,0.12,0.01,100.0,,,0,0,0,ncbi_only,Eukaryota,0.0
Prunus,0,0,0.0,0.0,58,20,58,0.12,0.1,100.0,,,0,0,0,ncbi_only,Eukaryota,0.0
Bombus,0,0,0.0,0.0,57,42,57,0.11,0.2,100.0,,,0,0,0,ncbi_only,Eukaryota,0.0
Falco,0,0,0.0,0.0,56,27,56,0.11,0.13,100.0,,,0,0,0,ncbi_only,Eukaryota,0.0
Starmerella,0,0,0.0,0.0,56,31,53,0.11,0.15,94.64,,,0,0,0,ncbi_only,Eukaryota,0.0
Leccinum,0,0,0.0,0.0,56,52,56,0.11,0.25,100.0,,,0,0,0,ncbi_only,Eukaryota,0.0
Kluyveromyces,0,0,0.0,0.0,54,10,53,0.11,0.05,98.15,,,0,0,0,ncbi_only,Eukaryota,0.0
Gyromitra,0,0,0.0,0.0,54,33,54,0.11,0.16,100.0,,,0,0,0,ncbi_only,Eukaryota,0.0
Plasmodiophora,0,0,0.0,0.0,52,1,52,0.1,0.0,100.0,,,0,0,0,ncbi_only,Eukaryota,0.0
Phyllosticta,0,0,0.0,0.0,52,7,52,0.1,0.03,100.0,,,0,0,0,ncbi_only,Eukaryota,0.0
Oscheius,0,0,0.0,0.0,52,19,52,0.1,0.09,100.0,,,0,0,0,ncbi_only,Eukaryota,0.0
Macaca,0,0,0.0,0.0,51,15,51,0.1,0.07,100.0,,,0,0,0,ncbi_only,Eukaryota,0.0
Erebia,0,0,0.0,0.0,50,26,50,0.1,0.13,100.0,,,0,0,0,ncbi_only,Eukaryota,0.0
Lasallia,0,0,0.0,0.0,50,2,1,0.1,0.01,2.0,,,0,0,0,ncbi_only,Eukaryota,0.0
Wallemia,0,0,0.0,0.0,49,3,49,0.1,0.01,100.0,,,0,0,0,ncbi_only,Eukaryota,0.0
Acropora,0,0,0.0,0.0,48,25,48,0.1,0.12,100.0,,,0,0,0,ncbi_only,Eukaryota,0.0
Rhizoctonia,0,0,0.0,0.0,46,1,46,0.09,0.0,100.0,,,0,0,0,ncbi_only,Eukaryota,0.0
Xylaria,0,0,0.0,0.0,46,37,46,0.09,0.18,100.0,,,0,0,0,ncbi_only,Eukaryota,0.0
Capra,0,0,0.0,0.0,45,5,45,0.09,0.02,100.0,,,0,0,0,ncbi_only,Eukaryota,0.0
Sus,0,0,0.0,0.0,45,2,45,0.09,0.01,100.0,,,0,0,0,ncbi_only,Eukaryota,0.0
Schizophyllum,0,0,0.0,0.0,45,3,45,0.09,0.01,100.0,,,0,0,0,ncbi_only,Eukaryota,0.0
Eucalyptus,0,0,0.0,0.0,45,37,45,0.09,0.18,100.0,,,0,0,0,ncbi_only,Eukaryota,0.0
Sclerotinia,0,0,0.0,0.0,44,12,44,0.09,0.06,100.0,,,0,0,0,ncbi_only,Eukaryota,0.0
Termitomyces,0,0,0.0,0.0,44,44,44,0.09,0.21,100.0,,,0,0,0,ncbi_only,Eukaryota,0.0
Geotrichum,0,0,0.0,0.0,44,16,44,0.09,0.08,100.0,,,0,0,0,ncbi_only,Eukaryota,0.0
Micromonas,0,0,0.0,0.0,44,15,4,0.09,0.07,9.09,,,0,0,0,ncbi_only,Eukaryota,0.0
Gallus,0,0,0.0,0.0,44,1,44,0.09,0.0,100.0,,,0,0,0,ncbi_only,Eukaryota,0.0
Sporothrix,0,0,0.0,0.0,43,23,41,0.09,0.11,95.35,,,0,0,0,ncbi_only,Eukaryota,0.0
Xenotilapia,0,0,0.0,0.0,43,20,43,0.09,0.1,100.0,,,0,0,0,ncbi_only,Eukaryota,0.0
Ascochyta,0,0,0.0,0.0,42,8,42,0.08,0.04,100.0,,,0,0,0,ncbi_only,Eukaryota,0.0
Oryzias,0,0,0.0,0.0,42,8,42,0.08,0.04,100.0,,,0,0,0,ncbi_only,Eukaryota,0.0
Pleurotus,0,0,0.0,0.0,41,14,41,0.08,0.07,100.0,,,0,0,0,ncbi_only,Eukaryota,0.0
Cladosporium,0,0,0.0,0.0,41,25,41,0.08,0.12,100.0,,,0,0,0,ncbi_only,Eukaryota,0.0
Bipolaris,0,0,0.0,0.0,41,9,41,0.08,0.04,100.0,,,0,0,0,ncbi_only,Eukaryota,0.0
Panicum,0,0,0.0,0.0,41,4,41,0.08,0.02,100.0,,,0,0,0,ncbi_only,Eukaryota,0.0
Eutypa,0,0,0.0,0.0,41,1,41,0.08,0.0,100.0,,,0,0,0,ncbi_only,Eukaryota,0.0
Cyclospora,0,0,0.0,0.0,41,1,41,0.08,0.0,100.0,,,0,0,0,ncbi_only,Eukaryota,0.0
Neofusicoccum,0,0,0.0,0.0,41,10,41,0.08,0.05,100.0,,,0,0,0,ncbi_only,Eukaryota,0.0
Emesis,0,0,0.0,0.0,40,37,40,0.08,0.18,100.0,,,0,0,0,ncbi_only,Eukaryota,0.0
Ustilago,0,0,0.0,0.0,39,17,39,0.08,0.08,100.0,,,0,0,0,ncbi_only,Eukaryota,0.0
Desmognathus,0,0,0.0,0.0,39,38,39,0.08,0.18,100.0,,,0,0,0,ncbi_only,Eukaryota,0.0
Isoodon,0,0,0.0,0.0,39,5,39,0.08,0.02,100.0,,,0,0,0,ncbi_only,Eukaryota,0.0
Mycosarcoma,0,0,0.0,0.0,39,2,39,0.08,0.01,100.0,,,0,0,0,ncbi_only,Eukaryota,0.0
Giardia,0,0,0.0,0.0,38,2,38,0.08,0.01,100.0,,,0,0,0,ncbi_only,Eukaryota,0.0
Mustela,0,0,0.0,0.0,38,8,38,0.08,0.04,100.0,,,0,0,0,ncbi_only,Eukaryota,0.0
Quercus,0,0,0.0,0.0,38,22,38,0.08,0.11,100.0,,,0,0,0,ncbi_only,Eukaryota,0.0
Mucor,0,0,0.0,0.0,37,14,37,0.07,0.07,100.0,,,0,0,0,ncbi_only,Eukaryota,0.0
Anas,0,0,0.0,0.0,37,12,37,0.07,0.06,100.0,,,0,0,0,ncbi_only,Eukaryota,0.0
Citrullus,0,0,0.0,0.0,37,7,37,0.07,0.03,100.0,,,0,0,0,ncbi_only,Eukaryota,0.0
Chenopodium,0,0,0.0,0.0,36,13,36,0.07,0.06,100.0,,,0,0,0,ncbi_only,Eukaryota,0.0
Lentinula,0,0,0.0,0.0,36,10,35,0.07,0.05,97.22,,,0,0,0,ncbi_only,Eukaryota,0.0
Cladonia,0,0,0.0,0.0,36,26,15,0.07,0.13,41.67,,,0,0,0,ncbi_only,Eukaryota,0.0
Medicago,0,0,0.0,0.0,36,5,36,0.07,0.02,100.0,,,0,0,0,ncbi_only,Eukaryota,0.0
Chlorella,0,0,0.0,0.0,36,14,34,0.07,0.07,94.44,,,0,0,0,ncbi_only,Eukaryota,0.0
Papilio,0,0,0.0,0.0,36,23,36,0.07,0.11,100.0,,,0,0,0,ncbi_only,Eukaryota,0.0
Fraxinus,0,0,0.0,0.0,36,25,36,0.07,0.12,100.0,,,0,0,0,ncbi_only,Eukaryota,0.0
Cutaneotrichosporon,0,0,0.0,0.0,36,18,36,0.07,0.09,100.0,,,0,0,0,ncbi_only,Eukaryota,0.0
Brettanomyces,0,0,0.0,0.0,36,6,34,0.07,0.03,94.44,,,0,0,0,ncbi_only,Eukaryota,0.0
Cercospora,0,0,0.0,0.0,35,18,35,0.07,0.09,100.0,,,0,0,0,ncbi_only,Eukaryota,0.0
Linum,0,0,0.0,0.0,35,5,35,0.07,0.02,100.0,,,0,0,0,ncbi_only,Eukaryota,0.0
Canis,0,0,0.0,0.0,35,2,35,0.07,0.01,100.0,,,0,0,0,ncbi_only,Eukaryota,0.0
Metarhizium,0,0,0.0,0.0,35,13,35,0.07,0.06,100.0,,,0,0,0,ncbi_only,Eukaryota,0.0
Kodamaea,0,0,0.0,0.0,34,24,32,0.07,0.12,94.12,,,0,0,0,ncbi_only,Eukaryota,0.0
Pyrrhopyge,0,0,0.0,0.0,34,22,34,0.07,0.11,100.0,,,0,0,0,ncbi_only,Eukaryota,0.0
Mycena,0,0,0.0,0.0,34,31,34,0.07,0.15,100.0,,,0,0,0,ncbi_only,Eukaryota,0.0
Meloidogyne,0,0,0.0,0.0,34,11,34,0.07,0.05,100.0,,,0,0,0,ncbi_only,Eukaryota,0.0
Trebouxia,0,0,0.0,0.0,34,12,12,0.07,0.06,35.29,,,0,0,0,ncbi_only,Eukaryota,0.0
Vigna,0,0,0.0,0.0,34,9,34,0.07,0.04,100.0,,,0,0,0,ncbi_only,Eukaryota,0.0
Carex,0,0,0.0,0.0,34,20,34,0.07,0.1,100.0,,,0,0,0,ncbi_only,Eukaryota,0.0
Haemorhous,0,0,0.0,0.0,34,1,34,0.07,0.0,100.0,,,0,0,0,ncbi_only,Eukaryota,0.0
Rhizopogon,0,0,0.0,0.0,33,11,33,0.07,0.05,100.0,,,0,0,0,ncbi_only,Eukaryota,0.0
Petrochromis,0,0,0.0,0.0,33,15,33,0.07,0.07,100.0,,,0,0,0,ncbi_only,Eukaryota,0.0
Didymella,0,0,0.0,0.0,33,11,33,0.07,0.05,100.0,,,0,0,0,ncbi_only,Eukaryota,0.0
Blastomyces,0,0,0.0,0.0,33,6,33,0.07,0.03,100.0,,,0,0,0,ncbi_only,Eukaryota,0.0
Tylopilus,0,0,0.0,0.0,33,25,33,0.07,0.12,100.0,,,0,0,0,ncbi_only,Eukaryota,0.0
Lasiodiplodia,0,0,0.0,0.0,33,11,33,0.07,0.05,100.0,,,0,0,0,ncbi_only,Eukaryota,0.0
Meyerozyma,0,0,0.0,0.0,32,7,31,0.06,0.03,96.88,,,0,0,0,ncbi_only,Eukaryota,0.0
Hypoxylon,0,0,0.0,0.0,32,26,32,0.06,0.13,100.0,,,0,0,0,ncbi_only,Eukaryota,0.0
Clupea,0,0,0.0,0.0,32,1,32,0.06,0.0,100.0,,,0,0,0,ncbi_only,Eukaryota,0.0
Suhomyces,0,0,0.0,0.0,32,31,32,0.06,0.15,100.0,,,0,0,0,ncbi_only,Eukaryota,0.0
Eupithecia,0,0,0.0,0.0,32,16,32,0.06,0.08,100.0,,,0,0,0,ncbi_only,Eukaryota,0.0
Andrena,0,0,0.0,0.0,31,16,31,0.06,0.08,100.0,,,0,0,0,ncbi_only,Eukaryota,0.0
Camellia,0,0,0.0,0.0,31,8,31,0.06,0.04,100.0,,,0,0,0,ncbi_only,Eukaryota,0.0
Hermetia,0,0,0.0,0.0,31,1,5,0.06,0.0,16.13,,,0,0,0,ncbi_only,Eukaryota,0.0
Capsicum,0,0,0.0,0.0,31,5,31,0.06,0.02,100.0,,,0,0,0,ncbi_only,Eukaryota,0.0
Babesia,0,0,0.0,0.0,31,12,29,0.06,0.06,93.55,,,0,0,0,ncbi_only,Eukaryota,0.0
Morchella,0,0,0.0,0.0,30,23,30,0.06,0.11,100.0,,,0,0,0,ncbi_only,Eukaryota,0.0
Podarcis,0,0,0.0,0.0,30,14,30,0.06,0.07,100.0,,,0,0,0,ncbi_only,Eukaryota,0.0
Pseudogymnoascus,0,0,0.0,0.0,30,27,30,0.06,0.13,100.0,,,0,0,0,ncbi_only,Eukaryota,0.0
Blastobotrys,0,0,0.0,0.0,30,26,30,0.06,0.13,100.0,,,0,0,0,ncbi_only,Eukaryota,0.0
Toxoplasma,0,0,0.0,0.0,29,1,29,0.06,0.0,100.0,,,0,0,0,ncbi_only,Eukaryota,0.0
Kurtzmaniella,0,0,0.0,0.0,29,18,29,0.06,0.09,100.0,,,0,0,0,ncbi_only,Eukaryota,0.0
Ophiostoma,0,0,0.0,0.0,29,19,29,0.06,0.09,100.0,,,0,0,0,ncbi_only,Eukaryota,0.0
Tolypocladium,0,0,0.0,0.0,29,17,29,0.06,0.08,100.0,,,0,0,0,ncbi_only,Eukaryota,0.0
Melitaea,0,0,0.0,0.0,28,13,28,0.06,0.06,100.0,,,0,0,0,ncbi_only,Eukaryota,0.0
Trichinella,0,0,0.0,0.0,28,13,28,0.06,0.06,100.0,,,0,0,0,ncbi_only,Eukaryota,0.0
Maudiozyma,0,0,0.0,0.0,28,8,26,0.06,0.04,92.86,,,0,0,0,ncbi_only,Eukaryota,0.0
Suillus,0,0,0.0,0.0,28,25,28,0.06,0.12,100.0,,,0,0,0,ncbi_only,Eukaryota,0.0
Orbilia,0,0,0.0,0.0,28,6,28,0.06,0.03,100.0,,,0,0,0,ncbi_only,Eukaryota,0.0
Diplodia,0,0,0.0,0.0,28,6,28,0.06,0.03,100.0,,,0,0,0,ncbi_only,Eukaryota,0.0
Pyrrhura,0,0,0.0,0.0,27,26,27,0.05,0.13,100.0,,,0,0,0,ncbi_only,Eukaryota,0.0
Nematocida,0,0,0.0,0.0,27,14,27,0.05,0.07,100.0,,,0,0,0,ncbi_only,Eukaryota,0.0
Salix,0,0,0.0,0.0,27,11,27,0.05,0.05,100.0,,,0,0,0,ncbi_only,Eukaryota,0.0
Tropheus,0,0,0.0,0.0,27,13,27,0.05,0.06,100.0,,,0,0,0,ncbi_only,Eukaryota,0.0
Naganishia,0,0,0.0,0.0,27,17,27,0.05,0.08,100.0,,,0,0,0,ncbi_only,Eukaryota,0.0
Equus,0,0,0.0,0.0,27,4,27,0.05,0.02,100.0,,,0,0,0,ncbi_only,Eukaryota,0.0
Muschampia,0,0,0.0,0.0,27,23,27,0.05,0.11,100.0,,,0,0,0,ncbi_only,Eukaryota,0.0
Arachis,0,0,0.0,0.0,27,6,27,0.05,0.03,100.0,,,0,0,0,ncbi_only,Eukaryota,0.0
Mythimna,0,0,0.0,0.0,26,11,26,0.05,0.05,100.0,,,0,0,0,ncbi_only,Eukaryota,0.0
Akanthomyces,0,0,0.0,0.0,26,4,26,0.05,0.02,100.0,,,0,0,0,ncbi_only,Eukaryota,0.0
Friedmanniomyces,0,0,0.0,0.0,26,2,26,0.05,0.01,100.0,,,0,0,0,ncbi_only,Eukaryota,0.0
Aphanomyces,0,0,0.0,0.0,26,5,26,0.05,0.02,100.0,,,0,0,0,ncbi_only,Eukaryota,0.0
Trifolium,0,0,0.0,0.0,26,9,26,0.05,0.04,100.0,,,0,0,0,ncbi_only,Eukaryota,0.0
Oncorhynchus,0,0,0.0,0.0,25,9,25,0.05,0.04,100.0,,,0,0,0,ncbi_only,Eukaryota,0.0
Panthera,0,0,0.0,0.0,25,5,25,0.05,0.02,100.0,,,0,0,0,ncbi_only,Eukaryota,0.0
Amazona,0,0,0.0,0.0,25,20,25,0.05,0.1,100.0,,,0,0,0,ncbi_only,Eukaryota,0.0
Zaprionus,0,0,0.0,0.0,25,18,25,0.05,0.09,100.0,,,0,0,0,ncbi_only,Eukaryota,0.0
Trametes,0,0,0.0,0.0,24,16,24,0.05,0.08,100.0,,,0,0,0,ncbi_only,Eukaryota,0.0
Bactrocera,0,0,0.0,0.0,24,9,24,0.05,0.04,100.0,,,0,0,0,ncbi_only,Eukaryota,0.0
Rosa,0,0,0.0,0.0,24,11,24,0.05,0.05,100.0,,,0,0,0,ncbi_only,Eukaryota,0.0
Juglans,0,0,0.0,0.0,24,10,24,0.05,0.05,100.0,,,0,0,0,ncbi_only,Eukaryota,0.0
Armillaria,0,0,0.0,0.0,24,15,24,0.05,0.07,100.0,,,0,0,0,ncbi_only,Eukaryota,0.0
Elsinoe,0,0,0.0,0.0,24,7,24,0.05,0.03,100.0,,,0,0,0,ncbi_only,Eukaryota,0.0
Lactarius,0,0,0.0,0.0,24,16,24,0.05,0.08,100.0,,,0,0,0,ncbi_only,Eukaryota,0.0
Lasioglossum,0,0,0.0,0.0,24,15,24,0.05,0.07,100.0,,,0,0,0,ncbi_only,Eukaryota,0.0
Accipiter,0,0,0.0,0.0,24,22,24,0.05,0.11,100.0,,,0,0,0,ncbi_only,Eukaryota,0.0
Fragaria,0,0,0.0,0.0,24,8,24,0.05,0.04,100.0,,,0,0,0,ncbi_only,Eukaryota,0.0
Clonostachys,0,0,0.0,0.0,24,7,24,0.05,0.03,100.0,,,0,0,0,ncbi_only,Eukaryota,0.0
Apiotrichum,0,0,0.0,0.0,24,21,24,0.05,0.1,100.0,,,0,0,0,ncbi_only,Eukaryota,0.0
Lamprologus,0,0,0.0,0.0,23,12,23,0.05,0.06,100.0,,,0,0,0,ncbi_only,Eukaryota,0.0
Ilyonectria,0,0,0.0,0.0,23,5,23,0.05,0.02,100.0,,,0,0,0,ncbi_only,Eukaryota,0.0
Saturnispora,0,0,0.0,0.0,23,18,23,0.05,0.09,100.0,,,0,0,0,ncbi_only,Eukaryota,0.0
Apiospora,0,0,0.0,0.0,23,14,23,0.05,0.07,100.0,,,0,0,0,ncbi_only,Eukaryota,0.0
Monascus,0,0,0.0,0.0,23,3,23,0.05,0.01,100.0,,,0,0,0,ncbi_only,Eukaryota,0.0
Nicotiana,0,0,0.0,0.0,23,13,23,0.05,0.06,100.0,,,0,0,0,ncbi_only,Eukaryota,0.0
Curvularia,0,0,0.0,0.0,23,15,23,0.05,0.07,100.0,,,0,0,0,ncbi_only,Eukaryota,0.0
Petrogale,0,0,0.0,0.0,22,13,22,0.04,0.06,100.0,,,0,0,0,ncbi_only,Eukaryota,0.0
Hibiscus,0,0,0.0,0.0,22,9,22,0.04,0.04,100.0,,,0,0,0,ncbi_only,Eukaryota,0.0
Larix,0,0,0.0,0.0,22,4,22,0.04,0.02,100.0,,,0,0,0,ncbi_only,Eukaryota,0.0
Rhododendron,0,0,0.0,0.0,22,16,22,0.04,0.08,100.0,,,0,0,0,ncbi_only,Eukaryota,0.0
Euphorbia,0,0,0.0,0.0,22,15,22,0.04,0.07,100.0,,,0,0,0,ncbi_only,Eukaryota,0.0
Eimeria,0,0,0.0,0.0,22,12,22,0.04,0.06,100.0,,,0,0,0,ncbi_only,Eukaryota,0.0
Clarias,0,0,0.0,0.0,22,12,21,0.04,0.06,95.45,,,0,0,0,ncbi_only,Eukaryota,0.0
Pan,0,0,0.0,0.0,22,2,22,0.04,0.01,100.0,,,0,0,0,ncbi_only,Eukaryota,0.0
Panagrolaimus,0,0,0.0,0.0,22,11,22,0.04,0.05,100.0,,,0,0,0,ncbi_only,Eukaryota,0.0
Monosporozyma,0,0,0.0,0.0,21,7,21,0.04,0.03,100.0,,,0,0,0,ncbi_only,Eukaryota,0.0
Raphanus,0,0,0.0,0.0,21,3,21,0.04,0.01,100.0,,,0,0,0,ncbi_only,Eukaryota,0.0
Ganoderma,0,0,0.0,0.0,21,9,21,0.04,0.04,100.0,,,0,0,0,ncbi_only,Eukaryota,0.0
Buteo,0,0,0.0,0.0,21,16,21,0.04,0.08,100.0,,,0,0,0,ncbi_only,Eukaryota,0.0
Melanotaenia,0,0,0.0,0.0,21,19,21,0.04,0.09,100.0,,,0,0,0,ncbi_only,Eukaryota,0.0
Sugiyamaella,0,0,0.0,0.0,21,20,21,0.04,0.1,100.0,,,0,0,0,ncbi_only,Eukaryota,0.0
Spathaspora,0,0,0.0,0.0,21,16,21,0.04,0.08,100.0,,,0,0,0,ncbi_only,Eukaryota,0.0
Telmatochromis,0,0,0.0,0.0,21,11,21,0.04,0.05,100.0,,,0,0,0,ncbi_only,Eukaryota,0.0
Sungouiella,0,0,0.0,0.0,21,16,21,0.04,0.08,100.0,,,0,0,0,ncbi_only,Eukaryota,0.0
Acleris,0,0,0.0,0.0,20,10,20,0.04,0.05,100.0,,,0,0,0,ncbi_only,Eukaryota,0.0
Calidris,0,0,0.0,0.0,20,14,20,0.04,0.07,100.0,,,0,0,0,ncbi_only,Eukaryota,0.0
Myotis,0,0,0.0,0.0,20,13,20,0.04,0.06,100.0,,,0,0,0,ncbi_only,Eukaryota,0.0
Colias,0,0,0.0,0.0,20,10,20,0.04,0.05,100.0,,,0,0,0,ncbi_only,Eukaryota,0.0
Sminthopsis,0,0,0.0,0.0,20,16,20,0.04,0.08,100.0,,,0,0,0,ncbi_only,Eukaryota,0.0
Clarireedia,0,0,0.0,0.0,20,8,20,0.04,0.04,100.0,,,0,0,0,ncbi_only,Eukaryota,0.0
Spodoptera,0,0,0.0,0.0,20,5,20,0.04,0.02,100.0,,,0,0,0,ncbi_only,Eukaryota,0.0
Cheilosia,0,0,0.0,0.0,20,9,20,0.04,0.04,100.0,,,0,0,0,ncbi_only,Eukaryota,0.0
Julidochromis,0,0,0.0,0.0,20,10,20,0.04,0.05,100.0,,,0,0,0,ncbi_only,Eukaryota,0.0
Ceratobasidium,0,0,0.0,0.0,20,16,20,0.04,0.08,100.0,,,0,0,0,ncbi_only,Eukaryota,0.0
Schwanniomyces,0,0,0.0,0.0,20,7,20,0.04,0.03,100.0,,,0,0,0,ncbi_only,Eukaryota,0.0
Boloria,0,0,0.0,0.0,20,10,20,0.04,0.05,100.0,,,0,0,0,ncbi_only,Eukaryota,0.0
Dothistroma,0,0,0.0,0.0,20,2,20,0.04,0.01,100.0,,,0,0,0,ncbi_only,Eukaryota,0.0
Tricholoma,0,0,0.0,0.0,20,11,20,0.04,0.05,100.0,,,0,0,0,ncbi_only,Eukaryota,0.0
Neonectria,0,0,0.0,0.0,20,12,19,0.04,0.06,95.0,,,0,0,0,ncbi_only,Eukaryota,0.0
Rhinolophus,0,0,0.0,0.0,19,8,19,0.04,0.04,100.0,,,0,0,0,ncbi_only,Eukaryota,0.0
Heterobasidion,0,0,0.0,0.0,19,4,19,0.04,0.02,100.0,,,0,0,0,ncbi_only,Eukaryota,0.0
Cataglyphis,0,0,0.0,0.0,19,16,19,0.04,0.08,100.0,,,0,0,0,ncbi_only,Eukaryota,0.0
Ixodes,0,0,0.0,0.0,19,6,19,0.04,0.03,100.0,,,0,0,0,ncbi_only,Eukaryota,0.0
Aedes,0,0,0.0,0.0,19,5,19,0.04,0.02,100.0,,,0,0,0,ncbi_only,Eukaryota,0.0
Salmo,0,0,0.0,0.0,19,2,19,0.04,0.01,100.0,,,0,0,0,ncbi_only,Eukaryota,0.0
Aegilops,0,0,0.0,0.0,19,8,19,0.04,0.04,100.0,,,0,0,0,ncbi_only,Eukaryota,0.0
Agaricus,0,0,0.0,0.0,19,5,19,0.04,0.02,100.0,,,0,0,0,ncbi_only,Eukaryota,0.0
Spialia,0,0,0.0,0.0,19,15,19,0.04,0.07,100.0,,,0,0,0,ncbi_only,Eukaryota,0.0
Anguilla,0,0,0.0,0.0,19,8,19,0.04,0.04,100.0,,,0,0,0,ncbi_only,Eukaryota,0.0
Chaetomium,0,0,0.0,0.0,19,9,19,0.04,0.04,100.0,,,0,0,0,ncbi_only,Eukaryota,0.0
Musa,0,0,0.0,0.0,19,10,19,0.04,0.05,100.0,,,0,0,0,ncbi_only,Eukaryota,0.0
Inocybe,0,0,0.0,0.0,19,17,19,0.04,0.08,100.0,,,0,0,0,ncbi_only,Eukaryota,0.0
Ambrosiozyma,0,0,0.0,0.0,19,14,19,0.04,0.07,100.0,,,0,0,0,ncbi_only,Eukaryota,0.0
Vireo,0,0,0.0,0.0,19,19,18,0.04,0.09,94.74,,,0,0,0,ncbi_only,Eukaryota,0.0
Amanita,0,0,0.0,0.0,18,16,18,0.04,0.08,100.0,,,0,0,0,ncbi_only,Eukaryota,0.0
Barnettozyma,0,0,0.0,0.0,18,15,18,0.04,0.07,100.0,,,0,0,0,ncbi_only,Eukaryota,0.0
Phytopythium,0,0,0.0,0.0,18,14,18,0.04,0.07,100.0,,,0,0,0,ncbi_only,Eukaryota,0.0
Mytilus,0,0,0.0,0.0,18,5,18,0.04,0.02,100.0,,,0,0,0,ncbi_only,Eukaryota,0.0
Daldinia,0,0,0.0,0.0,18,12,18,0.04,0.06,100.0,,,0,0,0,ncbi_only,Eukaryota,0.0
Pyrgus,0,0,0.0,0.0,18,9,18,0.04,0.04,100.0,,,0,0,0,ncbi_only,Eukaryota,0.0
Adineta,0,0,0.0,0.0,18,3,18,0.04,0.01,100.0,,,0,0,0,ncbi_only,Eukaryota,0.0
Zygaena,0,0,0.0,0.0,18,9,18,0.04,0.04,100.0,,,0,0,0,ncbi_only,Eukaryota,0.0
Microtus,0,0,0.0,0.0,18,9,18,0.04,0.04,100.0,,,0,0,0,ncbi_only,Eukaryota,0.0
Ophiocordyceps,0,0,0.0,0.0,18,11,18,0.04,0.05,100.0,,,0,0,0,ncbi_only,Eukaryota,0.0
Phylloporus,0,0,0.0,0.0,18,17,18,0.04,0.08,100.0,,,0,0,0,ncbi_only,Eukaryota,0.0
Bombyx,0,0,0.0,0.0,18,3,18,0.04,0.01,100.0,,,0,0,0,ncbi_only,Eukaryota,0.0
Trachypithecus,0,0,0.0,0.0,18,13,18,0.04,0.06,100.0,,,0,0,0,ncbi_only,Eukaryota,0.0
Fulvia,0,0,0.0,0.0,18,1,18,0.04,0.0,100.0,,,0,0,0,ncbi_only,Eukaryota,0.0
Linnemannia,0,0,0.0,0.0,18,7,16,0.04,0.03,88.89,,,0,0,0,ncbi_only,Eukaryota,0.0
Lepidiolamprologus,0,0,0.0,0.0,18,9,18,0.04,0.04,100.0,,,0,0,0,ncbi_only,Eukaryota,0.0
Vaccinium,0,0,0.0,0.0,18,10,18,0.04,0.05,100.0,,,0,0,0,ncbi_only,Eukaryota,0.0
Kwoniella,0,0,0.0,0.0,18,15,18,0.04,0.07,100.0,,,0,0,0,ncbi_only,Eukaryota,0.0
Nakazawaea,0,0,0.0,0.0,18,15,18,0.04,0.07,100.0,,,0,0,0,ncbi_only,Eukaryota,0.0
Brachionus,0,0,0.0,0.0,18,10,18,0.04,0.05,100.0,,,0,0,0,ncbi_only,Eukaryota,0.0
Lichtheimia,0,0,0.0,0.0,17,5,17,0.03,0.02,100.0,,,0,0,0,ncbi_only,Eukaryota,0.0
Apodemia,0,0,0.0,0.0,17,15,17,0.03,0.07,100.0,,,0,0,0,ncbi_only,Eukaryota,0.0
Costus,0,0,0.0,0.0,17,17,17,0.03,0.08,100.0,,,0,0,0,ncbi_only,Eukaryota,0.0
Taeniopygia,0,0,0.0,0.0,17,1,17,0.03,0.0,100.0,,,0,0,0,ncbi_only,Eukaryota,0.0
Peronospora,0,0,0.0,0.0,17,5,17,0.03,0.02,100.0,,,0,0,0,ncbi_only,Eukaryota,0.0
Cenchrus,0,0,0.0,0.0,17,3,17,0.03,0.01,100.0,,,0,0,0,ncbi_only,Eukaryota,0.0
Kazachstania,0,0,0.0,0.0,17,15,16,0.03,0.07,94.12,,,0,0,0,ncbi_only,Eukaryota,0.0
Lupinus,0,0,0.0,0.0,17,5,17,0.03,0.02,100.0,,,0,0,0,ncbi_only,Eukaryota,0.0
Oreochromis,0,0,0.0,0.0,17,7,17,0.03,0.03,100.0,,,0,0,0,ncbi_only,Eukaryota,0.0
Xerocomus,0,0,0.0,0.0,17,16,17,0.03,0.08,100.0,,,0,0,0,ncbi_only,Eukaryota,0.0
Cygnus,0,0,0.0,0.0,17,5,17,0.03,0.02,100.0,,,0,0,0,ncbi_only,Eukaryota,0.0
Entamoeba,0,0,0.0,0.0,17,5,17,0.03,0.02,100.0,,,0,0,0,ncbi_only,Eukaryota,0.0
Epinephelus,0,0,0.0,0.0,17,12,17,0.03,0.06,100.0,,,0,0,0,ncbi_only,Eukaryota,0.0
Theileria,0,0,0.0,0.0,16,6,16,0.03,0.03,100.0,,,0,0,0,ncbi_only,Eukaryota,0.0
Ara,0,0,0.0,0.0,16,8,16,0.03,0.04,100.0,,,0,0,0,ncbi_only,Eukaryota,0.0
Lasius,0,0,0.0,0.0,16,8,16,0.03,0.04,100.0,,,0,0,0,ncbi_only,Eukaryota,0.0
Plantago,0,0,0.0,0.0,16,15,16,0.03,0.07,100.0,,,0,0,0,ncbi_only,Eukaryota,0.0
Helicoverpa,0,0,0.0,0.0,16,4,16,0.03,0.02,100.0,,,0,0,0,ncbi_only,Eukaryota,0.0
Blumeria,0,0,0.0,0.0,16,2,16,0.03,0.01,100.0,,,0,0,0,ncbi_only,Eukaryota,0.0
Arxiozyma,0,0,0.0,0.0,16,5,16,0.03,0.02,100.0,,,0,0,0,ncbi_only,Eukaryota,0.0
Podila,0,0,0.0,0.0,16,7,15,0.03,0.03,93.75,,,0,0,0,ncbi_only,Eukaryota,0.0
Monilinia,0,0,0.0,0.0,16,6,16,0.03,0.03,100.0,,,0,0,0,ncbi_only,Eukaryota,0.0
Idaea,0,0,0.0,0.0,16,8,16,0.03,0.04,100.0,,,0,0,0,ncbi_only,Eukaryota,0.0
Penaeus,0,0,0.0,0.0,16,5,16,0.03,0.02,100.0,,,0,0,0,ncbi_only,Eukaryota,0.0
Panulirus,0,0,0.0,0.0,16,13,16,0.03,0.06,100.0,,,0,0,0,ncbi_only,Eukaryota,0.0
Pulveroboletus,0,0,0.0,0.0,16,13,16,0.03,0.06,100.0,,,0,0,0,ncbi_only,Eukaryota,0.0
Corvus,0,0,0.0,0.0,16,7,16,0.03,0.03,100.0,,,0,0,0,ncbi_only,Eukaryota,0.0
Callithrix,0,0,0.0,0.0,16,4,16,0.03,0.02,100.0,,,0,0,0,ncbi_only,Eukaryota,0.0
Pieris,0,0,0.0,0.0,16,6,16,0.03,0.03,100.0,,,0,0,0,ncbi_only,Eukaryota,0.0
Cystobasidium,0,0,0.0,0.0,16,10,16,0.03,0.05,100.0,,,0,0,0,ncbi_only,Eukaryota,0.0
Nigrospora,0,0,0.0,0.0,16,13,16,0.03,0.06,100.0,,,0,0,0,ncbi_only,Eukaryota,0.0
Temnothorax,0,0,0.0,0.0,16,9,16,0.03,0.04,100.0,,,0,0,0,ncbi_only,Eukaryota,0.0
Eulemur,0,0,0.0,0.0,16,10,16,0.03,0.05,100.0,,,0,0,0,ncbi_only,Eukaryota,0.0
Gorilla,0,0,0.0,0.0,16,2,16,0.03,0.01,100.0,,,0,0,0,ncbi_only,Eukaryota,0.0
Purpureocillium,0,0,0.0,0.0,15,3,13,0.03,0.01,86.67,,,0,0,0,ncbi_only,Eukaryota,0.0
Naegleria,0,0,0.0,0.0,15,4,15,0.03,0.02,100.0,,,0,0,0,ncbi_only,Eukaryota,0.0
Aquila,0,0,0.0,0.0,15,8,15,0.03,0.04,100.0,,,0,0,0,ncbi_only,Eukaryota,0.0
Ornithodoros,0,0,0.0,0.0,15,3,15,0.03,0.01,100.0,,,0,0,0,ncbi_only,Eukaryota,0.0
Tipula,0,0,0.0,0.0,15,8,15,0.03,0.04,100.0,,,0,0,0,ncbi_only,Eukaryota,0.0
Otus,0,0,0.0,0.0,15,14,15,0.03,0.07,100.0,,,0,0,0,ncbi_only,Eukaryota,0.0
Poecilia,0,0,0.0,0.0,15,8,15,0.03,0.04,100.0,,,0,0,0,ncbi_only,Eukaryota,0.0
Cannabis,0,0,0.0,0.0,15,1,15,0.03,0.0,100.0,,,0,0,0,ncbi_only,Eukaryota,0.0
Balaenoptera,0,0,0.0,0.0,15,6,15,0.03,0.03,100.0,,,0,0,0,ncbi_only,Eukaryota,0.0
Setaria,0,0,0.0,0.0,15,4,15,0.03,0.02,100.0,,,0,0,0,ncbi_only,Eukaryota,0.0
Morpho,0,0,0.0,0.0,15,10,15,0.03,0.05,100.0,,,0,0,0,ncbi_only,Eukaryota,0.0
Montipora,0,0,0.0,0.0,15,9,15,0.03,0.04,100.0,,,0,0,0,ncbi_only,Eukaryota,0.0
Galdieria,0,0,0.0,0.0,15,4,15,0.03,0.02,100.0,,,0,0,0,ncbi_only,Eukaryota,0.0
Hymenoscyphus,0,0,0.0,0.0,15,13,15,0.03,0.06,100.0,,,0,0,0,ncbi_only,Eukaryota,0.0
Cyprichromis,0,0,0.0,0.0,15,8,15,0.03,0.04,100.0,,,0,0,0,ncbi_only,Eukaryota,0.0
Bemisia,0,0,0.0,0.0,15,1,15,0.03,0.0,100.0,,,0,0,0,ncbi_only,Eukaryota,0.0
Ostrinia,0,0,0.0,0.0,15,2,15,0.03,0.01,100.0,,,0,0,0,ncbi_only,Eukaryota,0.0
Carassius,0,0,0.0,0.0,15,4,15,0.03,0.02,100.0,,,0,0,0,ncbi_only,Eukaryota,0.0
Phaseolus,0,0,0.0,0.0,15,3,15,0.03,0.01,100.0,,,0,0,0,ncbi_only,Eukaryota,0.0
Elasticomyces,0,0,0.0,0.0,15,1,15,0.03,0.0,100.0,,,0,0,0,ncbi_only,Eukaryota,0.0
Arthrobotrys,0,0,0.0,0.0,15,9,15,0.03,0.04,100.0,,,0,0,0,ncbi_only,Eukaryota,0.0
Leptopilina,0,0,0.0,0.0,15,6,15,0.03,0.03,100.0,,,0,0,0,ncbi_only,Eukaryota,0.0
Leptinotarsa,0,0,0.0,0.0,15,10,15,0.03,0.05,100.0,,,0,0,0,ncbi_only,Eukaryota,0.0
Crotalus,0,0,0.0,0.0,15,11,15,0.03,0.05,100.0,,,0,0,0,ncbi_only,Eukaryota,0.0
Biomphalaria,0,0,0.0,0.0,15,4,15,0.03,0.02,100.0,,,0,0,0,ncbi_only,Eukaryota,0.0
Mechanitis,0,0,0.0,0.0,15,5,15,0.03,0.02,100.0,,,0,0,0,ncbi_only,Eukaryota,0.0
Branchiostoma,0,0,0.0,0.0,15,5,15,0.03,0.02,100.0,,,0,0,0,ncbi_only,Eukaryota,0.0
Manihot,0,0,0.0,0.0,14,1,14,0.03,0.0,100.0,,,0,0,0,ncbi_only,Eukaryota,0.0
Nomada,0,0,0.0,0.0,14,9,14,0.03,0.04,100.0,,,0,0,0,ncbi_only,Eukaryota,0.0
Hyphopichia,0,0,0.0,0.0,14,7,14,0.03,0.03,100.0,,,0,0,0,ncbi_only,Eukaryota,0.0
Coniochaeta,0,0,0.0,0.0,14,9,14,0.03,0.04,100.0,,,0,0,0,ncbi_only,Eukaryota,0.0
Zygoascus,0,0,0.0,0.0,14,13,14,0.03,0.06,100.0,,,0,0,0,ncbi_only,Eukaryota,0.0
Trematocara,0,0,0.0,0.0,14,8,14,0.03,0.04,100.0,,,0,0,0,ncbi_only,Eukaryota,0.0
Gadus,0,0,0.0,0.0,14,3,14,0.03,0.01,100.0,,,0,0,0,ncbi_only,Eukaryota,0.0
Porites,0,0,0.0,0.0,14,8,14,0.03,0.04,100.0,,,0,0,0,ncbi_only,Eukaryota,0.0
Veronica,0,0,0.0,0.0,14,7,14,0.03,0.03,100.0,,,0,0,0,ncbi_only,Eukaryota,0.0
Xestia,0,0,0.0,0.0,14,7,14,0.03,0.03,100.0,,,0,0,0,ncbi_only,Eukaryota,0.0
Annulohypoxylon,0,0,0.0,0.0,14,9,14,0.03,0.04,100.0,,,0,0,0,ncbi_only,Eukaryota,0.0
Apamea,0,0,0.0,0.0,14,7,14,0.03,0.03,100.0,,,0,0,0,ncbi_only,Eukaryota,0.0
Cecropterus,0,0,0.0,0.0,14,14,14,0.03,0.07,100.0,,,0,0,0,ncbi_only,Eukaryota,0.0
Sarocladium,0,0,0.0,0.0,14,9,14,0.03,0.04,100.0,,,0,0,0,ncbi_only,Eukaryota,0.0
Thunnus,0,0,0.0,0.0,14,4,14,0.03,0.02,100.0,,,0,0,0,ncbi_only,Eukaryota,0.0
Flammulina,0,0,0.0,0.0,14,2,14,0.03,0.01,100.0,,,0,0,0,ncbi_only,Eukaryota,0.0
Salvia,0,0,0.0,0.0,14,8,14,0.03,0.04,100.0,,,0,0,0,ncbi_only,Eukaryota,0.0
Eudonia,0,0,0.0,0.0,14,7,14,0.03,0.03,100.0,,,0,0,0,ncbi_only,Eukaryota,0.0
Bathybates,0,0,0.0,0.0,14,7,14,0.03,0.03,100.0,,,0,0,0,ncbi_only,Eukaryota,0.0
Anser,0,0,0.0,0.0,14,4,14,0.03,0.02,100.0,,,0,0,0,ncbi_only,Eukaryota,0.0
Backusella,0,0,0.0,0.0,14,13,14,0.03,0.06,100.0,,,0,0,0,ncbi_only,Eukaryota,0.0
Parmotrema,0,0,0.0,0.0,14,14,0,0.03,0.07,0.0,,,0,0,0,ncbi_only,Eukaryota,0.0
Dioszegia,0,0,0.0,0.0,14,7,14,0.03,0.03,100.0,,,0,0,0,ncbi_only,Eukaryota,0.0
Umbilicaria,0,0,0.0,0.0,14,11,4,0.03,0.05,28.57,,,0,0,0,ncbi_only,Eukaryota,0.0
Cercopithecus,0,0,0.0,0.0,14,13,14,0.03,0.06,100.0,,,0,0,0,ncbi_only,Eukaryota,0.0
Peromyscus,0,0,0.0,0.0,14,9,14,0.03,0.04,100.0,,,0,0,0,ncbi_only,Eukaryota,0.0
Leptidea,0,0,0.0,0.0,14,3,14,0.03,0.01,100.0,,,0,0,0,ncbi_only,Eukaryota,0.0
Camelus,0,0,0.0,0.0,14,3,14,0.03,0.01,100.0,,,0,0,0,ncbi_only,Eukaryota,0.0
Phaffia,0,0,0.0,0.0,14,3,14,0.03,0.01,100.0,,,0,0,0,ncbi_only,Eukaryota,0.0
Pipistrellus,0,0,0.0,0.0,14,6,14,0.03,0.03,100.0,,,0,0,0,ncbi_only,Eukaryota,0.0
Helianthus,0,0,0.0,0.0,13,3,13,0.03,0.01,100.0,,,0,0,0,ncbi_only,Eukaryota,0.0
Agriotes,0,0,0.0,0.0,13,6,13,0.03,0.03,100.0,,,0,0,0,ncbi_only,Eukaryota,0.0
Larimichthys,0,0,0.0,0.0,13,2,13,0.03,0.01,100.0,,,0,0,0,ncbi_only,Eukaryota,0.0
Sanghuangporus,0,0,0.0,0.0,13,5,13,0.03,0.02,100.0,,,0,0,0,ncbi_only,Eukaryota,0.0
Spheniscus,0,0,0.0,0.0,13,4,9,0.03,0.02,69.23,,,0,0,0,ncbi_only,Eukaryota,0.0
Rubus,0,0,0.0,0.0,13,6,13,0.03,0.03,100.0,,,0,0,0,ncbi_only,Eukaryota,0.0
Andricus,0,0,0.0,0.0,13,9,13,0.03,0.04,100.0,,,0,0,0,ncbi_only,Eukaryota,0.0
Sporisorium,0,0,0.0,0.0,13,6,13,0.03,0.03,100.0,,,0,0,0,ncbi_only,Eukaryota,0.0
Myxozyma,0,0,0.0,0.0,13,12,13,0.03,0.06,100.0,,,0,0,0,ncbi_only,Eukaryota,0.0
Tulasnella,0,0,0.0,0.0,13,13,13,0.03,0.06,100.0,,,0,0,0,ncbi_only,Eukaryota,0.0
Moesziomyces,0,0,0.0,0.0,13,6,13,0.03,0.03,100.0,,,0,0,0,ncbi_only,Eukaryota,0.0
Marmota,0,0,0.0,0.0,13,5,13,0.03,0.02,100.0,,,0,0,0,ncbi_only,Eukaryota,0.0
Manis,0,0,0.0,0.0,13,4,13,0.03,0.02,100.0,,,0,0,0,ncbi_only,Eukaryota,0.0
Sarcophaga,0,0,0.0,0.0,13,7,13,0.03,0.03,100.0,,,0,0,0,ncbi_only,Eukaryota,0.0
Usnea,0,0,0.0,0.0,13,12,1,0.03,0.06,7.69,,,0,0,0,ncbi_only,Eukaryota,0.0
Naumovozyma,0,0,0.0,0.0,13,3,13,0.03,0.01,100.0,,,0,0,0,ncbi_only,Eukaryota,0.0
Diutina,0,0,0.0,0.0,13,10,13,0.03,0.05,100.0,,,0,0,0,ncbi_only,Eukaryota,0.0
Cicer,0,0,0.0,0.0,13,9,13,0.03,0.04,100.0,,,0,0,0,ncbi_only,Eukaryota,0.0
Muntiacus,0,0,0.0,0.0,13,5,13,0.03,0.02,100.0,,,0,0,0,ncbi_only,Eukaryota,0.0
Pongo,0,0,0.0,0.0,13,2,13,0.03,0.01,100.0,,,0,0,0,ncbi_only,Eukaryota,0.0
Elephas,0,0,0.0,0.0,13,1,13,0.03,0.0,100.0,,,0,0,0,ncbi_only,Eukaryota,0.0
Encephalitozoon,0,0,0.0,0.0,13,4,13,0.03,0.02,100.0,,,0,0,0,ncbi_only,Eukaryota,0.0
Ficus,0,0,0.0,0.0,13,7,13,0.03,0.03,100.0,,,0,0,0,ncbi_only,Eukaryota,0.0
Sesamum,0,0,0.0,0.0,13,8,13,0.03,0.04,100.0,,,0,0,0,ncbi_only,Eukaryota,0.0
Symbiodinium,0,0,0.0,0.0,13,9,13,0.03,0.04,100.0,,,0,0,0,ncbi_only,Eukaryota,0.0
Isotricha,0,0,0.0,0.0,13,4,13,0.03,0.02,100.0,,,0,0,0,ncbi_only,Eukaryota,0.0
Penstemon,0,0,0.0,0.0,13,11,13,0.03,0.05,100.0,,,0,0,0,ncbi_only,Eukaryota,0.0
Xylographa,0,0,0.0,0.0,12,8,0,0.02,0.04,0.0,,,0,0,0,ncbi_only,Eukaryota,0.0
Serendipita,0,0,0.0,0.0,12,10,12,0.02,0.05,100.0,,,0,0,0,ncbi_only,Eukaryota,0.0
Squalius,0,0,0.0,0.0,12,6,12,0.02,0.03,100.0,,,0,0,0,ncbi_only,Eukaryota,0.0
Pisolithus,0,0,0.0,0.0,12,8,12,0.02,0.04,100.0,,,0,0,0,ncbi_only,Eukaryota,0.0
Poeciliopsis,0,0,0.0,0.0,12,9,12,0.02,0.04,100.0,,,0,0,0,ncbi_only,Eukaryota,0.0
Theobroma,0,0,0.0,0.0,12,2,12,0.02,0.01,100.0,,,0,0,0,ncbi_only,Eukaryota,0.0
Artemisia,0,0,0.0,0.0,12,6,12,0.02,0.03,100.0,,,0,0,0,ncbi_only,Eukaryota,0.0
Nymphalis,0,0,0.0,0.0,12,5,12,0.02,0.02,100.0,,,0,0,0,ncbi_only,Eukaryota,0.0
Lepus,0,0,0.0,0.0,12,7,12,0.02,0.03,100.0,,,0,0,0,ncbi_only,Eukaryota,0.0
Cephus,0,0,0.0,0.0,12,11,12,0.02,0.05,100.0,,,0,0,0,ncbi_only,Eukaryota,0.0
Yponomeuta,0,0,0.0,0.0,12,5,12,0.02,0.02,100.0,,,0,0,0,ncbi_only,Eukaryota,0.0
Ochromonas,0,0,0.0,0.0,12,2,2,0.02,0.01,16.67,,,0,0,0,ncbi_only,Eukaryota,0.0
Syngnathus,0,0,0.0,0.0,12,5,12,0.02,0.02,100.0,,,0,0,0,ncbi_only,Eukaryota,0.0
Teunomyces,0,0,0.0,0.0,12,12,12,0.02,0.06,100.0,,,0,0,0,ncbi_only,Eukaryota,0.0
Hydra,0,0,0.0,0.0,12,3,12,0.02,0.01,100.0,,,0,0,0,ncbi_only,Eukaryota,0.0
Cytospora,0,0,0.0,0.0,12,7,12,0.02,0.03,100.0,,,0,0,0,ncbi_only,Eukaryota,0.0
Synanthedon,0,0,0.0,0.0,12,6,12,0.02,0.03,100.0,,,0,0,0,ncbi_only,Eukaryota,0.0
Graphium,0,0,0.0,0.0,12,9,12,0.02,0.04,100.0,,,0,0,0,ncbi_only,Eukaryota,0.0
Picochlorum,0,0,0.0,0.0,12,8,10,0.02,0.04,83.33,,,0,0,0,ncbi_only,Eukaryota,0.0
Scaptomyza,0,0,0.0,0.0,12,11,12,0.02,0.05,100.0,,,0,0,0,ncbi_only,Eukaryota,0.0
Danaus,0,0,0.0,0.0,12,6,12,0.02,0.03,100.0,,,0,0,0,ncbi_only,Eukaryota,0.0
Saccharum,0,0,0.0,0.0,12,3,12,0.02,0.01,100.0,,,0,0,0,ncbi_only,Eukaryota,0.0
Prototheca,0,0,0.0,0.0,12,6,12,0.02,0.03,100.0,,,0,0,0,ncbi_only,Eukaryota,0.0
Boletellus,0,0,0.0,0.0,12,11,12,0.02,0.05,100.0,,,0,0,0,ncbi_only,Eukaryota,0.0
Saguinus,0,0,0.0,0.0,12,8,0,0.02,0.04,0.0,,,0,0,0,ncbi_only,Eukaryota,0.0
Ziziphus,0,0,0.0,0.0,12,1,12,0.02,0.0,100.0,,,0,0,0,ncbi_only,Eukaryota,0.0
Pestalotiopsis,0,0,0.0,0.0,12,12,12,0.02,0.06,100.0,,,0,0,0,ncbi_only,Eukaryota,0.0
Plecturocebus,0,0,0.0,0.0,12,11,12,0.02,0.05,100.0,,,0,0,0,ncbi_only,Eukaryota,0.0
Ophthalmotilapia,0,0,0.0,0.0,12,6,12,0.02,0.03,100.0,,,0,0,0,ncbi_only,Eukaryota,0.0
Enteromius,0,0,0.0,0.0,12,12,12,0.02,0.06,100.0,,,0,0,0,ncbi_only,Eukaryota,0.0
Tyrannus,0,0,0.0,0.0,12,12,12,0.02,0.06,100.0,,,0,0,0,ncbi_only,Eukaryota,0.0
Camponotus,0,0,0.0,0.0,12,9,12,0.02,0.04,100.0,,,0,0,0,ncbi_only,Eukaryota,0.0
Magnusiomyces,0,0,0.0,0.0,12,10,0,0.02,0.05,0.0,,,0,0,0,ncbi_only,Eukaryota,0.0
Ciconia,0,0,0.0,0.0,12,7,9,0.02,0.03,75.0,,,0,0,0,ncbi_only,Eukaryota,0.0
Nomascus,0,0,0.0,0.0,12,5,12,0.02,0.02,100.0,,,0,0,0,ncbi_only,Eukaryota,0.0
Pygoscelis,0,0,0.0,0.0,12,3,12,0.02,0.01,100.0,,,0,0,0,ncbi_only,Eukaryota,0.0
Maniola,0,0,0.0,0.0,12,4,12,0.02,0.02,100.0,,,0,0,0,ncbi_only,Eukaryota,0.0
Magallana,0,0,0.0,0.0,12,3,0,0.02,0.01,0.0,,,0,0,0,ncbi_only,Eukaryota,0.0
Avena,0,0,0.0,0.0,12,5,12,0.02,0.02,100.0,,,0,0,0,ncbi_only,Eukaryota,0.0
Epinotia,0,0,0.0,0.0,12,6,12,0.02,0.03,100.0,,,0,0,0,ncbi_only,Eukaryota,0.0
Pseudocercospora,0,0,0.0,0.0,12,11,12,0.02,0.05,100.0,,,0,0,0,ncbi_only,Eukaryota,0.0
Plenodomus,0,0,0.0,0.0,12,5,12,0.02,0.02,100.0,,,0,0,0,ncbi_only,Eukaryota,0.0
Aricia,0,0,0.0,0.0,12,5,12,0.02,0.02,100.0,,,0,0,0,ncbi_only,Eukaryota,0.0
Histoplasma,0,0,0.0,0.0,12,3,12,0.02,0.01,100.0,,,0,0,0,ncbi_only,Eukaryota,0.0
Pyrus,0,0,0.0,0.0,12,5,12,0.02,0.02,100.0,,,0,0,0,ncbi_only,Eukaryota,0.0
Heligmosomoides,0,0,0.0,0.0,12,1,12,0.02,0.0,100.0,,,0,0,0,ncbi_only,Eukaryota,0.0
Patella,0,0,0.0,0.0,12,7,12,0.02,0.03,100.0,,,0,0,0,ncbi_only,Eukaryota,0.0
Cydia,0,0,0.0,0.0,12,5,12,0.02,0.02,100.0,,,0,0,0,ncbi_only,Eukaryota,0.0
Sphagnum,0,0,0.0,0.0,12,9,11,0.02,0.04,91.67,,,0,0,0,ncbi_only,Eukaryota,0.0
Albugo,0,0,0.0,0.0,12,2,12,0.02,0.01,100.0,,,0,0,0,ncbi_only,Eukaryota,0.0
Spraguea,0,0,0.0,0.0,11,1,11,0.02,0.0,100.0,,,0,0,0,ncbi_only,Eukaryota,0.0
Cardamine,0,0,0.0,0.0,11,6,11,0.02,0.03,100.0,,,0,0,0,ncbi_only,Eukaryota,0.0
Larus,0,0,0.0,0.0,11,6,11,0.02,0.03,100.0,,,0,0,0,ncbi_only,Eukaryota,0.0
Phylloscopus,0,0,0.0,0.0,11,7,11,0.02,0.03,100.0,,,0,0,0,ncbi_only,Eukaryota,0.0
Starmera,0,0,0.0,0.0,11,8,11,0.02,0.04,100.0,,,0,0,0,ncbi_only,Eukaryota,0.0
Ramphastos,0,0,0.0,0.0,11,11,11,0.02,0.05,100.0,,,0,0,0,ncbi_only,Eukaryota,0.0
Actinidia,0,0,0.0,0.0,11,7,11,0.02,0.03,100.0,,,0,0,0,ncbi_only,Eukaryota,0.0
Paraphaeosphaeria,0,0,0.0,0.0,11,2,11,0.02,0.01,100.0,,,0,0,0,ncbi_only,Eukaryota,0.0
Dictyostelium,0,0,0.0,0.0,11,9,11,0.02,0.04,100.0,,,0,0,0,ncbi_only,Eukaryota,0.0
Geranium,0,0,0.0,0.0,11,9,11,0.02,0.04,100.0,,,0,0,0,ncbi_only,Eukaryota,0.0
Erysiphe,0,0,0.0,0.0,11,4,11,0.02,0.02,100.0,,,0,0,0,ncbi_only,Eukaryota,0.0
Sicyos,0,0,0.0,0.0,11,11,11,0.02,0.05,100.0,,,0,0,0,ncbi_only,Eukaryota,0.0
Tortispora,0,0,0.0,0.0,11,7,11,0.02,0.03,100.0,,,0,0,0,ncbi_only,Eukaryota,0.0
Tetranychus,0,0,0.0,0.0,11,4,11,0.02,0.02,100.0,,,0,0,0,ncbi_only,Eukaryota,0.0
Marchantia,0,0,0.0,0.0,11,3,11,0.02,0.01,100.0,,,0,0,0,ncbi_only,Eukaryota,0.0
Tetramorium,0,0,0.0,0.0,11,9,11,0.02,0.04,100.0,,,0,0,0,ncbi_only,Eukaryota,0.0
Erodium,0,0,0.0,0.0,11,7,11,0.02,0.03,100.0,,,0,0,0,ncbi_only,Eukaryota,0.0
Formica,0,0,0.0,0.0,11,10,11,0.02,0.05,100.0,,,0,0,0,ncbi_only,Eukaryota,0.0
Diplocarpon,0,0,0.0,0.0,11,3,11,0.02,0.01,100.0,,,0,0,0,ncbi_only,Eukaryota,0.0
Pseudozyma,0,0,0.0,0.0,11,7,11,0.02,0.03,100.0,,,0,0,0,ncbi_only,Eukaryota,0.0
Nasonovia,0,0,0.0,0.0,11,1,11,0.02,0.0,100.0,,,0,0,0,ncbi_only,Eukaryota,0.0
Lolium,0,0,0.0,0.0,11,3,11,0.02,0.01,100.0,,,0,0,0,ncbi_only,Eukaryota,0.0
Morus,0,0,0.0,0.0,11,7,11,0.02,0.03,100.0,,,0,0,0,ncbi_only,Eukaryota,0.0
Punica,0,0,0.0,0.0,11,1,11,0.02,0.0,100.0,,,0,0,0,ncbi_only,Eukaryota,0.0
Dioscorea,0,0,0.0,0.0,11,5,11,0.02,0.02,100.0,,,0,0,0,ncbi_only,Eukaryota,0.0
Parnassius,0,0,0.0,0.0,11,7,11,0.02,0.03,100.0,,,0,0,0,ncbi_only,Eukaryota,0.0
Hypoplectrus,0,0,0.0,0.0,11,9,11,0.02,0.04,100.0,,,0,0,0,ncbi_only,Eukaryota,0.0
Coenonympha,0,0,0.0,0.0,11,6,11,0.02,0.03,100.0,,,0,0,0,ncbi_only,Eukaryota,0.0
Coffea,0,0,0.0,0.0,11,4,11,0.02,0.02,100.0,,,0,0,0,ncbi_only,Eukaryota,0.0
Scedosporium,0,0,0.0,0.0,11,6,11,0.02,0.03,100.0,,,0,0,0,ncbi_only,Eukaryota,0.0
Ophiosphaerella,0,0,0.0,0.0,11,3,11,0.02,0.01,100.0,,,0,0,0,ncbi_only,Eukaryota,0.0
Gasterosteus,0,0,0.0,0.0,11,2,11,0.02,0.01,100.0,,,0,0,0,ncbi_only,Eukaryota,0.0
Galaxias,0,0,0.0,0.0,11,9,11,0.02,0.04,100.0,,,0,0,0,ncbi_only,Eukaryota,0.0
Ursus,0,0,0.0,0.0,11,4,11,0.02,0.02,100.0,,,0,0,0,ncbi_only,Eukaryota,0.0
Papio,0,0,0.0,0.0,11,6,11,0.02,0.03,100.0,,,0,0,0,ncbi_only,Eukaryota,0.0
Priceomyces,0,0,0.0,0.0,11,6,11,0.02,0.03,100.0,,,0,0,0,ncbi_only,Eukaryota,0.0
Notamacropus,0,0,0.0,0.0,11,4,11,0.02,0.02,100.0,,,0,0,0,ncbi_only,Eukaryota,0.0
Gallinago,0,0,0.0,0.0,11,11,11,0.02,0.05,100.0,,,0,0,0,ncbi_only,Eukaryota,0.0
Siniperca,0,0,0.0,0.0,11,6,11,0.02,0.03,100.0,,,0,0,0,ncbi_only,Eukaryota,0.0
Paralichthys,0,0,0.0,0.0,11,2,11,0.02,0.01,100.0,,,0,0,0,ncbi_only,Eukaryota,0.0
Serinus,0,0,0.0,0.0,11,8,11,0.02,0.04,100.0,,,0,0,0,ncbi_only,Eukaryota,0.0
Octopus,0,0,0.0,0.0,11,9,11,0.02,0.04,100.0,,,0,0,0,ncbi_only,Eukaryota,0.0
Cyprinus,0,0,0.0,0.0,11,1,11,0.02,0.0,100.0,,,0,0,0,ncbi_only,Eukaryota,0.0
Grus,0,0,0.0,0.0,11,5,11,0.02,0.02,100.0,,,0,0,0,ncbi_only,Eukaryota,0.0
Plasmopara,0,0,0.0,0.0,11,4,11,0.02,0.02,100.0,,,0,0,0,ncbi_only,Eukaryota,0.0
Madurella,0,0,0.0,0.0,11,2,11,0.02,0.01,100.0,,,0,0,0,ncbi_only,Eukaryota,0.0
Acromyrmex,0,0,0.0,0.0,11,8,11,0.02,0.04,100.0,,,0,0,0,ncbi_only,Eukaryota,0.0
Pneumocystis,0,0,0.0,0.0,11,7,11,0.02,0.03,100.0,,,0,0,0,ncbi_only,Eukaryota,0.0
Alosa,0,0,0.0,0.0,11,5,11,0.02,0.02,100.0,,,0,0,0,ncbi_only,Eukaryota,0.0
Crithidia,0,0,0.0,0.0,11,8,11,0.02,0.04,100.0,,,0,0,0,ncbi_only,Eukaryota,0.0
Schmidtea,0,0,0.0,0.0,11,4,11,0.02,0.02,100.0,,,0,0,0,ncbi_only,Eukaryota,0.0
Taenia,0,0,0.0,0.0,11,7,10,0.02,0.03,90.91,,,0,0,0,ncbi_only,Eukaryota,0.0
Merluccius,0,0,0.0,0.0,11,8,11,0.02,0.04,100.0,,,0,0,0,ncbi_only,Eukaryota,0.0
Butyriboletus,0,0,0.0,0.0,11,8,11,0.02,0.04,100.0,,,0,0,0,ncbi_only,Eukaryota,0.0
Circus,0,0,0.0,0.0,10,9,10,0.02,0.04,100.0,,,0,0,0,ncbi_only,Eukaryota,0.0
Inonotus,0,0,0.0,0.0,10,3,10,0.02,0.01,100.0,,,0,0,0,ncbi_only,Eukaryota,0.0
Leptographium,0,0,0.0,0.0,10,8,10,0.02,0.04,100.0,,,0,0,0,ncbi_only,Eukaryota,0.0
Leptodactylus,0,0,0.0,0.0,10,9,10,0.02,0.04,100.0,,,0,0,0,ncbi_only,Eukaryota,0.0
Tetrahymena,0,0,0.0,0.0,10,5,10,0.02,0.02,100.0,,,0,0,0,ncbi_only,Eukaryota,0.0
Epicoccum,0,0,0.0,0.0,10,4,10,0.02,0.02,100.0,,,0,0,0,ncbi_only,Eukaryota,0.0
Spinus,0,0,0.0,0.0,10,10,10,0.02,0.05,100.0,,,0,0,0,ncbi_only,Eukaryota,0.0
Columba,0,0,0.0,0.0,10,3,10,0.02,0.01,100.0,,,0,0,0,ncbi_only,Eukaryota,0.0
Corylus,0,0,0.0,0.0,10,5,10,0.02,0.02,100.0,,,0,0,0,ncbi_only,Eukaryota,0.0
Channa,0,0,0.0,0.0,10,4,10,0.02,0.02,100.0,,,0,0,0,ncbi_only,Eukaryota,0.0
Haplochromis,0,0,0.0,0.0,10,6,10,0.02,0.03,100.0,,,0,0,0,ncbi_only,Eukaryota,0.0
Chalinochromis,0,0,0.0,0.0,10,5,10,0.02,0.02,100.0,,,0,0,0,ncbi_only,Eukaryota,0.0
Euplotes,0,0,0.0,0.0,10,8,9,0.02,0.04,90.0,,,0,0,0,ncbi_only,Eukaryota,0.0
Haliotis,0,0,0.0,0.0,10,7,10,0.02,0.03,100.0,,,0,0,0,ncbi_only,Eukaryota,0.0
Kuraishia,0,0,0.0,0.0,10,8,10,0.02,0.04,100.0,,,0,0,0,ncbi_only,Eukaryota,0.0
Stegodyphus,0,0,0.0,0.0,10,6,10,0.02,0.03,100.0,,,0,0,0,ncbi_only,Eukaryota,0.0
Hypericum,0,0,0.0,0.0,10,5,10,0.02,0.02,100.0,,,0,0,0,ncbi_only,Eukaryota,0.0
Steinernema,0,0,0.0,0.0,10,9,10,0.02,0.04,100.0,,,0,0,0,ncbi_only,Eukaryota,0.0
Hydrophis,0,0,0.0,0.0,10,8,10,0.02,0.04,100.0,,,0,0,0,ncbi_only,Eukaryota,0.0
Tenthredo,0,0,0.0,0.0,10,6,10,0.02,0.03,100.0,,,0,0,0,ncbi_only,Eukaryota,0.0
Dryas,0,0,0.0,0.0,10,5,10,0.02,0.02,100.0,,,0,0,0,ncbi_only,Eukaryota,0.0
Lycaena,0,0,0.0,0.0,10,5,10,0.02,0.02,100.0,,,0,0,0,ncbi_only,Eukaryota,0.0
Cyclotella,0,0,0.0,0.0,10,7,10,0.02,0.03,100.0,,,0,0,0,ncbi_only,Eukaryota,0.0
Cantharis,0,0,0.0,0.0,10,5,10,0.02,0.02,100.0,,,0,0,0,ncbi_only,Eukaryota,0.0
Lactuca,0,0,0.0,0.0,10,3,10,0.02,0.01,100.0,,,0,0,0,ncbi_only,Eukaryota,0.0
Silene,0,0,0.0,0.0,10,7,10,0.02,0.03,100.0,,,0,0,0,ncbi_only,Eukaryota,0.0
Dactylellina,0,0,0.0,0.0,10,6,10,0.02,0.03,100.0,,,0,0,0,ncbi_only,Eukaryota,0.0
Dasyurus,0,0,0.0,0.0,10,5,10,0.02,0.02,100.0,,,0,0,0,ncbi_only,Eukaryota,0.0
Haliaeetus,0,0,0.0,0.0,10,6,10,0.02,0.03,100.0,,,0,0,0,ncbi_only,Eukaryota,0.0
Cervus,0,0,0.0,0.0,10,5,10,0.02,0.02,100.0,,,0,0,0,ncbi_only,Eukaryota,0.0
Fasciola,0,0,0.0,0.0,10,2,10,0.02,0.01,100.0,,,0,0,0,ncbi_only,Eukaryota,0.0
Lithobius,0,0,0.0,0.0,10,9,10,0.02,0.04,100.0,,,0,0,0,ncbi_only,Eukaryota,0.0
Hippocampus,0,0,0.0,0.0,10,9,10,0.02,0.04,100.0,,,0,0,0,ncbi_only,Eukaryota,0.0
Camelina,0,0,0.0,0.0,10,4,10,0.02,0.02,100.0,,,0,0,0,ncbi_only,Eukaryota,0.0
Melinaea,0,0,0.0,0.0,10,4,10,0.02,0.02,100.0,,,0,0,0,ncbi_only,Eukaryota,0.0
Acomys,0,0,0.0,0.0,10,6,10,0.02,0.03,100.0,,,0,0,0,ncbi_only,Eukaryota,0.0
Pangasius,0,0,0.0,0.0,10,9,10,0.02,0.04,100.0,,,0,0,0,ncbi_only,Eukaryota,0.0
Seriola,0,0,0.0,0.0,10,5,10,0.02,0.02,100.0,,,0,0,0,ncbi_only,Eukaryota,0.0
Aphelenchoides,0,0,0.0,0.0,10,4,10,0.02,0.02,100.0,,,0,0,0,ncbi_only,Eukaryota,0.0
Auanema,0,0,0.0,0.0,10,7,10,0.02,0.03,100.0,,,0,0,0,ncbi_only,Eukaryota,0.0
Bursaphelenchus,0,0,0.0,0.0,10,3,10,0.02,0.01,100.0,,,0,0,0,ncbi_only,Eukaryota,0.0
Olea,0,0,0.0,0.0,10,2,10,0.02,0.01,100.0,,,0,0,0,ncbi_only,Eukaryota,0.0
Amaranthus,0,0,0.0,0.0,10,6,10,0.02,0.03,100.0,,,0,0,0,ncbi_only,Eukaryota,0.0
Ophryoscolex,0,0,0.0,0.0,10,1,10,0.02,0.0,100.0,,,0,0,0,ncbi_only,Eukaryota,0.0
Cadophora,0,0,0.0,0.0,10,6,8,0.02,0.03,80.0,,,0,0,0,ncbi_only,Eukaryota,0.0
Umbelopsis,0,0,0.0,0.0,10,7,10,0.02,0.03,100.0,,,0,0,0,ncbi_only,Eukaryota,0.0
Ateles,0,0,0.0,0.0,10,7,10,0.02,0.03,100.0,,,0,0,0,ncbi_only,Eukaryota,0.0
Bradysia,0,0,0.0,0.0,10,6,10,0.02,0.03,100.0,,,0,0,0,ncbi_only,Eukaryota,0.0
Lycocorax,0,0,0.0,0.0,10,1,10,0.02,0.0,100.0,,,0,0,0,ncbi_only,Eukaryota,0.0
Pollenia,0,0,0.0,0.0,10,5,10,0.02,0.02,100.0,,,0,0,0,ncbi_only,Eukaryota,0.0
Agrochola,0,0,0.0,0.0,10,5,10,0.02,0.02,100.0,,,0,0,0,ncbi_only,Eukaryota,0.0
Noctua,0,0,0.0,0.0,10,5,10,0.02,0.02,100.0,,,0,0,0,ncbi_only,Eukaryota,0.0
Vicia,0,0,0.0,0.0,10,4,10,0.02,0.02,100.0,,,0,0,0,ncbi_only,Eukaryota,0.0
Aplysina,0,0,0.0,0.0,10,3,10,0.02,0.01,100.0,,,0,0,0,ncbi_only,Eukaryota,0.0
Vulpes,0,0,0.0,0.0,10,4,10,0.02,0.02,100.0,,,0,0,0,ncbi_only,Eukaryota,0.0
Monosporascus,0,0,0.0,0.0,10,9,10,0.02,0.04,100.0,,,0,0,0,ncbi_only,Eukaryota,0.0
Apyrrothrix,0,0,0.0,0.0,10,10,10,0.02,0.05,100.0,,,0,0,0,ncbi_only,Eukaryota,0.0
Agapornis,0,0,0.0,0.0,10,9,10,0.02,0.04,100.0,,,0,0,0,ncbi_only,Eukaryota,0.0
Volucella,0,0,0.0,0.0,10,5,10,0.02,0.02,100.0,,,0,0,0,ncbi_only,Eukaryota,0.0
Aphaenogaster,0,0,0.0,0.0,10,9,10,0.02,0.04,100.0,,,0,0,0,ncbi_only,Eukaryota,0.0
Pyrausta,0,0,0.0,0.0,10,5,10,0.02,0.02,100.0,,,0,0,0,ncbi_only,Eukaryota,0.0
Lodderomyces,0,0,0.0,0.0,10,2,10,0.02,0.01,100.0,,,0,0,0,ncbi_only,Eukaryota,0.0
Pelargonium,0,0,0.0,0.0,10,10,10,0.02,0.05,100.0,,,0,0,0,ncbi_only,Eukaryota,0.0
Tribolium,0,0,0.0,0.0,10,4,10,0.02,0.02,100.0,,,0,0,0,ncbi_only,Eukaryota,0.0
Orthosia,0,0,0.0,0.0,10,5,10,0.02,0.02,100.0,,,0,0,0,ncbi_only,Eukaryota,0.0
Tremella,0,0,0.0,0.0,10,3,10,0.02,0.01,100.0,,,0,0,0,ncbi_only,Eukaryota,0.0
Podaxis,0,0,0.0,0.0,10,10,10,0.02,0.05,100.0,,,0,0,0,ncbi_only,Eukaryota,0.0
Acronicta,0,0,0.0,0.0,10,5,10,0.02,0.02,100.0,,,0,0,0,ncbi_only,Eukaryota,0.0
Azolla,0,0,0.0,0.0,10,7,4,0.02,0.03,40.0,,,0,0,0,ncbi_only,Eukaryota,0.0
Aythya,0,0,0.0,0.0,10,5,10,0.02,0.02,100.0,,,0,0,0,ncbi_only,Eukaryota,0.0
Melospiza,0,0,0.0,0.0,10,2,10,0.02,0.01,100.0,,,0,0,0,ncbi_only,Eukaryota,0.0
Psittacula,0,0,0.0,0.0,10,9,10,0.02,0.04,100.0,,,0,0,0,ncbi_only,Eukaryota,0.0
Ptychadena,0,0,0.0,0.0,10,10,10,0.02,0.05,100.0,,,0,0,0,ncbi_only,Eukaryota,0.0
Loxodonta,0,0,0.0,0.0,10,1,10,0.02,0.0,100.0,,,0,0,0,ncbi_only,Eukaryota,0.0
Nemania,0,0,0.0,0.0,10,7,10,0.02,0.03,100.0,,,0,0,0,ncbi_only,Eukaryota,0.0
Odocoileus,0,0,0.0,0.0,10,2,10,0.02,0.01,100.0,,,0,0,0,ncbi_only,Eukaryota,0.0
Bubalus,0,0,0.0,0.0,10,3,10,0.02,0.01,100.0,,,0,0,0,ncbi_only,Eukaryota,0.0
Alouatta,0,0,0.0,0.0,10,7,10,0.02,0.03,100.0,,,0,0,0,ncbi_only,Eukaryota,0.0
Trichomonas,0,0,0.0,0.0,10,5,10,0.02,0.02,100.0,,,0,0,0,ncbi_only,Eukaryota,0.0
Antechinus,0,0,0.0,0.0,10,8,10,0.02,0.04,100.0,,,0,0,0,ncbi_only,Eukaryota,0.0
Coregonus,0,0,0.0,0.0,10,6,10,0.02,0.03,100.0,,,0,0,0,ncbi_only,Eukaryota,0.0
Pseudosimochromis,0,0,0.0,0.0,10,3,10,0.02,0.01,100.0,,,0,0,0,ncbi_only,Eukaryota,0.0
Aurantiochytrium,0,0,0.0,0.0,10,10,10,0.02,0.05,100.0,,,0,0,0,ncbi_only,Eukaryota,0.0
Megachile,0,0,0.0,0.0,10,6,10,0.02,0.03,100.0,,,0,0,0,ncbi_only,Eukaryota,0.0
Vanessa,0,0,0.0,0.0,10,3,10,0.02,0.01,100.0,,,0,0,0,ncbi_only,Eukaryota,0.0
Tuber,0,0,0.0,0.0,10,9,9,0.02,0.04,90.0,,,0,0,0,ncbi_only,Eukaryota,0.0
Felis,0,0,0.0,0.0,9,3,9,0.02,0.01,100.0,,,0,0,0,ncbi_only,Eukaryota,0.0
Dunaliella,0,0,0.0,0.0,9,7,9,0.02,0.03,100.0,,,0,0,0,ncbi_only,Eukaryota,0.0
Lithobates,0,0,0.0,0.0,9,6,9,0.02,0.03,100.0,,,0,0,0,ncbi_only,Eukaryota,0.0
Cacatua,0,0,0.0,0.0,9,9,9,0.02,0.04,100.0,,,0,0,0,ncbi_only,Eukaryota,0.0
Euphydryas,0,0,0.0,0.0,9,4,9,0.02,0.02,100.0,,,0,0,0,ncbi_only,Eukaryota,0.0
Pocillopora,0,0,0.0,0.0,9,4,9,0.02,0.02,100.0,,,0,0,0,ncbi_only,Eukaryota,0.0
Eueides,0,0,0.0,0.0,9,6,9,0.02,0.03,100.0,,,0,0,0,ncbi_only,Eukaryota,0.0
Stemphylium,0,0,0.0,0.0,9,3,9,0.02,0.01,100.0,,,0,0,0,ncbi_only,Eukaryota,0.0
Exserohilum,0,0,0.0,0.0,9,2,9,0.02,0.01,100.0,,,0,0,0,ncbi_only,Eukaryota,0.0
Sorex,0,0,0.0,0.0,9,5,9,0.02,0.02,100.0,,,0,0,0,ncbi_only,Eukaryota,0.0
Rangifer,0,0,0.0,0.0,9,1,9,0.02,0.0,100.0,,,0,0,0,ncbi_only,Eukaryota,0.0
Lepetodrilus,0,0,0.0,0.0,9,9,9,0.02,0.04,100.0,,,0,0,0,ncbi_only,Eukaryota,0.0
Wolfiporia,0,0,0.0,0.0,9,2,9,0.02,0.01,100.0,,,0,0,0,ncbi_only,Eukaryota,0.0
Anastrepha,0,0,0.0,0.0,9,3,9,0.02,0.01,100.0,,,0,0,0,ncbi_only,Eukaryota,0.0
Pantherophis,0,0,0.0,0.0,9,5,9,0.02,0.02,100.0,,,0,0,0,ncbi_only,Eukaryota,0.0
Palythoa,0,0,0.0,0.0,9,7,9,0.02,0.03,100.0,,,0,0,0,ncbi_only,Eukaryota,0.0
Pithecia,0,0,0.0,0.0,9,7,9,0.02,0.03,100.0,,,0,0,0,ncbi_only,Eukaryota,0.0
Spirodela,0,0,0.0,0.0,9,2,9,0.02,0.01,100.0,,,0,0,0,ncbi_only,Eukaryota,0.0
Martes,0,0,0.0,0.0,9,4,9,0.02,0.02,100.0,,,0,0,0,ncbi_only,Eukaryota,0.0
Saimiri,0,0,0.0,0.0,9,6,9,0.02,0.03,100.0,,,0,0,0,ncbi_only,Eukaryota,0.0
Fundulus,0,0,0.0,0.0,9,6,9,0.02,0.03,100.0,,,0,0,0,ncbi_only,Eukaryota,0.0
Lathyrus,0,0,0.0,0.0,9,4,9,0.02,0.02,100.0,,,0,0,0,ncbi_only,Eukaryota,0.0
Chalciporus,0,0,0.0,0.0,9,8,9,0.02,0.04,100.0,,,0,0,0,ncbi_only,Eukaryota,0.0
Agrotis,0,0,0.0,0.0,9,5,9,0.02,0.02,100.0,,,0,0,0,ncbi_only,Eukaryota,0.0
Solenopsis,0,0,0.0,0.0,9,2,9,0.02,0.01,100.0,,,0,0,0,ncbi_only,Eukaryota,0.0
Pisum,0,0,0.0,0.0,9,1,9,0.02,0.0,100.0,,,0,0,0,ncbi_only,Eukaryota,0.0
Carya,0,0,0.0,0.0,9,2,9,0.02,0.01,100.0,,,0,0,0,ncbi_only,Eukaryota,0.0
Autochton,0,0,0.0,0.0,9,9,9,0.02,0.04,100.0,,,0,0,0,ncbi_only,Eukaryota,0.0
Pseudochirops,0,0,0.0,0.0,9,5,9,0.02,0.02,100.0,,,0,0,0,ncbi_only,Eukaryota,0.0
Auricularia,0,0,0.0,0.0,9,7,9,0.02,0.03,100.0,,,0,0,0,ncbi_only,Eukaryota,0.0
Rhipicephalus,0,0,0.0,0.0,9,4,9,0.02,0.02,100.0,,,0,0,0,ncbi_only,Eukaryota,0.0
Tursiops,0,0,0.0,0.0,9,2,9,0.02,0.01,100.0,,,0,0,0,ncbi_only,Eukaryota,0.0
Australozyma,0,0,0.0,0.0,9,8,9,0.02,0.04,100.0,,,0,0,0,ncbi_only,Eukaryota,0.0
Lymantria,0,0,0.0,0.0,9,2,9,0.02,0.01,100.0,,,0,0,0,ncbi_only,Eukaryota,0.0
Curvie,0,0,0.0,0.0,9,1,9,0.02,0.0,100.0,,,0,0,0,ncbi_only,Eukaryota,0.0
Lyophyllum,0,0,0.0,0.0,9,4,9,0.02,0.02,100.0,,,0,0,0,ncbi_only,Eukaryota,0.0
Ipomoea,0,0,0.0,0.0,9,5,9,0.02,0.02,100.0,,,0,0,0,ncbi_only,Eukaryota,0.0
Labeo,0,0,0.0,0.0,9,4,9,0.02,0.02,100.0,,,0,0,0,ncbi_only,Eukaryota,0.0
Glossina,0,0,0.0,0.0,9,6,9,0.02,0.03,100.0,,,0,0,0,ncbi_only,Eukaryota,0.0
Irpex,0,0,0.0,0.0,9,6,9,0.02,0.03,100.0,,,0,0,0,ncbi_only,Eukaryota,0.0
Aschersonia,0,0,0.0,0.0,9,9,9,0.02,0.04,100.0,,,0,0,0,ncbi_only,Eukaryota,0.0
Neopestalotiopsis,0,0,0.0,0.0,9,7,9,0.02,0.03,100.0,,,0,0,0,ncbi_only,Eukaryota,0.0
Forpus,0,0,0.0,0.0,9,9,9,0.02,0.04,100.0,,,0,0,0,ncbi_only,Eukaryota,0.0
Arabis,0,0,0.0,0.0,9,5,9,0.02,0.02,100.0,,,0,0,0,ncbi_only,Eukaryota,0.0
Diorhabda,0,0,0.0,0.0,9,4,9,0.02,0.02,100.0,,,0,0,0,ncbi_only,Eukaryota,0.0
Ramalina,0,0,0.0,0.0,9,9,3,0.02,0.04,33.33,,,0,0,0,ncbi_only,Eukaryota,0.0
Heterocephalus,0,0,0.0,0.0,9,1,9,0.02,0.0,100.0,,,0,0,0,ncbi_only,Eukaryota,0.0
Hipparchia,0,0,0.0,0.0,9,5,9,0.02,0.02,100.0,,,0,0,0,ncbi_only,Eukaryota,0.0
Chironomus,0,0,0.0,0.0,9,4,9,0.02,0.02,100.0,,,0,0,0,ncbi_only,Eukaryota,0.0
Phalanger,0,0,0.0,0.0,9,6,9,0.02,0.03,100.0,,,0,0,0,ncbi_only,Eukaryota,0.0
Collybia,0,0,0.0,0.0,9,4,9,0.02,0.02,100.0,,,0,0,0,ncbi_only,Eukaryota,0.0
Tragelaphus,0,0,0.0,0.0,9,7,9,0.02,0.03,100.0,,,0,0,0,ncbi_only,Eukaryota,0.0
Pseudomyrmex,0,0,0.0,0.0,9,9,9,0.02,0.04,100.0,,,0,0,0,ncbi_only,Eukaryota,0.0
Musca,0,0,0.0,0.0,9,3,9,0.02,0.01,100.0,,,0,0,0,ncbi_only,Eukaryota,0.0
Lecanora,0,0,0.0,0.0,9,9,0,0.02,0.04,0.0,,,0,0,0,ncbi_only,Eukaryota,0.0
Taiwanofungus,0,0,0.0,0.0,9,2,9,0.02,0.01,100.0,,,0,0,0,ncbi_only,Eukaryota,0.0
Vandiemenella,0,0,0.0,0.0,9,1,9,0.02,0.0,100.0,,,0,0,0,ncbi_only,Eukaryota,0.0
Hirtodrosophila,0,0,0.0,0.0,9,8,9,0.02,0.04,100.0,,,0,0,0,ncbi_only,Eukaryota,0.0
Vespula,0,0,0.0,0.0,9,5,9,0.02,0.02,100.0,,,0,0,0,ncbi_only,Eukaryota,0.0
Nothobranchius,0,0,0.0,0.0,9,2,9,0.02,0.01,100.0,,,0,0,0,ncbi_only,Eukaryota,0.0
Nitzschia,0,0,0.0,0.0,9,7,9,0.02,0.03,100.0,,,0,0,0,ncbi_only,Eukaryota,0.0
Hypophthalmichthys,0,0,0.0,0.0,9,2,9,0.02,0.01,100.0,,,0,0,0,ncbi_only,Eukaryota,0.0
Flaveria,0,0,0.0,0.0,9,8,9,0.02,0.04,100.0,,,0,0,0,ncbi_only,Eukaryota,0.0
Acrobeloides,0,0,0.0,0.0,9,5,9,0.02,0.02,100.0,,,0,0,0,ncbi_only,Eukaryota,0.0
Oxynetra,0,0,0.0,0.0,9,6,9,0.02,0.03,100.0,,,0,0,0,ncbi_only,Eukaryota,0.0
Acrocephalus,0,0,0.0,0.0,9,7,9,0.02,0.03,100.0,,,0,0,0,ncbi_only,Eukaryota,0.0
Fomitopsis,0,0,0.0,0.0,9,7,9,0.02,0.03,100.0,,,0,0,0,ncbi_only,Eukaryota,0.0
Limnephilus,0,0,0.0,0.0,9,4,9,0.02,0.02,100.0,,,0,0,0,ncbi_only,Eukaryota,0.0
Eristalis,0,0,0.0,0.0,9,5,9,0.02,0.02,100.0,,,0,0,0,ncbi_only,Eukaryota,0.0
Lepidocyrtus,0,0,0.0,0.0,9,8,9,0.02,0.04,100.0,,,0,0,0,ncbi_only,Eukaryota,0.0
Tetrapisispora,0,0,0.0,0.0,9,8,9,0.02,0.04,100.0,,,0,0,0,ncbi_only,Eukaryota,0.0
Lordiphosa,0,0,0.0,0.0,9,7,7,0.02,0.03,77.78,,,0,0,0,ncbi_only,Eukaryota,0.0
Ernsta,0,0,0.0,0.0,9,9,9,0.02,0.04,100.0,,,0,0,0,ncbi_only,Eukaryota,0.0
Phalacrocorax,0,0,0.0,0.0,9,6,9,0.02,0.03,100.0,,,0,0,0,ncbi_only,Eukaryota,0.0
Viola,0,0,0.0,0.0,8,5,8,0.02,0.02,100.0,,,0,0,0,ncbi_only,Eukaryota,0.0
Phascolarctos,0,0,0.0,0.0,8,1,8,0.02,0.0,100.0,,,0,0,0,ncbi_only,Eukaryota,0.0
Euwallacea,0,0,0.0,0.0,8,2,8,0.02,0.01,100.0,,,0,0,0,ncbi_only,Eukaryota,0.0
Eutrema,0,0,0.0,0.0,8,4,8,0.02,0.02,100.0,,,0,0,0,ncbi_only,Eukaryota,0.0
Stachybotrys,0,0,0.0,0.0,8,5,8,0.02,0.02,100.0,,,0,0,0,ncbi_only,Eukaryota,0.0
Ostrea,0,0,0.0,0.0,8,3,8,0.02,0.01,100.0,,,0,0,0,ncbi_only,Eukaryota,0.0
Aurelia,0,0,0.0,0.0,8,5,8,0.02,0.02,100.0,,,0,0,0,ncbi_only,Eukaryota,0.0
Ningaui,0,0,0.0,0.0,8,3,8,0.02,0.01,100.0,,,0,0,0,ncbi_only,Eukaryota,0.0
Verpa,0,0,0.0,0.0,8,3,8,0.02,0.01,100.0,,,0,0,0,ncbi_only,Eukaryota,0.0
Harmonia,0,0,0.0,0.0,8,1,8,0.02,0.0,100.0,,,0,0,0,ncbi_only,Eukaryota,0.0
Austroboletus,0,0,0.0,0.0,8,7,8,0.02,0.03,100.0,,,0,0,0,ncbi_only,Eukaryota,0.0
Scleropages,0,0,0.0,0.0,8,1,8,0.02,0.0,100.0,,,0,0,0,ncbi_only,Eukaryota,0.0
Ustilaginoidea,0,0,0.0,0.0,8,2,8,0.02,0.01,100.0,,,0,0,0,ncbi_only,Eukaryota,0.0
Psittacara,0,0,0.0,0.0,8,8,8,0.02,0.04,100.0,,,0,0,0,ncbi_only,Eukaryota,0.0
Ornithoptera,0,0,0.0,0.0,8,3,8,0.02,0.01,100.0,,,0,0,0,ncbi_only,Eukaryota,0.0
Aotus,0,0,0.0,0.0,8,5,8,0.02,0.02,100.0,,,0,0,0,ncbi_only,Eukaryota,0.0
Orchesella,0,0,0.0,0.0,8,5,8,0.02,0.02,100.0,,,0,0,0,ncbi_only,Eukaryota,0.0
Protomyces,0,0,0.0,0.0,8,7,8,0.02,0.03,100.0,,,0,0,0,ncbi_only,Eukaryota,0.0
Aphis,0,0,0.0,0.0,8,3,8,0.02,0.01,100.0,,,0,0,0,ncbi_only,Eukaryota,0.0
Oenanthe,0,0,0.0,0.0,8,7,8,0.02,0.03,100.0,,,0,0,0,ncbi_only,Eukaryota,0.0
Syncephalastrum,0,0,0.0,0.0,8,5,8,0.02,0.02,100.0,,,0,0,0,ncbi_only,Eukaryota,0.0
Cystofilobasidium,0,0,0.0,0.0,8,5,8,0.02,0.02,100.0,,,0,0,0,ncbi_only,Eukaryota,0.0
Cyclaneusma,0,0,0.0,0.0,8,1,8,0.02,0.0,100.0,,,0,0,0,ncbi_only,Eukaryota,0.0
Syzygium,0,0,0.0,0.0,8,7,8,0.02,0.03,100.0,,,0,0,0,ncbi_only,Eukaryota,0.0
Globodera,0,0,0.0,0.0,8,3,8,0.02,0.01,100.0,,,0,0,0,ncbi_only,Eukaryota,0.0
Nosema,0,0,0.0,0.0,8,6,8,0.02,0.03,100.0,,,0,0,0,ncbi_only,Eukaryota,0.0
Neoscytalidium,0,0,0.0,0.0,8,1,8,0.02,0.0,100.0,,,0,0,0,ncbi_only,Eukaryota,0.0
Thielaviopsis,0,0,0.0,0.0,8,6,8,0.02,0.03,100.0,,,0,0,0,ncbi_only,Eukaryota,0.0
Lactifluus,0,0,0.0,0.0,8,7,8,0.02,0.03,100.0,,,0,0,0,ncbi_only,Eukaryota,0.0
Tomocerus,0,0,0.0,0.0,8,6,8,0.02,0.03,100.0,,,0,0,0,ncbi_only,Eukaryota,0.0
Silurus,0,0,0.0,0.0,8,5,8,0.02,0.02,100.0,,,0,0,0,ncbi_only,Eukaryota,0.0
Dromaius,0,0,0.0,0.0,8,1,8,0.02,0.0,100.0,,,0,0,0,ncbi_only,Eukaryota,0.0
Diarsia,0,0,0.0,0.0,8,4,8,0.02,0.02,100.0,,,0,0,0,ncbi_only,Eukaryota,0.0
Paracyprichromis,0,0,0.0,0.0,8,4,8,0.02,0.02,100.0,,,0,0,0,ncbi_only,Eukaryota,0.0
Xanthoria,0,0,0.0,0.0,8,6,3,0.02,0.03,37.5,,,0,0,0,ncbi_only,Eukaryota,0.0
Sinocyclocheilus,0,0,0.0,0.0,8,5,8,0.02,0.02,100.0,,,0,0,0,ncbi_only,Eukaryota,0.0
Xanthorhoe,0,0,0.0,0.0,8,4,8,0.02,0.02,100.0,,,0,0,0,ncbi_only,Eukaryota,0.0
Papiliotrema,0,0,0.0,0.0,8,5,8,0.02,0.02,100.0,,,0,0,0,ncbi_only,Eukaryota,0.0
Papaver,0,0,0.0,0.0,8,6,8,0.02,0.03,100.0,,,0,0,0,ncbi_only,Eukaryota,0.0
Anania,0,0,0.0,0.0,8,4,8,0.02,0.02,100.0,,,0,0,0,ncbi_only,Eukaryota,0.0
Trichuris,0,0,0.0,0.0,8,3,8,0.02,0.01,100.0,,,0,0,0,ncbi_only,Eukaryota,0.0
Strix,0,0,0.0,0.0,8,3,8,0.02,0.01,100.0,,,0,0,0,ncbi_only,Eukaryota,0.0
Polydrusus,0,0,0.0,0.0,8,3,8,0.02,0.01,100.0,,,0,0,0,ncbi_only,Eukaryota,0.0
Polyommatus,0,0,0.0,0.0,8,4,8,0.02,0.02,100.0,,,0,0,0,ncbi_only,Eukaryota,0.0
Polyplastron,0,0,0.0,0.0,8,1,8,0.02,0.0,100.0,,,0,0,0,ncbi_only,Eukaryota,0.0
Polyporus,0,0,0.0,0.0,8,3,8,0.02,0.01,100.0,,,0,0,0,ncbi_only,Eukaryota,0.0
Folsomia,0,0,0.0,0.0,8,5,8,0.02,0.02,100.0,,,0,0,0,ncbi_only,Eukaryota,0.0
Fonsecaea,0,0,0.0,0.0,8,6,8,0.02,0.03,100.0,,,0,0,0,ncbi_only,Eukaryota,0.0
Alnus,0,0,0.0,0.0,8,4,8,0.02,0.02,100.0,,,0,0,0,ncbi_only,Eukaryota,0.0
Xiphophorus,0,0,0.0,0.0,8,6,8,0.02,0.03,100.0,,,0,0,0,ncbi_only,Eukaryota,0.0
Chrysemys,0,0,0.0,0.0,8,1,8,0.02,0.0,100.0,,,0,0,0,ncbi_only,Eukaryota,0.0
Monopis,0,0,0.0,0.0,8,3,8,0.02,0.01,100.0,,,0,0,0,ncbi_only,Eukaryota,0.0
Sarcophilus,0,0,0.0,0.0,8,1,8,0.02,0.0,100.0,,,0,0,0,ncbi_only,Eukaryota,0.0
Juncus,0,0,0.0,0.0,8,3,8,0.02,0.01,100.0,,,0,0,0,ncbi_only,Eukaryota,0.0
Chlorocebus,0,0,0.0,0.0,8,3,8,0.02,0.01,100.0,,,0,0,0,ncbi_only,Eukaryota,0.0
Triplophysa,0,0,0.0,0.0,8,8,8,0.02,0.04,100.0,,,0,0,0,ncbi_only,Eukaryota,0.0
Murexia,0,0,0.0,0.0,8,5,8,0.02,0.02,100.0,,,0,0,0,ncbi_only,Eukaryota,0.0
Microplitis,0,0,0.0,0.0,8,4,8,0.02,0.02,100.0,,,0,0,0,ncbi_only,Eukaryota,0.0
Chrysoporthe,0,0,0.0,0.0,8,6,8,0.02,0.03,100.0,,,0,0,0,ncbi_only,Eukaryota,0.0
Jamesozyma,0,0,0.0,0.0,8,7,8,0.02,0.03,100.0,,,0,0,0,ncbi_only,Eukaryota,0.0
Brugia,0,0,0.0,0.0,8,3,8,0.02,0.01,100.0,,,0,0,0,ncbi_only,Eukaryota,0.0
Cimex,0,0,0.0,0.0,8,2,8,0.02,0.01,100.0,,,0,0,0,ncbi_only,Eukaryota,0.0
Microceris,0,0,0.0,0.0,8,8,8,0.02,0.04,100.0,,,0,0,0,ncbi_only,Eukaryota,0.0
Pyrrhoderma,0,0,0.0,0.0,8,2,8,0.02,0.01,100.0,,,0,0,0,ncbi_only,Eukaryota,0.0
Misgurnus,0,0,0.0,0.0,8,2,8,0.02,0.01,100.0,,,0,0,0,ncbi_only,Eukaryota,0.0
Microcebus,0,0,0.0,0.0,8,6,8,0.02,0.03,100.0,,,0,0,0,ncbi_only,Eukaryota,0.0
Bubo,0,0,0.0,0.0,8,4,8,0.02,0.02,100.0,,,0,0,0,ncbi_only,Eukaryota,0.0
Chrysolina,0,0,0.0,0.0,8,4,8,0.02,0.02,100.0,,,0,0,0,ncbi_only,Eukaryota,0.0
Hyalomma,0,0,0.0,0.0,8,2,8,0.02,0.01,100.0,,,0,0,0,ncbi_only,Eukaryota,0.0
Tridacna,0,0,0.0,0.0,8,4,8,0.02,0.02,100.0,,,0,0,0,ncbi_only,Eukaryota,0.0
Hydnotrya,0,0,0.0,0.0,8,8,8,0.02,0.04,100.0,,,0,0,0,ncbi_only,Eukaryota,0.0
Huntiella,0,0,0.0,0.0,8,8,8,0.02,0.04,100.0,,,0,0,0,ncbi_only,Eukaryota,0.0
Agonopterix,0,0,0.0,0.0,8,4,8,0.02,0.02,100.0,,,0,0,0,ncbi_only,Eukaryota,0.0
Agriphila,0,0,0.0,0.0,8,4,8,0.02,0.02,100.0,,,0,0,0,ncbi_only,Eukaryota,0.0
Perkinsus,0,0,0.0,0.0,8,4,8,0.02,0.02,100.0,,,0,0,0,ncbi_only,Eukaryota,0.0
Perizoma,0,0,0.0,0.0,8,4,8,0.02,0.02,100.0,,,0,0,0,ncbi_only,Eukaryota,0.0
Eudyptes,0,0,0.0,0.0,8,8,8,0.02,0.04,100.0,,,0,0,0,ncbi_only,Eukaryota,0.0
Esox,0,0,0.0,0.0,8,3,8,0.02,0.01,100.0,,,0,0,0,ncbi_only,Eukaryota,0.0
Entodinium,0,0,0.0,0.0,8,3,8,0.02,0.01,100.0,,,0,0,0,ncbi_only,Eukaryota,0.0
Acanthaster,0,0,0.0,0.0,8,1,8,0.02,0.0,100.0,,,0,0,0,ncbi_only,Eukaryota,0.0
Ephestia,0,0,0.0,0.0,8,2,8,0.02,0.01,100.0,,,0,0,0,ncbi_only,Eukaryota,0.0
Epiblema,0,0,0.0,0.0,8,4,8,0.02,0.02,100.0,,,0,0,0,ncbi_only,Eukaryota,0.0
Closterium,0,0,0.0,0.0,8,8,8,0.02,0.04,100.0,,,0,0,0,ncbi_only,Eukaryota,0.0
Acanthurus,0,0,0.0,0.0,8,8,8,0.02,0.04,100.0,,,0,0,0,ncbi_only,Eukaryota,0.0
Zonotrichia,0,0,0.0,0.0,8,3,8,0.02,0.01,100.0,,,0,0,0,ncbi_only,Eukaryota,0.0
Picea,0,0,0.0,0.0,8,5,8,0.02,0.02,100.0,,,0,0,0,ncbi_only,Eukaryota,0.0
Acipenser,0,0,0.0,0.0,8,4,8,0.02,0.02,100.0,,,0,0,0,ncbi_only,Eukaryota,0.0
Eleusine,0,0,0.0,0.0,8,2,8,0.02,0.01,100.0,,,0,0,0,ncbi_only,Eukaryota,0.0
Strongyloides,0,0,0.0,0.0,8,4,8,0.02,0.02,100.0,,,0,0,0,ncbi_only,Eukaryota,0.0
Eilema,0,0,0.0,0.0,8,4,8,0.02,0.02,100.0,,,0,0,0,ncbi_only,Eukaryota,0.0
Podosphaera,0,0,0.0,0.0,8,5,8,0.02,0.02,100.0,,,0,0,0,ncbi_only,Eukaryota,0.0
Poicephalus,0,0,0.0,0.0,8,8,8,0.02,0.04,100.0,,,0,0,0,ncbi_only,Eukaryota,0.0
Persea,0,0,0.0,0.0,8,1,8,0.02,0.0,100.0,,,0,0,0,ncbi_only,Eukaryota,0.0
Polistes,0,0,0.0,0.0,8,7,8,0.02,0.03,100.0,,,0,0,0,ncbi_only,Eukaryota,0.0
Euchloe,0,0,0.0,0.0,8,4,8,0.02,0.02,100.0,,,0,0,0,ncbi_only,Eukaryota,0.0
Cathorops,0,0,0.0,0.0,8,8,8,0.02,0.04,100.0,,,0,0,0,ncbi_only,Eukaryota,0.0
Thera,0,0,0.0,0.0,8,4,8,0.02,0.02,100.0,,,0,0,0,ncbi_only,Eukaryota,0.0
Timema,0,0,0.0,0.0,8,4,8,0.02,0.02,100.0,,,0,0,0,ncbi_only,Eukaryota,0.0
Laburnicola,0,0,0.0,0.0,8,4,8,0.02,0.02,100.0,,,0,0,0,ncbi_only,Eukaryota,0.0
Catocala,0,0,0.0,0.0,8,4,8,0.02,0.02,100.0,,,0,0,0,ncbi_only,Eukaryota,0.0
Trichogramma,0,0,0.0,0.0,8,6,8,0.02,0.03,100.0,,,0,0,0,ncbi_only,Eukaryota,0.0
Lepeophtheirus,0,0,0.0,0.0,8,2,8,0.02,0.01,100.0,,,0,0,0,ncbi_only,Eukaryota,0.0
Ophion,0,0,0.0,0.0,8,5,8,0.02,0.02,100.0,,,0,0,0,ncbi_only,Eukaryota,0.0
Prunella,0,0,0.0,0.0,8,5,8,0.02,0.02,100.0,,,0,0,0,ncbi_only,Eukaryota,0.0
Leucosporidium,0,0,0.0,0.0,8,3,7,0.02,0.01,87.5,,,0,0,0,ncbi_only,Eukaryota,0.0
Tockus,0,0,0.0,0.0,8,8,8,0.02,0.04,100.0,,,0,0,0,ncbi_only,Eukaryota,0.0
Neoarius,0,0,0.0,0.0,8,6,8,0.02,0.03,100.0,,,0,0,0,ncbi_only,Eukaryota,0.0
Cupido,0,0,0.0,0.0,8,4,8,0.02,0.02,100.0,,,0,0,0,ncbi_only,Eukaryota,0.0
Vipera,0,0,0.0,0.0,8,4,8,0.02,0.02,100.0,,,0,0,0,ncbi_only,Eukaryota,0.0
Greenwoodochromis,0,0,0.0,0.0,8,4,8,0.02,0.02,100.0,,,0,0,0,ncbi_only,Eukaryota,0.0
Onchocerca,0,0,0.0,0.0,8,4,8,0.02,0.02,100.0,,,0,0,0,ncbi_only,Eukaryota,0.0
Anthopleura,0,0,0.0,0.0,8,4,8,0.02,0.02,100.0,,,0,0,0,ncbi_only,Eukaryota,0.0
Maratus,0,0,0.0,0.0,8,4,8,0.02,0.02,100.0,,,0,0,0,ncbi_only,Eukaryota,0.0
Lithophane,0,0,0.0,0.0,8,4,8,0.02,0.02,100.0,,,0,0,0,ncbi_only,Eukaryota,0.0
Rubia,0,0,0.0,0.0,8,8,8,0.02,0.04,100.0,,,0,0,0,ncbi_only,Eukaryota,0.0
Castanea,0,0,0.0,0.0,8,4,8,0.02,0.02,100.0,,,0,0,0,ncbi_only,Eukaryota,0.0
Cassiopea,0,0,0.0,0.0,8,4,8,0.02,0.02,100.0,,,0,0,0,ncbi_only,Eukaryota,0.0
Lasiommata,0,0,0.0,0.0,8,4,8,0.02,0.02,100.0,,,0,0,0,ncbi_only,Eukaryota,0.0
Macaria,0,0,0.0,0.0,8,4,8,0.02,0.02,100.0,,,0,0,0,ncbi_only,Eukaryota,0.0
Melampsora,0,0,0.0,0.0,8,8,8,0.02,0.04,100.0,,,0,0,0,ncbi_only,Eukaryota,0.0
Cotesia,0,0,0.0,0.0,8,6,8,0.02,0.03,100.0,,,0,0,0,ncbi_only,Eukaryota,0.0
Scophthalmus,0,0,0.0,0.0,8,1,8,0.02,0.0,100.0,,,0,0,0,ncbi_only,Eukaryota,0.0
Ancylostoma,0,0,0.0,0.0,7,3,7,0.01,0.01,100.0,,,0,0,0,ncbi_only,Eukaryota,0.0
Pararge,0,0,0.0,0.0,7,2,7,0.01,0.01,100.0,,,0,0,0,ncbi_only,Eukaryota,0.0
Geodia,0,0,0.0,0.0,7,4,7,0.01,0.02,100.0,,,0,0,0,ncbi_only,Eukaryota,0.0
Zygotorulaspora,0,0,0.0,0.0,7,5,7,0.01,0.02,100.0,,,0,0,0,ncbi_only,Eukaryota,0.0
Melanargia,0,0,0.0,0.0,7,4,7,0.01,0.02,100.0,,,0,0,0,ncbi_only,Eukaryota,0.0
Rosellinia,0,0,0.0,0.0,7,1,7,0.01,0.0,100.0,,,0,0,0,ncbi_only,Eukaryota,0.0
Millerozyma,0,0,0.0,0.0,7,4,7,0.01,0.02,100.0,,,0,0,0,ncbi_only,Eukaryota,0.0
Peltigera,0,0,0.0,0.0,7,7,0,0.01,0.03,0.0,,,0,0,0,ncbi_only,Eukaryota,0.0
Trichoglossus,0,0,0.0,0.0,7,6,7,0.01,0.03,100.0,,,0,0,0,ncbi_only,Eukaryota,0.0
Thelonectria,0,0,0.0,0.0,7,5,7,0.01,0.02,100.0,,,0,0,0,ncbi_only,Eukaryota,0.0
Tetradesmus,0,0,0.0,0.0,7,3,7,0.01,0.01,100.0,,,0,0,0,ncbi_only,Eukaryota,0.0
Prionailurus,0,0,0.0,0.0,7,3,7,0.01,0.01,100.0,,,0,0,0,ncbi_only,Eukaryota,0.0
Tetragonula,0,0,0.0,0.0,7,5,7,0.01,0.02,100.0,,,0,0,0,ncbi_only,Eukaryota,0.0
Megascops,0,0,0.0,0.0,7,7,7,0.01,0.03,100.0,,,0,0,0,ncbi_only,Eukaryota,0.0
Iris,0,0,0.0,0.0,7,5,7,0.01,0.02,100.0,,,0,0,0,ncbi_only,Eukaryota,0.0
Galium,0,0,0.0,0.0,7,5,7,0.01,0.02,100.0,,,0,0,0,ncbi_only,Eukaryota,0.0
Perca,0,0,0.0,0.0,7,3,7,0.01,0.01,100.0,,,0,0,0,ncbi_only,Eukaryota,0.0
Mesoplodon,0,0,0.0,0.0,7,3,7,0.01,0.01,100.0,,,0,0,0,ncbi_only,Eukaryota,0.0
Saccharina,0,0,0.0,0.0,7,3,7,0.01,0.01,100.0,,,0,0,0,ncbi_only,Eukaryota,0.0
Pascua,0,0,0.0,0.0,7,7,7,0.01,0.03,100.0,,,0,0,0,ncbi_only,Eukaryota,0.0
Entomobrya,0,0,0.0,0.0,7,7,7,0.01,0.03,100.0,,,0,0,0,ncbi_only,Eukaryota,0.0
Polymixia,0,0,0.0,0.0,7,3,7,0.01,0.01,100.0,,,0,0,0,ncbi_only,Eukaryota,0.0
Ganaspis,0,0,0.0,0.0,7,2,7,0.01,0.01,100.0,,,0,0,0,ncbi_only,Eukaryota,0.0
Chiloscyllium,0,0,0.0,0.0,7,2,7,0.01,0.01,100.0,,,0,0,0,ncbi_only,Eukaryota,0.0
Dipodascus,0,0,0.0,0.0,7,5,7,0.01,0.02,100.0,,,0,0,0,ncbi_only,Eukaryota,0.0
Alectoria,0,0,0.0,0.0,7,3,1,0.01,0.01,14.29,,,0,0,0,ncbi_only,Eukaryota,0.0
Acacia,0,0,0.0,0.0,7,6,7,0.01,0.03,100.0,,,0,0,0,ncbi_only,Eukaryota,0.0
Lotmaria,0,0,0.0,0.0,7,1,7,0.01,0.0,100.0,,,0,0,0,ncbi_only,Eukaryota,0.0
Jatropha,0,0,0.0,0.0,7,3,7,0.01,0.01,100.0,,,0,0,0,ncbi_only,Eukaryota,0.0
Trichothecium,0,0,0.0,0.0,7,3,7,0.01,0.01,100.0,,,0,0,0,ncbi_only,Eukaryota,0.0
Lepidium,0,0,0.0,0.0,7,6,7,0.01,0.03,100.0,,,0,0,0,ncbi_only,Eukaryota,0.0
Schistocerca,0,0,0.0,0.0,7,6,7,0.01,0.03,100.0,,,0,0,0,ncbi_only,Eukaryota,0.0
Scenedesmus,0,0,0.0,0.0,7,7,7,0.01,0.03,100.0,,,0,0,0,ncbi_only,Eukaryota,0.0
Chytriomyces,0,0,0.0,0.0,7,4,7,0.01,0.02,100.0,,,0,0,0,ncbi_only,Eukaryota,0.0
Benthochromis,0,0,0.0,0.0,7,4,7,0.01,0.02,100.0,,,0,0,0,ncbi_only,Eukaryota,0.0
Artibeus,0,0,0.0,0.0,7,3,7,0.01,0.01,100.0,,,0,0,0,ncbi_only,Eukaryota,0.0
Arthroderma,0,0,0.0,0.0,7,6,7,0.01,0.03,100.0,,,0,0,0,ncbi_only,Eukaryota,0.0
Sula,0,0,0.0,0.0,7,5,7,0.01,0.02,100.0,,,0,0,0,ncbi_only,Eukaryota,0.0
Brotogeris,0,0,0.0,0.0,7,7,7,0.01,0.03,100.0,,,0,0,0,ncbi_only,Eukaryota,0.0
Thymelicus,0,0,0.0,0.0,7,3,7,0.01,0.01,100.0,,,0,0,0,ncbi_only,Eukaryota,0.0
Portunus,0,0,0.0,0.0,7,3,7,0.01,0.01,100.0,,,0,0,0,ncbi_only,Eukaryota,0.0
Bruguiera,0,0,0.0,0.0,7,5,7,0.01,0.02,100.0,,,0,0,0,ncbi_only,Eukaryota,0.0
Zosterops,0,0,0.0,0.0,7,5,7,0.01,0.02,100.0,,,0,0,0,ncbi_only,Eukaryota,0.0
Diuraphis,0,0,0.0,0.0,7,1,7,0.01,0.0,100.0,,,0,0,0,ncbi_only,Eukaryota,0.0
Trichosurus,0,0,0.0,0.0,7,2,7,0.01,0.01,100.0,,,0,0,0,ncbi_only,Eukaryota,0.0
Pangasianodon,0,0,0.0,0.0,7,2,7,0.01,0.01,100.0,,,0,0,0,ncbi_only,Eukaryota,0.0
Diospyros,0,0,0.0,0.0,7,2,7,0.01,0.01,100.0,,,0,0,0,ncbi_only,Eukaryota,0.0
Heterodermia,0,0,0.0,0.0,7,6,0,0.01,0.03,0.0,,,0,0,0,ncbi_only,Eukaryota,0.0
Vanrija,0,0,0.0,0.0,7,5,7,0.01,0.02,100.0,,,0,0,0,ncbi_only,Eukaryota,0.0
Allium,0,0,0.0,0.0,7,3,7,0.01,0.01,100.0,,,0,0,0,ncbi_only,Eukaryota,0.0
Aratinga,0,0,0.0,0.0,7,6,7,0.01,0.03,100.0,,,0,0,0,ncbi_only,Eukaryota,0.0
Phalloceros,0,0,0.0,0.0,7,7,7,0.01,0.03,100.0,,,0,0,0,ncbi_only,Eukaryota,0.0
Hyaloperonospora,0,0,0.0,0.0,7,3,7,0.01,0.01,100.0,,,0,0,0,ncbi_only,Eukaryota,0.0
Argynnis,0,0,0.0,0.0,7,4,7,0.01,0.02,100.0,,,0,0,0,ncbi_only,Eukaryota,0.0
Berkeleyomyces,0,0,0.0,0.0,7,2,7,0.01,0.01,100.0,,,0,0,0,ncbi_only,Eukaryota,0.0
Synergus,0,0,0.0,0.0,7,7,6,0.01,0.03,85.71,,,0,0,0,ncbi_only,Eukaryota,0.0
Urbanus,0,0,0.0,0.0,7,7,7,0.01,0.03,100.0,,,0,0,0,ncbi_only,Eukaryota,0.0
Carebara,0,0,0.0,0.0,7,7,7,0.01,0.03,100.0,,,0,0,0,ncbi_only,Eukaryota,0.0
Asparagus,0,0,0.0,0.0,7,4,7,0.01,0.02,100.0,,,0,0,0,ncbi_only,Eukaryota,0.0
Cunninghamella,0,0,0.0,0.0,7,5,7,0.01,0.02,100.0,,,0,0,0,ncbi_only,Eukaryota,0.0
Leuciscus,0,0,0.0,0.0,7,4,7,0.01,0.02,100.0,,,0,0,0,ncbi_only,Eukaryota,0.0
Torymus,0,0,0.0,0.0,7,7,7,0.01,0.03,100.0,,,0,0,0,ncbi_only,Eukaryota,0.0
Escovopsis,0,0,0.0,0.0,7,6,7,0.01,0.03,100.0,,,0,0,0,ncbi_only,Eukaryota,0.0
Gynochthodes,0,0,0.0,0.0,7,1,7,0.01,0.0,100.0,,,0,0,0,ncbi_only,Eukaryota,0.0
Takifugu,0,0,0.0,0.0,7,4,7,0.01,0.02,100.0,,,0,0,0,ncbi_only,Eukaryota,0.0
Mysoria,0,0,0.0,0.0,7,7,7,0.01,0.03,100.0,,,0,0,0,ncbi_only,Eukaryota,0.0
Hirudo,0,0,0.0,0.0,7,4,7,0.01,0.02,100.0,,,0,0,0,ncbi_only,Eukaryota,0.0
Athalia,0,0,0.0,0.0,7,3,7,0.01,0.01,100.0,,,0,0,0,ncbi_only,Eukaryota,0.0
Vespa,0,0,0.0,0.0,7,3,7,0.01,0.01,100.0,,,0,0,0,ncbi_only,Eukaryota,0.0
Macrobrachium,0,0,0.0,0.0,7,3,7,0.01,0.01,100.0,,,0,0,0,ncbi_only,Eukaryota,0.0
Hipposideros,0,0,0.0,0.0,7,4,7,0.01,0.02,100.0,,,0,0,0,ncbi_only,Eukaryota,0.0
Scomber,0,0,0.0,0.0,7,3,7,0.01,0.01,100.0,,,0,0,0,ncbi_only,Eukaryota,0.0
Lampetra,0,0,0.0,0.0,7,3,7,0.01,0.01,100.0,,,0,0,0,ncbi_only,Eukaryota,0.0
Zeugodacus,0,0,0.0,0.0,7,2,7,0.01,0.01,100.0,,,0,0,0,ncbi_only,Eukaryota,0.0
Trachinotus,0,0,0.0,0.0,7,3,7,0.01,0.01,100.0,,,0,0,0,ncbi_only,Eukaryota,0.0
Hericium,0,0,0.0,0.0,7,4,7,0.01,0.02,100.0,,,0,0,0,ncbi_only,Eukaryota,0.0
Eupeodes,0,0,0.0,0.0,7,3,7,0.01,0.01,100.0,,,0,0,0,ncbi_only,Eukaryota,0.0
Craterocephalus,0,0,0.0,0.0,7,5,7,0.01,0.02,100.0,,,0,0,0,ncbi_only,Eukaryota,0.0
Poa,0,0,0.0,0.0,7,6,7,0.01,0.03,100.0,,,0,0,0,ncbi_only,Eukaryota,0.0
Delphinapterus,0,0,0.0,0.0,7,1,7,0.01,0.0,100.0,,,0,0,0,ncbi_only,Eukaryota,0.0
Lamellibrachia,0,0,0.0,0.0,7,4,7,0.01,0.02,100.0,,,0,0,0,ncbi_only,Eukaryota,0.0
Spatula,0,0,0.0,0.0,7,7,7,0.01,0.03,100.0,,,0,0,0,ncbi_only,Eukaryota,0.0
Ortholexis,0,0,0.0,0.0,7,3,7,0.01,0.01,100.0,,,0,0,0,ncbi_only,Eukaryota,0.0
Citeromyces,0,0,0.0,0.0,7,4,7,0.01,0.02,100.0,,,0,0,0,ncbi_only,Eukaryota,0.0
Ulmus,0,0,0.0,0.0,7,4,7,0.01,0.02,100.0,,,0,0,0,ncbi_only,Eukaryota,0.0
Onychomys,0,0,0.0,0.0,7,3,7,0.01,0.01,100.0,,,0,0,0,ncbi_only,Eukaryota,0.0
Sarracenia,0,0,0.0,0.0,7,7,7,0.01,0.03,100.0,,,0,0,0,ncbi_only,Eukaryota,0.0
Marasmius,0,0,0.0,0.0,7,5,7,0.01,0.02,100.0,,,0,0,0,ncbi_only,Eukaryota,0.0
Oryctes,0,0,0.0,0.0,7,2,7,0.01,0.01,100.0,,,0,0,0,ncbi_only,Eukaryota,0.0
Lachnellula,0,0,0.0,0.0,7,7,7,0.01,0.03,100.0,,,0,0,0,ncbi_only,Eukaryota,0.0
Aphodius,0,0,0.0,0.0,7,4,7,0.01,0.02,100.0,,,0,0,0,ncbi_only,Eukaryota,0.0
Dendrolimus,0,0,0.0,0.0,7,6,7,0.01,0.03,100.0,,,0,0,0,ncbi_only,Eukaryota,0.0
Impatiens,0,0,0.0,0.0,7,4,7,0.01,0.02,100.0,,,0,0,0,ncbi_only,Eukaryota,0.0
Moschus,0,0,0.0,0.0,7,3,7,0.01,0.01,100.0,,,0,0,0,ncbi_only,Eukaryota,0.0
Capsella,0,0,0.0,0.0,7,4,7,0.01,0.02,100.0,,,0,0,0,ncbi_only,Eukaryota,0.0
Sporobolomyces,0,0,0.0,0.0,7,5,7,0.01,0.02,100.0,,,0,0,0,ncbi_only,Eukaryota,0.0
Petunia,0,0,0.0,0.0,7,3,7,0.01,0.01,100.0,,,0,0,0,ncbi_only,Eukaryota,0.0
Sciurus,0,0,0.0,0.0,7,3,7,0.01,0.01,100.0,,,0,0,0,ncbi_only,Eukaryota,0.0
Apostichopus,0,0,0.0,0.0,7,4,7,0.01,0.02,100.0,,,0,0,0,ncbi_only,Eukaryota,0.0
Limenitis,0,0,0.0,0.0,7,4,7,0.01,0.02,100.0,,,0,0,0,ncbi_only,Eukaryota,0.0
Setophaga,0,0,0.0,0.0,7,4,7,0.01,0.02,100.0,,,0,0,0,ncbi_only,Eukaryota,0.0
Dermatophagoides,0,0,0.0,0.0,7,2,7,0.01,0.01,100.0,,,0,0,0,ncbi_only,Eukaryota,0.0
Propithecus,0,0,0.0,0.0,7,7,7,0.01,0.03,100.0,,,0,0,0,ncbi_only,Eukaryota,0.0
Mansonella,0,0,0.0,0.0,7,3,7,0.01,0.01,100.0,,,0,0,0,ncbi_only,Eukaryota,0.0
Dactylonectria,0,0,0.0,0.0,7,4,7,0.01,0.02,100.0,,,0,0,0,ncbi_only,Eukaryota,0.0
Fagopyrum,0,0,0.0,0.0,7,3,7,0.01,0.01,100.0,,,0,0,0,ncbi_only,Eukaryota,0.0
Petromyzon,0,0,0.0,0.0,7,1,7,0.01,0.0,100.0,,,0,0,0,ncbi_only,Eukaryota,0.0
Molossus,0,0,0.0,0.0,7,3,7,0.01,0.01,100.0,,,0,0,0,ncbi_only,Eukaryota,0.0
Boechera,0,0,0.0,0.0,7,4,7,0.01,0.02,100.0,,,0,0,0,ncbi_only,Eukaryota,0.0
Dendrobium,0,0,0.0,0.0,7,7,7,0.01,0.03,100.0,,,0,0,0,ncbi_only,Eukaryota,0.0
Acer,0,0,0.0,0.0,7,4,7,0.01,0.02,100.0,,,0,0,0,ncbi_only,Eukaryota,0.0
Apophysomyces,0,0,0.0,0.0,7,7,7,0.01,0.03,100.0,,,0,0,0,ncbi_only,Eukaryota,0.0
Darevskia,0,0,0.0,0.0,7,5,7,0.01,0.02,100.0,,,0,0,0,ncbi_only,Eukaryota,0.0
Hypsolebias,0,0,0.0,0.0,7,7,7,0.01,0.03,100.0,,,0,0,0,ncbi_only,Eukaryota,0.0
Sylvia,0,0,0.0,0.0,7,3,7,0.01,0.01,100.0,,,0,0,0,ncbi_only,Eukaryota,0.0
Epizoanthus,0,0,0.0,0.0,7,7,7,0.01,0.03,100.0,,,0,0,0,ncbi_only,Eukaryota,0.0
Trididemnum,0,0,0.0,0.0,6,3,6,0.01,0.01,100.0,,,0,0,0,ncbi_only,Eukaryota,0.0
Elaeis,0,0,0.0,0.0,6,2,6,0.01,0.01,100.0,,,0,0,0,ncbi_only,Eukaryota,0.0
Matricaria,0,0,0.0,0.0,6,2,6,0.01,0.01,100.0,,,0,0,0,ncbi_only,Eukaryota,0.0
Callochromis,0,0,0.0,0.0,6,3,6,0.01,0.01,100.0,,,0,0,0,ncbi_only,Eukaryota,0.0
Phoenix,0,0,0.0,0.0,6,2,6,0.01,0.01,100.0,,,0,0,0,ncbi_only,Eukaryota,0.0
Ranunculus,0,0,0.0,0.0,6,4,6,0.01,0.02,100.0,,,0,0,0,ncbi_only,Eukaryota,0.0
Cosmia,0,0,0.0,0.0,6,3,6,0.01,0.01,100.0,,,0,0,0,ncbi_only,Eukaryota,0.0
Enterocytozoon,0,0,0.0,0.0,6,2,6,0.01,0.01,100.0,,,0,0,0,ncbi_only,Eukaryota,0.0
Ensete,0,0,0.0,0.0,6,2,6,0.01,0.01,100.0,,,0,0,0,ncbi_only,Eukaryota,0.0
Calameuta,0,0,0.0,0.0,6,6,6,0.01,0.03,100.0,,,0,0,0,ncbi_only,Eukaryota,0.0
Menidia,0,0,0.0,0.0,6,2,6,0.01,0.01,100.0,,,0,0,0,ncbi_only,Eukaryota,0.0
Himalopsyche,0,0,0.0,0.0,6,5,6,0.01,0.02,100.0,,,0,0,0,ncbi_only,Eukaryota,0.0
Cebus,0,0,0.0,0.0,6,4,6,0.01,0.02,100.0,,,0,0,0,ncbi_only,Eukaryota,0.0
Entomortierella,0,0,0.0,0.0,6,4,6,0.01,0.02,100.0,,,0,0,0,ncbi_only,Eukaryota,0.0
Nelumbo,0,0,0.0,0.0,6,2,6,0.01,0.01,100.0,,,0,0,0,ncbi_only,Eukaryota,0.0
Meriones,0,0,0.0,0.0,6,2,6,0.01,0.01,100.0,,,0,0,0,ncbi_only,Eukaryota,0.0
Thamnophis,0,0,0.0,0.0,6,3,6,0.01,0.01,100.0,,,0,0,0,ncbi_only,Eukaryota,0.0
Hevea,0,0,0.0,0.0,6,1,6,0.01,0.0,100.0,,,0,0,0,ncbi_only,Eukaryota,0.0
Phrynocephalus,0,0,0.0,0.0,6,5,6,0.01,0.02,100.0,,,0,0,0,ncbi_only,Eukaryota,0.0
Neodiprion,0,0,0.0,0.0,6,4,6,0.01,0.02,100.0,,,0,0,0,ncbi_only,Eukaryota,0.0
Varanus,0,0,0.0,0.0,6,5,6,0.01,0.02,100.0,,,0,0,0,ncbi_only,Eukaryota,0.0
Merops,0,0,0.0,0.0,6,4,6,0.01,0.02,100.0,,,0,0,0,ncbi_only,Eukaryota,0.0
Sciades,0,0,0.0,0.0,6,6,6,0.01,0.03,100.0,,,0,0,0,ncbi_only,Eukaryota,0.0
Cornus,0,0,0.0,0.0,6,4,6,0.01,0.02,100.0,,,0,0,0,ncbi_only,Eukaryota,0.0
Phragmites,0,0,0.0,0.0,6,1,6,0.01,0.0,100.0,,,0,0,0,ncbi_only,Eukaryota,0.0
Melieria,0,0,0.0,0.0,6,3,6,0.01,0.01,100.0,,,0,0,0,ncbi_only,Eukaryota,0.0
Vairimorpha,0,0,0.0,0.0,6,4,6,0.01,0.02,100.0,,,0,0,0,ncbi_only,Eukaryota,0.0
Vanderwaltozyma,0,0,0.0,0.0,6,5,6,0.01,0.02,100.0,,,0,0,0,ncbi_only,Eukaryota,0.0
Tausonia,0,0,0.0,0.0,6,2,6,0.01,0.01,100.0,,,0,0,0,ncbi_only,Eukaryota,0.0
Neoboletus,0,0,0.0,0.0,6,4,5,0.01,0.02,83.33,,,0,0,0,ncbi_only,Eukaryota,0.0
Bothrops,0,0,0.0,0.0,6,6,6,0.01,0.03,100.0,,,0,0,0,ncbi_only,Eukaryota,0.0
Nasonia,0,0,0.0,0.0,6,4,6,0.01,0.02,100.0,,,0,0,0,ncbi_only,Eukaryota,0.0
Plecodus,0,0,0.0,0.0,6,3,6,0.01,0.01,100.0,,,0,0,0,ncbi_only,Eukaryota,0.0
Plebejus,0,0,0.0,0.0,6,4,6,0.01,0.02,100.0,,,0,0,0,ncbi_only,Eukaryota,0.0
Emberiza,0,0,0.0,0.0,6,5,6,0.01,0.02,100.0,,,0,0,0,ncbi_only,Eukaryota,0.0
Millepora,0,0,0.0,0.0,6,3,6,0.01,0.01,100.0,,,0,0,0,ncbi_only,Eukaryota,0.0
Branta,0,0,0.0,0.0,6,3,6,0.01,0.01,100.0,,,0,0,0,ncbi_only,Eukaryota,0.0
Rhinocladiella,0,0,0.0,0.0,6,2,5,0.01,0.01,83.33,,,0,0,0,ncbi_only,Eukaryota,0.0
Hypseleotris,0,0,0.0,0.0,6,5,6,0.01,0.02,100.0,,,0,0,0,ncbi_only,Eukaryota,0.0
Rhinopithecus,0,0,0.0,0.0,6,3,6,0.01,0.01,100.0,,,0,0,0,ncbi_only,Eukaryota,0.0
Betta,0,0,0.0,0.0,6,2,6,0.01,0.01,100.0,,,0,0,0,ncbi_only,Eukaryota,0.0
Bettongia,0,0,0.0,0.0,6,5,6,0.01,0.02,100.0,,,0,0,0,ncbi_only,Eukaryota,0.0
Zoanthus,0,0,0.0,0.0,6,6,6,0.01,0.03,100.0,,,0,0,0,ncbi_only,Eukaryota,0.0
Hylobates,0,0,0.0,0.0,6,5,6,0.01,0.02,100.0,,,0,0,0,ncbi_only,Eukaryota,0.0
Chymomyza,0,0,0.0,0.0,6,5,6,0.01,0.02,100.0,,,0,0,0,ncbi_only,Eukaryota,0.0
Plectosphaerella,0,0,0.0,0.0,6,3,6,0.01,0.01,100.0,,,0,0,0,ncbi_only,Eukaryota,0.0
Rutilus,0,0,0.0,0.0,6,1,6,0.01,0.0,100.0,,,0,0,0,ncbi_only,Eukaryota,0.0
Tephrocybe,0,0,0.0,0.0,6,5,6,0.01,0.02,100.0,,,0,0,0,ncbi_only,Eukaryota,0.0
Muscicapa,0,0,0.0,0.0,6,5,6,0.01,0.02,100.0,,,0,0,0,ncbi_only,Eukaryota,0.0
Eremothecium,0,0,0.0,0.0,6,5,6,0.01,0.02,100.0,,,0,0,0,ncbi_only,Eukaryota,0.0
Udea,0,0,0.0,0.0,6,3,6,0.01,0.01,100.0,,,0,0,0,ncbi_only,Eukaryota,0.0
Mormyrops,0,0,0.0,0.0,6,6,6,0.01,0.03,100.0,,,0,0,0,ncbi_only,Eukaryota,0.0
Ceratitis,0,0,0.0,0.0,6,3,6,0.01,0.01,100.0,,,0,0,0,ncbi_only,Eukaryota,0.0
Pygathrix,0,0,0.0,0.0,6,3,6,0.01,0.01,100.0,,,0,0,0,ncbi_only,Eukaryota,0.0
Clepsis,0,0,0.0,0.0,6,3,6,0.01,0.01,100.0,,,0,0,0,ncbi_only,Eukaryota,0.0
Ceratophysella,0,0,0.0,0.0,6,5,6,0.01,0.02,100.0,,,0,0,0,ncbi_only,Eukaryota,0.0
Trematomus,0,0,0.0,0.0,6,4,6,0.01,0.02,100.0,,,0,0,0,ncbi_only,Eukaryota,0.0
Mimoniades,0,0,0.0,0.0,6,5,6,0.01,0.02,100.0,,,0,0,0,ncbi_only,Eukaryota,0.0
Laccaria,0,0,0.0,0.0,6,3,6,0.01,0.01,100.0,,,0,0,0,ncbi_only,Eukaryota,0.0
Acetabularia,0,0,0.0,0.0,6,1,6,0.01,0.0,100.0,,,0,0,0,ncbi_only,Eukaryota,0.0
Cercartetus,0,0,0.0,0.0,6,4,6,0.01,0.02,100.0,,,0,0,0,ncbi_only,Eukaryota,0.0
Pionus,0,0,0.0,0.0,6,6,6,0.01,0.03,100.0,,,0,0,0,ncbi_only,Eukaryota,0.0
Hypocrella,0,0,0.0,0.0,6,1,6,0.01,0.0,100.0,,,0,0,0,ncbi_only,Eukaryota,0.0
Ciona,0,0,0.0,0.0,6,2,6,0.01,0.01,100.0,,,0,0,0,ncbi_only,Eukaryota,0.0
Circaetus,0,0,0.0,0.0,6,5,6,0.01,0.02,100.0,,,0,0,0,ncbi_only,Eukaryota,0.0
Pinctada,0,0,0.0,0.0,6,4,6,0.01,0.02,100.0,,,0,0,0,ncbi_only,Eukaryota,0.0
Sardinella,0,0,0.0,0.0,6,6,6,0.01,0.03,100.0,,,0,0,0,ncbi_only,Eukaryota,0.0
Salvelinus,0,0,0.0,0.0,6,4,6,0.01,0.02,100.0,,,0,0,0,ncbi_only,Eukaryota,0.0
Isotomurus,0,0,0.0,0.0,6,6,6,0.01,0.03,100.0,,,0,0,0,ncbi_only,Eukaryota,0.0
Naematelia,0,0,0.0,0.0,6,2,6,0.01,0.01,100.0,,,0,0,0,ncbi_only,Eukaryota,0.0
Urophycis,0,0,0.0,0.0,6,5,6,0.01,0.02,100.0,,,0,0,0,ncbi_only,Eukaryota,0.0
Acrobasis,0,0,0.0,0.0,6,3,6,0.01,0.01,100.0,,,0,0,0,ncbi_only,Eukaryota,0.0
Benincasa,0,0,0.0,0.0,6,2,6,0.01,0.01,100.0,,,0,0,0,ncbi_only,Eukaryota,0.0
Begonia,0,0,0.0,0.0,6,6,6,0.01,0.03,100.0,,,0,0,0,ncbi_only,Eukaryota,0.0
Eschrichtius,0,0,0.0,0.0,6,1,6,0.01,0.0,100.0,,,0,0,0,ncbi_only,Eukaryota,0.0
Urtica,0,0,0.0,0.0,6,2,6,0.01,0.01,100.0,,,0,0,0,ncbi_only,Eukaryota,0.0
Bathymodiolus,0,0,0.0,0.0,6,3,6,0.01,0.01,100.0,,,0,0,0,ncbi_only,Eukaryota,0.0
Saccharomycodes,0,0,0.0,0.0,6,1,6,0.01,0.0,100.0,,,0,0,0,ncbi_only,Eukaryota,0.0
Elysia,0,0,0.0,0.0,6,4,6,0.01,0.02,100.0,,,0,0,0,ncbi_only,Eukaryota,0.0
Hoplodrina,0,0,0.0,0.0,6,3,6,0.01,0.01,100.0,,,0,0,0,ncbi_only,Eukaryota,0.0
Naso,0,0,0.0,0.0,6,6,6,0.01,0.03,100.0,,,0,0,0,ncbi_only,Eukaryota,0.0
Plagiodera,0,0,0.0,0.0,6,1,6,0.01,0.0,100.0,,,0,0,0,ncbi_only,Eukaryota,0.0
Ennomos,0,0,0.0,0.0,6,3,6,0.01,0.01,100.0,,,0,0,0,ncbi_only,Eukaryota,0.0
Triparma,0,0,0.0,0.0,6,5,6,0.01,0.02,100.0,,,0,0,0,ncbi_only,Eukaryota,0.0
Electrophorus,0,0,0.0,0.0,6,2,6,0.01,0.01,100.0,,,0,0,0,ncbi_only,Eukaryota,0.0
Microctonus,0,0,0.0,0.0,6,3,6,0.01,0.01,100.0,,,0,0,0,ncbi_only,Eukaryota,0.0
Epidinium,0,0,0.0,0.0,6,2,6,0.01,0.01,100.0,,,0,0,0,ncbi_only,Eukaryota,0.0
Micropterus,0,0,0.0,0.0,6,3,6,0.01,0.01,100.0,,,0,0,0,ncbi_only,Eukaryota,0.0
Microsporum,0,0,0.0,0.0,6,3,6,0.01,0.01,100.0,,,0,0,0,ncbi_only,Eukaryota,0.0
Tenebrio,0,0,0.0,0.0,6,1,6,0.01,0.0,100.0,,,0,0,0,ncbi_only,Eukaryota,0.0
Laetiporus,0,0,0.0,0.0,6,1,6,0.01,0.0,100.0,,,0,0,0,ncbi_only,Eukaryota,0.0
Kudoa,0,0,0.0,0.0,6,3,6,0.01,0.01,100.0,,,0,0,0,ncbi_only,Eukaryota,0.0
Sceloporus,0,0,0.0,0.0,6,4,6,0.01,0.02,100.0,,,0,0,0,ncbi_only,Eukaryota,0.0
Hyalorbilia,0,0,0.0,0.0,6,5,6,0.01,0.02,100.0,,,0,0,0,ncbi_only,Eukaryota,0.0
Inga,0,0,0.0,0.0,6,3,6,0.01,0.01,100.0,,,0,0,0,ncbi_only,Eukaryota,0.0
Kryptolebias,0,0,0.0,0.0,6,5,6,0.01,0.02,100.0,,,0,0,0,ncbi_only,Eukaryota,0.0
Hydrangea,0,0,0.0,0.0,6,1,6,0.01,0.0,100.0,,,0,0,0,ncbi_only,Eukaryota,0.0
Pistacia,0,0,0.0,0.0,6,3,6,0.01,0.01,100.0,,,0,0,0,ncbi_only,Eukaryota,0.0
Malurus,0,0,0.0,0.0,6,6,6,0.01,0.03,100.0,,,0,0,0,ncbi_only,Eukaryota,0.0
Archips,0,0,0.0,0.0,6,3,6,0.01,0.01,100.0,,,0,0,0,ncbi_only,Eukaryota,0.0
Agelas,0,0,0.0,0.0,6,3,6,0.01,0.01,100.0,,,0,0,0,ncbi_only,Eukaryota,0.0
Loriculus,0,0,0.0,0.0,6,5,6,0.01,0.02,100.0,,,0,0,0,ncbi_only,Eukaryota,0.0
Oikopleura,0,0,0.0,0.0,6,4,6,0.01,0.02,100.0,,,0,0,0,ncbi_only,Eukaryota,0.0
Pewenomyces,0,0,0.0,0.0,6,4,6,0.01,0.02,100.0,,,0,0,0,ncbi_only,Eukaryota,0.0
Diaphorina,0,0,0.0,0.0,6,1,6,0.01,0.0,100.0,,,0,0,0,ncbi_only,Eukaryota,0.0
Pseudo-nitzschia,0,0,0.0,0.0,6,5,4,0.01,0.02,66.67,,,0,0,0,ncbi_only,Eukaryota,0.0
Gambusia,0,0,0.0,0.0,6,3,6,0.01,0.01,100.0,,,0,0,0,ncbi_only,Eukaryota,0.0
Diceros,0,0,0.0,0.0,6,1,6,0.01,0.0,100.0,,,0,0,0,ncbi_only,Eukaryota,0.0
Littorina,0,0,0.0,0.0,6,4,6,0.01,0.02,100.0,,,0,0,0,ncbi_only,Eukaryota,0.0
Perissodus,0,0,0.0,0.0,6,3,6,0.01,0.01,100.0,,,0,0,0,ncbi_only,Eukaryota,0.0
Chlamydotis,0,0,0.0,0.0,6,2,6,0.01,0.01,100.0,,,0,0,0,ncbi_only,Eukaryota,0.0
Paracoccidioides,0,0,0.0,0.0,6,3,6,0.01,0.01,100.0,,,0,0,0,ncbi_only,Eukaryota,0.0
Pseudantechinus,0,0,0.0,0.0,6,5,6,0.01,0.02,100.0,,,0,0,0,ncbi_only,Eukaryota,0.0
Simplicillium,0,0,0.0,0.0,6,3,6,0.01,0.01,100.0,,,0,0,0,ncbi_only,Eukaryota,0.0
Ammospiza,0,0,0.0,0.0,6,3,6,0.01,0.01,100.0,,,0,0,0,ncbi_only,Eukaryota,0.0
Aquilegia,0,0,0.0,0.0,6,4,6,0.01,0.02,100.0,,,0,0,0,ncbi_only,Eukaryota,0.0
Periophthalmus,0,0,0.0,0.0,6,3,2,0.01,0.01,33.33,,,0,0,0,ncbi_only,Eukaryota,0.0
Cyprinodon,0,0,0.0,0.0,6,5,6,0.01,0.02,100.0,,,0,0,0,ncbi_only,Eukaryota,0.0
Cyphotilapia,0,0,0.0,0.0,6,3,6,0.01,0.01,100.0,,,0,0,0,ncbi_only,Eukaryota,0.0
Rousettus,0,0,0.0,0.0,6,3,6,0.01,0.01,100.0,,,0,0,0,ncbi_only,Eukaryota,0.0
Cyclophora,0,0,0.0,0.0,6,3,6,0.01,0.01,100.0,,,0,0,0,ncbi_only,Eukaryota,0.0
Poecile,0,0,0.0,0.0,6,2,6,0.01,0.01,100.0,,,0,0,0,ncbi_only,Eukaryota,0.0
Altolamprologus,0,0,0.0,0.0,6,3,6,0.01,0.01,100.0,,,0,0,0,ncbi_only,Eukaryota,0.0
Arhopalus,0,0,0.0,0.0,6,2,6,0.01,0.01,100.0,,,0,0,0,ncbi_only,Eukaryota,0.0
Halcyon,0,0,0.0,0.0,6,6,6,0.01,0.03,100.0,,,0,0,0,ncbi_only,Eukaryota,0.0
Lysandra,0,0,0.0,0.0,6,3,6,0.01,0.01,100.0,,,0,0,0,ncbi_only,Eukaryota,0.0
Ceyx,0,0,0.0,0.0,6,6,6,0.01,0.03,100.0,,,0,0,0,ncbi_only,Eukaryota,0.0
Argyresthia,0,0,0.0,0.0,6,3,6,0.01,0.01,100.0,,,0,0,0,ncbi_only,Eukaryota,0.0
Cyphellophora,0,0,0.0,0.0,6,2,2,0.01,0.01,33.33,,,0,0,0,ncbi_only,Eukaryota,0.0
Ambrosia,0,0,0.0,0.0,6,3,6,0.01,0.01,100.0,,,0,0,0,ncbi_only,Eukaryota,0.0
Argiope,0,0,0.0,0.0,6,4,6,0.01,0.02,100.0,,,0,0,0,ncbi_only,Eukaryota,0.0
Ardaris,0,0,0.0,0.0,6,5,6,0.01,0.02,100.0,,,0,0,0,ncbi_only,Eukaryota,0.0
Ochotona,0,0,0.0,0.0,6,2,6,0.01,0.01,100.0,,,0,0,0,ncbi_only,Eukaryota,0.0
Galleria,0,0,0.0,0.0,6,1,6,0.01,0.0,100.0,,,0,0,0,ncbi_only,Eukaryota,0.0
Gracilaria,0,0,0.0,0.0,6,6,6,0.01,0.03,100.0,,,0,0,0,ncbi_only,Eukaryota,0.0
Oligia,0,0,0.0,0.0,6,3,6,0.01,0.01,100.0,,,0,0,0,ncbi_only,Eukaryota,0.0
Anaspis,0,0,0.0,0.0,6,3,6,0.01,0.01,100.0,,,0,0,0,ncbi_only,Eukaryota,0.0
Dendroctonus,0,0,0.0,0.0,6,3,6,0.01,0.01,100.0,,,0,0,0,ncbi_only,Eukaryota,0.0
Lithohypha,0,0,0.0,0.0,6,2,6,0.01,0.01,100.0,,,0,0,0,ncbi_only,Eukaryota,0.0
Agroathelia,0,0,0.0,0.0,6,2,6,0.01,0.01,100.0,,,0,0,0,ncbi_only,Eukaryota,0.0
Durio,0,0,0.0,0.0,6,1,6,0.01,0.0,100.0,,,0,0,0,ncbi_only,Eukaryota,0.0
Ananas,0,0,0.0,0.0,6,1,6,0.01,0.0,100.0,,,0,0,0,ncbi_only,Eukaryota,0.0
Symphodus,0,0,0.0,0.0,6,3,6,0.01,0.01,100.0,,,0,0,0,ncbi_only,Eukaryota,0.0
Lucilia,0,0,0.0,0.0,6,2,6,0.01,0.01,100.0,,,0,0,0,ncbi_only,Eukaryota,0.0
Agrilus,0,0,0.0,0.0,6,4,6,0.01,0.02,100.0,,,0,0,0,ncbi_only,Eukaryota,0.0
Lentinus,0,0,0.0,0.0,6,4,6,0.01,0.02,100.0,,,0,0,0,ncbi_only,Eukaryota,0.0
Angomonas,0,0,0.0,0.0,6,3,6,0.01,0.01,100.0,,,0,0,0,ncbi_only,Eukaryota,0.0
Dermacentor,0,0,0.0,0.0,6,4,6,0.01,0.02,100.0,,,0,0,0,ncbi_only,Eukaryota,0.0
Geranomyces,0,0,0.0,0.0,6,2,6,0.01,0.01,100.0,,,0,0,0,ncbi_only,Eukaryota,0.0
Oryctolagus,0,0,0.0,0.0,6,1,6,0.01,0.0,100.0,,,0,0,0,ncbi_only,Eukaryota,0.0
Willaertia,0,0,0.0,0.0,6,1,0,0.01,0.0,0.0,,,0,0,0,ncbi_only,Eukaryota,0.0
Apodemus,0,0,0.0,0.0,6,3,6,0.01,0.01,100.0,,,0,0,0,ncbi_only,Eukaryota,0.0
Apotomis,0,0,0.0,0.0,6,3,6,0.01,0.01,100.0,,,0,0,0,ncbi_only,Eukaryota,0.0
Gemmamyces,0,0,0.0,0.0,6,1,6,0.01,0.0,100.0,,,0,0,0,ncbi_only,Eukaryota,0.0
Apteryx,0,0,0.0,0.0,6,4,6,0.01,0.02,100.0,,,0,0,0,ncbi_only,Eukaryota,0.0
Shargacucullia,0,0,0.0,0.0,6,3,6,0.01,0.01,100.0,,,0,0,0,ncbi_only,Eukaryota,0.0
Agave,0,0,0.0,0.0,6,6,6,0.01,0.03,100.0,,,0,0,0,ncbi_only,Eukaryota,0.0
Gobio,0,0,0.0,0.0,6,3,6,0.01,0.01,100.0,,,0,0,0,ncbi_only,Eukaryota,0.0
Ribes,0,0,0.0,0.0,6,3,6,0.01,0.01,100.0,,,0,0,0,ncbi_only,Eukaryota,0.0
Pertusaria,0,0,0.0,0.0,6,6,0,0.01,0.03,0.0,,,0,0,0,ncbi_only,Eukaryota,0.0
Petaurus,0,0,0.0,0.0,6,4,6,0.01,0.02,100.0,,,0,0,0,ncbi_only,Eukaryota,0.0
Tokudaia,0,0,0.0,0.0,6,3,6,0.01,0.01,100.0,,,0,0,0,ncbi_only,Eukaryota,0.0
Panax,0,0,0.0,0.0,6,5,6,0.01,0.02,100.0,,,0,0,0,ncbi_only,Eukaryota,0.0
Wallacemonas,0,0,0.0,0.0,6,6,6,0.01,0.03,100.0,,,0,0,0,ncbi_only,Eukaryota,0.0
Pandemis,0,0,0.0,0.0,6,3,6,0.01,0.01,100.0,,,0,0,0,ncbi_only,Eukaryota,0.0
Pammene,0,0,0.0,0.0,6,3,6,0.01,0.01,100.0,,,0,0,0,ncbi_only,Eukaryota,0.0
Filobasidium,0,0,0.0,0.0,6,5,6,0.01,0.02,100.0,,,0,0,0,ncbi_only,Eukaryota,0.0
Lonchura,0,0,0.0,0.0,6,1,6,0.01,0.0,100.0,,,0,0,0,ncbi_only,Eukaryota,0.0
Sparassis,0,0,0.0,0.0,6,3,6,0.01,0.01,100.0,,,0,0,0,ncbi_only,Eukaryota,0.0
Alectoris,0,0,0.0,0.0,6,3,5,0.01,0.01,83.33,,,0,0,0,ncbi_only,Eukaryota,0.0
Eupsittula,0,0,0.0,0.0,6,6,6,0.01,0.03,100.0,,,0,0,0,ncbi_only,Eukaryota,0.0
Hamiltosporidium,0,0,0.0,0.0,6,2,4,0.01,0.01,66.67,,,0,0,0,ncbi_only,Eukaryota,0.0
Tinea,0,0,0.0,0.0,6,3,6,0.01,0.01,100.0,,,0,0,0,ncbi_only,Eukaryota,0.0
Cryomyces,0,0,0.0,0.0,6,2,6,0.01,0.01,100.0,,,0,0,0,ncbi_only,Eukaryota,0.0
Cantharellus,0,0,0.0,0.0,6,6,6,0.01,0.03,100.0,,,0,0,0,ncbi_only,Eukaryota,0.0
Alligator,0,0,0.0,0.0,6,2,6,0.01,0.01,100.0,,,0,0,0,ncbi_only,Eukaryota,0.0
Pluvialis,0,0,0.0,0.0,6,4,6,0.01,0.02,100.0,,,0,0,0,ncbi_only,Eukaryota,0.0
Netelia,0,0,0.0,0.0,6,4,6,0.01,0.02,100.0,,,0,0,0,ncbi_only,Eukaryota,0.0
Aleiodes,0,0,0.0,0.0,6,4,6,0.01,0.02,100.0,,,0,0,0,ncbi_only,Eukaryota,0.0
Phocoena,0,0,0.0,0.0,6,2,6,0.01,0.01,100.0,,,0,0,0,ncbi_only,Eukaryota,0.0
Scutellaria,0,0,0.0,0.0,6,4,6,0.01,0.02,100.0,,,0,0,0,ncbi_only,Eukaryota,0.0
Cossypha,0,0,0.0,0.0,6,6,6,0.01,0.03,100.0,,,0,0,0,ncbi_only,Eukaryota,0.0
Magnolia,0,0,0.0,0.0,6,6,0,0.01,0.03,0.0,,,0,0,0,ncbi_only,Eukaryota,0.0
Plutella,0,0,0.0,0.0,6,1,6,0.01,0.0,100.0,,,0,0,0,ncbi_only,Eukaryota,0.0
Cricetulus,0,0,0.0,0.0,6,1,6,0.01,0.0,100.0,,,0,0,0,ncbi_only,Eukaryota,0.0
Austropuccinia,0,0,0.0,0.0,6,1,6,0.01,0.0,100.0,,,0,0,0,ncbi_only,Eukaryota,0.0
Autographa,0,0,0.0,0.0,6,3,6,0.01,0.01,100.0,,,0,0,0,ncbi_only,Eukaryota,0.0
Nephrotoma,0,0,0.0,0.0,6,3,6,0.01,0.01,100.0,,,0,0,0,ncbi_only,Eukaryota,0.0
Spea,0,0,0.0,0.0,6,3,6,0.01,0.01,100.0,,,0,0,0,ncbi_only,Eukaryota,0.0
Fragum,0,0,0.0,0.0,6,3,6,0.01,0.01,100.0,,,0,0,0,ncbi_only,Eukaryota,0.0
Primula,0,0,0.0,0.0,6,2,6,0.01,0.01,100.0,,,0,0,0,ncbi_only,Eukaryota,0.0
Thermothelomyces,0,0,0.0,0.0,6,5,6,0.01,0.02,100.0,,,0,0,0,ncbi_only,Eukaryota,0.0
Castor,0,0,0.0,0.0,6,1,6,0.01,0.0,100.0,,,0,0,0,ncbi_only,Eukaryota,0.0
Astragalus,0,0,0.0,0.0,6,3,6,0.01,0.01,100.0,,,0,0,0,ncbi_only,Eukaryota,0.0
Cucurbita,0,0,0.0,0.0,6,5,6,0.01,0.02,100.0,,,0,0,0,ncbi_only,Eukaryota,0.0
Strigamia,0,0,0.0,0.0,6,4,6,0.01,0.02,100.0,,,0,0,0,ncbi_only,Eukaryota,0.0
Tachysurus,0,0,0.0,0.0,6,3,6,0.01,0.01,100.0,,,0,0,0,ncbi_only,Eukaryota,0.0
Lates,0,0,0.0,0.0,6,2,6,0.01,0.01,100.0,,,0,0,0,ncbi_only,Eukaryota,0.0
Diplodinium,0,0,0.0,0.0,6,2,6,0.01,0.01,100.0,,,0,0,0,ncbi_only,Eukaryota,0.0
Rhynchopus,0,0,0.0,0.0,6,3,6,0.01,0.01,100.0,,,0,0,0,ncbi_only,Eukaryota,0.0
Culicoides,0,0,0.0,0.0,6,4,6,0.01,0.02,100.0,,,0,0,0,ncbi_only,Eukaryota,0.0
Ascoidea,0,0,0.0,0.0,6,3,6,0.01,0.01,100.0,,,0,0,0,ncbi_only,Eukaryota,0.0
Curruca,0,0,0.0,0.0,6,6,6,0.01,0.03,100.0,,,0,0,0,ncbi_only,Eukaryota,0.0
Echymipera,0,0,0.0,0.0,6,3,6,0.01,0.01,100.0,,,0,0,0,ncbi_only,Eukaryota,0.0
Ascosphaera,0,0,0.0,0.0,6,5,6,0.01,0.02,100.0,,,0,0,0,ncbi_only,Eukaryota,0.0
Semnopithecus,0,0,0.0,0.0,6,4,6,0.01,0.02,100.0,,,0,0,0,ncbi_only,Eukaryota,0.0
Crypturellus,0,0,0.0,0.0,6,5,6,0.01,0.02,100.0,,,0,0,0,ncbi_only,Eukaryota,0.0
Tachina,0,0,0.0,0.0,6,3,6,0.01,0.01,100.0,,,0,0,0,ncbi_only,Eukaryota,0.0
Agriopis,0,0,0.0,0.0,6,3,6,0.01,0.01,100.0,,,0,0,0,ncbi_only,Eukaryota,0.0
Astyanax,0,0,0.0,0.0,6,1,6,0.01,0.0,100.0,,,0,0,0,ncbi_only,Eukaryota,0.0
Holothuria,0,0,0.0,0.0,5,4,5,0.01,0.02,100.0,,,0,0,0,ncbi_only,Eukaryota,0.0
Artemia,0,0,0.0,0.0,5,3,5,0.01,0.01,100.0,,,0,0,0,ncbi_only,Eukaryota,0.0
Lynx,0,0,0.0,0.0,5,3,5,0.01,0.01,100.0,,,0,0,0,ncbi_only,Eukaryota,0.0
Humulus,0,0,0.0,0.0,5,1,5,0.01,0.0,100.0,,,0,0,0,ncbi_only,Eukaryota,0.0
Ascaris,0,0,0.0,0.0,5,2,5,0.01,0.01,100.0,,,0,0,0,ncbi_only,Eukaryota,0.0
Pteropus,0,0,0.0,0.0,5,4,5,0.01,0.02,100.0,,,0,0,0,ncbi_only,Eukaryota,0.0
Echinococcus,0,0,0.0,0.0,5,4,5,0.01,0.02,100.0,,,0,0,0,ncbi_only,Eukaryota,0.0
Nycticebus,0,0,0.0,0.0,5,2,5,0.01,0.01,100.0,,,0,0,0,ncbi_only,Eukaryota,0.0
Phlebopus,0,0,0.0,0.0,5,3,5,0.01,0.01,100.0,,,0,0,0,ncbi_only,Eukaryota,0.0
Secale,0,0,0.0,0.0,5,1,5,0.01,0.0,100.0,,,0,0,0,ncbi_only,Eukaryota,0.0
Rhizophora,0,0,0.0,0.0,5,2,5,0.01,0.01,100.0,,,0,0,0,ncbi_only,Eukaryota,0.0
Hemileccinum,0,0,0.0,0.0,5,4,5,0.01,0.02,100.0,,,0,0,0,ncbi_only,Eukaryota,0.0
Tapirus,0,0,0.0,0.0,5,2,5,0.01,0.01,100.0,,,0,0,0,ncbi_only,Eukaryota,0.0
Natrix,0,0,0.0,0.0,5,3,5,0.01,0.01,100.0,,,0,0,0,ncbi_only,Eukaryota,0.0
Scrobipalpa,0,0,0.0,0.0,5,3,5,0.01,0.01,100.0,,,0,0,0,ncbi_only,Eukaryota,0.0
Phoebastria,0,0,0.0,0.0,5,4,5,0.01,0.02,100.0,,,0,0,0,ncbi_only,Eukaryota,0.0
Phodopus,0,0,0.0,0.0,5,2,5,0.01,0.01,100.0,,,0,0,0,ncbi_only,Eukaryota,0.0
Leucoraja,0,0,0.0,0.0,5,2,5,0.01,0.01,100.0,,,0,0,0,ncbi_only,Eukaryota,0.0
Lampris,0,0,0.0,0.0,5,3,5,0.01,0.01,100.0,,,0,0,0,ncbi_only,Eukaryota,0.0
Phoma,0,0,0.0,0.0,5,5,5,0.01,0.02,100.0,,,0,0,0,ncbi_only,Eukaryota,0.0
Spergularia,0,0,0.0,0.0,5,3,5,0.01,0.01,100.0,,,0,0,0,ncbi_only,Eukaryota,0.0
Plodia,0,0,0.0,0.0,5,1,5,0.01,0.0,100.0,,,0,0,0,ncbi_only,Eukaryota,0.0
Toxotes,0,0,0.0,0.0,5,3,5,0.01,0.01,100.0,,,0,0,0,ncbi_only,Eukaryota,0.0
Tanacetum,0,0,0.0,0.0,5,3,5,0.01,0.01,100.0,,,0,0,0,ncbi_only,Eukaryota,0.0
Stagonosporopsis,0,0,0.0,0.0,5,5,5,0.01,0.02,100.0,,,0,0,0,ncbi_only,Eukaryota,0.0
Haplosyllis,0,0,0.0,0.0,5,4,5,0.01,0.02,100.0,,,0,0,0,ncbi_only,Eukaryota,0.0
Seiridium,0,0,0.0,0.0,5,3,5,0.01,0.01,100.0,,,0,0,0,ncbi_only,Eukaryota,0.0
Neofelis,0,0,0.0,0.0,5,2,5,0.01,0.01,100.0,,,0,0,0,ncbi_only,Eukaryota,0.0
Coniothyrium,0,0,0.0,0.0,5,1,5,0.01,0.0,100.0,,,0,0,0,ncbi_only,Eukaryota,0.0
Nadsonia,0,0,0.0,0.0,5,3,5,0.01,0.01,100.0,,,0,0,0,ncbi_only,Eukaryota,0.0
Mareca,0,0,0.0,0.0,5,5,5,0.01,0.02,100.0,,,0,0,0,ncbi_only,Eukaryota,0.0
Orbicella,0,0,0.0,0.0,5,2,5,0.01,0.01,100.0,,,0,0,0,ncbi_only,Eukaryota,0.0
Haemaphysalis,0,0,0.0,0.0,5,1,5,0.01,0.0,100.0,,,0,0,0,ncbi_only,Eukaryota,0.0
Haemonchus,0,0,0.0,0.0,5,2,5,0.01,0.01,100.0,,,0,0,0,ncbi_only,Eukaryota,0.0
Sporopachydermia,0,0,0.0,0.0,5,3,5,0.01,0.01,100.0,,,0,0,0,ncbi_only,Eukaryota,0.0
Erysimum,0,0,0.0,0.0,5,4,5,0.01,0.02,100.0,,,0,0,0,ncbi_only,Eukaryota,0.0
Phakellia,0,0,0.0,0.0,5,2,5,0.01,0.01,100.0,,,0,0,0,ncbi_only,Eukaryota,0.0
Cyclopterus,0,0,0.0,0.0,5,1,5,0.01,0.0,100.0,,,0,0,0,ncbi_only,Eukaryota,0.0
Berberis,0,0,0.0,0.0,5,3,5,0.01,0.01,100.0,,,0,0,0,ncbi_only,Eukaryota,0.0
Echinochloa,0,0,0.0,0.0,5,2,5,0.01,0.01,100.0,,,0,0,0,ncbi_only,Eukaryota,0.0
Lytechinus,0,0,0.0,0.0,5,2,5,0.01,0.01,100.0,,,0,0,0,ncbi_only,Eukaryota,0.0
Eurycea,0,0,0.0,0.0,5,5,5,0.01,0.02,100.0,,,0,0,0,ncbi_only,Eukaryota,0.0
Pheidole,0,0,0.0,0.0,5,5,5,0.01,0.02,100.0,,,0,0,0,ncbi_only,Eukaryota,0.0
Carterocephalus,0,0,0.0,0.0,5,3,5,0.01,0.01,100.0,,,0,0,0,ncbi_only,Eukaryota,0.0
Ectemnius,0,0,0.0,0.0,5,3,5,0.01,0.01,100.0,,,0,0,0,ncbi_only,Eukaryota,0.0
Casuarina,0,0,0.0,0.0,5,3,5,0.01,0.01,100.0,,,0,0,0,ncbi_only,Eukaryota,0.0
Astraptes,0,0,0.0,0.0,5,5,5,0.01,0.02,100.0,,,0,0,0,ncbi_only,Eukaryota,0.0
Asterochloris,0,0,0.0,0.0,5,3,5,0.01,0.01,100.0,,,0,0,0,ncbi_only,Eukaryota,0.0
Actinomortierella,0,0,0.0,0.0,5,2,5,0.01,0.01,100.0,,,0,0,0,ncbi_only,Eukaryota,0.0
Adansonia,0,0,0.0,0.0,5,5,5,0.01,0.02,100.0,,,0,0,0,ncbi_only,Eukaryota,0.0
Phoxinus,0,0,0.0,0.0,5,2,5,0.01,0.01,100.0,,,0,0,0,ncbi_only,Eukaryota,0.0
Scolopax,0,0,0.0,0.0,5,4,5,0.01,0.02,100.0,,,0,0,0,ncbi_only,Eukaryota,0.0
Rhizomucor,0,0,0.0,0.0,5,2,5,0.01,0.01,100.0,,,0,0,0,ncbi_only,Eukaryota,0.0
Avicennia,0,0,0.0,0.0,5,1,5,0.01,0.0,100.0,,,0,0,0,ncbi_only,Eukaryota,0.0
Actinemys,0,0,0.0,0.0,5,2,5,0.01,0.01,100.0,,,0,0,0,ncbi_only,Eukaryota,0.0
Phaffomyces,0,0,0.0,0.0,5,5,5,0.01,0.02,100.0,,,0,0,0,ncbi_only,Eukaryota,0.0
Agelaius,0,0,0.0,0.0,5,2,5,0.01,0.01,100.0,,,0,0,0,ncbi_only,Eukaryota,0.0
Tyrophagus,0,0,0.0,0.0,5,1,5,0.01,0.0,100.0,,,0,0,0,ncbi_only,Eukaryota,0.0
Waitea,0,0,0.0,0.0,5,1,5,0.01,0.0,100.0,,,0,0,0,ncbi_only,Eukaryota,0.0
Sargassum,0,0,0.0,0.0,5,4,5,0.01,0.02,100.0,,,0,0,0,ncbi_only,Eukaryota,0.0
Gyps,0,0,0.0,0.0,5,4,5,0.01,0.02,100.0,,,0,0,0,ncbi_only,Eukaryota,0.0
Hypsizygus,0,0,0.0,0.0,5,2,5,0.01,0.01,100.0,,,0,0,0,ncbi_only,Eukaryota,0.0
Eriocheir,0,0,0.0,0.0,5,1,5,0.01,0.0,100.0,,,0,0,0,ncbi_only,Eukaryota,0.0
Biscogniauxia,0,0,0.0,0.0,5,3,5,0.01,0.01,100.0,,,0,0,0,ncbi_only,Eukaryota,0.0
Satyrium,0,0,0.0,0.0,5,3,5,0.01,0.01,100.0,,,0,0,0,ncbi_only,Eukaryota,0.0
Hypomontagnella,0,0,0.0,0.0,5,2,5,0.01,0.01,100.0,,,0,0,0,ncbi_only,Eukaryota,0.0
Carcharodon,0,0,0.0,0.0,5,1,5,0.01,0.0,100.0,,,0,0,0,ncbi_only,Eukaryota,0.0
Carcharodus,0,0,0.0,0.0,5,2,5,0.01,0.01,100.0,,,0,0,0,ncbi_only,Eukaryota,0.0
Puma,0,0,0.0,0.0,5,2,5,0.01,0.01,100.0,,,0,0,0,ncbi_only,Eukaryota,0.0
Spencermartinsiella,0,0,0.0,0.0,5,4,5,0.01,0.02,100.0,,,0,0,0,ncbi_only,Eukaryota,0.0
Aplocera,0,0,0.0,0.0,5,3,5,0.01,0.01,100.0,,,0,0,0,ncbi_only,Eukaryota,0.0
Dalbergia,0,0,0.0,0.0,5,4,5,0.01,0.02,100.0,,,0,0,0,ncbi_only,Eukaryota,0.0
Ordospora,0,0,0.0,0.0,5,2,5,0.01,0.01,100.0,,,0,0,0,ncbi_only,Eukaryota,0.0
Opisthorchis,0,0,0.0,0.0,5,2,5,0.01,0.01,100.0,,,0,0,0,ncbi_only,Eukaryota,0.0
Ophiura,0,0,0.0,0.0,5,3,5,0.01,0.01,100.0,,,0,0,0,ncbi_only,Eukaryota,0.0
Motacilla,0,0,0.0,0.0,5,3,5,0.01,0.01,100.0,,,0,0,0,ncbi_only,Eukaryota,0.0
Ictalurus,0,0,0.0,0.0,5,3,5,0.01,0.01,100.0,,,0,0,0,ncbi_only,Eukaryota,0.0
Luscinia,0,0,0.0,0.0,5,3,5,0.01,0.01,100.0,,,0,0,0,ncbi_only,Eukaryota,0.0
Boeremia,0,0,0.0,0.0,5,3,5,0.01,0.01,100.0,,,0,0,0,ncbi_only,Eukaryota,0.0
Mopalia,0,0,0.0,0.0,5,5,5,0.01,0.02,100.0,,,0,0,0,ncbi_only,Eukaryota,0.0
Cerastoderma,0,0,0.0,0.0,5,2,5,0.01,0.01,100.0,,,0,0,0,ncbi_only,Eukaryota,0.0
Pinus,0,0,0.0,0.0,5,5,5,0.01,0.02,100.0,,,0,0,0,ncbi_only,Eukaryota,0.0
Ilex,0,0,0.0,0.0,5,3,5,0.01,0.01,100.0,,,0,0,0,ncbi_only,Eukaryota,0.0
Fagus,0,0,0.0,0.0,5,2,5,0.01,0.01,100.0,,,0,0,0,ncbi_only,Eukaryota,0.0
Hieraaetus,0,0,0.0,0.0,5,4,5,0.01,0.02,100.0,,,0,0,0,ncbi_only,Eukaryota,0.0
Tauraco,0,0,0.0,0.0,5,3,5,0.01,0.01,100.0,,,0,0,0,ncbi_only,Eukaryota,0.0
Coprinopsis,0,0,0.0,0.0,5,4,5,0.01,0.02,100.0,,,0,0,0,ncbi_only,Eukaryota,0.0
Ectomis,0,0,0.0,0.0,5,5,5,0.01,0.02,100.0,,,0,0,0,ncbi_only,Eukaryota,0.0
Nisaetus,0,0,0.0,0.0,5,4,5,0.01,0.02,100.0,,,0,0,0,ncbi_only,Eukaryota,0.0
Nebria,0,0,0.0,0.0,5,3,5,0.01,0.01,100.0,,,0,0,0,ncbi_only,Eukaryota,0.0
Hippopotamus,0,0,0.0,0.0,5,1,5,0.01,0.0,100.0,,,0,0,0,ncbi_only,Eukaryota,0.0
Macrostomum,0,0,0.0,0.0,5,4,5,0.01,0.02,100.0,,,0,0,0,ncbi_only,Eukaryota,0.0
Nilaparvata,0,0,0.0,0.0,5,2,5,0.01,0.01,100.0,,,0,0,0,ncbi_only,Eukaryota,0.0
Hirsutella,0,0,0.0,0.0,5,3,5,0.01,0.01,100.0,,,0,0,0,ncbi_only,Eukaryota,0.0
Nicrophorus,0,0,0.0,0.0,5,3,5,0.01,0.01,100.0,,,0,0,0,ncbi_only,Eukaryota,0.0
Psidium,0,0,0.0,0.0,5,2,5,0.01,0.01,100.0,,,0,0,0,ncbi_only,Eukaryota,0.0
Daubentonia,0,0,0.0,0.0,5,1,5,0.01,0.0,100.0,,,0,0,0,ncbi_only,Eukaryota,0.0
Ormyrus,0,0,0.0,0.0,5,5,5,0.01,0.02,100.0,,,0,0,0,ncbi_only,Eukaryota,0.0
Sarotherodon,0,0,0.0,0.0,5,4,5,0.01,0.02,100.0,,,0,0,0,ncbi_only,Eukaryota,0.0
Dasytricha,0,0,0.0,0.0,5,1,5,0.01,0.0,100.0,,,0,0,0,ncbi_only,Eukaryota,0.0
Fallopia,0,0,0.0,0.0,5,2,5,0.01,0.01,100.0,,,0,0,0,ncbi_only,Eukaryota,0.0
Goniobranchus,0,0,0.0,0.0,5,5,5,0.01,0.02,100.0,,,0,0,0,ncbi_only,Eukaryota,0.0
Gopherus,0,0,0.0,0.0,5,3,5,0.01,0.01,100.0,,,0,0,0,ncbi_only,Eukaryota,0.0
Verbascum,0,0,0.0,0.0,5,2,5,0.01,0.01,100.0,,,0,0,0,ncbi_only,Eukaryota,0.0
Scleroderma,0,0,0.0,0.0,5,3,5,0.01,0.01,100.0,,,0,0,0,ncbi_only,Eukaryota,0.0
Vanilla,0,0,0.0,0.0,5,1,5,0.01,0.0,100.0,,,0,0,0,ncbi_only,Eukaryota,0.0
Catharanthus,0,0,0.0,0.0,5,1,5,0.01,0.0,100.0,,,0,0,0,ncbi_only,Eukaryota,0.0
Nibea,0,0,0.0,0.0,5,3,5,0.01,0.01,100.0,,,0,0,0,ncbi_only,Eukaryota,0.0
Cronartium,0,0,0.0,0.0,5,4,5,0.01,0.02,100.0,,,0,0,0,ncbi_only,Eukaryota,0.0
Hapalemur,0,0,0.0,0.0,5,3,5,0.01,0.01,100.0,,,0,0,0,ncbi_only,Eukaryota,0.0
Catharus,0,0,0.0,0.0,5,4,5,0.01,0.02,100.0,,,0,0,0,ncbi_only,Eukaryota,0.0
Haplosporangium,0,0,0.0,0.0,5,5,5,0.01,0.02,100.0,,,0,0,0,ncbi_only,Eukaryota,0.0
Gnomoniopsis,0,0,0.0,0.0,5,3,5,0.01,0.01,100.0,,,0,0,0,ncbi_only,Eukaryota,0.0
Micropsitta,0,0,0.0,0.0,5,5,5,0.01,0.02,100.0,,,0,0,0,ncbi_only,Eukaryota,0.0
Calliphora,0,0,0.0,0.0,5,2,5,0.01,0.01,100.0,,,0,0,0,ncbi_only,Eukaryota,0.0
Dipodomys,0,0,0.0,0.0,5,4,5,0.01,0.02,100.0,,,0,0,0,ncbi_only,Eukaryota,0.0
Dipodascopsis,0,0,0.0,0.0,5,2,5,0.01,0.01,100.0,,,0,0,0,ncbi_only,Eukaryota,0.0
Xanthoconium,0,0,0.0,0.0,5,4,5,0.01,0.02,100.0,,,0,0,0,ncbi_only,Eukaryota,0.0
Mastigias,0,0,0.0,0.0,5,2,5,0.01,0.01,100.0,,,0,0,0,ncbi_only,Eukaryota,0.0
Triops,0,0,0.0,0.0,5,2,5,0.01,0.01,100.0,,,0,0,0,ncbi_only,Eukaryota,0.0
Drechslerella,0,0,0.0,0.0,5,3,5,0.01,0.01,100.0,,,0,0,0,ncbi_only,Eukaryota,0.0
Dicyrtomina,0,0,0.0,0.0,5,2,5,0.01,0.01,100.0,,,0,0,0,ncbi_only,Eukaryota,0.0
Digitaria,0,0,0.0,0.0,5,3,5,0.01,0.01,100.0,,,0,0,0,ncbi_only,Eukaryota,0.0
Tringa,0,0,0.0,0.0,5,5,5,0.01,0.02,100.0,,,0,0,0,ncbi_only,Eukaryota,0.0
Porphyrellus,0,0,0.0,0.0,5,5,5,0.01,0.02,100.0,,,0,0,0,ncbi_only,Eukaryota,0.0
Lepidurus,0,0,0.0,0.0,5,4,5,0.01,0.02,100.0,,,0,0,0,ncbi_only,Eukaryota,0.0
Astatotilapia,0,0,0.0,0.0,5,3,5,0.01,0.01,100.0,,,0,0,0,ncbi_only,Eukaryota,0.0
Galerucella,0,0,0.0,0.0,5,4,5,0.01,0.02,100.0,,,0,0,0,ncbi_only,Eukaryota,0.0
Drepanopeziza,0,0,0.0,0.0,5,1,5,0.01,0.0,100.0,,,0,0,0,ncbi_only,Eukaryota,0.0
Paramormyrops,0,0,0.0,0.0,5,3,4,0.01,0.01,80.0,,,0,0,0,ncbi_only,Eukaryota,0.0
Lobelia,0,0,0.0,0.0,5,3,5,0.01,0.01,100.0,,,0,0,0,ncbi_only,Eukaryota,0.0
Rhyacophila,0,0,0.0,0.0,5,4,5,0.01,0.02,100.0,,,0,0,0,ncbi_only,Eukaryota,0.0
Porpidia,0,0,0.0,0.0,5,5,0,0.01,0.02,0.0,,,0,0,0,ncbi_only,Eukaryota,0.0
Thalictrum,0,0,0.0,0.0,5,2,5,0.01,0.01,100.0,,,0,0,0,ncbi_only,Eukaryota,0.0
Siganus,0,0,0.0,0.0,5,3,5,0.01,0.01,100.0,,,0,0,0,ncbi_only,Eukaryota,0.0
Sapajus,0,0,0.0,0.0,5,1,5,0.01,0.0,100.0,,,0,0,0,ncbi_only,Eukaryota,0.0
Tetragnatha,0,0,0.0,0.0,5,3,5,0.01,0.01,100.0,,,0,0,0,ncbi_only,Eukaryota,0.0
Dione,0,0,0.0,0.0,5,2,5,0.01,0.01,100.0,,,0,0,0,ncbi_only,Eukaryota,0.0
Trigonopsis,0,0,0.0,0.0,5,4,5,0.01,0.02,100.0,,,0,0,0,ncbi_only,Eukaryota,0.0
Amblyopsis,0,0,0.0,0.0,5,3,5,0.01,0.01,100.0,,,0,0,0,ncbi_only,Eukaryota,0.0
Meteorus,0,0,0.0,0.0,5,4,5,0.01,0.02,100.0,,,0,0,0,ncbi_only,Eukaryota,0.0
Astur,0,0,0.0,0.0,5,2,5,0.01,0.01,100.0,,,0,0,0,ncbi_only,Eukaryota,0.0
Parachlorella,0,0,0.0,0.0,5,2,5,0.01,0.01,100.0,,,0,0,0,ncbi_only,Eukaryota,0.0
Diabrotica,0,0,0.0,0.0,5,3,5,0.01,0.01,100.0,,,0,0,0,ncbi_only,Eukaryota,0.0
Thermoascus,0,0,0.0,0.0,5,3,5,0.01,0.01,100.0,,,0,0,0,ncbi_only,Eukaryota,0.0
Alloteropsis,0,0,0.0,0.0,5,2,5,0.01,0.01,100.0,,,0,0,0,ncbi_only,Eukaryota,0.0
Parotocinclus,0,0,0.0,0.0,5,5,5,0.01,0.02,100.0,,,0,0,0,ncbi_only,Eukaryota,0.0
Popillia,0,0,0.0,0.0,5,1,5,0.01,0.0,100.0,,,0,0,0,ncbi_only,Eukaryota,0.0
Gavia,0,0,0.0,0.0,5,3,5,0.01,0.01,100.0,,,0,0,0,ncbi_only,Eukaryota,0.0
Perilla,0,0,0.0,0.0,5,1,5,0.01,0.0,100.0,,,0,0,0,ncbi_only,Eukaryota,0.0
Potorous,0,0,0.0,0.0,5,3,5,0.01,0.01,100.0,,,0,0,0,ncbi_only,Eukaryota,0.0
Rhagonycha,0,0,0.0,0.0,5,3,5,0.01,0.01,100.0,,,0,0,0,ncbi_only,Eukaryota,0.0
Ramularia,0,0,0.0,0.0,5,3,5,0.01,0.01,100.0,,,0,0,0,ncbi_only,Eukaryota,0.0
Chroicocephalus,0,0,0.0,0.0,5,3,5,0.01,0.01,100.0,,,0,0,0,ncbi_only,Eukaryota,0.0
Forsythia,0,0,0.0,0.0,5,3,5,0.01,0.01,100.0,,,0,0,0,ncbi_only,Eukaryota,0.0
Thomomys,0,0,0.0,0.0,5,1,5,0.01,0.0,100.0,,,0,0,0,ncbi_only,Eukaryota,0.0
Microcambeva,0,0,0.0,0.0,5,5,5,0.01,0.02,100.0,,,0,0,0,ncbi_only,Eukaryota,0.0
Amphibalanus,0,0,0.0,0.0,5,2,5,0.01,0.01,100.0,,,0,0,0,ncbi_only,Eukaryota,0.0
Drepana,0,0,0.0,0.0,5,3,5,0.01,0.01,100.0,,,0,0,0,ncbi_only,Eukaryota,0.0
Raffaelea,0,0,0.0,0.0,5,5,5,0.01,0.02,100.0,,,0,0,0,ncbi_only,Eukaryota,0.0
Acanthopagrus,0,0,0.0,0.0,5,2,5,0.01,0.01,100.0,,,0,0,0,ncbi_only,Eukaryota,0.0
Ceriops,0,0,0.0,0.0,5,3,5,0.01,0.01,100.0,,,0,0,0,ncbi_only,Eukaryota,0.0
Frankliniella,0,0,0.0,0.0,5,3,5,0.01,0.01,100.0,,,0,0,0,ncbi_only,Eukaryota,0.0
Rana,0,0,0.0,0.0,5,3,5,0.01,0.01,100.0,,,0,0,0,ncbi_only,Eukaryota,0.0
Zoysia,0,0,0.0,0.0,5,4,5,0.01,0.02,100.0,,,0,0,0,ncbi_only,Eukaryota,0.0
Chrysomela,0,0,0.0,0.0,5,2,5,0.01,0.01,100.0,,,0,0,0,ncbi_only,Eukaryota,0.0
Dirofilaria,0,0,0.0,0.0,5,2,5,0.01,0.01,100.0,,,0,0,0,ncbi_only,Eukaryota,0.0
Tithorea,0,0,0.0,0.0,5,2,5,0.01,0.01,100.0,,,0,0,0,ncbi_only,Eukaryota,0.0
Rhamphochromis,0,0,0.0,0.0,5,2,5,0.01,0.01,100.0,,,0,0,0,ncbi_only,Eukaryota,0.0
Fomitiporia,0,0,0.0,0.0,5,2,5,0.01,0.01,100.0,,,0,0,0,ncbi_only,Eukaryota,0.0
Caloboletus,0,0,0.0,0.0,5,4,5,0.01,0.02,100.0,,,0,0,0,ncbi_only,Eukaryota,0.0
Sander,0,0,0.0,0.0,5,2,5,0.01,0.01,100.0,,,0,0,0,ncbi_only,Eukaryota,0.0
Santalum,0,0,0.0,0.0,5,1,5,0.01,0.0,100.0,,,0,0,0,ncbi_only,Eukaryota,0.0
Osmerus,0,0,0.0,0.0,5,2,5,0.01,0.01,100.0,,,0,0,0,ncbi_only,Eukaryota,0.0
Pollachius,0,0,0.0,0.0,5,2,5,0.01,0.01,100.0,,,0,0,0,ncbi_only,Eukaryota,0.0
Zootoca,0,0,0.0,0.0,5,1,5,0.01,0.0,100.0,,,0,0,0,ncbi_only,Eukaryota,0.0
Litchi,0,0,0.0,0.0,5,1,5,0.01,0.0,100.0,,,0,0,0,ncbi_only,Eukaryota,0.0
Anoplolepis,0,0,0.0,0.0,5,1,5,0.01,0.0,100.0,,,0,0,0,ncbi_only,Eukaryota,0.0
Melastoma,0,0,0.0,0.0,5,4,5,0.01,0.02,100.0,,,0,0,0,ncbi_only,Eukaryota,0.0
Yueomyces,0,0,0.0,0.0,5,4,5,0.01,0.02,100.0,,,0,0,0,ncbi_only,Eukaryota,0.0
Dugong,0,0,0.0,0.0,5,1,5,0.01,0.0,100.0,,,0,0,0,ncbi_only,Eukaryota,0.0
Pavo,0,0,0.0,0.0,5,2,5,0.01,0.01,100.0,,,0,0,0,ncbi_only,Eukaryota,0.0
Periconia,0,0,0.0,0.0,5,5,5,0.01,0.02,100.0,,,0,0,0,ncbi_only,Eukaryota,0.0
Procambarus,0,0,0.0,0.0,5,2,5,0.01,0.01,100.0,,,0,0,0,ncbi_only,Eukaryota,0.0
Chelon,0,0,0.0,0.0,5,3,5,0.01,0.01,100.0,,,0,0,0,ncbi_only,Eukaryota,0.0
Labrus,0,0,0.0,0.0,5,2,5,0.01,0.01,100.0,,,0,0,0,ncbi_only,Eukaryota,0.0
Agrocybe,0,0,0.0,0.0,5,3,5,0.01,0.01,100.0,,,0,0,0,ncbi_only,Eukaryota,0.0
Schoenoplectus,0,0,0.0,0.0,5,3,5,0.01,0.01,100.0,,,0,0,0,ncbi_only,Eukaryota,0.0
Phycomyces,0,0,0.0,0.0,5,2,5,0.01,0.01,100.0,,,0,0,0,ncbi_only,Eukaryota,0.0
Noctuana,0,0,0.0,0.0,5,4,5,0.01,0.02,100.0,,,0,0,0,ncbi_only,Eukaryota,0.0
Pterocles,0,0,0.0,0.0,5,3,5,0.01,0.01,100.0,,,0,0,0,ncbi_only,Eukaryota,0.0
Vidua,0,0,0.0,0.0,5,2,5,0.01,0.01,100.0,,,0,0,0,ncbi_only,Eukaryota,0.0
Naja,0,0,0.0,0.0,5,4,5,0.01,0.02,100.0,,,0,0,0,ncbi_only,Eukaryota,0.0
Vicugna,0,0,0.0,0.0,5,2,5,0.01,0.01,100.0,,,0,0,0,ncbi_only,Eukaryota,0.0
Tachypleus,0,0,0.0,0.0,5,2,5,0.01,0.01,100.0,,,0,0,0,ncbi_only,Eukaryota,0.0
Telegonus,0,0,0.0,0.0,5,5,5,0.01,0.02,100.0,,,0,0,0,ncbi_only,Eukaryota,0.0
Calocybe,0,0,0.0,0.0,5,4,5,0.01,0.02,100.0,,,0,0,0,ncbi_only,Eukaryota,0.0
Bucorvus,0,0,0.0,0.0,5,2,5,0.01,0.01,100.0,,,0,0,0,ncbi_only,Eukaryota,0.0
Platichthys,0,0,0.0,0.0,5,2,5,0.01,0.01,100.0,,,0,0,0,ncbi_only,Eukaryota,0.0
Protaphorura,0,0,0.0,0.0,5,5,5,0.01,0.02,100.0,,,0,0,0,ncbi_only,Eukaryota,0.0
Tritrichomonas,0,0,0.0,0.0,5,3,4,0.01,0.01,80.0,,,0,0,0,ncbi_only,Eukaryota,0.0
Acanthocercus,0,0,0.0,0.0,5,5,5,0.01,0.02,100.0,,,0,0,0,ncbi_only,Eukaryota,0.0
Paragonimus,0,0,0.0,0.0,5,4,5,0.01,0.02,100.0,,,0,0,0,ncbi_only,Eukaryota,0.0
Ficedula,0,0,0.0,0.0,5,4,5,0.01,0.02,100.0,,,0,0,0,ncbi_only,Eukaryota,0.0
Thymallus,0,0,0.0,0.0,5,2,5,0.01,0.01,100.0,,,0,0,0,ncbi_only,Eukaryota,0.0
Chaetodon,0,0,0.0,0.0,5,4,5,0.01,0.02,100.0,,,0,0,0,ncbi_only,Eukaryota,0.0
Geum,0,0,0.0,0.0,5,2,5,0.01,0.01,100.0,,,0,0,0,ncbi_only,Eukaryota,0.0
Whitmania,0,0,0.0,0.0,5,3,5,0.01,0.01,100.0,,,0,0,0,ncbi_only,Eukaryota,0.0
Siderastrea,0,0,0.0,0.0,5,2,5,0.01,0.01,100.0,,,0,0,0,ncbi_only,Eukaryota,0.0
Trichomonascus,0,0,0.0,0.0,5,4,5,0.01,0.02,100.0,,,0,0,0,ncbi_only,Eukaryota,0.0
Isabelozyma,0,0,0.0,0.0,5,4,5,0.01,0.02,100.0,,,0,0,0,ncbi_only,Eukaryota,0.0
Turdus,0,0,0.0,0.0,5,4,5,0.01,0.02,100.0,,,0,0,0,ncbi_only,Eukaryota,0.0
Luffa,0,0,0.0,0.0,5,2,5,0.01,0.01,100.0,,,0,0,0,ncbi_only,Eukaryota,0.0
Osmia,0,0,0.0,0.0,5,3,5,0.01,0.01,100.0,,,0,0,0,ncbi_only,Eukaryota,0.0
Angiostrongylus,0,0,0.0,0.0,5,3,5,0.01,0.01,100.0,,,0,0,0,ncbi_only,Eukaryota,0.0
Sminthurinus,0,0,0.0,0.0,5,4,5,0.01,0.02,100.0,,,0,0,0,ncbi_only,Eukaryota,0.0
Mirounga,0,0,0.0,0.0,5,2,5,0.01,0.01,100.0,,,0,0,0,ncbi_only,Eukaryota,0.0
Ceratosolen,0,0,0.0,0.0,5,3,5,0.01,0.01,100.0,,,0,0,0,ncbi_only,Eukaryota,0.0
Episyrphus,0,0,0.0,0.0,5,1,5,0.01,0.0,100.0,,,0,0,0,ncbi_only,Eukaryota,0.0
Tupaia,0,0,0.0,0.0,5,3,5,0.01,0.01,100.0,,,0,0,0,ncbi_only,Eukaryota,0.0
Melopsittacus,0,0,0.0,0.0,5,1,5,0.01,0.0,100.0,,,0,0,0,ncbi_only,Eukaryota,0.0
Cirrhinus,0,0,0.0,0.0,5,3,5,0.01,0.01,100.0,,,0,0,0,ncbi_only,Eukaryota,0.0
Mesorhabditis,0,0,0.0,0.0,5,3,5,0.01,0.01,100.0,,,0,0,0,ncbi_only,Eukaryota,0.0
Patiria,0,0,0.0,0.0,5,2,5,0.01,0.01,100.0,,,0,0,0,ncbi_only,Eukaryota,0.0
Acanthosepion,0,0,0.0,0.0,5,3,5,0.01,0.01,100.0,,,0,0,0,ncbi_only,Eukaryota,0.0
Knufia,0,0,0.0,0.0,5,4,5,0.01,0.02,100.0,,,0,0,0,ncbi_only,Eukaryota,0.0
Mangifera,0,0,0.0,0.0,5,1,5,0.01,0.0,100.0,,,0,0,0,ncbi_only,Eukaryota,0.0
Hygrocybe,0,0,0.0,0.0,5,3,5,0.01,0.01,100.0,,,0,0,0,ncbi_only,Eukaryota,0.0
Myodes,0,0,0.0,0.0,5,1,5,0.01,0.0,100.0,,,0,0,0,ncbi_only,Eukaryota,0.0
Pogoniulus,0,0,0.0,0.0,5,3,5,0.01,0.01,100.0,,,0,0,0,ncbi_only,Eukaryota,0.0
Orthochromis,0,0,0.0,0.0,5,4,5,0.01,0.02,100.0,,,0,0,0,ncbi_only,Eukaryota,0.0
Petrocephalus,0,0,0.0,0.0,5,5,5,0.01,0.02,100.0,,,0,0,0,ncbi_only,Eukaryota,0.0
Vombatus,0,0,0.0,0.0,5,1,5,0.01,0.0,100.0,,,0,0,0,ncbi_only,Eukaryota,0.0
Cyperus,0,0,0.0,0.0,5,3,5,0.01,0.01,100.0,,,0,0,0,ncbi_only,Eukaryota,0.0
Coilia,0,0,0.0,0.0,5,3,5,0.01,0.01,100.0,,,0,0,0,ncbi_only,Eukaryota,0.0
Pseudevernia,0,0,0.0,0.0,5,2,3,0.01,0.01,60.0,,,0,0,0,ncbi_only,Eukaryota,0.0
Elongisporangium,0,0,0.0,0.0,5,5,5,0.01,0.02,100.0,,,0,0,0,ncbi_only,Eukaryota,0.0
Serpula,0,0,0.0,0.0,5,1,5,0.01,0.0,100.0,,,0,0,0,ncbi_only,Eukaryota,0.0
Giraffa,0,0,0.0,0.0,5,2,5,0.01,0.01,100.0,,,0,0,0,ncbi_only,Eukaryota,0.0
Monodon,0,0,0.0,0.0,5,1,5,0.01,0.0,100.0,,,0,0,0,ncbi_only,Eukaryota,0.0
Bombina,0,0,0.0,0.0,5,2,5,0.01,0.01,100.0,,,0,0,0,ncbi_only,Eukaryota,0.0
Aquilaria,0,0,0.0,0.0,5,4,5,0.01,0.02,100.0,,,0,0,0,ncbi_only,Eukaryota,0.0
Symphalangus,0,0,0.0,0.0,5,1,5,0.01,0.0,100.0,,,0,0,0,ncbi_only,Eukaryota,0.0
Cyprinella,0,0,0.0,0.0,5,3,5,0.01,0.01,100.0,,,0,0,0,ncbi_only,Eukaryota,0.0
Volvox,0,0,0.0,0.0,5,3,5,0.01,0.01,100.0,,,0,0,0,ncbi_only,Eukaryota,0.0
Volvariella,0,0,0.0,0.0,5,2,5,0.01,0.01,100.0,,,0,0,0,ncbi_only,Eukaryota,0.0
Cepaea,0,0,0.0,0.0,5,2,5,0.01,0.01,100.0,,,0,0,0,ncbi_only,Eukaryota,0.0
Sordaria,0,0,0.0,0.0,5,3,5,0.01,0.01,100.0,,,0,0,0,ncbi_only,Eukaryota,0.0
Arctocephalus,0,0,0.0,0.0,5,2,5,0.01,0.01,100.0,,,0,0,0,ncbi_only,Eukaryota,0.0
Lycaon,0,0,0.0,0.0,5,1,5,0.01,0.0,100.0,,,0,0,0,ncbi_only,Eukaryota,0.0
Scopulariopsis,0,0,0.0,0.0,4,1,4,0.01,0.0,100.0,,,0,0,0,ncbi_only,Eukaryota,0.0
Herminia,0,0,0.0,0.0,4,2,4,0.01,0.01,100.0,,,0,0,0,ncbi_only,Eukaryota,0.0
Scotopteryx,0,0,0.0,0.0,4,2,4,0.01,0.01,100.0,,,0,0,0,ncbi_only,Eukaryota,0.0
Neogale,0,0,0.0,0.0,4,1,4,0.01,0.0,100.0,,,0,0,0,ncbi_only,Eukaryota,0.0
Pueraria,0,0,0.0,0.0,4,1,4,0.01,0.0,100.0,,,0,0,0,ncbi_only,Eukaryota,0.0
Kaempferia,0,0,0.0,0.0,4,4,4,0.01,0.02,100.0,,,0,0,0,ncbi_only,Eukaryota,0.0
Rallus,0,0,0.0,0.0,4,3,4,0.01,0.01,100.0,,,0,0,0,ncbi_only,Eukaryota,0.0
Kregervanrija,0,0,0.0,0.0,4,3,4,0.01,0.01,100.0,,,0,0,0,ncbi_only,Eukaryota,0.0
Juglanconis,0,0,0.0,0.0,4,3,4,0.01,0.01,100.0,,,0,0,0,ncbi_only,Eukaryota,0.0
Martiniozyma,0,0,0.0,0.0,4,2,4,0.01,0.01,100.0,,,0,0,0,ncbi_only,Eukaryota,0.0
Scoparia,0,0,0.0,0.0,4,2,4,0.01,0.01,100.0,,,0,0,0,ncbi_only,Eukaryota,0.0
Laminaria,0,0,0.0,0.0,4,4,4,0.01,0.02,100.0,,,0,0,0,ncbi_only,Eukaryota,0.0
Hetaerina,0,0,0.0,0.0,4,2,4,0.01,0.01,100.0,,,0,0,0,ncbi_only,Eukaryota,0.0
Microperoryctes,0,0,0.0,0.0,4,2,3,0.01,0.01,75.0,,,0,0,0,ncbi_only,Eukaryota,0.0
Katreus,0,0,0.0,0.0,4,1,4,0.01,0.0,100.0,,,0,0,0,ncbi_only,Eukaryota,0.0
Maylandia,0,0,0.0,0.0,4,1,4,0.01,0.0,100.0,,,0,0,0,ncbi_only,Eukaryota,0.0
Retiboletus,0,0,0.0,0.0,4,3,4,0.01,0.01,100.0,,,0,0,0,ncbi_only,Eukaryota,0.0
Meristemomyces,0,0,0.0,0.0,4,1,4,0.01,0.0,100.0,,,0,0,0,ncbi_only,Eukaryota,0.0
Mergus,0,0,0.0,0.0,4,3,4,0.01,0.01,100.0,,,0,0,0,ncbi_only,Eukaryota,0.0
Meretrix,0,0,0.0,0.0,4,4,4,0.01,0.02,100.0,,,0,0,0,ncbi_only,Eukaryota,0.0
Meliscaeva,0,0,0.0,0.0,4,2,4,0.01,0.01,100.0,,,0,0,0,ncbi_only,Eukaryota,0.0
Melanostoma,0,0,0.0,0.0,4,2,4,0.01,0.01,100.0,,,0,0,0,ncbi_only,Eukaryota,0.0
Melanitta,0,0,0.0,0.0,4,4,4,0.01,0.02,100.0,,,0,0,0,ncbi_only,Eukaryota,0.0
Jaera,0,0,0.0,0.0,4,2,4,0.01,0.01,100.0,,,0,0,0,ncbi_only,Eukaryota,0.0
Jodis,0,0,0.0,0.0,4,2,4,0.01,0.01,100.0,,,0,0,0,ncbi_only,Eukaryota,0.0
Hemibates,0,0,0.0,0.0,4,2,4,0.01,0.01,100.0,,,0,0,0,ncbi_only,Eukaryota,0.0
Hypena,0,0,0.0,0.0,4,2,4,0.01,0.01,100.0,,,0,0,0,ncbi_only,Eukaryota,0.0
Malacosoma,0,0,0.0,0.0,4,2,4,0.01,0.01,100.0,,,0,0,0,ncbi_only,Eukaryota,0.0
Lagopus,0,0,0.0,0.0,4,2,4,0.01,0.01,100.0,,,0,0,0,ncbi_only,Eukaryota,0.0
Myrmecia,0,0,0.0,0.0,4,3,4,0.01,0.01,100.0,,,0,0,0,ncbi_only,Eukaryota,0.0
Myripristis,0,0,0.0,0.0,4,3,4,0.01,0.01,100.0,,,0,0,0,ncbi_only,Eukaryota,0.0
Nemotelus,0,0,0.0,0.0,4,2,4,0.01,0.01,100.0,,,0,0,0,ncbi_only,Eukaryota,0.0
Heterorhabditis,0,0,0.0,0.0,4,2,4,0.01,0.01,100.0,,,0,0,0,ncbi_only,Eukaryota,0.0
Nemapteryx,0,0,0.0,0.0,4,3,4,0.01,0.01,100.0,,,0,0,0,ncbi_only,Eukaryota,0.0
Nemapogon,0,0,0.0,0.0,4,2,4,0.01,0.01,100.0,,,0,0,0,ncbi_only,Eukaryota,0.0
Sclerophrys,0,0,0.0,0.0,4,4,4,0.01,0.02,100.0,,,0,0,0,ncbi_only,Eukaryota,0.0
Saccopteryx,0,0,0.0,0.0,4,2,4,0.01,0.01,100.0,,,0,0,0,ncbi_only,Eukaryota,0.0
Malaclemys,0,0,0.0,0.0,4,1,4,0.01,0.0,100.0,,,0,0,0,ncbi_only,Eukaryota,0.0
Pseudoscada,0,0,0.0,0.0,4,2,4,0.01,0.01,100.0,,,0,0,0,ncbi_only,Eukaryota,0.0
Hirundo,0,0,0.0,0.0,4,1,4,0.01,0.0,100.0,,,0,0,0,ncbi_only,Eukaryota,0.0
Lamium,0,0,0.0,0.0,4,2,4,0.01,0.01,100.0,,,0,0,0,ncbi_only,Eukaryota,0.0
Hemileia,0,0,0.0,0.0,4,1,4,0.01,0.0,100.0,,,0,0,0,ncbi_only,Eukaryota,0.0
Madracis,0,0,0.0,0.0,4,2,4,0.01,0.01,100.0,,,0,0,0,ncbi_only,Eukaryota,0.0
Seira,0,0,0.0,0.0,4,3,4,0.01,0.01,100.0,,,0,0,0,ncbi_only,Eukaryota,0.0
Harpalus,0,0,0.0,0.0,4,2,4,0.01,0.01,100.0,,,0,0,0,ncbi_only,Eukaryota,0.0
Lanmaoa,0,0,0.0,0.0,4,4,4,0.01,0.02,100.0,,,0,0,0,ncbi_only,Eukaryota,0.0
Harringtonia,0,0,0.0,0.0,4,2,4,0.01,0.01,100.0,,,0,0,0,ncbi_only,Eukaryota,0.0
Jemadia,0,0,0.0,0.0,4,4,4,0.01,0.02,100.0,,,0,0,0,ncbi_only,Eukaryota,0.0
Mico,0,0,0.0,0.0,4,3,4,0.01,0.01,100.0,,,0,0,0,ncbi_only,Eukaryota,0.0
Hippophae,0,0,0.0,0.0,4,4,4,0.01,0.02,100.0,,,0,0,0,ncbi_only,Eukaryota,0.0
Potentilla,0,0,0.0,0.0,4,2,4,0.01,0.01,100.0,,,0,0,0,ncbi_only,Eukaryota,0.0
Gavialis,0,0,0.0,0.0,4,1,4,0.01,0.0,100.0,,,0,0,0,ncbi_only,Eukaryota,0.0
Simmondsia,0,0,0.0,0.0,4,1,4,0.01,0.0,100.0,,,0,0,0,ncbi_only,Eukaryota,0.0
Rhopalosiphum,0,0,0.0,0.0,4,3,4,0.01,0.01,100.0,,,0,0,0,ncbi_only,Eukaryota,0.0
Lorius,0,0,0.0,0.0,4,4,4,0.01,0.02,100.0,,,0,0,0,ncbi_only,Eukaryota,0.0
Lotus,0,0,0.0,0.0,4,2,4,0.01,0.01,100.0,,,0,0,0,ncbi_only,Eukaryota,0.0
Panagrellus,0,0,0.0,0.0,4,3,4,0.01,0.01,100.0,,,0,0,0,ncbi_only,Eukaryota,0.0
Pampus,0,0,0.0,0.0,4,1,4,0.01,0.0,100.0,,,0,0,0,ncbi_only,Eukaryota,0.0
Loxia,0,0,0.0,0.0,4,3,4,0.01,0.01,100.0,,,0,0,0,ncbi_only,Eukaryota,0.0
Enchytraeus,0,0,0.0,0.0,4,3,4,0.01,0.01,100.0,,,0,0,0,ncbi_only,Eukaryota,0.0
Acrossocheilus,0,0,0.0,0.0,4,2,4,0.01,0.01,100.0,,,0,0,0,ncbi_only,Eukaryota,0.0
Scyliorhinus,0,0,0.0,0.0,4,2,4,0.01,0.01,100.0,,,0,0,0,ncbi_only,Eukaryota,0.0
Zasmidium,0,0,0.0,0.0,4,3,4,0.01,0.01,100.0,,,0,0,0,ncbi_only,Eukaryota,0.0
Emergomyces,0,0,0.0,0.0,4,3,4,0.01,0.01,100.0,,,0,0,0,ncbi_only,Eukaryota,0.0
Spisula,0,0,0.0,0.0,4,2,4,0.01,0.01,100.0,,,0,0,0,ncbi_only,Eukaryota,0.0
Enhydra,0,0,0.0,0.0,4,1,4,0.01,0.0,100.0,,,0,0,0,ncbi_only,Eukaryota,0.0
Abrostola,0,0,0.0,0.0,4,2,4,0.01,0.01,100.0,,,0,0,0,ncbi_only,Eukaryota,0.0
Empis,0,0,0.0,0.0,4,2,4,0.01,0.01,100.0,,,0,0,0,ncbi_only,Eukaryota,0.0
Acridotheres,0,0,0.0,0.0,4,2,4,0.01,0.01,100.0,,,0,0,0,ncbi_only,Eukaryota,0.0
Zygnema,0,0,0.0,0.0,4,2,4,0.01,0.01,100.0,,,0,0,0,ncbi_only,Eukaryota,0.0
Absidia,0,0,0.0,0.0,4,4,4,0.01,0.02,100.0,,,0,0,0,ncbi_only,Eukaryota,0.0
Abramis,0,0,0.0,0.0,4,1,4,0.01,0.0,100.0,,,0,0,0,ncbi_only,Eukaryota,0.0
Actinia,0,0,0.0,0.0,4,3,4,0.01,0.01,100.0,,,0,0,0,ncbi_only,Eukaryota,0.0
Zizania,0,0,0.0,0.0,4,2,4,0.01,0.01,100.0,,,0,0,0,ncbi_only,Eukaryota,0.0
Aethes,0,0,0.0,0.0,4,2,4,0.01,0.01,100.0,,,0,0,0,ncbi_only,Eukaryota,0.0
Mastacembelus,0,0,0.0,0.0,4,1,4,0.01,0.0,100.0,,,0,0,0,ncbi_only,Eukaryota,0.0
Quiscalus,0,0,0.0,0.0,4,3,4,0.01,0.01,100.0,,,0,0,0,ncbi_only,Eukaryota,0.0
Microdochium,0,0,0.0,0.0,4,4,4,0.01,0.02,100.0,,,0,0,0,ncbi_only,Eukaryota,0.0
Rhea,0,0,0.0,0.0,4,2,4,0.01,0.01,100.0,,,0,0,0,ncbi_only,Eukaryota,0.0
Monomorium,0,0,0.0,0.0,4,1,4,0.01,0.0,100.0,,,0,0,0,ncbi_only,Eukaryota,0.0
Isotoma,0,0,0.0,0.0,4,4,4,0.01,0.02,100.0,,,0,0,0,ncbi_only,Eukaryota,0.0
Rutstroemia,0,0,0.0,0.0,4,4,4,0.01,0.02,100.0,,,0,0,0,ncbi_only,Eukaryota,0.0
Satyrus,0,0,0.0,0.0,4,2,4,0.01,0.01,100.0,,,0,0,0,ncbi_only,Eukaryota,0.0
Hypolimnas,0,0,0.0,0.0,4,1,4,0.01,0.0,100.0,,,0,0,0,ncbi_only,Eukaryota,0.0
Hypomecis,0,0,0.0,0.0,4,2,4,0.01,0.01,100.0,,,0,0,0,ncbi_only,Eukaryota,0.0
Hypotaenidia,0,0,0.0,0.0,4,3,4,0.01,0.01,100.0,,,0,0,0,ncbi_only,Eukaryota,0.0
Hypotrachyna,0,0,0.0,0.0,4,4,0,0.01,0.02,0.0,,,0,0,0,ncbi_only,Eukaryota,0.0
Potamosilurus,0,0,0.0,0.0,4,4,4,0.01,0.02,100.0,,,0,0,0,ncbi_only,Eukaryota,0.0
Ictidomys,0,0,0.0,0.0,4,1,4,0.01,0.0,100.0,,,0,0,0,ncbi_only,Eukaryota,0.0
Pungitius,0,0,0.0,0.0,4,1,4,0.01,0.0,100.0,,,0,0,0,ncbi_only,Eukaryota,0.0
Morone,0,0,0.0,0.0,4,2,4,0.01,0.01,100.0,,,0,0,0,ncbi_only,Eukaryota,0.0
Sardina,0,0,0.0,0.0,4,1,4,0.01,0.0,100.0,,,0,0,0,ncbi_only,Eukaryota,0.0
Mormyrus,0,0,0.0,0.0,4,4,4,0.01,0.02,100.0,,,0,0,0,ncbi_only,Eukaryota,0.0
Pusa,0,0,0.0,0.0,4,3,4,0.01,0.01,100.0,,,0,0,0,ncbi_only,Eukaryota,0.0
Hyperolius,0,0,0.0,0.0,4,3,4,0.01,0.01,100.0,,,0,0,0,ncbi_only,Eukaryota,0.0
Pagurus,0,0,0.0,0.0,4,4,4,0.01,0.02,100.0,,,0,0,0,ncbi_only,Eukaryota,0.0
Orygma,0,0,0.0,0.0,4,1,4,0.01,0.0,100.0,,,0,0,0,ncbi_only,Eukaryota,0.0
Gigantidas,0,0,0.0,0.0,4,2,4,0.01,0.01,100.0,,,0,0,0,ncbi_only,Eukaryota,0.0
Gigaspora,0,0,0.0,0.0,4,2,4,0.01,0.01,100.0,,,0,0,0,ncbi_only,Eukaryota,0.0
Paedocypris,0,0,0.0,0.0,4,3,4,0.01,0.01,100.0,,,0,0,0,ncbi_only,Eukaryota,0.0
Mugilogobius,0,0,0.0,0.0,4,1,4,0.01,0.0,100.0,,,0,0,0,ncbi_only,Eukaryota,0.0
Periplaneta,0,0,0.0,0.0,4,1,4,0.01,0.0,100.0,,,0,0,0,ncbi_only,Eukaryota,0.0
Solea,0,0,0.0,0.0,4,2,4,0.01,0.01,100.0,,,0,0,0,ncbi_only,Eukaryota,0.0
Plecoglossus,0,0,0.0,0.0,4,1,4,0.01,0.0,100.0,,,0,0,0,ncbi_only,Eukaryota,0.0
Phycis,0,0,0.0,0.0,4,3,4,0.01,0.01,100.0,,,0,0,0,ncbi_only,Eukaryota,0.0
Sphaerulina,0,0,0.0,0.0,4,3,4,0.01,0.01,100.0,,,0,0,0,ncbi_only,Eukaryota,0.0
Spilosoma,0,0,0.0,0.0,4,2,4,0.01,0.01,100.0,,,0,0,0,ncbi_only,Eukaryota,0.0
Liparis,0,0,0.0,0.0,4,2,4,0.01,0.01,100.0,,,0,0,0,ncbi_only,Eukaryota,0.0
Filago,0,0,0.0,0.0,4,2,4,0.01,0.01,100.0,,,0,0,0,ncbi_only,Eukaryota,0.0
Etheostoma,0,0,0.0,0.0,4,4,4,0.01,0.02,100.0,,,0,0,0,ncbi_only,Eukaryota,0.0
Erinaceus,0,0,0.0,0.0,4,1,4,0.01,0.0,100.0,,,0,0,0,ncbi_only,Eukaryota,0.0
Epirrhoe,0,0,0.0,0.0,4,2,4,0.01,0.01,100.0,,,0,0,0,ncbi_only,Eukaryota,0.0
Zophobas,0,0,0.0,0.0,4,2,4,0.01,0.01,100.0,,,0,0,0,ncbi_only,Eukaryota,0.0
Eristalinus,0,0,0.0,0.0,4,2,4,0.01,0.01,100.0,,,0,0,0,ncbi_only,Eukaryota,0.0
Episema,0,0,0.0,0.0,4,2,4,0.01,0.01,100.0,,,0,0,0,ncbi_only,Eukaryota,0.0
Pezicula,0,0,0.0,0.0,4,4,4,0.01,0.02,100.0,,,0,0,0,ncbi_only,Eukaryota,0.0
Epistrophe,0,0,0.0,0.0,4,2,4,0.01,0.01,100.0,,,0,0,0,ncbi_only,Eukaryota,0.0
Polia,0,0,0.0,0.0,4,2,4,0.01,0.01,100.0,,,0,0,0,ncbi_only,Eukaryota,0.0
Pheosia,0,0,0.0,0.0,4,2,4,0.01,0.01,100.0,,,0,0,0,ncbi_only,Eukaryota,0.0
Epithemia,0,0,0.0,0.0,4,2,4,0.01,0.01,100.0,,,0,0,0,ncbi_only,Eukaryota,0.0
Phymatotrichopsis,0,0,0.0,0.0,4,1,4,0.01,0.0,100.0,,,0,0,0,ncbi_only,Eukaryota,0.0
Euproctis,0,0,0.0,0.0,4,2,4,0.01,0.01,100.0,,,0,0,0,ncbi_only,Eukaryota,0.0
Physaria,0,0,0.0,0.0,4,3,4,0.01,0.01,100.0,,,0,0,0,ncbi_only,Eukaryota,0.0
Polietes,0,0,0.0,0.0,4,2,4,0.01,0.01,100.0,,,0,0,0,ncbi_only,Eukaryota,0.0
Perameles,0,0,0.0,0.0,4,3,4,0.01,0.01,100.0,,,0,0,0,ncbi_only,Eukaryota,0.0
Entophlyctis,0,0,0.0,0.0,4,3,4,0.01,0.01,100.0,,,0,0,0,ncbi_only,Eukaryota,0.0
Eulithis,0,0,0.0,0.0,4,2,4,0.01,0.01,100.0,,,0,0,0,ncbi_only,Eukaryota,0.0
Eudromia,0,0,0.0,0.0,4,1,4,0.01,0.0,100.0,,,0,0,0,ncbi_only,Eukaryota,0.0
Spinacia,0,0,0.0,0.0,4,1,4,0.01,0.0,100.0,,,0,0,0,ncbi_only,Eukaryota,0.0
Lissotriton,0,0,0.0,0.0,4,2,4,0.01,0.01,100.0,,,0,0,0,ncbi_only,Eukaryota,0.0
Eretmodus,0,0,0.0,0.0,4,2,4,0.01,0.01,100.0,,,0,0,0,ncbi_only,Eukaryota,0.0
Riptortus,0,0,0.0,0.0,4,1,4,0.01,0.0,100.0,,,0,0,0,ncbi_only,Eukaryota,0.0
Peronia,0,0,0.0,0.0,4,4,4,0.01,0.02,100.0,,,0,0,0,ncbi_only,Eukaryota,0.0
Phlebotomus,0,0,0.0,0.0,4,3,4,0.01,0.01,100.0,,,0,0,0,ncbi_only,Eukaryota,0.0
Petasites,0,0,0.0,0.0,4,2,4,0.01,0.01,100.0,,,0,0,0,ncbi_only,Eukaryota,0.0
Polymixis,0,0,0.0,0.0,4,2,4,0.01,0.01,100.0,,,0,0,0,ncbi_only,Eukaryota,0.0
Platycheirus,0,0,0.0,0.0,4,2,4,0.01,0.01,100.0,,,0,0,0,ncbi_only,Eukaryota,0.0
Pelosia,0,0,0.0,0.0,4,2,4,0.01,0.01,100.0,,,0,0,0,ncbi_only,Eukaryota,0.0
Eunicella,0,0,0.0,0.0,4,2,4,0.01,0.01,100.0,,,0,0,0,ncbi_only,Eukaryota,0.0
Planigale,0,0,0.0,0.0,4,4,4,0.01,0.02,100.0,,,0,0,0,ncbi_only,Eukaryota,0.0
Eptatretus,0,0,0.0,0.0,4,3,4,0.01,0.01,100.0,,,0,0,0,ncbi_only,Eukaryota,0.0
Phaonia,0,0,0.0,0.0,4,2,4,0.01,0.01,100.0,,,0,0,0,ncbi_only,Eukaryota,0.0
Linnaemya,0,0,0.0,0.0,4,2,4,0.01,0.01,100.0,,,0,0,0,ncbi_only,Eukaryota,0.0
Plectus,0,0,0.0,0.0,4,4,4,0.01,0.02,100.0,,,0,0,0,ncbi_only,Eukaryota,0.0
Lestradea,0,0,0.0,0.0,4,2,4,0.01,0.01,100.0,,,0,0,0,ncbi_only,Eukaryota,0.0
Phalaenopsis,0,0,0.0,0.0,4,3,4,0.01,0.01,100.0,,,0,0,0,ncbi_only,Eukaryota,0.0
Platismatia,0,0,0.0,0.0,4,2,2,0.01,0.01,50.0,,,0,0,0,ncbi_only,Eukaryota,0.0
Eragrostis,0,0,0.0,0.0,4,3,4,0.01,0.01,100.0,,,0,0,0,ncbi_only,Eukaryota,0.0
Pholiota,0,0,0.0,0.0,4,4,4,0.01,0.02,100.0,,,0,0,0,ncbi_only,Eukaryota,0.0
Ephydatia,0,0,0.0,0.0,4,1,4,0.01,0.0,100.0,,,0,0,0,ncbi_only,Eukaryota,0.0
Eupelmus,0,0,0.0,0.0,4,4,4,0.01,0.02,100.0,,,0,0,0,ncbi_only,Eukaryota,0.0
Perognathus,0,0,0.0,0.0,4,1,4,0.01,0.0,100.0,,,0,0,0,ncbi_only,Eukaryota,0.0
Myriosclerotinia,0,0,0.0,0.0,4,4,4,0.01,0.02,100.0,,,0,0,0,ncbi_only,Eukaryota,0.0
Ptilodon,0,0,0.0,0.0,4,2,4,0.01,0.01,100.0,,,0,0,0,ncbi_only,Eukaryota,0.0
Hydriomena,0,0,0.0,0.0,4,2,4,0.01,0.01,100.0,,,0,0,0,ncbi_only,Eukaryota,0.0
Myopa,0,0,0.0,0.0,4,2,4,0.01,0.01,100.0,,,0,0,0,ncbi_only,Eukaryota,0.0
Lagenidium,0,0,0.0,0.0,4,2,4,0.01,0.01,100.0,,,0,0,0,ncbi_only,Eukaryota,0.0
Myoictis,0,0,0.0,0.0,4,4,4,0.01,0.02,100.0,,,0,0,0,ncbi_only,Eukaryota,0.0
Mandrillus,0,0,0.0,0.0,4,2,4,0.01,0.01,100.0,,,0,0,0,ncbi_only,Eukaryota,0.0
Mycosphaerella,0,0,0.0,0.0,4,4,4,0.01,0.02,100.0,,,0,0,0,ncbi_only,Eukaryota,0.0
Scardinius,0,0,0.0,0.0,4,1,4,0.01,0.0,100.0,,,0,0,0,ncbi_only,Eukaryota,0.0
Ptychoptera,0,0,0.0,0.0,4,2,4,0.01,0.01,100.0,,,0,0,0,ncbi_only,Eukaryota,0.0
Hydrotaea,0,0,0.0,0.0,4,2,4,0.01,0.01,100.0,,,0,0,0,ncbi_only,Eukaryota,0.0
Erigeron,0,0,0.0,0.0,4,3,4,0.01,0.01,100.0,,,0,0,0,ncbi_only,Eukaryota,0.0
Scaptodrosophila,0,0,0.0,0.0,4,3,4,0.01,0.01,100.0,,,0,0,0,ncbi_only,Eukaryota,0.0
Hyles,0,0,0.0,0.0,4,3,4,0.01,0.01,100.0,,,0,0,0,ncbi_only,Eukaryota,0.0
Hymenopellis,0,0,0.0,0.0,4,2,4,0.01,0.01,100.0,,,0,0,0,ncbi_only,Eukaryota,0.0
Lanius,0,0,0.0,0.0,4,4,4,0.01,0.02,100.0,,,0,0,0,ncbi_only,Eukaryota,0.0
Hecatera,0,0,0.0,0.0,4,2,4,0.01,0.01,100.0,,,0,0,0,ncbi_only,Eukaryota,0.0
Hedya,0,0,0.0,0.0,4,2,4,0.01,0.01,100.0,,,0,0,0,ncbi_only,Eukaryota,0.0
Heimioporus,0,0,0.0,0.0,4,4,4,0.01,0.02,100.0,,,0,0,0,ncbi_only,Eukaryota,0.0
Neospora,0,0,0.0,0.0,4,1,4,0.01,0.0,100.0,,,0,0,0,ncbi_only,Eukaryota,0.0
Neoseiulus,0,0,0.0,0.0,4,2,4,0.01,0.01,100.0,,,0,0,0,ncbi_only,Eukaryota,0.0
Heliocidaris,0,0,0.0,0.0,4,3,4,0.01,0.01,100.0,,,0,0,0,ncbi_only,Eukaryota,0.0
Magicicada,0,0,0.0,0.0,4,3,0,0.01,0.01,0.0,,,0,0,0,ncbi_only,Eukaryota,0.0
Heliothis,0,0,0.0,0.0,4,3,4,0.01,0.01,100.0,,,0,0,0,ncbi_only,Eukaryota,0.0
Hydrozoanthus,0,0,0.0,0.0,4,4,4,0.01,0.02,100.0,,,0,0,0,ncbi_only,Eukaryota,0.0
Polygonum,0,0,0.0,0.0,4,2,4,0.01,0.01,100.0,,,0,0,0,ncbi_only,Eukaryota,0.0
Pogonognathellus,0,0,0.0,0.0,4,2,4,0.01,0.01,100.0,,,0,0,0,ncbi_only,Eukaryota,0.0
Philonthus,0,0,0.0,0.0,4,2,4,0.01,0.01,100.0,,,0,0,0,ncbi_only,Eukaryota,0.0
Fistulifera,0,0,0.0,0.0,4,2,4,0.01,0.01,100.0,,,0,0,0,ncbi_only,Eukaryota,0.0
Lochmaea,0,0,0.0,0.0,4,2,4,0.01,0.01,100.0,,,0,0,0,ncbi_only,Eukaryota,0.0
Pelobates,0,0,0.0,0.0,4,2,4,0.01,0.01,100.0,,,0,0,0,ncbi_only,Eukaryota,0.0
Plagodis,0,0,0.0,0.0,4,2,4,0.01,0.01,100.0,,,0,0,0,ncbi_only,Eukaryota,0.0
Platynereis,0,0,0.0,0.0,4,3,4,0.01,0.01,100.0,,,0,0,0,ncbi_only,Eukaryota,0.0
Spathodus,0,0,0.0,0.0,4,2,4,0.01,0.01,100.0,,,0,0,0,ncbi_only,Eukaryota,0.0
Pterostichus,0,0,0.0,0.0,4,2,4,0.01,0.01,100.0,,,0,0,0,ncbi_only,Eukaryota,0.0
Malthinus,0,0,0.0,0.0,4,2,4,0.01,0.01,100.0,,,0,0,0,ncbi_only,Eukaryota,0.0
Myrmica,0,0,0.0,0.0,4,3,4,0.01,0.01,100.0,,,0,0,0,ncbi_only,Eukaryota,0.0
Malthodes,0,0,0.0,0.0,4,2,4,0.01,0.01,100.0,,,0,0,0,ncbi_only,Eukaryota,0.0
Nasalis,0,0,0.0,0.0,4,1,4,0.01,0.0,100.0,,,0,0,0,ncbi_only,Eukaryota,0.0
Napeogenes,0,0,0.0,0.0,4,2,4,0.01,0.01,100.0,,,0,0,0,ncbi_only,Eukaryota,0.0
Pterocarya,0,0,0.0,0.0,4,2,4,0.01,0.01,100.0,,,0,0,0,ncbi_only,Eukaryota,0.0
Myzus,0,0,0.0,0.0,4,1,4,0.01,0.0,100.0,,,0,0,0,ncbi_only,Eukaryota,0.0
Mallotus,0,0,0.0,0.0,4,4,4,0.01,0.02,100.0,,,0,0,0,ncbi_only,Eukaryota,0.0
Pteronymia,0,0,0.0,0.0,4,2,4,0.01,0.01,100.0,,,0,0,0,ncbi_only,Eukaryota,0.0
Meiosimyza,0,0,0.0,0.0,4,2,4,0.01,0.01,100.0,,,0,0,0,ncbi_only,Eukaryota,0.0
Peribolospora,0,0,0.0,0.0,4,2,4,0.01,0.01,100.0,,,0,0,0,ncbi_only,Eukaryota,0.0
Phyllostomus,0,0,0.0,0.0,4,2,4,0.01,0.01,100.0,,,0,0,0,ncbi_only,Eukaryota,0.0
Litomosoides,0,0,0.0,0.0,4,2,4,0.01,0.01,100.0,,,0,0,0,ncbi_only,Eukaryota,0.0
Piliocolobus,0,0,0.0,0.0,4,4,4,0.01,0.02,100.0,,,0,0,0,ncbi_only,Eukaryota,0.0
Philereme,0,0,0.0,0.0,4,2,4,0.01,0.01,100.0,,,0,0,0,ncbi_only,Eukaryota,0.0
Horisme,0,0,0.0,0.0,4,2,4,0.01,0.01,100.0,,,0,0,0,ncbi_only,Eukaryota,0.0
Cephalopholis,0,0,0.0,0.0,4,2,4,0.01,0.01,100.0,,,0,0,0,ncbi_only,Eukaryota,0.0
Cacajao,0,0,0.0,0.0,4,4,4,0.01,0.02,100.0,,,0,0,0,ncbi_only,Eukaryota,0.0
Cabera,0,0,0.0,0.0,4,2,4,0.01,0.01,100.0,,,0,0,0,ncbi_only,Eukaryota,0.0
Calendula,0,0,0.0,0.0,4,1,4,0.01,0.0,100.0,,,0,0,0,ncbi_only,Eukaryota,0.0
Balanus,0,0,0.0,0.0,4,2,4,0.01,0.01,100.0,,,0,0,0,ncbi_only,Eukaryota,0.0
Thladiantha,0,0,0.0,0.0,4,4,4,0.01,0.02,100.0,,,0,0,0,ncbi_only,Eukaryota,0.0
Carica,0,0,0.0,0.0,4,1,4,0.01,0.0,100.0,,,0,0,0,ncbi_only,Eukaryota,0.0
Trichonephila,0,0,0.0,0.0,4,3,4,0.01,0.01,100.0,,,0,0,0,ncbi_only,Eukaryota,0.0
Carabus,0,0,0.0,0.0,4,3,4,0.01,0.01,100.0,,,0,0,0,ncbi_only,Eukaryota,0.0
Spongia,0,0,0.0,0.0,4,2,4,0.01,0.01,100.0,,,0,0,0,ncbi_only,Eukaryota,0.0
Camarosporium,0,0,0.0,0.0,4,1,4,0.01,0.0,100.0,,,0,0,0,ncbi_only,Eukaryota,0.0
Calypte,0,0,0.0,0.0,4,1,4,0.01,0.0,100.0,,,0,0,0,ncbi_only,Eukaryota,0.0
Trichoplusia,0,0,0.0,0.0,4,1,4,0.01,0.0,100.0,,,0,0,0,ncbi_only,Eukaryota,0.0
Carduus,0,0,0.0,0.0,4,2,4,0.01,0.01,100.0,,,0,0,0,ncbi_only,Eukaryota,0.0
Caretta,0,0,0.0,0.0,4,1,4,0.01,0.0,100.0,,,0,0,0,ncbi_only,Eukaryota,0.0
Zalophus,0,0,0.0,0.0,4,1,4,0.01,0.0,100.0,,,0,0,0,ncbi_only,Eukaryota,0.0
Coleophora,0,0,0.0,0.0,4,2,4,0.01,0.01,100.0,,,0,0,0,ncbi_only,Eukaryota,0.0
Amiota,0,0,0.0,0.0,4,4,4,0.01,0.02,100.0,,,0,0,0,ncbi_only,Eukaryota,0.0
Amia,0,0,0.0,0.0,4,1,4,0.01,0.0,100.0,,,0,0,0,ncbi_only,Eukaryota,0.0
Ambystoma,0,0,0.0,0.0,4,2,4,0.01,0.01,100.0,,,0,0,0,ncbi_only,Eukaryota,0.0
Caradrina,0,0,0.0,0.0,4,2,4,0.01,0.01,100.0,,,0,0,0,ncbi_only,Eukaryota,0.0
Ceratotherium,0,0,0.0,0.0,4,1,4,0.01,0.0,100.0,,,0,0,0,ncbi_only,Eukaryota,0.0
Ceratina,0,0,0.0,0.0,4,3,4,0.01,0.01,100.0,,,0,0,0,ncbi_only,Eukaryota,0.0
Cerastis,0,0,0.0,0.0,4,2,4,0.01,0.01,100.0,,,0,0,0,ncbi_only,Eukaryota,0.0
Trapa,0,0,0.0,0.0,4,3,4,0.01,0.01,100.0,,,0,0,0,ncbi_only,Eukaryota,0.0
Triatoma,0,0,0.0,0.0,4,3,4,0.01,0.01,100.0,,,0,0,0,ncbi_only,Eukaryota,0.0
Tragulus,0,0,0.0,0.0,4,2,4,0.01,0.01,100.0,,,0,0,0,ncbi_only,Eukaryota,0.0
Tiliacea,0,0,0.0,0.0,4,2,4,0.01,0.01,100.0,,,0,0,0,ncbi_only,Eukaryota,0.0
Todiramphus,0,0,0.0,0.0,4,4,4,0.01,0.02,100.0,,,0,0,0,ncbi_only,Eukaryota,0.0
Touit,0,0,0.0,0.0,4,4,4,0.01,0.02,100.0,,,0,0,0,ncbi_only,Eukaryota,0.0
Thraustochytrium,0,0,0.0,0.0,4,4,4,0.01,0.02,100.0,,,0,0,0,ncbi_only,Eukaryota,0.0
Centroberyx,0,0,0.0,0.0,4,2,4,0.01,0.01,100.0,,,0,0,0,ncbi_only,Eukaryota,0.0
Tiliqua,0,0,0.0,0.0,4,2,4,0.01,0.01,100.0,,,0,0,0,ncbi_only,Eukaryota,0.0
Trichechus,0,0,0.0,0.0,4,2,4,0.01,0.01,100.0,,,0,0,0,ncbi_only,Eukaryota,0.0
Calochortus,0,0,0.0,0.0,4,4,4,0.01,0.02,100.0,,,0,0,0,ncbi_only,Eukaryota,0.0
Callosobruchus,0,0,0.0,0.0,4,1,4,0.01,0.0,100.0,,,0,0,0,ncbi_only,Eukaryota,0.0
Cauchas,0,0,0.0,0.0,4,2,4,0.01,0.01,100.0,,,0,0,0,ncbi_only,Eukaryota,0.0
Triglochin,0,0,0.0,0.0,4,2,4,0.01,0.01,100.0,,,0,0,0,ncbi_only,Eukaryota,0.0
Caligus,0,0,0.0,0.0,4,1,4,0.01,0.0,100.0,,,0,0,0,ncbi_only,Eukaryota,0.0
Theropithecus,0,0,0.0,0.0,4,1,4,0.01,0.0,100.0,,,0,0,0,ncbi_only,Eukaryota,0.0
Cavia,0,0,0.0,0.0,4,3,4,0.01,0.01,100.0,,,0,0,0,ncbi_only,Eukaryota,0.0
Thermomyces,0,0,0.0,0.0,4,3,4,0.01,0.01,100.0,,,0,0,0,ncbi_only,Eukaryota,0.0
Trachelus,0,0,0.0,0.0,4,4,4,0.01,0.02,100.0,,,0,0,0,ncbi_only,Eukaryota,0.0
Strobilurus,0,0,0.0,0.0,4,4,4,0.01,0.02,100.0,,,0,0,0,ncbi_only,Eukaryota,0.0
Dolichopus,0,0,0.0,0.0,4,2,4,0.01,0.01,100.0,,,0,0,0,ncbi_only,Eukaryota,0.0
Dolichovespula,0,0,0.0,0.0,4,3,4,0.01,0.01,100.0,,,0,0,0,ncbi_only,Eukaryota,0.0
Dorcopsis,0,0,0.0,0.0,4,1,4,0.01,0.0,100.0,,,0,0,0,ncbi_only,Eukaryota,0.0
Stichopus,0,0,0.0,0.0,4,4,4,0.01,0.02,100.0,,,0,0,0,ncbi_only,Eukaryota,0.0
Draba,0,0,0.0,0.0,4,2,4,0.01,0.01,100.0,,,0,0,0,ncbi_only,Eukaryota,0.0
Drechslera,0,0,0.0,0.0,4,1,4,0.01,0.0,100.0,,,0,0,0,ncbi_only,Eukaryota,0.0
Dromiciops,0,0,0.0,0.0,4,1,4,0.01,0.0,100.0,,,0,0,0,ncbi_only,Eukaryota,0.0
Agriades,0,0,0.0,0.0,4,2,4,0.01,0.01,100.0,,,0,0,0,ncbi_only,Eukaryota,0.0
Ypsolopha,0,0,0.0,0.0,4,2,4,0.01,0.01,100.0,,,0,0,0,ncbi_only,Eukaryota,0.0
Xerocomellus,0,0,0.0,0.0,4,4,4,0.01,0.02,100.0,,,0,0,0,ncbi_only,Eukaryota,0.0
Drymonia,0,0,0.0,0.0,4,2,4,0.01,0.01,100.0,,,0,0,0,ncbi_only,Eukaryota,0.0
Agapeta,0,0,0.0,0.0,4,2,4,0.01,0.01,100.0,,,0,0,0,ncbi_only,Eukaryota,0.0
Alcedo,0,0,0.0,0.0,4,3,4,0.01,0.01,100.0,,,0,0,0,ncbi_only,Eukaryota,0.0
Dimargaris,0,0,0.0,0.0,4,3,4,0.01,0.01,100.0,,,0,0,0,ncbi_only,Eukaryota,0.0
Streptopelia,0,0,0.0,0.0,4,2,4,0.01,0.01,100.0,,,0,0,0,ncbi_only,Eukaryota,0.0
Dioctria,0,0,0.0,0.0,4,2,4,0.01,0.01,100.0,,,0,0,0,ncbi_only,Eukaryota,0.0
Allacma,0,0,0.0,0.0,4,1,4,0.01,0.0,100.0,,,0,0,0,ncbi_only,Eukaryota,0.0
Diplonema,0,0,0.0,0.0,4,2,4,0.01,0.01,100.0,,,0,0,0,ncbi_only,Eukaryota,0.0
Diploscapter,0,0,0.0,0.0,4,2,4,0.01,0.01,100.0,,,0,0,0,ncbi_only,Eukaryota,0.0
Strobilomyces,0,0,0.0,0.0,4,4,4,0.01,0.02,100.0,,,0,0,0,ncbi_only,Eukaryota,0.0
Dryadomyces,0,0,0.0,0.0,4,3,4,0.01,0.01,100.0,,,0,0,0,ncbi_only,Eukaryota,0.0
Diadema,0,0,0.0,0.0,4,2,4,0.01,0.01,100.0,,,0,0,0,ncbi_only,Eukaryota,0.0
Diadumene,0,0,0.0,0.0,4,3,4,0.01,0.01,100.0,,,0,0,0,ncbi_only,Eukaryota,0.0
Stylophora,0,0,0.0,0.0,4,1,4,0.01,0.0,100.0,,,0,0,0,ncbi_only,Eukaryota,0.0
Xestospongia,0,0,0.0,0.0,4,2,4,0.01,0.01,100.0,,,0,0,0,ncbi_only,Eukaryota,0.0
Styela,0,0,0.0,0.0,4,2,4,0.01,0.01,100.0,,,0,0,0,ncbi_only,Eukaryota,0.0
Dichomitus,0,0,0.0,0.0,4,1,4,0.01,0.0,100.0,,,0,0,0,ncbi_only,Eukaryota,0.0
Dicrocoelium,0,0,0.0,0.0,4,1,4,0.01,0.0,100.0,,,0,0,0,ncbi_only,Eukaryota,0.0
Strongylocentrotus,0,0,0.0,0.0,4,3,4,0.01,0.01,100.0,,,0,0,0,ncbi_only,Eukaryota,0.0
Diddensiella,0,0,0.0,0.0,4,3,4,0.01,0.01,100.0,,,0,0,0,ncbi_only,Eukaryota,0.0
Wuchereria,0,0,0.0,0.0,4,1,4,0.01,0.0,100.0,,,0,0,0,ncbi_only,Eukaryota,0.0
Xanthoparmelia,0,0,0.0,0.0,4,4,1,0.01,0.02,25.0,,,0,0,0,ncbi_only,Eukaryota,0.0
Dendrelaphis,0,0,0.0,0.0,4,4,4,0.01,0.02,100.0,,,0,0,0,ncbi_only,Eukaryota,0.0
Xanthia,0,0,0.0,0.0,4,2,4,0.01,0.01,100.0,,,0,0,0,ncbi_only,Eukaryota,0.0
Amphipyra,0,0,0.0,0.0,4,2,4,0.01,0.01,100.0,,,0,0,0,ncbi_only,Eukaryota,0.0
Amphiprion,0,0,0.0,0.0,4,3,4,0.01,0.01,100.0,,,0,0,0,ncbi_only,Eukaryota,0.0
Didymodactylos,0,0,0.0,0.0,4,1,4,0.01,0.0,100.0,,,0,0,0,ncbi_only,Eukaryota,0.0
Amphipoea,0,0,0.0,0.0,4,2,4,0.01,0.01,100.0,,,0,0,0,ncbi_only,Eukaryota,0.0
Ampelosycios,0,0,0.0,0.0,4,4,4,0.01,0.02,100.0,,,0,0,0,ncbi_only,Eukaryota,0.0
Desoria,0,0,0.0,0.0,4,3,4,0.01,0.01,100.0,,,0,0,0,ncbi_only,Eukaryota,0.0
Amoebophrya,0,0,0.0,0.0,4,4,4,0.01,0.02,100.0,,,0,0,0,ncbi_only,Eukaryota,0.0
Suillia,0,0,0.0,0.0,4,2,4,0.01,0.01,100.0,,,0,0,0,ncbi_only,Eukaryota,0.0
Anabrus,0,0,0.0,0.0,4,1,4,0.01,0.0,100.0,,,0,0,0,ncbi_only,Eukaryota,0.0
Adalia,0,0,0.0,0.0,4,2,4,0.01,0.01,100.0,,,0,0,0,ncbi_only,Eukaryota,0.0
Elbella,0,0,0.0,0.0,4,3,4,0.01,0.01,100.0,,,0,0,0,ncbi_only,Eukaryota,0.0
Zalaria,0,0,0.0,0.0,4,2,4,0.01,0.01,100.0,,,0,0,0,ncbi_only,Eukaryota,0.0
Chelydra,0,0,0.0,0.0,4,1,4,0.01,0.0,100.0,,,0,0,0,ncbi_only,Eukaryota,0.0
Bradypodion,0,0,0.0,0.0,4,2,4,0.01,0.01,100.0,,,0,0,0,ncbi_only,Eukaryota,0.0
Cheracebus,0,0,0.0,0.0,4,4,4,0.01,0.02,100.0,,,0,0,0,ncbi_only,Eukaryota,0.0
Brachyteles,0,0,0.0,0.0,4,1,4,0.01,0.0,100.0,,,0,0,0,ncbi_only,Eukaryota,0.0
Cherax,0,0,0.0,0.0,4,2,4,0.01,0.01,100.0,,,0,0,0,ncbi_only,Eukaryota,0.0
Brachyptera,0,0,0.0,0.0,4,2,4,0.01,0.01,100.0,,,0,0,0,ncbi_only,Eukaryota,0.0
Chilo,0,0,0.0,0.0,4,1,4,0.01,0.0,100.0,,,0,0,0,ncbi_only,Eukaryota,0.0
Chrysoperla,0,0,0.0,0.0,4,2,4,0.01,0.01,100.0,,,0,0,0,ncbi_only,Eukaryota,0.0
Chiua,0,0,0.0,0.0,4,2,4,0.01,0.01,100.0,,,0,0,0,ncbi_only,Eukaryota,0.0
Turritopsis,0,0,0.0,0.0,4,2,4,0.01,0.01,100.0,,,0,0,0,ncbi_only,Eukaryota,0.0
Tuta,0,0,0.0,0.0,4,1,4,0.01,0.0,100.0,,,0,0,0,ncbi_only,Eukaryota,0.0
Choloepus,0,0,0.0,0.0,4,2,4,0.01,0.01,100.0,,,0,0,0,ncbi_only,Eukaryota,0.0
Chondrilla,0,0,0.0,0.0,4,2,4,0.01,0.01,100.0,,,0,0,0,ncbi_only,Eukaryota,0.0
Bombylius,0,0,0.0,0.0,4,2,4,0.01,0.01,100.0,,,0,0,0,ncbi_only,Eukaryota,0.0
Branchinecta,0,0,0.0,0.0,4,3,4,0.01,0.01,100.0,,,0,0,0,ncbi_only,Eukaryota,0.0
Tubosaeta,0,0,0.0,0.0,4,4,4,0.01,0.02,100.0,,,0,0,0,ncbi_only,Eukaryota,0.0
Cheirogaleus,0,0,0.0,0.0,4,2,4,0.01,0.01,100.0,,,0,0,0,ncbi_only,Eukaryota,0.0
Thelotrema,0,0,0.0,0.0,4,3,0,0.01,0.01,0.0,,,0,0,0,ncbi_only,Eukaryota,0.0
Botryotinia,0,0,0.0,0.0,4,4,4,0.01,0.02,100.0,,,0,0,0,ncbi_only,Eukaryota,0.0
Osedax,0,0,0.0,0.0,4,2,4,0.01,0.01,100.0,,,0,0,0,ncbi_only,Eukaryota,0.0
Ischnura,0,0,0.0,0.0,4,2,4,0.01,0.01,100.0,,,0,0,0,ncbi_only,Eukaryota,0.0
Zanthoxylum,0,0,0.0,0.0,4,3,4,0.01,0.01,100.0,,,0,0,0,ncbi_only,Eukaryota,0.0
Pagrus,0,0,0.0,0.0,4,2,4,0.01,0.01,100.0,,,0,0,0,ncbi_only,Eukaryota,0.0
Loxostege,0,0,0.0,0.0,4,1,4,0.01,0.0,100.0,,,0,0,0,ncbi_only,Eukaryota,0.0
Geoglossum,0,0,0.0,0.0,4,4,2,0.01,0.02,50.0,,,0,0,0,ncbi_only,Eukaryota,0.0
Pyralis,0,0,0.0,0.0,4,2,4,0.01,0.01,100.0,,,0,0,0,ncbi_only,Eukaryota,0.0
Rhingia,0,0,0.0,0.0,4,2,4,0.01,0.01,100.0,,,0,0,0,ncbi_only,Eukaryota,0.0
Indicator,0,0,0.0,0.0,4,3,4,0.01,0.01,100.0,,,0,0,0,ncbi_only,Eukaryota,0.0
Rheumaptera,0,0,0.0,0.0,4,2,4,0.01,0.01,100.0,,,0,0,0,ncbi_only,Eukaryota,0.0
Ectodus,0,0,0.0,0.0,4,2,4,0.01,0.01,100.0,,,0,0,0,ncbi_only,Eukaryota,0.0
Inosperma,0,0,0.0,0.0,4,4,4,0.01,0.02,100.0,,,0,0,0,ncbi_only,Eukaryota,0.0
Pyropia,0,0,0.0,0.0,4,3,4,0.01,0.01,100.0,,,0,0,0,ncbi_only,Eukaryota,0.0
Lacerta,0,0,0.0,0.0,4,3,4,0.01,0.01,100.0,,,0,0,0,ncbi_only,Eukaryota,0.0
Miniopterus,0,0,0.0,0.0,4,2,4,0.01,0.01,100.0,,,0,0,0,ncbi_only,Eukaryota,0.0
Lacanobia,0,0,0.0,0.0,4,2,4,0.01,0.01,100.0,,,0,0,0,ncbi_only,Eukaryota,0.0
Inula,0,0,0.0,0.0,4,2,4,0.01,0.01,100.0,,,0,0,0,ncbi_only,Eukaryota,0.0
Isatis,0,0,0.0,0.0,4,2,4,0.01,0.01,100.0,,,0,0,0,ncbi_only,Eukaryota,0.0
Acarospora,0,0,0.0,0.0,4,3,1,0.01,0.01,25.0,,,0,0,0,ncbi_only,Eukaryota,0.0
Echinomermella,0,0,0.0,0.0,4,1,4,0.01,0.0,100.0,,,0,0,0,ncbi_only,Eukaryota,0.0
Dynastes,0,0,0.0,0.0,4,4,4,0.01,0.02,100.0,,,0,0,0,ncbi_only,Eukaryota,0.0
Miscanthus,0,0,0.0,0.0,4,3,4,0.01,0.01,100.0,,,0,0,0,ncbi_only,Eukaryota,0.0
Tenualosa,0,0,0.0,0.0,4,2,4,0.01,0.01,100.0,,,0,0,0,ncbi_only,Eukaryota,0.0
Tenodera,0,0,0.0,0.0,4,1,4,0.01,0.0,100.0,,,0,0,0,ncbi_only,Eukaryota,0.0
Barbus,0,0,0.0,0.0,4,1,4,0.01,0.0,100.0,,,0,0,0,ncbi_only,Eukaryota,0.0
Balearica,0,0,0.0,0.0,4,1,4,0.01,0.0,100.0,,,0,0,0,ncbi_only,Eukaryota,0.0
Boehmeria,0,0,0.0,0.0,4,1,4,0.01,0.0,100.0,,,0,0,0,ncbi_only,Eukaryota,0.0
Chrysichthys,0,0,0.0,0.0,4,4,4,0.01,0.02,100.0,,,0,0,0,ncbi_only,Eukaryota,0.0
Blepharisma,0,0,0.0,0.0,4,3,4,0.01,0.01,100.0,,,0,0,0,ncbi_only,Eukaryota,0.0
Chrysochromulina,0,0,0.0,0.0,4,3,2,0.01,0.01,50.0,,,0,0,0,ncbi_only,Eukaryota,0.0
Chrysojasminum,0,0,0.0,0.0,4,2,4,0.01,0.01,100.0,,,0,0,0,ncbi_only,Eukaryota,0.0
Chrysolophus,0,0,0.0,0.0,4,2,4,0.01,0.01,100.0,,,0,0,0,ncbi_only,Eukaryota,0.0
Trisopterus,0,0,0.0,0.0,4,3,4,0.01,0.01,100.0,,,0,0,0,ncbi_only,Eukaryota,0.0
Blastobasis,0,0,0.0,0.0,4,2,4,0.01,0.01,100.0,,,0,0,0,ncbi_only,Eukaryota,0.0
Boiga,0,0,0.0,0.0,4,4,4,0.01,0.02,100.0,,,0,0,0,ncbi_only,Eukaryota,0.0
Biston,0,0,0.0,0.0,4,2,4,0.01,0.01,100.0,,,0,0,0,ncbi_only,Eukaryota,0.0
Chrysops,0,0,0.0,0.0,4,2,4,0.01,0.01,100.0,,,0,0,0,ncbi_only,Eukaryota,0.0
Tetracladium,0,0,0.0,0.0,4,4,4,0.01,0.02,100.0,,,0,0,0,ncbi_only,Eukaryota,0.0
Chrysotoxum,0,0,0.0,0.0,4,2,4,0.01,0.01,100.0,,,0,0,0,ncbi_only,Eukaryota,0.0
Bimastos,0,0,0.0,0.0,4,2,4,0.01,0.01,100.0,,,0,0,0,ncbi_only,Eukaryota,0.0
Tethya,0,0,0.0,0.0,4,3,4,0.01,0.01,100.0,,,0,0,0,ncbi_only,Eukaryota,0.0
Umimayanthus,0,0,0.0,0.0,4,4,4,0.01,0.02,100.0,,,0,0,0,ncbi_only,Eukaryota,0.0
Cinclus,0,0,0.0,0.0,4,2,4,0.01,0.01,100.0,,,0,0,0,ncbi_only,Eukaryota,0.0
Chrysomya,0,0,0.0,0.0,4,2,4,0.01,0.01,100.0,,,0,0,0,ncbi_only,Eukaryota,0.0
Cerceris,0,0,0.0,0.0,4,2,4,0.01,0.01,100.0,,,0,0,0,ncbi_only,Eukaryota,0.0
Cercocebus,0,0,0.0,0.0,4,4,4,0.01,0.02,100.0,,,0,0,0,ncbi_only,Eukaryota,0.0
Cercophora,0,0,0.0,0.0,4,4,4,0.01,0.02,100.0,,,0,0,0,ncbi_only,Eukaryota,0.0
Cercyonis,0,0,0.0,0.0,4,2,4,0.01,0.01,100.0,,,0,0,0,ncbi_only,Eukaryota,0.0
Thermochaetoides,0,0,0.0,0.0,4,2,3,0.01,0.01,75.0,,,0,0,0,ncbi_only,Eukaryota,0.0
Buellia,0,0,0.0,0.0,4,3,0,0.01,0.01,0.0,,,0,0,0,ncbi_only,Eukaryota,0.0
Troides,0,0,0.0,0.0,4,4,4,0.01,0.02,100.0,,,0,0,0,ncbi_only,Eukaryota,0.0
Thereva,0,0,0.0,0.0,4,2,4,0.01,0.01,100.0,,,0,0,0,ncbi_only,Eukaryota,0.0
Chamaeleo,0,0,0.0,0.0,4,4,4,0.01,0.02,100.0,,,0,0,0,ncbi_only,Eukaryota,0.0
Bruchidius,0,0,0.0,0.0,4,2,4,0.01,0.01,100.0,,,0,0,0,ncbi_only,Eukaryota,0.0
Basidiobolus,0,0,0.0,0.0,4,3,4,0.01,0.01,100.0,,,0,0,0,ncbi_only,Eukaryota,0.0
Charanyca,0,0,0.0,0.0,4,2,4,0.01,0.01,100.0,,,0,0,0,ncbi_only,Eukaryota,0.0
Charaxes,0,0,0.0,0.0,4,2,4,0.01,0.01,100.0,,,0,0,0,ncbi_only,Eukaryota,0.0
Buteogallus,0,0,0.0,0.0,4,4,4,0.01,0.02,100.0,,,0,0,0,ncbi_only,Eukaryota,0.0
Chrysanthemum,0,0,0.0,0.0,4,3,4,0.01,0.01,100.0,,,0,0,0,ncbi_only,Eukaryota,0.0
Beris,0,0,0.0,0.0,4,2,4,0.01,0.01,100.0,,,0,0,0,ncbi_only,Eukaryota,0.0
Clavelina,0,0,0.0,0.0,4,1,4,0.01,0.0,100.0,,,0,0,0,ncbi_only,Eukaryota,0.0
Uromyces,0,0,0.0,0.0,4,2,4,0.01,0.01,100.0,,,0,0,0,ncbi_only,Eukaryota,0.0
Bellardia,0,0,0.0,0.0,4,2,4,0.01,0.01,100.0,,,0,0,0,ncbi_only,Eukaryota,0.0
Baylisascaris,0,0,0.0,0.0,4,3,4,0.01,0.01,100.0,,,0,0,0,ncbi_only,Eukaryota,0.0
Bathelium,0,0,0.0,0.0,4,3,1,0.01,0.01,25.0,,,0,0,0,ncbi_only,Eukaryota,0.0
Bromus,0,0,0.0,0.0,4,2,4,0.01,0.01,100.0,,,0,0,0,ncbi_only,Eukaryota,0.0
Notarius,0,0,0.0,0.0,4,4,4,0.01,0.02,100.0,,,0,0,0,ncbi_only,Eukaryota,0.0
Senecio,0,0,0.0,0.0,4,2,4,0.01,0.01,100.0,,,0,0,0,ncbi_only,Eukaryota,0.0
Pseudoliparis,0,0,0.0,0.0,4,4,4,0.01,0.02,100.0,,,0,0,0,ncbi_only,Eukaryota,0.0
Machimus,0,0,0.0,0.0,4,2,4,0.01,0.01,100.0,,,0,0,0,ncbi_only,Eukaryota,0.0
Noccaea,0,0,0.0,0.0,4,3,4,0.01,0.01,100.0,,,0,0,0,ncbi_only,Eukaryota,0.0
Macrolepiota,0,0,0.0,0.0,4,3,4,0.01,0.01,100.0,,,0,0,0,ncbi_only,Eukaryota,0.0
Macropus,0,0,0.0,0.0,4,2,4,0.01,0.01,100.0,,,0,0,0,ncbi_only,Eukaryota,0.0
Larentia,0,0,0.0,0.0,4,2,4,0.01,0.01,100.0,,,0,0,0,ncbi_only,Eukaryota,0.0
Pseudonectria,0,0,0.0,0.0,4,2,4,0.01,0.01,100.0,,,0,0,0,ncbi_only,Eukaryota,0.0
Xylota,0,0,0.0,0.0,4,2,4,0.01,0.01,100.0,,,0,0,0,ncbi_only,Eukaryota,0.0
Ocimum,0,0,0.0,0.0,4,2,4,0.01,0.01,100.0,,,0,0,0,ncbi_only,Eukaryota,0.0
Notothenia,0,0,0.0,0.0,4,2,4,0.01,0.01,100.0,,,0,0,0,ncbi_only,Eukaryota,0.0
Ochropleura,0,0,0.0,0.0,4,2,4,0.01,0.01,100.0,,,0,0,0,ncbi_only,Eukaryota,0.0
Gymnoscopelus,0,0,0.0,0.0,4,2,4,0.01,0.01,100.0,,,0,0,0,ncbi_only,Eukaryota,0.0
Haematococcus,0,0,0.0,0.0,4,2,4,0.01,0.01,100.0,,,0,0,0,ncbi_only,Eukaryota,0.0
Lycia,0,0,0.0,0.0,4,2,4,0.01,0.01,100.0,,,0,0,0,ncbi_only,Eukaryota,0.0
Lycoriella,0,0,0.0,0.0,4,2,4,0.01,0.01,100.0,,,0,0,0,ncbi_only,Eukaryota,0.0
Pseudocheirus,0,0,0.0,0.0,4,2,4,0.01,0.01,100.0,,,0,0,0,ncbi_only,Eukaryota,0.0
Lycorma,0,0,0.0,0.0,4,1,4,0.01,0.0,100.0,,,0,0,0,ncbi_only,Eukaryota,0.0
Septoria,0,0,0.0,0.0,4,3,4,0.01,0.01,100.0,,,0,0,0,ncbi_only,Eukaryota,0.0
Macrotis,0,0,0.0,0.0,4,1,4,0.01,0.0,100.0,,,0,0,0,ncbi_only,Eukaryota,0.0
Gulo,0,0,0.0,0.0,4,1,4,0.01,0.0,100.0,,,0,0,0,ncbi_only,Eukaryota,0.0
Leccinellum,0,0,0.0,0.0,4,4,4,0.01,0.02,100.0,,,0,0,0,ncbi_only,Eukaryota,0.0
Onthophagus,0,0,0.0,0.0,4,2,3,0.01,0.01,75.0,,,0,0,0,ncbi_only,Eukaryota,0.0
Lumbricus,0,0,0.0,0.0,4,2,4,0.01,0.01,100.0,,,0,0,0,ncbi_only,Eukaryota,0.0
Ornithorhynchus,0,0,0.0,0.0,4,1,4,0.01,0.0,100.0,,,0,0,0,ncbi_only,Eukaryota,0.0
Ornithomya,0,0,0.0,0.0,4,2,4,0.01,0.01,100.0,,,0,0,0,ncbi_only,Eukaryota,0.0
Luperina,0,0,0.0,0.0,4,2,4,0.01,0.01,100.0,,,0,0,0,ncbi_only,Eukaryota,0.0
Ormosia,0,0,0.0,0.0,4,4,4,0.01,0.02,100.0,,,0,0,0,ncbi_only,Eukaryota,0.0
Orgyia,0,0,0.0,0.0,4,2,4,0.01,0.01,100.0,,,0,0,0,ncbi_only,Eukaryota,0.0
Sialis,0,0,0.0,0.0,4,2,4,0.01,0.01,100.0,,,0,0,0,ncbi_only,Eukaryota,0.0
Nothophaeocryptopus,0,0,0.0,0.0,4,1,4,0.01,0.0,100.0,,,0,0,0,ncbi_only,Eukaryota,0.0
Lemur,0,0,0.0,0.0,4,1,4,0.01,0.0,100.0,,,0,0,0,ncbi_only,Eukaryota,0.0
Protomyctophum,0,0,0.0,0.0,4,2,4,0.01,0.01,100.0,,,0,0,0,ncbi_only,Eukaryota,0.0
Glyphipterix,0,0,0.0,0.0,4,2,4,0.01,0.01,100.0,,,0,0,0,ncbi_only,Eukaryota,0.0
Glyphodes,0,0,0.0,0.0,4,2,4,0.01,0.01,100.0,,,0,0,0,ncbi_only,Eukaryota,0.0
Gnathochromis,0,0,0.0,0.0,4,2,4,0.01,0.01,100.0,,,0,0,0,ncbi_only,Eukaryota,0.0
Golovinomyces,0,0,0.0,0.0,4,2,3,0.01,0.01,75.0,,,0,0,0,ncbi_only,Eukaryota,0.0
Golubevia,0,0,0.0,0.0,4,4,4,0.01,0.02,100.0,,,0,0,0,ncbi_only,Eukaryota,0.0
Gymnopilus,0,0,0.0,0.0,4,2,4,0.01,0.01,100.0,,,0,0,0,ncbi_only,Eukaryota,0.0
Notoryctes,0,0,0.0,0.0,4,2,4,0.01,0.01,100.0,,,0,0,0,ncbi_only,Eukaryota,0.0
Notodonta,0,0,0.0,0.0,4,2,4,0.01,0.01,100.0,,,0,0,0,ncbi_only,Eukaryota,0.0
Glaucopsyche,0,0,0.0,0.0,4,2,4,0.01,0.01,100.0,,,0,0,0,ncbi_only,Eukaryota,0.0
Lomentospora,0,0,0.0,0.0,4,1,4,0.01,0.0,100.0,,,0,0,0,ncbi_only,Eukaryota,0.0
Polypogon,0,0,0.0,0.0,4,2,4,0.01,0.01,100.0,,,0,0,0,ncbi_only,Eukaryota,0.0
Pomacea,0,0,0.0,0.0,4,2,4,0.01,0.01,100.0,,,0,0,0,ncbi_only,Eukaryota,0.0
Leptogium,0,0,0.0,0.0,4,3,0,0.01,0.01,0.0,,,0,0,0,ncbi_only,Eukaryota,0.0
Lomographa,0,0,0.0,0.0,4,2,4,0.01,0.01,100.0,,,0,0,0,ncbi_only,Eukaryota,0.0
Passova,0,0,0.0,0.0,4,4,4,0.01,0.02,100.0,,,0,0,0,ncbi_only,Eukaryota,0.0
Passerculus,0,0,0.0,0.0,4,1,4,0.01,0.0,100.0,,,0,0,0,ncbi_only,Eukaryota,0.0
Lepraria,0,0,0.0,0.0,4,4,2,0.01,0.02,50.0,,,0,0,0,ncbi_only,Eukaryota,0.0
Fragilariopsis,0,0,0.0,0.0,4,2,3,0.01,0.01,75.0,,,0,0,0,ncbi_only,Eukaryota,0.0
Passer,0,0,0.0,0.0,4,2,4,0.01,0.01,100.0,,,0,0,0,ncbi_only,Eukaryota,0.0
Pseudochirulus,0,0,0.0,0.0,4,4,4,0.01,0.02,100.0,,,0,0,0,ncbi_only,Eukaryota,0.0
Paspalum,0,0,0.0,0.0,4,2,4,0.01,0.01,100.0,,,0,0,0,ncbi_only,Eukaryota,0.0
Fratercula,0,0,0.0,0.0,4,2,4,0.01,0.01,100.0,,,0,0,0,ncbi_only,Eukaryota,0.0
Rhodosporidiobolus,0,0,0.0,0.0,4,4,4,0.01,0.02,100.0,,,0,0,0,ncbi_only,Eukaryota,0.0
Paragordius,0,0,0.0,0.0,4,1,4,0.01,0.0,100.0,,,0,0,0,ncbi_only,Eukaryota,0.0
Lepidochelys,0,0,0.0,0.0,4,2,4,0.01,0.01,100.0,,,0,0,0,ncbi_only,Eukaryota,0.0
Geosmithia,0,0,0.0,0.0,4,3,4,0.01,0.01,100.0,,,0,0,0,ncbi_only,Eukaryota,0.0
Oxycera,0,0,0.0,0.0,4,2,4,0.01,0.01,100.0,,,0,0,0,ncbi_only,Eukaryota,0.0
Ostracodinium,0,0,0.0,0.0,4,2,4,0.01,0.01,100.0,,,0,0,0,ncbi_only,Eukaryota,0.0
Ostorhinchus,0,0,0.0,0.0,4,4,4,0.01,0.02,100.0,,,0,0,0,ncbi_only,Eukaryota,0.0
Geranoaetus,0,0,0.0,0.0,4,3,4,0.01,0.01,100.0,,,0,0,0,ncbi_only,Eukaryota,0.0
Rhynchosporium,0,0,0.0,0.0,4,3,4,0.01,0.01,100.0,,,0,0,0,ncbi_only,Eukaryota,0.0
Sepiola,0,0,0.0,0.0,4,2,4,0.01,0.01,100.0,,,0,0,0,ncbi_only,Eukaryota,0.0
Nyctibius,0,0,0.0,0.0,4,2,4,0.01,0.01,100.0,,,0,0,0,ncbi_only,Eukaryota,0.0
Numenius,0,0,0.0,0.0,4,2,4,0.01,0.01,100.0,,,0,0,0,ncbi_only,Eukaryota,0.0
Haliclona,0,0,0.0,0.0,4,2,4,0.01,0.01,100.0,,,0,0,0,ncbi_only,Eukaryota,0.0
Latrodectus,0,0,0.0,0.0,4,3,4,0.01,0.01,100.0,,,0,0,0,ncbi_only,Eukaryota,0.0
Latimeria,0,0,0.0,0.0,4,1,4,0.01,0.0,100.0,,,0,0,0,ncbi_only,Eukaryota,0.0
Gillmeria,0,0,0.0,0.0,4,2,4,0.01,0.01,100.0,,,0,0,0,ncbi_only,Eukaryota,0.0
Lepisosteus,0,0,0.0,0.0,4,2,4,0.01,0.01,100.0,,,0,0,0,ncbi_only,Eukaryota,0.0
Parelbella,0,0,0.0,0.0,4,4,4,0.01,0.02,100.0,,,0,0,0,ncbi_only,Eukaryota,0.0
Lepiota,0,0,0.0,0.0,4,3,4,0.01,0.01,100.0,,,0,0,0,ncbi_only,Eukaryota,0.0
Longitarsus,0,0,0.0,0.0,4,2,4,0.01,0.01,100.0,,,0,0,0,ncbi_only,Eukaryota,0.0
Funneliformis,0,0,0.0,0.0,4,3,4,0.01,0.01,100.0,,,0,0,0,ncbi_only,Eukaryota,0.0
Parasteatoda,0,0,0.0,0.0,4,2,4,0.01,0.01,100.0,,,0,0,0,ncbi_only,Eukaryota,0.0
Rhynchophorus,0,0,0.0,0.0,4,1,4,0.01,0.0,100.0,,,0,0,0,ncbi_only,Eukaryota,0.0
Lophius,0,0,0.0,0.0,4,2,4,0.01,0.01,100.0,,,0,0,0,ncbi_only,Eukaryota,0.0
Porphyrio,0,0,0.0,0.0,4,2,4,0.01,0.01,100.0,,,0,0,0,ncbi_only,Eukaryota,0.0
Paraphoma,0,0,0.0,0.0,4,2,4,0.01,0.01,100.0,,,0,0,0,ncbi_only,Eukaryota,0.0
Galerina,0,0,0.0,0.0,4,2,4,0.01,0.01,100.0,,,0,0,0,ncbi_only,Eukaryota,0.0
Rhopilema,0,0,0.0,0.0,4,1,4,0.01,0.0,100.0,,,0,0,0,ncbi_only,Eukaryota,0.0
Sisyra,0,0,0.0,0.0,4,2,4,0.01,0.01,100.0,,,0,0,0,ncbi_only,Eukaryota,0.0
Paragyromitra,0,0,0.0,0.0,4,3,4,0.01,0.01,100.0,,,0,0,0,ncbi_only,Eukaryota,0.0
Lepilemur,0,0,0.0,0.0,4,4,4,0.01,0.02,100.0,,,0,0,0,ncbi_only,Eukaryota,0.0
Aradus,0,0,0.0,0.0,4,2,4,0.01,0.01,100.0,,,0,0,0,ncbi_only,Eukaryota,0.0
Corythornis,0,0,0.0,0.0,4,4,4,0.01,0.02,100.0,,,0,0,0,ncbi_only,Eukaryota,0.0
Aspidoscelis,0,0,0.0,0.0,4,3,4,0.01,0.01,100.0,,,0,0,0,ncbi_only,Eukaryota,0.0
Aspitha,0,0,0.0,0.0,4,3,4,0.01,0.01,100.0,,,0,0,0,ncbi_only,Eukaryota,0.0
Babjeviella,0,0,0.0,0.0,4,1,4,0.01,0.0,100.0,,,0,0,0,ncbi_only,Eukaryota,0.0
Conger,0,0,0.0,0.0,4,2,4,0.01,0.01,100.0,,,0,0,0,ncbi_only,Eukaryota,0.0
Teleiodes,0,0,0.0,0.0,4,2,4,0.01,0.01,100.0,,,0,0,0,ncbi_only,Eukaryota,0.0
Coniosporium,0,0,0.0,0.0,4,3,4,0.01,0.01,100.0,,,0,0,0,ncbi_only,Eukaryota,0.0
Ctena,0,0,0.0,0.0,4,2,4,0.01,0.01,100.0,,,0,0,0,ncbi_only,Eukaryota,0.0
Coprinellus,0,0,0.0,0.0,4,2,4,0.01,0.01,100.0,,,0,0,0,ncbi_only,Eukaryota,0.0
Rubroboletus,0,0,0.0,0.0,4,4,4,0.01,0.02,100.0,,,0,0,0,ncbi_only,Eukaryota,0.0
Auriscalpium,0,0,0.0,0.0,4,3,4,0.01,0.01,100.0,,,0,0,0,ncbi_only,Eukaryota,0.0
Aureoboletus,0,0,0.0,0.0,4,3,4,0.01,0.01,100.0,,,0,0,0,ncbi_only,Eukaryota,0.0
Aulonocara,0,0,0.0,0.0,4,1,4,0.01,0.0,100.0,,,0,0,0,ncbi_only,Eukaryota,0.0
Atlantirivulus,0,0,0.0,0.0,4,4,4,0.01,0.02,100.0,,,0,0,0,ncbi_only,Eukaryota,0.0
Athene,0,0,0.0,0.0,4,2,4,0.01,0.01,100.0,,,0,0,0,ncbi_only,Eukaryota,0.0
Copidosoma,0,0,0.0,0.0,4,2,4,0.01,0.01,100.0,,,0,0,0,ncbi_only,Eukaryota,0.0
Aquarana,0,0,0.0,0.0,4,1,4,0.01,0.0,100.0,,,0,0,0,ncbi_only,Eukaryota,0.0
Tadorna,0,0,0.0,0.0,4,4,4,0.01,0.02,100.0,,,0,0,0,ncbi_only,Eukaryota,0.0
Dalla,0,0,0.0,0.0,4,4,4,0.01,0.02,100.0,,,0,0,0,ncbi_only,Eukaryota,0.0
Westerdykella,0,0,0.0,0.0,4,4,4,0.01,0.02,100.0,,,0,0,0,ncbi_only,Eukaryota,0.0
Coptis,0,0,0.0,0.0,4,3,4,0.01,0.01,100.0,,,0,0,0,ncbi_only,Eukaryota,0.0
Discina,0,0,0.0,0.0,4,2,4,0.01,0.01,100.0,,,0,0,0,ncbi_only,Eukaryota,0.0
Discostella,0,0,0.0,0.0,4,3,4,0.01,0.01,100.0,,,0,0,0,ncbi_only,Eukaryota,0.0
Yanguna,0,0,0.0,0.0,4,4,4,0.01,0.02,100.0,,,0,0,0,ncbi_only,Eukaryota,0.0
Dissophora,0,0,0.0,0.0,4,2,4,0.01,0.01,100.0,,,0,0,0,ncbi_only,Eukaryota,0.0
Dissostichus,0,0,0.0,0.0,4,2,4,0.01,0.01,100.0,,,0,0,0,ncbi_only,Eukaryota,0.0
Aleochara,0,0,0.0,0.0,4,3,4,0.01,0.01,100.0,,,0,0,0,ncbi_only,Eukaryota,0.0
Diurnea,0,0,0.0,0.0,4,2,4,0.01,0.01,100.0,,,0,0,0,ncbi_only,Eukaryota,0.0
Delias,0,0,0.0,0.0,4,2,4,0.01,0.01,100.0,,,0,0,0,ncbi_only,Eukaryota,0.0
Deilephila,0,0,0.0,0.0,4,2,4,0.01,0.01,100.0,,,0,0,0,ncbi_only,Eukaryota,0.0
Asclepias,0,0,0.0,0.0,4,3,4,0.01,0.01,100.0,,,0,0,0,ncbi_only,Eukaryota,0.0
Cryptus,0,0,0.0,0.0,4,2,4,0.01,0.01,100.0,,,0,0,0,ncbi_only,Eukaryota,0.0
Arvicanthis,0,0,0.0,0.0,4,1,4,0.01,0.0,100.0,,,0,0,0,ncbi_only,Eukaryota,0.0
Artocarpus,0,0,0.0,0.0,4,3,4,0.01,0.01,100.0,,,0,0,0,ncbi_only,Eukaryota,0.0
Crematogaster,0,0,0.0,0.0,4,4,4,0.01,0.02,100.0,,,0,0,0,ncbi_only,Eukaryota,0.0
Crepidotus,0,0,0.0,0.0,4,4,4,0.01,0.02,100.0,,,0,0,0,ncbi_only,Eukaryota,0.0
Aristolochia,0,0,0.0,0.0,4,3,4,0.01,0.01,100.0,,,0,0,0,ncbi_only,Eukaryota,0.0
Criorhina,0,0,0.0,0.0,4,2,4,0.01,0.01,100.0,,,0,0,0,ncbi_only,Eukaryota,0.0
Argentina,0,0,0.0,0.0,4,2,4,0.01,0.01,100.0,,,0,0,0,ncbi_only,Eukaryota,0.0
Tamarix,0,0,0.0,0.0,4,3,4,0.01,0.01,100.0,,,0,0,0,ncbi_only,Eukaryota,0.0
Arctia,0,0,0.0,0.0,4,2,4,0.01,0.01,100.0,,,0,0,0,ncbi_only,Eukaryota,0.0
Cryptocephalus,0,0,0.0,0.0,4,2,4,0.01,0.01,100.0,,,0,0,0,ncbi_only,Eukaryota,0.0
Crambus,0,0,0.0,0.0,4,2,4,0.01,0.01,100.0,,,0,0,0,ncbi_only,Eukaryota,0.0
Watsonalla,0,0,0.0,0.0,4,2,4,0.01,0.01,100.0,,,0,0,0,ncbi_only,Eukaryota,0.0
Synchytrium,0,0,0.0,0.0,4,2,4,0.01,0.01,100.0,,,0,0,0,ncbi_only,Eukaryota,0.0
Synchiropus,0,0,0.0,0.0,4,2,4,0.01,0.01,100.0,,,0,0,0,ncbi_only,Eukaryota,0.0
Antiaris,0,0,0.0,0.0,4,1,4,0.01,0.0,100.0,,,0,0,0,ncbi_only,Eukaryota,0.0
Anthus,0,0,0.0,0.0,4,4,4,0.01,0.02,100.0,,,0,0,0,ncbi_only,Eukaryota,0.0
Anthophora,0,0,0.0,0.0,4,4,4,0.01,0.02,100.0,,,0,0,0,ncbi_only,Eukaryota,0.0
Anthonomus,0,0,0.0,0.0,4,1,4,0.01,0.0,100.0,,,0,0,0,ncbi_only,Eukaryota,0.0
Anthocharis,0,0,0.0,0.0,4,2,4,0.01,0.01,100.0,,,0,0,0,ncbi_only,Eukaryota,0.0
Dactylopsila,0,0,0.0,0.0,4,2,4,0.01,0.01,100.0,,,0,0,0,ncbi_only,Eukaryota,0.0
Aphidius,0,0,0.0,0.0,4,3,4,0.01,0.01,100.0,,,0,0,0,ncbi_only,Eukaryota,0.0
Anomaloglossus,0,0,0.0,0.0,4,3,4,0.01,0.01,100.0,,,0,0,0,ncbi_only,Eukaryota,0.0
Prymnesium,0,0,0.0,0.0,4,2,3,0.01,0.01,75.0,,,0,0,0,ncbi_only,Eukaryota,0.0
Grampus,0,0,0.0,0.0,4,1,4,0.01,0.0,100.0,,,0,0,0,ncbi_only,Eukaryota,0.0
Graphilbum,0,0,0.0,0.0,4,3,4,0.01,0.01,100.0,,,0,0,0,ncbi_only,Eukaryota,0.0
Grifola,0,0,0.0,0.0,4,1,4,0.01,0.0,100.0,,,0,0,0,ncbi_only,Eukaryota,0.0
Grigorovia,0,0,0.0,0.0,4,4,4,0.01,0.02,100.0,,,0,0,0,ncbi_only,Eukaryota,0.0
Groenewaldozyma,0,0,0.0,0.0,4,4,4,0.01,0.02,100.0,,,0,0,0,ncbi_only,Eukaryota,0.0
Grosmannia,0,0,0.0,0.0,4,3,4,0.01,0.01,100.0,,,0,0,0,ncbi_only,Eukaryota,0.0
Luzula,0,0,0.0,0.0,4,2,4,0.01,0.01,100.0,,,0,0,0,ncbi_only,Eukaryota,0.0
Oeneis,0,0,0.0,0.0,4,2,4,0.01,0.01,100.0,,,0,0,0,ncbi_only,Eukaryota,0.0
Sesia,0,0,0.0,0.0,4,2,4,0.01,0.01,100.0,,,0,0,0,ncbi_only,Eukaryota,0.0
Gordius,0,0,0.0,0.0,4,2,4,0.01,0.01,100.0,,,0,0,0,ncbi_only,Eukaryota,0.0
Anisus,0,0,0.0,0.0,4,2,4,0.01,0.01,100.0,,,0,0,0,ncbi_only,Eukaryota,0.0
Willisornis,0,0,0.0,0.0,4,1,4,0.01,0.0,100.0,,,0,0,0,ncbi_only,Eukaryota,0.0
Dasysyrphus,0,0,0.0,0.0,4,2,4,0.01,0.01,100.0,,,0,0,0,ncbi_only,Eukaryota,0.0
Antechinomys,0,0,0.0,0.0,4,1,4,0.01,0.0,100.0,,,0,0,0,ncbi_only,Eukaryota,0.0
Datura,0,0,0.0,0.0,4,2,4,0.01,0.01,100.0,,,0,0,0,ncbi_only,Eukaryota,0.0
Davidsoniella,0,0,0.0,0.0,4,4,4,0.01,0.02,100.0,,,0,0,0,ncbi_only,Eukaryota,0.0
Ancylis,0,0,0.0,0.0,4,2,4,0.01,0.01,100.0,,,0,0,0,ncbi_only,Eukaryota,0.0
Wolffia,0,0,0.0,0.0,4,1,4,0.01,0.0,100.0,,,0,0,0,ncbi_only,Eukaryota,0.0
Sutorius,0,0,0.0,0.0,4,4,4,0.01,0.02,100.0,,,0,0,0,ncbi_only,Eukaryota,0.0
Colobus,0,0,0.0,0.0,4,3,4,0.01,0.01,100.0,,,0,0,0,ncbi_only,Eukaryota,0.0
Cylindrodendrum,0,0,0.0,0.0,4,2,4,0.01,0.01,100.0,,,0,0,0,ncbi_only,Eukaryota,0.0
Antheraea,0,0,0.0,0.0,4,4,4,0.01,0.02,100.0,,,0,0,0,ncbi_only,Eukaryota,0.0
Apus,0,0,0.0,0.0,4,3,4,0.01,0.01,100.0,,,0,0,0,ncbi_only,Eukaryota,0.0
Curcuma,0,0,0.0,0.0,4,2,4,0.01,0.01,100.0,,,0,0,0,ncbi_only,Eukaryota,0.0
Cuscuta,0,0,0.0,0.0,4,4,4,0.01,0.02,100.0,,,0,0,0,ncbi_only,Eukaryota,0.0
Aporophyla,0,0,0.0,0.0,4,2,4,0.01,0.01,100.0,,,0,0,0,ncbi_only,Eukaryota,0.0
Cyanocitta,0,0,0.0,0.0,4,2,4,0.01,0.01,100.0,,,0,0,0,ncbi_only,Eukaryota,0.0
Apogon,0,0,0.0,0.0,4,4,4,0.01,0.02,100.0,,,0,0,0,ncbi_only,Eukaryota,0.0
Cyathopharynx,0,0,0.0,0.0,4,2,4,0.01,0.01,100.0,,,0,0,0,ncbi_only,Eukaryota,0.0
Cyathus,0,0,0.0,0.0,4,3,4,0.01,0.01,100.0,,,0,0,0,ncbi_only,Eukaryota,0.0
Antennarius,0,0,0.0,0.0,4,2,4,0.01,0.01,100.0,,,0,0,0,ncbi_only,Eukaryota,0.0
Sympetrum,0,0,0.0,0.0,4,2,4,0.01,0.01,100.0,,,0,0,0,ncbi_only,Eukaryota,0.0
Bufotes,0,0,0.0,0.0,3,1,3,0.01,0.0,100.0,,,0,0,0,ncbi_only,Eukaryota,0.0
Endotrypanum,0,0,0.0,0.0,3,1,3,0.01,0.0,100.0,,,0,0,0,ncbi_only,Eukaryota,0.0
Oxyria,0,0,0.0,0.0,3,1,3,0.01,0.0,100.0,,,0,0,0,ncbi_only,Eukaryota,0.0
Gomphillus,0,0,0.0,0.0,3,2,0,0.01,0.01,0.0,,,0,0,0,ncbi_only,Eukaryota,0.0
Fistulinella,0,0,0.0,0.0,3,3,3,0.01,0.01,100.0,,,0,0,0,ncbi_only,Eukaryota,0.0
Fistularia,0,0,0.0,0.0,3,2,3,0.01,0.01,100.0,,,0,0,0,ncbi_only,Eukaryota,0.0
Phialemonium,0,0,0.0,0.0,3,3,3,0.01,0.01,100.0,,,0,0,0,ncbi_only,Eukaryota,0.0
Glaucidium,0,0,0.0,0.0,3,3,3,0.01,0.01,100.0,,,0,0,0,ncbi_only,Eukaryota,0.0
Leucopternis,0,0,0.0,0.0,3,3,3,0.01,0.01,100.0,,,0,0,0,ncbi_only,Eukaryota,0.0
Ajuga,0,0,0.0,0.0,3,2,3,0.01,0.01,100.0,,,0,0,0,ncbi_only,Eukaryota,0.0
Dasypus,0,0,0.0,0.0,3,1,3,0.01,0.0,100.0,,,0,0,0,ncbi_only,Eukaryota,0.0
Peniophora,0,0,0.0,0.0,3,3,3,0.01,0.01,100.0,,,0,0,0,ncbi_only,Eukaryota,0.0
Doryteuthis,0,0,0.0,0.0,3,2,3,0.01,0.01,100.0,,,0,0,0,ncbi_only,Eukaryota,0.0
Gobiomorphus,0,0,0.0,0.0,3,2,3,0.01,0.01,100.0,,,0,0,0,ncbi_only,Eukaryota,0.0
Nanger,0,0,0.0,0.0,3,2,3,0.01,0.01,100.0,,,0,0,0,ncbi_only,Eukaryota,0.0
Eschscholzia,0,0,0.0,0.0,3,1,3,0.01,0.0,100.0,,,0,0,0,ncbi_only,Eukaryota,0.0
Isoperla,0,0,0.0,0.0,3,1,3,0.01,0.0,100.0,,,0,0,0,ncbi_only,Eukaryota,0.0
Botryozyma,0,0,0.0,0.0,3,2,3,0.01,0.01,100.0,,,0,0,0,ncbi_only,Eukaryota,0.0
Uloborus,0,0,0.0,0.0,3,2,3,0.01,0.01,100.0,,,0,0,0,ncbi_only,Eukaryota,0.0
Eleocharis,0,0,0.0,0.0,3,2,3,0.01,0.01,100.0,,,0,0,0,ncbi_only,Eukaryota,0.0
Ithomia,0,0,0.0,0.0,3,2,3,0.01,0.01,100.0,,,0,0,0,ncbi_only,Eukaryota,0.0
Mobula,0,0,0.0,0.0,3,2,3,0.01,0.01,100.0,,,0,0,0,ncbi_only,Eukaryota,0.0
Blomia,0,0,0.0,0.0,3,1,3,0.01,0.0,100.0,,,0,0,0,ncbi_only,Eukaryota,0.0
Thalia,0,0,0.0,0.0,3,2,3,0.01,0.01,100.0,,,0,0,0,ncbi_only,Eukaryota,0.0
Achlya,0,0,0.0,0.0,3,2,3,0.01,0.01,100.0,,,0,0,0,ncbi_only,Eukaryota,0.0
Botrylloides,0,0,0.0,0.0,3,1,3,0.01,0.0,100.0,,,0,0,0,ncbi_only,Eukaryota,0.0
Eleginops,0,0,0.0,0.0,3,1,3,0.01,0.0,100.0,,,0,0,0,ncbi_only,Eukaryota,0.0
Murraya,0,0,0.0,0.0,3,2,3,0.01,0.01,100.0,,,0,0,0,ncbi_only,Eukaryota,0.0
Mirza,0,0,0.0,0.0,3,2,3,0.01,0.01,100.0,,,0,0,0,ncbi_only,Eukaryota,0.0
Plectropomus,0,0,0.0,0.0,3,1,3,0.01,0.0,100.0,,,0,0,0,ncbi_only,Eukaryota,0.0
Anarhynchus,0,0,0.0,0.0,3,2,3,0.01,0.01,100.0,,,0,0,0,ncbi_only,Eukaryota,0.0
Triadica,0,0,0.0,0.0,3,1,3,0.01,0.0,100.0,,,0,0,0,ncbi_only,Eukaryota,0.0
Platanus,0,0,0.0,0.0,3,2,3,0.01,0.01,100.0,,,0,0,0,ncbi_only,Eukaryota,0.0
Doryrhamphus,0,0,0.0,0.0,3,1,3,0.01,0.0,100.0,,,0,0,0,ncbi_only,Eukaryota,0.0
Pezoporus,0,0,0.0,0.0,3,3,3,0.01,0.01,100.0,,,0,0,0,ncbi_only,Eukaryota,0.0
Symsagittifera,0,0,0.0,0.0,3,1,0,0.01,0.0,0.0,,,0,0,0,ncbi_only,Eukaryota,0.0
Synaphobranchus,0,0,0.0,0.0,3,1,3,0.01,0.0,100.0,,,0,0,0,ncbi_only,Eukaryota,0.0
Dryobates,0,0,0.0,0.0,3,1,3,0.01,0.0,100.0,,,0,0,0,ncbi_only,Eukaryota,0.0
Antilocapra,0,0,0.0,0.0,3,1,3,0.01,0.0,100.0,,,0,0,0,ncbi_only,Eukaryota,0.0
Syncephalis,0,0,0.0,0.0,3,3,3,0.01,0.01,100.0,,,0,0,0,ncbi_only,Eukaryota,0.0
Oxalis,0,0,0.0,0.0,3,2,3,0.01,0.01,100.0,,,0,0,0,ncbi_only,Eukaryota,0.0
Pachysolen,0,0,0.0,0.0,3,1,3,0.01,0.0,100.0,,,0,0,0,ncbi_only,Eukaryota,0.0
Glomeris,0,0,0.0,0.0,3,3,3,0.01,0.01,100.0,,,0,0,0,ncbi_only,Eukaryota,0.0
Thylogale,0,0,0.0,0.0,3,2,3,0.01,0.01,100.0,,,0,0,0,ncbi_only,Eukaryota,0.0
Certhia,0,0,0.0,0.0,3,3,3,0.01,0.01,100.0,,,0,0,0,ncbi_only,Eukaryota,0.0
Teleogryllus,0,0,0.0,0.0,3,3,3,0.01,0.01,100.0,,,0,0,0,ncbi_only,Eukaryota,0.0
Guaruba,0,0,0.0,0.0,3,1,3,0.01,0.0,100.0,,,0,0,0,ncbi_only,Eukaryota,0.0
Eurillas,0,0,0.0,0.0,3,3,3,0.01,0.01,100.0,,,0,0,0,ncbi_only,Eukaryota,0.0
Phlyctochytrium,0,0,0.0,0.0,3,3,3,0.01,0.01,100.0,,,0,0,0,ncbi_only,Eukaryota,0.0
Anthracocystis,0,0,0.0,0.0,3,3,3,0.01,0.01,100.0,,,0,0,0,ncbi_only,Eukaryota,0.0
Sparus,0,0,0.0,0.0,3,1,3,0.01,0.0,100.0,,,0,0,0,ncbi_only,Eukaryota,0.0
Acanthis,0,0,0.0,0.0,3,2,3,0.01,0.01,100.0,,,0,0,0,ncbi_only,Eukaryota,0.0
Dorcus,0,0,0.0,0.0,3,2,3,0.01,0.01,100.0,,,0,0,0,ncbi_only,Eukaryota,0.0
Daucus,0,0,0.0,0.0,3,1,3,0.01,0.0,100.0,,,0,0,0,ncbi_only,Eukaryota,0.0
Acanthisitta,0,0,0.0,0.0,3,1,3,0.01,0.0,100.0,,,0,0,0,ncbi_only,Eukaryota,0.0
Entelurus,0,0,0.0,0.0,3,1,3,0.01,0.0,100.0,,,0,0,0,ncbi_only,Eukaryota,0.0
Stephania,0,0,0.0,0.0,3,3,3,0.01,0.01,100.0,,,0,0,0,ncbi_only,Eukaryota,0.0
Aethina,0,0,0.0,0.0,3,1,3,0.01,0.0,100.0,,,0,0,0,ncbi_only,Eukaryota,0.0
Antrozous,0,0,0.0,0.0,3,1,3,0.01,0.0,100.0,,,0,0,0,ncbi_only,Eukaryota,0.0
Orientallactaga,0,0,0.0,0.0,3,2,3,0.01,0.01,100.0,,,0,0,0,ncbi_only,Eukaryota,0.0
Endocarpon,0,0,0.0,0.0,3,1,3,0.01,0.0,100.0,,,0,0,0,ncbi_only,Eukaryota,0.0
Retropinna,0,0,0.0,0.0,3,1,3,0.01,0.0,100.0,,,0,0,0,ncbi_only,Eukaryota,0.0
Oreonectes,0,0,0.0,0.0,3,2,3,0.01,0.01,100.0,,,0,0,0,ncbi_only,Eukaryota,0.0
Trichoglossum,0,0,0.0,0.0,3,1,2,0.01,0.0,66.67,,,0,0,0,ncbi_only,Eukaryota,0.0
Leptoglossus,0,0,0.0,0.0,3,2,3,0.01,0.01,100.0,,,0,0,0,ncbi_only,Eukaryota,0.0
Orcinus,0,0,0.0,0.0,3,1,3,0.01,0.0,100.0,,,0,0,0,ncbi_only,Eukaryota,0.0
Albifimbria,0,0,0.0,0.0,3,1,3,0.01,0.0,100.0,,,0,0,0,ncbi_only,Eukaryota,0.0
Letrouitia,0,0,0.0,0.0,3,2,0,0.01,0.01,0.0,,,0,0,0,ncbi_only,Eukaryota,0.0
Percopsis,0,0,0.0,0.0,3,2,3,0.01,0.01,100.0,,,0,0,0,ncbi_only,Eukaryota,0.0
Phlyctis,0,0,0.0,0.0,3,3,0,0.01,0.01,0.0,,,0,0,0,ncbi_only,Eukaryota,0.0
Persicaria,0,0,0.0,0.0,3,2,3,0.01,0.01,100.0,,,0,0,0,ncbi_only,Eukaryota,0.0
Gryllus,0,0,0.0,0.0,3,3,3,0.01,0.01,100.0,,,0,0,0,ncbi_only,Eukaryota,0.0
Cyphomyrus,0,0,0.0,0.0,3,3,3,0.01,0.01,100.0,,,0,0,0,ncbi_only,Eukaryota,0.0
Cyphoderus,0,0,0.0,0.0,3,1,3,0.01,0.0,100.0,,,0,0,0,ncbi_only,Eukaryota,0.0
Gunayan,0,0,0.0,0.0,3,2,3,0.01,0.01,100.0,,,0,0,0,ncbi_only,Eukaryota,0.0
Sesamia,0,0,0.0,0.0,3,2,3,0.01,0.01,100.0,,,0,0,0,ncbi_only,Eukaryota,0.0
Lutraria,0,0,0.0,0.0,3,2,3,0.01,0.01,100.0,,,0,0,0,ncbi_only,Eukaryota,0.0
Lutjanus,0,0,0.0,0.0,3,3,3,0.01,0.01,100.0,,,0,0,0,ncbi_only,Eukaryota,0.0
Solicoccozyma,0,0,0.0,0.0,3,2,3,0.01,0.01,100.0,,,0,0,0,ncbi_only,Eukaryota,0.0
Polarella,0,0,0.0,0.0,3,1,3,0.01,0.0,100.0,,,0,0,0,ncbi_only,Eukaryota,0.0
Stichodactyla,0,0,0.0,0.0,3,3,3,0.01,0.01,100.0,,,0,0,0,ncbi_only,Eukaryota,0.0
Orthonychiurus,0,0,0.0,0.0,3,1,3,0.01,0.0,100.0,,,0,0,0,ncbi_only,Eukaryota,0.0
Rhodonia,0,0,0.0,0.0,3,1,3,0.01,0.0,100.0,,,0,0,0,ncbi_only,Eukaryota,0.0
Mauremys,0,0,0.0,0.0,3,2,3,0.01,0.01,100.0,,,0,0,0,ncbi_only,Eukaryota,0.0
Eurosta,0,0,0.0,0.0,3,1,3,0.01,0.0,100.0,,,0,0,0,ncbi_only,Eukaryota,0.0
Setonix,0,0,0.0,0.0,3,1,3,0.01,0.0,100.0,,,0,0,0,ncbi_only,Eukaryota,0.0
Lycium,0,0,0.0,0.0,3,3,3,0.01,0.01,100.0,,,0,0,0,ncbi_only,Eukaryota,0.0
Leptosomus,0,0,0.0,0.0,3,1,3,0.01,0.0,100.0,,,0,0,0,ncbi_only,Eukaryota,0.0
Sylvilagus,0,0,0.0,0.0,3,2,3,0.01,0.01,100.0,,,0,0,0,ncbi_only,Eukaryota,0.0
Gorsachius,0,0,0.0,0.0,3,2,0,0.01,0.01,0.0,,,0,0,0,ncbi_only,Eukaryota,0.0
Osteocephalus,0,0,0.0,0.0,3,3,3,0.01,0.01,100.0,,,0,0,0,ncbi_only,Eukaryota,0.0
Osphranter,0,0,0.0,0.0,3,3,3,0.01,0.01,100.0,,,0,0,0,ncbi_only,Eukaryota,0.0
Aguna,0,0,0.0,0.0,3,3,2,0.01,0.01,66.67,,,0,0,0,ncbi_only,Eukaryota,0.0
Symbiochloris,0,0,0.0,0.0,3,2,1,0.01,0.01,33.33,,,0,0,0,ncbi_only,Eukaryota,0.0
Anisakis,0,0,0.0,0.0,3,2,3,0.01,0.01,100.0,,,0,0,0,ncbi_only,Eukaryota,0.0
Firmiana,0,0,0.0,0.0,3,2,3,0.01,0.01,100.0,,,0,0,0,ncbi_only,Eukaryota,0.0
Rhagoletis,0,0,0.0,0.0,3,3,3,0.01,0.01,100.0,,,0,0,0,ncbi_only,Eukaryota,0.0
Ailuropoda,0,0,0.0,0.0,3,1,3,0.01,0.0,100.0,,,0,0,0,ncbi_only,Eukaryota,0.0
Orestias,0,0,0.0,0.0,3,3,3,0.01,0.01,100.0,,,0,0,0,ncbi_only,Eukaryota,0.0
Orius,0,0,0.0,0.0,3,3,3,0.01,0.01,100.0,,,0,0,0,ncbi_only,Eukaryota,0.0
Agara,0,0,0.0,0.0,3,3,3,0.01,0.01,100.0,,,0,0,0,ncbi_only,Eukaryota,0.0
Peterozyma,0,0,0.0,0.0,3,2,3,0.01,0.01,100.0,,,0,0,0,ncbi_only,Eukaryota,0.0
Thlaspi,0,0,0.0,0.0,3,1,3,0.01,0.0,100.0,,,0,0,0,ncbi_only,Eukaryota,0.0
Agapetus,0,0,0.0,0.0,3,1,3,0.01,0.0,100.0,,,0,0,0,ncbi_only,Eukaryota,0.0
Leucoagaricus,0,0,0.0,0.0,3,2,3,0.01,0.01,100.0,,,0,0,0,ncbi_only,Eukaryota,0.0
Pogonomyrmex,0,0,0.0,0.0,3,2,3,0.01,0.01,100.0,,,0,0,0,ncbi_only,Eukaryota,0.0
Danionella,0,0,0.0,0.0,3,2,3,0.01,0.01,100.0,,,0,0,0,ncbi_only,Eukaryota,0.0
Oryx,0,0,0.0,0.0,3,2,3,0.01,0.01,100.0,,,0,0,0,ncbi_only,Eukaryota,0.0
Sogatella,0,0,0.0,0.0,3,1,3,0.01,0.0,100.0,,,0,0,0,ncbi_only,Eukaryota,0.0
Drosera,0,0,0.0,0.0,3,3,3,0.01,0.01,100.0,,,0,0,0,ncbi_only,Eukaryota,0.0
Platycarya,0,0,0.0,0.0,3,2,3,0.01,0.01,100.0,,,0,0,0,ncbi_only,Eukaryota,0.0
Zerynthia,0,0,0.0,0.0,3,2,3,0.01,0.01,100.0,,,0,0,0,ncbi_only,Eukaryota,0.0
Mastomys,0,0,0.0,0.0,3,2,3,0.01,0.01,100.0,,,0,0,0,ncbi_only,Eukaryota,0.0
Acanthochitona,0,0,0.0,0.0,3,2,3,0.01,0.01,100.0,,,0,0,0,ncbi_only,Eukaryota,0.0
Sycophila,0,0,0.0,0.0,3,3,3,0.01,0.01,100.0,,,0,0,0,ncbi_only,Eukaryota,0.0
Luehdorfia,0,0,0.0,0.0,3,2,3,0.01,0.01,100.0,,,0,0,0,ncbi_only,Eukaryota,0.0
Pituophis,0,0,0.0,0.0,3,1,3,0.01,0.0,100.0,,,0,0,0,ncbi_only,Eukaryota,0.0
Thymus,0,0,0.0,0.0,3,3,3,0.01,0.01,100.0,,,0,0,0,ncbi_only,Eukaryota,0.0
Sylvicola,0,0,0.0,0.0,3,2,3,0.01,0.01,100.0,,,0,0,0,ncbi_only,Eukaryota,0.0
Ostertagia,0,0,0.0,0.0,3,1,3,0.01,0.0,100.0,,,0,0,0,ncbi_only,Eukaryota,0.0
Rhodomyrtus,0,0,0.0,0.0,3,2,3,0.01,0.01,100.0,,,0,0,0,ncbi_only,Eukaryota,0.0
Annona,0,0,0.0,0.0,3,2,3,0.01,0.01,100.0,,,0,0,0,ncbi_only,Eukaryota,0.0
Lethenteron,0,0,0.0,0.0,3,2,3,0.01,0.01,100.0,,,0,0,0,ncbi_only,Eukaryota,0.0
Letharia,0,0,0.0,0.0,3,3,2,0.01,0.01,66.67,,,0,0,0,ncbi_only,Eukaryota,0.0
Anodorhynchus,0,0,0.0,0.0,3,3,3,0.01,0.01,100.0,,,0,0,0,ncbi_only,Eukaryota,0.0
Eurytoma,0,0,0.0,0.0,3,3,3,0.01,0.01,100.0,,,0,0,0,ncbi_only,Eukaryota,0.0
Perkinsela,0,0,0.0,0.0,3,2,3,0.01,0.01,100.0,,,0,0,0,ncbi_only,Eukaryota,0.0
Stereocaulon,0,0,0.0,0.0,3,3,2,0.01,0.01,66.67,,,0,0,0,ncbi_only,Eukaryota,0.0
Dama,0,0,0.0,0.0,3,1,3,0.01,0.0,100.0,,,0,0,0,ncbi_only,Eukaryota,0.0
Massospora,0,0,0.0,0.0,3,2,3,0.01,0.01,100.0,,,0,0,0,ncbi_only,Eukaryota,0.0
Leucophenga,0,0,0.0,0.0,3,3,3,0.01,0.01,100.0,,,0,0,0,ncbi_only,Eukaryota,0.0
Perdita,0,0,0.0,0.0,3,2,3,0.01,0.01,100.0,,,0,0,0,ncbi_only,Eukaryota,0.0
Ovibos,0,0,0.0,0.0,3,1,3,0.01,0.0,100.0,,,0,0,0,ncbi_only,Eukaryota,0.0
Ahaetulla,0,0,0.0,0.0,3,3,3,0.01,0.01,100.0,,,0,0,0,ncbi_only,Eukaryota,0.0
Ailanthus,0,0,0.0,0.0,3,1,3,0.01,0.0,100.0,,,0,0,0,ncbi_only,Eukaryota,0.0
Leucocoprinus,0,0,0.0,0.0,3,3,3,0.01,0.01,100.0,,,0,0,0,ncbi_only,Eukaryota,0.0
Macrosiphum,0,0,0.0,0.0,3,2,3,0.01,0.01,100.0,,,0,0,0,ncbi_only,Eukaryota,0.0
Rhynochetos,0,0,0.0,0.0,3,1,3,0.01,0.0,100.0,,,0,0,0,ncbi_only,Eukaryota,0.0
Rhodiola,0,0,0.0,0.0,3,2,3,0.01,0.01,100.0,,,0,0,0,ncbi_only,Eukaryota,0.0
Malapterurus,0,0,0.0,0.0,3,3,3,0.01,0.01,100.0,,,0,0,0,ncbi_only,Eukaryota,0.0
Ridgeia,0,0,0.0,0.0,3,1,3,0.01,0.0,100.0,,,0,0,0,ncbi_only,Eukaryota,0.0
Parascaris,0,0,0.0,0.0,3,1,3,0.01,0.0,100.0,,,0,0,0,ncbi_only,Eukaryota,0.0
Dicentrarchus,0,0,0.0,0.0,3,1,3,0.01,0.0,100.0,,,0,0,0,ncbi_only,Eukaryota,0.0
Paxillus,0,0,0.0,0.0,3,3,3,0.01,0.01,100.0,,,0,0,0,ncbi_only,Eukaryota,0.0
Porphyridium,0,0,0.0,0.0,3,1,3,0.01,0.0,100.0,,,0,0,0,ncbi_only,Eukaryota,0.0
Malbranchea,0,0,0.0,0.0,3,2,3,0.01,0.01,100.0,,,0,0,0,ncbi_only,Eukaryota,0.0
Trichobilharzia,0,0,0.0,0.0,3,2,3,0.01,0.01,100.0,,,0,0,0,ncbi_only,Eukaryota,0.0
Phlebiopsis,0,0,0.0,0.0,3,3,3,0.01,0.01,100.0,,,0,0,0,ncbi_only,Eukaryota,0.0
Antedon,0,0,0.0,0.0,3,2,3,0.01,0.01,100.0,,,0,0,0,ncbi_only,Eukaryota,0.0
Grapholita,0,0,0.0,0.0,3,3,3,0.01,0.01,100.0,,,0,0,0,ncbi_only,Eukaryota,0.0
Anncaliia,0,0,0.0,0.0,3,1,3,0.01,0.0,100.0,,,0,0,0,ncbi_only,Eukaryota,0.0
Dreissena,0,0,0.0,0.0,3,2,3,0.01,0.01,100.0,,,0,0,0,ncbi_only,Eukaryota,0.0
Ambrosiella,0,0,0.0,0.0,3,3,3,0.01,0.01,100.0,,,0,0,0,ncbi_only,Eukaryota,0.0
Manacus,0,0,0.0,0.0,3,2,3,0.01,0.01,100.0,,,0,0,0,ncbi_only,Eukaryota,0.0
Gaultheria,0,0,0.0,0.0,3,2,3,0.01,0.01,100.0,,,0,0,0,ncbi_only,Eukaryota,0.0
Mamestra,0,0,0.0,0.0,3,2,3,0.01,0.01,100.0,,,0,0,0,ncbi_only,Eukaryota,0.0
Liquidambar,0,0,0.0,0.0,3,3,3,0.01,0.01,100.0,,,0,0,0,ncbi_only,Eukaryota,0.0
Pectinophora,0,0,0.0,0.0,3,1,3,0.01,0.0,100.0,,,0,0,0,ncbi_only,Eukaryota,0.0
Rinodina,0,0,0.0,0.0,3,3,0,0.01,0.01,0.0,,,0,0,0,ncbi_only,Eukaryota,0.0
Simochromis,0,0,0.0,0.0,3,1,3,0.01,0.0,100.0,,,0,0,0,ncbi_only,Eukaryota,0.0
Paramyrothecium,0,0,0.0,0.0,3,3,3,0.01,0.01,100.0,,,0,0,0,ncbi_only,Eukaryota,0.0
Diadophis,0,0,0.0,0.0,3,1,3,0.01,0.0,100.0,,,0,0,0,ncbi_only,Eukaryota,0.0
Primulina,0,0,0.0,0.0,3,3,3,0.01,0.01,100.0,,,0,0,0,ncbi_only,Eukaryota,0.0
Listrura,0,0,0.0,0.0,3,3,3,0.01,0.01,100.0,,,0,0,0,ncbi_only,Eukaryota,0.0
Platalea,0,0,0.0,0.0,3,2,3,0.01,0.01,100.0,,,0,0,0,ncbi_only,Eukaryota,0.0
Alviniconcha,0,0,0.0,0.0,3,2,3,0.01,0.01,100.0,,,0,0,0,ncbi_only,Eukaryota,0.0
Pecten,0,0,0.0,0.0,3,1,3,0.01,0.0,100.0,,,0,0,0,ncbi_only,Eukaryota,0.0
Parapristionchus,0,0,0.0,0.0,3,1,3,0.01,0.0,100.0,,,0,0,0,ncbi_only,Eukaryota,0.0
Gaeumannomyces,0,0,0.0,0.0,3,2,3,0.01,0.01,100.0,,,0,0,0,ncbi_only,Eukaryota,0.0
Magnaporthiopsis,0,0,0.0,0.0,3,3,0,0.01,0.01,0.0,,,0,0,0,ncbi_only,Eukaryota,0.0
Loa,0,0,0.0,0.0,3,1,3,0.01,0.0,100.0,,,0,0,0,ncbi_only,Eukaryota,0.0
Dysidea,0,0,0.0,0.0,3,1,3,0.01,0.0,100.0,,,0,0,0,ncbi_only,Eukaryota,0.0
Alloascoidea,0,0,0.0,0.0,3,2,3,0.01,0.01,100.0,,,0,0,0,ncbi_only,Eukaryota,0.0
Alliaria,0,0,0.0,0.0,3,1,3,0.01,0.0,100.0,,,0,0,0,ncbi_only,Eukaryota,0.0
Rhizophlyctis,0,0,0.0,0.0,3,1,3,0.01,0.0,100.0,,,0,0,0,ncbi_only,Eukaryota,0.0
Alopecurus,0,0,0.0,0.0,3,2,3,0.01,0.01,100.0,,,0,0,0,ncbi_only,Eukaryota,0.0
Stegostoma,0,0,0.0,0.0,3,1,3,0.01,0.0,100.0,,,0,0,0,ncbi_only,Eukaryota,0.0
Xyleborus,0,0,0.0,0.0,3,3,3,0.01,0.01,100.0,,,0,0,0,ncbi_only,Eukaryota,0.0
Tigriopus,0,0,0.0,0.0,3,3,3,0.01,0.01,100.0,,,0,0,0,ncbi_only,Eukaryota,0.0
Macrophya,0,0,0.0,0.0,3,2,3,0.01,0.01,100.0,,,0,0,0,ncbi_only,Eukaryota,0.0
Posidonia,0,0,0.0,0.0,3,2,3,0.01,0.01,100.0,,,0,0,0,ncbi_only,Eukaryota,0.0
Podocnemis,0,0,0.0,0.0,3,1,3,0.01,0.0,100.0,,,0,0,0,ncbi_only,Eukaryota,0.0
Mandarina,0,0,0.0,0.0,3,3,3,0.01,0.01,100.0,,,0,0,0,ncbi_only,Eukaryota,0.0
Paralithodes,0,0,0.0,0.0,3,2,3,0.01,0.01,100.0,,,0,0,0,ncbi_only,Eukaryota,0.0
Sistrurus,0,0,0.0,0.0,3,1,3,0.01,0.0,100.0,,,0,0,0,ncbi_only,Eukaryota,0.0
Tillandsia,0,0,0.0,0.0,3,3,3,0.01,0.01,100.0,,,0,0,0,ncbi_only,Eukaryota,0.0
Sitobion,0,0,0.0,0.0,3,2,3,0.01,0.01,100.0,,,0,0,0,ncbi_only,Eukaryota,0.0
Phallus,0,0,0.0,0.0,3,2,3,0.01,0.01,100.0,,,0,0,0,ncbi_only,Eukaryota,0.0
Diphasiastrum,0,0,0.0,0.0,3,2,3,0.01,0.01,100.0,,,0,0,0,ncbi_only,Eukaryota,0.0
Fringilla,0,0,0.0,0.0,3,1,3,0.01,0.0,100.0,,,0,0,0,ncbi_only,Eukaryota,0.0
Trachymyrmex,0,0,0.0,0.0,3,3,3,0.01,0.01,100.0,,,0,0,0,ncbi_only,Eukaryota,0.0
Malacoctenus,0,0,0.0,0.0,3,3,3,0.01,0.01,100.0,,,0,0,0,ncbi_only,Eukaryota,0.0
Phallusia,0,0,0.0,0.0,3,2,3,0.01,0.01,100.0,,,0,0,0,ncbi_only,Eukaryota,0.0
Trachylepis,0,0,0.0,0.0,3,3,3,0.01,0.01,100.0,,,0,0,0,ncbi_only,Eukaryota,0.0
Liposcelis,0,0,0.0,0.0,3,3,3,0.01,0.01,100.0,,,0,0,0,ncbi_only,Eukaryota,0.0
Amblyjoppa,0,0,0.0,0.0,3,2,3,0.01,0.01,100.0,,,0,0,0,ncbi_only,Eukaryota,0.0
Gastrophryne,0,0,0.0,0.0,3,2,3,0.01,0.01,100.0,,,0,0,0,ncbi_only,Eukaryota,0.0
Frangula,0,0,0.0,0.0,3,2,3,0.01,0.01,100.0,,,0,0,0,ncbi_only,Eukaryota,0.0
Lithospermum,0,0,0.0,0.0,3,1,3,0.01,0.0,100.0,,,0,0,0,ncbi_only,Eukaryota,0.0
Eantis,0,0,0.0,0.0,3,3,3,0.01,0.01,100.0,,,0,0,0,ncbi_only,Eukaryota,0.0
Parazoanthus,0,0,0.0,0.0,3,3,3,0.01,0.01,100.0,,,0,0,0,ncbi_only,Eukaryota,0.0
Porcisia,0,0,0.0,0.0,3,2,3,0.01,0.01,100.0,,,0,0,0,ncbi_only,Eukaryota,0.0
Parauchenoglanis,0,0,0.0,0.0,3,3,3,0.01,0.01,100.0,,,0,0,0,ncbi_only,Eukaryota,0.0
Abrus,0,0,0.0,0.0,3,2,3,0.01,0.01,100.0,,,0,0,0,ncbi_only,Eukaryota,0.0
Patagioenas,0,0,0.0,0.0,3,1,3,0.01,0.0,100.0,,,0,0,0,ncbi_only,Eukaryota,0.0
Struthio,0,0,0.0,0.0,3,1,3,0.01,0.0,100.0,,,0,0,0,ncbi_only,Eukaryota,0.0
Rhynchospora,0,0,0.0,0.0,3,3,3,0.01,0.01,100.0,,,0,0,0,ncbi_only,Eukaryota,0.0
Rissa,0,0,0.0,0.0,3,1,3,0.01,0.0,100.0,,,0,0,0,ncbi_only,Eukaryota,0.0
Leptogenys,0,0,0.0,0.0,3,3,3,0.01,0.01,100.0,,,0,0,0,ncbi_only,Eukaryota,0.0
Rhinoceros,0,0,0.0,0.0,3,1,3,0.01,0.0,100.0,,,0,0,0,ncbi_only,Eukaryota,0.0
Phakopsora,0,0,0.0,0.0,3,1,3,0.01,0.0,100.0,,,0,0,0,ncbi_only,Eukaryota,0.0
Pontia,0,0,0.0,0.0,3,2,3,0.01,0.01,100.0,,,0,0,0,ncbi_only,Eukaryota,0.0
Allochrocebus,0,0,0.0,0.0,3,3,3,0.01,0.01,100.0,,,0,0,0,ncbi_only,Eukaryota,0.0
Loboptera,0,0,0.0,0.0,3,3,3,0.01,0.01,100.0,,,0,0,0,ncbi_only,Eukaryota,0.0
Dinocampus,0,0,0.0,0.0,3,1,3,0.01,0.0,100.0,,,0,0,0,ncbi_only,Eukaryota,0.0
Macrotrachela,0,0,0.0,0.0,3,1,3,0.01,0.0,100.0,,,0,0,0,ncbi_only,Eukaryota,0.0
Dendrogyra,0,0,0.0,0.0,3,1,3,0.01,0.0,100.0,,,0,0,0,ncbi_only,Eukaryota,0.0
Flueggea,0,0,0.0,0.0,3,2,3,0.01,0.01,100.0,,,0,0,0,ncbi_only,Eukaryota,0.0
Amyelois,0,0,0.0,0.0,3,1,3,0.01,0.0,100.0,,,0,0,0,ncbi_only,Eukaryota,0.0
Phenganax,0,0,0.0,0.0,3,3,3,0.01,0.01,100.0,,,0,0,0,ncbi_only,Eukaryota,0.0
Evernia,0,0,0.0,0.0,3,2,1,0.01,0.01,33.33,,,0,0,0,ncbi_only,Eukaryota,0.0
Pelecanus,0,0,0.0,0.0,3,1,3,0.01,0.0,100.0,,,0,0,0,ncbi_only,Eukaryota,0.0
Pelmatolapia,0,0,0.0,0.0,3,1,3,0.01,0.0,100.0,,,0,0,0,ncbi_only,Eukaryota,0.0
Limnoperna,0,0,0.0,0.0,3,1,3,0.01,0.0,100.0,,,0,0,0,ncbi_only,Eukaryota,0.0
Evasterias,0,0,0.0,0.0,3,1,3,0.01,0.0,100.0,,,0,0,0,ncbi_only,Eukaryota,0.0
Gerris,0,0,0.0,0.0,3,2,3,0.01,0.01,100.0,,,0,0,0,ncbi_only,Eukaryota,0.0
Rhodamnia,0,0,0.0,0.0,3,2,3,0.01,0.01,100.0,,,0,0,0,ncbi_only,Eukaryota,0.0
Enoploplastron,0,0,0.0,0.0,3,1,3,0.01,0.0,100.0,,,0,0,0,ncbi_only,Eukaryota,0.0
Trachurus,0,0,0.0,0.0,3,2,3,0.01,0.01,100.0,,,0,0,0,ncbi_only,Eukaryota,0.0
Stropharia,0,0,0.0,0.0,3,1,3,0.01,0.0,100.0,,,0,0,0,ncbi_only,Eukaryota,0.0
Engystomops,0,0,0.0,0.0,3,1,3,0.01,0.0,100.0,,,0,0,0,ncbi_only,Eukaryota,0.0
Dictyocaulus,0,0,0.0,0.0,3,1,3,0.01,0.0,100.0,,,0,0,0,ncbi_only,Eukaryota,0.0
Flavoplaca,0,0,0.0,0.0,3,2,2,0.01,0.01,66.67,,,0,0,0,ncbi_only,Eukaryota,0.0
Rhinatrema,0,0,0.0,0.0,3,2,3,0.01,0.01,100.0,,,0,0,0,ncbi_only,Eukaryota,0.0
Lota,0,0,0.0,0.0,3,1,3,0.01,0.0,100.0,,,0,0,0,ncbi_only,Eukaryota,0.0
Primolius,0,0,0.0,0.0,3,3,3,0.01,0.01,100.0,,,0,0,0,ncbi_only,Eukaryota,0.0
Delphinus,0,0,0.0,0.0,3,1,3,0.01,0.0,100.0,,,0,0,0,ncbi_only,Eukaryota,0.0
Alburnus,0,0,0.0,0.0,3,1,3,0.01,0.0,100.0,,,0,0,0,ncbi_only,Eukaryota,0.0
Lottia,0,0,0.0,0.0,3,2,3,0.01,0.01,100.0,,,0,0,0,ncbi_only,Eukaryota,0.0
Ephebe,0,0,0.0,0.0,3,2,2,0.01,0.01,66.67,,,0,0,0,ncbi_only,Eukaryota,0.0
Alca,0,0,0.0,0.0,3,1,3,0.01,0.0,100.0,,,0,0,0,ncbi_only,Eukaryota,0.0
Dolichomitus,0,0,0.0,0.0,3,2,3,0.01,0.01,100.0,,,0,0,0,ncbi_only,Eukaryota,0.0
Phengaris,0,0,0.0,0.0,3,2,3,0.01,0.01,100.0,,,0,0,0,ncbi_only,Eukaryota,0.0
Entoloma,0,0,0.0,0.0,3,1,3,0.01,0.0,100.0,,,0,0,0,ncbi_only,Eukaryota,0.0
Dendropsophus,0,0,0.0,0.0,3,2,3,0.01,0.01,100.0,,,0,0,0,ncbi_only,Eukaryota,0.0
Panorpa,0,0,0.0,0.0,3,2,3,0.01,0.01,100.0,,,0,0,0,ncbi_only,Eukaryota,0.0
Phenoliferia,0,0,0.0,0.0,3,2,3,0.01,0.01,100.0,,,0,0,0,ncbi_only,Eukaryota,0.0
Rhinichthys,0,0,0.0,0.0,3,2,3,0.01,0.01,100.0,,,0,0,0,ncbi_only,Eukaryota,0.0
Phaeophyscia,0,0,0.0,0.0,3,3,0,0.01,0.01,0.0,,,0,0,0,ncbi_only,Eukaryota,0.0
Paradisaea,0,0,0.0,0.0,3,2,3,0.01,0.01,100.0,,,0,0,0,ncbi_only,Eukaryota,0.0
Dipylidium,0,0,0.0,0.0,3,1,3,0.01,0.0,100.0,,,0,0,0,ncbi_only,Eukaryota,0.0
Toxocara,0,0,0.0,0.0,3,1,3,0.01,0.0,100.0,,,0,0,0,ncbi_only,Eukaryota,0.0
Lineus,0,0,0.0,0.0,3,2,3,0.01,0.01,100.0,,,0,0,0,ncbi_only,Eukaryota,0.0
Rhinophrynus,0,0,0.0,0.0,3,1,3,0.01,0.0,100.0,,,0,0,0,ncbi_only,Eukaryota,0.0
Gentiana,0,0,0.0,0.0,3,3,3,0.01,0.01,100.0,,,0,0,0,ncbi_only,Eukaryota,0.0
Polypterus,0,0,0.0,0.0,3,2,3,0.01,0.01,100.0,,,0,0,0,ncbi_only,Eukaryota,0.0
Aegotheles,0,0,0.0,0.0,3,2,3,0.01,0.01,100.0,,,0,0,0,ncbi_only,Eukaryota,0.0
Genidens,0,0,0.0,0.0,3,3,3,0.01,0.01,100.0,,,0,0,0,ncbi_only,Eukaryota,0.0
Presbytis,0,0,0.0,0.0,3,3,3,0.01,0.01,100.0,,,0,0,0,ncbi_only,Eukaryota,0.0
Somateria,0,0,0.0,0.0,3,1,3,0.01,0.0,100.0,,,0,0,0,ncbi_only,Eukaryota,0.0
Pelodytes,0,0,0.0,0.0,3,1,3,0.01,0.0,100.0,,,0,0,0,ncbi_only,Eukaryota,0.0
Gila,0,0,0.0,0.0,3,2,3,0.01,0.01,100.0,,,0,0,0,ncbi_only,Eukaryota,0.0
Anabas,0,0,0.0,0.0,3,1,3,0.01,0.0,100.0,,,0,0,0,ncbi_only,Eukaryota,0.0
Rhincodon,0,0,0.0,0.0,3,1,3,0.01,0.0,100.0,,,0,0,0,ncbi_only,Eukaryota,0.0
Linderina,0,0,0.0,0.0,3,2,3,0.01,0.01,100.0,,,0,0,0,ncbi_only,Eukaryota,0.0
Paraconiothyrium,0,0,0.0,0.0,3,2,3,0.01,0.01,100.0,,,0,0,0,ncbi_only,Eukaryota,0.0
Echeneis,0,0,0.0,0.0,3,1,3,0.01,0.0,100.0,,,0,0,0,ncbi_only,Eukaryota,0.0
Amorphophallus,0,0,0.0,0.0,3,3,3,0.01,0.01,100.0,,,0,0,0,ncbi_only,Eukaryota,0.0
Amorphotheca,0,0,0.0,0.0,3,1,3,0.01,0.0,100.0,,,0,0,0,ncbi_only,Eukaryota,0.0
Sigmodon,0,0,0.0,0.0,3,1,3,0.01,0.0,100.0,,,0,0,0,ncbi_only,Eukaryota,0.0
Stomoxys,0,0,0.0,0.0,3,1,3,0.01,0.0,100.0,,,0,0,0,ncbi_only,Eukaryota,0.0
Epargyreus,0,0,0.0,0.0,3,2,3,0.01,0.01,100.0,,,0,0,0,ncbi_only,Eukaryota,0.0
Limonius,0,0,0.0,0.0,3,2,3,0.01,0.01,100.0,,,0,0,0,ncbi_only,Eukaryota,0.0
Alexandromys,0,0,0.0,0.0,3,2,3,0.01,0.01,100.0,,,0,0,0,ncbi_only,Eukaryota,0.0
Anaeramoeba,0,0,0.0,0.0,3,2,3,0.01,0.01,100.0,,,0,0,0,ncbi_only,Eukaryota,0.0
Gillenia,0,0,0.0,0.0,3,1,3,0.01,0.0,100.0,,,0,0,0,ncbi_only,Eukaryota,0.0
Sminthurides,0,0,0.0,0.0,3,2,3,0.01,0.01,100.0,,,0,0,0,ncbi_only,Eukaryota,0.0
Pogona,0,0,0.0,0.0,3,1,3,0.01,0.0,100.0,,,0,0,0,ncbi_only,Eukaryota,0.0
Alces,0,0,0.0,0.0,3,1,3,0.01,0.0,100.0,,,0,0,0,ncbi_only,Eukaryota,0.0
Peltospira,0,0,0.0,0.0,3,3,3,0.01,0.01,100.0,,,0,0,0,ncbi_only,Eukaryota,0.0
Phataginus,0,0,0.0,0.0,3,2,3,0.01,0.01,100.0,,,0,0,0,ncbi_only,Eukaryota,0.0
Amoeboaphelidium,0,0,0.0,0.0,3,2,3,0.01,0.01,100.0,,,0,0,0,ncbi_only,Eukaryota,0.0
Sonneratia,0,0,0.0,0.0,3,2,3,0.01,0.01,100.0,,,0,0,0,ncbi_only,Eukaryota,0.0
Rhynchonycteris,0,0,0.0,0.0,3,1,3,0.01,0.0,100.0,,,0,0,0,ncbi_only,Eukaryota,0.0
Podargus,0,0,0.0,0.0,3,1,3,0.01,0.0,100.0,,,0,0,0,ncbi_only,Eukaryota,0.0
Geophilus,0,0,0.0,0.0,3,3,3,0.01,0.01,100.0,,,0,0,0,ncbi_only,Eukaryota,0.0
Phaeotremella,0,0,0.0,0.0,3,3,3,0.01,0.01,100.0,,,0,0,0,ncbi_only,Eukaryota,0.0
Eos,0,0,0.0,0.0,3,3,3,0.01,0.01,100.0,,,0,0,0,ncbi_only,Eukaryota,0.0
Cynara,0,0,0.0,0.0,3,1,3,0.01,0.0,100.0,,,0,0,0,ncbi_only,Eukaryota,0.0
Codatractus,0,0,0.0,0.0,3,3,3,0.01,0.01,100.0,,,0,0,0,ncbi_only,Eukaryota,0.0
Tineola,0,0,0.0,0.0,3,1,3,0.01,0.0,100.0,,,0,0,0,ncbi_only,Eukaryota,0.0
Poteriospumella,0,0,0.0,0.0,3,1,3,0.01,0.0,100.0,,,0,0,0,ncbi_only,Eukaryota,0.0
Phaethon,0,0,0.0,0.0,3,2,3,0.01,0.01,100.0,,,0,0,0,ncbi_only,Eukaryota,0.0
Paraglomus,0,0,0.0,0.0,3,2,3,0.01,0.01,100.0,,,0,0,0,ncbi_only,Eukaryota,0.0
Phascolosorex,0,0,0.0,0.0,3,1,3,0.01,0.0,100.0,,,0,0,0,ncbi_only,Eukaryota,0.0
Ammodytes,0,0,0.0,0.0,3,2,3,0.01,0.01,100.0,,,0,0,0,ncbi_only,Eukaryota,0.0
Saccoglossus,0,0,0.0,0.0,3,2,3,0.01,0.01,100.0,,,0,0,0,ncbi_only,Eukaryota,0.0
Hypanus,0,0,0.0,0.0,3,2,3,0.01,0.01,100.0,,,0,0,0,ncbi_only,Eukaryota,0.0
Saccostrea,0,0,0.0,0.0,3,3,3,0.01,0.01,100.0,,,0,0,0,ncbi_only,Eukaryota,0.0
Channallabes,0,0,0.0,0.0,3,1,3,0.01,0.0,100.0,,,0,0,0,ncbi_only,Eukaryota,0.0
Chanodichthys,0,0,0.0,0.0,3,2,3,0.01,0.01,100.0,,,0,0,0,ncbi_only,Eukaryota,0.0
Hyperoodon,0,0,0.0,0.0,3,1,3,0.01,0.0,100.0,,,0,0,0,ncbi_only,Eukaryota,0.0
Hyperoplus,0,0,0.0,0.0,3,2,3,0.01,0.01,100.0,,,0,0,0,ncbi_only,Eukaryota,0.0
Cochlearia,0,0,0.0,0.0,3,3,3,0.01,0.01,100.0,,,0,0,0,ncbi_only,Eukaryota,0.0
Sphaeroforma,0,0,0.0,0.0,3,2,3,0.01,0.01,100.0,,,0,0,0,ncbi_only,Eukaryota,0.0
Hydrolagus,0,0,0.0,0.0,3,2,3,0.01,0.01,100.0,,,0,0,0,ncbi_only,Eukaryota,0.0
Dermochelys,0,0,0.0,0.0,3,1,3,0.01,0.0,100.0,,,0,0,0,ncbi_only,Eukaryota,0.0
Amphilophus,0,0,0.0,0.0,3,2,3,0.01,0.01,100.0,,,0,0,0,ncbi_only,Eukaryota,0.0
Desmodesmus,0,0,0.0,0.0,3,2,3,0.01,0.01,100.0,,,0,0,0,ncbi_only,Eukaryota,0.0
Desmodus,0,0,0.0,0.0,3,1,3,0.01,0.0,100.0,,,0,0,0,ncbi_only,Eukaryota,0.0
Podiceps,0,0,0.0,0.0,3,3,3,0.01,0.01,100.0,,,0,0,0,ncbi_only,Eukaryota,0.0
Diretmus,0,0,0.0,0.0,3,1,3,0.01,0.0,100.0,,,0,0,0,ncbi_only,Eukaryota,0.0
Embiotoca,0,0,0.0,0.0,3,1,3,0.01,0.0,100.0,,,0,0,0,ncbi_only,Eukaryota,0.0
Chamaerops,0,0,0.0,0.0,3,1,3,0.01,0.0,100.0,,,0,0,0,ncbi_only,Eukaryota,0.0
Chamaetylas,0,0,0.0,0.0,3,3,3,0.01,0.01,100.0,,,0,0,0,ncbi_only,Eukaryota,0.0
Champsocephalus,0,0,0.0,0.0,3,2,3,0.01,0.01,100.0,,,0,0,0,ncbi_only,Eukaryota,0.0
Coelastrella,0,0,0.0,0.0,3,3,3,0.01,0.01,100.0,,,0,0,0,ncbi_only,Eukaryota,0.0
Sprattus,0,0,0.0,0.0,3,1,3,0.01,0.0,100.0,,,0,0,0,ncbi_only,Eukaryota,0.0
Charadrius,0,0,0.0,0.0,3,2,3,0.01,0.01,100.0,,,0,0,0,ncbi_only,Eukaryota,0.0
Eriolobus,0,0,0.0,0.0,3,1,3,0.01,0.0,100.0,,,0,0,0,ncbi_only,Eukaryota,0.0
Nanomia,0,0,0.0,0.0,3,2,3,0.01,0.01,100.0,,,0,0,0,ncbi_only,Eukaryota,0.0
Cloeon,0,0,0.0,0.0,3,1,3,0.01,0.0,100.0,,,0,0,0,ncbi_only,Eukaryota,0.0
Hymenolepis,0,0,0.0,0.0,3,2,3,0.01,0.01,100.0,,,0,0,0,ncbi_only,Eukaryota,0.0
Kogia,0,0,0.0,0.0,3,1,3,0.01,0.0,100.0,,,0,0,0,ncbi_only,Eukaryota,0.0
Saxifraga,0,0,0.0,0.0,3,2,3,0.01,0.01,100.0,,,0,0,0,ncbi_only,Eukaryota,0.0
Cocos,0,0,0.0,0.0,3,1,3,0.01,0.0,100.0,,,0,0,0,ncbi_only,Eukaryota,0.0
Koerneria,0,0,0.0,0.0,3,2,3,0.01,0.01,100.0,,,0,0,0,ncbi_only,Eukaryota,0.0
Saxicola,0,0,0.0,0.0,3,3,3,0.01,0.01,100.0,,,0,0,0,ncbi_only,Eukaryota,0.0
Nannoperca,0,0,0.0,0.0,3,3,3,0.01,0.01,100.0,,,0,0,0,ncbi_only,Eukaryota,0.0
Micropterix,0,0,0.0,0.0,3,2,3,0.01,0.01,100.0,,,0,0,0,ncbi_only,Eukaryota,0.0
Iberochondrostoma,0,0,0.0,0.0,3,2,3,0.01,0.01,100.0,,,0,0,0,ncbi_only,Eukaryota,0.0
Brosme,0,0,0.0,0.0,3,1,3,0.01,0.0,100.0,,,0,0,0,ncbi_only,Eukaryota,0.0
Ustulina,0,0,0.0,0.0,3,1,3,0.01,0.0,100.0,,,0,0,0,ncbi_only,Eukaryota,0.0
Cnephaeus,0,0,0.0,0.0,3,1,3,0.01,0.0,100.0,,,0,0,0,ncbi_only,Eukaryota,0.0
Coccinella,0,0,0.0,0.0,3,1,3,0.01,0.0,100.0,,,0,0,0,ncbi_only,Eukaryota,0.0
Phyllopteryx,0,0,0.0,0.0,3,1,3,0.01,0.0,100.0,,,0,0,0,ncbi_only,Eukaryota,0.0
Psoroptes,0,0,0.0,0.0,3,1,3,0.01,0.0,100.0,,,0,0,0,ncbi_only,Eukaryota,0.0
Hypocenomyce,0,0,0.0,0.0,3,1,0,0.01,0.0,0.0,,,0,0,0,ncbi_only,Eukaryota,0.0
Coelopa,0,0,0.0,0.0,3,2,3,0.01,0.01,100.0,,,0,0,0,ncbi_only,Eukaryota,0.0
Microctenopoma,0,0,0.0,0.0,3,3,3,0.01,0.01,100.0,,,0,0,0,ncbi_only,Eukaryota,0.0
Kokia,0,0,0.0,0.0,3,3,3,0.01,0.01,100.0,,,0,0,0,ncbi_only,Eukaryota,0.0
Baorangia,0,0,0.0,0.0,3,2,3,0.01,0.01,100.0,,,0,0,0,ncbi_only,Eukaryota,0.0
Barbarea,0,0,0.0,0.0,3,1,3,0.01,0.0,100.0,,,0,0,0,ncbi_only,Eukaryota,0.0
Barbatula,0,0,0.0,0.0,3,1,3,0.01,0.0,100.0,,,0,0,0,ncbi_only,Eukaryota,0.0
Sacculina,0,0,0.0,0.0,3,1,3,0.01,0.0,100.0,,,0,0,0,ncbi_only,Eukaryota,0.0
Hypothenemus,0,0,0.0,0.0,3,1,3,0.01,0.0,100.0,,,0,0,0,ncbi_only,Eukaryota,0.0
Saturnia,0,0,0.0,0.0,3,2,3,0.01,0.01,100.0,,,0,0,0,ncbi_only,Eukaryota,0.0
Battus,0,0,0.0,0.0,3,2,3,0.01,0.01,100.0,,,0,0,0,ncbi_only,Eukaryota,0.0
Baudoinia,0,0,0.0,0.0,3,1,1,0.01,0.0,33.33,,,0,0,0,ncbi_only,Eukaryota,0.0
Hypsibius,0,0,0.0,0.0,3,2,3,0.01,0.01,100.0,,,0,0,0,ncbi_only,Eukaryota,0.0
Schmidingerella,0,0,0.0,0.0,3,2,3,0.01,0.01,100.0,,,0,0,0,ncbi_only,Eukaryota,0.0
Axinella,0,0,0.0,0.0,3,2,3,0.01,0.01,100.0,,,0,0,0,ncbi_only,Eukaryota,0.0
Schizaphis,0,0,0.0,0.0,3,1,3,0.01,0.0,100.0,,,0,0,0,ncbi_only,Eukaryota,0.0
Metridium,0,0,0.0,0.0,3,2,3,0.01,0.01,100.0,,,0,0,0,ncbi_only,Eukaryota,0.0
Sporobolus,0,0,0.0,0.0,3,2,3,0.01,0.01,100.0,,,0,0,0,ncbi_only,Eukaryota,0.0
Sphaerophoria,0,0,0.0,0.0,3,2,3,0.01,0.01,100.0,,,0,0,0,ncbi_only,Eukaryota,0.0
Nasturtium,0,0,0.0,0.0,3,1,3,0.01,0.0,100.0,,,0,0,0,ncbi_only,Eukaryota,0.0
Hypomesus,0,0,0.0,0.0,3,2,3,0.01,0.01,100.0,,,0,0,0,ncbi_only,Eukaryota,0.0
Hypomyces,0,0,0.0,0.0,3,3,3,0.01,0.01,100.0,,,0,0,0,ncbi_only,Eukaryota,0.0
Saururus,0,0,0.0,0.0,3,1,3,0.01,0.0,100.0,,,0,0,0,ncbi_only,Eukaryota,0.0
Vanellus,0,0,0.0,0.0,3,1,3,0.01,0.0,100.0,,,0,0,0,ncbi_only,Eukaryota,0.0
Coix,0,0,0.0,0.0,3,2,3,0.01,0.01,100.0,,,0,0,0,ncbi_only,Eukaryota,0.0
Neophocaena,0,0,0.0,0.0,3,2,3,0.01,0.01,100.0,,,0,0,0,ncbi_only,Eukaryota,0.0
Bugula,0,0,0.0,0.0,3,1,3,0.01,0.0,100.0,,,0,0,0,ncbi_only,Eukaryota,0.0
Chanos,0,0,0.0,0.0,3,1,3,0.01,0.0,100.0,,,0,0,0,ncbi_only,Eukaryota,0.0
Hypholoma,0,0,0.0,0.0,3,2,3,0.01,0.01,100.0,,,0,0,0,ncbi_only,Eukaryota,0.0
Coturnix,0,0,0.0,0.0,3,2,3,0.01,0.01,100.0,,,0,0,0,ncbi_only,Eukaryota,0.0
Asterias,0,0,0.0,0.0,3,2,3,0.01,0.01,100.0,,,0,0,0,ncbi_only,Eukaryota,0.0
Cottus,0,0,0.0,0.0,3,2,3,0.01,0.01,100.0,,,0,0,0,ncbi_only,Eukaryota,0.0
Corynascus,0,0,0.0,0.0,3,3,3,0.01,0.01,100.0,,,0,0,0,ncbi_only,Eukaryota,0.0
Pseudosagedia,0,0,0.0,0.0,3,3,0,0.01,0.01,0.0,,,0,0,0,ncbi_only,Eukaryota,0.0
Condylactis,0,0,0.0,0.0,3,1,3,0.01,0.0,100.0,,,0,0,0,ncbi_only,Eukaryota,0.0
Teleopsis,0,0,0.0,0.0,3,1,3,0.01,0.0,100.0,,,0,0,0,ncbi_only,Eukaryota,0.0
Pilasporangium,0,0,0.0,0.0,3,1,3,0.01,0.0,100.0,,,0,0,0,ncbi_only,Eukaryota,0.0
Coniella,0,0,0.0,0.0,3,2,3,0.01,0.01,100.0,,,0,0,0,ncbi_only,Eukaryota,0.0
Pseudorasbora,0,0,0.0,0.0,3,2,3,0.01,0.01,100.0,,,0,0,0,ncbi_only,Eukaryota,0.0
Aviceda,0,0,0.0,0.0,3,3,3,0.01,0.01,100.0,,,0,0,0,ncbi_only,Eukaryota,0.0
Bungarus,0,0,0.0,0.0,3,3,3,0.01,0.01,100.0,,,0,0,0,ncbi_only,Eukaryota,0.0
Conidiobolus,0,0,0.0,0.0,3,3,3,0.01,0.01,100.0,,,0,0,0,ncbi_only,Eukaryota,0.0
Hoolock,0,0,0.0,0.0,3,1,3,0.01,0.0,100.0,,,0,0,0,ncbi_only,Eukaryota,0.0
Neosilurus,0,0,0.0,0.0,3,2,3,0.01,0.01,100.0,,,0,0,0,ncbi_only,Eukaryota,0.0
Hoplostethus,0,0,0.0,0.0,3,2,3,0.01,0.01,100.0,,,0,0,0,ncbi_only,Eukaryota,0.0
Arthonia,0,0,0.0,0.0,3,3,1,0.01,0.01,33.33,,,0,0,0,ncbi_only,Eukaryota,0.0
Mesaphorura,0,0,0.0,0.0,3,2,3,0.01,0.01,100.0,,,0,0,0,ncbi_only,Eukaryota,0.0
Callipepla,0,0,0.0,0.0,3,2,3,0.01,0.01,100.0,,,0,0,0,ncbi_only,Eukaryota,0.0
Tadarida,0,0,0.0,0.0,3,1,3,0.01,0.0,100.0,,,0,0,0,ncbi_only,Eukaryota,0.0
Aselliscus,0,0,0.0,0.0,3,1,3,0.01,0.0,100.0,,,0,0,0,ncbi_only,Eukaryota,0.0
Scurria,0,0,0.0,0.0,3,3,3,0.01,0.01,100.0,,,0,0,0,ncbi_only,Eukaryota,0.0
Ranitomeya,0,0,0.0,0.0,3,1,3,0.01,0.0,100.0,,,0,0,0,ncbi_only,Eukaryota,0.0
Asparagopsis,0,0,0.0,0.0,3,1,3,0.01,0.0,100.0,,,0,0,0,ncbi_only,Eukaryota,0.0
Calephelis,0,0,0.0,0.0,3,3,3,0.01,0.01,100.0,,,0,0,0,ncbi_only,Eukaryota,0.0
Heracleum,0,0,0.0,0.0,3,2,3,0.01,0.01,100.0,,,0,0,0,ncbi_only,Eukaryota,0.0
Sphaeramia,0,0,0.0,0.0,3,1,3,0.01,0.0,100.0,,,0,0,0,ncbi_only,Eukaryota,0.0
Eumaeus,0,0,0.0,0.0,3,1,3,0.01,0.0,100.0,,,0,0,0,ncbi_only,Eukaryota,0.0
Nothocercus,0,0,0.0,0.0,3,2,3,0.01,0.01,100.0,,,0,0,0,ncbi_only,Eukaryota,0.0
Lantana,0,0,0.0,0.0,3,1,3,0.01,0.0,100.0,,,0,0,0,ncbi_only,Eukaryota,0.0
Laodelphax,0,0,0.0,0.0,3,1,3,0.01,0.0,100.0,,,0,0,0,ncbi_only,Eukaryota,0.0
Nothoprocta,0,0,0.0,0.0,3,3,3,0.01,0.01,100.0,,,0,0,0,ncbi_only,Eukaryota,0.0
Cebidichthys,0,0,0.0,0.0,3,1,3,0.01,0.0,100.0,,,0,0,0,ncbi_only,Eukaryota,0.0
Hemidactylus,0,0,0.0,0.0,3,3,3,0.01,0.01,100.0,,,0,0,0,ncbi_only,Eukaryota,0.0
Larinioides,0,0,0.0,0.0,3,2,3,0.01,0.01,100.0,,,0,0,0,ncbi_only,Eukaryota,0.0
Hemiprocne,0,0,0.0,0.0,3,1,3,0.01,0.0,100.0,,,0,0,0,ncbi_only,Eukaryota,0.0
Mesocricetus,0,0,0.0,0.0,3,1,3,0.01,0.0,100.0,,,0,0,0,ncbi_only,Eukaryota,0.0
Mesostigma,0,0,0.0,0.0,3,1,3,0.01,0.0,100.0,,,0,0,0,ncbi_only,Eukaryota,0.0
Lasiurus,0,0,0.0,0.0,3,2,3,0.01,0.01,100.0,,,0,0,0,ncbi_only,Eukaryota,0.0
Rasamsonia,0,0,0.0,0.0,3,2,3,0.01,0.01,100.0,,,0,0,0,ncbi_only,Eukaryota,0.0
Helenozyma,0,0,0.0,0.0,3,3,3,0.01,0.01,100.0,,,0,0,0,ncbi_only,Eukaryota,0.0
Heliamphora,0,0,0.0,0.0,3,3,3,0.01,0.01,100.0,,,0,0,0,ncbi_only,Eukaryota,0.0
Caloenas,0,0,0.0,0.0,3,1,3,0.01,0.0,100.0,,,0,0,0,ncbi_only,Eukaryota,0.0
Laticauda,0,0,0.0,0.0,3,2,3,0.01,0.01,100.0,,,0,0,0,ncbi_only,Eukaryota,0.0
Nyctalus,0,0,0.0,0.0,3,2,3,0.01,0.01,100.0,,,0,0,0,ncbi_only,Eukaryota,0.0
Lathamus,0,0,0.0,0.0,3,1,3,0.01,0.0,100.0,,,0,0,0,ncbi_only,Eukaryota,0.0
Crataegus,0,0,0.0,0.0,3,2,3,0.01,0.01,100.0,,,0,0,0,ncbi_only,Eukaryota,0.0
Lateolabrax,0,0,0.0,0.0,3,1,3,0.01,0.0,100.0,,,0,0,0,ncbi_only,Eukaryota,0.0
Pimephales,0,0,0.0,0.0,3,1,3,0.01,0.0,100.0,,,0,0,0,ncbi_only,Eukaryota,0.0
Eugenia,0,0,0.0,0.0,3,2,3,0.01,0.01,100.0,,,0,0,0,ncbi_only,Eukaryota,0.0
Bycanistes,0,0,0.0,0.0,3,3,3,0.01,0.01,100.0,,,0,0,0,ncbi_only,Eukaryota,0.0
Scirpophaga,0,0,0.0,0.0,3,1,3,0.01,0.0,100.0,,,0,0,0,ncbi_only,Eukaryota,0.0
Coptodon,0,0,0.0,0.0,3,3,3,0.01,0.01,100.0,,,0,0,0,ncbi_only,Eukaryota,0.0
Ramaria,0,0,0.0,0.0,3,3,3,0.01,0.01,100.0,,,0,0,0,ncbi_only,Eukaryota,0.0
Lasiosphaeria,0,0,0.0,0.0,3,3,3,0.01,0.01,100.0,,,0,0,0,ncbi_only,Eukaryota,0.0
Ruditapes,0,0,0.0,0.0,3,1,3,0.01,0.0,100.0,,,0,0,0,ncbi_only,Eukaryota,0.0
Sebastolobus,0,0,0.0,0.0,3,2,3,0.01,0.01,100.0,,,0,0,0,ncbi_only,Eukaryota,0.0
Pleurodeles,0,0,0.0,0.0,3,1,3,0.01,0.0,100.0,,,0,0,0,ncbi_only,Eukaryota,0.0
Eumetopias,0,0,0.0,0.0,3,1,3,0.01,0.0,100.0,,,0,0,0,ncbi_only,Eukaryota,0.0
Casuarius,0,0,0.0,0.0,3,2,3,0.01,0.01,100.0,,,0,0,0,ncbi_only,Eukaryota,0.0
Helleia,0,0,0.0,0.0,3,1,3,0.01,0.0,100.0,,,0,0,0,ncbi_only,Eukaryota,0.0
Hemibagrus,0,0,0.0,0.0,3,2,3,0.01,0.01,100.0,,,0,0,0,ncbi_only,Eukaryota,0.0
Asbolus,0,0,0.0,0.0,3,1,3,0.01,0.0,100.0,,,0,0,0,ncbi_only,Eukaryota,0.0
Ascaphus,0,0,0.0,0.0,3,1,3,0.01,0.0,100.0,,,0,0,0,ncbi_only,Eukaryota,0.0
Pilophorus,0,0,0.0,0.0,3,2,2,0.01,0.01,66.67,,,0,0,0,ncbi_only,Eukaryota,0.0
Eudyptula,0,0,0.0,0.0,3,2,3,0.01,0.01,100.0,,,0,0,0,ncbi_only,Eukaryota,0.0
Trissolcus,0,0,0.0,0.0,3,3,3,0.01,0.01,100.0,,,0,0,0,ncbi_only,Eukaryota,0.0
Homalodisca,0,0,0.0,0.0,3,1,3,0.01,0.0,100.0,,,0,0,0,ncbi_only,Eukaryota,0.0
Nephtys,0,0,0.0,0.0,3,3,3,0.01,0.01,100.0,,,0,0,0,ncbi_only,Eukaryota,0.0
Erethizon,0,0,0.0,0.0,3,1,3,0.01,0.0,100.0,,,0,0,0,ncbi_only,Eukaryota,0.0
Nepenthes,0,0,0.0,0.0,3,3,3,0.01,0.01,100.0,,,0,0,0,ncbi_only,Eukaryota,0.0
Ceratostomella,0,0,0.0,0.0,3,3,3,0.01,0.01,100.0,,,0,0,0,ncbi_only,Eukaryota,0.0
Ceratopteris,0,0,0.0,0.0,3,1,3,0.01,0.0,100.0,,,0,0,0,ncbi_only,Eukaryota,0.0
Butorides,0,0,0.0,0.0,3,1,3,0.01,0.0,100.0,,,0,0,0,ncbi_only,Eukaryota,0.0
Ceratocystiopsis,0,0,0.0,0.0,3,3,3,0.01,0.01,100.0,,,0,0,0,ncbi_only,Eukaryota,0.0
Hirschfeldia,0,0,0.0,0.0,3,1,3,0.01,0.0,100.0,,,0,0,0,ncbi_only,Eukaryota,0.0
Tautogolabrus,0,0,0.0,0.0,3,1,3,0.01,0.0,100.0,,,0,0,0,ncbi_only,Eukaryota,0.0
Phrynosoma,0,0,0.0,0.0,3,2,3,0.01,0.01,100.0,,,0,0,0,ncbi_only,Eukaryota,0.0
Pimpla,0,0,0.0,0.0,3,2,3,0.01,0.01,100.0,,,0,0,0,ncbi_only,Eukaryota,0.0
Euglena,0,0,0.0,0.0,3,1,3,0.01,0.0,100.0,,,0,0,0,ncbi_only,Eukaryota,0.0
Celaenorrhinus,0,0,0.0,0.0,3,3,3,0.01,0.01,100.0,,,0,0,0,ncbi_only,Eukaryota,0.0
Atkinsonella,0,0,0.0,0.0,3,2,3,0.01,0.01,100.0,,,0,0,0,ncbi_only,Eukaryota,0.0
Corchorus,0,0,0.0,0.0,3,2,3,0.01,0.01,100.0,,,0,0,0,ncbi_only,Eukaryota,0.0
Pleuronectes,0,0,0.0,0.0,3,1,3,0.01,0.0,100.0,,,0,0,0,ncbi_only,Eukaryota,0.0
Lagerstroemia,0,0,0.0,0.0,3,3,3,0.01,0.01,100.0,,,0,0,0,ncbi_only,Eukaryota,0.0
Heterohyrax,0,0,0.0,0.0,3,1,3,0.01,0.0,100.0,,,0,0,0,ncbi_only,Eukaryota,0.0
Cajanus,0,0,0.0,0.0,3,1,3,0.01,0.0,100.0,,,0,0,0,ncbi_only,Eukaryota,0.0
Heteromormyrus,0,0,0.0,0.0,3,3,3,0.01,0.01,100.0,,,0,0,0,ncbi_only,Eukaryota,0.0
Lagenaria,0,0,0.0,0.0,3,1,3,0.01,0.0,100.0,,,0,0,0,ncbi_only,Eukaryota,0.0
Cairina,0,0,0.0,0.0,3,1,3,0.01,0.0,100.0,,,0,0,0,ncbi_only,Eukaryota,0.0
Verruconis,0,0,0.0,0.0,3,2,1,0.01,0.01,33.33,,,0,0,0,ncbi_only,Eukaryota,0.0
Herpetomonas,0,0,0.0,0.0,3,3,3,0.01,0.01,100.0,,,0,0,0,ncbi_only,Eukaryota,0.0
Corbicula,0,0,0.0,0.0,3,3,3,0.01,0.01,100.0,,,0,0,0,ncbi_only,Eukaryota,0.0
Nerophis,0,0,0.0,0.0,3,2,3,0.01,0.01,100.0,,,0,0,0,ncbi_only,Eukaryota,0.0
Actias,0,0,0.0,0.0,3,2,3,0.01,0.01,100.0,,,0,0,0,ncbi_only,Eukaryota,0.0
Butastur,0,0,0.0,0.0,3,3,3,0.01,0.01,100.0,,,0,0,0,ncbi_only,Eukaryota,0.0
Coriolopsis,0,0,0.0,0.0,3,1,3,0.01,0.0,100.0,,,0,0,0,ncbi_only,Eukaryota,0.0
Trioceros,0,0,0.0,0.0,3,3,3,0.01,0.01,100.0,,,0,0,0,ncbi_only,Eukaryota,0.0
Pseudomugil,0,0,0.0,0.0,3,3,3,0.01,0.01,100.0,,,0,0,0,ncbi_only,Eukaryota,0.0
Corinectria,0,0,0.0,0.0,3,1,3,0.01,0.0,100.0,,,0,0,0,ncbi_only,Eukaryota,0.0
Verasper,0,0,0.0,0.0,3,1,3,0.01,0.0,100.0,,,0,0,0,ncbi_only,Eukaryota,0.0
Cephaloascus,0,0,0.0,0.0,3,2,3,0.01,0.01,100.0,,,0,0,0,ncbi_only,Eukaryota,0.0
Aulostomus,0,0,0.0,0.0,3,2,3,0.01,0.01,100.0,,,0,0,0,ncbi_only,Eukaryota,0.0
Hiodon,0,0,0.0,0.0,3,2,3,0.01,0.01,100.0,,,0,0,0,ncbi_only,Eukaryota,0.0
Hippoglossus,0,0,0.0,0.0,3,2,3,0.01,0.01,100.0,,,0,0,0,ncbi_only,Eukaryota,0.0
Atta,0,0,0.0,0.0,3,3,3,0.01,0.01,100.0,,,0,0,0,ncbi_only,Eukaryota,0.0
Nipponia,0,0,0.0,0.0,3,1,3,0.01,0.0,100.0,,,0,0,0,ncbi_only,Eukaryota,0.0
Nippostrongylus,0,0,0.0,0.0,3,1,3,0.01,0.0,100.0,,,0,0,0,ncbi_only,Eukaryota,0.0
Corymbia,0,0,0.0,0.0,3,3,3,0.01,0.01,100.0,,,0,0,0,ncbi_only,Eukaryota,0.0
Rumex,0,0,0.0,0.0,3,3,3,0.01,0.01,100.0,,,0,0,0,ncbi_only,Eukaryota,0.0
Lama,0,0,0.0,0.0,3,2,3,0.01,0.01,100.0,,,0,0,0,ncbi_only,Eukaryota,0.0
Hesperia,0,0,0.0,0.0,3,2,3,0.01,0.01,100.0,,,0,0,0,ncbi_only,Eukaryota,0.0
Leontopithecus,0,0,0.0,0.0,3,2,3,0.01,0.01,100.0,,,0,0,0,ncbi_only,Eukaryota,0.0
Halichoerus,0,0,0.0,0.0,3,1,3,0.01,0.0,100.0,,,0,0,0,ncbi_only,Eukaryota,0.0
Halichondria,0,0,0.0,0.0,3,1,2,0.01,0.0,66.67,,,0,0,0,ncbi_only,Eukaryota,0.0
Cyanocorax,0,0,0.0,0.0,3,1,3,0.01,0.0,100.0,,,0,0,0,ncbi_only,Eukaryota,0.0
Haliclystus,0,0,0.0,0.0,3,2,3,0.01,0.01,100.0,,,0,0,0,ncbi_only,Eukaryota,0.0
Halictus,0,0,0.0,0.0,3,3,3,0.01,0.01,100.0,,,0,0,0,ncbi_only,Eukaryota,0.0
Cyanistes,0,0,0.0,0.0,3,1,3,0.01,0.0,100.0,,,0,0,0,ncbi_only,Eukaryota,0.0
Leontocebus,0,0,0.0,0.0,3,2,3,0.01,0.01,100.0,,,0,0,0,ncbi_only,Eukaryota,0.0
Plocamopherus,0,0,0.0,0.0,3,3,3,0.01,0.01,100.0,,,0,0,0,ncbi_only,Eukaryota,0.0
Plicofollis,0,0,0.0,0.0,3,3,3,0.01,0.01,100.0,,,0,0,0,ncbi_only,Eukaryota,0.0
Candolleomyces,0,0,0.0,0.0,3,3,3,0.01,0.01,100.0,,,0,0,0,ncbi_only,Eukaryota,0.0
Tachinus,0,0,0.0,0.0,3,2,3,0.01,0.01,100.0,,,0,0,0,ncbi_only,Eukaryota,0.0
Nylanderia,0,0,0.0,0.0,3,1,3,0.01,0.0,100.0,,,0,0,0,ncbi_only,Eukaryota,0.0
Hedera,0,0,0.0,0.0,3,2,3,0.01,0.01,100.0,,,0,0,0,ncbi_only,Eukaryota,0.0
Calonectris,0,0,0.0,0.0,3,1,3,0.01,0.0,100.0,,,0,0,0,ncbi_only,Eukaryota,0.0
Caerostris,0,0,0.0,0.0,3,2,3,0.01,0.01,100.0,,,0,0,0,ncbi_only,Eukaryota,0.0
Hadena,0,0,0.0,0.0,3,2,3,0.01,0.01,100.0,,,0,0,0,ncbi_only,Eukaryota,0.0
Melanerpes,0,0,0.0,0.0,3,2,3,0.01,0.01,100.0,,,0,0,0,ncbi_only,Eukaryota,0.0
Campodea,0,0,0.0,0.0,3,3,3,0.01,0.01,100.0,,,0,0,0,ncbi_only,Eukaryota,0.0
Halocynthia,0,0,0.0,0.0,3,3,3,0.01,0.01,100.0,,,0,0,0,ncbi_only,Eukaryota,0.0
Tachyeres,0,0,0.0,0.0,3,3,3,0.01,0.01,100.0,,,0,0,0,ncbi_only,Eukaryota,0.0
Tachyglossus,0,0,0.0,0.0,3,1,3,0.01,0.0,100.0,,,0,0,0,ncbi_only,Eukaryota,0.0
Oleoguttula,0,0,0.0,0.0,3,3,3,0.01,0.01,100.0,,,0,0,0,ncbi_only,Eukaryota,0.0
Culter,0,0,0.0,0.0,3,1,3,0.01,0.0,100.0,,,0,0,0,ncbi_only,Eukaryota,0.0
Phoenicopterus,0,0,0.0,0.0,3,1,3,0.01,0.0,100.0,,,0,0,0,ncbi_only,Eukaryota,0.0
Melanorivulus,0,0,0.0,0.0,3,3,3,0.01,0.01,100.0,,,0,0,0,ncbi_only,Eukaryota,0.0
Cuculus,0,0,0.0,0.0,3,1,3,0.01,0.0,100.0,,,0,0,0,ncbi_only,Eukaryota,0.0
Cubamyces,0,0,0.0,0.0,3,3,3,0.01,0.01,100.0,,,0,0,0,ncbi_only,Eukaryota,0.0
Capreolus,0,0,0.0,0.0,3,2,3,0.01,0.01,100.0,,,0,0,0,ncbi_only,Eukaryota,0.0
Okapia,0,0,0.0,0.0,3,1,3,0.01,0.0,100.0,,,0,0,0,ncbi_only,Eukaryota,0.0
Meleagris,0,0,0.0,0.0,3,1,3,0.01,0.0,100.0,,,0,0,0,ncbi_only,Eukaryota,0.0
Caprimulgus,0,0,0.0,0.0,3,1,3,0.01,0.0,100.0,,,0,0,0,ncbi_only,Eukaryota,0.0
Melaleuca,0,0,0.0,0.0,3,2,3,0.01,0.01,100.0,,,0,0,0,ncbi_only,Eukaryota,0.0
Onychogalea,0,0,0.0,0.0,3,2,3,0.01,0.01,100.0,,,0,0,0,ncbi_only,Eukaryota,0.0
Ectropis,0,0,0.0,0.0,3,2,3,0.01,0.01,100.0,,,0,0,0,ncbi_only,Eukaryota,0.0
Campoletis,0,0,0.0,0.0,3,2,3,0.01,0.01,100.0,,,0,0,0,ncbi_only,Eukaryota,0.0
Ophiopholis,0,0,0.0,0.0,3,1,3,0.01,0.0,100.0,,,0,0,0,ncbi_only,Eukaryota,0.0
Cylindroiulus,0,0,0.0,0.0,3,1,3,0.01,0.0,100.0,,,0,0,0,ncbi_only,Eukaryota,0.0
Leptodoras,0,0,0.0,0.0,3,3,3,0.01,0.01,100.0,,,0,0,0,ncbi_only,Eukaryota,0.0
Megaceryle,0,0,0.0,0.0,3,3,3,0.01,0.01,100.0,,,0,0,0,ncbi_only,Eukaryota,0.0
Cymodocea,0,0,0.0,0.0,3,1,3,0.01,0.0,100.0,,,0,0,0,ncbi_only,Eukaryota,0.0
Cymbopogon,0,0,0.0,0.0,3,2,3,0.01,0.01,100.0,,,0,0,0,ncbi_only,Eukaryota,0.0
Gynostemma,0,0,0.0,0.0,3,1,3,0.01,0.0,100.0,,,0,0,0,ncbi_only,Eukaryota,0.0
Opsariichthys,0,0,0.0,0.0,3,1,3,0.01,0.0,100.0,,,0,0,0,ncbi_only,Eukaryota,0.0
Reticulitermes,0,0,0.0,0.0,3,2,3,0.01,0.01,100.0,,,0,0,0,ncbi_only,Eukaryota,0.0
Leptobrachium,0,0,0.0,0.0,3,2,3,0.01,0.01,100.0,,,0,0,0,ncbi_only,Eukaryota,0.0
Opisthocomus,0,0,0.0,0.0,3,1,3,0.01,0.0,100.0,,,0,0,0,ncbi_only,Eukaryota,0.0
Megalops,0,0,0.0,0.0,3,2,3,0.01,0.01,100.0,,,0,0,0,ncbi_only,Eukaryota,0.0
Phortica,0,0,0.0,0.0,3,3,2,0.01,0.01,66.67,,,0,0,0,ncbi_only,Eukaryota,0.0
Spermophilus,0,0,0.0,0.0,3,2,3,0.01,0.01,100.0,,,0,0,0,ncbi_only,Eukaryota,0.0
Aristotelia,0,0,0.0,0.0,3,1,3,0.01,0.0,100.0,,,0,0,0,ncbi_only,Eukaryota,0.0
Arrhopalites,0,0,0.0,0.0,3,3,3,0.01,0.01,100.0,,,0,0,0,ncbi_only,Eukaryota,0.0
Ctenodactylus,0,0,0.0,0.0,3,1,3,0.01,0.0,100.0,,,0,0,0,ncbi_only,Eukaryota,0.0
Ophiognomonia,0,0,0.0,0.0,3,1,3,0.01,0.0,100.0,,,0,0,0,ncbi_only,Eukaryota,0.0
Megaselia,0,0,0.0,0.0,3,2,3,0.01,0.01,100.0,,,0,0,0,ncbi_only,Eukaryota,0.0
Haemulon,0,0,0.0,0.0,3,3,3,0.01,0.01,100.0,,,0,0,0,ncbi_only,Eukaryota,0.0
Protopterus,0,0,0.0,0.0,3,1,3,0.01,0.0,100.0,,,0,0,0,ncbi_only,Eukaryota,0.0
Operophtera,0,0,0.0,0.0,3,1,3,0.01,0.0,100.0,,,0,0,0,ncbi_only,Eukaryota,0.0
Cyclocybe,0,0,0.0,0.0,3,2,3,0.01,0.01,100.0,,,0,0,0,ncbi_only,Eukaryota,0.0
Protosalanx,0,0,0.0,0.0,3,2,3,0.01,0.01,100.0,,,0,0,0,ncbi_only,Eukaryota,0.0
Cancer,0,0,0.0,0.0,3,1,3,0.01,0.0,100.0,,,0,0,0,ncbi_only,Eukaryota,0.0
Cyclocarya,0,0,0.0,0.0,3,1,3,0.01,0.0,100.0,,,0,0,0,ncbi_only,Eukaryota,0.0
Candida/Serinales incertae sedis,0,0,0.0,0.0,3,2,3,0.01,0.01,100.0,,,0,0,0,ncbi_only,Eukaryota,0.0
Campylomormyrus,0,0,0.0,0.0,3,3,3,0.01,0.01,100.0,,,0,0,0,ncbi_only,Eukaryota,0.0
Nymphaea,0,0,0.0,0.0,3,2,3,0.01,0.01,100.0,,,0,0,0,ncbi_only,Eukaryota,0.0
Tagetes,0,0,0.0,0.0,3,2,3,0.01,0.01,100.0,,,0,0,0,ncbi_only,Eukaryota,0.0
Carlina,0,0,0.0,0.0,3,2,3,0.01,0.01,100.0,,,0,0,0,ncbi_only,Eukaryota,0.0
Hapsidospora,0,0,0.0,0.0,3,1,3,0.01,0.0,100.0,,,0,0,0,ncbi_only,Eukaryota,0.0
Lecanosticta,0,0,0.0,0.0,3,1,3,0.01,0.0,100.0,,,0,0,0,ncbi_only,Eukaryota,0.0
Seirophora,0,0,0.0,0.0,3,2,0,0.01,0.01,0.0,,,0,0,0,ncbi_only,Eukaryota,0.0
Arge,0,0,0.0,0.0,3,2,3,0.01,0.01,100.0,,,0,0,0,ncbi_only,Eukaryota,0.0
Cariama,0,0,0.0,0.0,3,1,3,0.01,0.0,100.0,,,0,0,0,ncbi_only,Eukaryota,0.0
Argopecten,0,0,0.0,0.0,3,1,3,0.01,0.0,100.0,,,0,0,0,ncbi_only,Eukaryota,0.0
Platygaster,0,0,0.0,0.0,3,3,3,0.01,0.01,100.0,,,0,0,0,ncbi_only,Eukaryota,0.0
Mentha,0,0,0.0,0.0,3,3,3,0.01,0.01,100.0,,,0,0,0,ncbi_only,Eukaryota,0.0
Argyrosomus,0,0,0.0,0.0,3,2,3,0.01,0.01,100.0,,,0,0,0,ncbi_only,Eukaryota,0.0
Harpegnathos,0,0,0.0,0.0,3,2,3,0.01,0.01,100.0,,,0,0,0,ncbi_only,Eukaryota,0.0
Ariolimax,0,0,0.0,0.0,3,1,3,0.01,0.0,100.0,,,0,0,0,ncbi_only,Eukaryota,0.0
Mercurialis,0,0,0.0,0.0,3,1,3,0.01,0.0,100.0,,,0,0,0,ncbi_only,Eukaryota,0.0
Phoronis,0,0,0.0,0.0,3,3,3,0.01,0.01,100.0,,,0,0,0,ncbi_only,Eukaryota,0.0
Cryptomonas,0,0,0.0,0.0,3,3,3,0.01,0.01,100.0,,,0,0,0,ncbi_only,Eukaryota,0.0
Arapaima,0,0,0.0,0.0,3,1,3,0.01,0.0,100.0,,,0,0,0,ncbi_only,Eukaryota,0.0
Effrenium,0,0,0.0,0.0,3,1,3,0.01,0.0,100.0,,,0,0,0,ncbi_only,Eukaryota,0.0
Arbutus,0,0,0.0,0.0,3,2,3,0.01,0.01,100.0,,,0,0,0,ncbi_only,Eukaryota,0.0
Odontomachus,0,0,0.0,0.0,3,3,3,0.01,0.01,100.0,,,0,0,0,ncbi_only,Eukaryota,0.0
Semibalanus,0,0,0.0,0.0,3,2,3,0.01,0.01,100.0,,,0,0,0,ncbi_only,Eukaryota,0.0
Crocodylus,0,0,0.0,0.0,3,2,3,0.01,0.01,100.0,,,0,0,0,ncbi_only,Eukaryota,0.0
Arenaria,0,0,0.0,0.0,3,2,3,0.01,0.01,100.0,,,0,0,0,ncbi_only,Eukaryota,0.0
Calosoma,0,0,0.0,0.0,3,3,3,0.01,0.01,100.0,,,0,0,0,ncbi_only,Eukaryota,0.0
Arma,0,0,0.0,0.0,3,2,3,0.01,0.01,100.0,,,0,0,0,ncbi_only,Eukaryota,0.0
Armadillidium,0,0,0.0,0.0,3,2,3,0.01,0.01,100.0,,,0,0,0,ncbi_only,Eukaryota,0.0
Trichostrongylus,0,0,0.0,0.0,3,1,3,0.01,0.0,100.0,,,0,0,0,ncbi_only,Eukaryota,0.0
Caloplaca,0,0,0.0,0.0,3,3,0,0.01,0.01,0.0,,,0,0,0,ncbi_only,Eukaryota,0.0
Spilocuscus,0,0,0.0,0.0,3,2,3,0.01,0.01,100.0,,,0,0,0,ncbi_only,Eukaryota,0.0
Hedychium,0,0,0.0,0.0,3,3,3,0.01,0.01,100.0,,,0,0,0,ncbi_only,Eukaryota,0.0
Pseudococcus,0,0,0.0,0.0,3,3,3,0.01,0.01,100.0,,,0,0,0,ncbi_only,Eukaryota,0.0
Crossaster,0,0,0.0,0.0,3,1,3,0.01,0.0,100.0,,,0,0,0,ncbi_only,Eukaryota,0.0
Zeus,0,0,0.0,0.0,3,1,3,0.01,0.0,100.0,,,0,0,0,ncbi_only,Eukaryota,0.0
Arctium,0,0,0.0,0.0,3,2,3,0.01,0.01,100.0,,,0,0,0,ncbi_only,Eukaryota,0.0
Selenicereus,0,0,0.0,0.0,3,2,3,0.01,0.01,100.0,,,0,0,0,ncbi_only,Eukaryota,0.0
Leersia,0,0,0.0,0.0,3,2,3,0.01,0.01,100.0,,,0,0,0,ncbi_only,Eukaryota,0.0
Selaginella,0,0,0.0,0.0,3,3,3,0.01,0.01,100.0,,,0,0,0,ncbi_only,Eukaryota,0.0
Recurvomyces,0,0,0.0,0.0,3,1,3,0.01,0.0,100.0,,,0,0,0,ncbi_only,Eukaryota,0.0
Odontesthes,0,0,0.0,0.0,3,1,3,0.01,0.0,100.0,,,0,0,0,ncbi_only,Eukaryota,0.0
Odontocerum,0,0,0.0,0.0,3,1,3,0.01,0.0,100.0,,,0,0,0,ncbi_only,Eukaryota,0.0
Melipona,0,0,0.0,0.0,3,3,3,0.01,0.01,100.0,,,0,0,0,ncbi_only,Eukaryota,0.0
Arachnomyces,0,0,0.0,0.0,3,2,3,0.01,0.01,100.0,,,0,0,0,ncbi_only,Eukaryota,0.0
Spergula,0,0,0.0,0.0,3,1,3,0.01,0.0,100.0,,,0,0,0,ncbi_only,Eukaryota,0.0
Lemna,0,0,0.0,0.0,3,1,3,0.01,0.0,100.0,,,0,0,0,ncbi_only,Eukaryota,0.0
Euphrasia,0,0,0.0,0.0,3,2,3,0.01,0.01,100.0,,,0,0,0,ncbi_only,Eukaryota,0.0
Melibe,0,0,0.0,0.0,3,3,3,0.01,0.01,100.0,,,0,0,0,ncbi_only,Eukaryota,0.0
Melierax,0,0,0.0,0.0,3,3,3,0.01,0.01,100.0,,,0,0,0,ncbi_only,Eukaryota,0.0
Mycothermus,0,0,0.0,0.0,3,1,3,0.01,0.0,100.0,,,0,0,0,ncbi_only,Eukaryota,0.0
Elophila,0,0,0.0,0.0,3,2,3,0.01,0.01,100.0,,,0,0,0,ncbi_only,Eukaryota,0.0
Mimosa,0,0,0.0,0.0,3,2,3,0.01,0.01,100.0,,,0,0,0,ncbi_only,Eukaryota,0.0
Zonia,0,0,0.0,0.0,3,1,3,0.01,0.0,100.0,,,0,0,0,ncbi_only,Eukaryota,0.0
Acinonyx,0,0,0.0,0.0,3,1,3,0.01,0.0,100.0,,,0,0,0,ncbi_only,Eukaryota,0.0
Brienomyrus,0,0,0.0,0.0,3,2,3,0.01,0.01,100.0,,,0,0,0,ncbi_only,Eukaryota,0.0
Bursera,0,0,0.0,0.0,3,3,3,0.01,0.01,100.0,,,0,0,0,ncbi_only,Eukaryota,0.0
Pseudopyrenochaeta,0,0,0.0,0.0,3,2,3,0.01,0.01,100.0,,,0,0,0,ncbi_only,Eukaryota,0.0
Talpa,0,0,0.0,0.0,3,2,3,0.01,0.01,100.0,,,0,0,0,ncbi_only,Eukaryota,0.0
Crucihimalaya,0,0,0.0,0.0,3,2,3,0.01,0.01,100.0,,,0,0,0,ncbi_only,Eukaryota,0.0
Odontamblyopus,0,0,0.0,0.0,3,2,3,0.01,0.01,100.0,,,0,0,0,ncbi_only,Eukaryota,0.0
Crucibulum,0,0,0.0,0.0,3,3,3,0.01,0.01,100.0,,,0,0,0,ncbi_only,Eukaryota,0.0
Pisaster,0,0,0.0,0.0,3,2,3,0.01,0.01,100.0,,,0,0,0,ncbi_only,Eukaryota,0.0
Croton,0,0,0.0,0.0,3,2,3,0.01,0.01,100.0,,,0,0,0,ncbi_only,Eukaryota,0.0
Tamandua,0,0,0.0,0.0,3,1,3,0.01,0.0,100.0,,,0,0,0,ncbi_only,Eukaryota,0.0
Encarsia,0,0,0.0,0.0,3,2,3,0.01,0.01,100.0,,,0,0,0,ncbi_only,Eukaryota,0.0
Clavaria,0,0,0.0,0.0,3,1,3,0.01,0.0,100.0,,,0,0,0,ncbi_only,Eukaryota,0.0
Zingiber,0,0,0.0,0.0,3,2,3,0.01,0.01,100.0,,,0,0,0,ncbi_only,Eukaryota,0.0
Mylabris,0,0,0.0,0.0,3,3,3,0.01,0.01,100.0,,,0,0,0,ncbi_only,Eukaryota,0.0
Myiopsitta,0,0,0.0,0.0,3,2,3,0.01,0.01,100.0,,,0,0,0,ncbi_only,Eukaryota,0.0
Milvus,0,0,0.0,0.0,3,3,3,0.01,0.01,100.0,,,0,0,0,ncbi_only,Eukaryota,0.0
Cinnamomum,0,0,0.0,0.0,3,3,3,0.01,0.01,100.0,,,0,0,0,ncbi_only,Eukaryota,0.0
Cinetodus,0,0,0.0,0.0,3,3,3,0.01,0.01,100.0,,,0,0,0,ncbi_only,Eukaryota,0.0
Physcia,0,0,0.0,0.0,3,2,1,0.01,0.01,33.33,,,0,0,0,ncbi_only,Eukaryota,0.0
Muusoctopus,0,0,0.0,0.0,3,3,3,0.01,0.01,100.0,,,0,0,0,ncbi_only,Eukaryota,0.0
Bicyclus,0,0,0.0,0.0,3,1,3,0.01,0.0,100.0,,,0,0,0,ncbi_only,Eukaryota,0.0
Picocystis,0,0,0.0,0.0,3,3,3,0.01,0.01,100.0,,,0,0,0,ncbi_only,Eukaryota,0.0
Acidomyces,0,0,0.0,0.0,3,1,2,0.01,0.0,66.67,,,0,0,0,ncbi_only,Eukaryota,0.0
Thecaphora,0,0,0.0,0.0,3,2,3,0.01,0.01,100.0,,,0,0,0,ncbi_only,Eukaryota,0.0
Muscardinus,0,0,0.0,0.0,3,1,3,0.01,0.0,100.0,,,0,0,0,ncbi_only,Eukaryota,0.0
Cichorium,0,0,0.0,0.0,3,2,3,0.01,0.01,100.0,,,0,0,0,ncbi_only,Eukaryota,0.0
Inia,0,0,0.0,0.0,3,1,3,0.01,0.0,100.0,,,0,0,0,ncbi_only,Eukaryota,0.0
Ilyophis,0,0,0.0,0.0,3,3,3,0.01,0.01,100.0,,,0,0,0,ncbi_only,Eukaryota,0.0
Imantodes,0,0,0.0,0.0,3,3,3,0.01,0.01,100.0,,,0,0,0,ncbi_only,Eukaryota,0.0
Chelmon,0,0,0.0,0.0,3,1,3,0.01,0.0,100.0,,,0,0,0,ncbi_only,Eukaryota,0.0
Erithacus,0,0,0.0,0.0,3,1,3,0.01,0.0,100.0,,,0,0,0,ncbi_only,Eukaryota,0.0
Chelonia,0,0,0.0,0.0,3,1,3,0.01,0.0,100.0,,,0,0,0,ncbi_only,Eukaryota,0.0
Urocitellus,0,0,0.0,0.0,3,1,3,0.01,0.0,100.0,,,0,0,0,ncbi_only,Eukaryota,0.0
Icerya,0,0,0.0,0.0,3,1,3,0.01,0.0,100.0,,,0,0,0,ncbi_only,Eukaryota,0.0
Phyllostachys,0,0,0.0,0.0,3,2,3,0.01,0.01,100.0,,,0,0,0,ncbi_only,Eukaryota,0.0
Brenthis,0,0,0.0,0.0,3,3,3,0.01,0.01,100.0,,,0,0,0,ncbi_only,Eukaryota,0.0
Thelephora,0,0,0.0,0.0,3,3,3,0.01,0.01,100.0,,,0,0,0,ncbi_only,Eukaryota,0.0
Myxobolus,0,0,0.0,0.0,3,3,3,0.01,0.01,100.0,,,0,0,0,ncbi_only,Eukaryota,0.0
Myxine,0,0,0.0,0.0,3,1,3,0.01,0.0,100.0,,,0,0,0,ncbi_only,Eukaryota,0.0
Pteronotus,0,0,0.0,0.0,3,2,3,0.01,0.01,100.0,,,0,0,0,ncbi_only,Eukaryota,0.0
Thelazia,0,0,0.0,0.0,3,1,3,0.01,0.0,100.0,,,0,0,0,ncbi_only,Eukaryota,0.0
Sarcoramphus,0,0,0.0,0.0,3,1,3,0.01,0.0,100.0,,,0,0,0,ncbi_only,Eukaryota,0.0
Sarcoptes,0,0,0.0,0.0,3,1,3,0.01,0.0,100.0,,,0,0,0,ncbi_only,Eukaryota,0.0
Choristoneura,0,0,0.0,0.0,3,2,3,0.01,0.01,100.0,,,0,0,0,ncbi_only,Eukaryota,0.0
Borostomias,0,0,0.0,0.0,3,1,3,0.01,0.0,100.0,,,0,0,0,ncbi_only,Eukaryota,0.0
Physeter,0,0,0.0,0.0,3,1,3,0.01,0.0,100.0,,,0,0,0,ncbi_only,Eukaryota,0.0
Pyronema,0,0,0.0,0.0,3,2,3,0.01,0.01,100.0,,,0,0,0,ncbi_only,Eukaryota,0.0
Myrmecobius,0,0,0.0,0.0,3,1,3,0.01,0.0,100.0,,,0,0,0,ncbi_only,Eukaryota,0.0
Urochloa,0,0,0.0,0.0,3,2,3,0.01,0.01,100.0,,,0,0,0,ncbi_only,Eukaryota,0.0
Clangula,0,0,0.0,0.0,3,1,3,0.01,0.0,100.0,,,0,0,0,ncbi_only,Eukaryota,0.0
Myriophyllum,0,0,0.0,0.0,3,2,3,0.01,0.01,100.0,,,0,0,0,ncbi_only,Eukaryota,0.0
Kickxella,0,0,0.0,0.0,3,1,3,0.01,0.0,100.0,,,0,0,0,ncbi_only,Eukaryota,0.0
Eubalaena,0,0,0.0,0.0,3,2,3,0.01,0.01,100.0,,,0,0,0,ncbi_only,Eukaryota,0.0
Tubulanus,0,0,0.0,0.0,3,3,3,0.01,0.01,100.0,,,0,0,0,ncbi_only,Eukaryota,0.0
Cladorrhinum,0,0,0.0,0.0,3,3,3,0.01,0.01,100.0,,,0,0,0,ncbi_only,Eukaryota,0.0
Beroe,0,0,0.0,0.0,3,3,3,0.01,0.01,100.0,,,0,0,0,ncbi_only,Eukaryota,0.0
Cladonema,0,0,0.0,0.0,3,2,3,0.01,0.01,100.0,,,0,0,0,ncbi_only,Eukaryota,0.0
Uria,0,0,0.0,0.0,3,2,3,0.01,0.01,100.0,,,0,0,0,ncbi_only,Eukaryota,0.0
Cladobotryum,0,0,0.0,0.0,3,2,3,0.01,0.01,100.0,,,0,0,0,ncbi_only,Eukaryota,0.0
Udranomia,0,0,0.0,0.0,3,3,3,0.01,0.01,100.0,,,0,0,0,ncbi_only,Eukaryota,0.0
Jacobaea,0,0,0.0,0.0,3,2,3,0.01,0.01,100.0,,,0,0,0,ncbi_only,Eukaryota,0.0
Jaculus,0,0,0.0,0.0,3,1,3,0.01,0.0,100.0,,,0,0,0,ncbi_only,Eukaryota,0.0
Pyrenula,0,0,0.0,0.0,3,3,2,0.01,0.01,66.67,,,0,0,0,ncbi_only,Eukaryota,0.0
Tyto,0,0,0.0,0.0,3,1,3,0.01,0.0,100.0,,,0,0,0,ncbi_only,Eukaryota,0.0
Chloroceryle,0,0,0.0,0.0,3,3,3,0.01,0.01,100.0,,,0,0,0,ncbi_only,Eukaryota,0.0
Juniperus,0,0,0.0,0.0,3,3,3,0.01,0.01,100.0,,,0,0,0,ncbi_only,Eukaryota,0.0
Erynnis,0,0,0.0,0.0,3,2,3,0.01,0.01,100.0,,,0,0,0,ncbi_only,Eukaryota,0.0
Moringa,0,0,0.0,0.0,3,1,3,0.01,0.0,100.0,,,0,0,0,ncbi_only,Eukaryota,0.0
Typha,0,0,0.0,0.0,3,2,3,0.01,0.01,100.0,,,0,0,0,ncbi_only,Eukaryota,0.0
Salpa,0,0,0.0,0.0,3,2,3,0.01,0.01,100.0,,,0,0,0,ncbi_only,Eukaryota,0.0
Pyrenochaeta,0,0,0.0,0.0,3,3,3,0.01,0.01,100.0,,,0,0,0,ncbi_only,Eukaryota,0.0
Chloroidium,0,0,0.0,0.0,3,3,3,0.01,0.01,100.0,,,0,0,0,ncbi_only,Eukaryota,0.0
Typhlichthys,0,0,0.0,0.0,3,2,3,0.01,0.01,100.0,,,0,0,0,ncbi_only,Eukaryota,0.0
Eleutherodactylus,0,0,0.0,0.0,3,1,3,0.01,0.0,100.0,,,0,0,0,ncbi_only,Eukaryota,0.0
Erythrolamprus,0,0,0.0,0.0,3,1,3,0.01,0.0,100.0,,,0,0,0,ncbi_only,Eukaryota,0.0
Mucuna,0,0,0.0,0.0,3,1,3,0.01,0.0,100.0,,,0,0,0,ncbi_only,Eukaryota,0.0
Bovichtus,0,0,0.0,0.0,3,2,3,0.01,0.01,100.0,,,0,0,0,ncbi_only,Eukaryota,0.0
Mixophyes,0,0,0.0,0.0,3,2,3,0.01,0.01,100.0,,,0,0,0,ncbi_only,Eukaryota,0.0
Mnemiopsis,0,0,0.0,0.0,3,1,3,0.01,0.0,100.0,,,0,0,0,ncbi_only,Eukaryota,0.0
Pycnococcus,0,0,0.0,0.0,3,1,3,0.01,0.0,100.0,,,0,0,0,ncbi_only,Eukaryota,0.0
Molva,0,0,0.0,0.0,3,3,3,0.01,0.01,100.0,,,0,0,0,ncbi_only,Eukaryota,0.0
Momordica,0,0,0.0,0.0,3,1,3,0.01,0.0,100.0,,,0,0,0,ncbi_only,Eukaryota,0.0
Monodelphis,0,0,0.0,0.0,3,1,3,0.01,0.0,100.0,,,0,0,0,ncbi_only,Eukaryota,0.0
Monochamus,0,0,0.0,0.0,3,2,3,0.01,0.01,100.0,,,0,0,0,ncbi_only,Eukaryota,0.0
Boothiomyces,0,0,0.0,0.0,3,3,3,0.01,0.01,100.0,,,0,0,0,ncbi_only,Eukaryota,0.0
Erythrocebus,0,0,0.0,0.0,3,1,3,0.01,0.0,100.0,,,0,0,0,ncbi_only,Eukaryota,0.0
Pygocentrus,0,0,0.0,0.0,3,1,3,0.01,0.0,100.0,,,0,0,0,ncbi_only,Eukaryota,0.0
Jimgerdemannia,0,0,0.0,0.0,3,2,3,0.01,0.01,100.0,,,0,0,0,ncbi_only,Eukaryota,0.0
Moniliophthora,0,0,0.0,0.0,3,2,3,0.01,0.01,100.0,,,0,0,0,ncbi_only,Eukaryota,0.0
Molothrus,0,0,0.0,0.0,3,2,3,0.01,0.01,100.0,,,0,0,0,ncbi_only,Eukaryota,0.0
Erythranthe,0,0,0.0,0.0,3,2,3,0.01,0.01,100.0,,,0,0,0,ncbi_only,Eukaryota,0.0
Thrips,0,0,0.0,0.0,3,3,3,0.01,0.01,100.0,,,0,0,0,ncbi_only,Eukaryota,0.0
Colaptes,0,0,0.0,0.0,3,1,3,0.01,0.0,100.0,,,0,0,0,ncbi_only,Eukaryota,0.0
Phyllobates,0,0,0.0,0.0,3,1,3,0.01,0.0,100.0,,,0,0,0,ncbi_only,Eukaryota,0.0
Hydrochoerus,0,0,0.0,0.0,3,1,3,0.01,0.0,100.0,,,0,0,0,ncbi_only,Eukaryota,0.0
Varecia,0,0,0.0,0.0,3,2,3,0.01,0.01,100.0,,,0,0,0,ncbi_only,Eukaryota,0.0
Trogon,0,0,0.0,0.0,3,2,3,0.01,0.01,100.0,,,0,0,0,ncbi_only,Eukaryota,0.0
Radopholus,0,0,0.0,0.0,3,1,3,0.01,0.0,100.0,,,0,0,0,ncbi_only,Eukaryota,0.0
Erica,0,0,0.0,0.0,3,2,3,0.01,0.01,100.0,,,0,0,0,ncbi_only,Eukaryota,0.0
Varroa,0,0,0.0,0.0,3,2,3,0.01,0.01,100.0,,,0,0,0,ncbi_only,Eukaryota,0.0
Micrasema,0,0,0.0,0.0,3,2,3,0.01,0.01,100.0,,,0,0,0,ncbi_only,Eukaryota,0.0
Pleodorina,0,0,0.0,0.0,3,1,3,0.01,0.0,100.0,,,0,0,0,ncbi_only,Eukaryota,0.0
Ceutorhynchus,0,0,0.0,0.0,3,2,3,0.01,0.01,100.0,,,0,0,0,ncbi_only,Eukaryota,0.0
Cololabis,0,0,0.0,0.0,3,1,3,0.01,0.0,100.0,,,0,0,0,ncbi_only,Eukaryota,0.0
Coloeus,0,0,0.0,0.0,3,1,3,0.01,0.0,100.0,,,0,0,0,ncbi_only,Eukaryota,0.0
Neoarthrinium,0,0,0.0,0.0,3,1,3,0.01,0.0,100.0,,,0,0,0,ncbi_only,Eukaryota,0.0
Colocasia,0,0,0.0,0.0,3,1,3,0.01,0.0,100.0,,,0,0,0,ncbi_only,Eukaryota,0.0
Bufo,0,0,0.0,0.0,3,2,3,0.01,0.01,100.0,,,0,0,0,ncbi_only,Eukaryota,0.0
Neoneuromus,0,0,0.0,0.0,3,1,3,0.01,0.0,100.0,,,0,0,0,ncbi_only,Eukaryota,0.0
Schizopygopsis,0,0,0.0,0.0,3,3,3,0.01,0.01,100.0,,,0,0,0,ncbi_only,Eukaryota,0.0
Chaetoceros,0,0,0.0,0.0,3,3,2,0.01,0.01,66.67,,,0,0,0,ncbi_only,Eukaryota,0.0
Emericellopsis,0,0,0.0,0.0,3,3,3,0.01,0.01,100.0,,,0,0,0,ncbi_only,Eukaryota,0.0
Teloschistes,0,0,0.0,0.0,3,3,0,0.01,0.01,0.0,,,0,0,0,ncbi_only,Eukaryota,0.0
Hydractinia,0,0,0.0,0.0,3,2,3,0.01,0.01,100.0,,,0,0,0,ncbi_only,Eukaryota,0.0
Scatophagus,0,0,0.0,0.0,3,1,3,0.01,0.0,100.0,,,0,0,0,ncbi_only,Eukaryota,0.0
Colius,0,0,0.0,0.0,3,1,3,0.01,0.0,100.0,,,0,0,0,ncbi_only,Eukaryota,0.0
Rachicladosporium,0,0,0.0,0.0,3,3,3,0.01,0.01,100.0,,,0,0,0,ncbi_only,Eukaryota,0.0
Chalaropsis,0,0,0.0,0.0,3,2,3,0.01,0.01,100.0,,,0,0,0,ncbi_only,Eukaryota,0.0
Colinus,0,0,0.0,0.0,3,1,3,0.01,0.0,100.0,,,0,0,0,ncbi_only,Eukaryota,0.0
Coleophoma,0,0,0.0,0.0,3,3,3,0.01,0.01,100.0,,,0,0,0,ncbi_only,Eukaryota,0.0
Microchloropsis,0,0,0.0,0.0,3,1,3,0.01,0.0,100.0,,,0,0,0,ncbi_only,Eukaryota,0.0
Globicephala,0,0,0.0,0.0,3,1,3,0.01,0.0,100.0,,,0,0,0,ncbi_only,Eukaryota,0.0
Oxytricha,0,0,0.0,0.0,3,1,3,0.01,0.0,100.0,,,0,0,0,ncbi_only,Eukaryota,0.0
Distichodus,0,0,0.0,0.0,2,2,2,0.0,0.01,100.0,,,0,0,0,ncbi_only,Eukaryota,0.0
Lonicera,0,0,0.0,0.0,2,2,2,0.0,0.01,100.0,,,0,0,0,ncbi_only,Eukaryota,0.0
Carpinus,0,0,0.0,0.0,2,2,2,0.0,0.01,100.0,,,0,0,0,ncbi_only,Eukaryota,0.0
Teucrium,0,0,0.0,0.0,2,1,2,0.0,0.0,100.0,,,0,0,0,ncbi_only,Eukaryota,0.0
Carpodacus,0,0,0.0,0.0,2,1,2,0.0,0.0,100.0,,,0,0,0,ncbi_only,Eukaryota,0.0
Chlorophyllum,0,0,0.0,0.0,2,1,2,0.0,0.0,100.0,,,0,0,0,ncbi_only,Eukaryota,0.0
Leptogorgia,0,0,0.0,0.0,2,1,2,0.0,0.0,100.0,,,0,0,0,ncbi_only,Eukaryota,0.0
Carettochelys,0,0,0.0,0.0,2,1,2,0.0,0.0,100.0,,,0,0,0,ncbi_only,Eukaryota,0.0
Lobotractus,0,0,0.0,0.0,2,2,2,0.0,0.01,100.0,,,0,0,0,ncbi_only,Eukaryota,0.0
Leptogaster,0,0,0.0,0.0,2,1,2,0.0,0.0,100.0,,,0,0,0,ncbi_only,Eukaryota,0.0
Dirinaria,0,0,0.0,0.0,2,2,0,0.0,0.01,0.0,,,0,0,0,ncbi_only,Eukaryota,0.0
Dirona,0,0,0.0,0.0,2,2,2,0.0,0.01,100.0,,,0,0,0,ncbi_only,Eukaryota,0.0
Discoglossus,0,0,0.0,0.0,2,1,2,0.0,0.0,100.0,,,0,0,0,ncbi_only,Eukaryota,0.0
Forficula,0,0,0.0,0.0,2,1,2,0.0,0.0,100.0,,,0,0,0,ncbi_only,Eukaryota,0.0
Donax,0,0,0.0,0.0,2,2,2,0.0,0.01,100.0,,,0,0,0,ncbi_only,Eukaryota,0.0
Dolomedes,0,0,0.0,0.0,2,1,2,0.0,0.0,100.0,,,0,0,0,ncbi_only,Eukaryota,0.0
Stilbops,0,0,0.0,0.0,2,1,2,0.0,0.0,100.0,,,0,0,0,ncbi_only,Eukaryota,0.0
Smittia,0,0,0.0,0.0,2,2,2,0.0,0.01,100.0,,,0,0,0,ncbi_only,Eukaryota,0.0
Smithornis,0,0,0.0,0.0,2,2,2,0.0,0.01,100.0,,,0,0,0,ncbi_only,Eukaryota,0.0
Flectonema,0,0,0.0,0.0,2,1,2,0.0,0.0,100.0,,,0,0,0,ncbi_only,Eukaryota,0.0
Dolicharthria,0,0,0.0,0.0,2,1,2,0.0,0.0,100.0,,,0,0,0,ncbi_only,Eukaryota,0.0
Sminthurus,0,0,0.0,0.0,2,1,2,0.0,0.0,100.0,,,0,0,0,ncbi_only,Eukaryota,0.0
Floccularia,0,0,0.0,0.0,2,1,2,0.0,0.0,100.0,,,0,0,0,ncbi_only,Eukaryota,0.0
Diversispora,0,0,0.0,0.0,2,2,2,0.0,0.01,100.0,,,0,0,0,ncbi_only,Eukaryota,0.0
Ditula,0,0,0.0,0.0,2,1,2,0.0,0.0,100.0,,,0,0,0,ncbi_only,Eukaryota,0.0
Dittrichia,0,0,0.0,0.0,2,1,2,0.0,0.0,100.0,,,0,0,0,ncbi_only,Eukaryota,0.0
Strigocuscus,0,0,0.0,0.0,2,2,2,0.0,0.01,100.0,,,0,0,0,ncbi_only,Eukaryota,0.0
Furcasterigmium,0,0,0.0,0.0,2,2,2,0.0,0.01,100.0,,,0,0,0,ncbi_only,Eukaryota,0.0
Furcula,0,0,0.0,0.0,2,1,2,0.0,0.0,100.0,,,0,0,0,ncbi_only,Eukaryota,0.0
Dimocarpus,0,0,0.0,0.0,2,1,2,0.0,0.0,100.0,,,0,0,0,ncbi_only,Eukaryota,0.0
Furnarius,0,0,0.0,0.0,2,2,2,0.0,0.01,100.0,,,0,0,0,ncbi_only,Eukaryota,0.0
Strigops,0,0,0.0,0.0,2,1,2,0.0,0.0,100.0,,,0,0,0,ncbi_only,Eukaryota,0.0
Dilophus,0,0,0.0,0.0,2,1,2,0.0,0.0,100.0,,,0,0,0,ncbi_only,Eukaryota,0.0
Siphlonurus,0,0,0.0,0.0,2,1,2,0.0,0.0,100.0,,,0,0,0,ncbi_only,Eukaryota,0.0
Diloba,0,0,0.0,0.0,2,1,2,0.0,0.0,100.0,,,0,0,0,ncbi_only,Eukaryota,0.0
Dillenia,0,0,0.0,0.0,2,2,2,0.0,0.01,100.0,,,0,0,0,ncbi_only,Eukaryota,0.0
Sturmia,0,0,0.0,0.0,2,1,2,0.0,0.0,100.0,,,0,0,0,ncbi_only,Eukaryota,0.0
Dichetophora,0,0,0.0,0.0,2,1,2,0.0,0.0,100.0,,,0,0,0,ncbi_only,Eukaryota,0.0
Sturnus,0,0,0.0,0.0,2,1,2,0.0,0.0,100.0,,,0,0,0,ncbi_only,Eukaryota,0.0
Fukomys,0,0,0.0,0.0,2,1,2,0.0,0.0,100.0,,,0,0,0,ncbi_only,Eukaryota,0.0
Gambelia,0,0,0.0,0.0,2,1,2,0.0,0.0,100.0,,,0,0,0,ncbi_only,Eukaryota,0.0
Dicerorhinus,0,0,0.0,0.0,2,1,2,0.0,0.0,100.0,,,0,0,0,ncbi_only,Eukaryota,0.0
Liodrosophila,0,0,0.0,0.0,2,1,2,0.0,0.0,100.0,,,0,0,0,ncbi_only,Eukaryota,0.0
Lipophrys,0,0,0.0,0.0,2,1,2,0.0,0.0,100.0,,,0,0,0,ncbi_only,Eukaryota,0.0
Kibakoganea,0,0,0.0,0.0,2,2,2,0.0,0.01,100.0,,,0,0,0,ncbi_only,Eukaryota,0.0
Thelaira,0,0,0.0,0.0,2,1,2,0.0,0.0,100.0,,,0,0,0,ncbi_only,Eukaryota,0.0
Cheirolophus,0,0,0.0,0.0,2,1,2,0.0,0.0,100.0,,,0,0,0,ncbi_only,Eukaryota,0.0
Ripartites,0,0,0.0,0.0,2,1,2,0.0,0.0,100.0,,,0,0,0,ncbi_only,Eukaryota,0.0
Siphateles,0,0,0.0,0.0,2,1,2,0.0,0.0,100.0,,,0,0,0,ncbi_only,Eukaryota,0.0
Siphamia,0,0,0.0,0.0,2,2,2,0.0,0.01,100.0,,,0,0,0,ncbi_only,Eukaryota,0.0
Sipha,0,0,0.0,0.0,2,2,2,0.0,0.01,100.0,,,0,0,0,ncbi_only,Eukaryota,0.0
Diglossa,0,0,0.0,0.0,2,2,2,0.0,0.01,100.0,,,0,0,0,ncbi_only,Eukaryota,0.0
Dictyocoela,0,0,0.0,0.0,2,2,2,0.0,0.01,100.0,,,0,0,0,ncbi_only,Eukaryota,0.0
Sinonovacula,0,0,0.0,0.0,2,1,2,0.0,0.0,100.0,,,0,0,0,ncbi_only,Eukaryota,0.0
Dicycla,0,0,0.0,0.0,2,1,2,0.0,0.0,100.0,,,0,0,0,ncbi_only,Eukaryota,0.0
Siren,0,0,0.0,0.0,2,2,2,0.0,0.01,100.0,,,0,0,0,ncbi_only,Eukaryota,0.0
Striga,0,0,0.0,0.0,2,2,2,0.0,0.01,100.0,,,0,0,0,ncbi_only,Eukaryota,0.0
Dinobryon,0,0,0.0,0.0,2,2,2,0.0,0.01,100.0,,,0,0,0,ncbi_only,Eukaryota,0.0
Chelonoidis,0,0,0.0,0.0,2,2,2,0.0,0.01,100.0,,,0,0,0,ncbi_only,Eukaryota,0.0
Chelidurella,0,0,0.0,0.0,2,1,2,0.0,0.0,100.0,,,0,0,0,ncbi_only,Eukaryota,0.0
Leptura,0,0,0.0,0.0,2,1,2,0.0,0.0,100.0,,,0,0,0,ncbi_only,Eukaryota,0.0
Liriomyza,0,0,0.0,0.0,2,1,2,0.0,0.0,100.0,,,0,0,0,ncbi_only,Eukaryota,0.0
Chelis,0,0,0.0,0.0,2,1,2,0.0,0.0,100.0,,,0,0,0,ncbi_only,Eukaryota,0.0
Laothoe,0,0,0.0,0.0,2,1,2,0.0,0.0,100.0,,,0,0,0,ncbi_only,Eukaryota,0.0
Gadopsis,0,0,0.0,0.0,2,2,2,0.0,0.01,100.0,,,0,0,0,ncbi_only,Eukaryota,0.0
Gaertneriomyces,0,0,0.0,0.0,2,2,2,0.0,0.01,100.0,,,0,0,0,ncbi_only,Eukaryota,0.0
Siona,0,0,0.0,0.0,2,1,2,0.0,0.0,100.0,,,0,0,0,ncbi_only,Eukaryota,0.0
Stromatinia,0,0,0.0,0.0,2,1,2,0.0,0.0,100.0,,,0,0,0,ncbi_only,Eukaryota,0.0
Strombidium,0,0,0.0,0.0,2,2,2,0.0,0.01,100.0,,,0,0,0,ncbi_only,Eukaryota,0.0
Galago,0,0,0.0,0.0,2,2,2,0.0,0.01,100.0,,,0,0,0,ncbi_only,Eukaryota,0.0
Galatella,0,0,0.0,0.0,2,1,2,0.0,0.0,100.0,,,0,0,0,ncbi_only,Eukaryota,0.0
Galaxea,0,0,0.0,0.0,2,1,2,0.0,0.0,100.0,,,0,0,0,ncbi_only,Eukaryota,0.0
Corynorhinus,0,0,0.0,0.0,2,1,2,0.0,0.0,100.0,,,0,0,0,ncbi_only,Eukaryota,0.0
Leontodon,0,0,0.0,0.0,2,2,2,0.0,0.01,100.0,,,0,0,0,ncbi_only,Eukaryota,0.0
Charina,0,0,0.0,0.0,2,1,2,0.0,0.0,100.0,,,0,0,0,ncbi_only,Eukaryota,0.0
Cavenderia,0,0,0.0,0.0,2,2,2,0.0,0.01,100.0,,,0,0,0,ncbi_only,Eukaryota,0.0
Leucodermia,0,0,0.0,0.0,2,2,0,0.0,0.01,0.0,,,0,0,0,ncbi_only,Eukaryota,0.0
Sagittarius,0,0,0.0,0.0,2,1,0,0.0,0.0,0.0,,,0,0,0,ncbi_only,Eukaryota,0.0
Lampides,0,0,0.0,0.0,2,1,2,0.0,0.0,100.0,,,0,0,0,ncbi_only,Eukaryota,0.0
Linaria,0,0,0.0,0.0,2,1,2,0.0,0.0,100.0,,,0,0,0,ncbi_only,Eukaryota,0.0
Saksenaea,0,0,0.0,0.0,2,2,2,0.0,0.01,100.0,,,0,0,0,ncbi_only,Eukaryota,0.0
Liopterus,0,0,0.0,0.0,2,1,2,0.0,0.0,100.0,,,0,0,0,ncbi_only,Eukaryota,0.0
Lapara,0,0,0.0,0.0,2,1,2,0.0,0.0,100.0,,,0,0,0,ncbi_only,Eukaryota,0.0
Thelocarpon,0,0,0.0,0.0,2,2,0,0.0,0.01,0.0,,,0,0,0,ncbi_only,Eukaryota,0.0
Lapsana,0,0,0.0,0.0,2,1,2,0.0,0.0,100.0,,,0,0,0,ncbi_only,Eukaryota,0.0
Lipothrix,0,0,0.0,0.0,2,1,2,0.0,0.0,100.0,,,0,0,0,ncbi_only,Eukaryota,0.0
Larinus,0,0,0.0,0.0,2,1,2,0.0,0.0,100.0,,,0,0,0,ncbi_only,Eukaryota,0.0
Leptotrombidium,0,0,0.0,0.0,2,2,2,0.0,0.01,100.0,,,0,0,0,ncbi_only,Eukaryota,0.0
Chelonus,0,0,0.0,0.0,2,2,2,0.0,0.01,100.0,,,0,0,0,ncbi_only,Eukaryota,0.0
Salarias,0,0,0.0,0.0,2,1,2,0.0,0.0,100.0,,,0,0,0,ncbi_only,Eukaryota,0.0
Rugonectria,0,0,0.0,0.0,2,2,2,0.0,0.01,100.0,,,0,0,0,ncbi_only,Eukaryota,0.0
Lamprotornis,0,0,0.0,0.0,2,2,2,0.0,0.01,100.0,,,0,0,0,ncbi_only,Eukaryota,0.0
Listronotus,0,0,0.0,0.0,2,2,2,0.0,0.01,100.0,,,0,0,0,ncbi_only,Eukaryota,0.0
Riccia,0,0,0.0,0.0,2,2,2,0.0,0.01,100.0,,,0,0,0,ncbi_only,Eukaryota,0.0
Laterallus,0,0,0.0,0.0,2,1,2,0.0,0.0,100.0,,,0,0,0,ncbi_only,Eukaryota,0.0
Chirona,0,0,0.0,0.0,2,1,2,0.0,0.0,100.0,,,0,0,0,ncbi_only,Eukaryota,0.0
Carsia,0,0,0.0,0.0,2,1,2,0.0,0.0,100.0,,,0,0,0,ncbi_only,Eukaryota,0.0
Lamproptera,0,0,0.0,0.0,2,2,2,0.0,0.01,100.0,,,0,0,0,ncbi_only,Eukaryota,0.0
Caulochytrium,0,0,0.0,0.0,2,1,2,0.0,0.0,100.0,,,0,0,0,ncbi_only,Eukaryota,0.0
Lethrinus,0,0,0.0,0.0,2,1,2,0.0,0.0,100.0,,,0,0,0,ncbi_only,Eukaryota,0.0
Charissa,0,0,0.0,0.0,2,1,2,0.0,0.0,100.0,,,0,0,0,ncbi_only,Eukaryota,0.0
Linepithema,0,0,0.0,0.0,2,1,2,0.0,0.0,100.0,,,0,0,0,ncbi_only,Eukaryota,0.0
Leucania,0,0,0.0,0.0,2,1,2,0.0,0.0,100.0,,,0,0,0,ncbi_only,Eukaryota,0.0
Leucaspius,0,0,0.0,0.0,2,1,2,0.0,0.0,100.0,,,0,0,0,ncbi_only,Eukaryota,0.0
Leucochlaena,0,0,0.0,0.0,2,1,2,0.0,0.0,100.0,,,0,0,0,ncbi_only,Eukaryota,0.0
Kitagawia,0,0,0.0,0.0,2,1,2,0.0,0.0,100.0,,,0,0,0,ncbi_only,Eukaryota,0.0
Lobophora,0,0,0.0,0.0,2,1,2,0.0,0.0,100.0,,,0,0,0,ncbi_only,Eukaryota,0.0
Lobocla,0,0,0.0,0.0,2,2,2,0.0,0.01,100.0,,,0,0,0,ncbi_only,Eukaryota,0.0
Lobochilotes,0,0,0.0,0.0,2,1,2,0.0,0.0,100.0,,,0,0,0,ncbi_only,Eukaryota,0.0
Chiroxiphia,0,0,0.0,0.0,2,1,2,0.0,0.0,100.0,,,0,0,0,ncbi_only,Eukaryota,0.0
Cartodere,0,0,0.0,0.0,2,1,2,0.0,0.0,100.0,,,0,0,0,ncbi_only,Eukaryota,0.0
Lathronympha,0,0,0.0,0.0,2,1,2,0.0,0.0,100.0,,,0,0,0,ncbi_only,Eukaryota,0.0
Lampropteryx,0,0,0.0,0.0,2,1,2,0.0,0.0,100.0,,,0,0,0,ncbi_only,Eukaryota,0.0
Thracia,0,0,0.0,0.0,2,1,2,0.0,0.0,100.0,,,0,0,0,ncbi_only,Eukaryota,0.0
Catoptria,0,0,0.0,0.0,2,1,2,0.0,0.0,100.0,,,0,0,0,ncbi_only,Eukaryota,0.0
Linyphia,0,0,0.0,0.0,2,1,2,0.0,0.0,100.0,,,0,0,0,ncbi_only,Eukaryota,0.0
Lestiphorus,0,0,0.0,0.0,2,1,2,0.0,0.0,100.0,,,0,0,0,ncbi_only,Eukaryota,0.0
Rugalucina,0,0,0.0,0.0,2,1,2,0.0,0.0,100.0,,,0,0,0,ncbi_only,Eukaryota,0.0
Saitoella,0,0,0.0,0.0,2,1,2,0.0,0.0,100.0,,,0,0,0,ncbi_only,Eukaryota,0.0
Themeda,0,0,0.0,0.0,2,1,2,0.0,0.0,100.0,,,0,0,0,ncbi_only,Eukaryota,0.0
Catostylus,0,0,0.0,0.0,2,1,2,0.0,0.0,100.0,,,0,0,0,ncbi_only,Eukaryota,0.0
Linnaea,0,0,0.0,0.0,2,1,2,0.0,0.0,100.0,,,0,0,0,ncbi_only,Eukaryota,0.0
Lithodes,0,0,0.0,0.0,2,1,2,0.0,0.0,100.0,,,0,0,0,ncbi_only,Eukaryota,0.0
Lithocarpus,0,0,0.0,0.0,2,2,2,0.0,0.01,100.0,,,0,0,0,ncbi_only,Eukaryota,0.0
Chesias,0,0,0.0,0.0,2,1,2,0.0,0.0,100.0,,,0,0,0,ncbi_only,Eukaryota,0.0
Chiasmia,0,0,0.0,0.0,2,1,2,0.0,0.0,100.0,,,0,0,0,ncbi_only,Eukaryota,0.0
Cataclysta,0,0,0.0,0.0,2,1,2,0.0,0.0,100.0,,,0,0,0,ncbi_only,Eukaryota,0.0
Salicornia,0,0,0.0,0.0,2,1,2,0.0,0.0,100.0,,,0,0,0,ncbi_only,Eukaryota,0.0
Chionomys,0,0,0.0,0.0,2,1,2,0.0,0.0,100.0,,,0,0,0,ncbi_only,Eukaryota,0.0
Kandelia,0,0,0.0,0.0,2,2,2,0.0,0.01,100.0,,,0,0,0,ncbi_only,Eukaryota,0.0
Chionodraco,0,0,0.0,0.0,2,2,2,0.0,0.01,100.0,,,0,0,0,ncbi_only,Eukaryota,0.0
Laspeyria,0,0,0.0,0.0,2,1,2,0.0,0.0,100.0,,,0,0,0,ncbi_only,Eukaryota,0.0
Caryopteris,0,0,0.0,0.0,2,1,2,0.0,0.0,100.0,,,0,0,0,ncbi_only,Eukaryota,0.0
Leptophobia,0,0,0.0,0.0,2,1,2,0.0,0.0,100.0,,,0,0,0,ncbi_only,Eukaryota,0.0
Leptopterna,0,0,0.0,0.0,2,1,2,0.0,0.0,100.0,,,0,0,0,ncbi_only,Eukaryota,0.0
Tholera,0,0,0.0,0.0,2,1,2,0.0,0.0,100.0,,,0,0,0,ncbi_only,Eukaryota,0.0
Ribautiana,0,0,0.0,0.0,2,1,2,0.0,0.0,100.0,,,0,0,0,ncbi_only,Eukaryota,0.0
Thamnidium,0,0,0.0,0.0,2,1,2,0.0,0.0,100.0,,,0,0,0,ncbi_only,Eukaryota,0.0
Thecophora,0,0,0.0,0.0,2,1,2,0.0,0.0,100.0,,,0,0,0,ncbi_only,Eukaryota,0.0
Lasiocampa,0,0,0.0,0.0,2,1,2,0.0,0.0,100.0,,,0,0,0,ncbi_only,Eukaryota,0.0
Leucogyrophana,0,0,0.0,0.0,2,2,2,0.0,0.01,100.0,,,0,0,0,ncbi_only,Eukaryota,0.0
Leucoma,0,0,0.0,0.0,2,1,2,0.0,0.0,100.0,,,0,0,0,ncbi_only,Eukaryota,0.0
Thumatha,0,0,0.0,0.0,2,1,2,0.0,0.0,100.0,,,0,0,0,ncbi_only,Eukaryota,0.0
Sabellastarte,0,0,0.0,0.0,2,1,2,0.0,0.0,100.0,,,0,0,0,ncbi_only,Eukaryota,0.0
Latheticus,0,0,0.0,0.0,2,1,2,0.0,0.0,100.0,,,0,0,0,ncbi_only,Eukaryota,0.0
Timandra,0,0,0.0,0.0,2,1,2,0.0,0.0,100.0,,,0,0,0,ncbi_only,Eukaryota,0.0
Chiropotes,0,0,0.0,0.0,2,2,1,0.0,0.01,50.0,,,0,0,0,ncbi_only,Eukaryota,0.0
Lobaria,0,0,0.0,0.0,2,2,0,0.0,0.01,0.0,,,0,0,0,ncbi_only,Eukaryota,0.0
Leptopelis,0,0,0.0,0.0,2,2,2,0.0,0.01,100.0,,,0,0,0,ncbi_only,Eukaryota,0.0
Kappamyces,0,0,0.0,0.0,2,2,2,0.0,0.01,100.0,,,0,0,0,ncbi_only,Eukaryota,0.0
Kappaphycus,0,0,0.0,0.0,2,2,2,0.0,0.01,100.0,,,0,0,0,ncbi_only,Eukaryota,0.0
Tilapia,0,0,0.0,0.0,2,2,2,0.0,0.01,100.0,,,0,0,0,ncbi_only,Eukaryota,0.0
Lithophaga,0,0,0.0,0.0,2,2,2,0.0,0.01,100.0,,,0,0,0,ncbi_only,Eukaryota,0.0
Leptothorax,0,0,0.0,0.0,2,1,2,0.0,0.0,100.0,,,0,0,0,ncbi_only,Eukaryota,0.0
Cerura,0,0,0.0,0.0,2,1,2,0.0,0.0,100.0,,,0,0,0,ncbi_only,Eukaryota,0.0
Sabra,0,0,0.0,0.0,2,1,2,0.0,0.0,100.0,,,0,0,0,ncbi_only,Eukaryota,0.0
Liasis,0,0,0.0,0.0,2,1,2,0.0,0.0,100.0,,,0,0,0,ncbi_only,Eukaryota,0.0
Laeosopis,0,0,0.0,0.0,2,1,2,0.0,0.0,100.0,,,0,0,0,ncbi_only,Eukaryota,0.0
Thyridium,0,0,0.0,0.0,2,2,2,0.0,0.01,100.0,,,0,0,0,ncbi_only,Eukaryota,0.0
Limaria,0,0,0.0,0.0,2,1,2,0.0,0.0,100.0,,,0,0,0,ncbi_only,Eukaryota,0.0
Catarhoe,0,0,0.0,0.0,2,1,2,0.0,0.0,100.0,,,0,0,0,ncbi_only,Eukaryota,0.0
Lithosia,0,0,0.0,0.0,2,1,2,0.0,0.0,100.0,,,0,0,0,ncbi_only,Eukaryota,0.0
Thermothielavioides,0,0,0.0,0.0,2,1,2,0.0,0.0,100.0,,,0,0,0,ncbi_only,Eukaryota,0.0
Chimonanthus,0,0,0.0,0.0,2,2,2,0.0,0.01,100.0,,,0,0,0,ncbi_only,Eukaryota,0.0
Chioides,0,0,0.0,0.0,2,2,2,0.0,0.01,100.0,,,0,0,0,ncbi_only,Eukaryota,0.0
Leptotes,0,0,0.0,0.0,2,1,2,0.0,0.0,100.0,,,0,0,0,ncbi_only,Eukaryota,0.0
Litoditis,0,0,0.0,0.0,2,1,2,0.0,0.0,100.0,,,0,0,0,ncbi_only,Eukaryota,0.0
Thecocarcelia,0,0,0.0,0.0,2,1,2,0.0,0.0,100.0,,,0,0,0,ncbi_only,Eukaryota,0.0
Ricordea,0,0,0.0,0.0,2,1,2,0.0,0.0,100.0,,,0,0,0,ncbi_only,Eukaryota,0.0
Castanopsis,0,0,0.0,0.0,2,2,2,0.0,0.01,100.0,,,0,0,0,ncbi_only,Eukaryota,0.0
Rutpela,0,0,0.0,0.0,2,1,2,0.0,0.0,100.0,,,0,0,0,ncbi_only,Eukaryota,0.0
Ceramica,0,0,0.0,0.0,2,1,2,0.0,0.0,100.0,,,0,0,0,ncbi_only,Eukaryota,0.0
Cephalothrix,0,0,0.0,0.0,2,2,2,0.0,0.01,100.0,,,0,0,0,ncbi_only,Eukaryota,0.0
Cephalotes,0,0,0.0,0.0,2,2,2,0.0,0.01,100.0,,,0,0,0,ncbi_only,Eukaryota,0.0
Ligustrum,0,0,0.0,0.0,2,1,2,0.0,0.0,100.0,,,0,0,0,ncbi_only,Eukaryota,0.0
Lignosus,0,0,0.0,0.0,2,2,2,0.0,0.01,100.0,,,0,0,0,ncbi_only,Eukaryota,0.0
Romanogobio,0,0,0.0,0.0,2,1,2,0.0,0.0,100.0,,,0,0,0,ncbi_only,Eukaryota,0.0
Thermobia,0,0,0.0,0.0,2,1,2,0.0,0.0,100.0,,,0,0,0,ncbi_only,Eukaryota,0.0
Centrocercus,0,0,0.0,0.0,2,2,2,0.0,0.01,100.0,,,0,0,0,ncbi_only,Eukaryota,0.0
Centropus,0,0,0.0,0.0,2,2,2,0.0,0.01,100.0,,,0,0,0,ncbi_only,Eukaryota,0.0
Centruroides,0,0,0.0,0.0,2,2,2,0.0,0.01,100.0,,,0,0,0,ncbi_only,Eukaryota,0.0
Cephalocassis,0,0,0.0,0.0,2,2,2,0.0,0.01,100.0,,,0,0,0,ncbi_only,Eukaryota,0.0
Romanomermis,0,0,0.0,0.0,2,1,2,0.0,0.0,100.0,,,0,0,0,ncbi_only,Eukaryota,0.0
Thyatira,0,0,0.0,0.0,2,1,2,0.0,0.0,100.0,,,0,0,0,ncbi_only,Eukaryota,0.0
Cephalopachus,0,0,0.0,0.0,2,1,2,0.0,0.0,100.0,,,0,0,0,ncbi_only,Eukaryota,0.0
Kyklioacalles,0,0,0.0,0.0,2,1,2,0.0,0.0,100.0,,,0,0,0,ncbi_only,Eukaryota,0.0
Thysanoteuthis,0,0,0.0,0.0,2,1,2,0.0,0.0,100.0,,,0,0,0,ncbi_only,Eukaryota,0.0
Cecidostiba,0,0,0.0,0.0,2,2,2,0.0,0.01,100.0,,,0,0,0,ncbi_only,Eukaryota,0.0
Leucophora,0,0,0.0,0.0,2,1,2,0.0,0.0,100.0,,,0,0,0,ncbi_only,Eukaryota,0.0
Theonella,0,0,0.0,0.0,2,1,2,0.0,0.0,100.0,,,0,0,0,ncbi_only,Eukaryota,0.0
Chamunda,0,0,0.0,0.0,2,1,2,0.0,0.0,100.0,,,0,0,0,ncbi_only,Eukaryota,0.0
Limnotilapia,0,0,0.0,0.0,2,1,2,0.0,0.0,100.0,,,0,0,0,ncbi_only,Eukaryota,0.0
Sabethes,0,0,0.0,0.0,2,1,2,0.0,0.0,100.0,,,0,0,0,ncbi_only,Eukaryota,0.0
Limanda,0,0,0.0,0.0,2,1,2,0.0,0.0,100.0,,,0,0,0,ncbi_only,Eukaryota,0.0
Ceriagrion,0,0,0.0,0.0,2,1,2,0.0,0.0,100.0,,,0,0,0,ncbi_only,Eukaryota,0.0
Ceratothoa,0,0,0.0,0.0,2,1,2,0.0,0.0,100.0,,,0,0,0,ncbi_only,Eukaryota,0.0
Ceratomyxa,0,0,0.0,0.0,2,2,2,0.0,0.01,100.0,,,0,0,0,ncbi_only,Eukaryota,0.0
Ceratodon,0,0,0.0,0.0,2,1,2,0.0,0.0,100.0,,,0,0,0,ncbi_only,Eukaryota,0.0
Ceratinia,0,0,0.0,0.0,2,1,2,0.0,0.0,100.0,,,0,0,0,ncbi_only,Eukaryota,0.0
Aaosphaeria,0,0,0.0,0.0,2,2,2,0.0,0.01,100.0,,,0,0,0,ncbi_only,Eukaryota,0.0
Ceraceosorus,0,0,0.0,0.0,2,2,2,0.0,0.01,100.0,,,0,0,0,ncbi_only,Eukaryota,0.0
Cerapteryx,0,0,0.0,0.0,2,1,2,0.0,0.0,100.0,,,0,0,0,ncbi_only,Eukaryota,0.0
Knoxdaviesia,0,0,0.0,0.0,2,2,2,0.0,0.01,100.0,,,0,0,0,ncbi_only,Eukaryota,0.0
Cebuella,0,0,0.0,0.0,2,2,2,0.0,0.01,100.0,,,0,0,0,ncbi_only,Eukaryota,0.0
Limnodromus,0,0,0.0,0.0,2,1,2,0.0,0.0,100.0,,,0,0,0,ncbi_only,Eukaryota,0.0
Chamaea,0,0,0.0,0.0,2,1,2,0.0,0.0,100.0,,,0,0,0,ncbi_only,Eukaryota,0.0
Cetraspora,0,0,0.0,0.0,2,1,2,0.0,0.0,100.0,,,0,0,0,ncbi_only,Eukaryota,0.0
Lagenorhynchus,0,0,0.0,0.0,2,1,2,0.0,0.0,100.0,,,0,0,0,ncbi_only,Eukaryota,0.0
Labeotropheus,0,0,0.0,0.0,2,2,2,0.0,0.01,100.0,,,0,0,0,ncbi_only,Eukaryota,0.0
Lignoscripta,0,0,0.0,0.0,2,1,0,0.0,0.0,0.0,,,0,0,0,ncbi_only,Eukaryota,0.0
Labia,0,0,0.0,0.0,2,1,2,0.0,0.0,100.0,,,0,0,0,ncbi_only,Eukaryota,0.0
Ligdia,0,0,0.0,0.0,2,1,2,0.0,0.0,100.0,,,0,0,0,ncbi_only,Eukaryota,0.0
Lablab,0,0,0.0,0.0,2,1,2,0.0,0.0,100.0,,,0,0,0,ncbi_only,Eukaryota,0.0
Rypticus,0,0,0.0,0.0,2,2,2,0.0,0.01,100.0,,,0,0,0,ncbi_only,Eukaryota,0.0
Laburnum,0,0,0.0,0.0,2,1,2,0.0,0.0,100.0,,,0,0,0,ncbi_only,Eukaryota,0.0
Lichina,0,0,0.0,0.0,2,2,1,0.0,0.01,50.0,,,0,0,0,ncbi_only,Eukaryota,0.0
Centella,0,0,0.0,0.0,2,1,2,0.0,0.0,100.0,,,0,0,0,ncbi_only,Eukaryota,0.0
Linanthus,0,0,0.0,0.0,2,1,2,0.0,0.0,100.0,,,0,0,0,ncbi_only,Eukaryota,0.0
Chalcosyrphus,0,0,0.0,0.0,2,1,2,0.0,0.0,100.0,,,0,0,0,ncbi_only,Eukaryota,0.0
Chalcis,0,0,0.0,0.0,2,1,2,0.0,0.0,100.0,,,0,0,0,ncbi_only,Eukaryota,0.0
Theristicus,0,0,0.0,0.0,2,1,2,0.0,0.0,100.0,,,0,0,0,ncbi_only,Eukaryota,0.0
Celypha,0,0,0.0,0.0,2,1,2,0.0,0.0,100.0,,,0,0,0,ncbi_only,Eukaryota,0.0
Chaetoderma,0,0,0.0,0.0,2,2,2,0.0,0.01,100.0,,,0,0,0,ncbi_only,Eukaryota,0.0
Limnaecia,0,0,0.0,0.0,2,1,2,0.0,0.0,100.0,,,0,0,0,ncbi_only,Eukaryota,0.0
Leucopleurus,0,0,0.0,0.0,2,1,2,0.0,0.0,100.0,,,0,0,0,ncbi_only,Eukaryota,0.0
Chamaenerion,0,0,0.0,0.0,2,1,2,0.0,0.0,100.0,,,0,0,0,ncbi_only,Eukaryota,0.0
Kondoa,0,0,0.0,0.0,2,2,2,0.0,0.01,100.0,,,0,0,0,ncbi_only,Eukaryota,0.0
Leucopsar,0,0,0.0,0.0,2,1,2,0.0,0.0,100.0,,,0,0,0,ncbi_only,Eukaryota,0.0
Kockiozyma,0,0,0.0,0.0,2,1,2,0.0,0.0,100.0,,,0,0,0,ncbi_only,Eukaryota,0.0
Kobus,0,0,0.0,0.0,2,2,2,0.0,0.01,100.0,,,0,0,0,ncbi_only,Eukaryota,0.0
Limtongia,0,0,0.0,0.0,2,1,2,0.0,0.0,100.0,,,0,0,0,ncbi_only,Eukaryota,0.0
Themiste,0,0,0.0,0.0,2,1,2,0.0,0.0,100.0,,,0,0,0,ncbi_only,Eukaryota,0.0
Limtongozyma,0,0,0.0,0.0,2,1,2,0.0,0.0,100.0,,,0,0,0,ncbi_only,Eukaryota,0.0
Thenea,0,0,0.0,0.0,2,1,2,0.0,0.0,100.0,,,0,0,0,ncbi_only,Eukaryota,0.0
Tischeria,0,0,0.0,0.0,2,1,2,0.0,0.0,100.0,,,0,0,0,ncbi_only,Eukaryota,0.0
Loris,0,0,0.0,0.0,2,2,2,0.0,0.01,100.0,,,0,0,0,ncbi_only,Eukaryota,0.0
Loripinus,0,0,0.0,0.0,2,1,2,0.0,0.0,100.0,,,0,0,0,ncbi_only,Eukaryota,0.0
Carallia,0,0,0.0,0.0,2,2,2,0.0,0.01,100.0,,,0,0,0,ncbi_only,Eukaryota,0.0
Caranx,0,0,0.0,0.0,2,2,2,0.0,0.01,100.0,,,0,0,0,ncbi_only,Eukaryota,0.0
Leiocassis,0,0,0.0,0.0,2,2,2,0.0,0.01,100.0,,,0,0,0,ncbi_only,Eukaryota,0.0
Cetrelia,0,0,0.0,0.0,2,2,0,0.0,0.01,0.0,,,0,0,0,ncbi_only,Eukaryota,0.0
Kryptopterus,0,0,0.0,0.0,2,1,2,0.0,0.0,100.0,,,0,0,0,ncbi_only,Eukaryota,0.0
Chaenocephalus,0,0,0.0,0.0,2,1,2,0.0,0.0,100.0,,,0,0,0,ncbi_only,Eukaryota,0.0
Cetorhinus,0,0,0.0,0.0,2,1,2,0.0,0.0,100.0,,,0,0,0,ncbi_only,Eukaryota,0.0
Cetonia,0,0,0.0,0.0,2,1,2,0.0,0.0,100.0,,,0,0,0,ncbi_only,Eukaryota,0.0
Tiana,0,0,0.0,0.0,2,1,2,0.0,0.0,100.0,,,0,0,0,ncbi_only,Eukaryota,0.0
Thryonomys,0,0,0.0,0.0,2,1,2,0.0,0.0,100.0,,,0,0,0,ncbi_only,Eukaryota,0.0
Limnochromis,0,0,0.0,0.0,2,1,2,0.0,0.0,100.0,,,0,0,0,ncbi_only,Eukaryota,0.0
Cenopis,0,0,0.0,0.0,2,1,2,0.0,0.0,100.0,,,0,0,0,ncbi_only,Eukaryota,0.0
Lagria,0,0,0.0,0.0,2,1,2,0.0,0.0,100.0,,,0,0,0,ncbi_only,Eukaryota,0.0
Salpingoeca,0,0,0.0,0.0,2,1,2,0.0,0.0,100.0,,,0,0,0,ncbi_only,Eukaryota,0.0
Leistus,0,0,0.0,0.0,2,1,2,0.0,0.0,100.0,,,0,0,0,ncbi_only,Eukaryota,0.0
Leia,0,0,0.0,0.0,2,1,2,0.0,0.0,100.0,,,0,0,0,ncbi_only,Eukaryota,0.0
Lordithon,0,0,0.0,0.0,2,1,2,0.0,0.0,100.0,,,0,0,0,ncbi_only,Eukaryota,0.0
Choreutis,0,0,0.0,0.0,2,1,2,0.0,0.0,100.0,,,0,0,0,ncbi_only,Eukaryota,0.0
Lophoceros,0,0,0.0,0.0,2,2,2,0.0,0.01,100.0,,,0,0,0,ncbi_only,Eukaryota,0.0
Leucozona,0,0,0.0,0.0,2,1,2,0.0,0.0,100.0,,,0,0,0,ncbi_only,Eukaryota,0.0
Kretania,0,0,0.0,0.0,2,1,2,0.0,0.0,100.0,,,0,0,0,ncbi_only,Eukaryota,0.0
Leuctra,0,0,0.0,0.0,2,1,2,0.0,0.0,100.0,,,0,0,0,ncbi_only,Eukaryota,0.0
Limnanthes,0,0,0.0,0.0,2,1,2,0.0,0.0,100.0,,,0,0,0,ncbi_only,Eukaryota,0.0
Leuresthes,0,0,0.0,0.0,2,1,2,0.0,0.0,100.0,,,0,0,0,ncbi_only,Eukaryota,0.0
Thalpophila,0,0,0.0,0.0,2,1,2,0.0,0.0,100.0,,,0,0,0,ncbi_only,Eukaryota,0.0
Ceraclea,0,0,0.0,0.0,2,1,2,0.0,0.0,100.0,,,0,0,0,ncbi_only,Eukaryota,0.0
Lepomis,0,0,0.0,0.0,2,2,2,0.0,0.01,100.0,,,0,0,0,ncbi_only,Eukaryota,0.0
Tetrao,0,0,0.0,0.0,2,1,2,0.0,0.0,100.0,,,0,0,0,ncbi_only,Eukaryota,0.0
Rhopaloeides,0,0,0.0,0.0,2,1,2,0.0,0.0,100.0,,,0,0,0,ncbi_only,Eukaryota,0.0
Tiphia,0,0,0.0,0.0,2,1,2,0.0,0.0,100.0,,,0,0,0,ncbi_only,Eukaryota,0.0
Tetraselmis,0,0,0.0,0.0,2,2,2,0.0,0.01,100.0,,,0,0,0,ncbi_only,Eukaryota,0.0
Lophura,0,0,0.0,0.0,2,2,2,0.0,0.01,100.0,,,0,0,0,ncbi_only,Eukaryota,0.0
Chromidotilapia,0,0,0.0,0.0,2,1,2,0.0,0.0,100.0,,,0,0,0,ncbi_only,Eukaryota,0.0
Jasione,0,0,0.0,0.0,2,1,2,0.0,0.0,100.0,,,0,0,0,ncbi_only,Eukaryota,0.0
Carcina,0,0,0.0,0.0,2,1,2,0.0,0.0,100.0,,,0,0,0,ncbi_only,Eukaryota,0.0
Leiobunum,0,0,0.0,0.0,2,2,2,0.0,0.01,100.0,,,0,0,0,ncbi_only,Eukaryota,0.0
Thinopyrum,0,0,0.0,0.0,2,2,2,0.0,0.01,100.0,,,0,0,0,ncbi_only,Eukaryota,0.0
Lepidosiren,0,0,0.0,0.0,2,1,2,0.0,0.0,100.0,,,0,0,0,ncbi_only,Eukaryota,0.0
Tivela,0,0,0.0,0.0,2,1,2,0.0,0.0,100.0,,,0,0,0,ncbi_only,Eukaryota,0.0
Salsola,0,0,0.0,0.0,2,1,2,0.0,0.0,100.0,,,0,0,0,ncbi_only,Eukaryota,0.0
Loxospora,0,0,0.0,0.0,2,2,0,0.0,0.01,0.0,,,0,0,0,ncbi_only,Eukaryota,0.0
Lepidonotothen,0,0,0.0,0.0,2,2,2,0.0,0.01,100.0,,,0,0,0,ncbi_only,Eukaryota,0.0
Rhogogaster,0,0,0.0,0.0,2,1,2,0.0,0.0,100.0,,,0,0,0,ncbi_only,Eukaryota,0.0
Salpingus,0,0,0.0,0.0,2,1,2,0.0,0.0,100.0,,,0,0,0,ncbi_only,Eukaryota,0.0
Lepidonotus,0,0,0.0,0.0,2,1,2,0.0,0.0,100.0,,,0,0,0,ncbi_only,Eukaryota,0.0
Jackrogersella,0,0,0.0,0.0,2,2,2,0.0,0.01,100.0,,,0,0,0,ncbi_only,Eukaryota,0.0
Capsaspora,0,0,0.0,0.0,2,1,2,0.0,0.0,100.0,,,0,0,0,ncbi_only,Eukaryota,0.0
Jacaranda,0,0,0.0,0.0,2,2,2,0.0,0.01,100.0,,,0,0,0,ncbi_only,Eukaryota,0.0
Samolus,0,0,0.0,0.0,2,1,2,0.0,0.0,100.0,,,0,0,0,ncbi_only,Eukaryota,0.0
Samia,0,0,0.0,0.0,2,1,2,0.0,0.0,100.0,,,0,0,0,ncbi_only,Eukaryota,0.0
Lunularia,0,0,0.0,0.0,2,1,2,0.0,0.0,100.0,,,0,0,0,ncbi_only,Eukaryota,0.0
Rhynchocyon,0,0,0.0,0.0,2,1,2,0.0,0.0,100.0,,,0,0,0,ncbi_only,Eukaryota,0.0
Tetratostichococcus,0,0,0.0,0.0,2,1,2,0.0,0.0,100.0,,,0,0,0,ncbi_only,Eukaryota,0.0
Jera,0,0,0.0,0.0,2,1,2,0.0,0.0,100.0,,,0,0,0,ncbi_only,Eukaryota,0.0
Tetropium,0,0,0.0,0.0,2,1,2,0.0,0.0,100.0,,,0,0,0,ncbi_only,Eukaryota,0.0
Rossomyrmex,0,0,0.0,0.0,2,2,2,0.0,0.01,100.0,,,0,0,0,ncbi_only,Eukaryota,0.0
Carduelis,0,0,0.0,0.0,2,2,2,0.0,0.01,100.0,,,0,0,0,ncbi_only,Eukaryota,0.0
Rhynchopelta,0,0,0.0,0.0,2,1,2,0.0,0.0,100.0,,,0,0,0,ncbi_only,Eukaryota,0.0
Tinospora,0,0,0.0,0.0,2,1,2,0.0,0.0,100.0,,,0,0,0,ncbi_only,Eukaryota,0.0
Choricystis,0,0,0.0,0.0,2,1,2,0.0,0.0,100.0,,,0,0,0,ncbi_only,Eukaryota,0.0
Cardiopharynx,0,0,0.0,0.0,2,1,2,0.0,0.0,100.0,,,0,0,0,ncbi_only,Eukaryota,0.0
Tolmerus,0,0,0.0,0.0,2,1,2,0.0,0.0,100.0,,,0,0,0,ncbi_only,Eukaryota,0.0
Tetraclita,0,0,0.0,0.0,2,1,2,0.0,0.0,100.0,,,0,0,0,ncbi_only,Eukaryota,0.0
Chrysopilus,0,0,0.0,0.0,2,1,2,0.0,0.0,100.0,,,0,0,0,ncbi_only,Eukaryota,0.0
Chrysodeixis,0,0,0.0,0.0,2,1,2,0.0,0.0,100.0,,,0,0,0,ncbi_only,Eukaryota,0.0
Chrysocyon,0,0,0.0,0.0,2,1,2,0.0,0.0,100.0,,,0,0,0,ncbi_only,Eukaryota,0.0
Itoplectis,0,0,0.0,0.0,2,1,2,0.0,0.0,100.0,,,0,0,0,ncbi_only,Eukaryota,0.0
Chromera,0,0,0.0,0.0,2,1,2,0.0,0.0,100.0,,,0,0,0,ncbi_only,Eukaryota,0.0
Carcinoscorpius,0,0,0.0,0.0,2,1,2,0.0,0.0,100.0,,,0,0,0,ncbi_only,Eukaryota,0.0
Salminus,0,0,0.0,0.0,2,1,2,0.0,0.0,100.0,,,0,0,0,ncbi_only,Eukaryota,0.0
Rhyacionia,0,0,0.0,0.0,2,1,2,0.0,0.0,100.0,,,0,0,0,ncbi_only,Eukaryota,0.0
Leptarthrus,0,0,0.0,0.0,2,1,2,0.0,0.0,100.0,,,0,0,0,ncbi_only,Eukaryota,0.0
Leptasterias,0,0,0.0,0.0,2,1,2,0.0,0.0,100.0,,,0,0,0,ncbi_only,Eukaryota,0.0
Chorisops,0,0,0.0,0.0,2,1,2,0.0,0.0,100.0,,,0,0,0,ncbi_only,Eukaryota,0.0
Cardinalis,0,0,0.0,0.0,2,1,2,0.0,0.0,100.0,,,0,0,0,ncbi_only,Eukaryota,0.0
Cardiocondyla,0,0,0.0,0.0,2,1,2,0.0,0.0,100.0,,,0,0,0,ncbi_only,Eukaryota,0.0
Salmacisia,0,0,0.0,0.0,2,1,2,0.0,0.0,100.0,,,0,0,0,ncbi_only,Eukaryota,0.0
Lepidogalaxias,0,0,0.0,0.0,2,1,2,0.0,0.0,100.0,,,0,0,0,ncbi_only,Eukaryota,0.0
Issoria,0,0,0.0,0.0,2,1,2,0.0,0.0,100.0,,,0,0,0,ncbi_only,Eukaryota,0.0
Isotomiella,0,0,0.0,0.0,2,2,2,0.0,0.01,100.0,,,0,0,0,ncbi_only,Eukaryota,0.0
Lepidocyrtinus,0,0,0.0,0.0,2,2,2,0.0,0.01,100.0,,,0,0,0,ncbi_only,Eukaryota,0.0
Chrysochloris,0,0,0.0,0.0,2,1,2,0.0,0.0,100.0,,,0,0,0,ncbi_only,Eukaryota,0.0
Capillidium,0,0,0.0,0.0,2,2,2,0.0,0.01,100.0,,,0,0,0,ncbi_only,Eukaryota,0.0
Isoetes,0,0,0.0,0.0,2,2,2,0.0,0.01,100.0,,,0,0,0,ncbi_only,Eukaryota,0.0
Sambucus,0,0,0.0,0.0,2,1,2,0.0,0.0,100.0,,,0,0,0,ncbi_only,Eukaryota,0.0
Lepidochitona,0,0,0.0,0.0,2,1,2,0.0,0.0,100.0,,,0,0,0,ncbi_only,Eukaryota,0.0
Lumnitzera,0,0,0.0,0.0,2,2,2,0.0,0.01,100.0,,,0,0,0,ncbi_only,Eukaryota,0.0
Isopora,0,0,0.0,0.0,2,1,2,0.0,0.0,100.0,,,0,0,0,ncbi_only,Eukaryota,0.0
Candoia,0,0,0.0,0.0,2,1,2,0.0,0.0,100.0,,,0,0,0,ncbi_only,Eukaryota,0.0
Ischnosiphon,0,0,0.0,0.0,2,1,2,0.0,0.0,100.0,,,0,0,0,ncbi_only,Eukaryota,0.0
Chrysoteuchia,0,0,0.0,0.0,2,1,2,0.0,0.0,100.0,,,0,0,0,ncbi_only,Eukaryota,0.0
Chrysosporium,0,0,0.0,0.0,2,2,2,0.0,0.01,100.0,,,0,0,0,ncbi_only,Eukaryota,0.0
Rozella,0,0,0.0,0.0,2,1,2,0.0,0.0,100.0,,,0,0,0,ncbi_only,Eukaryota,0.0
Thalassaphorura,0,0,0.0,0.0,2,1,2,0.0,0.0,100.0,,,0,0,0,ncbi_only,Eukaryota,0.0
Carnegiea,0,0,0.0,0.0,2,1,2,0.0,0.0,100.0,,,0,0,0,ncbi_only,Eukaryota,0.0
Logfia,0,0,0.0,0.0,2,1,2,0.0,0.0,100.0,,,0,0,0,ncbi_only,Eukaryota,0.0
Thalassoma,0,0,0.0,0.0,2,2,2,0.0,0.01,100.0,,,0,0,0,ncbi_only,Eukaryota,0.0
Layia,0,0,0.0,0.0,2,1,2,0.0,0.0,100.0,,,0,0,0,ncbi_only,Eukaryota,0.0
Leptoclinus,0,0,0.0,0.0,2,1,2,0.0,0.0,100.0,,,0,0,0,ncbi_only,Eukaryota,0.0
Luffia,0,0,0.0,0.0,2,1,2,0.0,0.0,100.0,,,0,0,0,ncbi_only,Eukaryota,0.0
Ivindomyrus,0,0,0.0,0.0,2,2,2,0.0,0.01,100.0,,,0,0,0,ncbi_only,Eukaryota,0.0
Capronia,0,0,0.0,0.0,2,2,2,0.0,0.01,100.0,,,0,0,0,ncbi_only,Eukaryota,0.0
Salticus,0,0,0.0,0.0,2,1,2,0.0,0.0,100.0,,,0,0,0,ncbi_only,Eukaryota,0.0
Luidia,0,0,0.0,0.0,2,1,2,0.0,0.0,100.0,,,0,0,0,ncbi_only,Eukaryota,0.0
Luciobarbus,0,0,0.0,0.0,2,2,2,0.0,0.01,100.0,,,0,0,0,ncbi_only,Eukaryota,0.0
Lepidoglyphus,0,0,0.0,0.0,2,1,2,0.0,0.0,100.0,,,0,0,0,ncbi_only,Eukaryota,0.0
Lucinisca,0,0,0.0,0.0,2,1,2,0.0,0.0,100.0,,,0,0,0,ncbi_only,Eukaryota,0.0
Lucinella,0,0,0.0,0.0,2,1,2,0.0,0.0,100.0,,,0,0,0,ncbi_only,Eukaryota,0.0
Lenisa,0,0,0.0,0.0,2,1,2,0.0,0.0,100.0,,,0,0,0,ncbi_only,Eukaryota,0.0
Thalassarche,0,0,0.0,0.0,2,2,2,0.0,0.01,100.0,,,0,0,0,ncbi_only,Eukaryota,0.0
Carpatolechia,0,0,0.0,0.0,2,1,2,0.0,0.0,100.0,,,0,0,0,ncbi_only,Eukaryota,0.0
Locusta,0,0,0.0,0.0,2,1,2,0.0,0.0,100.0,,,0,0,0,ncbi_only,Eukaryota,0.0
Chlorospingus,0,0,0.0,0.0,2,2,2,0.0,0.01,100.0,,,0,0,0,ncbi_only,Eukaryota,0.0
Jonaspyge,0,0,0.0,0.0,2,2,2,0.0,0.01,100.0,,,0,0,0,ncbi_only,Eukaryota,0.0
Lavandula,0,0,0.0,0.0,2,1,2,0.0,0.0,100.0,,,0,0,0,ncbi_only,Eukaryota,0.0
Ispidina,0,0,0.0,0.0,2,2,2,0.0,0.01,100.0,,,0,0,0,ncbi_only,Eukaryota,0.0
Istiophorus,0,0,0.0,0.0,2,1,2,0.0,0.0,100.0,,,0,0,0,ncbi_only,Eukaryota,0.0
Chrysina,0,0,0.0,0.0,2,2,2,0.0,0.01,100.0,,,0,0,0,ncbi_only,Eukaryota,0.0
Isturgia,0,0,0.0,0.0,2,1,2,0.0,0.0,100.0,,,0,0,0,ncbi_only,Eukaryota,0.0
Toensbergia,0,0,0.0,0.0,2,1,0,0.0,0.0,0.0,,,0,0,0,ncbi_only,Eukaryota,0.0
Tetramitus,0,0,0.0,0.0,2,1,2,0.0,0.0,100.0,,,0,0,0,ncbi_only,Eukaryota,0.0
Capitulum,0,0,0.0,0.0,2,1,2,0.0,0.0,100.0,,,0,0,0,ncbi_only,Eukaryota,0.0
Chondrosia,0,0,0.0,0.0,2,1,2,0.0,0.0,100.0,,,0,0,0,ncbi_only,Eukaryota,0.0
Rhopobota,0,0,0.0,0.0,2,1,2,0.0,0.0,100.0,,,0,0,0,ncbi_only,Eukaryota,0.0
Lonchoptera,0,0,0.0,0.0,2,1,2,0.0,0.0,100.0,,,0,0,0,ncbi_only,Eukaryota,0.0
Molanna,0,0,0.0,0.0,2,1,2,0.0,0.0,100.0,,,0,0,0,ncbi_only,Eukaryota,0.0
Monacha,0,0,0.0,0.0,2,1,2,0.0,0.0,100.0,,,0,0,0,ncbi_only,Eukaryota,0.0
Mompha,0,0,0.0,0.0,2,1,2,0.0,0.0,100.0,,,0,0,0,ncbi_only,Eukaryota,0.0
Tomopterna,0,0,0.0,0.0,2,2,2,0.0,0.01,100.0,,,0,0,0,ncbi_only,Eukaryota,0.0
Micromys,0,0,0.0,0.0,2,1,2,0.0,0.0,100.0,,,0,0,0,ncbi_only,Eukaryota,0.0
Tussilago,0,0,0.0,0.0,2,1,2,0.0,0.0,100.0,,,0,0,0,ncbi_only,Eukaryota,0.0
Leptobotia,0,0,0.0,0.0,2,1,2,0.0,0.0,100.0,,,0,0,0,ncbi_only,Eukaryota,0.0
Chloroclystis,0,0,0.0,0.0,2,1,2,0.0,0.0,100.0,,,0,0,0,ncbi_only,Eukaryota,0.0
Rossbeevera,0,0,0.0,0.0,2,2,2,0.0,0.01,100.0,,,0,0,0,ncbi_only,Eukaryota,0.0
Tinamus,0,0,0.0,0.0,2,2,2,0.0,0.01,100.0,,,0,0,0,ncbi_only,Eukaryota,0.0
Chloropsis,0,0,0.0,0.0,2,2,2,0.0,0.01,100.0,,,0,0,0,ncbi_only,Eukaryota,0.0
Loensia,0,0,0.0,0.0,2,1,2,0.0,0.0,100.0,,,0,0,0,ncbi_only,Eukaryota,0.0
Rucervus,0,0,0.0,0.0,2,1,2,0.0,0.0,100.0,,,0,0,0,ncbi_only,Eukaryota,0.0
Thalassia,0,0,0.0,0.0,2,1,2,0.0,0.0,100.0,,,0,0,0,ncbi_only,Eukaryota,0.0
Chloroclysta,0,0,0.0,0.0,2,1,2,0.0,0.0,100.0,,,0,0,0,ncbi_only,Eukaryota,0.0
Choanephora,0,0,0.0,0.0,2,1,2,0.0,0.0,100.0,,,0,0,0,ncbi_only,Eukaryota,0.0
Minettia,0,0,0.0,0.0,2,1,2,0.0,0.0,100.0,,,0,0,0,ncbi_only,Eukaryota,0.0
Tuctoria,0,0,0.0,0.0,2,1,2,0.0,0.0,100.0,,,0,0,0,ncbi_only,Eukaryota,0.0
Brachypterus,0,0,0.0,0.0,2,1,2,0.0,0.0,100.0,,,0,0,0,ncbi_only,Eukaryota,0.0
Micromussa,0,0,0.0,0.0,2,1,2,0.0,0.0,100.0,,,0,0,0,ncbi_only,Eukaryota,0.0
Achondrostoma,0,0,0.0,0.0,2,1,2,0.0,0.0,100.0,,,0,0,0,ncbi_only,Eukaryota,0.0
Tumenectria,0,0,0.0,0.0,2,1,2,0.0,0.0,100.0,,,0,0,0,ncbi_only,Eukaryota,0.0
Truncatella,0,0,0.0,0.0,2,1,2,0.0,0.0,100.0,,,0,0,0,ncbi_only,Eukaryota,0.0
Lythrum,0,0,0.0,0.0,2,1,2,0.0,0.0,100.0,,,0,0,0,ncbi_only,Eukaryota,0.0
Brachypetersius,0,0,0.0,0.0,2,2,2,0.0,0.01,100.0,,,0,0,0,ncbi_only,Eukaryota,0.0
Macaranga,0,0,0.0,0.0,2,2,2,0.0,0.01,100.0,,,0,0,0,ncbi_only,Eukaryota,0.0
Plecotus,0,0,0.0,0.0,2,1,2,0.0,0.0,100.0,,,0,0,0,ncbi_only,Eukaryota,0.0
Planococcus,0,0,0.0,0.0,2,1,92,0.0,0.0,59.35,,,0,0,0,ncbi_only,Eukaryota,0.0
Lutra,0,0,0.0,0.0,2,1,2,0.0,0.0,100.0,,,0,0,0,ncbi_only,Eukaryota,0.0
Brachyopa,0,0,0.0,0.0,2,1,2,0.0,0.0,100.0,,,0,0,0,ncbi_only,Eukaryota,0.0
Lutzomyia,0,0,0.0,0.0,2,1,2,0.0,0.0,100.0,,,0,0,0,ncbi_only,Eukaryota,0.0
Tortricodes,0,0,0.0,0.0,2,1,2,0.0,0.0,100.0,,,0,0,0,ncbi_only,Eukaryota,0.0
Macrovipera,0,0,0.0,0.0,2,1,2,0.0,0.0,100.0,,,0,0,0,ncbi_only,Eukaryota,0.0
Macrotyloma,0,0,0.0,0.0,2,1,2,0.0,0.0,100.0,,,0,0,0,ncbi_only,Eukaryota,0.0
Micromesistius,0,0,0.0,0.0,2,1,2,0.0,0.0,100.0,,,0,0,0,ncbi_only,Eukaryota,0.0
Pyrrhosoma,0,0,0.0,0.0,2,1,2,0.0,0.0,100.0,,,0,0,0,ncbi_only,Eukaryota,0.0
Mactra,0,0,0.0,0.0,2,2,2,0.0,0.01,100.0,,,0,0,0,ncbi_only,Eukaryota,0.0
Tomares,0,0,0.0,0.0,2,1,2,0.0,0.0,100.0,,,0,0,0,ncbi_only,Eukaryota,0.0
Macadamia,0,0,0.0,0.0,2,2,2,0.0,0.01,100.0,,,0,0,0,ncbi_only,Eukaryota,0.0
Rhodometra,0,0,0.0,0.0,2,1,2,0.0,0.0,100.0,,,0,0,0,ncbi_only,Eukaryota,0.0
Brachyrhaphis,0,0,0.0,0.0,2,2,2,0.0,0.01,100.0,,,0,0,0,ncbi_only,Eukaryota,0.0
Pyrrhia,0,0,0.0,0.0,2,1,2,0.0,0.0,100.0,,,0,0,0,ncbi_only,Eukaryota,0.0
Rhodofomes,0,0,0.0,0.0,2,1,2,0.0,0.0,100.0,,,0,0,0,ncbi_only,Eukaryota,0.0
Macrothele,0,0,0.0,0.0,2,2,2,0.0,0.01,100.0,,,0,0,0,ncbi_only,Eukaryota,0.0
Acholoe,0,0,0.0,0.0,2,1,2,0.0,0.0,100.0,,,0,0,0,ncbi_only,Eukaryota,0.0
Lysimachia,0,0,0.0,0.0,2,1,2,0.0,0.0,100.0,,,0,0,0,ncbi_only,Eukaryota,0.0
Lythria,0,0,0.0,0.0,2,1,2,0.0,0.0,100.0,,,0,0,0,ncbi_only,Eukaryota,0.0
Brachymystax,0,0,0.0,0.0,2,1,2,0.0,0.0,100.0,,,0,0,0,ncbi_only,Eukaryota,0.0
Quillaja,0,0,0.0,0.0,2,1,2,0.0,0.0,100.0,,,0,0,0,ncbi_only,Eukaryota,0.0
Brachypalpus,0,0,0.0,0.0,2,1,2,0.0,0.0,100.0,,,0,0,0,ncbi_only,Eukaryota,0.0
Macrourus,0,0,0.0,0.0,2,2,2,0.0,0.01,100.0,,,0,0,0,ncbi_only,Eukaryota,0.0
Tulosesus,0,0,0.0,0.0,2,1,2,0.0,0.0,100.0,,,0,0,0,ncbi_only,Eukaryota,0.0
Boreogadus,0,0,0.0,0.0,2,1,2,0.0,0.0,100.0,,,0,0,0,ncbi_only,Eukaryota,0.0
Tortrix,0,0,0.0,0.0,2,1,2,0.0,0.0,100.0,,,0,0,0,ncbi_only,Eukaryota,0.0
Macroconia,0,0,0.0,0.0,2,2,2,0.0,0.01,100.0,,,0,0,0,ncbi_only,Eukaryota,0.0
Lyrurus,0,0,0.0,0.0,2,1,2,0.0,0.0,100.0,,,0,0,0,ncbi_only,Eukaryota,0.0
Misopates,0,0,0.0,0.0,2,1,2,0.0,0.0,100.0,,,0,0,0,ncbi_only,Eukaryota,0.0
Rhodomonas,0,0,0.0,0.0,2,2,2,0.0,0.01,100.0,,,0,0,0,ncbi_only,Eukaryota,0.0
Micrurus,0,0,0.0,0.0,2,2,2,0.0,0.01,100.0,,,0,0,0,ncbi_only,Eukaryota,0.0
Lyonetia,0,0,0.0,0.0,2,1,2,0.0,0.0,100.0,,,0,0,0,ncbi_only,Eukaryota,0.0
Maconellicoccus,0,0,0.0,0.0,2,1,2,0.0,0.0,100.0,,,0,0,0,ncbi_only,Eukaryota,0.0
Lygephila,0,0,0.0,0.0,2,1,2,0.0,0.0,100.0,,,0,0,0,ncbi_only,Eukaryota,0.0
Brasenia,0,0,0.0,0.0,2,1,2,0.0,0.0,100.0,,,0,0,0,ncbi_only,Eukaryota,0.0
Turbinaria,0,0,0.0,0.0,2,1,2,0.0,0.0,100.0,,,0,0,0,ncbi_only,Eukaryota,0.0
Bretschneidera,0,0,0.0,0.0,2,1,2,0.0,0.0,100.0,,,0,0,0,ncbi_only,Eukaryota,0.0
Millerago,0,0,0.0,0.0,2,2,2,0.0,0.01,100.0,,,0,0,0,ncbi_only,Eukaryota,0.0
Macronectria,0,0,0.0,0.0,2,2,2,0.0,0.01,100.0,,,0,0,0,ncbi_only,Eukaryota,0.0
Macomangulus,0,0,0.0,0.0,2,1,2,0.0,0.0,100.0,,,0,0,0,ncbi_only,Eukaryota,0.0
Trypoxylus,0,0,0.0,0.0,2,1,2,0.0,0.0,100.0,,,0,0,0,ncbi_only,Eukaryota,0.0
Macoma,0,0,0.0,0.0,2,2,2,0.0,0.01,100.0,,,0,0,0,ncbi_only,Eukaryota,0.0
Piezodorus,0,0,0.0,0.0,2,1,2,0.0,0.0,100.0,,,0,0,0,ncbi_only,Eukaryota,0.0
Torilis,0,0,0.0,0.0,2,1,2,0.0,0.0,100.0,,,0,0,0,ncbi_only,Eukaryota,0.0
Boulengerochromis,0,0,0.0,0.0,2,1,2,0.0,0.0,100.0,,,0,0,0,ncbi_only,Eukaryota,0.0
Pyrochroa,0,0,0.0,0.0,2,1,2,0.0,0.0,100.0,,,0,0,0,ncbi_only,Eukaryota,0.0
Miichthys,0,0,0.0,0.0,2,1,2,0.0,0.0,100.0,,,0,0,0,ncbi_only,Eukaryota,0.0
Turbatrix,0,0,0.0,0.0,2,1,2,0.0,0.0,100.0,,,0,0,0,ncbi_only,Eukaryota,0.0
Macrocybe,0,0,0.0,0.0,2,2,2,0.0,0.01,100.0,,,0,0,0,ncbi_only,Eukaryota,0.0
Tuberolachnus,0,0,0.0,0.0,2,1,2,0.0,0.0,100.0,,,0,0,0,ncbi_only,Eukaryota,0.0
Lymnocryptes,0,0,0.0,0.0,2,1,2,0.0,0.0,100.0,,,0,0,0,ncbi_only,Eukaryota,0.0
Macrochelys,0,0,0.0,0.0,2,1,2,0.0,0.0,100.0,,,0,0,0,ncbi_only,Eukaryota,0.0
Macrocystis,0,0,0.0,0.0,2,1,2,0.0,0.0,100.0,,,0,0,0,ncbi_only,Eukaryota,0.0
Bougainvillea,0,0,0.0,0.0,2,1,2,0.0,0.0,100.0,,,0,0,0,ncbi_only,Eukaryota,0.0
Acheta,0,0,0.0,0.0,2,1,2,0.0,0.0,100.0,,,0,0,0,ncbi_only,Eukaryota,0.0
Macrocentrus,0,0,0.0,0.0,2,1,2,0.0,0.0,100.0,,,0,0,0,ncbi_only,Eukaryota,0.0
Lymnaea,0,0,0.0,0.0,2,1,2,0.0,0.0,100.0,,,0,0,0,ncbi_only,Eukaryota,0.0
Macquaria,0,0,0.0,0.0,2,2,2,0.0,0.01,100.0,,,0,0,0,ncbi_only,Eukaryota,0.0
Mixia,0,0,0.0,0.0,2,1,2,0.0,0.0,100.0,,,0,0,0,ncbi_only,Eukaryota,0.0
Microstomus,0,0,0.0,0.0,2,1,2,0.0,0.0,100.0,,,0,0,0,ncbi_only,Eukaryota,0.0
Toxonevra,0,0,0.0,0.0,2,1,2,0.0,0.0,100.0,,,0,0,0,ncbi_only,Eukaryota,0.0
Lypha,0,0,0.0,0.0,2,1,2,0.0,0.0,100.0,,,0,0,0,ncbi_only,Eukaryota,0.0
Lyroderma,0,0,0.0,0.0,2,1,2,0.0,0.0,100.0,,,0,0,0,ncbi_only,Eukaryota,0.0
Mimachlamys,0,0,0.0,0.0,2,1,2,0.0,0.0,100.0,,,0,0,0,ncbi_only,Eukaryota,0.0
Brintesia,0,0,0.0,0.0,2,1,2,0.0,0.0,100.0,,,0,0,0,ncbi_only,Eukaryota,0.0
Mimas,0,0,0.0,0.0,2,1,2,0.0,0.0,100.0,,,0,0,0,ncbi_only,Eukaryota,0.0
Lycodon,0,0,0.0,0.0,2,2,2,0.0,0.01,100.0,,,0,0,0,ncbi_only,Eukaryota,0.0
Mirificarma,0,0,0.0,0.0,2,1,2,0.0,0.0,100.0,,,0,0,0,ncbi_only,Eukaryota,0.0
Zygothrica,0,0,0.0,0.0,2,2,2,0.0,0.01,100.0,,,0,0,0,ncbi_only,Eukaryota,0.0
Abortiporus,0,0,0.0,0.0,2,1,2,0.0,0.0,100.0,,,0,0,0,ncbi_only,Eukaryota,0.0
Mionectes,0,0,0.0,0.0,2,2,2,0.0,0.01,100.0,,,0,0,0,ncbi_only,Eukaryota,0.0
Pyxicephalus,0,0,0.0,0.0,2,1,2,0.0,0.0,100.0,,,0,0,0,ncbi_only,Eukaryota,0.0
Bradypus,0,0,0.0,0.0,2,2,2,0.0,0.01,100.0,,,0,0,0,ncbi_only,Eukaryota,0.0
Brachylomia,0,0,0.0,0.0,2,1,2,0.0,0.0,100.0,,,0,0,0,ncbi_only,Eukaryota,0.0
Turritis,0,0,0.0,0.0,2,1,2,0.0,0.0,100.0,,,0,0,0,ncbi_only,Eukaryota,0.0
Rhodophaea,0,0,0.0,0.0,2,1,2,0.0,0.0,100.0,,,0,0,0,ncbi_only,Eukaryota,0.0
Maccullochella,0,0,0.0,0.0,2,2,2,0.0,0.01,100.0,,,0,0,0,ncbi_only,Eukaryota,0.0
Lycodopsis,0,0,0.0,0.0,2,1,2,0.0,0.0,100.0,,,0,0,0,ncbi_only,Eukaryota,0.0
Quedius,0,0,0.0,0.0,2,1,2,0.0,0.0,100.0,,,0,0,0,ncbi_only,Eukaryota,0.0
Botaurus,0,0,0.0,0.0,2,2,2,0.0,0.01,100.0,,,0,0,0,ncbi_only,Eukaryota,0.0
Abax,0,0,0.0,0.0,2,1,2,0.0,0.0,100.0,,,0,0,0,ncbi_only,Eukaryota,0.0
Miltochrista,0,0,0.0,0.0,2,1,2,0.0,0.0,100.0,,,0,0,0,ncbi_only,Eukaryota,0.0
Macropodus,0,0,0.0,0.0,2,1,2,0.0,0.0,100.0,,,0,0,0,ncbi_only,Eukaryota,0.0
Botia,0,0,0.0,0.0,2,2,2,0.0,0.01,100.0,,,0,0,0,ncbi_only,Eukaryota,0.0
Lycopodina,0,0,0.0,0.0,2,1,2,0.0,0.0,100.0,,,0,0,0,ncbi_only,Eukaryota,0.0
Lycophotia,0,0,0.0,0.0,2,1,2,0.0,0.0,100.0,,,0,0,0,ncbi_only,Eukaryota,0.0
Trypoxylon,0,0,0.0,0.0,2,1,2,0.0,0.0,100.0,,,0,0,0,ncbi_only,Eukaryota,0.0
Bostrychus,0,0,0.0,0.0,2,1,2,0.0,0.0,100.0,,,0,0,0,ncbi_only,Eukaryota,0.0
Branchellion,0,0,0.0,0.0,2,1,2,0.0,0.0,100.0,,,0,0,0,ncbi_only,Eukaryota,0.0
Brachycybe,0,0,0.0,0.0,2,1,2,0.0,0.0,100.0,,,0,0,0,ncbi_only,Eukaryota,0.0
Bramus,0,0,0.0,0.0,2,1,2,0.0,0.0,100.0,,,0,0,0,ncbi_only,Eukaryota,0.0
Moehringia,0,0,0.0,0.0,2,1,2,0.0,0.0,100.0,,,0,0,0,ncbi_only,Eukaryota,0.0
Miopithecus,0,0,0.0,0.0,2,2,2,0.0,0.01,100.0,,,0,0,0,ncbi_only,Eukaryota,0.0
Microloxia,0,0,0.0,0.0,2,1,2,0.0,0.0,100.0,,,0,0,0,ncbi_only,Eukaryota,0.0
Trialeurodes,0,0,0.0,0.0,2,1,2,0.0,0.0,100.0,,,0,0,0,ncbi_only,Eukaryota,0.0
Calvia,0,0,0.0,0.0,2,1,2,0.0,0.0,100.0,,,0,0,0,ncbi_only,Eukaryota,0.0
Platyedra,0,0,0.0,0.0,2,1,2,0.0,0.0,100.0,,,0,0,0,ncbi_only,Eukaryota,0.0
Zophodia,0,0,0.0,0.0,2,1,2,0.0,0.0,100.0,,,0,0,0,ncbi_only,Eukaryota,0.0
Calvatia,0,0,0.0,0.0,2,1,2,0.0,0.0,100.0,,,0,0,0,ncbi_only,Eukaryota,0.0
Rhamphomyia,0,0,0.0,0.0,2,1,2,0.0,0.0,100.0,,,0,0,0,ncbi_only,Eukaryota,0.0
Rhaphigaster,0,0,0.0,0.0,2,1,2,0.0,0.0,100.0,,,0,0,0,ncbi_only,Eukaryota,0.0
Calvadosia,0,0,0.0,0.0,2,1,2,0.0,0.0,100.0,,,0,0,0,ncbi_only,Eukaryota,0.0
Trichopteryx,0,0,0.0,0.0,2,1,2,0.0,0.0,100.0,,,0,0,0,ncbi_only,Eukaryota,0.0
Triaenodes,0,0,0.0,0.0,2,1,2,0.0,0.0,100.0,,,0,0,0,ncbi_only,Eukaryota,0.0
Calotropis,0,0,0.0,0.0,2,1,2,0.0,0.0,100.0,,,0,0,0,ncbi_only,Eukaryota,0.0
Mercenaria,0,0,0.0,0.0,2,1,2,0.0,0.0,100.0,,,0,0,0,ncbi_only,Eukaryota,0.0
Trichosanthes,0,0,0.0,0.0,2,2,2,0.0,0.01,100.0,,,0,0,0,ncbi_only,Eukaryota,0.0
Triangularia,0,0,0.0,0.0,2,2,2,0.0,0.01,100.0,,,0,0,0,ncbi_only,Eukaryota,0.0
Membranipora,0,0,0.0,0.0,2,1,2,0.0,0.0,100.0,,,0,0,0,ncbi_only,Eukaryota,0.0
Trichopria,0,0,0.0,0.0,2,2,2,0.0,0.01,100.0,,,0,0,0,ncbi_only,Eukaryota,0.0
Marvania,0,0,0.0,0.0,2,1,2,0.0,0.0,100.0,,,0,0,0,ncbi_only,Eukaryota,0.0
Camarhynchus,0,0,0.0,0.0,2,1,2,0.0,0.0,100.0,,,0,0,0,ncbi_only,Eukaryota,0.0
Maruca,0,0,0.0,0.0,2,1,2,0.0,0.0,100.0,,,0,0,0,ncbi_only,Eukaryota,0.0
Marthasterias,0,0,0.0,0.0,2,1,2,0.0,0.0,100.0,,,0,0,0,ncbi_only,Eukaryota,0.0
Calystegia,0,0,0.0,0.0,2,1,2,0.0,0.0,100.0,,,0,0,0,ncbi_only,Eukaryota,0.0
Triaxomera,0,0,0.0,0.0,2,1,2,0.0,0.0,100.0,,,0,0,0,ncbi_only,Eukaryota,0.0
Trichoplax,0,0,0.0,0.0,2,2,2,0.0,0.01,100.0,,,0,0,0,ncbi_only,Eukaryota,0.0
Acanthiza,0,0,0.0,0.0,2,1,2,0.0,0.0,100.0,,,0,0,0,ncbi_only,Eukaryota,0.0
Piruna,0,0,0.0,0.0,2,2,2,0.0,0.01,100.0,,,0,0,0,ncbi_only,Eukaryota,0.0
Melittis,0,0,0.0,0.0,2,1,2,0.0,0.0,100.0,,,0,0,0,ncbi_only,Eukaryota,0.0
Plagiognathops,0,0,0.0,0.0,2,1,2,0.0,0.0,100.0,,,0,0,0,ncbi_only,Eukaryota,0.0
Calymma,0,0,0.0,0.0,2,1,2,0.0,0.0,100.0,,,0,0,0,ncbi_only,Eukaryota,0.0
Melolontha,0,0,0.0,0.0,2,1,2,0.0,0.0,100.0,,,0,0,0,ncbi_only,Eukaryota,0.0
Calycopis,0,0,0.0,0.0,2,1,2,0.0,0.0,100.0,,,0,0,0,ncbi_only,Eukaryota,0.0
Meredithiella,0,0,0.0,0.0,2,2,2,0.0,0.01,100.0,,,0,0,0,ncbi_only,Eukaryota,0.0
Caloprymnus,0,0,0.0,0.0,2,1,2,0.0,0.0,100.0,,,0,0,0,ncbi_only,Eukaryota,0.0
Placobdella,0,0,0.0,0.0,2,1,2,0.0,0.0,100.0,,,0,0,0,ncbi_only,Eukaryota,0.0
Mesocentrotus,0,0,0.0,0.0,2,1,2,0.0,0.0,100.0,,,0,0,0,ncbi_only,Eukaryota,0.0
Piptocephalis,0,0,0.0,0.0,2,2,1,0.0,0.01,50.0,,,0,0,0,ncbi_only,Eukaryota,0.0
Callyspongia,0,0,0.0,0.0,2,1,2,0.0,0.0,100.0,,,0,0,0,ncbi_only,Eukaryota,0.0
Rhinanthus,0,0,0.0,0.0,2,1,2,0.0,0.0,100.0,,,0,0,0,ncbi_only,Eukaryota,0.0
Callyntrura,0,0,0.0,0.0,2,2,2,0.0,0.01,100.0,,,0,0,0,ncbi_only,Eukaryota,0.0
Calluna,0,0,0.0,0.0,2,1,2,0.0,0.0,100.0,,,0,0,0,ncbi_only,Eukaryota,0.0
Callospermophilus,0,0,0.0,0.0,2,1,2,0.0,0.0,100.0,,,0,0,0,ncbi_only,Eukaryota,0.0
Plakobranchus,0,0,0.0,0.0,2,1,2,0.0,0.0,100.0,,,0,0,0,ncbi_only,Eukaryota,0.0
Tremarctos,0,0,0.0,0.0,2,1,2,0.0,0.0,100.0,,,0,0,0,ncbi_only,Eukaryota,0.0
Mesodorylaimus,0,0,0.0,0.0,2,2,2,0.0,0.01,100.0,,,0,0,0,ncbi_only,Eukaryota,0.0
Callorhinchus,0,0,0.0,0.0,2,1,2,0.0,0.0,100.0,,,0,0,0,ncbi_only,Eukaryota,0.0
Callopistria,0,0,0.0,0.0,2,1,2,0.0,0.0,100.0,,,0,0,0,ncbi_only,Eukaryota,0.0
Mesoligia,0,0,0.0,0.0,2,1,2,0.0,0.0,100.0,,,0,0,0,ncbi_only,Eukaryota,0.0
Mesapamea,0,0,0.0,0.0,2,1,2,0.0,0.0,100.0,,,0,0,0,ncbi_only,Eukaryota,0.0
Merzomyia,0,0,0.0,0.0,2,1,2,0.0,0.0,100.0,,,0,0,0,ncbi_only,Eukaryota,0.0
Mertensia,0,0,0.0,0.0,2,1,2,0.0,0.0,100.0,,,0,0,0,ncbi_only,Eukaryota,0.0
Platanthera,0,0,0.0,0.0,2,2,2,0.0,0.01,100.0,,,0,0,0,ncbi_only,Eukaryota,0.0
Calophasia,0,0,0.0,0.0,2,1,2,0.0,0.0,100.0,,,0,0,0,ncbi_only,Eukaryota,0.0
Trematochromis,0,0,0.0,0.0,2,1,2,0.0,0.0,100.0,,,0,0,0,ncbi_only,Eukaryota,0.0
Acanthosoma,0,0,0.0,0.0,2,1,2,0.0,0.0,100.0,,,0,0,0,ncbi_only,Eukaryota,0.0
Rastrelliger,0,0,0.0,0.0,2,2,2,0.0,0.01,100.0,,,0,0,0,ncbi_only,Eukaryota,0.0
Merodon,0,0,0.0,0.0,2,1,2,0.0,0.0,100.0,,,0,0,0,ncbi_only,Eukaryota,0.0
Calocera,0,0,0.0,0.0,2,2,2,0.0,0.01,100.0,,,0,0,0,ncbi_only,Eukaryota,0.0
Rhimphoctona,0,0,0.0,0.0,2,1,2,0.0,0.0,100.0,,,0,0,0,ncbi_only,Eukaryota,0.0
Rhagium,0,0,0.0,0.0,2,1,2,0.0,0.0,100.0,,,0,0,0,ncbi_only,Eukaryota,0.0
Rhagio,0,0,0.0,0.0,2,1,2,0.0,0.0,100.0,,,0,0,0,ncbi_only,Eukaryota,0.0
Callogorgia,0,0,0.0,0.0,2,1,2,0.0,0.0,100.0,,,0,0,0,ncbi_only,Eukaryota,0.0
Megastigmus,0,0,0.0,0.0,2,2,2,0.0,0.01,100.0,,,0,0,0,ncbi_only,Eukaryota,0.0
Megathymus,0,0,0.0,0.0,2,1,2,0.0,0.0,100.0,,,0,0,0,ncbi_only,Eukaryota,0.0
Candelabrum,0,0,0.0,0.0,2,1,2,0.0,0.0,100.0,,,0,0,0,ncbi_only,Eukaryota,0.0
Meandrusa,0,0,0.0,0.0,2,2,2,0.0,0.01,100.0,,,0,0,0,ncbi_only,Eukaryota,0.0
Meandrina,0,0,0.0,0.0,2,1,2,0.0,0.0,100.0,,,0,0,0,ncbi_only,Eukaryota,0.0
Renilla,0,0,0.0,0.0,2,2,2,0.0,0.01,100.0,,,0,0,0,ncbi_only,Eukaryota,0.0
Canavalia,0,0,0.0,0.0,2,2,2,0.0,0.01,100.0,,,0,0,0,ncbi_only,Eukaryota,0.0
Canariomyces,0,0,0.0,0.0,2,2,2,0.0,0.01,100.0,,,0,0,0,ncbi_only,Eukaryota,0.0
Trichomalopsis,0,0,0.0,0.0,2,1,2,0.0,0.0,100.0,,,0,0,0,ncbi_only,Eukaryota,0.0
Platycnemis,0,0,0.0,0.0,2,1,2,0.0,0.0,100.0,,,0,0,0,ncbi_only,Eukaryota,0.0
Meira,0,0,0.0,0.0,2,2,2,0.0,0.01,100.0,,,0,0,0,ncbi_only,Eukaryota,0.0
Rhabditophanes,0,0,0.0,0.0,2,1,2,0.0,0.0,100.0,,,0,0,0,ncbi_only,Eukaryota,0.0
Zostera,0,0,0.0,0.0,2,2,2,0.0,0.01,100.0,,,0,0,0,ncbi_only,Eukaryota,0.0
Camptogramma,0,0,0.0,0.0,2,1,2,0.0,0.0,100.0,,,0,0,0,ncbi_only,Eukaryota,0.0
Campoplex,0,0,0.0,0.0,2,2,2,0.0,0.01,100.0,,,0,0,0,ncbi_only,Eukaryota,0.0
Melampyrum,0,0,0.0,0.0,2,1,2,0.0,0.0,100.0,,,0,0,0,ncbi_only,Eukaryota,0.0
Melanaphis,0,0,0.0,0.0,2,1,2,0.0,0.0,100.0,,,0,0,0,ncbi_only,Eukaryota,0.0
Tricholomella,0,0,0.0,0.0,2,1,2,0.0,0.0,100.0,,,0,0,0,ncbi_only,Eukaryota,0.0
Rhabdastrella,0,0,0.0,0.0,2,1,2,0.0,0.0,100.0,,,0,0,0,ncbi_only,Eukaryota,0.0
Candelina,0,0,0.0,0.0,2,2,0,0.0,0.01,0.0,,,0,0,0,ncbi_only,Eukaryota,0.0
Megaptera,0,0,0.0,0.0,2,1,2,0.0,0.0,100.0,,,0,0,0,ncbi_only,Eukaryota,0.0
Acanthochromis,0,0,0.0,0.0,2,1,2,0.0,0.0,100.0,,,0,0,0,ncbi_only,Eukaryota,0.0
Megacollybia,0,0,0.0,0.0,2,2,2,0.0,0.01,100.0,,,0,0,0,ncbi_only,Eukaryota,0.0
Megaderma,0,0,0.0,0.0,2,1,2,0.0,0.0,100.0,,,0,0,0,ncbi_only,Eukaryota,0.0
Megalobrama,0,0,0.0,0.0,2,1,2,0.0,0.0,100.0,,,0,0,0,ncbi_only,Eukaryota,0.0
Reticulascus,0,0,0.0,0.0,2,1,2,0.0,0.0,100.0,,,0,0,0,ncbi_only,Eukaryota,0.0
Megaloceros,0,0,0.0,0.0,2,1,2,0.0,0.0,100.0,,,0,0,0,ncbi_only,Eukaryota,0.0
Mecyna,0,0,0.0,0.0,2,1,2,0.0,0.0,100.0,,,0,0,0,ncbi_only,Eukaryota,0.0
Meconema,0,0,0.0,0.0,2,1,2,0.0,0.0,100.0,,,0,0,0,ncbi_only,Eukaryota,0.0
Megalurothrips,0,0,0.0,0.0,2,1,2,0.0,0.0,100.0,,,0,0,0,ncbi_only,Eukaryota,0.0
Megamerina,0,0,0.0,0.0,2,1,2,0.0,0.0,100.0,,,0,0,0,ncbi_only,Eukaryota,0.0
Meganola,0,0,0.0,0.0,2,1,2,0.0,0.0,100.0,,,0,0,0,ncbi_only,Eukaryota,0.0
Tricholauxania,0,0,0.0,0.0,2,1,2,0.0,0.0,100.0,,,0,0,0,ncbi_only,Eukaryota,0.0
Melanchra,0,0,0.0,0.0,2,1,2,0.0,0.0,100.0,,,0,0,0,ncbi_only,Eukaryota,0.0
Melangyna,0,0,0.0,0.0,2,1,2,0.0,0.0,100.0,,,0,0,0,ncbi_only,Eukaryota,0.0
Melinopterus,0,0,0.0,0.0,2,1,2,0.0,0.0,100.0,,,0,0,0,ncbi_only,Eukaryota,0.0
Campaea,0,0,0.0,0.0,2,1,2,0.0,0.0,100.0,,,0,0,0,ncbi_only,Eukaryota,0.0
Trichilia,0,0,0.0,0.0,2,2,2,0.0,0.01,100.0,,,0,0,0,ncbi_only,Eukaryota,0.0
Platycodon,0,0,0.0,0.0,2,1,2,0.0,0.0,100.0,,,0,0,0,ncbi_only,Eukaryota,0.0
Melanotus,0,0,0.0,0.0,2,1,2,0.0,0.0,100.0,,,0,0,0,ncbi_only,Eukaryota,0.0
Melanthia,0,0,0.0,0.0,2,1,2,0.0,0.0,100.0,,,0,0,0,ncbi_only,Eukaryota,0.0
Acanthocheilonema,0,0,0.0,0.0,2,1,2,0.0,0.0,100.0,,,0,0,0,ncbi_only,Eukaryota,0.0
Meles,0,0,0.0,0.0,2,1,2,0.0,0.0,100.0,,,0,0,0,ncbi_only,Eukaryota,0.0
Regulus,0,0,0.0,0.0,2,2,2,0.0,0.01,100.0,,,0,0,0,ncbi_only,Eukaryota,0.0
Reithrodontomys,0,0,0.0,0.0,2,1,2,0.0,0.0,100.0,,,0,0,0,ncbi_only,Eukaryota,0.0
Piscicola,0,0,0.0,0.0,2,1,2,0.0,0.0,100.0,,,0,0,0,ncbi_only,Eukaryota,0.0
Reganochromis,0,0,0.0,0.0,2,1,2,0.0,0.0,100.0,,,0,0,0,ncbi_only,Eukaryota,0.0
Acanthoscelides,0,0,0.0,0.0,2,1,2,0.0,0.0,100.0,,,0,0,0,ncbi_only,Eukaryota,0.0
Trichophorum,0,0,0.0,0.0,2,1,2,0.0,0.0,100.0,,,0,0,0,ncbi_only,Eukaryota,0.0
Rhagades,0,0,0.0,0.0,2,1,2,0.0,0.0,100.0,,,0,0,0,ncbi_only,Eukaryota,0.0
Melanostigma,0,0,0.0,0.0,2,1,2,0.0,0.0,100.0,,,0,0,0,ncbi_only,Eukaryota,0.0
Zoramia,0,0,0.0,0.0,2,2,2,0.0,0.01,100.0,,,0,0,0,ncbi_only,Eukaryota,0.0
Rhabdomys,0,0,0.0,0.0,2,2,2,0.0,0.01,100.0,,,0,0,0,ncbi_only,Eukaryota,0.0
Melanocharis,0,0,0.0,0.0,2,1,2,0.0,0.0,100.0,,,0,0,0,ncbi_only,Eukaryota,0.0
Matthiola,0,0,0.0,0.0,2,1,2,0.0,0.0,100.0,,,0,0,0,ncbi_only,Eukaryota,0.0
Campiglossa,0,0,0.0,0.0,2,1,2,0.0,0.0,100.0,,,0,0,0,ncbi_only,Eukaryota,0.0
Melanodrymia,0,0,0.0,0.0,2,2,2,0.0,0.01,100.0,,,0,0,0,ncbi_only,Eukaryota,0.0
Trichomycterus,0,0,0.0,0.0,2,1,2,0.0,0.0,100.0,,,0,0,0,ncbi_only,Eukaryota,0.0
Melanogrammus,0,0,0.0,0.0,2,1,2,0.0,0.0,100.0,,,0,0,0,ncbi_only,Eukaryota,0.0
Campanula,0,0,0.0,0.0,2,2,2,0.0,0.01,100.0,,,0,0,0,ncbi_only,Eukaryota,0.0
Reichardia,0,0,0.0,0.0,2,1,2,0.0,0.0,100.0,,,0,0,0,ncbi_only,Eukaryota,0.0
Masticophis,0,0,0.0,0.0,2,1,2,0.0,0.0,100.0,,,0,0,0,ncbi_only,Eukaryota,0.0
Melanophora,0,0,0.0,0.0,2,1,2,0.0,0.0,100.0,,,0,0,0,ncbi_only,Eukaryota,0.0
Trichiura,0,0,0.0,0.0,2,1,2,0.0,0.0,100.0,,,0,0,0,ncbi_only,Eukaryota,0.0
Callophrys,0,0,0.0,0.0,2,1,2,0.0,0.0,100.0,,,0,0,0,ncbi_only,Eukaryota,0.0
Mesopsocus,0,0,0.0,0.0,2,1,2,0.0,0.0,100.0,,,0,0,0,ncbi_only,Eukaryota,0.0
Mactromeris,0,0,0.0,0.0,2,1,2,0.0,0.0,100.0,,,0,0,0,ncbi_only,Eukaryota,0.0
Miamiensis,0,0,0.0,0.0,2,1,2,0.0,0.0,100.0,,,0,0,0,ncbi_only,Eukaryota,0.0
Rhipidura,0,0,0.0,0.0,2,2,2,0.0,0.01,100.0,,,0,0,0,ncbi_only,Eukaryota,0.0
Rhizedra,0,0,0.0,0.0,2,1,2,0.0,0.0,100.0,,,0,0,0,ncbi_only,Eukaryota,0.0
Tragopogon,0,0,0.0,0.0,2,1,2,0.0,0.0,100.0,,,0,0,0,ncbi_only,Eukaryota,0.0
Rhizocarpon,0,0,0.0,0.0,2,2,0,0.0,0.01,0.0,,,0,0,0,ncbi_only,Eukaryota,0.0
Troglohyphantes,0,0,0.0,0.0,2,1,2,0.0,0.0,100.0,,,0,0,0,ncbi_only,Eukaryota,0.0
Metopia,0,0,0.0,0.0,2,1,2,0.0,0.0,100.0,,,0,0,0,ncbi_only,Eukaryota,0.0
Trachyrincus,0,0,0.0,0.0,2,2,2,0.0,0.01,100.0,,,0,0,0,ncbi_only,Eukaryota,0.0
Buceros,0,0,0.0,0.0,2,2,2,0.0,0.01,100.0,,,0,0,0,ncbi_only,Eukaryota,0.0
Bucephala,0,0,0.0,0.0,2,1,2,0.0,0.0,100.0,,,0,0,0,ncbi_only,Eukaryota,0.0
Raddia,0,0,0.0,0.0,2,2,2,0.0,0.01,100.0,,,0,0,0,ncbi_only,Eukaryota,0.0
Troilus,0,0,0.0,0.0,2,1,2,0.0,0.0,100.0,,,0,0,0,ncbi_only,Eukaryota,0.0
Micrastur,0,0,0.0,0.0,2,2,2,0.0,0.01,100.0,,,0,0,0,ncbi_only,Eukaryota,0.0
Malacoraja,0,0,0.0,0.0,2,1,2,0.0,0.0,100.0,,,0,0,0,ncbi_only,Eukaryota,0.0
Racocetra,0,0,0.0,0.0,2,2,2,0.0,0.01,100.0,,,0,0,0,ncbi_only,Eukaryota,0.0
Rachycentron,0,0,0.0,0.0,2,1,2,0.0,0.0,100.0,,,0,0,0,ncbi_only,Eukaryota,0.0
Bugulina,0,0,0.0,0.0,2,1,2,0.0,0.0,100.0,,,0,0,0,ncbi_only,Eukaryota,0.0
Trissonchulus,0,0,0.0,0.0,2,2,2,0.0,0.01,100.0,,,0,0,0,ncbi_only,Eukaryota,0.0
Manduca,0,0,0.0,0.0,2,1,2,0.0,0.0,100.0,,,0,0,0,ncbi_only,Eukaryota,0.0
Burhinus,0,0,0.0,0.0,2,2,2,0.0,0.01,100.0,,,0,0,0,ncbi_only,Eukaryota,0.0
Tritonia,0,0,0.0,0.0,2,2,2,0.0,0.01,100.0,,,0,0,0,ncbi_only,Eukaryota,0.0
Platystomos,0,0,0.0,0.0,2,1,2,0.0,0.0,100.0,,,0,0,0,ncbi_only,Eukaryota,0.0
Bullera,0,0,0.0,0.0,2,1,2,0.0,0.0,100.0,,,0,0,0,ncbi_only,Eukaryota,0.0
Triturus,0,0,0.0,0.0,2,1,2,0.0,0.0,100.0,,,0,0,0,ncbi_only,Eukaryota,0.0
Malva,0,0,0.0,0.0,2,1,2,0.0,0.0,100.0,,,0,0,0,ncbi_only,Eukaryota,0.0
Tromatobia,0,0,0.0,0.0,2,1,2,0.0,0.0,100.0,,,0,0,0,ncbi_only,Eukaryota,0.0
Buathra,0,0,0.0,0.0,2,1,2,0.0,0.0,100.0,,,0,0,0,ncbi_only,Eukaryota,0.0
Platysteira,0,0,0.0,0.0,2,1,2,0.0,0.0,100.0,,,0,0,0,ncbi_only,Eukaryota,0.0
Microdon,0,0,0.0,0.0,2,1,2,0.0,0.0,100.0,,,0,0,0,ncbi_only,Eukaryota,0.0
Pigoraptor,0,0,0.0,0.0,2,2,2,0.0,0.01,100.0,,,0,0,0,ncbi_only,Eukaryota,0.0
Microcyclospora,0,0,0.0,0.0,2,2,2,0.0,0.01,100.0,,,0,0,0,ncbi_only,Eukaryota,0.0
Trachemys,0,0,0.0,0.0,2,2,2,0.0,0.01,100.0,,,0,0,0,ncbi_only,Eukaryota,0.0
Abraxas,0,0,0.0,0.0,2,1,2,0.0,0.0,100.0,,,0,0,0,ncbi_only,Eukaryota,0.0
Magelona,0,0,0.0,0.0,2,1,0,0.0,0.0,0.0,,,0,0,0,ncbi_only,Eukaryota,0.0
Toxostoma,0,0,0.0,0.0,2,2,2,0.0,0.01,100.0,,,0,0,0,ncbi_only,Eukaryota,0.0
Rhizosphaera,0,0,0.0,0.0,2,1,2,0.0,0.0,100.0,,,0,0,0,ncbi_only,Eukaryota,0.0
Microhierax,0,0,0.0,0.0,2,2,2,0.0,0.01,100.0,,,0,0,0,ncbi_only,Eukaryota,0.0
Microcos,0,0,0.0,0.0,2,1,2,0.0,0.0,100.0,,,0,0,0,ncbi_only,Eukaryota,0.0
Brustiarius,0,0,0.0,0.0,2,2,2,0.0,0.01,100.0,,,0,0,0,ncbi_only,Eukaryota,0.0
Malachius,0,0,0.0,0.0,2,1,2,0.0,0.0,100.0,,,0,0,0,ncbi_only,Eukaryota,0.0
Tropheops,0,0,0.0,0.0,2,1,2,0.0,0.0,100.0,,,0,0,0,ncbi_only,Eukaryota,0.0
Abscondita,0,0,0.0,0.0,2,2,2,0.0,0.01,100.0,,,0,0,0,ncbi_only,Eukaryota,0.0
Bryotropha,0,0,0.0,0.0,2,1,2,0.0,0.0,100.0,,,0,0,0,ncbi_only,Eukaryota,0.0
Microcaecilia,0,0,0.0,0.0,2,1,2,0.0,0.0,100.0,,,0,0,0,ncbi_only,Eukaryota,0.0
Bryoria,0,0,0.0,0.0,2,2,0,0.0,0.01,0.0,,,0,0,0,ncbi_only,Eukaryota,0.0
Bryophila,0,0,0.0,0.0,2,1,2,0.0,0.0,100.0,,,0,0,0,ncbi_only,Eukaryota,0.0
Tropicoporus,0,0,0.0,0.0,2,1,2,0.0,0.0,100.0,,,0,0,0,ncbi_only,Eukaryota,0.0
Microcera,0,0,0.0,0.0,2,2,2,0.0,0.01,100.0,,,0,0,0,ncbi_only,Eukaryota,0.0
Rhizomys,0,0,0.0,0.0,2,1,2,0.0,0.0,100.0,,,0,0,0,ncbi_only,Eukaryota,0.0
Brycinus,0,0,0.0,0.0,2,2,2,0.0,0.01,100.0,,,0,0,0,ncbi_only,Eukaryota,0.0
Microchirus,0,0,0.0,0.0,2,1,2,0.0,0.0,100.0,,,0,0,0,ncbi_only,Eukaryota,0.0
Microchrysa,0,0,0.0,0.0,2,1,2,0.0,0.0,100.0,,,0,0,0,ncbi_only,Eukaryota,0.0
Callitriche,0,0,0.0,0.0,2,1,2,0.0,0.0,100.0,,,0,0,0,ncbi_only,Eukaryota,0.0
Pionites,0,0,0.0,0.0,2,2,2,0.0,0.01,100.0,,,0,0,0,ncbi_only,Eukaryota,0.0
Margaritifera,0,0,0.0,0.0,2,1,2,0.0,0.0,100.0,,,0,0,0,ncbi_only,Eukaryota,0.0
Pipa,0,0,0.0,0.0,2,2,2,0.0,0.01,100.0,,,0,0,0,ncbi_only,Eukaryota,0.0
Trigonometopus,0,0,0.0,0.0,2,1,2,0.0,0.0,100.0,,,0,0,0,ncbi_only,Eukaryota,0.0
Trigonoscuta,0,0,0.0,0.0,2,1,2,0.0,0.0,100.0,,,0,0,0,ncbi_only,Eukaryota,0.0
Calamotropha,0,0,0.0,0.0,2,1,2,0.0,0.0,100.0,,,0,0,0,ncbi_only,Eukaryota,0.0
Trilocha,0,0,0.0,0.0,2,1,2,0.0,0.0,100.0,,,0,0,0,ncbi_only,Eukaryota,0.0
Metellina,0,0,0.0,0.0,2,1,2,0.0,0.0,100.0,,,0,0,0,ncbi_only,Eukaryota,0.0
Acaulospora,0,0,0.0,0.0,2,2,2,0.0,0.01,100.0,,,0,0,0,ncbi_only,Eukaryota,0.0
Marcusenius,0,0,0.0,0.0,2,2,2,0.0,0.01,100.0,,,0,0,0,ncbi_only,Eukaryota,0.0
Ramariopsis,0,0,0.0,0.0,2,1,2,0.0,0.0,100.0,,,0,0,0,ncbi_only,Eukaryota,0.0
Calcarius,0,0,0.0,0.0,2,2,2,0.0,0.01,100.0,,,0,0,0,ncbi_only,Eukaryota,0.0
Trimeresurus,0,0,0.0,0.0,2,2,2,0.0,0.01,100.0,,,0,0,0,ncbi_only,Eukaryota,0.0
Piper,0,0,0.0,0.0,2,2,2,0.0,0.01,100.0,,,0,0,0,ncbi_only,Eukaryota,0.0
Metalampra,0,0,0.0,0.0,2,1,2,0.0,0.0,100.0,,,0,0,0,ncbi_only,Eukaryota,0.0
Tricolia,0,0,0.0,0.0,2,1,2,0.0,0.0,100.0,,,0,0,0,ncbi_only,Eukaryota,0.0
Rhinella,0,0,0.0,0.0,2,1,2,0.0,0.0,100.0,,,0,0,0,ncbi_only,Eukaryota,0.0
Calliopum,0,0,0.0,0.0,2,1,2,0.0,0.0,100.0,,,0,0,0,ncbi_only,Eukaryota,0.0
Callinectes,0,0,0.0,0.0,2,1,2,0.0,0.0,100.0,,,0,0,0,ncbi_only,Eukaryota,0.0
Marifugia,0,0,0.0,0.0,2,1,2,0.0,0.0,100.0,,,0,0,0,ncbi_only,Eukaryota,0.0
Callimorpha,0,0,0.0,0.0,2,1,2,0.0,0.0,100.0,,,0,0,0,ncbi_only,Eukaryota,0.0
Messor,0,0,0.0,0.0,2,2,2,0.0,0.01,100.0,,,0,0,0,ncbi_only,Eukaryota,0.0
Calligrapha,0,0,0.0,0.0,2,1,2,0.0,0.0,100.0,,,0,0,0,ncbi_only,Eukaryota,0.0
Meta,0,0,0.0,0.0,2,1,2,0.0,0.0,100.0,,,0,0,0,ncbi_only,Eukaryota,0.0
Rhineura,0,0,0.0,0.0,2,1,2,0.0,0.0,100.0,,,0,0,0,ncbi_only,Eukaryota,0.0
Triglachromis,0,0,0.0,0.0,2,1,2,0.0,0.0,100.0,,,0,0,0,ncbi_only,Eukaryota,0.0
Mariannaea,0,0,0.0,0.0,2,2,2,0.0,0.01,100.0,,,0,0,0,ncbi_only,Eukaryota,0.0
Calanus,0,0,0.0,0.0,2,2,2,0.0,0.01,100.0,,,0,0,0,ncbi_only,Eukaryota,0.0
Rhinopoma,0,0,0.0,0.0,2,1,2,0.0,0.0,100.0,,,0,0,0,ncbi_only,Eukaryota,0.0
Byssoloma,0,0,0.0,0.0,2,2,0,0.0,0.01,0.0,,,0,0,0,ncbi_only,Eukaryota,0.0
Mantella,0,0,0.0,0.0,2,1,2,0.0,0.0,100.0,,,0,0,0,ncbi_only,Eukaryota,0.0
Trioza,0,0,0.0,0.0,2,2,2,0.0,0.01,100.0,,,0,0,0,ncbi_only,Eukaryota,0.0
Platypus,0,0,0.0,0.0,2,1,2,0.0,0.0,100.0,,,0,0,0,ncbi_only,Eukaryota,0.0
Pinguicula,0,0,0.0,0.0,2,2,2,0.0,0.01,100.0,,,0,0,0,ncbi_only,Eukaryota,0.0
Trapelia,0,0,0.0,0.0,2,1,0,0.0,0.0,0.0,,,0,0,0,ncbi_only,Eukaryota,0.0
Tripolium,0,0,0.0,0.0,2,1,2,0.0,0.0,100.0,,,0,0,0,ncbi_only,Eukaryota,0.0
Tripterygium,0,0,0.0,0.0,2,1,2,0.0,0.0,100.0,,,0,0,0,ncbi_only,Eukaryota,0.0
Marcelleina,0,0,0.0,0.0,2,1,2,0.0,0.0,100.0,,,0,0,0,ncbi_only,Eukaryota,0.0
Raja,0,0,0.0,0.0,2,1,2,0.0,0.0,100.0,,,0,0,0,ncbi_only,Eukaryota,0.0
Trisateles,0,0,0.0,0.0,2,1,2,0.0,0.0,100.0,,,0,0,0,ncbi_only,Eukaryota,0.0
Acaena,0,0,0.0,0.0,2,1,2,0.0,0.0,100.0,,,0,0,0,ncbi_only,Eukaryota,0.0
Byasa,0,0,0.0,0.0,2,2,2,0.0,0.01,100.0,,,0,0,0,ncbi_only,Eukaryota,0.0
Buxus,0,0,0.0,0.0,2,1,2,0.0,0.0,100.0,,,0,0,0,ncbi_only,Eukaryota,0.0
Butleria,0,0,0.0,0.0,2,2,2,0.0,0.01,100.0,,,0,0,0,ncbi_only,Eukaryota,0.0
Cacoecimorpha,0,0,0.0,0.0,2,1,2,0.0,0.0,100.0,,,0,0,0,ncbi_only,Eukaryota,0.0
Cacoxenus,0,0,0.0,0.0,2,1,2,0.0,0.0,100.0,,,0,0,0,ncbi_only,Eukaryota,0.0
Marasmarcha,0,0,0.0,0.0,2,1,2,0.0,0.0,100.0,,,0,0,0,ncbi_only,Eukaryota,0.0
Platanista,0,0,0.0,0.0,2,2,2,0.0,0.01,100.0,,,0,0,0,ncbi_only,Eukaryota,0.0
Marah,0,0,0.0,0.0,2,1,2,0.0,0.0,100.0,,,0,0,0,ncbi_only,Eukaryota,0.0
Caesio,0,0,0.0,0.0,2,1,2,0.0,0.0,100.0,,,0,0,0,ncbi_only,Eukaryota,0.0
Rhinogobio,0,0,0.0,0.0,2,2,2,0.0,0.01,100.0,,,0,0,0,ncbi_only,Eukaryota,0.0
Acentria,0,0,0.0,0.0,2,1,2,0.0,0.0,100.0,,,0,0,0,ncbi_only,Eukaryota,0.0
Pseudotriton,0,0,0.0,0.0,2,2,2,0.0,0.01,100.0,,,0,0,0,ncbi_only,Eukaryota,0.0
Androsace,0,0,0.0,0.0,2,1,2,0.0,0.0,100.0,,,0,0,0,ncbi_only,Eukaryota,0.0
Andrographis,0,0,0.0,0.0,2,1,2,0.0,0.0,100.0,,,0,0,0,ncbi_only,Eukaryota,0.0
Oxypoda,0,0,0.0,0.0,2,1,2,0.0,0.0,100.0,,,0,0,0,ncbi_only,Eukaryota,0.0
Philonicus,0,0,0.0,0.0,2,1,2,0.0,0.0,100.0,,,0,0,0,ncbi_only,Eukaryota,0.0
Oxystoma,0,0,0.0,0.0,2,1,2,0.0,0.0,100.0,,,0,0,0,ncbi_only,Eukaryota,0.0
Oxyura,0,0,0.0,0.0,2,1,2,0.0,0.0,100.0,,,0,0,0,ncbi_only,Eukaryota,0.0
Pachastrella,0,0,0.0,0.0,2,1,2,0.0,0.0,100.0,,,0,0,0,ncbi_only,Eukaryota,0.0
Pachycephala,0,0,0.0,0.0,2,2,2,0.0,0.01,100.0,,,0,0,0,ncbi_only,Eukaryota,0.0
Adonis,0,0,0.0,0.0,2,1,2,0.0,0.0,100.0,,,0,0,0,ncbi_only,Eukaryota,0.0
Pachycnemia,0,0,0.0,0.0,2,1,2,0.0,0.0,100.0,,,0,0,0,ncbi_only,Eukaryota,0.0
Procyon,0,0,0.0,0.0,2,1,2,0.0,0.0,100.0,,,0,0,0,ncbi_only,Eukaryota,0.0
Pachypsylla,0,0,0.0,0.0,2,1,2,0.0,0.0,100.0,,,0,0,0,ncbi_only,Eukaryota,0.0
Prochilodus,0,0,0.0,0.0,2,2,1,0.0,0.01,50.0,,,0,0,0,ncbi_only,Eukaryota,0.0
Pachyrhinus,0,0,0.0,0.0,2,1,2,0.0,0.0,100.0,,,0,0,0,ncbi_only,Eukaryota,0.0
Philhelius,0,0,0.0,0.0,2,1,2,0.0,0.0,100.0,,,0,0,0,ncbi_only,Eukaryota,0.0
Proceratium,0,0,0.0,0.0,2,2,2,0.0,0.01,100.0,,,0,0,0,ncbi_only,Eukaryota,0.0
Procavia,0,0,0.0,0.0,2,1,2,0.0,0.0,100.0,,,0,0,0,ncbi_only,Eukaryota,0.0
Pachythelia,0,0,0.0,0.0,2,1,2,0.0,0.0,100.0,,,0,0,0,ncbi_only,Eukaryota,0.0
Pochonia,0,0,0.0,0.0,2,1,2,0.0,0.0,100.0,,,0,0,0,ncbi_only,Eukaryota,0.0
Probosciger,0,0,0.0,0.0,2,1,2,0.0,0.0,100.0,,,0,0,0,ncbi_only,Eukaryota,0.0
Propanagrolaimus,0,0,0.0,0.0,2,1,2,0.0,0.0,100.0,,,0,0,0,ncbi_only,Eukaryota,0.0
Willowsia,0,0,0.0,0.0,2,2,2,0.0,0.01,100.0,,,0,0,0,ncbi_only,Eukaryota,0.0
Adiantum,0,0,0.0,0.0,2,2,2,0.0,0.01,100.0,,,0,0,0,ncbi_only,Eukaryota,0.0
Anisodus,0,0,0.0,0.0,2,2,2,0.0,0.01,100.0,,,0,0,0,ncbi_only,Eukaryota,0.0
Oscarella,0,0,0.0,0.0,2,1,2,0.0,0.0,100.0,,,0,0,0,ncbi_only,Eukaryota,0.0
Philypnodon,0,0,0.0,0.0,2,2,2,0.0,0.01,100.0,,,0,0,0,ncbi_only,Eukaryota,0.0
Anomalopteryx,0,0,0.0,0.0,2,1,2,0.0,0.0,100.0,,,0,0,0,ncbi_only,Eukaryota,0.0
Anodontia,0,0,0.0,0.0,2,1,2,0.0,0.0,100.0,,,0,0,0,ncbi_only,Eukaryota,0.0
Anniella,0,0,0.0,0.0,2,1,2,0.0,0.0,100.0,,,0,0,0,ncbi_only,Eukaryota,0.0
Osmozyma,0,0,0.0,0.0,2,2,2,0.0,0.01,100.0,,,0,0,0,ncbi_only,Eukaryota,0.0
Propylea,0,0,0.0,0.0,2,1,2,0.0,0.0,100.0,,,0,0,0,ncbi_only,Eukaryota,0.0
Osteoglossum,0,0,0.0,0.0,2,1,2,0.0,0.0,100.0,,,0,0,0,ncbi_only,Eukaryota,0.0
Anisosticta,0,0,0.0,0.0,2,1,2,0.0,0.0,100.0,,,0,0,0,ncbi_only,Eukaryota,0.0
Wickerhamia,0,0,0.0,0.0,2,1,2,0.0,0.0,100.0,,,0,0,0,ncbi_only,Eukaryota,0.0
Anilocra,0,0,0.0,0.0,2,1,2,0.0,0.0,100.0,,,0,0,0,ncbi_only,Eukaryota,0.0
Philopedon,0,0,0.0,0.0,2,1,2,0.0,0.0,100.0,,,0,0,0,ncbi_only,Eukaryota,0.0
Othius,0,0,0.0,0.0,2,1,2,0.0,0.0,100.0,,,0,0,0,ncbi_only,Eukaryota,0.0
Otocolobus,0,0,0.0,0.0,2,1,2,0.0,0.0,100.0,,,0,0,0,ncbi_only,Eukaryota,0.0
Otolemur,0,0,0.0,0.0,2,2,2,0.0,0.01,100.0,,,0,0,0,ncbi_only,Eukaryota,0.0
Anhinga,0,0,0.0,0.0,2,2,2,0.0,0.01,100.0,,,0,0,0,ncbi_only,Eukaryota,0.0
Angustalius,0,0,0.0,0.0,2,1,2,0.0,0.0,100.0,,,0,0,0,ncbi_only,Eukaryota,0.0
Wilhelminamyces,0,0,0.0,0.0,2,2,2,0.0,0.01,100.0,,,0,0,0,ncbi_only,Eukaryota,0.0
Philophylla,0,0,0.0,0.0,2,1,2,0.0,0.0,100.0,,,0,0,0,ncbi_only,Eukaryota,0.0
Anethum,0,0,0.0,0.0,2,2,2,0.0,0.01,100.0,,,0,0,0,ncbi_only,Eukaryota,0.0
Owenia,0,0,0.0,0.0,2,1,2,0.0,0.0,100.0,,,0,0,0,ncbi_only,Eukaryota,0.0
Anerastia,0,0,0.0,0.0,2,1,2,0.0,0.0,100.0,,,0,0,0,ncbi_only,Eukaryota,0.0
Philanthus,0,0,0.0,0.0,2,1,2,0.0,0.0,100.0,,,0,0,0,ncbi_only,Eukaryota,0.0
Ancistrocerus,0,0,0.0,0.0,2,1,2,0.0,0.0,100.0,,,0,0,0,ncbi_only,Eukaryota,0.0
Amylostereum,0,0,0.0,0.0,2,2,2,0.0,0.01,100.0,,,0,0,0,ncbi_only,Eukaryota,0.0
Panaeolus,0,0,0.0,0.0,2,2,2,0.0,0.01,100.0,,,0,0,0,ncbi_only,Eukaryota,0.0
Anaecypris,0,0,0.0,0.0,2,1,2,0.0,0.0,100.0,,,0,0,0,ncbi_only,Eukaryota,0.0
Anadara,0,0,0.0,0.0,2,2,2,0.0,0.01,100.0,,,0,0,0,ncbi_only,Eukaryota,0.0
Pancytospora,0,0,0.0,0.0,2,2,2,0.0,0.01,100.0,,,0,0,0,ncbi_only,Eukaryota,0.0
Pandalus,0,0,0.0,0.0,2,2,2,0.0,0.01,100.0,,,0,0,0,ncbi_only,Eukaryota,0.0
Anablepsoides,0,0,0.0,0.0,2,2,2,0.0,0.01,100.0,,,0,0,0,ncbi_only,Eukaryota,0.0
Anableps,0,0,0.0,0.0,2,1,2,0.0,0.0,100.0,,,0,0,0,ncbi_only,Eukaryota,0.0
Pandion,0,0,0.0,0.0,2,1,2,0.0,0.0,100.0,,,0,0,0,ncbi_only,Eukaryota,0.0
Panemeria,0,0,0.0,0.0,2,1,2,0.0,0.0,100.0,,,0,0,0,ncbi_only,Eukaryota,0.0
Amynthas,0,0,0.0,0.0,2,1,2,0.0,0.0,100.0,,,0,0,0,ncbi_only,Eukaryota,0.0
Pangshura,0,0,0.0,0.0,2,1,2,0.0,0.0,100.0,,,0,0,0,ncbi_only,Eukaryota,0.0
Panolis,0,0,0.0,0.0,2,1,2,0.0,0.0,100.0,,,0,0,0,ncbi_only,Eukaryota,0.0
Ampulex,0,0,0.0,0.0,2,1,2,0.0,0.0,100.0,,,0,0,0,ncbi_only,Eukaryota,0.0
Panopea,0,0,0.0,0.0,2,1,2,0.0,0.0,100.0,,,0,0,0,ncbi_only,Eukaryota,0.0
Panstrongylus,0,0,0.0,0.0,2,1,2,0.0,0.0,100.0,,,0,0,0,ncbi_only,Eukaryota,0.0
Xanthoceras,0,0,0.0,0.0,2,1,2,0.0,0.0,100.0,,,0,0,0,ncbi_only,Eukaryota,0.0
Pantholops,0,0,0.0,0.0,2,1,2,0.0,0.0,100.0,,,0,0,0,ncbi_only,Eukaryota,0.0
Amphiscolops,0,0,0.0,0.0,2,1,2,0.0,0.0,100.0,,,0,0,0,ncbi_only,Eukaryota,0.0
Panzeria,0,0,0.0,0.0,2,1,2,0.0,0.0,100.0,,,0,0,0,ncbi_only,Eukaryota,0.0
Phenacogrammus,0,0,0.0,0.0,2,2,2,0.0,0.01,100.0,,,0,0,0,ncbi_only,Eukaryota,0.0
Podabrus,0,0,0.0,0.0,2,1,2,0.0,0.0,100.0,,,0,0,0,ncbi_only,Eukaryota,0.0
Amphimedon,0,0,0.0,0.0,2,1,2,0.0,0.0,100.0,,,0,0,0,ncbi_only,Eukaryota,0.0
Amphimallon,0,0,0.0,0.0,2,1,2,0.0,0.0,100.0,,,0,0,0,ncbi_only,Eukaryota,0.0
Zele,0,0,0.0,0.0,2,1,2,0.0,0.0,100.0,,,0,0,0,ncbi_only,Eukaryota,0.0
Anaxyrus,0,0,0.0,0.0,2,1,2,0.0,0.0,100.0,,,0,0,0,ncbi_only,Eukaryota,0.0
Pristiophorus,0,0,0.0,0.0,2,1,2,0.0,0.0,100.0,,,0,0,0,ncbi_only,Eukaryota,0.0
Zelopaecilomyces,0,0,0.0,0.0,2,1,2,0.0,0.0,100.0,,,0,0,0,ncbi_only,Eukaryota,0.0
Anarta,0,0,0.0,0.0,2,1,2,0.0,0.0,100.0,,,0,0,0,ncbi_only,Eukaryota,0.0
Zelonia,0,0,0.0,0.0,2,1,2,0.0,0.0,100.0,,,0,0,0,ncbi_only,Eukaryota,0.0
Adscita,0,0,0.0,0.0,2,1,2,0.0,0.0,100.0,,,0,0,0,ncbi_only,Eukaryota,0.0
Pocota,0,0,0.0,0.0,2,1,2,0.0,0.0,100.0,,,0,0,0,ncbi_only,Eukaryota,0.0
Anarsia,0,0,0.0,0.0,2,1,2,0.0,0.0,100.0,,,0,0,0,ncbi_only,Eukaryota,0.0
Zelleria,0,0,0.0,0.0,2,1,2,0.0,0.0,100.0,,,0,0,0,ncbi_only,Eukaryota,0.0
Anaplectoides,0,0,0.0,0.0,2,1,2,0.0,0.0,100.0,,,0,0,0,ncbi_only,Eukaryota,0.0
Pristis,0,0,0.0,0.0,2,1,2,0.0,0.0,100.0,,,0,0,0,ncbi_only,Eukaryota,0.0
Pristipomoides,0,0,0.0,0.0,2,1,2,0.0,0.0,100.0,,,0,0,0,ncbi_only,Eukaryota,0.0
Prionychus,0,0,0.0,0.0,2,1,2,0.0,0.0,100.0,,,0,0,0,ncbi_only,Eukaryota,0.0
Phialocephala,0,0,0.0,0.0,2,2,2,0.0,0.01,100.0,,,0,0,0,ncbi_only,Eukaryota,0.0
Palaemon,0,0,0.0,0.0,2,1,2,0.0,0.0,100.0,,,0,0,0,ncbi_only,Eukaryota,0.0
Pheucticus,0,0,0.0,0.0,2,2,2,0.0,0.01,100.0,,,0,0,0,ncbi_only,Eukaryota,0.0
Priocnemis,0,0,0.0,0.0,2,1,2,0.0,0.0,100.0,,,0,0,0,ncbi_only,Eukaryota,0.0
Palloptera,0,0,0.0,0.0,2,1,2,0.0,0.0,100.0,,,0,0,0,ncbi_only,Eukaryota,0.0
Pherbina,0,0,0.0,0.0,2,1,2,0.0,0.0,100.0,,,0,0,0,ncbi_only,Eukaryota,0.0
Anomoia,0,0,0.0,0.0,2,1,2,0.0,0.0,100.0,,,0,0,0,ncbi_only,Eukaryota,0.0
Prosopis,0,0,0.0,0.0,2,2,2,0.0,0.01,100.0,,,0,0,0,ncbi_only,Eukaryota,0.0
Apocynum,0,0,0.0,0.0,2,2,2,0.0,0.01,100.0,,,0,0,0,ncbi_only,Eukaryota,0.0
Ononis,0,0,0.0,0.0,2,1,2,0.0,0.0,100.0,,,0,0,0,ncbi_only,Eukaryota,0.0
Ontholestes,0,0,0.0,0.0,2,1,2,0.0,0.0,100.0,,,0,0,0,ncbi_only,Eukaryota,0.0
Apocheima,0,0,0.0,0.0,2,1,2,0.0,0.0,100.0,,,0,0,0,ncbi_only,Eukaryota,0.0
Aplysia,0,0,0.0,0.0,2,1,2,0.0,0.0,100.0,,,0,0,0,ncbi_only,Eukaryota,0.0
Onychostoma,0,0,0.0,0.0,2,1,2,0.0,0.0,100.0,,,0,0,0,ncbi_only,Eukaryota,0.0
Aplosporella,0,0,0.0,0.0,2,1,2,0.0,0.0,100.0,,,0,0,0,ncbi_only,Eukaryota,0.0
Aplochiton,0,0,0.0,0.0,2,1,2,0.0,0.0,100.0,,,0,0,0,ncbi_only,Eukaryota,0.0
Aplidium,0,0,0.0,0.0,2,1,2,0.0,0.0,100.0,,,0,0,0,ncbi_only,Eukaryota,0.0
Ooceraea,0,0,0.0,0.0,2,1,2,0.0,0.0,100.0,,,0,0,0,ncbi_only,Eukaryota,0.0
Oophaga,0,0,0.0,0.0,2,2,2,0.0,0.01,100.0,,,0,0,0,ncbi_only,Eukaryota,0.0
Protula,0,0,0.0,0.0,2,1,2,0.0,0.0,100.0,,,0,0,0,ncbi_only,Eukaryota,0.0
Aplectana,0,0,0.0,0.0,2,1,2,0.0,0.0,100.0,,,0,0,0,ncbi_only,Eukaryota,0.0
Apium,0,0,0.0,0.0,2,1,2,0.0,0.0,100.0,,,0,0,0,ncbi_only,Eukaryota,0.0
Protophormia,0,0,0.0,0.0,2,1,2,0.0,0.0,100.0,,,0,0,0,ncbi_only,Eukaryota,0.0
Ophiocomina,0,0,0.0,0.0,2,1,2,0.0,0.0,100.0,,,0,0,0,ncbi_only,Eukaryota,0.0
Ophioderma,0,0,0.0,0.0,2,2,2,0.0,0.01,100.0,,,0,0,0,ncbi_only,Eukaryota,0.0
Ophiodon,0,0,0.0,0.0,2,1,2,0.0,0.0,100.0,,,0,0,0,ncbi_only,Eukaryota,0.0
Protonemura,0,0,0.0,0.0,2,1,2,0.0,0.0,100.0,,,0,0,0,ncbi_only,Eukaryota,0.0
Aphrophora,0,0,0.0,0.0,2,1,2,0.0,0.0,100.0,,,0,0,0,ncbi_only,Eukaryota,0.0
Aphrocallistes,0,0,0.0,0.0,2,1,2,0.0,0.0,100.0,,,0,0,0,ncbi_only,Eukaryota,0.0
Aphidecta,0,0,0.0,0.0,2,1,2,0.0,0.0,100.0,,,0,0,0,ncbi_only,Eukaryota,0.0
Apoda,0,0,0.0,0.0,2,1,2,0.0,0.0,100.0,,,0,0,0,ncbi_only,Eukaryota,0.0
Apoderus,0,0,0.0,0.0,2,1,2,0.0,0.0,100.0,,,0,0,0,ncbi_only,Eukaryota,0.0
Ophraella,0,0,0.0,0.0,2,1,2,0.0,0.0,100.0,,,0,0,0,ncbi_only,Eukaryota,0.0
Pholis,0,0,0.0,0.0,2,1,2,0.0,0.0,100.0,,,0,0,0,ncbi_only,Eukaryota,0.0
Pholidichthys,0,0,0.0,0.0,2,1,2,0.0,0.0,100.0,,,0,0,0,ncbi_only,Eukaryota,0.0
Vulgichneumon,0,0,0.0,0.0,2,1,2,0.0,0.0,100.0,,,0,0,0,ncbi_only,Eukaryota,0.0
Actitis,0,0,0.0,0.0,2,2,2,0.0,0.01,100.0,,,0,0,0,ncbi_only,Eukaryota,0.0
Oligodon,0,0,0.0,0.0,2,2,2,0.0,0.01,100.0,,,0,0,0,ncbi_only,Eukaryota,0.0
Oligophagozyma,0,0,0.0,0.0,2,1,2,0.0,0.0,100.0,,,0,0,0,ncbi_only,Eukaryota,0.0
Aptenodytes,0,0,0.0,0.0,2,2,2,0.0,0.01,100.0,,,0,0,0,ncbi_only,Eukaryota,0.0
Aproaerema,0,0,0.0,0.0,2,1,2,0.0,0.0,100.0,,,0,0,0,ncbi_only,Eukaryota,0.0
Pseudacris,0,0,0.0,0.0,2,1,2,0.0,0.0,100.0,,,0,0,0,ncbi_only,Eukaryota,0.0
Apostasia,0,0,0.0,0.0,2,2,2,0.0,0.01,100.0,,,0,0,0,ncbi_only,Eukaryota,0.0
Aporia,0,0,0.0,0.0,2,1,2,0.0,0.0,100.0,,,0,0,0,ncbi_only,Eukaryota,0.0
Omalotheca,0,0,0.0,0.0,2,1,2,0.0,0.0,100.0,,,0,0,0,ncbi_only,Eukaryota,0.0
Aponogeton,0,0,0.0,0.0,2,1,2,0.0,0.0,100.0,,,0,0,0,ncbi_only,Eukaryota,0.0
Apomyelois,0,0,0.0,0.0,2,1,2,0.0,0.0,100.0,,,0,0,0,ncbi_only,Eukaryota,0.0
Psammophis,0,0,0.0,0.0,2,2,2,0.0,0.01,100.0,,,0,0,0,ncbi_only,Eukaryota,0.0
Omphaloscelis,0,0,0.0,0.0,2,1,2,0.0,0.0,100.0,,,0,0,0,ncbi_only,Eukaryota,0.0
Omphalotus,0,0,0.0,0.0,2,2,2,0.0,0.01,100.0,,,0,0,0,ncbi_only,Eukaryota,0.0
Omphiscola,0,0,0.0,0.0,2,1,2,0.0,0.0,100.0,,,0,0,0,ncbi_only,Eukaryota,0.0
Onchidella,0,0,0.0,0.0,2,1,2,0.0,0.0,100.0,,,0,0,0,ncbi_only,Eukaryota,0.0
Psammomys,0,0,0.0,0.0,2,1,2,0.0,0.0,100.0,,,0,0,0,ncbi_only,Eukaryota,0.0
Acytostelium,0,0,0.0,0.0,2,2,2,0.0,0.01,100.0,,,0,0,0,ncbi_only,Eukaryota,0.0
Ophonus,0,0,0.0,0.0,2,1,2,0.0,0.0,100.0,,,0,0,0,ncbi_only,Eukaryota,0.0
Aphelinus,0,0,0.0,0.0,2,2,2,0.0,0.01,100.0,,,0,0,0,ncbi_only,Eukaryota,0.0
Anoplius,0,0,0.0,0.0,2,1,2,0.0,0.0,100.0,,,0,0,0,ncbi_only,Eukaryota,0.0
Addax,0,0,0.0,0.0,2,1,2,0.0,0.0,100.0,,,0,0,0,ncbi_only,Eukaryota,0.0
Antitype,0,0,0.0,0.0,2,1,2,0.0,0.0,100.0,,,0,0,0,ncbi_only,Eukaryota,0.0
Antipathozoanthus,0,0,0.0,0.0,2,2,2,0.0,0.01,100.0,,,0,0,0,ncbi_only,Eukaryota,0.0
Anticlea,0,0,0.0,0.0,2,1,2,0.0,0.0,100.0,,,0,0,0,ncbi_only,Eukaryota,0.0
Plotosus,0,0,0.0,0.0,2,1,2,0.0,0.0,100.0,,,0,0,0,ncbi_only,Eukaryota,0.0
Anthrax,0,0,0.0,0.0,2,1,2,0.0,0.0,100.0,,,0,0,0,ncbi_only,Eukaryota,0.0
Phlogophora,0,0,0.0,0.0,2,1,2,0.0,0.0,100.0,,,0,0,0,ncbi_only,Eukaryota,0.0
Anthomyza,0,0,0.0,0.0,2,1,2,0.0,0.0,100.0,,,0,0,0,ncbi_only,Eukaryota,0.0
Anthocoris,0,0,0.0,0.0,2,1,2,0.0,0.0,100.0,,,0,0,0,ncbi_only,Eukaryota,0.0
Anthocomus,0,0,0.0,0.0,2,1,2,0.0,0.0,100.0,,,0,0,0,ncbi_only,Eukaryota,0.0
Plumapathes,0,0,0.0,0.0,2,1,2,0.0,0.0,100.0,,,0,0,0,ncbi_only,Eukaryota,0.0
Ormia,0,0,0.0,0.0,2,1,2,0.0,0.0,100.0,,,0,0,0,ncbi_only,Eukaryota,0.0
Anthochaera,0,0,0.0,0.0,2,1,2,0.0,0.0,100.0,,,0,0,0,ncbi_only,Eukaryota,0.0
Orthonevra,0,0,0.0,0.0,2,1,2,0.0,0.0,100.0,,,0,0,0,ncbi_only,Eukaryota,0.0
Adelges,0,0,0.0,0.0,2,2,2,0.0,0.01,100.0,,,0,0,0,ncbi_only,Eukaryota,0.0
Phlebia,0,0,0.0,0.0,2,2,2,0.0,0.01,100.0,,,0,0,0,ncbi_only,Eukaryota,0.0
Anseropoda,0,0,0.0,0.0,2,1,2,0.0,0.0,100.0,,,0,0,0,ncbi_only,Eukaryota,0.0
Orthotaenia,0,0,0.0,0.0,2,1,2,0.0,0.0,100.0,,,0,0,0,ncbi_only,Eukaryota,0.0
Plusia,0,0,0.0,0.0,2,1,2,0.0,0.0,100.0,,,0,0,0,ncbi_only,Eukaryota,0.0
Anorthoa,0,0,0.0,0.0,2,1,2,0.0,0.0,100.0,,,0,0,0,ncbi_only,Eukaryota,0.0
Anoplopoma,0,0,0.0,0.0,2,1,2,0.0,0.0,100.0,,,0,0,0,ncbi_only,Eukaryota,0.0
Orycteropus,0,0,0.0,0.0,2,1,2,0.0,0.0,100.0,,,0,0,0,ncbi_only,Eukaryota,0.0
Watersipora,0,0,0.0,0.0,2,1,2,0.0,0.0,100.0,,,0,0,0,ncbi_only,Eukaryota,0.0
Aphelia,0,0,0.0,0.0,2,1,2,0.0,0.0,100.0,,,0,0,0,ncbi_only,Eukaryota,0.0
Aparallactus,0,0,0.0,0.0,2,2,2,0.0,0.01,100.0,,,0,0,0,ncbi_only,Eukaryota,0.0
Protoeuglena,0,0,0.0,0.0,2,1,2,0.0,0.0,100.0,,,0,0,0,ncbi_only,Eukaryota,0.0
Protodeltote,0,0,0.0,0.0,2,1,2,0.0,0.0,100.0,,,0,0,0,ncbi_only,Eukaryota,0.0
Protocalliphora,0,0,0.0,0.0,2,1,2,0.0,0.0,100.0,,,0,0,0,ncbi_only,Eukaryota,0.0
Protobothrops,0,0,0.0,0.0,2,2,2,0.0,0.01,100.0,,,0,0,0,ncbi_only,Eukaryota,0.0
Opilo,0,0,0.0,0.0,2,1,2,0.0,0.0,100.0,,,0,0,0,ncbi_only,Eukaryota,0.0
Opisthograptis,0,0,0.0,0.0,2,1,2,0.0,0.0,100.0,,,0,0,0,ncbi_only,Eukaryota,0.0
Apeltes,0,0,0.0,0.0,2,1,2,0.0,0.0,100.0,,,0,0,0,ncbi_only,Eukaryota,0.0
Apeira,0,0,0.0,0.0,2,1,2,0.0,0.0,100.0,,,0,0,0,ncbi_only,Eukaryota,0.0
Opsanus,0,0,0.0,0.0,2,1,2,0.0,0.0,100.0,,,0,0,0,ncbi_only,Eukaryota,0.0
Opuntia,0,0,0.0,0.0,2,1,2,0.0,0.0,100.0,,,0,0,0,ncbi_only,Eukaryota,0.0
Oratosquilla,0,0,0.0,0.0,2,1,2,0.0,0.0,100.0,,,0,0,0,ncbi_only,Eukaryota,0.0
Apatococcus,0,0,0.0,0.0,2,2,2,0.0,0.01,100.0,,,0,0,0,ncbi_only,Eukaryota,0.0
Apalone,0,0,0.0,0.0,2,1,2,0.0,0.0,100.0,,,0,0,0,ncbi_only,Eukaryota,0.0
Proterorhinus,0,0,0.0,0.0,2,1,2,0.0,0.0,100.0,,,0,0,0,ncbi_only,Eukaryota,0.0
Orchestes,0,0,0.0,0.0,2,1,2,0.0,0.0,100.0,,,0,0,0,ncbi_only,Eukaryota,0.0
Apaeleticus,0,0,0.0,0.0,2,1,2,0.0,0.0,100.0,,,0,0,0,ncbi_only,Eukaryota,0.0
Oreina,0,0,0.0,0.0,2,1,2,0.0,0.0,100.0,,,0,0,0,ncbi_only,Eukaryota,0.0
Warburgia,0,0,0.0,0.0,2,1,2,0.0,0.0,100.0,,,0,0,0,ncbi_only,Eukaryota,0.0
Oreortyx,0,0,0.0,0.0,2,1,2,0.0,0.0,100.0,,,0,0,0,ncbi_only,Eukaryota,0.0
Protelbella,0,0,0.0,0.0,2,2,2,0.0,0.01,100.0,,,0,0,0,ncbi_only,Eukaryota,0.0
Anurida,0,0,0.0,0.0,2,2,2,0.0,0.01,100.0,,,0,0,0,ncbi_only,Eukaryota,0.0
Origanum,0,0,0.0,0.0,2,2,2,0.0,0.01,100.0,,,0,0,0,ncbi_only,Eukaryota,0.0
Origma,0,0,0.0,0.0,2,2,2,0.0,0.01,100.0,,,0,0,0,ncbi_only,Eukaryota,0.0
Amphilius,0,0,0.0,0.0,2,2,2,0.0,0.01,100.0,,,0,0,0,ncbi_only,Eukaryota,0.0
Amphiduros,0,0,0.0,0.0,2,1,2,0.0,0.0,100.0,,,0,0,0,ncbi_only,Eukaryota,0.0
Xanthostigma,0,0,0.0,0.0,2,1,2,0.0,0.0,100.0,,,0,0,0,ncbi_only,Eukaryota,0.0
Polyploca,0,0,0.0,0.0,2,1,2,0.0,0.0,100.0,,,0,0,0,ncbi_only,Eukaryota,0.0
Polyplax,0,0,0.0,0.0,2,1,2,0.0,0.0,100.0,,,0,0,0,ncbi_only,Eukaryota,0.0
Poecilobothrus,0,0,0.0,0.0,2,1,2,0.0,0.0,100.0,,,0,0,0,ncbi_only,Eukaryota,0.0
Pelagia,0,0,0.0,0.0,2,1,2,0.0,0.0,100.0,,,0,0,0,ncbi_only,Eukaryota,0.0
Yamagishiella,0,0,0.0,0.0,2,1,0,0.0,0.0,0.0,,,0,0,0,ncbi_only,Eukaryota,0.0
Polypedilum,0,0,0.0,0.0,2,2,2,0.0,0.01,100.0,,,0,0,0,ncbi_only,Eukaryota,0.0
Poecilus,0,0,0.0,0.0,2,1,2,0.0,0.0,100.0,,,0,0,0,ncbi_only,Eukaryota,0.0
Polyodon,0,0,0.0,0.0,2,1,2,0.0,0.0,100.0,,,0,0,0,ncbi_only,Eukaryota,0.0
Alethe,0,0,0.0,0.0,2,2,2,0.0,0.01,100.0,,,0,0,0,ncbi_only,Eukaryota,0.0
Alestes,0,0,0.0,0.0,2,2,2,0.0,0.01,100.0,,,0,0,0,ncbi_only,Eukaryota,0.0
Aesculus,0,0,0.0,0.0,2,1,2,0.0,0.0,100.0,,,0,0,0,ncbi_only,Eukaryota,0.0
Pellicia,0,0,0.0,0.0,2,1,2,0.0,0.0,100.0,,,0,0,0,ncbi_only,Eukaryota,0.0
Alentia,0,0,0.0,0.0,2,1,2,0.0,0.0,100.0,,,0,0,0,ncbi_only,Eukaryota,0.0
Aleimma,0,0,0.0,0.0,2,1,2,0.0,0.0,100.0,,,0,0,0,ncbi_only,Eukaryota,0.0
Pelodiscus,0,0,0.0,0.0,2,1,2,0.0,0.0,100.0,,,0,0,0,ncbi_only,Eukaryota,0.0
Pelophylax,0,0,0.0,0.0,2,1,2,0.0,0.0,100.0,,,0,0,0,ncbi_only,Eukaryota,0.0
Polygonus,0,0,0.0,0.0,2,2,2,0.0,0.01,100.0,,,0,0,0,ncbi_only,Eukaryota,0.0
Alcis,0,0,0.0,0.0,2,1,2,0.0,0.0,100.0,,,0,0,0,ncbi_only,Eukaryota,0.0
Peltula,0,0,0.0,0.0,2,2,0,0.0,0.01,0.0,,,0,0,0,ncbi_only,Eukaryota,0.0
Pelvicachromis,0,0,0.0,0.0,2,1,2,0.0,0.0,100.0,,,0,0,0,ncbi_only,Eukaryota,0.0
Pempelia,0,0,0.0,0.0,2,1,2,0.0,0.0,100.0,,,0,0,0,ncbi_only,Eukaryota,0.0
Pegoplata,0,0,0.0,0.0,2,1,2,0.0,0.0,100.0,,,0,0,0,ncbi_only,Eukaryota,0.0
Polydesmus,0,0,0.0,0.0,2,2,2,0.0,0.01,100.0,,,0,0,0,ncbi_only,Eukaryota,0.0
Xylophagus,0,0,0.0,0.0,2,1,2,0.0,0.0,100.0,,,0,0,0,ncbi_only,Eukaryota,0.0
Xylocampa,0,0,0.0,0.0,2,1,2,0.0,0.0,100.0,,,0,0,0,ncbi_only,Eukaryota,0.0
Passiflora,0,0,0.0,0.0,2,2,2,0.0,0.01,100.0,,,0,0,0,ncbi_only,Eukaryota,0.0
Xylocopa,0,0,0.0,0.0,2,2,2,0.0,0.01,100.0,,,0,0,0,ncbi_only,Eukaryota,0.0
Allantophomopsis,0,0,0.0,0.0,2,2,2,0.0,0.01,100.0,,,0,0,0,ncbi_only,Eukaryota,0.0
Paulownia,0,0,0.0,0.0,2,1,2,0.0,0.0,100.0,,,0,0,0,ncbi_only,Eukaryota,0.0
Polytrichum,0,0,0.0,0.0,2,2,2,0.0,0.01,100.0,,,0,0,0,ncbi_only,Eukaryota,0.0
Polytrichastrum,0,0,0.0,0.0,2,2,2,0.0,0.01,100.0,,,0,0,0,ncbi_only,Eukaryota,0.0
Alitta,0,0,0.0,0.0,2,1,2,0.0,0.0,100.0,,,0,0,0,ncbi_only,Eukaryota,0.0
Pectenia,0,0,0.0,0.0,2,2,0,0.0,0.01,0.0,,,0,0,0,ncbi_only,Eukaryota,0.0
Pediacus,0,0,0.0,0.0,2,1,2,0.0,0.0,100.0,,,0,0,0,ncbi_only,Eukaryota,0.0
Pediasia,0,0,0.0,0.0,2,1,2,0.0,0.0,100.0,,,0,0,0,ncbi_only,Eukaryota,0.0
Pedicia,0,0,0.0,0.0,2,1,2,0.0,0.0,100.0,,,0,0,0,ncbi_only,Eukaryota,0.0
Pediculus,0,0,0.0,0.0,2,1,2,0.0,0.0,100.0,,,0,0,0,ncbi_only,Eukaryota,0.0
Alisma,0,0,0.0,0.0,2,1,2,0.0,0.0,100.0,,,0,0,0,ncbi_only,Eukaryota,0.0
Phaethornis,0,0,0.0,0.0,2,1,2,0.0,0.0,100.0,,,0,0,0,ncbi_only,Eukaryota,0.0
Pedospumella,0,0,0.0,0.0,2,1,2,0.0,0.0,100.0,,,0,0,0,ncbi_only,Eukaryota,0.0
Xyphosia,0,0,0.0,0.0,2,1,2,0.0,0.0,100.0,,,0,0,0,ncbi_only,Eukaryota,0.0
Pempheris,0,0,0.0,0.0,2,1,2,0.0,0.0,100.0,,,0,0,0,ncbi_only,Eukaryota,0.0
Penares,0,0,0.0,0.0,2,1,2,0.0,0.0,100.0,,,0,0,0,ncbi_only,Eukaryota,0.0
Pasiphila,0,0,0.0,0.0,2,1,2,0.0,0.0,100.0,,,0,0,0,ncbi_only,Eukaryota,0.0
Aethalura,0,0,0.0,0.0,2,1,2,0.0,0.0,100.0,,,0,0,0,ncbi_only,Eukaryota,0.0
Agrius,0,0,0.0,0.0,2,1,2,0.0,0.0,100.0,,,0,0,0,ncbi_only,Eukaryota,0.0
Perna,0,0,0.0,0.0,2,1,2,0.0,0.0,100.0,,,0,0,0,ncbi_only,Eukaryota,0.0
Pernis,0,0,0.0,0.0,2,2,2,0.0,0.01,100.0,,,0,0,0,ncbi_only,Eukaryota,0.0
Perodicticus,0,0,0.0,0.0,2,1,2,0.0,0.0,100.0,,,0,0,0,ncbi_only,Eukaryota,0.0
Phacoides,0,0,0.0,0.0,2,1,2,0.0,0.0,100.0,,,0,0,0,ncbi_only,Eukaryota,0.0
Peroneutypa,0,0,0.0,0.0,2,2,2,0.0,0.01,100.0,,,0,0,0,ncbi_only,Eukaryota,0.0
Agonum,0,0,0.0,0.0,2,1,2,0.0,0.0,100.0,,,0,0,0,ncbi_only,Eukaryota,0.0
Agmasoma,0,0,0.0,0.0,2,1,2,0.0,0.0,100.0,,,0,0,0,ncbi_only,Eukaryota,0.0
Perophora,0,0,0.0,0.0,2,1,2,0.0,0.0,100.0,,,0,0,0,ncbi_only,Eukaryota,0.0
Phacochoerus,0,0,0.0,0.0,2,1,2,0.0,0.0,100.0,,,0,0,0,ncbi_only,Eukaryota,0.0
Agelastica,0,0,0.0,0.0,2,1,2,0.0,0.0,100.0,,,0,0,0,ncbi_only,Eukaryota,0.0
Agrostemma,0,0,0.0,0.0,2,1,2,0.0,0.0,100.0,,,0,0,0,ncbi_only,Eukaryota,0.0
Zacco,0,0,0.0,0.0,2,1,2,0.0,0.0,100.0,,,0,0,0,ncbi_only,Eukaryota,0.0
Agama,0,0,0.0,0.0,2,2,2,0.0,0.01,100.0,,,0,0,0,ncbi_only,Eukaryota,0.0
Petrolisthes,0,0,0.0,0.0,2,2,2,0.0,0.01,100.0,,,0,0,0,ncbi_only,Eukaryota,0.0
Petrophora,0,0,0.0,0.0,2,1,2,0.0,0.0,100.0,,,0,0,0,ncbi_only,Eukaryota,0.0
Pogostemon,0,0,0.0,0.0,2,1,2,0.0,0.0,100.0,,,0,0,0,ncbi_only,Eukaryota,0.0
Agrotera,0,0,0.0,0.0,2,1,2,0.0,0.0,100.0,,,0,0,0,ncbi_only,Eukaryota,0.0
Albula,0,0,0.0,0.0,2,2,2,0.0,0.01,100.0,,,0,0,0,ncbi_only,Eukaryota,0.0
Pogonocherus,0,0,0.0,0.0,2,1,2,0.0,0.0,100.0,,,0,0,0,ncbi_only,Eukaryota,0.0
Polychrysia,0,0,0.0,0.0,2,1,2,0.0,0.0,100.0,,,0,0,0,ncbi_only,Eukaryota,0.0
Phaeomoniella,0,0,0.0,0.0,2,1,2,0.0,0.0,100.0,,,0,0,0,ncbi_only,Eukaryota,0.0
Pentaglottis,0,0,0.0,0.0,2,1,2,0.0,0.0,100.0,,,0,0,0,ncbi_only,Eukaryota,0.0
Albatrellus,0,0,0.0,0.0,2,2,2,0.0,0.01,100.0,,,0,0,0,ncbi_only,Eukaryota,0.0
Alaria,0,0,0.0,0.0,2,2,2,0.0,0.01,100.0,,,0,0,0,ncbi_only,Eukaryota,0.0
Phaeocystis,0,0,0.0,0.0,2,1,0,0.0,0.0,0.0,,,0,0,0,ncbi_only,Eukaryota,0.0
Aix,0,0,0.0,0.0,2,2,2,0.0,0.01,100.0,,,0,0,0,ncbi_only,Eukaryota,0.0
Agrypnus,0,0,0.0,0.0,2,1,2,0.0,0.0,100.0,,,0,0,0,ncbi_only,Eukaryota,0.0
Percalates,0,0,0.0,0.0,2,2,2,0.0,0.01,100.0,,,0,0,0,ncbi_only,Eukaryota,0.0
Aiolochroia,0,0,0.0,0.0,2,1,2,0.0,0.0,100.0,,,0,0,0,ncbi_only,Eukaryota,0.0
Perconia,0,0,0.0,0.0,2,1,2,0.0,0.0,100.0,,,0,0,0,ncbi_only,Eukaryota,0.0
Yoshiicerus,0,0,0.0,0.0,2,1,2,0.0,0.0,100.0,,,0,0,0,ncbi_only,Eukaryota,0.0
Phaeoclavulina,0,0,0.0,0.0,2,1,2,0.0,0.0,100.0,,,0,0,0,ncbi_only,Eukaryota,0.0
Peribatodes,0,0,0.0,0.0,2,1,2,0.0,0.0,100.0,,,0,0,0,ncbi_only,Eukaryota,0.0
Periglandula,0,0,0.0,0.0,2,2,2,0.0,0.01,100.0,,,0,0,0,ncbi_only,Eukaryota,0.0
Periparus,0,0,0.0,0.0,2,1,2,0.0,0.0,100.0,,,0,0,0,ncbi_only,Eukaryota,0.0
Periphyllus,0,0,0.0,0.0,2,1,2,0.0,0.0,100.0,,,0,0,0,ncbi_only,Eukaryota,0.0
Agyllia,0,0,0.0,0.0,2,2,2,0.0,0.01,100.0,,,0,0,0,ncbi_only,Eukaryota,0.0
Perithous,0,0,0.0,0.0,2,1,2,0.0,0.0,100.0,,,0,0,0,ncbi_only,Eukaryota,0.0
Aerospiza,0,0,0.0,0.0,2,2,2,0.0,0.01,100.0,,,0,0,0,ncbi_only,Eukaryota,0.0
Pontederia,0,0,0.0,0.0,2,2,2,0.0,0.01,100.0,,,0,0,0,ncbi_only,Eukaryota,0.0
Ampelomyces,0,0,0.0,0.0,2,1,2,0.0,0.0,100.0,,,0,0,0,ncbi_only,Eukaryota,0.0
Amborella,0,0,0.0,0.0,2,1,2,0.0,0.0,100.0,,,0,0,0,ncbi_only,Eukaryota,0.0
Potamarius,0,0,0.0,0.0,2,2,2,0.0,0.01,100.0,,,0,0,0,ncbi_only,Eukaryota,0.0
Potamanaxas,0,0,0.0,0.0,2,2,2,0.0,0.01,100.0,,,0,0,0,ncbi_only,Eukaryota,0.0
Paramacrobiotus,0,0,0.0,0.0,2,2,2,0.0,0.01,100.0,,,0,0,0,ncbi_only,Eukaryota,0.0
Amblyraja,0,0,0.0,0.0,2,1,2,0.0,0.0,100.0,,,0,0,0,ncbi_only,Eukaryota,0.0
Parambassis,0,0,0.0,0.0,2,1,2,0.0,0.0,100.0,,,0,0,0,ncbi_only,Eukaryota,0.0
Amblyopyrum,0,0,0.0,0.0,2,1,2,0.0,0.0,100.0,,,0,0,0,ncbi_only,Eukaryota,0.0
Amblyomma,0,0,0.0,0.0,2,2,2,0.0,0.01,100.0,,,0,0,0,ncbi_only,Eukaryota,0.0
Ambispora,0,0,0.0,0.0,2,2,2,0.0,0.01,100.0,,,0,0,0,ncbi_only,Eukaryota,0.0
Ambassis,0,0,0.0,0.0,2,2,2,0.0,0.01,100.0,,,0,0,0,ncbi_only,Eukaryota,0.0
Amaurobius,0,0,0.0,0.0,2,1,2,0.0,0.0,100.0,,,0,0,0,ncbi_only,Eukaryota,0.0
Paralagenidium,0,0,0.0,0.0,2,1,2,0.0,0.0,100.0,,,0,0,0,ncbi_only,Eukaryota,0.0
Zarea,0,0,0.0,0.0,2,1,2,0.0,0.0,100.0,,,0,0,0,ncbi_only,Eukaryota,0.0
Amauroascus,0,0,0.0,0.0,2,2,2,0.0,0.01,100.0,,,0,0,0,ncbi_only,Eukaryota,0.0
Portevinia,0,0,0.0,0.0,2,1,2,0.0,0.0,100.0,,,0,0,0,ncbi_only,Eukaryota,0.0
Paraperithous,0,0,0.0,0.0,2,1,2,0.0,0.0,100.0,,,0,0,0,ncbi_only,Eukaryota,0.0
Xerus,0,0,0.0,0.0,2,2,2,0.0,0.01,100.0,,,0,0,0,ncbi_only,Eukaryota,0.0
Alydus,0,0,0.0,0.0,2,1,2,0.0,0.0,100.0,,,0,0,0,ncbi_only,Eukaryota,0.0
Paraphysoderma,0,0,0.0,0.0,2,1,2,0.0,0.0,100.0,,,0,0,0,ncbi_only,Eukaryota,0.0
Porpolomopsis,0,0,0.0,0.0,2,1,2,0.0,0.0,100.0,,,0,0,0,ncbi_only,Eukaryota,0.0
Alucita,0,0,0.0,0.0,2,1,2,0.0,0.0,100.0,,,0,0,0,ncbi_only,Eukaryota,0.0
Parapoynx,0,0,0.0,0.0,2,1,2,0.0,0.0,100.0,,,0,0,0,ncbi_only,Eukaryota,0.0
Altica,0,0,0.0,0.0,2,1,2,0.0,0.0,100.0,,,0,0,0,ncbi_only,Eukaryota,0.0
Phascogale,0,0,0.0,0.0,2,2,2,0.0,0.01,100.0,,,0,0,0,ncbi_only,Eukaryota,0.0
Potamogeton,0,0,0.0,0.0,2,1,2,0.0,0.0,100.0,,,0,0,0,ncbi_only,Eukaryota,0.0
Xenochromis,0,0,0.0,0.0,2,1,2,0.0,0.0,100.0,,,0,0,0,ncbi_only,Eukaryota,0.0
Ampedus,0,0,0.0,0.0,2,1,2,0.0,0.0,100.0,,,0,0,0,ncbi_only,Eukaryota,0.0
Paracentrotus,0,0,0.0,0.0,2,1,2,0.0,0.0,100.0,,,0,0,0,ncbi_only,Eukaryota,0.0
Powellomyces,0,0,0.0,0.0,2,1,2,0.0,0.0,100.0,,,0,0,0,ncbi_only,Eukaryota,0.0
Amorpha,0,0,0.0,0.0,2,1,2,0.0,0.0,100.0,,,0,0,0,ncbi_only,Eukaryota,0.0
Pouteria,0,0,0.0,0.0,2,2,2,0.0,0.01,100.0,,,0,0,0,ncbi_only,Eukaryota,0.0
Parachronistis,0,0,0.0,0.0,2,1,2,0.0,0.0,100.0,,,0,0,0,ncbi_only,Eukaryota,0.0
Phellinidium,0,0,0.0,0.0,2,1,2,0.0,0.0,100.0,,,0,0,0,ncbi_only,Eukaryota,0.0
Aegle,0,0,0.0,0.0,2,1,2,0.0,0.0,100.0,,,0,0,0,ncbi_only,Eukaryota,0.0
Xenentodon,0,0,0.0,0.0,2,1,2,0.0,0.0,100.0,,,0,0,0,ncbi_only,Eukaryota,0.0
Paracoccus,0,0,0.0,0.0,2,1,252,0.0,0.0,66.49,,,0,0,0,ncbi_only,Eukaryota,0.0
Parailia,0,0,0.0,0.0,2,2,2,0.0,0.01,100.0,,,0,0,0,ncbi_only,Eukaryota,0.0
Potos,0,0,0.0,0.0,2,1,2,0.0,0.0,100.0,,,0,0,0,ncbi_only,Eukaryota,0.0
Xenocypris,0,0,0.0,0.0,2,2,2,0.0,0.01,100.0,,,0,0,0,ncbi_only,Eukaryota,0.0
Paradarisa,0,0,0.0,0.0,2,1,2,0.0,0.0,100.0,,,0,0,0,ncbi_only,Eukaryota,0.0
Ammopiptanthus,0,0,0.0,0.0,2,1,2,0.0,0.0,100.0,,,0,0,0,ncbi_only,Eukaryota,0.0
Phasianus,0,0,0.0,0.0,2,1,2,0.0,0.0,100.0,,,0,0,0,ncbi_only,Eukaryota,0.0
Phasia,0,0,0.0,0.0,2,1,2,0.0,0.0,100.0,,,0,0,0,ncbi_only,Eukaryota,0.0
Aegypius,0,0,0.0,0.0,2,1,2,0.0,0.0,100.0,,,0,0,0,ncbi_only,Eukaryota,0.0
Aelia,0,0,0.0,0.0,2,1,2,0.0,0.0,100.0,,,0,0,0,ncbi_only,Eukaryota,0.0
Ametastegia,0,0,0.0,0.0,2,1,2,0.0,0.0,100.0,,,0,0,0,ncbi_only,Eukaryota,0.0
Americardia,0,0,0.0,0.0,2,1,2,0.0,0.0,100.0,,,0,0,0,ncbi_only,Eukaryota,0.0
Xestobium,0,0,0.0,0.0,2,1,2,0.0,0.0,100.0,,,0,0,0,ncbi_only,Eukaryota,0.0
Allodiplogaster,0,0,0.0,0.0,2,1,2,0.0,0.0,100.0,,,0,0,0,ncbi_only,Eukaryota,0.0
Allygus,0,0,0.0,0.0,2,1,2,0.0,0.0,100.0,,,0,0,0,ncbi_only,Eukaryota,0.0
Pareutropius,0,0,0.0,0.0,2,2,2,0.0,0.01,100.0,,,0,0,0,ncbi_only,Eukaryota,0.0
Allygidius,0,0,0.0,0.0,2,1,2,0.0,0.0,100.0,,,0,0,0,ncbi_only,Eukaryota,0.0
Parietaria,0,0,0.0,0.0,2,1,2,0.0,0.0,100.0,,,0,0,0,ncbi_only,Eukaryota,0.0
Pontoporia,0,0,0.0,0.0,2,1,2,0.0,0.0,100.0,,,0,0,0,ncbi_only,Eukaryota,0.0
Parmelia,0,0,0.0,0.0,2,2,1,0.0,0.01,50.0,,,0,0,0,ncbi_only,Eukaryota,0.0
Phalera,0,0,0.0,0.0,2,1,2,0.0,0.0,100.0,,,0,0,0,ncbi_only,Eukaryota,0.0
Pontinus,0,0,0.0,0.0,2,1,2,0.0,0.0,100.0,,,0,0,0,ncbi_only,Eukaryota,0.0
Paroedura,0,0,0.0,0.0,2,1,2,0.0,0.0,100.0,,,0,0,0,ncbi_only,Eukaryota,0.0
Zapornia,0,0,0.0,0.0,2,2,2,0.0,0.01,100.0,,,0,0,0,ncbi_only,Eukaryota,0.0
Allophyes,0,0,0.0,0.0,2,1,2,0.0,0.0,100.0,,,0,0,0,ncbi_only,Eukaryota,0.0
Allolobophora,0,0,0.0,0.0,2,1,2,0.0,0.0,100.0,,,0,0,0,ncbi_only,Eukaryota,0.0
Alopochen,0,0,0.0,0.0,2,1,2,0.0,0.0,100.0,,,0,0,0,ncbi_only,Eukaryota,0.0
Phania,0,0,0.0,0.0,2,1,2,0.0,0.0,100.0,,,0,0,0,ncbi_only,Eukaryota,0.0
Alsophila,0,0,0.0,0.0,2,1,2,0.0,0.0,100.0,,,0,0,0,ncbi_only,Eukaryota,0.0
Phanerodontia,0,0,0.0,0.0,2,1,2,0.0,0.0,100.0,,,0,0,0,ncbi_only,Eukaryota,0.0
Parascedosporium,0,0,0.0,0.0,2,1,2,0.0,0.0,100.0,,,0,0,0,ncbi_only,Eukaryota,0.0
Parascotia,0,0,0.0,0.0,2,1,2,0.0,0.0,100.0,,,0,0,0,ncbi_only,Eukaryota,0.0
Phanerochaete,0,0,0.0,0.0,2,2,2,0.0,0.01,100.0,,,0,0,0,ncbi_only,Eukaryota,0.0
Parasitella,0,0,0.0,0.0,2,1,2,0.0,0.0,100.0,,,0,0,0,ncbi_only,Eukaryota,0.0
Parectropis,0,0,0.0,0.0,2,1,2,0.0,0.0,100.0,,,0,0,0,ncbi_only,Eukaryota,0.0
Parastichopus,0,0,0.0,0.0,2,2,2,0.0,0.01,100.0,,,0,0,0,ncbi_only,Eukaryota,0.0
Parastichtis,0,0,0.0,0.0,2,1,2,0.0,0.0,100.0,,,0,0,0,ncbi_only,Eukaryota,0.0
Porospora,0,0,0.0,0.0,2,2,0,0.0,0.01,0.0,,,0,0,0,ncbi_only,Eukaryota,0.0
Phalloptychus,0,0,0.0,0.0,2,2,2,0.0,0.01,100.0,,,0,0,0,ncbi_only,Eukaryota,0.0
Paratalanta,0,0,0.0,0.0,2,1,2,0.0,0.0,100.0,,,0,0,0,ncbi_only,Eukaryota,0.0
Poromitra,0,0,0.0,0.0,2,1,2,0.0,0.0,100.0,,,0,0,0,ncbi_only,Eukaryota,0.0
Parathielavia,0,0,0.0,0.0,2,2,2,0.0,0.01,100.0,,,0,0,0,ncbi_only,Eukaryota,0.0
Porochilus,0,0,0.0,0.0,2,1,2,0.0,0.0,100.0,,,0,0,0,ncbi_only,Eukaryota,0.0
Pardosa,0,0,0.0,0.0,2,1,2,0.0,0.0,100.0,,,0,0,0,ncbi_only,Eukaryota,0.0
Xiphorhynchus,0,0,0.0,0.0,2,2,2,0.0,0.01,100.0,,,0,0,0,ncbi_only,Eukaryota,0.0
Moneuplotes,0,0,0.0,0.0,2,1,2,0.0,0.0,100.0,,,0,0,0,ncbi_only,Eukaryota,0.0
Nanogona,0,0,0.0,0.0,2,1,2,0.0,0.0,100.0,,,0,0,0,ncbi_only,Eukaryota,0.0
Nanos,0,0,0.0,0.0,2,2,2,0.0,0.01,100.0,,,0,0,0,ncbi_only,Eukaryota,0.0
Nansenia,0,0,0.0,0.0,2,1,2,0.0,0.0,100.0,,,0,0,0,ncbi_only,Eukaryota,0.0
Narcine,0,0,0.0,0.0,2,1,2,0.0,0.0,100.0,,,0,0,0,ncbi_only,Eukaryota,0.0
Batrachedra,0,0,0.0,0.0,2,1,2,0.0,0.0,100.0,,,0,0,0,ncbi_only,Eukaryota,0.0
Narthecium,0,0,0.0,0.0,2,1,2,0.0,0.0,100.0,,,0,0,0,ncbi_only,Eukaryota,0.0
Utricularia,0,0,0.0,0.0,2,2,2,0.0,0.01,100.0,,,0,0,0,ncbi_only,Eukaryota,0.0
Phyllospadix,0,0,0.0,0.0,2,1,2,0.0,0.0,100.0,,,0,0,0,ncbi_only,Eukaryota,0.0
Bassozetus,0,0,0.0,0.0,2,2,2,0.0,0.01,100.0,,,0,0,0,ncbi_only,Eukaryota,0.0
Natator,0,0,0.0,0.0,2,1,2,0.0,0.0,100.0,,,0,0,0,ncbi_only,Eukaryota,0.0
Naticarius,0,0,0.0,0.0,2,2,2,0.0,0.01,100.0,,,0,0,0,ncbi_only,Eukaryota,0.0
Basipetospora,0,0,0.0,0.0,2,2,2,0.0,0.01,100.0,,,0,0,0,ncbi_only,Eukaryota,0.0
Vachellia,0,0,0.0,0.0,2,2,2,0.0,0.01,100.0,,,0,0,0,ncbi_only,Eukaryota,0.0
Phyllopsora,0,0,0.0,0.0,2,2,0,0.0,0.01,0.0,,,0,0,0,ncbi_only,Eukaryota,0.0
Psococerastis,0,0,0.0,0.0,2,1,2,0.0,0.0,100.0,,,0,0,0,ncbi_only,Eukaryota,0.0
Psittacus,0,0,0.0,0.0,2,2,2,0.0,0.01,100.0,,,0,0,0,ncbi_only,Eukaryota,0.0
Barypeithes,0,0,0.0,0.0,2,1,2,0.0,0.0,100.0,,,0,0,0,ncbi_only,Eukaryota,0.0
Bartramia,0,0,0.0,0.0,2,1,2,0.0,0.0,100.0,,,0,0,0,ncbi_only,Eukaryota,0.0
Barthelona,0,0,0.0,0.0,2,2,2,0.0,0.01,100.0,,,0,0,0,ncbi_only,Eukaryota,0.0
Phyllomedusa,0,0,0.0,0.0,2,2,2,0.0,0.01,100.0,,,0,0,0,ncbi_only,Eukaryota,0.0
Psyttalia,0,0,0.0,0.0,2,2,2,0.0,0.01,100.0,,,0,0,0,ncbi_only,Eukaryota,0.0
Phyllospongia,0,0,0.0,0.0,2,1,2,0.0,0.0,100.0,,,0,0,0,ncbi_only,Eukaryota,0.0
Pterula,0,0,0.0,0.0,2,2,2,0.0,0.01,100.0,,,0,0,0,ncbi_only,Eukaryota,0.0
Benthosema,0,0,0.0,0.0,2,2,2,0.0,0.01,100.0,,,0,0,0,ncbi_only,Eukaryota,0.0
Myrrha,0,0,0.0,0.0,2,1,2,0.0,0.0,100.0,,,0,0,0,ncbi_only,Eukaryota,0.0
Myscelus,0,0,0.0,0.0,2,2,2,0.0,0.01,100.0,,,0,0,0,ncbi_only,Eukaryota,0.0
Mysia,0,0,0.0,0.0,2,1,2,0.0,0.0,100.0,,,0,0,0,ncbi_only,Eukaryota,0.0
Mystacides,0,0,0.0,0.0,2,1,2,0.0,0.0,100.0,,,0,0,0,ncbi_only,Eukaryota,0.0
Mytilisepta,0,0,0.0,0.0,2,1,2,0.0,0.0,100.0,,,0,0,0,ncbi_only,Eukaryota,0.0
Phyllotreta,0,0,0.0,0.0,2,2,2,0.0,0.01,100.0,,,0,0,0,ncbi_only,Eukaryota,0.0
Bembecia,0,0,0.0,0.0,2,1,2,0.0,0.0,100.0,,,0,0,0,ncbi_only,Eukaryota,0.0
Uronychia,0,0,0.0,0.0,2,2,2,0.0,0.01,100.0,,,0,0,0,ncbi_only,Eukaryota,0.0
Zingel,0,0,0.0,0.0,2,1,2,0.0,0.0,100.0,,,0,0,0,ncbi_only,Eukaryota,0.0
Pteroeides,0,0,0.0,0.0,2,2,2,0.0,0.01,100.0,,,0,0,0,ncbi_only,Eukaryota,0.0
Urophora,0,0,0.0,0.0,2,1,2,0.0,0.0,100.0,,,0,0,0,ncbi_only,Eukaryota,0.0
Nannochloris,0,0,0.0,0.0,2,2,2,0.0,0.01,100.0,,,0,0,0,ncbi_only,Eukaryota,0.0
Befrostia,0,0,0.0,0.0,2,2,2,0.0,0.01,100.0,,,0,0,0,ncbi_only,Eukaryota,0.0
Bedellia,0,0,0.0,0.0,2,1,2,0.0,0.0,100.0,,,0,0,0,ncbi_only,Eukaryota,0.0
Pterocarpus,0,0,0.0,0.0,2,2,2,0.0,0.01,100.0,,,0,0,0,ncbi_only,Eukaryota,0.0
Beaufortia,0,0,0.0,0.0,2,2,2,0.0,0.01,100.0,,,0,0,0,ncbi_only,Eukaryota,0.0
Pterobdella,0,0,0.0,0.0,2,1,2,0.0,0.0,100.0,,,0,0,0,ncbi_only,Eukaryota,0.0
Pterapherapteryx,0,0,0.0,0.0,2,1,2,0.0,0.0,100.0,,,0,0,0,ncbi_only,Eukaryota,0.0
Nannizziopsis,0,0,0.0,0.0,2,2,2,0.0,0.01,100.0,,,0,0,0,ncbi_only,Eukaryota,0.0
Nannobrachium,0,0,0.0,0.0,2,1,2,0.0,0.0,100.0,,,0,0,0,ncbi_only,Eukaryota,0.0
Phylloecus,0,0,0.0,0.0,2,2,2,0.0,0.01,100.0,,,0,0,0,ncbi_only,Eukaryota,0.0
Baronia,0,0,0.0,0.0,2,1,2,0.0,0.0,100.0,,,0,0,0,ncbi_only,Eukaryota,0.0
Nemopoda,0,0,0.0,0.0,2,1,2,0.0,0.0,100.0,,,0,0,0,ncbi_only,Eukaryota,0.0
Petrosia,0,0,0.0,0.0,2,1,2,0.0,0.0,100.0,,,0,0,0,ncbi_only,Eukaryota,0.0
Nemoura,0,0,0.0,0.0,2,1,2,0.0,0.0,100.0,,,0,0,0,ncbi_only,Eukaryota,0.0
Nemurella,0,0,0.0,0.0,2,1,2,0.0,0.0,100.0,,,0,0,0,ncbi_only,Eukaryota,0.0
Pleoardoris,0,0,0.0,0.0,2,1,2,0.0,0.0,100.0,,,0,0,0,ncbi_only,Eukaryota,0.0
Variabilichromis,0,0,0.0,0.0,2,1,2,0.0,0.0,100.0,,,0,0,0,ncbi_only,Eukaryota,0.0
Neoascia,0,0,0.0,0.0,2,1,2,0.0,0.0,100.0,,,0,0,0,ncbi_only,Eukaryota,0.0
Varicellaria,0,0,0.0,0.0,2,1,0,0.0,0.0,0.0,,,0,0,0,ncbi_only,Eukaryota,0.0
Phyllachora,0,0,0.0,0.0,2,1,2,0.0,0.0,100.0,,,0,0,0,ncbi_only,Eukaryota,0.0
Bactra,0,0,0.0,0.0,2,1,2,0.0,0.0,100.0,,,0,0,0,ncbi_only,Eukaryota,0.0
Pseudoterpna,0,0,0.0,0.0,2,1,2,0.0,0.0,100.0,,,0,0,0,ncbi_only,Eukaryota,0.0
Pseudotelphusa,0,0,0.0,0.0,2,1,2,0.0,0.0,100.0,,,0,0,0,ncbi_only,Eukaryota,0.0
Nemophila,0,0,0.0,0.0,2,1,2,0.0,0.0,100.0,,,0,0,0,ncbi_only,Eukaryota,0.0
Bacidia,0,0,0.0,0.0,2,2,2,0.0,0.01,100.0,,,0,0,0,ncbi_only,Eukaryota,0.0
Bachmanniomyces,0,0,0.0,0.0,2,1,0,0.0,0.0,0.0,,,0,0,0,ncbi_only,Eukaryota,0.0
Pseudoswammerdamia,0,0,0.0,0.0,2,1,2,0.0,0.0,100.0,,,0,0,0,ncbi_only,Eukaryota,0.0
Neocochylis,0,0,0.0,0.0,2,1,2,0.0,0.0,100.0,,,0,0,0,ncbi_only,Eukaryota,0.0
Neocrepidodera,0,0,0.0,0.0,2,1,2,0.0,0.0,100.0,,,0,0,0,ncbi_only,Eukaryota,0.0
Neodon,0,0,0.0,0.0,2,2,2,0.0,0.01,100.0,,,0,0,0,ncbi_only,Eukaryota,0.0
Pseudosperma,0,0,0.0,0.0,2,2,2,0.0,0.01,100.0,,,0,0,0,ncbi_only,Eukaryota,0.0
Neodothiora,0,0,0.0,0.0,2,2,2,0.0,0.01,100.0,,,0,0,0,ncbi_only,Eukaryota,0.0
Baccha,0,0,0.0,0.0,2,1,2,0.0,0.0,100.0,,,0,0,0,ncbi_only,Eukaryota,0.0
Babylonia,0,0,0.0,0.0,2,1,2,0.0,0.0,100.0,,,0,0,0,ncbi_only,Eukaryota,0.0
Nemophora,0,0,0.0,0.0,2,1,2,0.0,0.0,100.0,,,0,0,0,ncbi_only,Eukaryota,0.0
Nemertoderma,0,0,0.0,0.0,2,1,2,0.0,0.0,100.0,,,0,0,0,ncbi_only,Eukaryota,0.0
Phyllodoce,0,0,0.0,0.0,2,1,2,0.0,0.0,100.0,,,0,0,0,ncbi_only,Eukaryota,0.0
Nausithoe,0,0,0.0,0.0,2,1,2,0.0,0.0,100.0,,,0,0,0,ncbi_only,Eukaryota,0.0
Nautilus,0,0,0.0,0.0,2,1,2,0.0,0.0,100.0,,,0,0,0,ncbi_only,Eukaryota,0.0
Psilopsiagon,0,0,0.0,0.0,2,2,2,0.0,0.01,100.0,,,0,0,0,ncbi_only,Eukaryota,0.0
Necator,0,0,0.0,0.0,2,1,2,0.0,0.0,100.0,,,0,0,0,ncbi_only,Eukaryota,0.0
Necrosyrtes,0,0,0.0,0.0,2,1,2,0.0,0.0,100.0,,,0,0,0,ncbi_only,Eukaryota,0.0
Nedystoma,0,0,0.0,0.0,2,2,2,0.0,0.01,100.0,,,0,0,0,ncbi_only,Eukaryota,0.0
Neelides,0,0,0.0,0.0,2,2,2,0.0,0.01,100.0,,,0,0,0,ncbi_only,Eukaryota,0.0
Neelus,0,0,0.0,0.0,2,1,2,0.0,0.0,100.0,,,0,0,0,ncbi_only,Eukaryota,0.0
Ballota,0,0,0.0,0.0,2,1,2,0.0,0.0,100.0,,,0,0,0,ncbi_only,Eukaryota,0.0
Bagrus,0,0,0.0,0.0,2,2,2,0.0,0.01,100.0,,,0,0,0,ncbi_only,Eukaryota,0.0
Plemyria,0,0,0.0,0.0,2,1,2,0.0,0.0,100.0,,,0,0,0,ncbi_only,Eukaryota,0.0
Acrocera,0,0,0.0,0.0,2,1,2,0.0,0.0,100.0,,,0,0,0,ncbi_only,Eukaryota,0.0
Balanococcus,0,0,0.0,0.0,2,1,2,0.0,0.0,100.0,,,0,0,0,ncbi_only,Eukaryota,0.0
Baileychromis,0,0,0.0,0.0,2,1,2,0.0,0.0,100.0,,,0,0,0,ncbi_only,Eukaryota,0.0
Nematalosa,0,0,0.0,0.0,2,1,2,0.0,0.0,100.0,,,0,0,0,ncbi_only,Eukaryota,0.0
Nematodospora,0,0,0.0,0.0,2,2,2,0.0,0.01,100.0,,,0,0,0,ncbi_only,Eukaryota,0.0
Nematolebias,0,0,0.0,0.0,2,2,2,0.0,0.01,100.0,,,0,0,0,ncbi_only,Eukaryota,0.0
Pseudoturritis,0,0,0.0,0.0,2,1,2,0.0,0.0,100.0,,,0,0,0,ncbi_only,Eukaryota,0.0
Nematopogon,0,0,0.0,0.0,2,1,2,0.0,0.0,100.0,,,0,0,0,ncbi_only,Eukaryota,0.0
Myrica,0,0,0.0,0.0,2,1,2,0.0,0.0,100.0,,,0,0,0,ncbi_only,Eukaryota,0.0
Myoxocephalus,0,0,0.0,0.0,2,2,2,0.0,0.01,100.0,,,0,0,0,ncbi_only,Eukaryota,0.0
Bergia,0,0,0.0,0.0,2,2,2,0.0,0.01,100.0,,,0,0,0,ncbi_only,Eukaryota,0.0
Pungu,0,0,0.0,0.0,2,1,2,0.0,0.0,100.0,,,0,0,0,ncbi_only,Eukaryota,0.0
Ulex,0,0,0.0,0.0,2,1,2,0.0,0.0,100.0,,,0,0,0,ncbi_only,Eukaryota,0.0
Blitum,0,0,0.0,0.0,2,1,2,0.0,0.0,100.0,,,0,0,0,ncbi_only,Eukaryota,0.0
Blera,0,0,0.0,0.0,2,1,2,0.0,0.0,100.0,,,0,0,0,ncbi_only,Eukaryota,0.0
Blennius,0,0,0.0,0.0,2,1,2,0.0,0.0,100.0,,,0,0,0,ncbi_only,Eukaryota,0.0
Moxostoma,0,0,0.0,0.0,2,1,2,0.0,0.0,100.0,,,0,0,0,ncbi_only,Eukaryota,0.0
Bleda,0,0,0.0,0.0,2,2,2,0.0,0.01,100.0,,,0,0,0,ncbi_only,Eukaryota,0.0
Punctelia,0,0,0.0,0.0,2,2,0,0.0,0.01,0.0,,,0,0,0,ncbi_only,Eukaryota,0.0
Blattella,0,0,0.0,0.0,2,1,2,0.0,0.0,100.0,,,0,0,0,ncbi_only,Eukaryota,0.0
Blastomussa,0,0,0.0,0.0,2,1,2,0.0,0.0,100.0,,,0,0,0,ncbi_only,Eukaryota,0.0
Uleiota,0,0,0.0,0.0,2,1,2,0.0,0.0,100.0,,,0,0,0,ncbi_only,Eukaryota,0.0
Blastocrithidia,0,0,0.0,0.0,2,2,2,0.0,0.01,100.0,,,0,0,0,ncbi_only,Eukaryota,0.0
Blastocladiella,0,0,0.0,0.0,2,2,2,0.0,0.01,100.0,,,0,0,0,ncbi_only,Eukaryota,0.0
Mugil,0,0,0.0,0.0,2,1,2,0.0,0.0,100.0,,,0,0,0,ncbi_only,Eukaryota,0.0
Phytometra,0,0,0.0,0.0,2,1,2,0.0,0.0,100.0,,,0,0,0,ncbi_only,Eukaryota,0.0
Bitoma,0,0,0.0,0.0,2,1,2,0.0,0.0,100.0,,,0,0,0,ncbi_only,Eukaryota,0.0
Mullus,0,0,0.0,0.0,2,1,2,0.0,0.0,100.0,,,0,0,0,ncbi_only,Eukaryota,0.0
Umbellularia,0,0,0.0,0.0,2,1,2,0.0,0.0,100.0,,,0,0,0,ncbi_only,Eukaryota,0.0
Mungos,0,0,0.0,0.0,2,1,2,0.0,0.0,100.0,,,0,0,0,ncbi_only,Eukaryota,0.0
Bison,0,0,0.0,0.0,2,2,2,0.0,0.01,100.0,,,0,0,0,ncbi_only,Eukaryota,0.0
Blyttiomyces,0,0,0.0,0.0,2,2,2,0.0,0.01,100.0,,,0,0,0,ncbi_only,Eukaryota,0.0
Tylochromis,0,0,0.0,0.0,2,1,2,0.0,0.0,100.0,,,0,0,0,ncbi_only,Eukaryota,0.0
Pycnomerus,0,0,0.0,0.0,2,1,2,0.0,0.0,100.0,,,0,0,0,ncbi_only,Eukaryota,0.0
Puttea,0,0,0.0,0.0,2,1,0,0.0,0.0,0.0,,,0,0,0,ncbi_only,Eukaryota,0.0
Tympanuchus,0,0,0.0,0.0,2,2,2,0.0,0.01,100.0,,,0,0,0,ncbi_only,Eukaryota,0.0
Montifringilla,0,0,0.0,0.0,2,2,2,0.0,0.01,100.0,,,0,0,0,ncbi_only,Eukaryota,0.0
Bolosoma,0,0,0.0,0.0,2,1,2,0.0,0.0,100.0,,,0,0,0,ncbi_only,Eukaryota,0.0
Bolitophila,0,0,0.0,0.0,2,2,2,0.0,0.01,100.0,,,0,0,0,ncbi_only,Eukaryota,0.0
Bolinus,0,0,0.0,0.0,2,1,2,0.0,0.0,100.0,,,0,0,0,ncbi_only,Eukaryota,0.0
Boleophthalmus,0,0,0.0,0.0,2,1,2,0.0,0.0,100.0,,,0,0,0,ncbi_only,Eukaryota,0.0
Morphnus,0,0,0.0,0.0,2,1,2,0.0,0.0,100.0,,,0,0,0,ncbi_only,Eukaryota,0.0
Mops,0,0,0.0,0.0,2,1,2,0.0,0.0,100.0,,,0,0,0,ncbi_only,Eukaryota,0.0
Piaractus,0,0,0.0,0.0,2,1,2,0.0,0.0,100.0,,,0,0,0,ncbi_only,Eukaryota,0.0
Mordacia,0,0,0.0,0.0,2,1,2,0.0,0.0,100.0,,,0,0,0,ncbi_only,Eukaryota,0.0
Morelia,0,0,0.0,0.0,2,2,2,0.0,0.01,100.0,,,0,0,0,ncbi_only,Eukaryota,0.0
Moricandia,0,0,0.0,0.0,2,2,2,0.0,0.01,100.0,,,0,0,0,ncbi_only,Eukaryota,0.0
Tyria,0,0,0.0,0.0,2,1,2,0.0,0.0,100.0,,,0,0,0,ncbi_only,Eukaryota,0.0
Mormo,0,0,0.0,0.0,2,1,2,0.0,0.0,100.0,,,0,0,0,ncbi_only,Eukaryota,0.0
Tyta,0,0,0.0,0.0,2,1,2,0.0,0.0,100.0,,,0,0,0,ncbi_only,Eukaryota,0.0
Phytoseiulus,0,0,0.0,0.0,2,1,2,0.0,0.0,100.0,,,0,0,0,ncbi_only,Eukaryota,0.0
Aciculoconidium,0,0,0.0,0.0,2,1,2,0.0,0.0,100.0,,,0,0,0,ncbi_only,Eukaryota,0.0
Udeniomyces,0,0,0.0,0.0,2,2,2,0.0,0.01,100.0,,,0,0,0,ncbi_only,Eukaryota,0.0
Phyto,0,0,0.0,0.0,2,1,2,0.0,0.0,100.0,,,0,0,0,ncbi_only,Eukaryota,0.0
Muraenolepis,0,0,0.0,0.0,2,2,2,0.0,0.01,100.0,,,0,0,0,ncbi_only,Eukaryota,0.0
Myospalax,0,0,0.0,0.0,2,2,2,0.0,0.01,100.0,,,0,0,0,ncbi_only,Eukaryota,0.0
Bibio,0,0,0.0,0.0,2,1,2,0.0,0.0,100.0,,,0,0,0,ncbi_only,Eukaryota,0.0
Biatora,0,0,0.0,0.0,2,2,0,0.0,0.01,0.0,,,0,0,0,ncbi_only,Eukaryota,0.0
Unio,0,0,0.0,0.0,2,2,2,0.0,0.01,100.0,,,0,0,0,ncbi_only,Eukaryota,0.0
Bhutanitis,0,0,0.0,0.0,2,2,2,0.0,0.01,100.0,,,0,0,0,ncbi_only,Eukaryota,0.0
Mycoblastus,0,0,0.0,0.0,2,1,0,0.0,0.0,0.0,,,0,0,0,ncbi_only,Eukaryota,0.0
Mycocentrospora,0,0,0.0,0.0,2,1,2,0.0,0.0,100.0,,,0,0,0,ncbi_only,Eukaryota,0.0
Betula,0,0,0.0,0.0,2,2,2,0.0,0.01,100.0,,,0,0,0,ncbi_only,Eukaryota,0.0
Physalia,0,0,0.0,0.0,2,1,2,0.0,0.0,100.0,,,0,0,0,ncbi_only,Eukaryota,0.0
Acmispon,0,0,0.0,0.0,2,1,2,0.0,0.0,100.0,,,0,0,0,ncbi_only,Eukaryota,0.0
Puffinus,0,0,0.0,0.0,2,2,2,0.0,0.01,100.0,,,0,0,0,ncbi_only,Eukaryota,0.0
Ptychographa,0,0,0.0,0.0,2,1,0,0.0,0.0,0.0,,,0,0,0,ncbi_only,Eukaryota,0.0
Acorus,0,0,0.0,0.0,2,2,2,0.0,0.01,100.0,,,0,0,0,ncbi_only,Eukaryota,0.0
Ptychodera,0,0,0.0,0.0,2,1,2,0.0,0.0,100.0,,,0,0,0,ncbi_only,Eukaryota,0.0
Mycteria,0,0,0.0,0.0,2,2,2,0.0,0.01,100.0,,,0,0,0,ncbi_only,Eukaryota,0.0
Myioborus,0,0,0.0,0.0,2,2,2,0.0,0.01,100.0,,,0,0,0,ncbi_only,Eukaryota,0.0
Myiothlypis,0,0,0.0,0.0,2,2,2,0.0,0.01,100.0,,,0,0,0,ncbi_only,Eukaryota,0.0
Myliobatis,0,0,0.0,0.0,2,2,2,0.0,0.01,100.0,,,0,0,0,ncbi_only,Eukaryota,0.0
Mylopharyngodon,0,0,0.0,0.0,2,1,2,0.0,0.0,100.0,,,0,0,0,ncbi_only,Eukaryota,0.0
Phymatocera,0,0,0.0,0.0,2,1,2,0.0,0.0,100.0,,,0,0,0,ncbi_only,Eukaryota,0.0
Ptilophora,0,0,0.0,0.0,2,1,2,0.0,0.0,100.0,,,0,0,0,ncbi_only,Eukaryota,0.0
Myomyrus,0,0,0.0,0.0,2,2,2,0.0,0.01,100.0,,,0,0,0,ncbi_only,Eukaryota,0.0
Phymanthus,0,0,0.0,0.0,2,2,2,0.0,0.01,100.0,,,0,0,0,ncbi_only,Eukaryota,0.0
Bidens,0,0,0.0,0.0,2,1,2,0.0,0.0,100.0,,,0,0,0,ncbi_only,Eukaryota,0.0
Myathropa,0,0,0.0,0.0,2,1,2,0.0,0.0,100.0,,,0,0,0,ncbi_only,Eukaryota,0.0
Biscutella,0,0,0.0,0.0,2,2,2,0.0,0.01,100.0,,,0,0,0,ncbi_only,Eukaryota,0.0
Physella,0,0,0.0,0.0,2,1,2,0.0,0.0,100.0,,,0,0,0,ncbi_only,Eukaryota,0.0
Physocephala,0,0,0.0,0.0,2,1,2,0.0,0.0,100.0,,,0,0,0,ncbi_only,Eukaryota,0.0
Muricea,0,0,0.0,0.0,2,1,2,0.0,0.0,100.0,,,0,0,0,ncbi_only,Eukaryota,0.0
Biphyllus,0,0,0.0,0.0,2,1,2,0.0,0.0,100.0,,,0,0,0,ncbi_only,Eukaryota,0.0
Umbilicus,0,0,0.0,0.0,2,1,2,0.0,0.0,100.0,,,0,0,0,ncbi_only,Eukaryota,0.0
Pulicaria,0,0,0.0,0.0,2,1,2,0.0,0.0,100.0,,,0,0,0,ncbi_only,Eukaryota,0.0
Umbra,0,0,0.0,0.0,2,1,2,0.0,0.0,100.0,,,0,0,0,ncbi_only,Eukaryota,0.0
Bilobella,0,0,0.0,0.0,2,2,2,0.0,0.01,100.0,,,0,0,0,ncbi_only,Eukaryota,0.0
Bilabrum,0,0,0.0,0.0,2,1,2,0.0,0.0,100.0,,,0,0,0,ncbi_only,Eukaryota,0.0
Pugionium,0,0,0.0,0.0,2,2,2,0.0,0.01,100.0,,,0,0,0,ncbi_only,Eukaryota,0.0
Physcomitrium,0,0,0.0,0.0,2,1,2,0.0,0.0,100.0,,,0,0,0,ncbi_only,Eukaryota,0.0
Bigelowiella,0,0,0.0,0.0,2,1,2,0.0,0.0,100.0,,,0,0,0,ncbi_only,Eukaryota,0.0
Muscina,0,0,0.0,0.0,2,1,2,0.0,0.0,100.0,,,0,0,0,ncbi_only,Eukaryota,0.0
Musella,0,0,0.0,0.0,2,1,2,0.0,0.0,100.0,,,0,0,0,ncbi_only,Eukaryota,0.0
Musotima,0,0,0.0,0.0,2,1,2,0.0,0.0,100.0,,,0,0,0,ncbi_only,Eukaryota,0.0
Bidyanus,0,0,0.0,0.0,2,1,2,0.0,0.0,100.0,,,0,0,0,ncbi_only,Eukaryota,0.0
Mustelus,0,0,0.0,0.0,2,1,2,0.0,0.0,100.0,,,0,0,0,ncbi_only,Eukaryota,0.0
Undaria,0,0,0.0,0.0,2,1,2,0.0,0.0,100.0,,,0,0,0,ncbi_only,Eukaryota,0.0
Mya,0,0,0.0,0.0,2,1,2,0.0,0.0,100.0,,,0,0,0,ncbi_only,Eukaryota,0.0
Neoitamus,0,0,0.0,0.0,2,1,2,0.0,0.0,100.0,,,0,0,0,ncbi_only,Eukaryota,0.0
Arvicola,0,0,0.0,0.0,2,1,2,0.0,0.0,100.0,,,0,0,0,ncbi_only,Eukaryota,0.0
Actinomucor,0,0,0.0,0.0,2,1,2,0.0,0.0,100.0,,,0,0,0,ncbi_only,Eukaryota,0.0
Vinca,0,0,0.0,0.0,2,2,2,0.0,0.01,100.0,,,0,0,0,ncbi_only,Eukaryota,0.0
Pseudognaphalium,0,0,0.0,0.0,2,1,2,0.0,0.0,100.0,,,0,0,0,ncbi_only,Eukaryota,0.0
Arthromyces,0,0,0.0,0.0,2,1,2,0.0,0.0,100.0,,,0,0,0,ncbi_only,Eukaryota,0.0
Nowakowskiella,0,0,0.0,0.0,2,2,2,0.0,0.01,100.0,,,0,0,0,ncbi_only,Eukaryota,0.0
Nowickia,0,0,0.0,0.0,2,1,2,0.0,0.0,100.0,,,0,0,0,ncbi_only,Eukaryota,0.0
Arthrinium,0,0,0.0,0.0,2,2,2,0.0,0.01,100.0,,,0,0,0,ncbi_only,Eukaryota,0.0
Pleurobrachia,0,0,0.0,0.0,2,1,2,0.0,0.0,100.0,,,0,0,0,ncbi_only,Eukaryota,0.0
Nudaria,0,0,0.0,0.0,2,1,2,0.0,0.0,100.0,,,0,0,0,ncbi_only,Eukaryota,0.0
Arthaldeus,0,0,0.0,0.0,2,1,2,0.0,0.0,100.0,,,0,0,0,ncbi_only,Eukaryota,0.0
Numida,0,0,0.0,0.0,2,1,2,0.0,0.0,100.0,,,0,0,0,ncbi_only,Eukaryota,0.0
Artemisiospiza,0,0,0.0,0.0,2,1,2,0.0,0.0,100.0,,,0,0,0,ncbi_only,Eukaryota,0.0
Photedes,0,0,0.0,0.0,2,1,2,0.0,0.0,100.0,,,0,0,0,ncbi_only,Eukaryota,0.0
Pseudodiscina,0,0,0.0,0.0,2,1,2,0.0,0.0,100.0,,,0,0,0,ncbi_only,Eukaryota,0.0
Phosphuga,0,0,0.0,0.0,2,1,2,0.0,0.0,100.0,,,0,0,0,ncbi_only,Eukaryota,0.0
Nycteola,0,0,0.0,0.0,2,1,2,0.0,0.0,100.0,,,0,0,0,ncbi_only,Eukaryota,0.0
Vimba,0,0,0.0,0.0,2,1,2,0.0,0.0,100.0,,,0,0,0,ncbi_only,Eukaryota,0.0
Villa,0,0,0.0,0.0,2,1,2,0.0,0.0,100.0,,,0,0,0,ncbi_only,Eukaryota,0.0
Asobara,0,0,0.0,0.0,2,1,2,0.0,0.0,100.0,,,0,0,0,ncbi_only,Eukaryota,0.0
Asellus,0,0,0.0,0.0,2,1,2,0.0,0.0,100.0,,,0,0,0,ncbi_only,Eukaryota,0.0
Notechis,0,0,0.0,0.0,2,1,2,0.0,0.0,100.0,,,0,0,0,ncbi_only,Eukaryota,0.0
Asconema,0,0,0.0,0.0,2,1,2,0.0,0.0,100.0,,,0,0,0,ncbi_only,Eukaryota,0.0
Ascodesmis,0,0,0.0,0.0,2,2,2,0.0,0.01,100.0,,,0,0,0,ncbi_only,Eukaryota,0.0
Pseudokeronopsis,0,0,0.0,0.0,2,2,2,0.0,0.01,100.0,,,0,0,0,ncbi_only,Eukaryota,0.0
Nothopassalora,0,0,0.0,0.0,2,1,2,0.0,0.0,100.0,,,0,0,0,ncbi_only,Eukaryota,0.0
Ascobotryozyma,0,0,0.0,0.0,2,2,2,0.0,0.01,100.0,,,0,0,0,ncbi_only,Eukaryota,0.0
Pseudoips,0,0,0.0,0.0,2,1,2,0.0,0.0,100.0,,,0,0,0,ncbi_only,Eukaryota,0.0
Nothophytophthora,0,0,0.0,0.0,2,2,2,0.0,0.01,100.0,,,0,0,0,ncbi_only,Eukaryota,0.0
Nothris,0,0,0.0,0.0,2,1,2,0.0,0.0,100.0,,,0,0,0,ncbi_only,Eukaryota,0.0
Phragmatobia,0,0,0.0,0.0,2,1,2,0.0,0.0,100.0,,,0,0,0,ncbi_only,Eukaryota,0.0
Notocelia,0,0,0.0,0.0,2,1,2,0.0,0.0,100.0,,,0,0,0,ncbi_only,Eukaryota,0.0
Notoglanidium,0,0,0.0,0.0,2,2,2,0.0,0.01,100.0,,,0,0,0,ncbi_only,Eukaryota,0.0
Notolabrus,0,0,0.0,0.0,2,1,2,0.0,0.0,100.0,,,0,0,0,ncbi_only,Eukaryota,0.0
Notolepis,0,0,0.0,0.0,2,1,2,0.0,0.0,100.0,,,0,0,0,ncbi_only,Eukaryota,0.0
Notopais,0,0,0.0,0.0,2,2,2,0.0,0.01,100.0,,,0,0,0,ncbi_only,Eukaryota,0.0
Ascidiella,0,0,0.0,0.0,2,1,2,0.0,0.0,100.0,,,0,0,0,ncbi_only,Eukaryota,0.0
Notoscopelus,0,0,0.0,0.0,2,1,2,0.0,0.0,100.0,,,0,0,0,ncbi_only,Eukaryota,0.0
Ascidia,0,0,0.0,0.0,2,1,2,0.0,0.0,100.0,,,0,0,0,ncbi_only,Eukaryota,0.0
Ascarosepion,0,0,0.0,0.0,2,1,2,0.0,0.0,100.0,,,0,0,0,ncbi_only,Eukaryota,0.0
Phragmataecia,0,0,0.0,0.0,2,1,2,0.0,0.0,100.0,,,0,0,0,ncbi_only,Eukaryota,0.0
Arripis,0,0,0.0,0.0,2,1,2,0.0,0.0,100.0,,,0,0,0,ncbi_only,Eukaryota,0.0
Pseudeuparius,0,0,0.0,0.0,2,1,2,0.0,0.0,100.0,,,0,0,0,ncbi_only,Eukaryota,0.0
Phorcus,0,0,0.0,0.0,2,1,2,0.0,0.0,100.0,,,0,0,0,ncbi_only,Eukaryota,0.0
Archocentrus,0,0,0.0,0.0,2,1,2,0.0,0.0,100.0,,,0,0,0,ncbi_only,Eukaryota,0.0
Pseudoaustroboletus,0,0,0.0,0.0,2,2,2,0.0,0.01,100.0,,,0,0,0,ncbi_only,Eukaryota,0.0
Oculina,0,0,0.0,0.0,2,1,2,0.0,0.0,100.0,,,0,0,0,ncbi_only,Eukaryota,0.0
Ocypus,0,0,0.0,0.0,2,1,2,0.0,0.0,100.0,,,0,0,0,ncbi_only,Eukaryota,0.0
Odezia,0,0,0.0,0.0,2,1,2,0.0,0.0,100.0,,,0,0,0,ncbi_only,Eukaryota,0.0
Odiellus,0,0,0.0,0.0,2,1,2,0.0,0.0,100.0,,,0,0,0,ncbi_only,Eukaryota,0.0
Odonestis,0,0,0.0,0.0,2,1,2,0.0,0.0,100.0,,,0,0,0,ncbi_only,Eukaryota,0.0
Pseudis,0,0,0.0,0.0,2,1,2,0.0,0.0,100.0,,,0,0,0,ncbi_only,Eukaryota,0.0
Odontomyia,0,0,0.0,0.0,2,1,2,0.0,0.0,100.0,,,0,0,0,ncbi_only,Eukaryota,0.0
Odontopera,0,0,0.0,0.0,2,1,2,0.0,0.0,100.0,,,0,0,0,ncbi_only,Eukaryota,0.0
Arctostaphylos,0,0,0.0,0.0,2,1,2,0.0,0.0,100.0,,,0,0,0,ncbi_only,Eukaryota,0.0
Araschnia,0,0,0.0,0.0,2,1,2,0.0,0.0,100.0,,,0,0,0,ncbi_only,Eukaryota,0.0
Oegoconia,0,0,0.0,0.0,2,1,2,0.0,0.0,100.0,,,0,0,0,ncbi_only,Eukaryota,0.0
Oemleria,0,0,0.0,0.0,2,1,2,0.0,0.0,100.0,,,0,0,0,ncbi_only,Eukaryota,0.0
Pseudastur,0,0,0.0,0.0,2,2,2,0.0,0.01,100.0,,,0,0,0,ncbi_only,Eukaryota,0.0
Aragoa,0,0,0.0,0.0,2,2,2,0.0,0.01,100.0,,,0,0,0,ncbi_only,Eukaryota,0.0
Actinotia,0,0,0.0,0.0,2,1,2,0.0,0.0,100.0,,,0,0,0,ncbi_only,Eukaryota,0.0
Pseudarchaster,0,0,0.0,0.0,2,1,2,0.0,0.0,100.0,,,0,0,0,ncbi_only,Eukaryota,0.0
Okamejei,0,0,0.0,0.0,2,1,2,0.0,0.0,100.0,,,0,0,0,ncbi_only,Eukaryota,0.0
Arctogadus,0,0,0.0,0.0,2,1,2,0.0,0.0,100.0,,,0,0,0,ncbi_only,Eukaryota,0.0
Arctozenus,0,0,0.0,0.0,2,1,2,0.0,0.0,100.0,,,0,0,0,ncbi_only,Eukaryota,0.0
Nymphula,0,0,0.0,0.0,2,1,2,0.0,0.0,100.0,,,0,0,0,ncbi_only,Eukaryota,0.0
Arremon,0,0,0.0,0.0,2,2,2,0.0,0.01,100.0,,,0,0,0,ncbi_only,Eukaryota,0.0
Nysson,0,0,0.0,0.0,2,1,2,0.0,0.0,100.0,,,0,0,0,ncbi_only,Eukaryota,0.0
Oasisia,0,0,0.0,0.0,2,1,2,0.0,0.0,100.0,,,0,0,0,ncbi_only,Eukaryota,0.0
Arnica,0,0,0.0,0.0,2,1,2,0.0,0.0,100.0,,,0,0,0,ncbi_only,Eukaryota,0.0
Viridothelium,0,0,0.0,0.0,2,1,1,0.0,0.0,50.0,,,0,0,0,ncbi_only,Eukaryota,0.0
Arizona,0,0,0.0,0.0,2,1,2,0.0,0.0,100.0,,,0,0,0,ncbi_only,Eukaryota,0.0
Viscum,0,0,0.0,0.0,2,1,2,0.0,0.0,100.0,,,0,0,0,ncbi_only,Eukaryota,0.0
Arion,0,0,0.0,0.0,2,2,2,0.0,0.01,100.0,,,0,0,0,ncbi_only,Eukaryota,0.0
Arcuatula,0,0,0.0,0.0,2,1,2,0.0,0.0,100.0,,,0,0,0,ncbi_only,Eukaryota,0.0
Pseudochaenichthys,0,0,0.0,0.0,2,1,2,0.0,0.0,100.0,,,0,0,0,ncbi_only,Eukaryota,0.0
Argyra,0,0,0.0,0.0,2,1,2,0.0,0.0,100.0,,,0,0,0,ncbi_only,Eukaryota,0.0
Zeuzera,0,0,0.0,0.0,2,1,2,0.0,0.0,100.0,,,0,0,0,ncbi_only,Eukaryota,0.0
Oceanodroma,0,0,0.0,0.0,2,2,2,0.0,0.01,100.0,,,0,0,0,ncbi_only,Eukaryota,0.0
Arenicola,0,0,0.0,0.0,2,1,2,0.0,0.0,100.0,,,0,0,0,ncbi_only,Eukaryota,0.0
Ochetobius,0,0,0.0,0.0,2,1,2,0.0,0.0,100.0,,,0,0,0,ncbi_only,Eukaryota,0.0
Ochlerotatus,0,0,0.0,0.0,2,2,2,0.0,0.01,100.0,,,0,0,0,ncbi_only,Eukaryota,0.0
Ochlodes,0,0,0.0,0.0,2,1,2,0.0,0.0,100.0,,,0,0,0,ncbi_only,Eukaryota,0.0
Phormia,0,0,0.0,0.0,2,1,2,0.0,0.0,100.0,,,0,0,0,ncbi_only,Eukaryota,0.0
Ardeotis,0,0,0.0,0.0,2,2,2,0.0,0.01,100.0,,,0,0,0,ncbi_only,Eukaryota,0.0
Ochrolechia,0,0,0.0,0.0,2,2,0,0.0,0.01,0.0,,,0,0,0,ncbi_only,Eukaryota,0.0
Ochropacha,0,0,0.0,0.0,2,1,2,0.0,0.0,100.0,,,0,0,0,ncbi_only,Eukaryota,0.0
Pseudolaguvia,0,0,0.0,0.0,2,2,2,0.0,0.01,100.0,,,0,0,0,ncbi_only,Eukaryota,0.0
Aspidapion,0,0,0.0,0.0,2,1,2,0.0,0.0,100.0,,,0,0,0,ncbi_only,Eukaryota,0.0
Azorinus,0,0,0.0,0.0,2,1,2,0.0,0.0,100.0,,,0,0,0,ncbi_only,Eukaryota,0.0
Nesidiocoris,0,0,0.0,0.0,2,1,2,0.0,0.0,100.0,,,0,0,0,ncbi_only,Eukaryota,0.0
Pseudopleuronectes,0,0,0.0,0.0,2,2,2,0.0,0.01,100.0,,,0,0,0,ncbi_only,Eukaryota,0.0
Avellara,0,0,0.0,0.0,2,1,2,0.0,0.0,100.0,,,0,0,0,ncbi_only,Eukaryota,0.0
Avahi,0,0,0.0,0.0,2,2,2,0.0,0.01,100.0,,,0,0,0,ncbi_only,Eukaryota,0.0
Pseudopithomyces,0,0,0.0,0.0,2,2,2,0.0,0.01,100.0,,,0,0,0,ncbi_only,Eukaryota,0.0
Austroglanis,0,0,0.0,0.0,2,2,2,0.0,0.01,100.0,,,0,0,0,ncbi_only,Eukaryota,0.0
Pseudopipra,0,0,0.0,0.0,2,1,2,0.0,0.0,100.0,,,0,0,0,ncbi_only,Eukaryota,0.0
Pseudophryne,0,0,0.0,0.0,2,1,2,0.0,0.0,100.0,,,0,0,0,ncbi_only,Eukaryota,0.0
Neria,0,0,0.0,0.0,2,1,2,0.0,0.0,100.0,,,0,0,0,ncbi_only,Eukaryota,0.0
Nesoenas,0,0,0.0,0.0,2,1,2,0.0,0.0,100.0,,,0,0,0,ncbi_only,Eukaryota,0.0
Nephromyces,0,0,0.0,0.0,2,2,1,0.0,0.01,50.0,,,0,0,0,ncbi_only,Eukaryota,0.0
Pseudopestalotiopsis,0,0,0.0,0.0,2,2,2,0.0,0.01,100.0,,,0,0,0,ncbi_only,Eukaryota,0.0
Pseudoperonospora,0,0,0.0,0.0,2,2,2,0.0,0.01,100.0,,,0,0,0,ncbi_only,Eukaryota,0.0
Australoheros,0,0,0.0,0.0,2,2,2,0.0,0.01,100.0,,,0,0,0,ncbi_only,Eukaryota,0.0
Netta,0,0,0.0,0.0,2,1,2,0.0,0.0,100.0,,,0,0,0,ncbi_only,Eukaryota,0.0
Nettapus,0,0,0.0,0.0,2,2,2,0.0,0.01,100.0,,,0,0,0,ncbi_only,Eukaryota,0.0
Neurigona,0,0,0.0,0.0,2,1,2,0.0,0.0,100.0,,,0,0,0,ncbi_only,Eukaryota,0.0
Pseudopanthera,0,0,0.0,0.0,2,1,2,0.0,0.0,100.0,,,0,0,0,ncbi_only,Eukaryota,0.0
Neuroterus,0,0,0.0,0.0,2,2,2,0.0,0.01,100.0,,,0,0,0,ncbi_only,Eukaryota,0.0
Aurina,0,0,0.0,0.0,2,2,2,0.0,0.01,100.0,,,0,0,0,ncbi_only,Eukaryota,0.0
Plestiodon,0,0,0.0,0.0,2,1,2,0.0,0.0,100.0,,,0,0,0,ncbi_only,Eukaryota,0.0
Nezara,0,0,0.0,0.0,2,1,2,0.0,0.0,100.0,,,0,0,0,ncbi_only,Eukaryota,0.0
Nephrocerus,0,0,0.0,0.0,2,1,2,0.0,0.0,100.0,,,0,0,0,ncbi_only,Eukaryota,0.0
Venusia,0,0,0.0,0.0,2,1,2,0.0,0.0,100.0,,,0,0,0,ncbi_only,Eukaryota,0.0
Veleropilina,0,0,0.0,0.0,2,2,2,0.0,0.01,100.0,,,0,0,0,ncbi_only,Eukaryota,0.0
Azonax,0,0,0.0,0.0,2,1,2,0.0,0.0,100.0,,,0,0,0,ncbi_only,Eukaryota,0.0
Neoniphon,0,0,0.0,0.0,2,2,2,0.0,0.01,100.0,,,0,0,0,ncbi_only,Eukaryota,0.0
Neophaeococcomyces,0,0,0.0,0.0,2,2,2,0.0,0.01,100.0,,,0,0,0,ncbi_only,Eukaryota,0.0
Azelia,0,0,0.0,0.0,2,1,2,0.0,0.0,100.0,,,0,0,0,ncbi_only,Eukaryota,0.0
Azadirachta,0,0,0.0,0.0,2,1,2,0.0,0.0,100.0,,,0,0,0,ncbi_only,Eukaryota,0.0
Phycita,0,0,0.0,0.0,2,1,2,0.0,0.0,100.0,,,0,0,0,ncbi_only,Eukaryota,0.0
Pseudorhiza,0,0,0.0,0.0,2,1,2,0.0,0.0,100.0,,,0,0,0,ncbi_only,Eukaryota,0.0
Actenicerus,0,0,0.0,0.0,2,1,2,0.0,0.0,100.0,,,0,0,0,ncbi_only,Eukaryota,0.0
Pseudopyricularia,0,0,0.0,0.0,2,2,2,0.0,0.01,100.0,,,0,0,0,ncbi_only,Eukaryota,0.0
Neoroussoella,0,0,0.0,0.0,2,1,2,0.0,0.0,100.0,,,0,0,0,ncbi_only,Eukaryota,0.0
Neosalanx,0,0,0.0,0.0,2,2,2,0.0,0.01,100.0,,,0,0,0,ncbi_only,Eukaryota,0.0
Neoschrammeniella,0,0,0.0,0.0,2,1,2,0.0,0.0,100.0,,,0,0,0,ncbi_only,Eukaryota,0.0
Neostagonosporella,0,0,0.0,0.0,2,1,2,0.0,0.0,100.0,,,0,0,0,ncbi_only,Eukaryota,0.0
Neostapfia,0,0,0.0,0.0,2,1,2,0.0,0.0,100.0,,,0,0,0,ncbi_only,Eukaryota,0.0
Neostethus,0,0,0.0,0.0,2,1,2,0.0,0.0,100.0,,,0,0,0,ncbi_only,Eukaryota,0.0
Neosynchiropus,0,0,0.0,0.0,2,1,2,0.0,0.0,100.0,,,0,0,0,ncbi_only,Eukaryota,0.0
Pseudorca,0,0,0.0,0.0,2,1,2,0.0,0.0,100.0,,,0,0,0,ncbi_only,Eukaryota,0.0
Actenoides,0,0,0.0,0.0,2,2,2,0.0,0.01,100.0,,,0,0,0,ncbi_only,Eukaryota,0.0
Neotragus,0,0,0.0,0.0,2,2,2,0.0,0.01,100.0,,,0,0,0,ncbi_only,Eukaryota,0.0
Actinodendron,0,0,0.0,0.0,2,2,2,0.0,0.01,100.0,,,0,0,0,ncbi_only,Eukaryota,0.0
Athrips,0,0,0.0,0.0,2,1,2,0.0,0.0,100.0,,,0,0,0,ncbi_only,Eukaryota,0.0
Atherix,0,0,0.0,0.0,2,1,2,0.0,0.0,100.0,,,0,0,0,ncbi_only,Eukaryota,0.0
Athelia,0,0,0.0,0.0,2,2,2,0.0,0.01,100.0,,,0,0,0,ncbi_only,Eukaryota,0.0
Atethmia,0,0,0.0,0.0,2,1,2,0.0,0.0,100.0,,,0,0,0,ncbi_only,Eukaryota,0.0
Atelopus,0,0,0.0,0.0,2,2,2,0.0,0.01,100.0,,,0,0,0,ncbi_only,Eukaryota,0.0
Atalantia,0,0,0.0,0.0,2,1,2,0.0,0.0,100.0,,,0,0,0,ncbi_only,Eukaryota,0.0
Astrothelium,0,0,0.0,0.0,2,2,2,0.0,0.01,100.0,,,0,0,0,ncbi_only,Eukaryota,0.0
Astropecten,0,0,0.0,0.0,2,1,2,0.0,0.0,100.0,,,0,0,0,ncbi_only,Eukaryota,0.0
Vespertilio,0,0,0.0,0.0,2,1,2,0.0,0.0,100.0,,,0,0,0,ncbi_only,Eukaryota,0.0
Niveomyces,0,0,0.0,0.0,2,2,2,0.0,0.01,100.0,,,0,0,0,ncbi_only,Eukaryota,0.0
Vezdaea,0,0,0.0,0.0,2,2,0,0.0,0.01,0.0,,,0,0,0,ncbi_only,Eukaryota,0.0
Asteroscopus,0,0,0.0,0.0,2,1,2,0.0,0.0,100.0,,,0,0,0,ncbi_only,Eukaryota,0.0
Asterophora,0,0,0.0,0.0,2,2,2,0.0,0.01,100.0,,,0,0,0,ncbi_only,Eukaryota,0.0
Asterina,0,0,0.0,0.0,2,1,2,0.0,0.0,100.0,,,0,0,0,ncbi_only,Eukaryota,0.0
Nola,0,0,0.0,0.0,2,1,2,0.0,0.0,100.0,,,0,0,0,ncbi_only,Eukaryota,0.0
Nomophila,0,0,0.0,0.0,2,1,2,0.0,0.0,100.0,,,0,0,0,ncbi_only,Eukaryota,0.0
Aspilapteryx,0,0,0.0,0.0,2,1,2,0.0,0.0,100.0,,,0,0,0,ncbi_only,Eukaryota,0.0
Vickermania,0,0,0.0,0.0,2,2,2,0.0,0.01,100.0,,,0,0,0,ncbi_only,Eukaryota,0.0
Aspidiotus,0,0,0.0,0.0,2,2,2,0.0,0.01,100.0,,,0,0,0,ncbi_only,Eukaryota,0.0
Athripsodes,0,0,0.0,0.0,2,1,2,0.0,0.0,100.0,,,0,0,0,ncbi_only,Eukaryota,0.0
Atolmis,0,0,0.0,0.0,2,1,2,0.0,0.0,100.0,,,0,0,0,ncbi_only,Eukaryota,0.0
Verbena,0,0,0.0,0.0,2,1,2,0.0,0.0,100.0,,,0,0,0,ncbi_only,Eukaryota,0.0
Nicator,0,0,0.0,0.0,2,1,2,0.0,0.0,100.0,,,0,0,0,ncbi_only,Eukaryota,0.0
Aulonocranus,0,0,0.0,0.0,2,1,2,0.0,0.0,100.0,,,0,0,0,ncbi_only,Eukaryota,0.0
Phrynobatrachus,0,0,0.0,0.0,2,2,2,0.0,0.01,100.0,,,0,0,0,ncbi_only,Eukaryota,0.0
Nidula,0,0,0.0,0.0,2,2,2,0.0,0.01,100.0,,,0,0,0,ncbi_only,Eukaryota,0.0
Nidularia,0,0,0.0,0.0,2,2,2,0.0,0.01,100.0,,,0,0,0,ncbi_only,Eukaryota,0.0
Aulacorthum,0,0,0.0,0.0,2,1,2,0.0,0.0,100.0,,,0,0,0,ncbi_only,Eukaryota,0.0
Pseudonaja,0,0,0.0,0.0,2,1,2,0.0,0.0,100.0,,,0,0,0,ncbi_only,Eukaryota,0.0
Plethodon,0,0,0.0,0.0,2,2,2,0.0,0.01,100.0,,,0,0,0,ncbi_only,Eukaryota,0.0
Pseudomicrostroma,0,0,0.0,0.0,2,2,2,0.0,0.01,100.0,,,0,0,0,ncbi_only,Eukaryota,0.0
Nineta,0,0,0.0,0.0,2,1,2,0.0,0.0,100.0,,,0,0,0,ncbi_only,Eukaryota,0.0
Ninia,0,0,0.0,0.0,2,2,2,0.0,0.01,100.0,,,0,0,0,ncbi_only,Eukaryota,0.0
Vermamoeba,0,0,0.0,0.0,2,1,1,0.0,0.0,50.0,,,0,0,0,ncbi_only,Eukaryota,0.0
Vermiconidia,0,0,0.0,0.0,2,1,2,0.0,0.0,100.0,,,0,0,0,ncbi_only,Eukaryota,0.0
Atrina,0,0,0.0,0.0,2,2,2,0.0,0.01,100.0,,,0,0,0,ncbi_only,Eukaryota,0.0
Atractosteus,0,0,0.0,0.0,2,1,2,0.0,0.0,100.0,,,0,0,0,ncbi_only,Eukaryota,0.0
Atractium,0,0,0.0,0.0,2,2,2,0.0,0.01,100.0,,,0,0,0,ncbi_only,Eukaryota,0.0
Atractaspis,0,0,0.0,0.0,2,2,2,0.0,0.01,100.0,,,0,0,0,ncbi_only,Eukaryota,0.0
Farysia,0,0,0.0,0.0,2,2,2,0.0,0.01,100.0,,,0,0,0,ncbi_only,Eukaryota,0.0
Tolypeutes,0,0,0.0,0.0,2,1,2,0.0,0.0,100.0,,,0,0,0,ncbi_only,Eukaryota,0.0
Harpia,0,0,0.0,0.0,2,1,2,0.0,0.0,100.0,,,0,0,0,ncbi_only,Eukaryota,0.0
Selenia,0,0,0.0,0.0,2,1,2,0.0,0.0,100.0,,,0,0,0,ncbi_only,Eukaryota,0.0
Tamias,0,0,0.0,0.0,2,1,2,0.0,0.0,100.0,,,0,0,0,ncbi_only,Eukaryota,0.0
Selasphorus,0,0,0.0,0.0,2,1,2,0.0,0.0,100.0,,,0,0,0,ncbi_only,Eukaryota,0.0
Crocinoboletus,0,0,0.0,0.0,2,2,2,0.0,0.01,100.0,,,0,0,0,ncbi_only,Eukaryota,0.0
Crocidura,0,0,0.0,0.0,2,2,2,0.0,0.01,100.0,,,0,0,0,ncbi_only,Eukaryota,0.0
Haplotaxodon,0,0,0.0,0.0,2,2,2,0.0,0.01,100.0,,,0,0,0,ncbi_only,Eukaryota,0.0
Crocallis,0,0,0.0,0.0,2,1,2,0.0,0.0,100.0,,,0,0,0,ncbi_only,Eukaryota,0.0
Harmothoe,0,0,0.0,0.0,2,1,2,0.0,0.0,100.0,,,0,0,0,ncbi_only,Eukaryota,0.0
Harpagifer,0,0,0.0,0.0,2,1,2,0.0,0.0,100.0,,,0,0,0,ncbi_only,Eukaryota,0.0
Harpagoxenus,0,0,0.0,0.0,2,1,2,0.0,0.0,100.0,,,0,0,0,ncbi_only,Eukaryota,0.0
Cristiceps,0,0,0.0,0.0,2,1,2,0.0,0.0,100.0,,,0,0,0,ncbi_only,Eukaryota,0.0
Harpocera,0,0,0.0,0.0,2,1,2,0.0,0.0,100.0,,,0,0,0,ncbi_only,Eukaryota,0.0
Harrya,0,0,0.0,0.0,2,1,2,0.0,0.0,100.0,,,0,0,0,ncbi_only,Eukaryota,0.0
Crioceris,0,0,0.0,0.0,2,1,2,0.0,0.0,100.0,,,0,0,0,ncbi_only,Eukaryota,0.0
Criniger,0,0,0.0,0.0,2,2,2,0.0,0.01,100.0,,,0,0,0,ncbi_only,Eukaryota,0.0
Hasora,0,0,0.0,0.0,2,2,2,0.0,0.01,100.0,,,0,0,0,ncbi_only,Eukaryota,0.0
Hawksworthiomyces,0,0,0.0,0.0,2,1,2,0.0,0.0,100.0,,,0,0,0,ncbi_only,Eukaryota,0.0
Cricetomys,0,0,0.0,0.0,2,2,2,0.0,0.01,100.0,,,0,0,0,ncbi_only,Eukaryota,0.0
Tandanus,0,0,0.0,0.0,2,1,2,0.0,0.0,100.0,,,0,0,0,ncbi_only,Eukaryota,0.0
Hedychridium,0,0,0.0,0.0,2,1,2,0.0,0.0,100.0,,,0,0,0,ncbi_only,Eukaryota,0.0
Cromileptes,0,0,0.0,0.0,2,1,2,0.0,0.0,100.0,,,0,0,0,ncbi_only,Eukaryota,0.0
Hansfordia,0,0,0.0,0.0,2,1,2,0.0,0.0,100.0,,,0,0,0,ncbi_only,Eukaryota,0.0
Ctenicera,0,0,0.0,0.0,2,1,2,0.0,0.0,100.0,,,0,0,0,ncbi_only,Eukaryota,0.0
Cryptosula,0,0,0.0,0.0,2,1,2,0.0,0.0,100.0,,,0,0,0,ncbi_only,Eukaryota,0.0
Cryptoprocta,0,0,0.0,0.0,2,1,2,0.0,0.0,100.0,,,0,0,0,ncbi_only,Eukaryota,0.0
Cryptophagus,0,0,0.0,0.0,2,1,2,0.0,0.0,100.0,,,0,0,0,ncbi_only,Eukaryota,0.0
Cryptomeria,0,0,0.0,0.0,2,1,2,0.0,0.0,100.0,,,0,0,0,ncbi_only,Eukaryota,0.0
Takashimella,0,0,0.0,0.0,2,2,2,0.0,0.01,100.0,,,0,0,0,ncbi_only,Eukaryota,0.0
Semicossyphus,0,0,0.0,0.0,2,1,2,0.0,0.0,100.0,,,0,0,0,ncbi_only,Eukaryota,0.0
Cryptacanthodes,0,0,0.0,0.0,2,1,2,0.0,0.0,100.0,,,0,0,0,ncbi_only,Eukaryota,0.0
Cryphia,0,0,0.0,0.0,2,1,2,0.0,0.0,100.0,,,0,0,0,ncbi_only,Eukaryota,0.0
Taleporia,0,0,0.0,0.0,2,1,2,0.0,0.0,100.0,,,0,0,0,ncbi_only,Eukaryota,0.0
Halosydna,0,0,0.0,0.0,2,1,2,0.0,0.0,100.0,,,0,0,0,ncbi_only,Eukaryota,0.0
Semiaphis,0,0,0.0,0.0,2,1,2,0.0,0.0,100.0,,,0,0,0,ncbi_only,Eukaryota,0.0
Cruciata,0,0,0.0,0.0,2,1,2,0.0,0.0,100.0,,,0,0,0,ncbi_only,Eukaryota,0.0
Tamalia,0,0,0.0,0.0,2,1,2,0.0,0.0,100.0,,,0,0,0,ncbi_only,Eukaryota,0.0
Halteria,0,0,0.0,0.0,2,1,2,0.0,0.0,100.0,,,0,0,0,ncbi_only,Eukaryota,0.0
Halyzia,0,0,0.0,0.0,2,1,2,0.0,0.0,100.0,,,0,0,0,ncbi_only,Eukaryota,0.0
Crossoptilon,0,0,0.0,0.0,2,2,2,0.0,0.01,100.0,,,0,0,0,ncbi_only,Eukaryota,0.0
Crossocerus,0,0,0.0,0.0,2,1,2,0.0,0.0,100.0,,,0,0,0,ncbi_only,Eukaryota,0.0
Hammondia,0,0,0.0,0.0,2,1,2,0.0,0.0,100.0,,,0,0,0,ncbi_only,Eukaryota,0.0
Handroanthus,0,0,0.0,0.0,2,2,2,0.0,0.01,100.0,,,0,0,0,ncbi_only,Eukaryota,0.0
Croniades,0,0,0.0,0.0,2,1,2,0.0,0.0,100.0,,,0,0,0,ncbi_only,Eukaryota,0.0
Tangachromis,0,0,0.0,0.0,2,1,2,0.0,0.0,100.0,,,0,0,0,ncbi_only,Eukaryota,0.0
Tagiades,0,0,0.0,0.0,2,2,2,0.0,0.01,100.0,,,0,0,0,ncbi_only,Eukaryota,0.0
Tapinoma,0,0,0.0,0.0,2,2,2,0.0,0.01,100.0,,,0,0,0,ncbi_only,Eukaryota,0.0
Hemiscyllium,0,0,0.0,0.0,2,1,2,0.0,0.0,100.0,,,0,0,0,ncbi_only,Eukaryota,0.0
Hemistola,0,0,0.0,0.0,2,1,2,0.0,0.0,100.0,,,0,0,0,ncbi_only,Eukaryota,0.0
Hemithea,0,0,0.0,0.0,2,1,2,0.0,0.0,100.0,,,0,0,0,ncbi_only,Eukaryota,0.0
Scytalidium,0,0,0.0,0.0,2,2,2,0.0,0.01,100.0,,,0,0,0,ncbi_only,Eukaryota,0.0
Scylla,0,0,0.0,0.0,2,1,2,0.0,0.0,100.0,,,0,0,0,ncbi_only,Eukaryota,0.0
Cottoperca,0,0,0.0,0.0,2,1,2,0.0,0.0,100.0,,,0,0,0,ncbi_only,Eukaryota,0.0
Henningerozyma,0,0,0.0,0.0,2,1,2,0.0,0.0,100.0,,,0,0,0,ncbi_only,Eukaryota,0.0
Cossus,0,0,0.0,0.0,2,1,2,0.0,0.0,100.0,,,0,0,0,ncbi_only,Eukaryota,0.0
Cosmospora,0,0,0.0,0.0,2,2,2,0.0,0.01,100.0,,,0,0,0,ncbi_only,Eukaryota,0.0
Hepatospora,0,0,0.0,0.0,2,1,2,0.0,0.0,100.0,,,0,0,0,ncbi_only,Eukaryota,0.0
Cosmorhoe,0,0,0.0,0.0,2,1,2,0.0,0.0,100.0,,,0,0,0,ncbi_only,Eukaryota,0.0
Taphrorychus,0,0,0.0,0.0,2,1,2,0.0,0.0,100.0,,,0,0,0,ncbi_only,Eukaryota,0.0
Hepsetus,0,0,0.0,0.0,2,1,2,0.0,0.0,100.0,,,0,0,0,ncbi_only,Eukaryota,0.0
Heptranchias,0,0,0.0,0.0,2,1,2,0.0,0.0,100.0,,,0,0,0,ncbi_only,Eukaryota,0.0
Corythoichthys,0,0,0.0,0.0,2,2,2,0.0,0.01,100.0,,,0,0,0,ncbi_only,Eukaryota,0.0
Tarachidia,0,0,0.0,0.0,2,1,2,0.0,0.0,100.0,,,0,0,0,ncbi_only,Eukaryota,0.0
Coryphaenoides,0,0,0.0,0.0,2,2,2,0.0,0.01,100.0,,,0,0,0,ncbi_only,Eukaryota,0.0
Heritiera,0,0,0.0,0.0,2,2,2,0.0,0.01,100.0,,,0,0,0,ncbi_only,Eukaryota,0.0
Hermaeophaga,0,0,0.0,0.0,2,1,2,0.0,0.0,100.0,,,0,0,0,ncbi_only,Eukaryota,0.0
Hermanozyma,0,0,0.0,0.0,2,2,2,0.0,0.01,100.0,,,0,0,0,ncbi_only,Eukaryota,0.0
Hermanssonia,0,0,0.0,0.0,2,1,2,0.0,0.0,100.0,,,0,0,0,ncbi_only,Eukaryota,0.0
Hermodice,0,0,0.0,0.0,2,1,2,0.0,0.0,100.0,,,0,0,0,ncbi_only,Eukaryota,0.0
Corydoras,0,0,0.0,0.0,2,2,2,0.0,0.01,100.0,,,0,0,0,ncbi_only,Eukaryota,0.0
Hesperophylax,0,0,0.0,0.0,2,1,0,0.0,0.0,0.0,,,0,0,0,ncbi_only,Eukaryota,0.0
Corticium,0,0,0.0,0.0,2,1,2,0.0,0.0,100.0,,,0,0,0,ncbi_only,Eukaryota,0.0
Scythris,0,0,0.0,0.0,2,1,2,0.0,0.0,100.0,,,0,0,0,ncbi_only,Eukaryota,0.0
Crambe (in: sponges),0,0,0.0,0.0,2,1,2,0.0,0.0,100.0,,,0,0,0,ncbi_only,Eukaryota,0.0
Hemicrepidius,0,0,0.0,0.0,2,1,2,0.0,0.0,100.0,,,0,0,0,ncbi_only,Eukaryota,0.0
Crepidodera,0,0,0.0,0.0,2,1,2,0.0,0.0,100.0,,,0,0,0,ncbi_only,Eukaryota,0.0
Tanganicodus,0,0,0.0,0.0,2,1,2,0.0,0.0,100.0,,,0,0,0,ncbi_only,Eukaryota,0.0
Heliangelus,0,0,0.0,0.0,2,1,2,0.0,0.0,100.0,,,0,0,0,ncbi_only,Eukaryota,0.0
Creolimax,0,0,0.0,0.0,2,1,2,0.0,0.0,100.0,,,0,0,0,ncbi_only,Eukaryota,0.0
Helicolenus,0,0,0.0,0.0,2,2,2,0.0,0.01,100.0,,,0,0,0,ncbi_only,Eukaryota,0.0
Helicostylum,0,0,0.0,0.0,2,1,2,0.0,0.0,100.0,,,0,0,0,ncbi_only,Eukaryota,0.0
Helictopleurus,0,0,0.0,0.0,2,1,2,0.0,0.0,100.0,,,0,0,0,ncbi_only,Eukaryota,0.0
Crataerina,0,0,0.0,0.0,2,1,2,0.0,0.0,100.0,,,0,0,0,ncbi_only,Eukaryota,0.0
Heliopetes,0,0,0.0,0.0,2,2,2,0.0,0.01,100.0,,,0,0,0,ncbi_only,Eukaryota,0.0
Sechiopsis,0,0,0.0,0.0,2,2,2,0.0,0.01,100.0,,,0,0,0,ncbi_only,Eukaryota,0.0
Crassadoma,0,0,0.0,0.0,2,1,2,0.0,0.0,100.0,,,0,0,0,ncbi_only,Eukaryota,0.0
Craspedostauros,0,0,0.0,0.0,2,1,2,0.0,0.0,100.0,,,0,0,0,ncbi_only,Eukaryota,0.0
Helminthoglypta,0,0,0.0,0.0,2,1,2,0.0,0.0,100.0,,,0,0,0,ncbi_only,Eukaryota,0.0
Helminthosporium,0,0,0.0,0.0,2,1,2,0.0,0.0,100.0,,,0,0,0,ncbi_only,Eukaryota,0.0
Sebastiscus,0,0,0.0,0.0,2,2,2,0.0,0.01,100.0,,,0,0,0,ncbi_only,Eukaryota,0.0
Cranoglanis,0,0,0.0,0.0,2,1,2,0.0,0.0,100.0,,,0,0,0,ncbi_only,Eukaryota,0.0
Hemaris,0,0,0.0,0.0,2,1,2,0.0,0.0,100.0,,,0,0,0,ncbi_only,Eukaryota,0.0
Craniophora,0,0,0.0,0.0,2,1,2,0.0,0.0,100.0,,,0,0,0,ncbi_only,Eukaryota,0.0
Hemiarius,0,0,0.0,0.0,2,2,2,0.0,0.01,100.0,,,0,0,0,ncbi_only,Eukaryota,0.0
Hemibelideus,0,0,0.0,0.0,2,1,2,0.0,0.0,100.0,,,0,0,0,ncbi_only,Eukaryota,0.0
Scytosiphon,0,0,0.0,0.0,2,2,2,0.0,0.01,100.0,,,0,0,0,ncbi_only,Eukaryota,0.0
Hemicordylus,0,0,0.0,0.0,2,1,2,0.0,0.0,100.0,,,0,0,0,ncbi_only,Eukaryota,0.0
Halophytophthora,0,0,0.0,0.0,2,2,2,0.0,0.01,100.0,,,0,0,0,ncbi_only,Eukaryota,0.0
Cyrtodaria,0,0,0.0,0.0,2,1,2,0.0,0.0,100.0,,,0,0,0,ncbi_only,Eukaryota,0.0
Daedaleopsis,0,0,0.0,0.0,2,2,2,0.0,0.01,100.0,,,0,0,0,ncbi_only,Eukaryota,0.0
Griposia,0,0,0.0,0.0,2,1,2,0.0,0.0,100.0,,,0,0,0,ncbi_only,Eukaryota,0.0
Dactylis,0,0,0.0,0.0,2,1,2,0.0,0.0,100.0,,,0,0,0,ncbi_only,Eukaryota,0.0
Dacryopinax,0,0,0.0,0.0,2,2,2,0.0,0.01,100.0,,,0,0,0,ncbi_only,Eukaryota,0.0
Daboia,0,0,0.0,0.0,2,2,2,0.0,0.01,100.0,,,0,0,0,ncbi_only,Eukaryota,0.0
Setina,0,0,0.0,0.0,2,1,2,0.0,0.0,100.0,,,0,0,0,ncbi_only,Eukaryota,0.0
Grypus,0,0,0.0,0.0,2,1,2,0.0,0.0,100.0,,,0,0,0,ncbi_only,Eukaryota,0.0
Syncerus,0,0,0.0,0.0,2,1,2,0.0,0.0,100.0,,,0,0,0,ncbi_only,Eukaryota,0.0
Guillardia,0,0,0.0,0.0,2,1,2,0.0,0.0,100.0,,,0,0,0,ncbi_only,Eukaryota,0.0
Gymnosoma,0,0,0.0,0.0,2,1,2,0.0,0.0,100.0,,,0,0,0,ncbi_only,Eukaryota,0.0
Gurania,0,0,0.0,0.0,2,2,2,0.0,0.01,100.0,,,0,0,0,ncbi_only,Eukaryota,0.0
Cyphastrea,0,0,0.0,0.0,2,1,2,0.0,0.0,100.0,,,0,0,0,ncbi_only,Eukaryota,0.0
Cynopterus,0,0,0.0,0.0,2,2,2,0.0,0.01,100.0,,,0,0,0,ncbi_only,Eukaryota,0.0
Serripes,0,0,0.0,0.0,2,1,2,0.0,0.0,100.0,,,0,0,0,ncbi_only,Eukaryota,0.0
Syngnathoides,0,0,0.0,0.0,2,1,2,0.0,0.0,100.0,,,0,0,0,ncbi_only,Eukaryota,0.0
Cynoglossus,0,0,0.0,0.0,2,2,2,0.0,0.01,100.0,,,0,0,0,ncbi_only,Eukaryota,0.0
Cynodonichthys,0,0,0.0,0.0,2,2,1,0.0,0.01,50.0,,,0,0,0,ncbi_only,Eukaryota,0.0
Gymnobelideus,0,0,0.0,0.0,2,1,2,0.0,0.0,100.0,,,0,0,0,ncbi_only,Eukaryota,0.0
Gymnocephalus,0,0,0.0,0.0,2,1,2,0.0,0.0,100.0,,,0,0,0,ncbi_only,Eukaryota,0.0
Gymnocheta,0,0,0.0,0.0,2,1,2,0.0,0.0,100.0,,,0,0,0,ncbi_only,Eukaryota,0.0
Gymnocypris,0,0,0.0,0.0,2,1,2,0.0,0.0,100.0,,,0,0,0,ncbi_only,Eukaryota,0.0
Gymnodraco,0,0,0.0,0.0,2,1,2,0.0,0.0,100.0,,,0,0,0,ncbi_only,Eukaryota,0.0
Cynocephalus,0,0,0.0,0.0,2,1,2,0.0,0.0,100.0,,,0,0,0,ncbi_only,Eukaryota,0.0
Cynaeus,0,0,0.0,0.0,2,1,2,0.0,0.0,100.0,,,0,0,0,ncbi_only,Eukaryota,0.0
Symphurus,0,0,0.0,0.0,2,1,2,0.0,0.0,100.0,,,0,0,0,ncbi_only,Eukaryota,0.0
Graptemys,0,0,0.0,0.0,2,1,2,0.0,0.0,100.0,,,0,0,0,ncbi_only,Eukaryota,0.0
Symphorus,0,0,0.0,0.0,2,1,2,0.0,0.0,100.0,,,0,0,0,ncbi_only,Eukaryota,0.0
Sextonia,0,0,0.0,0.0,2,1,2,0.0,0.0,100.0,,,0,0,0,ncbi_only,Eukaryota,0.0
Dasykaluta,0,0,0.0,0.0,2,1,2,0.0,0.0,100.0,,,0,0,0,ncbi_only,Eukaryota,0.0
Sherardia,0,0,0.0,0.0,2,1,2,0.0,0.0,100.0,,,0,0,0,ncbi_only,Eukaryota,0.0
Dasycercus,0,0,0.0,0.0,2,2,2,0.0,0.01,100.0,,,0,0,0,ncbi_only,Eukaryota,0.0
Gonocerus,0,0,0.0,0.0,2,1,2,0.0,0.0,100.0,,,0,0,0,ncbi_only,Eukaryota,0.0
Dascyllus,0,0,0.0,0.0,2,2,2,0.0,0.01,100.0,,,0,0,0,ncbi_only,Eukaryota,0.0
Dascillus,0,0,0.0,0.0,2,1,2,0.0,0.0,100.0,,,0,0,0,ncbi_only,Eukaryota,0.0
Sycon,0,0,0.0,0.0,2,1,2,0.0,0.0,100.0,,,0,0,0,ncbi_only,Eukaryota,0.0
Gorgonia,0,0,0.0,0.0,2,1,2,0.0,0.0,100.0,,,0,0,0,ncbi_only,Eukaryota,0.0
Gorgonocephalus,0,0,0.0,0.0,2,1,2,0.0,0.0,100.0,,,0,0,0,ncbi_only,Eukaryota,0.0
Daptonema,0,0,0.0,0.0,2,1,2,0.0,0.0,100.0,,,0,0,0,ncbi_only,Eukaryota,0.0
Gortyna,0,0,0.0,0.0,2,1,2,0.0,0.0,100.0,,,0,0,0,ncbi_only,Eukaryota,0.0
Gossypioides,0,0,0.0,0.0,2,1,2,0.0,0.0,100.0,,,0,0,0,ncbi_only,Eukaryota,0.0
Gouania,0,0,0.0,0.0,2,1,2,0.0,0.0,100.0,,,0,0,0,ncbi_only,Eukaryota,0.0
Danielia,0,0,0.0,0.0,2,2,2,0.0,0.01,100.0,,,0,0,0,ncbi_only,Eukaryota,0.0
Gracilariopsis,0,0,0.0,0.0,2,2,2,0.0,0.01,100.0,,,0,0,0,ncbi_only,Eukaryota,0.0
Grammatotria,0,0,0.0,0.0,2,1,2,0.0,0.0,100.0,,,0,0,0,ncbi_only,Eukaryota,0.0
Grammodes,0,0,0.0,0.0,2,1,2,0.0,0.0,100.0,,,0,0,0,ncbi_only,Eukaryota,0.0
Grammomys,0,0,0.0,0.0,2,2,2,0.0,0.01,100.0,,,0,0,0,ncbi_only,Eukaryota,0.0
Grammoptera,0,0,0.0,0.0,2,1,2,0.0,0.0,100.0,,,0,0,0,ncbi_only,Eukaryota,0.0
Dalopius,0,0,0.0,0.0,2,1,2,0.0,0.0,100.0,,,0,0,0,ncbi_only,Eukaryota,0.0
Dallia,0,0,0.0,0.0,2,1,2,0.0,0.0,100.0,,,0,0,0,ncbi_only,Eukaryota,0.0
Gymnoscelis,0,0,0.0,0.0,2,1,2,0.0,0.0,100.0,,,0,0,0,ncbi_only,Eukaryota,0.0
Gymnothorax,0,0,0.0,0.0,2,2,2,0.0,0.01,100.0,,,0,0,0,ncbi_only,Eukaryota,0.0
Ctenochaetus,0,0,0.0,0.0,2,2,2,0.0,0.01,100.0,,,0,0,0,ncbi_only,Eukaryota,0.0
Cyanoramphus,0,0,0.0,0.0,2,2,2,0.0,0.01,100.0,,,0,0,0,ncbi_only,Eukaryota,0.0
Syrmaticus,0,0,0.0,0.0,2,2,2,0.0,0.01,100.0,,,0,0,0,ncbi_only,Eukaryota,0.0
Syrphus,0,0,0.0,0.0,2,1,2,0.0,0.0,100.0,,,0,0,0,ncbi_only,Eukaryota,0.0
Cyanomitra,0,0,0.0,0.0,2,2,2,0.0,0.01,100.0,,,0,0,0,ncbi_only,Eukaryota,0.0
Haliastur,0,0,0.0,0.0,2,2,2,0.0,0.01,100.0,,,0,0,0,ncbi_only,Eukaryota,0.0
Halicephalobus,0,0,0.0,0.0,2,2,2,0.0,0.01,100.0,,,0,0,0,ncbi_only,Eukaryota,0.0
Cyaniris,0,0,0.0,0.0,2,1,2,0.0,0.0,100.0,,,0,0,0,ncbi_only,Eukaryota,0.0
Cyanidium,0,0,0.0,0.0,2,1,2,0.0,0.0,100.0,,,0,0,0,ncbi_only,Eukaryota,0.0
Halisarca,0,0,0.0,0.0,2,1,2,0.0,0.0,100.0,,,0,0,0,ncbi_only,Eukaryota,0.0
Cyanidiococcus,0,0,0.0,0.0,2,1,2,0.0,0.0,100.0,,,0,0,0,ncbi_only,Eukaryota,0.0
Cyamopsis,0,0,0.0,0.0,2,1,2,0.0,0.0,100.0,,,0,0,0,ncbi_only,Eukaryota,0.0
Senna,0,0,0.0,0.0,2,2,2,0.0,0.01,100.0,,,0,0,0,ncbi_only,Eukaryota,0.0
Cuora,0,0,0.0,0.0,2,2,2,0.0,0.01,100.0,,,0,0,0,ncbi_only,Eukaryota,0.0
Cunningtonia,0,0,0.0,0.0,2,1,2,0.0,0.0,100.0,,,0,0,0,ncbi_only,Eukaryota,0.0
Tachycineta,0,0,0.0,0.0,2,1,2,0.0,0.0,100.0,,,0,0,0,ncbi_only,Eukaryota,0.0
Tachystola,0,0,0.0,0.0,2,1,2,0.0,0.0,100.0,,,0,0,0,ncbi_only,Eukaryota,0.0
Taenaris,0,0,0.0,0.0,2,1,2,0.0,0.0,100.0,,,0,0,0,ncbi_only,Eukaryota,0.0
Cucumaria,0,0,0.0,0.0,2,1,2,0.0,0.0,100.0,,,0,0,0,ncbi_only,Eukaryota,0.0
Taeniamia,0,0,0.0,0.0,2,2,2,0.0,0.01,100.0,,,0,0,0,ncbi_only,Eukaryota,0.0
Ctenopoma,0,0,0.0,0.0,2,2,2,0.0,0.01,100.0,,,0,0,0,ncbi_only,Eukaryota,0.0
Ctenopharyngodon,0,0,0.0,0.0,2,1,2,0.0,0.0,100.0,,,0,0,0,ncbi_only,Eukaryota,0.0
Ctenodiscus,0,0,0.0,0.0,2,1,2,0.0,0.0,100.0,,,0,0,0,ncbi_only,Eukaryota,0.0
Syritta,0,0,0.0,0.0,2,1,2,0.0,0.0,100.0,,,0,0,0,ncbi_only,Eukaryota,0.0
Halamphora,0,0,0.0,0.0,2,2,2,0.0,0.01,100.0,,,0,0,0,ncbi_only,Eukaryota,0.0
Gypaetus,0,0,0.0,0.0,2,1,2,0.0,0.0,100.0,,,0,0,0,ncbi_only,Eukaryota,0.0
Cymbidium,0,0,0.0,0.0,2,2,2,0.0,0.01,100.0,,,0,0,0,ncbi_only,Eukaryota,0.0
Gypsophila,0,0,0.0,0.0,2,2,2,0.0,0.01,100.0,,,0,0,0,ncbi_only,Eukaryota,0.0
Sericomyia,0,0,0.0,0.0,2,1,2,0.0,0.0,100.0,,,0,0,0,ncbi_only,Eukaryota,0.0
Gyrodactylus,0,0,0.0,0.0,2,2,2,0.0,0.01,100.0,,,0,0,0,ncbi_only,Eukaryota,0.0
Gyrodon,0,0,0.0,0.0,2,2,2,0.0,0.01,100.0,,,0,0,0,ncbi_only,Eukaryota,0.0
Cymbastela,0,0,0.0,0.0,2,1,2,0.0,0.0,100.0,,,0,0,0,ncbi_only,Eukaryota,0.0
Cymbalophora,0,0,0.0,0.0,2,1,2,0.0,0.0,100.0,,,0,0,0,ncbi_only,Eukaryota,0.0
Cymbalaria,0,0,0.0,0.0,2,1,2,0.0,0.0,100.0,,,0,0,0,ncbi_only,Eukaryota,0.0
Sericinus,0,0,0.0,0.0,2,1,2,0.0,0.0,100.0,,,0,0,0,ncbi_only,Eukaryota,0.0
Habrosyne,0,0,0.0,0.0,2,1,2,0.0,0.0,100.0,,,0,0,0,ncbi_only,Eukaryota,0.0
Hada,0,0,0.0,0.0,2,1,2,0.0,0.0,100.0,,,0,0,0,ncbi_only,Eukaryota,0.0
Cylindrotheca,0,0,0.0,0.0,2,2,2,0.0,0.01,100.0,,,0,0,0,ncbi_only,Eukaryota,0.0
Cylindrobasidium,0,0,0.0,0.0,2,1,2,0.0,0.0,100.0,,,0,0,0,ncbi_only,Eukaryota,0.0
Cylindricascospora,0,0,0.0,0.0,2,1,2,0.0,0.0,100.0,,,0,0,0,ncbi_only,Eukaryota,0.0
Cylas,0,0,0.0,0.0,2,1,2,0.0,0.0,100.0,,,0,0,0,ncbi_only,Eukaryota,0.0
Cyclura,0,0,0.0,0.0,2,1,2,0.0,0.0,100.0,,,0,0,0,ncbi_only,Eukaryota,0.0
Cyclostephanos,0,0,0.0,0.0,2,2,2,0.0,0.01,100.0,,,0,0,0,ncbi_only,Eukaryota,0.0
Sepioteuthis,0,0,0.0,0.0,2,1,2,0.0,0.0,100.0,,,0,0,0,ncbi_only,Eukaryota,0.0
Cyclargus,0,0,0.0,0.0,2,1,2,0.0,0.0,100.0,,,0,0,0,ncbi_only,Eukaryota,0.0
Sepietta,0,0,0.0,0.0,2,1,2,0.0,0.0,100.0,,,0,0,0,ncbi_only,Eukaryota,0.0
Syringa,0,0,0.0,0.0,2,1,2,0.0,0.0,100.0,,,0,0,0,ncbi_only,Eukaryota,0.0
Cybosia,0,0,0.0,0.0,2,1,2,0.0,0.0,100.0,,,0,0,0,ncbi_only,Eukaryota,0.0
Sepia,0,0,0.0,0.0,2,1,2,0.0,0.0,100.0,,,0,0,0,ncbi_only,Eukaryota,0.0
Hestina,0,0,0.0,0.0,2,1,2,0.0,0.0,100.0,,,0,0,0,ncbi_only,Eukaryota,0.0
Heteractis,0,0,0.0,0.0,2,2,1,0.0,0.01,50.0,,,0,0,0,ncbi_only,Eukaryota,0.0
Gongronella,0,0,0.0,0.0,2,2,2,0.0,0.01,100.0,,,0,0,0,ncbi_only,Eukaryota,0.0
Cnephasia,0,0,0.0,0.0,2,1,2,0.0,0.0,100.0,,,0,0,0,ncbi_only,Eukaryota,0.0
Hyposmocoma,0,0,0.0,0.0,2,1,2,0.0,0.0,100.0,,,0,0,0,ncbi_only,Eukaryota,0.0
Hyposoter,0,0,0.0,0.0,2,2,2,0.0,0.01,100.0,,,0,0,0,ncbi_only,Eukaryota,0.0
Clusia,0,0,0.0,0.0,2,1,2,0.0,0.0,100.0,,,0,0,0,ncbi_only,Eukaryota,0.0
Hyppa,0,0,0.0,0.0,2,1,2,0.0,0.0,100.0,,,0,0,0,ncbi_only,Eukaryota,0.0
Closterotomus,0,0,0.0,0.0,2,1,2,0.0,0.0,100.0,,,0,0,0,ncbi_only,Eukaryota,0.0
Clostera,0,0,0.0,0.0,2,1,2,0.0,0.0,100.0,,,0,0,0,ncbi_only,Eukaryota,0.0
Hypsopygia,0,0,0.0,0.0,2,1,2,0.0,0.0,100.0,,,0,0,0,ncbi_only,Eukaryota,0.0
Clonorchis,0,0,0.0,0.0,2,1,2,0.0,0.0,100.0,,,0,0,0,ncbi_only,Eukaryota,0.0
Clogmia,0,0,0.0,0.0,2,1,2,0.0,0.0,100.0,,,0,0,0,ncbi_only,Eukaryota,0.0
Hystrix,0,0,0.0,0.0,2,2,2,0.0,0.01,100.0,,,0,0,0,ncbi_only,Eukaryota,0.0
Clivina,0,0,0.0,0.0,2,1,2,0.0,0.0,100.0,,,0,0,0,ncbi_only,Eukaryota,0.0
Clemmys,0,0,0.0,0.0,2,1,2,0.0,0.0,100.0,,,0,0,0,ncbi_only,Eukaryota,0.0
Ianthella,0,0,0.0,0.0,2,1,2,0.0,0.0,100.0,,,0,0,0,ncbi_only,Eukaryota,0.0
Iberis,0,0,0.0,0.0,2,2,2,0.0,0.01,100.0,,,0,0,0,ncbi_only,Eukaryota,0.0
Clitoria,0,0,0.0,0.0,2,1,2,0.0,0.0,100.0,,,0,0,0,ncbi_only,Eukaryota,0.0
Clitopilus,0,0,0.0,0.0,2,2,2,0.0,0.01,100.0,,,0,0,0,ncbi_only,Eukaryota,0.0
Clitarchus,0,0,0.0,0.0,2,1,2,0.0,0.0,100.0,,,0,0,0,ncbi_only,Eukaryota,0.0
Ichneumon,0,0,0.0,0.0,2,1,2,0.0,0.0,100.0,,,0,0,0,ncbi_only,Eukaryota,0.0
Clistopyga,0,0,0.0,0.0,2,1,2,0.0,0.0,100.0,,,0,0,0,ncbi_only,Eukaryota,0.0
Sarophorus,0,0,0.0,0.0,2,1,2,0.0,0.0,100.0,,,0,0,0,ncbi_only,Eukaryota,0.0
Cliona,0,0,0.0,0.0,2,1,2,0.0,0.0,100.0,,,0,0,0,ncbi_only,Eukaryota,0.0
Clinocottus,0,0,0.0,0.0,2,1,2,0.0,0.0,100.0,,,0,0,0,ncbi_only,Eukaryota,0.0
Terebella,0,0,0.0,0.0,2,1,2,0.0,0.0,100.0,,,0,0,0,ncbi_only,Eukaryota,0.0
Sardinops,0,0,0.0,0.0,2,1,0,0.0,0.0,0.0,,,0,0,0,ncbi_only,Eukaryota,0.0
Cnidoscolus,0,0,0.0,0.0,2,2,2,0.0,0.01,100.0,,,0,0,0,ncbi_only,Eukaryota,0.0
Hypogymnia,0,0,0.0,0.0,2,2,0,0.0,0.01,0.0,,,0,0,0,ncbi_only,Eukaryota,0.0
Coelastrum,0,0,0.0,0.0,2,2,2,0.0,0.01,100.0,,,0,0,0,ncbi_only,Eukaryota,0.0
Hygrophorus,0,0,0.0,0.0,2,2,2,0.0,0.01,100.0,,,0,0,0,ncbi_only,Eukaryota,0.0
Scaphiopus,0,0,0.0,0.0,2,2,2,0.0,0.01,100.0,,,0,0,0,ncbi_only,Eukaryota,0.0
Hyla,0,0,0.0,0.0,2,1,2,0.0,0.0,100.0,,,0,0,0,ncbi_only,Eukaryota,0.0
Hylaea,0,0,0.0,0.0,2,1,2,0.0,0.0,100.0,,,0,0,0,ncbi_only,Eukaryota,0.0
Hylaeus,0,0,0.0,0.0,2,2,2,0.0,0.01,100.0,,,0,0,0,ncbi_only,Eukaryota,0.0
Codonopsis,0,0,0.0,0.0,2,2,2,0.0,0.01,100.0,,,0,0,0,ncbi_only,Eukaryota,0.0
Hylia,0,0,0.0,0.0,2,1,2,0.0,0.0,100.0,,,0,0,0,ncbi_only,Eukaryota,0.0
Hylocomiadelphus,0,0,0.0,0.0,2,1,2,0.0,0.0,100.0,,,0,0,0,ncbi_only,Eukaryota,0.0
Scaeva,0,0,0.0,0.0,2,1,2,0.0,0.0,100.0,,,0,0,0,ncbi_only,Eukaryota,0.0
Scada,0,0,0.0,0.0,2,1,2,0.0,0.0,100.0,,,0,0,0,ncbi_only,Eukaryota,0.0
Saxidomus,0,0,0.0,0.0,2,2,2,0.0,0.01,100.0,,,0,0,0,ncbi_only,Eukaryota,0.0
Hypaurotis,0,0,0.0,0.0,2,1,2,0.0,0.0,100.0,,,0,0,0,ncbi_only,Eukaryota,0.0
Hypercompe,0,0,0.0,0.0,2,1,2,0.0,0.0,100.0,,,0,0,0,ncbi_only,Eukaryota,0.0
Hypermnestra,0,0,0.0,0.0,2,1,2,0.0,0.0,100.0,,,0,0,0,ncbi_only,Eukaryota,0.0
Cochlefelis,0,0,0.0,0.0,2,2,2,0.0,0.01,100.0,,,0,0,0,ncbi_only,Eukaryota,0.0
Coccus,0,0,0.0,0.0,2,1,2,0.0,0.0,100.0,,,0,0,0,ncbi_only,Eukaryota,0.0
Hyphochytrium,0,0,0.0,0.0,2,1,2,0.0,0.0,100.0,,,0,0,0,ncbi_only,Eukaryota,0.0
Coccinonectria,0,0,0.0,0.0,2,1,2,0.0,0.0,100.0,,,0,0,0,ncbi_only,Eukaryota,0.0
Coccidula,0,0,0.0,0.0,2,1,2,0.0,0.0,100.0,,,0,0,0,ncbi_only,Eukaryota,0.0
Saussurea,0,0,0.0,0.0,2,2,2,0.0,0.01,100.0,,,0,0,0,ncbi_only,Eukaryota,0.0
Cobitis,0,0,0.0,0.0,2,2,2,0.0,0.01,100.0,,,0,0,0,ncbi_only,Eukaryota,0.0
Clethrionomys,0,0,0.0,0.0,2,1,2,0.0,0.0,100.0,,,0,0,0,ncbi_only,Eukaryota,0.0
Cisticola,0,0,0.0,0.0,2,2,2,0.0,0.01,100.0,,,0,0,0,ncbi_only,Eukaryota,0.0
Cirsium,0,0,0.0,0.0,2,1,2,0.0,0.0,100.0,,,0,0,0,ncbi_only,Eukaryota,0.0
Indri,0,0,0.0,0.0,2,1,2,0.0,0.0,100.0,,,0,0,0,ncbi_only,Eukaryota,0.0
Circinella,0,0,0.0,0.0,2,2,2,0.0,0.01,100.0,,,0,0,0,ncbi_only,Eukaryota,0.0
Infundibulicybe,0,0,0.0,0.0,2,1,2,0.0,0.0,100.0,,,0,0,0,ncbi_only,Eukaryota,0.0
Cinnycerthia,0,0,0.0,0.0,2,2,2,0.0,0.01,100.0,,,0,0,0,ncbi_only,Eukaryota,0.0
Cinchona,0,0,0.0,0.0,2,2,2,0.0,0.01,100.0,,,0,0,0,ncbi_only,Eukaryota,0.0
Cidaria,0,0,0.0,0.0,2,1,2,0.0,0.0,100.0,,,0,0,0,ncbi_only,Eukaryota,0.0
Terfezia,0,0,0.0,0.0,2,2,2,0.0,0.01,100.0,,,0,0,0,ncbi_only,Eukaryota,0.0
Sanicula,0,0,0.0,0.0,2,2,2,0.0,0.01,100.0,,,0,0,0,ncbi_only,Eukaryota,0.0
Interochromis,0,0,0.0,0.0,2,1,2,0.0,0.0,100.0,,,0,0,0,ncbi_only,Eukaryota,0.0
Sanguinoderma,0,0,0.0,0.0,2,2,2,0.0,0.01,100.0,,,0,0,0,ncbi_only,Eukaryota,0.0
Sanguina,0,0,0.0,0.0,2,1,0,0.0,0.0,0.0,,,0,0,0,ncbi_only,Eukaryota,0.0
Cicadella,0,0,0.0,0.0,2,1,2,0.0,0.0,100.0,,,0,0,0,ncbi_only,Eukaryota,0.0
Tetanocera,0,0,0.0,0.0,2,1,2,0.0,0.0,100.0,,,0,0,0,ncbi_only,Eukaryota,0.0
Ciborinia,0,0,0.0,0.0,2,1,2,0.0,0.0,100.0,,,0,0,0,ncbi_only,Eukaryota,0.0
Tethea,0,0,0.0,0.0,2,1,2,0.0,0.0,100.0,,,0,0,0,ncbi_only,Eukaryota,0.0
Tetheella,0,0,0.0,0.0,2,1,2,0.0,0.0,100.0,,,0,0,0,ncbi_only,Eukaryota,0.0
Iolana,0,0,0.0,0.0,2,1,2,0.0,0.0,100.0,,,0,0,0,ncbi_only,Eukaryota,0.0
Ionaspis,0,0,0.0,0.0,2,2,0,0.0,0.01,0.0,,,0,0,0,ncbi_only,Eukaryota,0.0
Tetmemena,0,0,0.0,0.0,2,1,2,0.0,0.0,100.0,,,0,0,0,ncbi_only,Eukaryota,0.0
Iphiclides,0,0,0.0,0.0,2,1,2,0.0,0.0,100.0,,,0,0,0,ncbi_only,Eukaryota,0.0
Sapria,0,0,0.0,0.0,2,1,2,0.0,0.0,100.0,,,0,0,0,ncbi_only,Eukaryota,0.0
Incurvaria,0,0,0.0,0.0,2,1,2,0.0,0.0,100.0,,,0,0,0,ncbi_only,Eukaryota,0.0
Incumbomyces,0,0,0.0,0.0,2,2,2,0.0,0.01,100.0,,,0,0,0,ncbi_only,Eukaryota,0.0
Ifrita,0,0,0.0,0.0,2,1,2,0.0,0.0,100.0,,,0,0,0,ncbi_only,Eukaryota,0.0
Clausena,0,0,0.0,0.0,2,2,2,0.0,0.01,100.0,,,0,0,0,ncbi_only,Eukaryota,0.0
Terpios,0,0,0.0,0.0,2,1,2,0.0,0.0,100.0,,,0,0,0,ncbi_only,Eukaryota,0.0
Clathrolucina,0,0,0.0,0.0,2,1,2,0.0,0.0,100.0,,,0,0,0,ncbi_only,Eukaryota,0.0
Terpsiphone,0,0,0.0,0.0,2,2,2,0.0,0.01,100.0,,,0,0,0,ncbi_only,Eukaryota,0.0
Clariallabes,0,0,0.0,0.0,2,2,2,0.0,0.01,100.0,,,0,0,0,ncbi_only,Eukaryota,0.0
Sarcogyps,0,0,0.0,0.0,2,1,2,0.0,0.0,100.0,,,0,0,0,ncbi_only,Eukaryota,0.0
Sarcodon,0,0,0.0,0.0,2,2,2,0.0,0.01,100.0,,,0,0,0,ncbi_only,Eukaryota,0.0
Clanga,0,0,0.0,0.0,2,2,2,0.0,0.01,100.0,,,0,0,0,ncbi_only,Eukaryota,0.0
Clamator,0,0,0.0,0.0,2,1,2,0.0,0.0,100.0,,,0,0,0,ncbi_only,Eukaryota,0.0
Ilione,0,0,0.0,0.0,2,1,2,0.0,0.0,100.0,,,0,0,0,ncbi_only,Eukaryota,0.0
Ilisha,0,0,0.0,0.0,2,1,2,0.0,0.0,100.0,,,0,0,0,ncbi_only,Eukaryota,0.0
Sarcocystis,0,0,0.0,0.0,2,1,2,0.0,0.0,100.0,,,0,0,0,ncbi_only,Eukaryota,0.0
Terrapene,0,0,0.0,0.0,2,2,2,0.0,0.01,100.0,,,0,0,0,ncbi_only,Eukaryota,0.0
Cladocopium,0,0,0.0,0.0,2,2,2,0.0,0.01,100.0,,,0,0,0,ncbi_only,Eukaryota,0.0
Cladochytrium,0,0,0.0,0.0,2,2,2,0.0,0.01,100.0,,,0,0,0,ncbi_only,Eukaryota,0.0
Saragossa,0,0,0.0,0.0,2,1,2,0.0,0.0,100.0,,,0,0,0,ncbi_only,Eukaryota,0.0
Imleria,0,0,0.0,0.0,2,1,2,0.0,0.0,100.0,,,0,0,0,ncbi_only,Eukaryota,0.0
Immersiporthe,0,0,0.0,0.0,2,1,2,0.0,0.0,100.0,,,0,0,0,ncbi_only,Eukaryota,0.0
Imshaugia,0,0,0.0,0.0,2,1,0,0.0,0.0,0.0,,,0,0,0,ncbi_only,Eukaryota,0.0
Cistogaster,0,0,0.0,0.0,2,1,2,0.0,0.0,100.0,,,0,0,0,ncbi_only,Eukaryota,0.0
Coelioxys,0,0,0.0,0.0,2,1,2,0.0,0.0,100.0,,,0,0,0,ncbi_only,Eukaryota,0.0
Hydropsyche,0,0,0.0,0.0,2,2,2,0.0,0.01,100.0,,,0,0,0,ncbi_only,Eukaryota,0.0
Heteranomia,0,0,0.0,0.0,2,1,2,0.0,0.0,100.0,,,0,0,0,ncbi_only,Eukaryota,0.0
Sciaenops,0,0,0.0,0.0,2,1,2,0.0,0.0,100.0,,,0,0,0,ncbi_only,Eukaryota,0.0
Hirudinaria,0,0,0.0,0.0,2,1,2,0.0,0.0,100.0,,,0,0,0,ncbi_only,Eukaryota,0.0
Coracopsis,0,0,0.0,0.0,2,2,2,0.0,0.01,100.0,,,0,0,0,ncbi_only,Eukaryota,0.0
Coracias,0,0,0.0,0.0,2,2,2,0.0,0.01,100.0,,,0,0,0,ncbi_only,Eukaryota,0.0
Histomonas,0,0,0.0,0.0,2,1,2,0.0,0.0,100.0,,,0,0,0,ncbi_only,Eukaryota,0.0
Hofmannophila,0,0,0.0,0.0,2,1,2,0.0,0.0,100.0,,,0,0,0,ncbi_only,Eukaryota,0.0
Hofstenia,0,0,0.0,0.0,2,1,2,0.0,0.0,100.0,,,0,0,0,ncbi_only,Eukaryota,0.0
Scirpus,0,0,0.0,0.0,2,1,2,0.0,0.0,100.0,,,0,0,0,ncbi_only,Eukaryota,0.0
Taxus,0,0,0.0,0.0,2,2,2,0.0,0.01,100.0,,,0,0,0,ncbi_only,Eukaryota,0.0
Scinax,0,0,0.0,0.0,2,2,2,0.0,0.01,100.0,,,0,0,0,ncbi_only,Eukaryota,0.0
Sciapus,0,0,0.0,0.0,2,1,2,0.0,0.0,100.0,,,0,0,0,ncbi_only,Eukaryota,0.0
Coprinus,0,0,0.0,0.0,2,1,2,0.0,0.0,100.0,,,0,0,0,ncbi_only,Eukaryota,0.0
Conops,0,0,0.0,0.0,2,1,2,0.0,0.0,100.0,,,0,0,0,ncbi_only,Eukaryota,0.0
Hololepta,0,0,0.0,0.0,2,1,2,0.0,0.0,100.0,,,0,0,0,ncbi_only,Eukaryota,0.0
Schrankia,0,0,0.0,0.0,2,1,2,0.0,0.0,100.0,,,0,0,0,ncbi_only,Eukaryota,0.0
Convolvulus,0,0,0.0,0.0,2,1,2,0.0,0.0,100.0,,,0,0,0,ncbi_only,Eukaryota,0.0
Homarus,0,0,0.0,0.0,2,2,2,0.0,0.01,100.0,,,0,0,0,ncbi_only,Eukaryota,0.0
Convolutriloba,0,0,0.0,0.0,2,1,2,0.0,0.0,100.0,,,0,0,0,ncbi_only,Eukaryota,0.0
Schoenobius,0,0,0.0,0.0,2,1,2,0.0,0.0,100.0,,,0,0,0,ncbi_only,Eukaryota,0.0
Conticribra,0,0,0.0,0.0,2,2,2,0.0,0.01,100.0,,,0,0,0,ncbi_only,Eukaryota,0.0
Tegillarca,0,0,0.0,0.0,2,1,2,0.0,0.0,100.0,,,0,0,0,ncbi_only,Eukaryota,0.0
Corallium,0,0,0.0,0.0,2,1,2,0.0,0.0,100.0,,,0,0,0,ncbi_only,Eukaryota,0.0
Hippotragus,0,0,0.0,0.0,2,2,2,0.0,0.01,100.0,,,0,0,0,ncbi_only,Eukaryota,0.0
Taurulus,0,0,0.0,0.0,2,1,2,0.0,0.0,100.0,,,0,0,0,ncbi_only,Eukaryota,0.0
Hippodamia,0,0,0.0,0.0,2,2,2,0.0,0.01,100.0,,,0,0,0,ncbi_only,Eukaryota,0.0
Heterobilharzia,0,0,0.0,0.0,2,1,2,0.0,0.0,100.0,,,0,0,0,ncbi_only,Eukaryota,0.0
Correlophus,0,0,0.0,0.0,2,1,2,0.0,0.0,100.0,,,0,0,0,ncbi_only,Eukaryota,0.0
Scolitantides,0,0,0.0,0.0,2,1,2,0.0,0.0,100.0,,,0,0,0,ncbi_only,Eukaryota,0.0
Cornu,0,0,0.0,0.0,2,1,2,0.0,0.0,100.0,,,0,0,0,ncbi_only,Eukaryota,0.0
Heterodontus,0,0,0.0,0.0,2,1,2,0.0,0.0,100.0,,,0,0,0,ncbi_only,Eukaryota,0.0
Heteromeles,0,0,0.0,0.0,2,1,2,0.0,0.0,100.0,,,0,0,0,ncbi_only,Eukaryota,0.0
Heteromyza,0,0,0.0,0.0,2,1,2,0.0,0.0,100.0,,,0,0,0,ncbi_only,Eukaryota,0.0
Heteropelma,0,0,0.0,0.0,2,1,2,0.0,0.0,100.0,,,0,0,0,ncbi_only,Eukaryota,0.0
Heterosais,0,0,0.0,0.0,2,1,2,0.0,0.0,100.0,,,0,0,0,ncbi_only,Eukaryota,0.0
Scolecofusarium,0,0,0.0,0.0,2,1,2,0.0,0.0,100.0,,,0,0,0,ncbi_only,Eukaryota,0.0
Heterostelium,0,0,0.0,0.0,2,2,2,0.0,0.01,100.0,,,0,0,0,ncbi_only,Eukaryota,0.0
Tarphius,0,0,0.0,0.0,2,1,2,0.0,0.0,100.0,,,0,0,0,ncbi_only,Eukaryota,0.0
Sclerospora,0,0,0.0,0.0,2,1,2,0.0,0.0,100.0,,,0,0,0,ncbi_only,Eukaryota,0.0
Tarsius,0,0,0.0,0.0,2,2,2,0.0,0.01,100.0,,,0,0,0,ncbi_only,Eukaryota,0.0
Hexaprotodon,0,0,0.0,0.0,2,1,2,0.0,0.0,100.0,,,0,0,0,ncbi_only,Eukaryota,0.0
Coriaria,0,0,0.0,0.0,2,1,2,0.0,0.0,100.0,,,0,0,0,ncbi_only,Eukaryota,0.0
Coremacera,0,0,0.0,0.0,2,1,2,0.0,0.0,100.0,,,0,0,0,ncbi_only,Eukaryota,0.0
Hierochloe,0,0,0.0,0.0,2,1,2,0.0,0.0,100.0,,,0,0,0,ncbi_only,Eukaryota,0.0
Corema,0,0,0.0,0.0,2,1,2,0.0,0.0,100.0,,,0,0,0,ncbi_only,Eukaryota,0.0
Corella,0,0,0.0,0.0,2,1,2,0.0,0.0,100.0,,,0,0,0,ncbi_only,Eukaryota,0.0
Himantopus,0,0,0.0,0.0,2,1,2,0.0,0.0,100.0,,,0,0,0,ncbi_only,Eukaryota,0.0
Sclerolinum,0,0,0.0,0.0,2,1,2,0.0,0.0,100.0,,,0,0,0,ncbi_only,Eukaryota,0.0
Cordylochernes,0,0,0.0,0.0,2,1,2,0.0,0.0,100.0,,,0,0,0,ncbi_only,Eukaryota,0.0
Hippasteria,0,0,0.0,0.0,2,1,2,0.0,0.0,100.0,,,0,0,0,ncbi_only,Eukaryota,0.0
Cordilura,0,0,0.0,0.0,2,1,2,0.0,0.0,100.0,,,0,0,0,ncbi_only,Eukaryota,0.0
Hippobosca,0,0,0.0,0.0,2,1,2,0.0,0.0,100.0,,,0,0,0,ncbi_only,Eukaryota,0.0
Homoeosoma,0,0,0.0,0.0,2,1,2,0.0,0.0,100.0,,,0,0,0,ncbi_only,Eukaryota,0.0
Honckenya,0,0,0.0,0.0,2,1,2,0.0,0.0,100.0,,,0,0,0,ncbi_only,Eukaryota,0.0
Hydropotes,0,0,0.0,0.0,2,1,2,0.0,0.0,100.0,,,0,0,0,ncbi_only,Eukaryota,0.0
Scellus,0,0,0.0,0.0,2,1,2,0.0,0.0,100.0,,,0,0,0,ncbi_only,Eukaryota,0.0
Coluber,0,0,0.0,0.0,2,1,2,0.0,0.0,100.0,,,0,0,0,ncbi_only,Eukaryota,0.0
Telmatherina,0,0,0.0,0.0,2,1,2,0.0,0.0,100.0,,,0,0,0,ncbi_only,Eukaryota,0.0
Colotois,0,0,0.0,0.0,2,1,2,0.0,0.0,100.0,,,0,0,0,ncbi_only,Eukaryota,0.0
Colotis,0,0,0.0,0.0,2,1,2,0.0,0.0,100.0,,,0,0,0,ncbi_only,Eukaryota,0.0
Schaereria,0,0,0.0,0.0,2,1,0,0.0,0.0,0.0,,,0,0,0,ncbi_only,Eukaryota,0.0
Colostygia,0,0,0.0,0.0,2,1,2,0.0,0.0,100.0,,,0,0,0,ncbi_only,Eukaryota,0.0
Colossoma,0,0,0.0,0.0,2,1,2,0.0,0.0,100.0,,,0,0,0,ncbi_only,Eukaryota,0.0
Hyaena,0,0,0.0,0.0,2,1,2,0.0,0.0,100.0,,,0,0,0,ncbi_only,Eukaryota,0.0
Hyalella,0,0,0.0,0.0,2,2,2,0.0,0.01,100.0,,,0,0,0,ncbi_only,Eukaryota,0.0
Collybiopsis,0,0,0.0,0.0,2,2,2,0.0,0.01,100.0,,,0,0,0,ncbi_only,Eukaryota,0.0
Collichthys,0,0,0.0,0.0,2,1,2,0.0,0.0,100.0,,,0,0,0,ncbi_only,Eukaryota,0.0
Hondaea,0,0,0.0,0.0,2,1,2,0.0,0.0,100.0,,,0,0,0,ncbi_only,Eukaryota,0.0
Hyalyris,0,0,0.0,0.0,2,1,2,0.0,0.0,100.0,,,0,0,0,ncbi_only,Eukaryota,0.0
Hybognathus,0,0,0.0,0.0,2,1,2,0.0,0.0,100.0,,,0,0,0,ncbi_only,Eukaryota,0.0
Hybos,0,0,0.0,0.0,2,1,2,0.0,0.0,100.0,,,0,0,0,ncbi_only,Eukaryota,0.0
Hycleus,0,0,0.0,0.0,2,2,2,0.0,0.01,100.0,,,0,0,0,ncbi_only,Eukaryota,0.0
Hydatina,0,0,0.0,0.0,2,2,2,0.0,0.01,100.0,,,0,0,0,ncbi_only,Eukaryota,0.0
Colletes,0,0,0.0,0.0,2,2,2,0.0,0.01,100.0,,,0,0,0,ncbi_only,Eukaryota,0.0
Hydraecia,0,0,0.0,0.0,2,1,2,0.0,0.0,100.0,,,0,0,0,ncbi_only,Eukaryota,0.0
Hydrocotyle,0,0,0.0,0.0,2,1,2,0.0,0.0,100.0,,,0,0,0,ncbi_only,Eukaryota,0.0
Cokeromyces,0,0,0.0,0.0,2,1,2,0.0,0.0,100.0,,,0,0,0,ncbi_only,Eukaryota,0.0
Colydium,0,0,0.0,0.0,2,1,2,0.0,0.0,100.0,,,0,0,0,ncbi_only,Eukaryota,0.0
Comarum,0,0,0.0,0.0,2,1,2,0.0,0.0,100.0,,,0,0,0,ncbi_only,Eukaryota,0.0
Comibaena,0,0,0.0,0.0,2,1,2,0.0,0.0,100.0,,,0,0,0,ncbi_only,Eukaryota,0.0
Hoplias,0,0,0.0,0.0,2,1,2,0.0,0.0,100.0,,,0,0,0,ncbi_only,Eukaryota,0.0
Hoplisoma,0,0,0.0,0.0,2,2,2,0.0,0.01,100.0,,,0,0,0,ncbi_only,Eukaryota,0.0
Conomelus,0,0,0.0,0.0,2,1,2,0.0,0.0,100.0,,,0,0,0,ncbi_only,Eukaryota,0.0
Teinopalpus,0,0,0.0,0.0,2,1,2,0.0,0.0,100.0,,,0,0,0,ncbi_only,Eukaryota,0.0
Hoplolaimus,0,0,0.0,0.0,2,2,2,0.0,0.01,100.0,,,0,0,0,ncbi_only,Eukaryota,0.0
Conistra,0,0,0.0,0.0,2,1,2,0.0,0.0,100.0,,,0,0,0,ncbi_only,Eukaryota,0.0
Coniophanes,0,0,0.0,0.0,2,2,2,0.0,0.01,100.0,,,0,0,0,ncbi_only,Eukaryota,0.0
Coniferiporia,0,0,0.0,0.0,2,2,2,0.0,0.01,100.0,,,0,0,0,ncbi_only,Eukaryota,0.0
Hortiboletus,0,0,0.0,0.0,2,2,2,0.0,0.01,100.0,,,0,0,0,ncbi_only,Eukaryota,0.0
Schizotus,0,0,0.0,0.0,2,1,2,0.0,0.0,100.0,,,0,0,0,ncbi_only,Eukaryota,0.0
Schizothorax,0,0,0.0,0.0,2,2,2,0.0,0.01,100.0,,,0,0,0,ncbi_only,Eukaryota,0.0
Hozukius,0,0,0.0,0.0,2,2,2,0.0,0.01,100.0,,,0,0,0,ncbi_only,Eukaryota,0.0
Schizothecium,0,0,0.0,0.0,2,2,2,0.0,0.01,100.0,,,0,0,0,ncbi_only,Eukaryota,0.0
Condylostylus,0,0,0.0,0.0,2,2,2,0.0,0.01,100.0,,,0,0,0,ncbi_only,Eukaryota,0.0
Condylostoma,0,0,0.0,0.0,2,1,0,0.0,0.0,0.0,,,0,0,0,ncbi_only,Eukaryota,0.0
Concholepas,0,0,0.0,0.0,2,1,2,0.0,0.0,100.0,,,0,0,0,ncbi_only,Eukaryota,0.0
Hucho,0,0,0.0,0.0,2,2,2,0.0,0.01,100.0,,,0,0,0,ncbi_only,Eukaryota,0.0
Schizochytrium,0,0,0.0,0.0,2,2,2,0.0,0.01,100.0,,,0,0,0,ncbi_only,Eukaryota,0.0
Huiozyma,0,0,0.0,0.0,2,2,2,0.0,0.01,100.0,,,0,0,0,ncbi_only,Eukaryota,0.0
Schistocephalus,0,0,0.0,0.0,2,1,2,0.0,0.0,100.0,,,0,0,0,ncbi_only,Eukaryota,0.0
Commophila,0,0,0.0,0.0,2,1,2,0.0,0.0,100.0,,,0,0,0,ncbi_only,Eukaryota,0.0
Schilbe,0,0,0.0,0.0,2,2,2,0.0,0.01,100.0,,,0,0,0,ncbi_only,Eukaryota,0.0
Ips,0,0,0.0,0.0,2,2,2,0.0,0.01,100.0,,,0,0,0,ncbi_only,Eukaryota,0.0
Ecdyonurus,0,0,0.0,0.0,2,1,2,0.0,0.0,100.0,,,0,0,0,ncbi_only,Eukaryota,0.0
Sparganium,0,0,0.0,0.0,2,1,2,0.0,0.0,100.0,,,0,0,0,ncbi_only,Eukaryota,0.0
Euura,0,0,0.0,0.0,2,2,2,0.0,0.01,100.0,,,0,0,0,ncbi_only,Eukaryota,0.0
Staphylinus,0,0,0.0,0.0,2,1,2,0.0,0.0,100.0,,,0,0,0,ncbi_only,Eukaryota,0.0
Echinosphaeria,0,0,0.0,0.0,2,1,2,0.0,0.0,100.0,,,0,0,0,ncbi_only,Eukaryota,0.0
Euzophera,0,0,0.0,0.0,2,1,2,0.0,0.0,100.0,,,0,0,0,ncbi_only,Eukaryota,0.0
Echinosophora,0,0,0.0,0.0,2,1,2,0.0,0.0,100.0,,,0,0,0,ncbi_only,Eukaryota,0.0
Staphylotrichum,0,0,0.0,0.0,2,2,2,0.0,0.01,100.0,,,0,0,0,ncbi_only,Eukaryota,0.0
Echinopora,0,0,0.0,0.0,2,1,2,0.0,0.0,100.0,,,0,0,0,ncbi_only,Eukaryota,0.0
Exaiptasia,0,0,0.0,0.0,2,1,2,0.0,0.0,100.0,,,0,0,0,ncbi_only,Eukaryota,0.0
Sousa,0,0,0.0,0.0,2,1,2,0.0,0.0,100.0,,,0,0,0,ncbi_only,Eukaryota,0.0
Excalfactoria,0,0,0.0,0.0,2,1,2,0.0,0.0,100.0,,,0,0,0,ncbi_only,Eukaryota,0.0
Echinarachnius,0,0,0.0,0.0,2,1,2,0.0,0.0,100.0,,,0,0,0,ncbi_only,Eukaryota,0.0
Excoecaria,0,0,0.0,0.0,2,2,2,0.0,0.01,100.0,,,0,0,0,ncbi_only,Eukaryota,0.0
Echiichthys,0,0,0.0,0.0,2,1,2,0.0,0.0,100.0,,,0,0,0,ncbi_only,Eukaryota,0.0
Exobasidium,0,0,0.0,0.0,2,2,2,0.0,0.01,100.0,,,0,0,0,ncbi_only,Eukaryota,0.0
Exsudoporus,0,0,0.0,0.0,2,2,2,0.0,0.01,100.0,,,0,0,0,ncbi_only,Eukaryota,0.0
Earophila,0,0,0.0,0.0,2,1,2,0.0,0.0,100.0,,,0,0,0,ncbi_only,Eukaryota,0.0
Earias,0,0,0.0,0.0,2,1,2,0.0,0.0,100.0,,,0,0,0,ncbi_only,Eukaryota,0.0
Eana,0,0,0.0,0.0,2,1,2,0.0,0.0,100.0,,,0,0,0,ncbi_only,Eukaryota,0.0
Fabriciana,0,0,0.0,0.0,2,1,2,0.0,0.0,100.0,,,0,0,0,ncbi_only,Eukaryota,0.0
Sophora,0,0,0.0,0.0,2,1,2,0.0,0.0,100.0,,,0,0,0,ncbi_only,Eukaryota,0.0
Dyspetes,0,0,0.0,0.0,2,1,2,0.0,0.0,100.0,,,0,0,0,ncbi_only,Eukaryota,0.0
Dysmachus,0,0,0.0,0.0,2,1,2,0.0,0.0,100.0,,,0,0,0,ncbi_only,Eukaryota,0.0
Eutrigla,0,0,0.0,0.0,2,1,2,0.0,0.0,100.0,,,0,0,0,ncbi_only,Eukaryota,0.0
Standfussiana,0,0,0.0,0.0,2,1,2,0.0,0.0,100.0,,,0,0,0,ncbi_only,Eukaryota,0.0
Eutolmus,0,0,0.0,0.0,2,1,2,0.0,0.0,100.0,,,0,0,0,ncbi_only,Eukaryota,0.0
Stachys,0,0,0.0,0.0,2,1,2,0.0,0.0,100.0,,,0,0,0,ncbi_only,Eukaryota,0.0
Euphyia,0,0,0.0,0.0,2,1,2,0.0,0.0,100.0,,,0,0,0,ncbi_only,Eukaryota,0.0
Euplagia,0,0,0.0,0.0,2,1,2,0.0,0.0,100.0,,,0,0,0,ncbi_only,Eukaryota,0.0
Euplexia,0,0,0.0,0.0,2,1,2,0.0,0.0,100.0,,,0,0,0,ncbi_only,Eukaryota,0.0
Speothos,0,0,0.0,0.0,2,1,2,0.0,0.0,100.0,,,0,0,0,ncbi_only,Eukaryota,0.0
Edaphochlamys,0,0,0.0,0.0,2,1,2,0.0,0.0,100.0,,,0,0,0,ncbi_only,Eukaryota,0.0
Euprymna,0,0,0.0,0.0,2,1,2,0.0,0.0,100.0,,,0,0,0,ncbi_only,Eukaryota,0.0
Eupsilia,0,0,0.0,0.0,2,1,2,0.0,0.0,100.0,,,0,0,0,ncbi_only,Eukaryota,0.0
Eurema,0,0,0.0,0.0,2,2,2,0.0,0.01,100.0,,,0,0,0,ncbi_only,Eukaryota,0.0
Eurois,0,0,0.0,0.0,2,1,2,0.0,0.0,100.0,,,0,0,0,ncbi_only,Eukaryota,0.0
Ectomomyrmex,0,0,0.0,0.0,2,2,2,0.0,0.01,100.0,,,0,0,0,ncbi_only,Eukaryota,0.0
Ectoedemia,0,0,0.0,0.0,2,1,2,0.0,0.0,100.0,,,0,0,0,ncbi_only,Eukaryota,0.0
Ectobius,0,0,0.0,0.0,2,1,2,0.0,0.0,100.0,,,0,0,0,ncbi_only,Eukaryota,0.0
Eurystomus,0,0,0.0,0.0,2,2,2,0.0,0.01,100.0,,,0,0,0,ncbi_only,Eukaryota,0.0
Eurytides,0,0,0.0,0.0,2,2,2,0.0,0.01,100.0,,,0,0,0,ncbi_only,Eukaryota,0.0
Ecliptopera,0,0,0.0,0.0,2,1,2,0.0,0.0,100.0,,,0,0,0,ncbi_only,Eukaryota,0.0
Euspilapteryx,0,0,0.0,0.0,2,1,2,0.0,0.0,100.0,,,0,0,0,ncbi_only,Eukaryota,0.0
Eustalomyia,0,0,0.0,0.0,2,1,2,0.0,0.0,100.0,,,0,0,0,ncbi_only,Eukaryota,0.0
Spatalia,0,0,0.0,0.0,2,1,2,0.0,0.0,100.0,,,0,0,0,ncbi_only,Eukaryota,0.0
Euthrix,0,0,0.0,0.0,2,1,2,0.0,0.0,100.0,,,0,0,0,ncbi_only,Eukaryota,0.0
Euthyatira,0,0,0.0,0.0,2,1,2,0.0,0.0,100.0,,,0,0,0,ncbi_only,Eukaryota,0.0
Euthynnus,0,0,0.0,0.0,2,1,2,0.0,0.0,100.0,,,0,0,0,ncbi_only,Eukaryota,0.0
Sterna,0,0,0.0,0.0,2,1,2,0.0,0.0,100.0,,,0,0,0,ncbi_only,Eukaryota,0.0
Stenurella,0,0,0.0,0.0,2,1,2,0.0,0.0,100.0,,,0,0,0,ncbi_only,Eukaryota,0.0
Stenus,0,0,0.0,0.0,2,1,2,0.0,0.0,100.0,,,0,0,0,ncbi_only,Eukaryota,0.0
Stephanocoenia,0,0,0.0,0.0,2,1,2,0.0,0.0,100.0,,,0,0,0,ncbi_only,Eukaryota,0.0
Solaster,0,0,0.0,0.0,2,1,2,0.0,0.0,100.0,,,0,0,0,ncbi_only,Eukaryota,0.0
Stephanocyclus,0,0,0.0,0.0,2,1,2,0.0,0.0,100.0,,,0,0,0,ncbi_only,Eukaryota,0.0
Stephanodiscus,0,0,0.0,0.0,2,2,2,0.0,0.01,100.0,,,0,0,0,ncbi_only,Eukaryota,0.0
Dromius,0,0,0.0,0.0,2,1,2,0.0,0.0,100.0,,,0,0,0,ncbi_only,Eukaryota,0.0
Drepanosiphum,0,0,0.0,0.0,2,1,2,0.0,0.0,100.0,,,0,0,0,ncbi_only,Eukaryota,0.0
Filipendula,0,0,0.0,0.0,2,1,2,0.0,0.0,100.0,,,0,0,0,ncbi_only,Eukaryota,0.0
Drechmeria,0,0,0.0,0.0,2,1,2,0.0,0.0,100.0,,,0,0,0,ncbi_only,Eukaryota,0.0
Sodiomyces,0,0,0.0,0.0,2,2,2,0.0,0.01,100.0,,,0,0,0,ncbi_only,Eukaryota,0.0
Sternotherus,0,0,0.0,0.0,2,1,2,0.0,0.0,100.0,,,0,0,0,ncbi_only,Eukaryota,0.0
Steromphala,0,0,0.0,0.0,2,1,2,0.0,0.0,100.0,,,0,0,0,ncbi_only,Eukaryota,0.0
Dracaena,0,0,0.0,0.0,2,1,2,0.0,0.0,100.0,,,0,0,0,ncbi_only,Eukaryota,0.0
Stewartia,0,0,0.0,0.0,2,1,2,0.0,0.0,100.0,,,0,0,0,ncbi_only,Eukaryota,0.0
Sthenelais,0,0,0.0,0.0,2,1,2,0.0,0.0,100.0,,,0,0,0,ncbi_only,Eukaryota,0.0
Fissipunctia,0,0,0.0,0.0,2,1,2,0.0,0.0,100.0,,,0,0,0,ncbi_only,Eukaryota,0.0
Dothiorella,0,0,0.0,0.0,2,1,2,0.0,0.0,100.0,,,0,0,0,ncbi_only,Eukaryota,0.0
Flabesymbios,0,0,0.0,0.0,2,1,2,0.0,0.0,100.0,,,0,0,0,ncbi_only,Eukaryota,0.0
Sticta,0,0,0.0,0.0,2,2,0,0.0,0.01,0.0,,,0,0,0,ncbi_only,Eukaryota,0.0
Doryrhina,0,0,0.0,0.0,2,1,2,0.0,0.0,100.0,,,0,0,0,ncbi_only,Eukaryota,0.0
Stictis,0,0,0.0,0.0,2,1,0,0.0,0.0,0.0,,,0,0,0,ncbi_only,Eukaryota,0.0
Stentor,0,0,0.0,0.0,2,2,2,0.0,0.01,100.0,,,0,0,0,ncbi_only,Eukaryota,0.0
Solenodon,0,0,0.0,0.0,2,1,2,0.0,0.0,100.0,,,0,0,0,ncbi_only,Eukaryota,0.0
Dryobota,0,0,0.0,0.0,2,1,2,0.0,0.0,100.0,,,0,0,0,ncbi_only,Eukaryota,0.0
Dryobotodes,0,0,0.0,0.0,2,1,2,0.0,0.0,100.0,,,0,0,0,ncbi_only,Eukaryota,0.0
Falcaria,0,0,0.0,0.0,2,1,2,0.0,0.0,100.0,,,0,0,0,ncbi_only,Eukaryota,0.0
Stelis,0,0,0.0,0.0,2,1,2,0.0,0.0,100.0,,,0,0,0,ncbi_only,Eukaryota,0.0
Stelletta,0,0,0.0,0.0,2,1,2,0.0,0.0,100.0,,,0,0,0,ncbi_only,Eukaryota,0.0
Durusdinium,0,0,0.0,0.0,2,1,2,0.0,0.0,100.0,,,0,0,0,ncbi_only,Eukaryota,0.0
Stenella,0,0,0.0,0.0,2,1,2,0.0,0.0,100.0,,,0,0,0,ncbi_only,Eukaryota,0.0
Stenichneumon,0,0,0.0,0.0,2,1,2,0.0,0.0,100.0,,,0,0,0,ncbi_only,Eukaryota,0.0
Duponchelia,0,0,0.0,0.0,2,1,2,0.0,0.0,100.0,,,0,0,0,ncbi_only,Eukaryota,0.0
Solidago,0,0,0.0,0.0,2,2,2,0.0,0.01,100.0,,,0,0,0,ncbi_only,Eukaryota,0.0
Dunckerocampus,0,0,0.0,0.0,2,1,2,0.0,0.0,100.0,,,0,0,0,ncbi_only,Eukaryota,0.0
Duncanopsammia,0,0,0.0,0.0,2,1,2,0.0,0.0,100.0,,,0,0,0,ncbi_only,Eukaryota,0.0
Stenodema,0,0,0.0,0.0,2,1,2,0.0,0.0,100.0,,,0,0,0,ncbi_only,Eukaryota,0.0
Ferdinandea,0,0,0.0,0.0,2,1,2,0.0,0.0,100.0,,,0,0,0,ncbi_only,Eukaryota,0.0
Dryomyza,0,0,0.0,0.0,2,1,2,0.0,0.0,100.0,,,0,0,0,ncbi_only,Eukaryota,0.0
Stenoptilia,0,0,0.0,0.0,2,1,2,0.0,0.0,100.0,,,0,0,0,ncbi_only,Eukaryota,0.0
Dryococelus,0,0,0.0,0.0,2,1,2,0.0,0.0,100.0,,,0,0,0,ncbi_only,Eukaryota,0.0
Euphonia,0,0,0.0,0.0,2,2,2,0.0,0.01,100.0,,,0,0,0,ncbi_only,Eukaryota,0.0
Egira,0,0,0.0,0.0,2,1,2,0.0,0.0,100.0,,,0,0,0,ncbi_only,Eukaryota,0.0
Stictoleptura,0,0,0.0,0.0,2,1,2,0.0,0.0,100.0,,,0,0,0,ncbi_only,Eukaryota,0.0
Epistrophella,0,0,0.0,0.0,2,1,2,0.0,0.0,100.0,,,0,0,0,ncbi_only,Eukaryota,0.0
Emys,0,0,0.0,0.0,2,1,2,0.0,0.0,100.0,,,0,0,0,ncbi_only,Eukaryota,0.0
Emydura,0,0,0.0,0.0,2,2,2,0.0,0.01,100.0,,,0,0,0,ncbi_only,Eukaryota,0.0
Spilogale,0,0,0.0,0.0,2,2,2,0.0,0.01,100.0,,,0,0,0,ncbi_only,Eukaryota,0.0
Emydoidea,0,0,0.0,0.0,2,1,2,0.0,0.0,100.0,,,0,0,0,ncbi_only,Eukaryota,0.0
Spongilla,0,0,0.0,0.0,2,1,2,0.0,0.0,100.0,,,0,0,0,ncbi_only,Eukaryota,0.0
Empoasca,0,0,0.0,0.0,2,1,2,0.0,0.0,100.0,,,0,0,0,ncbi_only,Eukaryota,0.0
Spilarctia,0,0,0.0,0.0,2,1,2,0.0,0.0,100.0,,,0,0,0,ncbi_only,Eukaryota,0.0
Eptesicus,0,0,0.0,0.0,2,1,2,0.0,0.0,100.0,,,0,0,0,ncbi_only,Eukaryota,0.0
Spicauda,0,0,0.0,0.0,2,1,2,0.0,0.0,100.0,,,0,0,0,ncbi_only,Eukaryota,0.0
Empidonax,0,0,0.0,0.0,2,2,2,0.0,0.01,100.0,,,0,0,0,ncbi_only,Eukaryota,0.0
Erannis,0,0,0.0,0.0,2,1,2,0.0,0.0,100.0,,,0,0,0,ncbi_only,Eukaryota,0.0
Eratigena,0,0,0.0,0.0,2,1,2,0.0,0.0,100.0,,,0,0,0,ncbi_only,Eukaryota,0.0
Emmonsiellopsis,0,0,0.0,0.0,2,2,2,0.0,0.01,100.0,,,0,0,0,ncbi_only,Eukaryota,0.0
Emmonsia,0,0,0.0,0.0,2,1,2,0.0,0.0,100.0,,,0,0,0,ncbi_only,Eukaryota,0.0
Eremobia,0,0,0.0,0.0,2,1,2,0.0,0.0,100.0,,,0,0,0,ncbi_only,Eukaryota,0.0
Eremoplastron,0,0,0.0,0.0,2,1,2,0.0,0.0,100.0,,,0,0,0,ncbi_only,Eukaryota,0.0
Emmelina,0,0,0.0,0.0,2,1,2,0.0,0.0,100.0,,,0,0,0,ncbi_only,Eukaryota,0.0
Eremotylus,0,0,0.0,0.0,2,1,2,0.0,0.0,100.0,,,0,0,0,ncbi_only,Eukaryota,0.0
Eretmocerus,0,0,0.0,0.0,2,2,2,0.0,0.01,100.0,,,0,0,0,ncbi_only,Eukaryota,0.0
Eretmochelys,0,0,0.0,0.0,2,1,2,0.0,0.0,100.0,,,0,0,0,ncbi_only,Eukaryota,0.0
Emmelia,0,0,0.0,0.0,2,1,2,0.0,0.0,100.0,,,0,0,0,ncbi_only,Eukaryota,0.0
Sphinx,0,0,0.0,0.0,2,1,2,0.0,0.0,100.0,,,0,0,0,ncbi_only,Eukaryota,0.0
Ericerus,0,0,0.0,0.0,2,1,2,0.0,0.0,100.0,,,0,0,0,ncbi_only,Eukaryota,0.0
Eriobotrya,0,0,0.0,0.0,2,1,2,0.0,0.0,100.0,,,0,0,0,ncbi_only,Eukaryota,0.0
Episcada,0,0,0.0,0.0,2,1,2,0.0,0.0,100.0,,,0,0,0,ncbi_only,Eukaryota,0.0
Epirrita,0,0,0.0,0.0,2,1,2,0.0,0.0,100.0,,,0,0,0,ncbi_only,Eukaryota,0.0
Encrasicholina,0,0,0.0,0.0,2,2,2,0.0,0.01,100.0,,,0,0,0,ncbi_only,Eukaryota,0.0
Spizaetus,0,0,0.0,0.0,2,2,2,0.0,0.01,100.0,,,0,0,0,ncbi_only,Eukaryota,0.0
Enoplosus,0,0,0.0,0.0,2,1,2,0.0,0.0,100.0,,,0,0,0,ncbi_only,Eukaryota,0.0
Entomophthora,0,0,0.0,0.0,2,1,2,0.0,0.0,100.0,,,0,0,0,ncbi_only,Eukaryota,0.0
Entomyzon,0,0,0.0,0.0,2,1,2,0.0,0.0,100.0,,,0,0,0,ncbi_only,Eukaryota,0.0
Enicognathus,0,0,0.0,0.0,2,2,2,0.0,0.01,100.0,,,0,0,0,ncbi_only,Eukaryota,0.0
Entosphenus,0,0,0.0,0.0,2,1,2,0.0,0.0,100.0,,,0,0,0,ncbi_only,Eukaryota,0.0
Engraulis,0,0,0.0,0.0,2,2,2,0.0,0.01,100.0,,,0,0,0,ncbi_only,Eukaryota,0.0
Spirocerca,0,0,0.0,0.0,2,1,2,0.0,0.0,100.0,,,0,0,0,ncbi_only,Eukaryota,0.0
Eolophus,0,0,0.0,0.0,2,1,2,0.0,0.0,100.0,,,0,0,0,ncbi_only,Eukaryota,0.0
Eopsaltria,0,0,0.0,0.0,2,1,2,0.0,0.0,100.0,,,0,0,0,ncbi_only,Eukaryota,0.0
Endromis,0,0,0.0,0.0,2,1,2,0.0,0.0,100.0,,,0,0,0,ncbi_only,Eukaryota,0.0
Epermenia,0,0,0.0,0.0,2,1,2,0.0,0.0,100.0,,,0,0,0,ncbi_only,Eukaryota,0.0
Ephemera,0,0,0.0,0.0,2,2,2,0.0,0.01,100.0,,,0,0,0,ncbi_only,Eukaryota,0.0
Endotricha,0,0,0.0,0.0,2,1,2,0.0,0.0,100.0,,,0,0,0,ncbi_only,Eukaryota,0.0
Ephialtes,0,0,0.0,0.0,2,1,2,0.0,0.0,100.0,,,0,0,0,ncbi_only,Eukaryota,0.0
Endomychus,0,0,0.0,0.0,2,1,2,0.0,0.0,100.0,,,0,0,0,ncbi_only,Eukaryota,0.0
Epicampocera,0,0,0.0,0.0,2,1,2,0.0,0.0,100.0,,,0,0,0,ncbi_only,Eukaryota,0.0
Endoconidiophora,0,0,0.0,0.0,2,2,2,0.0,0.01,100.0,,,0,0,0,ncbi_only,Eukaryota,0.0
Spinibarbus,0,0,0.0,0.0,2,1,2,0.0,0.0,100.0,,,0,0,0,ncbi_only,Eukaryota,0.0
Epilobium,0,0,0.0,0.0,2,1,2,0.0,0.0,100.0,,,0,0,0,ncbi_only,Eukaryota,0.0
Epione,0,0,0.0,0.0,2,1,2,0.0,0.0,100.0,,,0,0,0,ncbi_only,Eukaryota,0.0
Spinachia,0,0,0.0,0.0,2,1,2,0.0,0.0,100.0,,,0,0,0,ncbi_only,Eukaryota,0.0
Epiphyas,0,0,0.0,0.0,2,1,2,0.0,0.0,100.0,,,0,0,0,ncbi_only,Eukaryota,0.0
Eriophorum,0,0,0.0,0.0,2,1,2,0.0,0.0,100.0,,,0,0,0,ncbi_only,Eukaryota,0.0
Elmis,0,0,0.0,0.0,2,1,2,0.0,0.0,100.0,,,0,0,0,ncbi_only,Eukaryota,0.0
Euonymus,0,0,0.0,0.0,2,1,2,0.0,0.0,100.0,,,0,0,0,ncbi_only,Eukaryota,0.0
Eira,0,0,0.0,0.0,2,1,2,0.0,0.0,100.0,,,0,0,0,ncbi_only,Eukaryota,0.0
Sphaerolaimus,0,0,0.0,0.0,2,1,2,0.0,0.0,100.0,,,0,0,0,ncbi_only,Eukaryota,0.0
Euclidia,0,0,0.0,0.0,2,1,2,0.0,0.0,100.0,,,0,0,0,ncbi_only,Eukaryota,0.0
Eucommia,0,0,0.0,0.0,2,1,2,0.0,0.0,100.0,,,0,0,0,ncbi_only,Eukaryota,0.0
Sphaerodactylus,0,0,0.0,0.0,2,2,2,0.0,0.01,100.0,,,0,0,0,ncbi_only,Eukaryota,0.0
Eucryptorrhynchus,0,0,0.0,0.0,2,2,2,0.0,0.01,100.0,,,0,0,0,ncbi_only,Eukaryota,0.0
Eucyclogobius,0,0,0.0,0.0,2,1,2,0.0,0.0,100.0,,,0,0,0,ncbi_only,Eukaryota,0.0
Eudasyphora,0,0,0.0,0.0,2,1,2,0.0,0.0,100.0,,,0,0,0,ncbi_only,Eukaryota,0.0
Eudemis,0,0,0.0,0.0,2,1,2,0.0,0.0,100.0,,,0,0,0,ncbi_only,Eukaryota,0.0
Elaeidobius,0,0,0.0,0.0,2,1,2,0.0,0.0,100.0,,,0,0,0,ncbi_only,Eukaryota,0.0
Elaeagnus,0,0,0.0,0.0,2,2,2,0.0,0.01,100.0,,,0,0,0,ncbi_only,Eukaryota,0.0
Eudorina,0,0,0.0,0.0,2,1,2,0.0,0.0,100.0,,,0,0,0,ncbi_only,Eukaryota,0.0
Squaliobarbus,0,0,0.0,0.0,2,1,2,0.0,0.0,100.0,,,0,0,0,ncbi_only,Eukaryota,0.0
Eisenia,0,0,0.0,0.0,2,1,2,0.0,0.0,100.0,,,0,0,0,ncbi_only,Eukaryota,0.0
Sphaerium,0,0,0.0,0.0,2,1,2,0.0,0.0,100.0,,,0,0,0,ncbi_only,Eukaryota,0.0
Erpetoichthys,0,0,0.0,0.0,2,1,2,0.0,0.0,100.0,,,0,0,0,ncbi_only,Eukaryota,0.0
Squalus,0,0,0.0,0.0,2,2,2,0.0,0.01,100.0,,,0,0,0,ncbi_only,Eukaryota,0.0
Eidolon,0,0,0.0,0.0,2,2,2,0.0,0.01,100.0,,,0,0,0,ncbi_only,Eukaryota,0.0
Eugnorisma,0,0,0.0,0.0,2,1,2,0.0,0.0,100.0,,,0,0,0,ncbi_only,Eukaryota,0.0
Sphaeridia,0,0,0.0,0.0,2,1,2,0.0,0.0,100.0,,,0,0,0,ncbi_only,Eukaryota,0.0
Euleptes,0,0,0.0,0.0,2,1,2,0.0,0.0,100.0,,,0,0,0,ncbi_only,Eukaryota,0.0
Ehretia,0,0,0.0,0.0,2,1,2,0.0,0.0,100.0,,,0,0,0,ncbi_only,Eukaryota,0.0
Eumandya,0,0,0.0,0.0,2,1,2,0.0,0.0,100.0,,,0,0,0,ncbi_only,Eukaryota,0.0
Eumedonia,0,0,0.0,0.0,2,1,2,0.0,0.0,100.0,,,0,0,0,ncbi_only,Eukaryota,0.0
Eumerus,0,0,0.0,0.0,2,1,2,0.0,0.0,100.0,,,0,0,0,ncbi_only,Eukaryota,0.0
Eumicrotremus,0,0,0.0,0.0,2,1,2,0.0,0.0,100.0,,,0,0,0,ncbi_only,Eukaryota,0.0
Eunapius,0,0,0.0,0.0,2,1,2,0.0,0.0,100.0,,,0,0,0,ncbi_only,Eukaryota,0.0
Eunicea,0,0,0.0,0.0,2,1,2,0.0,0.0,100.0,,,0,0,0,ncbi_only,Eukaryota,0.0
Euchoeca,0,0,0.0,0.0,2,1,2,0.0,0.0,100.0,,,0,0,0,ncbi_only,Eukaryota,0.0
Euchalcia,0,0,0.0,0.0,2,1,2,0.0,0.0,100.0,,,0,0,0,ncbi_only,Eukaryota,0.0
Spratelloides,0,0,0.0,0.0,2,2,2,0.0,0.01,100.0,,,0,0,0,ncbi_only,Eukaryota,0.0
Elanus,0,0,0.0,0.0,2,2,2,0.0,0.01,100.0,,,0,0,0,ncbi_only,Eukaryota,0.0
Erpobdella,0,0,0.0,0.0,2,1,2,0.0,0.0,100.0,,,0,0,0,ncbi_only,Eukaryota,0.0
Ellipsomyxa,0,0,0.0,0.0,2,2,2,0.0,0.01,100.0,,,0,0,0,ncbi_only,Eukaryota,0.0
Elgaria,0,0,0.0,0.0,2,1,2,0.0,0.0,100.0,,,0,0,0,ncbi_only,Eukaryota,0.0
Eleutheronema,0,0,0.0,0.0,2,1,2,0.0,0.0,100.0,,,0,0,0,ncbi_only,Eukaryota,0.0
Erythrobasidium,0,0,0.0,0.0,2,2,2,0.0,0.01,100.0,,,0,0,0,ncbi_only,Eukaryota,0.0
Erythrophleum,0,0,0.0,0.0,2,2,2,0.0,0.01,100.0,,,0,0,0,ncbi_only,Eukaryota,0.0
Elephantulus,0,0,0.0,0.0,2,1,2,0.0,0.0,100.0,,,0,0,0,ncbi_only,Eukaryota,0.0
Escallonia,0,0,0.0,0.0,2,2,2,0.0,0.01,100.0,,,0,0,0,ncbi_only,Eukaryota,0.0
Escarpia,0,0,0.0,0.0,2,1,2,0.0,0.0,100.0,,,0,0,0,ncbi_only,Eukaryota,0.0
Elegia,0,0,0.0,0.0,2,1,2,0.0,0.0,100.0,,,0,0,0,ncbi_only,Eukaryota,0.0
Eledone,0,0,0.0,0.0,2,1,2,0.0,0.0,100.0,,,0,0,0,ncbi_only,Eukaryota,0.0
Esperia,0,0,0.0,0.0,2,1,2,0.0,0.0,100.0,,,0,0,0,ncbi_only,Eukaryota,0.0
Eledona,0,0,0.0,0.0,2,1,2,0.0,0.0,100.0,,,0,0,0,ncbi_only,Eukaryota,0.0
Sphenella,0,0,0.0,0.0,2,1,2,0.0,0.0,100.0,,,0,0,0,ncbi_only,Eukaryota,0.0
Sphecodes,0,0,0.0,0.0,2,2,2,0.0,0.01,100.0,,,0,0,0,ncbi_only,Eukaryota,0.0
Spheciospongia,0,0,0.0,0.0,2,1,2,0.0,0.0,100.0,,,0,0,0,ncbi_only,Eukaryota,0.0
Electrophaes,0,0,0.0,0.0,2,1,2,0.0,0.0,100.0,,,0,0,0,ncbi_only,Eukaryota,0.0
Electrona,0,0,0.0,0.0,2,1,2,0.0,0.0,100.0,,,0,0,0,ncbi_only,Eukaryota,0.0
Ethmia,0,0,0.0,0.0,2,1,2,0.0,0.0,100.0,,,0,0,0,ncbi_only,Eukaryota,0.0
Sphaerularia,0,0,0.0,0.0,2,1,2,0.0,0.0,100.0,,,0,0,0,ncbi_only,Eukaryota,0.0
Elaphurus,0,0,0.0,0.0,2,1,2,0.0,0.0,100.0,,,0,0,0,ncbi_only,Eukaryota,0.0
Etroplus,0,0,0.0,0.0,2,2,2,0.0,0.01,100.0,,,0,0,0,ncbi_only,Eukaryota,0.0
Elaphria,0,0,0.0,0.0,2,1,2,0.0,0.0,100.0,,,0,0,0,ncbi_only,Eukaryota,0.0
Eubasilissa,0,0,0.0,0.0,2,2,2,0.0,0.01,100.0,,,0,0,0,ncbi_only,Eukaryota,0.0
Eublemma,0,0,0.0,0.0,2,1,2,0.0,0.0,100.0,,,0,0,0,ncbi_only,Eukaryota,0.0
Smutsia,0,0,0.0,0.0,2,2,2,0.0,0.01,100.0,,,0,0,0,ncbi_only,Eukaryota,0.0
Doris,0,0,0.0,0.0,2,2,2,0.0,0.01,100.0,,,0,0,0,ncbi_only,Eukaryota,0.0
Gonepteryx,0,0,0.0,0.0,2,1,2,0.0,0.0,100.0,,,0,0,0,ncbi_only,Eukaryota,0.0
Geothlypis,0,0,0.0,0.0,2,1,2,0.0,0.0,100.0,,,0,0,0,ncbi_only,Eukaryota,0.0
Succisa,0,0,0.0,0.0,2,1,2,0.0,0.0,100.0,,,0,0,0,ncbi_only,Eukaryota,0.0
Silvanus,0,0,0.0,0.0,2,1,2,0.0,0.0,100.0,,,0,0,0,ncbi_only,Eukaryota,0.0
Geomyza,0,0,0.0,0.0,2,1,2,0.0,0.0,100.0,,,0,0,0,ncbi_only,Eukaryota,0.0
Desarmillaria,0,0,0.0,0.0,2,2,2,0.0,0.01,100.0,,,0,0,0,ncbi_only,Eukaryota,0.0
Geotria,0,0,0.0,0.0,2,1,2,0.0,0.0,100.0,,,0,0,0,ncbi_only,Eukaryota,0.0
Geotrupes,0,0,0.0,0.0,2,1,2,0.0,0.0,100.0,,,0,0,0,ncbi_only,Eukaryota,0.0
Geotrypetes,0,0,0.0,0.0,2,1,2,0.0,0.0,100.0,,,0,0,0,ncbi_only,Eukaryota,0.0
Dermatocarpon,0,0,0.0,0.0,2,2,0,0.0,0.01,0.0,,,0,0,0,ncbi_only,Eukaryota,0.0
Dentiscutata,0,0,0.0,0.0,2,2,2,0.0,0.01,100.0,,,0,0,0,ncbi_only,Eukaryota,0.0
Dentipellis,0,0,0.0,0.0,2,2,2,0.0,0.01,100.0,,,0,0,0,ncbi_only,Eukaryota,0.0
Germaria,0,0,0.0,0.0,2,1,2,0.0,0.0,100.0,,,0,0,0,ncbi_only,Eukaryota,0.0
Sideroxylon,0,0,0.0,0.0,2,1,2,0.0,0.0,100.0,,,0,0,0,ncbi_only,Eukaryota,0.0
Denticollis,0,0,0.0,0.0,2,1,2,0.0,0.0,100.0,,,0,0,0,ncbi_only,Eukaryota,0.0
Denticeps,0,0,0.0,0.0,2,1,2,0.0,0.0,100.0,,,0,0,0,ncbi_only,Eukaryota,0.0
Geukensia,0,0,0.0,0.0,2,2,2,0.0,0.01,100.0,,,0,0,0,ncbi_only,Eukaryota,0.0
Genista,0,0,0.0,0.0,2,1,2,0.0,0.0,100.0,,,0,0,0,ncbi_only,Eukaryota,0.0
Silybum,0,0,0.0,0.0,2,1,2,0.0,0.0,100.0,,,0,0,0,ncbi_only,Eukaryota,0.0
Garra,0,0,0.0,0.0,2,2,2,0.0,0.01,100.0,,,0,0,0,ncbi_only,Eukaryota,0.0
Stylosanthes,0,0,0.0,0.0,2,2,2,0.0,0.01,100.0,,,0,0,0,ncbi_only,Eukaryota,0.0
Gasteruption,0,0,0.0,0.0,2,1,2,0.0,0.0,100.0,,,0,0,0,ncbi_only,Eukaryota,0.0
Gastracanthus,0,0,0.0,0.0,2,1,2,0.0,0.0,100.0,,,0,0,0,ncbi_only,Eukaryota,0.0
Gastrodia,0,0,0.0,0.0,2,1,2,0.0,0.0,100.0,,,0,0,0,ncbi_only,Eukaryota,0.0
Gastrolobium,0,0,0.0,0.0,2,2,2,0.0,0.01,100.0,,,0,0,0,ncbi_only,Eukaryota,0.0
Gastrophysa,0,0,0.0,0.0,2,1,2,0.0,0.0,100.0,,,0,0,0,ncbi_only,Eukaryota,0.0
Diadegma,0,0,0.0,0.0,2,2,2,0.0,0.01,100.0,,,0,0,0,ncbi_only,Eukaryota,0.0
Diacronema,0,0,0.0,0.0,2,1,2,0.0,0.0,100.0,,,0,0,0,ncbi_only,Eukaryota,0.0
Diachrysia,0,0,0.0,0.0,2,1,2,0.0,0.0,100.0,,,0,0,0,ncbi_only,Eukaryota,0.0
Gegenes,0,0,0.0,0.0,2,1,2,0.0,0.0,100.0,,,0,0,0,ncbi_only,Eukaryota,0.0
Diacarnus,0,0,0.0,0.0,2,1,2,0.0,0.0,100.0,,,0,0,0,ncbi_only,Eukaryota,0.0
Diacamma,0,0,0.0,0.0,2,2,2,0.0,0.01,100.0,,,0,0,0,ncbi_only,Eukaryota,0.0
Gekko,0,0,0.0,0.0,2,2,2,0.0,0.01,100.0,,,0,0,0,ncbi_only,Eukaryota,0.0
Dexiosoma,0,0,0.0,0.0,2,1,2,0.0,0.0,100.0,,,0,0,0,ncbi_only,Eukaryota,0.0
Suaeda,0,0,0.0,0.0,2,2,2,0.0,0.01,100.0,,,0,0,0,ncbi_only,Eukaryota,0.0
Gelis,0,0,0.0,0.0,2,1,2,0.0,0.0,100.0,,,0,0,0,ncbi_only,Eukaryota,0.0
Subacronicta,0,0,0.0,0.0,2,1,2,0.0,0.0,100.0,,,0,0,0,ncbi_only,Eukaryota,0.0
Suberites,0,0,0.0,0.0,2,1,2,0.0,0.0,100.0,,,0,0,0,ncbi_only,Eukaryota,0.0
Geminigera,0,0,0.0,0.0,2,1,0,0.0,0.0,0.0,,,0,0,0,ncbi_only,Eukaryota,0.0
Detonula,0,0,0.0,0.0,2,1,2,0.0,0.0,100.0,,,0,0,0,ncbi_only,Eukaryota,0.0
Simalia,0,0,0.0,0.0,2,2,2,0.0,0.01,100.0,,,0,0,0,ncbi_only,Eukaryota,0.0
Gibbaranea,0,0,0.0,0.0,2,1,2,0.0,0.0,100.0,,,0,0,0,ncbi_only,Eukaryota,0.0
Gnathonemus,0,0,0.0,0.0,2,2,2,0.0,0.01,100.0,,,0,0,0,ncbi_only,Eukaryota,0.0
Glomus,0,0,0.0,0.0,2,1,2,0.0,0.0,100.0,,,0,0,0,ncbi_only,Eukaryota,0.0
Glossophaga,0,0,0.0,0.0,2,1,2,0.0,0.0,100.0,,,0,0,0,ncbi_only,Eukaryota,0.0
Glossosoma,0,0,0.0,0.0,2,1,2,0.0,0.0,100.0,,,0,0,0,ncbi_only,Eukaryota,0.0
Glutinoglossum,0,0,0.0,0.0,2,1,2,0.0,0.0,100.0,,,0,0,0,ncbi_only,Eukaryota,0.0
Decapterus,0,0,0.0,0.0,2,1,2,0.0,0.0,100.0,,,0,0,0,ncbi_only,Eukaryota,0.0
Glycyrrhiza,0,0,0.0,0.0,2,1,2,0.0,0.0,100.0,,,0,0,0,ncbi_only,Eukaryota,0.0
Glyphotaelius,0,0,0.0,0.0,2,1,2,0.0,0.0,100.0,,,0,0,0,ncbi_only,Eukaryota,0.0
Glyptemys,0,0,0.0,0.0,2,1,2,0.0,0.0,100.0,,,0,0,0,ncbi_only,Eukaryota,0.0
Gnaphalium,0,0,0.0,0.0,2,1,2,0.0,0.0,100.0,,,0,0,0,ncbi_only,Eukaryota,0.0
Shiraia,0,0,0.0,0.0,2,2,2,0.0,0.01,100.0,,,0,0,0,ncbi_only,Eukaryota,0.0
Dendronotus,0,0,0.0,0.0,2,2,2,0.0,0.01,100.0,,,0,0,0,ncbi_only,Eukaryota,0.0
Gnatocerus,0,0,0.0,0.0,2,1,2,0.0,0.0,100.0,,,0,0,0,ncbi_only,Eukaryota,0.0
Gobiocypris,0,0,0.0,0.0,2,1,2,0.0,0.0,100.0,,,0,0,0,ncbi_only,Eukaryota,0.0
Gobionotothen,0,0,0.0,0.0,2,1,2,0.0,0.0,100.0,,,0,0,0,ncbi_only,Eukaryota,0.0
Gobius,0,0,0.0,0.0,2,1,2,0.0,0.0,100.0,,,0,0,0,ncbi_only,Eukaryota,0.0
Dasypolia,0,0,0.0,0.0,2,1,2,0.0,0.0,100.0,,,0,0,0,ncbi_only,Eukaryota,0.0
Gomalia,0,0,0.0,0.0,2,1,2,0.0,0.0,100.0,,,0,0,0,ncbi_only,Eukaryota,0.0
Gomphus,0,0,0.0,0.0,2,2,2,0.0,0.01,100.0,,,0,0,0,ncbi_only,Eukaryota,0.0
Gonapodya,0,0,0.0,0.0,2,2,2,0.0,0.01,100.0,,,0,0,0,ncbi_only,Eukaryota,0.0
Gloeostereum,0,0,0.0,0.0,2,1,2,0.0,0.0,100.0,,,0,0,0,ncbi_only,Eukaryota,0.0
Gibbula,0,0,0.0,0.0,2,1,0,0.0,0.0,0.0,,,0,0,0,ncbi_only,Eukaryota,0.0
Dendrocygna,0,0,0.0,0.0,2,2,2,0.0,0.01,100.0,,,0,0,0,ncbi_only,Eukaryota,0.0
Gilbertella,0,0,0.0,0.0,2,1,2,0.0,0.0,100.0,,,0,0,0,ncbi_only,Eukaryota,0.0
Dendrocincla,0,0,0.0,0.0,2,2,2,0.0,0.01,100.0,,,0,0,0,ncbi_only,Eukaryota,0.0
Dendrocalamus,0,0,0.0,0.0,2,2,2,0.0,0.01,100.0,,,0,0,0,ncbi_only,Eukaryota,0.0
Suncus,0,0,0.0,0.0,2,1,2,0.0,0.0,100.0,,,0,0,0,ncbi_only,Eukaryota,0.0
Sicus,0,0,0.0,0.0,2,1,2,0.0,0.0,100.0,,,0,0,0,ncbi_only,Eukaryota,0.0
Sungouiozyma,0,0,0.0,0.0,2,2,2,0.0,0.01,100.0,,,0,0,0,ncbi_only,Eukaryota,0.0
Sibynophis,0,0,0.0,0.0,2,2,2,0.0,0.01,100.0,,,0,0,0,ncbi_only,Eukaryota,0.0
Glacies,0,0,0.0,0.0,2,1,2,0.0,0.0,100.0,,,0,0,0,ncbi_only,Eukaryota,0.0
Glaciozyma,0,0,0.0,0.0,2,2,2,0.0,0.01,100.0,,,0,0,0,ncbi_only,Eukaryota,0.0
Suricata,0,0,0.0,0.0,2,1,2,0.0,0.0,100.0,,,0,0,0,ncbi_only,Eukaryota,0.0
Glarea,0,0,0.0,0.0,2,1,2,0.0,0.0,100.0,,,0,0,0,ncbi_only,Eukaryota,0.0
Delichon,0,0,0.0,0.0,2,2,2,0.0,0.01,100.0,,,0,0,0,ncbi_only,Eukaryota,0.0
Gliophorus,0,0,0.0,0.0,2,1,2,0.0,0.0,100.0,,,0,0,0,ncbi_only,Eukaryota,0.0
Shuja,0,0,0.0,0.0,2,1,2,0.0,0.0,100.0,,,0,0,0,ncbi_only,Eukaryota,0.0
Globia,0,0,0.0,0.0,2,1,2,0.0,0.0,100.0,,,0,0,0,ncbi_only,Eukaryota,0.0
Globomyces,0,0,0.0,0.0,2,2,2,0.0,0.01,100.0,,,0,0,0,ncbi_only,Eukaryota,0.0
Gari,0,0,0.0,0.0,2,1,2,0.0,0.0,100.0,,,0,0,0,ncbi_only,Eukaryota,0.0
Stictonetta,0,0,0.0,0.0,2,1,2,0.0,0.0,100.0,,,0,0,0,ncbi_only,Eukaryota,0.0
Diploschistes,0,0,0.0,0.0,2,2,0,0.0,0.01,0.0,,,0,0,0,ncbi_only,Eukaryota,0.0
Dircenna,0,0,0.0,0.0,2,1,2,0.0,0.0,100.0,,,0,0,0,ncbi_only,Eukaryota,0.0
Fowlea,0,0,0.0,0.0,2,2,2,0.0,0.01,100.0,,,0,0,0,ncbi_only,Eukaryota,0.0
Fowleria,0,0,0.0,0.0,2,2,2,0.0,0.01,100.0,,,0,0,0,ncbi_only,Eukaryota,0.0
Dipteronia,0,0,0.0,0.0,2,2,2,0.0,0.01,100.0,,,0,0,0,ncbi_only,Eukaryota,0.0
Fragilaria,0,0,0.0,0.0,2,2,2,0.0,0.01,100.0,,,0,0,0,ncbi_only,Eukaryota,0.0
Diplotaxodon,0,0,0.0,0.0,2,1,2,0.0,0.0,100.0,,,0,0,0,ncbi_only,Eukaryota,0.0
Diplostomum,0,0,0.0,0.0,2,2,2,0.0,0.01,100.0,,,0,0,0,ncbi_only,Eukaryota,0.0
Diplosoma,0,0,0.0,0.0,2,1,2,0.0,0.0,100.0,,,0,0,0,ncbi_only,Eukaryota,0.0
Sisymbrium,0,0,0.0,0.0,2,2,2,0.0,0.01,100.0,,,0,0,0,ncbi_only,Eukaryota,0.0
Sitta,0,0,0.0,0.0,2,2,2,0.0,0.01,100.0,,,0,0,0,ncbi_only,Eukaryota,0.0
Fremontodendron,0,0,0.0,0.0,2,1,2,0.0,0.0,100.0,,,0,0,0,ncbi_only,Eukaryota,0.0
Sitophilus,0,0,0.0,0.0,2,2,2,0.0,0.01,100.0,,,0,0,0,ncbi_only,Eukaryota,0.0
Stratiolaelaps,0,0,0.0,0.0,2,2,2,0.0,0.01,100.0,,,0,0,0,ncbi_only,Eukaryota,0.0
Stratiomys,0,0,0.0,0.0,2,1,2,0.0,0.0,100.0,,,0,0,0,ncbi_only,Eukaryota,0.0
Sitona,0,0,0.0,0.0,2,1,2,0.0,0.0,100.0,,,0,0,0,ncbi_only,Eukaryota,0.0
Sitodiplosis,0,0,0.0,0.0,2,1,2,0.0,0.0,100.0,,,0,0,0,ncbi_only,Eukaryota,0.0
Frieseomelitta,0,0,0.0,0.0,2,1,2,0.0,0.0,100.0,,,0,0,0,ncbi_only,Eukaryota,0.0
Diplodus,0,0,0.0,0.0,2,2,2,0.0,0.01,100.0,,,0,0,0,ncbi_only,Eukaryota,0.0
Diplazon,0,0,0.0,0.0,2,1,2,0.0,0.0,100.0,,,0,0,0,ncbi_only,Eukaryota,0.0
Dioryctria,0,0,0.0,0.0,2,1,2,0.0,0.0,100.0,,,0,0,0,ncbi_only,Eukaryota,0.0
Diophrys,0,0,0.0,0.0,2,2,2,0.0,0.01,100.0,,,0,0,0,ncbi_only,Eukaryota,0.0
Chloromyia,0,0,0.0,0.0,2,1,2,0.0,0.0,100.0,,,0,0,0,ncbi_only,Eukaryota,0.0
Foetorepus,0,0,0.0,0.0,2,1,2,0.0,0.0,100.0,,,0,0,0,ncbi_only,Eukaryota,0.0
Stomatorhinus,0,0,0.0,0.0,2,2,2,0.0,0.01,100.0,,,0,0,0,ncbi_only,Eukaryota,0.0
Fomes,0,0,0.0,0.0,2,1,2,0.0,0.0,100.0,,,0,0,0,ncbi_only,Eukaryota,0.0
Stomorhina,0,0,0.0,0.0,2,1,2,0.0,0.0,100.0,,,0,0,0,ncbi_only,Eukaryota,0.0
Dispira,0,0,0.0,0.0,2,2,2,0.0,0.01,100.0,,,0,0,0,ncbi_only,Eukaryota,0.0
Forbesichthys,0,0,0.0,0.0,2,2,2,0.0,0.01,100.0,,,0,0,0,ncbi_only,Eukaryota,0.0
Forcipomyia,0,0,0.0,0.0,2,1,2,0.0,0.0,100.0,,,0,0,0,ncbi_only,Eukaryota,0.0
Diogma,0,0,0.0,0.0,2,1,2,0.0,0.0,100.0,,,0,0,0,ncbi_only,Eukaryota,0.0
Dianthus,0,0,0.0,0.0,2,1,2,0.0,0.0,100.0,,,0,0,0,ncbi_only,Eukaryota,0.0
Dicheirus,0,0,0.0,0.0,2,1,2,0.0,0.0,100.0,,,0,0,0,ncbi_only,Eukaryota,0.0
Galeopterus,0,0,0.0,0.0,2,1,2,0.0,0.0,100.0,,,0,0,0,ncbi_only,Eukaryota,0.0
Dicrurus,0,0,0.0,0.0,2,2,2,0.0,0.01,100.0,,,0,0,0,ncbi_only,Eukaryota,0.0
Galeruca,0,0,0.0,0.0,2,1,2,0.0,0.0,100.0,,,0,0,0,ncbi_only,Eukaryota,0.0
Dicorynia,0,0,0.0,0.0,2,1,2,0.0,0.0,100.0,,,0,0,0,ncbi_only,Eukaryota,0.0
Gallinula,0,0,0.0,0.0,2,1,2,0.0,0.0,100.0,,,0,0,0,ncbi_only,Eukaryota,0.0
Singerocomus,0,0,0.0,0.0,2,2,2,0.0,0.01,100.0,,,0,0,0,ncbi_only,Eukaryota,0.0
Dibamus,0,0,0.0,0.0,2,1,2,0.0,0.0,100.0,,,0,0,0,ncbi_only,Eukaryota,0.0
Dibaeis,0,0,0.0,0.0,2,2,0,0.0,0.01,0.0,,,0,0,0,ncbi_only,Eukaryota,0.0
Diatraea,0,0,0.0,0.0,2,1,2,0.0,0.0,100.0,,,0,0,0,ncbi_only,Eukaryota,0.0
Sinella,0,0,0.0,0.0,2,1,2,0.0,0.0,100.0,,,0,0,0,ncbi_only,Eukaryota,0.0
Gamsiella,0,0,0.0,0.0,2,1,2,0.0,0.0,100.0,,,0,0,0,ncbi_only,Eukaryota,0.0
Diaphora,0,0,0.0,0.0,2,1,2,0.0,0.0,100.0,,,0,0,0,ncbi_only,Eukaryota,0.0
Gandaritis,0,0,0.0,0.0,2,1,2,0.0,0.0,100.0,,,0,0,0,ncbi_only,Eukaryota,0.0
Diaperis,0,0,0.0,0.0,2,1,2,0.0,0.0,100.0,,,0,0,0,ncbi_only,Eukaryota,0.0
Galeopsis,0,0,0.0,0.0,2,1,2,0.0,0.0,100.0,,,0,0,0,ncbi_only,Eukaryota,0.0
Julus,0,0,0.0,0.0,2,2,2,0.0,0.01,100.0,,,0,0,0,ncbi_only,Eukaryota,0.0
Leptodirus,0,0,0.0,0.0,2,1,2,0.0,0.0,100.0,,,0,0,0,ncbi_only,Eukaryota,0.0
Thalassophryne,0,0,0.0,0.0,2,1,2,0.0,0.0,100.0,,,0,0,0,ncbi_only,Eukaryota,0.0
Thaleichthys,0,0,0.0,0.0,2,1,2,0.0,0.0,100.0,,,0,0,0,ncbi_only,Eukaryota,0.0
Lobosporangium,0,0,0.0,0.0,2,1,2,0.0,0.0,100.0,,,0,0,0,ncbi_only,Eukaryota,0.0
Leptodontidium,0,0,0.0,0.0,2,2,2,0.0,0.01,100.0,,,0,0,0,ncbi_only,Eukaryota,0.0
x Bolboschoenoplectus,0,0,0.0,0.0,1,1,1,0.0,0.0,100.0,,,0,0,0,ncbi_only,Eukaryota,0.0
Lagodon,0,0,0.0,0.0,1,1,1,0.0,0.0,100.0,,,0,0,0,ncbi_only,Eukaryota,0.0
Lagostrophus,0,0,0.0,0.0,1,1,1,0.0,0.0,100.0,,,0,0,0,ncbi_only,Eukaryota,0.0
Lagothrix,0,0,0.0,0.0,1,1,1,0.0,0.0,100.0,,,0,0,0,ncbi_only,Eukaryota,0.0
Laguncularia,0,0,0.0,0.0,1,1,1,0.0,0.0,100.0,,,0,0,0,ncbi_only,Eukaryota,0.0
Lambiella,0,0,0.0,0.0,1,1,0,0.0,0.0,0.0,,,0,0,0,ncbi_only,Eukaryota,0.0
Lamprigera,0,0,0.0,0.0,1,1,1,0.0,0.0,100.0,,,0,0,0,ncbi_only,Eukaryota,0.0
Lamprogrammus,0,0,0.0,0.0,1,1,1,0.0,0.0,100.0,,,0,0,0,ncbi_only,Eukaryota,0.0
Lanice,0,0,0.0,0.0,1,1,1,0.0,0.0,100.0,,,0,0,0,ncbi_only,Eukaryota,0.0
Lanistes,0,0,0.0,0.0,1,1,1,0.0,0.0,100.0,,,0,0,0,ncbi_only,Eukaryota,0.0
Lanzia,0,0,0.0,0.0,1,1,1,0.0,0.0,100.0,,,0,0,0,ncbi_only,Eukaryota,0.0
Lapidomyces,0,0,0.0,0.0,1,1,1,0.0,0.0,100.0,,,0,0,0,ncbi_only,Eukaryota,0.0
Lachnum,0,0,0.0,0.0,1,1,1,0.0,0.0,100.0,,,0,0,0,ncbi_only,Eukaryota,0.0
Kradibia,0,0,0.0,0.0,1,1,1,0.0,0.0,100.0,,,0,0,0,ncbi_only,Eukaryota,0.0
Krasilnikovozyma,0,0,0.0,0.0,1,1,1,0.0,0.0,100.0,,,0,0,0,ncbi_only,Eukaryota,0.0
Kribia,0,0,0.0,0.0,1,1,1,0.0,0.0,100.0,,,0,0,0,ncbi_only,Eukaryota,0.0
Kryphioiulus,0,0,0.0,0.0,1,1,1,0.0,0.0,100.0,,,0,0,0,ncbi_only,Eukaryota,0.0
Khaya,0,0,0.0,0.0,1,1,1,0.0,0.0,100.0,,,0,0,0,ncbi_only,Eukaryota,0.0
Kingdonia,0,0,0.0,0.0,1,1,1,0.0,0.0,100.0,,,0,0,0,ncbi_only,Eukaryota,0.0
Kinnapotiguara,0,0,0.0,0.0,1,1,1,0.0,0.0,100.0,,,0,0,0,ncbi_only,Eukaryota,0.0
Kewa,0,0,0.0,0.0,1,1,1,0.0,0.0,100.0,,,0,0,0,ncbi_only,Eukaryota,0.0
Kipferlia,0,0,0.0,0.0,1,1,1,0.0,0.0,100.0,,,0,0,0,ncbi_only,Eukaryota,0.0
Kiunga,0,0,0.0,0.0,1,1,1,0.0,0.0,100.0,,,0,0,0,ncbi_only,Eukaryota,0.0
Klebsormidium,0,0,0.0,0.0,1,1,1,0.0,0.0,100.0,,,0,0,0,ncbi_only,Eukaryota,0.0
Knipowitschia,0,0,0.0,0.0,1,1,1,0.0,0.0,100.0,,,0,0,0,ncbi_only,Eukaryota,0.0
Knoxia,0,0,0.0,0.0,1,1,1,0.0,0.0,100.0,,,0,0,0,ncbi_only,Eukaryota,0.0
Kockovaella,0,0,0.0,0.0,1,1,1,0.0,0.0,100.0,,,0,0,0,ncbi_only,Eukaryota,0.0
Kerria,0,0,0.0,0.0,1,1,1,0.0,0.0,100.0,,,0,0,0,ncbi_only,Eukaryota,0.0
Karalla,0,0,0.0,0.0,1,1,1,0.0,0.0,100.0,,,0,0,0,ncbi_only,Eukaryota,0.0
Karstenula,0,0,0.0,0.0,1,1,1,0.0,0.0,100.0,,,0,0,0,ncbi_only,Eukaryota,0.0
Kartidris,0,0,0.0,0.0,1,1,1,0.0,0.0,100.0,,,0,0,0,ncbi_only,Eukaryota,0.0
Kassina,0,0,0.0,0.0,1,1,1,0.0,0.0,100.0,,,0,0,0,ncbi_only,Eukaryota,0.0
Labroides,0,0,0.0,0.0,1,1,1,0.0,0.0,100.0,,,0,0,0,ncbi_only,Eukaryota,0.0
Labidopullus,0,0,0.0,0.0,1,1,1,0.0,0.0,100.0,,,0,0,0,ncbi_only,Eukaryota,0.0
Labidoglobus,0,0,0.0,0.0,1,1,1,0.0,0.0,100.0,,,0,0,0,ncbi_only,Eukaryota,0.0
Labeobarbus,0,0,0.0,0.0,1,1,1,0.0,0.0,100.0,,,0,0,0,ncbi_only,Eukaryota,0.0
Kalmusia,0,0,0.0,0.0,1,1,1,0.0,0.0,100.0,,,0,0,0,ncbi_only,Eukaryota,0.0
Kuschelorhynchus,0,0,0.0,0.0,1,1,1,0.0,0.0,100.0,,,0,0,0,ncbi_only,Eukaryota,0.0
Kalmanozyma,0,0,0.0,0.0,1,1,1,0.0,0.0,100.0,,,0,0,0,ncbi_only,Eukaryota,0.0
Kalathomyrmex,0,0,0.0,0.0,1,1,1,0.0,0.0,100.0,,,0,0,0,ncbi_only,Eukaryota,0.0
Kalanchoe,0,0,0.0,0.0,1,1,1,0.0,0.0,100.0,,,0,0,0,ncbi_only,Eukaryota,0.0
Incilius,0,0,0.0,0.0,1,1,1,0.0,0.0,100.0,,,0,0,0,ncbi_only,Eukaryota,0.0
Indoaustriella,0,0,0.0,0.0,1,1,1,0.0,0.0,100.0,,,0,0,0,ncbi_only,Eukaryota,0.0
Indocalamus,0,0,0.0,0.0,1,1,1,0.0,0.0,100.0,,,0,0,0,ncbi_only,Eukaryota,0.0
Inocutis,0,0,0.0,0.0,1,1,1,0.0,0.0,100.0,,,0,0,0,ncbi_only,Eukaryota,0.0
Immersiella,0,0,0.0,0.0,1,1,1,0.0,0.0,100.0,,,0,0,0,ncbi_only,Eukaryota,0.0
Intellagama,0,0,0.0,0.0,1,1,1,0.0,0.0,100.0,,,0,0,0,ncbi_only,Eukaryota,0.0
Internoretia,0,0,0.0,0.0,1,1,1,0.0,0.0,100.0,,,0,0,0,ncbi_only,Eukaryota,0.0
Intoshia,0,0,0.0,0.0,1,1,1,0.0,0.0,100.0,,,0,0,0,ncbi_only,Eukaryota,0.0
Intubia,0,0,0.0,0.0,1,1,1,0.0,0.0,100.0,,,0,0,0,ncbi_only,Eukaryota,0.0
Invenusta,0,0,0.0,0.0,1,1,1,0.0,0.0,100.0,,,0,0,0,ncbi_only,Eukaryota,0.0
Iodosphaeria,0,0,0.0,0.0,1,1,1,0.0,0.0,100.0,,,0,0,0,ncbi_only,Eukaryota,0.0
Imbricaverruca,0,0,0.0,0.0,1,1,0,0.0,0.0,0.0,,,0,0,0,ncbi_only,Eukaryota,0.0
Ilyodon,0,0,0.0,0.0,1,1,1,0.0,0.0,100.0,,,0,0,0,ncbi_only,Eukaryota,0.0
Hysterium,0,0,0.0,0.0,1,1,1,0.0,0.0,100.0,,,0,0,0,ncbi_only,Eukaryota,0.0
Ia,0,0,0.0,0.0,1,1,1,0.0,0.0,100.0,,,0,0,0,ncbi_only,Eukaryota,0.0
Iberoformica,0,0,0.0,0.0,1,1,1,0.0,0.0,100.0,,,0,0,0,ncbi_only,Eukaryota,0.0
Ibidorhyncha,0,0,0.0,0.0,1,1,1,0.0,0.0,100.0,,,0,0,0,ncbi_only,Eukaryota,0.0
Ibycter,0,0,0.0,0.0,1,1,1,0.0,0.0,100.0,,,0,0,0,ncbi_only,Eukaryota,0.0
Ichthyaetus,0,0,0.0,0.0,1,1,1,0.0,0.0,100.0,,,0,0,0,ncbi_only,Eukaryota,0.0
Ichthyophis,0,0,0.0,0.0,1,1,1,0.0,0.0,100.0,,,0,0,0,ncbi_only,Eukaryota,0.0
Ichthyophonus,0,0,0.0,0.0,1,1,1,0.0,0.0,100.0,,,0,0,0,ncbi_only,Eukaryota,0.0
Icmadophila,0,0,0.0,0.0,1,1,0,0.0,0.0,0.0,,,0,0,0,ncbi_only,Eukaryota,0.0
Ictinia,0,0,0.0,0.0,1,1,1,0.0,0.0,100.0,,,0,0,0,ncbi_only,Eukaryota,0.0
Illadopsis,0,0,0.0,0.0,1,1,1,0.0,0.0,100.0,,,0,0,0,ncbi_only,Eukaryota,0.0
Iguana,0,0,0.0,0.0,1,1,1,0.0,0.0,100.0,,,0,0,0,ncbi_only,Eukaryota,0.0
Ignelater,0,0,0.0,0.0,1,1,1,0.0,0.0,100.0,,,0,0,0,ncbi_only,Eukaryota,0.0
Idris,0,0,0.0,0.0,1,1,1,0.0,0.0,100.0,,,0,0,0,ncbi_only,Eukaryota,0.0
Idotea,0,0,0.0,0.0,1,1,1,0.0,0.0,100.0,,,0,0,0,ncbi_only,Eukaryota,0.0
Idiosepius,0,0,0.0,0.0,1,1,1,0.0,0.0,100.0,,,0,0,0,ncbi_only,Eukaryota,0.0
Iduna,0,0,0.0,0.0,1,1,1,0.0,0.0,100.0,,,0,0,0,ncbi_only,Eukaryota,0.0
Irena,0,0,0.0,0.0,1,1,1,0.0,0.0,100.0,,,0,0,0,ncbi_only,Eukaryota,0.0
Jasminum,0,0,0.0,0.0,1,1,1,0.0,0.0,100.0,,,0,0,0,ncbi_only,Eukaryota,0.0
Jordanella,0,0,0.0,0.0,1,1,1,0.0,0.0,100.0,,,0,0,0,ncbi_only,Eukaryota,0.0
Junco,0,0,0.0,0.0,1,1,1,0.0,0.0,100.0,,,0,0,0,ncbi_only,Eukaryota,0.0
Kaernefeltia,0,0,0.0,0.0,1,1,0,0.0,0.0,0.0,,,0,0,0,ncbi_only,Eukaryota,0.0
Kalaharituber,0,0,0.0,0.0,1,1,1,0.0,0.0,100.0,,,0,0,0,ncbi_only,Eukaryota,0.0
Japetella,0,0,0.0,0.0,1,1,1,0.0,0.0,100.0,,,0,0,0,ncbi_only,Eukaryota,0.0
Jaminaea,0,0,0.0,0.0,1,1,1,0.0,0.0,100.0,,,0,0,0,ncbi_only,Eukaryota,0.0
Iridomyrmex,0,0,0.0,0.0,1,1,1,0.0,0.0,100.0,,,0,0,0,ncbi_only,Eukaryota,0.0
Irineochytrium,0,0,0.0,0.0,1,1,1,0.0,0.0,100.0,,,0,0,0,ncbi_only,Eukaryota,0.0
Isaurus,0,0,0.0,0.0,1,1,1,0.0,0.0,100.0,,,0,0,0,ncbi_only,Eukaryota,0.0
Ischnoderma,0,0,0.0,0.0,1,1,1,0.0,0.0,100.0,,,0,0,0,ncbi_only,Eukaryota,0.0
Ischnus,0,0,0.0,0.0,1,1,1,0.0,0.0,100.0,,,0,0,0,ncbi_only,Eukaryota,0.0
Iselma,0,0,0.0,0.0,1,1,1,0.0,0.0,100.0,,,0,0,0,ncbi_only,Eukaryota,0.0
Isichthys,0,0,0.0,0.0,1,1,1,0.0,0.0,100.0,,,0,0,0,ncbi_only,Eukaryota,0.0
Isochrysis,0,0,0.0,0.0,1,1,1,0.0,0.0,100.0,,,0,0,0,ncbi_only,Eukaryota,0.0
Isohypsibius,0,0,0.0,0.0,1,1,1,0.0,0.0,100.0,,,0,0,0,ncbi_only,Eukaryota,0.0
Jaltomata,0,0,0.0,0.0,1,1,1,0.0,0.0,100.0,,,0,0,0,ncbi_only,Eukaryota,0.0
Jalmenus,0,0,0.0,0.0,1,1,1,0.0,0.0,100.0,,,0,0,0,ncbi_only,Eukaryota,0.0
Jaenimonas,0,0,0.0,0.0,1,1,1,0.0,0.0,100.0,,,0,0,0,ncbi_only,Eukaryota,0.0
Ipnops,0,0,0.0,0.0,1,1,1,0.0,0.0,100.0,,,0,0,0,ncbi_only,Eukaryota,0.0
Jacana,0,0,0.0,0.0,1,1,1,0.0,0.0,100.0,,,0,0,0,ncbi_only,Eukaryota,0.0
Isurus,0,0,0.0,0.0,1,1,1,0.0,0.0,100.0,,,0,0,0,ncbi_only,Eukaryota,0.0
Isopterygiella,0,0,0.0,0.0,1,1,1,0.0,0.0,100.0,,,0,0,0,ncbi_only,Eukaryota,0.0
Jaapia,0,0,0.0,0.0,1,1,1,0.0,0.0,100.0,,,0,0,0,ncbi_only,Eukaryota,0.0
Hysterangium,0,0,0.0,0.0,1,1,1,0.0,0.0,100.0,,,0,0,0,ncbi_only,Eukaryota,0.0
Larvivora,0,0,0.0,0.0,1,1,1,0.0,0.0,100.0,,,0,0,0,ncbi_only,Eukaryota,0.0
Lontra,0,0,0.0,0.0,1,1,1,0.0,0.0,100.0,,,0,0,0,ncbi_only,Eukaryota,0.0
Lophaetus,0,0,0.0,0.0,1,1,1,0.0,0.0,100.0,,,0,0,0,ncbi_only,Eukaryota,0.0
Lophiomys,0,0,0.0,0.0,1,1,1,0.0,0.0,100.0,,,0,0,0,ncbi_only,Eukaryota,0.0
Lophiostoma,0,0,0.0,0.0,1,1,1,0.0,0.0,100.0,,,0,0,0,ncbi_only,Eukaryota,0.0
Lophiotrema,0,0,0.0,0.0,1,1,1,0.0,0.0,100.0,,,0,0,0,ncbi_only,Eukaryota,0.0
Lophium,0,0,0.0,0.0,1,1,1,0.0,0.0,100.0,,,0,0,0,ncbi_only,Eukaryota,0.0
Lophocebus,0,0,0.0,0.0,1,1,1,0.0,0.0,100.0,,,0,0,0,ncbi_only,Eukaryota,0.0
Lophocereus,0,0,0.0,0.0,1,1,1,0.0,0.0,100.0,,,0,0,0,ncbi_only,Eukaryota,0.0
Lophochroa,0,0,0.0,0.0,1,1,1,0.0,0.0,100.0,,,0,0,0,ncbi_only,Eukaryota,0.0
Lophodytes,0,0,0.0,0.0,1,1,1,0.0,0.0,100.0,,,0,0,0,ncbi_only,Eukaryota,0.0
Lophonetta,0,0,0.0,0.0,1,1,1,0.0,0.0,100.0,,,0,0,0,ncbi_only,Eukaryota,0.0
Longipedia,0,0,0.0,0.0,1,1,1,0.0,0.0,100.0,,,0,0,0,ncbi_only,Eukaryota,0.0
Lophophanes,0,0,0.0,0.0,1,1,1,0.0,0.0,100.0,,,0,0,0,ncbi_only,Eukaryota,0.0
Lophotis,0,0,0.0,0.0,1,1,1,0.0,0.0,100.0,,,0,0,0,ncbi_only,Eukaryota,0.0
Lophotriccus,0,0,0.0,0.0,1,1,1,0.0,0.0,100.0,,,0,0,0,ncbi_only,Eukaryota,0.0
Loricariichthys,0,0,0.0,0.0,1,1,1,0.0,0.0,100.0,,,0,0,0,ncbi_only,Eukaryota,0.0
Loriotus,0,0,0.0,0.0,1,1,1,0.0,0.0,100.0,,,0,0,0,ncbi_only,Eukaryota,0.0
Losaria,0,0,0.0,0.0,1,1,1,0.0,0.0,100.0,,,0,0,0,ncbi_only,Eukaryota,0.0
Lotharella,0,0,0.0,0.0,1,1,1,0.0,0.0,100.0,,,0,0,0,ncbi_only,Eukaryota,0.0
Loxodes,0,0,0.0,0.0,1,1,0,0.0,0.0,0.0,,,0,0,0,ncbi_only,Eukaryota,0.0
Loxosceles,0,0,0.0,0.0,1,1,1,0.0,0.0,100.0,,,0,0,0,ncbi_only,Eukaryota,0.0
Lucifuga,0,0,0.0,0.0,1,1,1,0.0,0.0,100.0,,,0,0,0,ncbi_only,Eukaryota,0.0
Lophophora,0,0,0.0,0.0,1,1,1,0.0,0.0,100.0,,,0,0,0,ncbi_only,Eukaryota,0.0
Liometopum,0,0,0.0,0.0,1,1,1,0.0,0.0,100.0,,,0,0,0,ncbi_only,Eukaryota,0.0
Liometoxenus,0,0,0.0,0.0,1,1,1,0.0,0.0,100.0,,,0,0,0,ncbi_only,Eukaryota,0.0
Liostenogaster,0,0,0.0,0.0,1,1,1,0.0,0.0,100.0,,,0,0,0,ncbi_only,Eukaryota,0.0
Lipotes,0,0,0.0,0.0,1,1,1,0.0,0.0,100.0,,,0,0,0,ncbi_only,Eukaryota,0.0
Lippia,0,0,0.0,0.0,1,1,1,0.0,0.0,100.0,,,0,0,0,ncbi_only,Eukaryota,0.0
Liriodendron,0,0,0.0,0.0,1,1,1,0.0,0.0,100.0,,,0,0,0,ncbi_only,Eukaryota,0.0
Lissagria,0,0,0.0,0.0,1,1,0,0.0,0.0,0.0,,,0,0,0,ncbi_only,Eukaryota,0.0
Lissocephala,0,0,0.0,0.0,1,1,1,0.0,0.0,100.0,,,0,0,0,ncbi_only,Eukaryota,0.0
Lissonota,0,0,0.0,0.0,1,1,1,0.0,0.0,100.0,,,0,0,0,ncbi_only,Eukaryota,0.0
Listrodromus,0,0,0.0,0.0,1,1,1,0.0,0.0,100.0,,,0,0,0,ncbi_only,Eukaryota,0.0
Lithochromis,0,0,0.0,0.0,1,1,1,0.0,0.0,100.0,,,0,0,0,ncbi_only,Eukaryota,0.0
Lithothamnion,0,0,0.0,0.0,1,1,1,0.0,0.0,100.0,,,0,0,0,ncbi_only,Eukaryota,0.0
Litocranius,0,0,0.0,0.0,1,1,1,0.0,0.0,100.0,,,0,0,0,ncbi_only,Eukaryota,0.0
Litsea,0,0,0.0,0.0,1,1,1,0.0,0.0,100.0,,,0,0,0,ncbi_only,Eukaryota,0.0
Lizonia,0,0,0.0,0.0,1,1,1,0.0,0.0,100.0,,,0,0,0,ncbi_only,Eukaryota,0.0
Lobulomyces,0,0,0.0,0.0,1,1,1,0.0,0.0,100.0,,,0,0,0,ncbi_only,Eukaryota,0.0
Locustella,0,0,0.0,0.0,1,1,1,0.0,0.0,100.0,,,0,0,0,ncbi_only,Eukaryota,0.0
Lojkania,0,0,0.0,0.0,1,1,1,0.0,0.0,100.0,,,0,0,0,ncbi_only,Eukaryota,0.0
Lomanotus,0,0,0.0,0.0,1,1,1,0.0,0.0,100.0,,,0,0,0,ncbi_only,Eukaryota,0.0
Macroglossus,0,0,0.0,0.0,1,1,1,0.0,0.0,100.0,,,0,0,0,ncbi_only,Eukaryota,0.0
Macropis,0,0,0.0,0.0,1,1,1,0.0,0.0,100.0,,,0,0,0,ncbi_only,Eukaryota,0.0
Macropodium,0,0,0.0,0.0,1,1,1,0.0,0.0,100.0,,,0,0,0,ncbi_only,Eukaryota,0.0
Macroramphosus,0,0,0.0,0.0,1,1,1,0.0,0.0,100.0,,,0,0,0,ncbi_only,Eukaryota,0.0
Macrosaccus,0,0,0.0,0.0,1,1,1,0.0,0.0,100.0,,,0,0,0,ncbi_only,Eukaryota,0.0
Macrosoma,0,0,0.0,0.0,1,1,1,0.0,0.0,100.0,,,0,0,0,ncbi_only,Eukaryota,0.0
Macrosteles,0,0,0.0,0.0,1,1,1,0.0,0.0,100.0,,,0,0,0,ncbi_only,Eukaryota,0.0
Macroteleia,0,0,0.0,0.0,1,1,1,0.0,0.0,100.0,,,0,0,0,ncbi_only,Eukaryota,0.0
Macrotus,0,0,0.0,0.0,1,1,1,0.0,0.0,100.0,,,0,0,0,ncbi_only,Eukaryota,0.0
Macroventuria,0,0,0.0,0.0,1,1,1,0.0,0.0,100.0,,,0,0,0,ncbi_only,Eukaryota,0.0
Madathamugadia,0,0,0.0,0.0,1,1,1,0.0,0.0,100.0,,,0,0,0,ncbi_only,Eukaryota,0.0
Madoqua,0,0,0.0,0.0,1,1,1,0.0,0.0,100.0,,,0,0,0,ncbi_only,Eukaryota,0.0
Madrepora,0,0,0.0,0.0,1,1,1,0.0,0.0,100.0,,,0,0,0,ncbi_only,Eukaryota,0.0
Macrocystidia,0,0,0.0,0.0,1,1,1,0.0,0.0,100.0,,,0,0,0,ncbi_only,Eukaryota,0.0
Malacocephalus,0,0,0.0,0.0,1,1,1,0.0,0.0,100.0,,,0,0,0,ncbi_only,Eukaryota,0.0
Malania,0,0,0.0,0.0,1,1,1,0.0,0.0,100.0,,,0,0,0,ncbi_only,Eukaryota,0.0
Malawimonas,0,0,0.0,0.0,1,1,0,0.0,0.0,0.0,,,0,0,0,ncbi_only,Eukaryota,0.0
Macrochaeta,0,0,0.0,0.0,1,1,1,0.0,0.0,100.0,,,0,0,0,ncbi_only,Eukaryota,0.0
Macrocera,0,0,0.0,0.0,1,1,1,0.0,0.0,100.0,,,0,0,0,ncbi_only,Eukaryota,0.0
Macleaya,0,0,0.0,0.0,1,1,1,0.0,0.0,100.0,,,0,0,0,ncbi_only,Eukaryota,0.0
Lullula,0,0,0.0,0.0,1,1,1,0.0,0.0,100.0,,,0,0,0,ncbi_only,Eukaryota,0.0
Lunasporangiospora,0,0,0.0,0.0,1,1,1,0.0,0.0,100.0,,,0,0,0,ncbi_only,Eukaryota,0.0
Luvunga,0,0,0.0,0.0,1,1,1,0.0,0.0,100.0,,,0,0,0,ncbi_only,Eukaryota,0.0
Lycas,0,0,0.0,0.0,1,1,1,0.0,0.0,100.0,,,0,0,0,ncbi_only,Eukaryota,0.0
Lychnuchoides,0,0,0.0,0.0,1,1,1,0.0,0.0,100.0,,,0,0,0,ncbi_only,Eukaryota,0.0
Lycocerus,0,0,0.0,0.0,1,1,1,0.0,0.0,100.0,,,0,0,0,ncbi_only,Eukaryota,0.0
Lycodes,0,0,0.0,0.0,1,1,1,0.0,0.0,100.0,,,0,0,0,ncbi_only,Eukaryota,0.0
Lydus,0,0,0.0,0.0,1,1,1,0.0,0.0,100.0,,,0,0,0,ncbi_only,Eukaryota,0.0
Lygus,0,0,0.0,0.0,1,1,1,0.0,0.0,100.0,,,0,0,0,ncbi_only,Eukaryota,0.0
Machilis,0,0,0.0,0.0,1,1,1,0.0,0.0,100.0,,,0,0,0,ncbi_only,Eukaryota,0.0
Macheiramphus,0,0,0.0,0.0,1,1,1,0.0,0.0,100.0,,,0,0,0,ncbi_only,Eukaryota,0.0
Machaerirhynchus,0,0,0.0,0.0,1,1,1,0.0,0.0,100.0,,,0,0,0,ncbi_only,Eukaryota,0.0
Macdunnoughia,0,0,0.0,0.0,1,1,1,0.0,0.0,100.0,,,0,0,0,ncbi_only,Eukaryota,0.0
Liolophura,0,0,0.0,0.0,1,1,1,0.0,0.0,100.0,,,0,0,0,ncbi_only,Eukaryota,0.0
Macarthuria,0,0,0.0,0.0,1,1,1,0.0,0.0,100.0,,,0,0,0,ncbi_only,Eukaryota,0.0
Lythrypnus,0,0,0.0,0.0,1,1,1,0.0,0.0,100.0,,,0,0,0,ncbi_only,Eukaryota,0.0
Lysiphlebus,0,0,0.0,0.0,1,1,1,0.0,0.0,100.0,,,0,0,0,ncbi_only,Eukaryota,0.0
Liocarcinus,0,0,0.0,0.0,1,1,1,0.0,0.0,100.0,,,0,0,0,ncbi_only,Eukaryota,0.0
Liobagrus,0,0,0.0,0.0,1,1,1,0.0,0.0,100.0,,,0,0,0,ncbi_only,Eukaryota,0.0
Linurgus,0,0,0.0,0.0,1,1,1,0.0,0.0,100.0,,,0,0,0,ncbi_only,Eukaryota,0.0
Lepidochrysops,0,0,0.0,0.0,1,1,1,0.0,0.0,100.0,,,0,0,0,ncbi_only,Eukaryota,0.0
Lepidocolaptes,0,0,0.0,0.0,1,1,1,0.0,0.0,100.0,,,0,0,0,ncbi_only,Eukaryota,0.0
Lepidocyrtoides,0,0,0.0,0.0,1,1,1,0.0,0.0,100.0,,,0,0,0,ncbi_only,Eukaryota,0.0
Lepidodactylus,0,0,0.0,0.0,1,1,1,0.0,0.0,100.0,,,0,0,0,ncbi_only,Eukaryota,0.0
Lepidodermella,0,0,0.0,0.0,1,1,1,0.0,0.0,100.0,,,0,0,0,ncbi_only,Eukaryota,0.0
Lepidopterella,0,0,0.0,0.0,1,1,1,0.0,0.0,100.0,,,0,0,0,ncbi_only,Eukaryota,0.0
Lepidostoma,0,0,0.0,0.0,1,1,1,0.0,0.0,100.0,,,0,0,0,ncbi_only,Eukaryota,0.0
Lepidothrix,0,0,0.0,0.0,1,1,1,0.0,0.0,100.0,,,0,0,0,ncbi_only,Eukaryota,0.0
Lepidotrigona,0,0,0.0,0.0,1,1,1,0.0,0.0,100.0,,,0,0,0,ncbi_only,Eukaryota,0.0
Lepidozona,0,0,0.0,0.0,1,1,1,0.0,0.0,100.0,,,0,0,0,ncbi_only,Eukaryota,0.0
Lepisiota,0,0,0.0,0.0,1,1,1,0.0,0.0,100.0,,,0,0,0,ncbi_only,Eukaryota,0.0
Lepisma,0,0,0.0,0.0,1,1,1,0.0,0.0,100.0,,,0,0,0,ncbi_only,Eukaryota,0.0
Lepra,0,0,0.0,0.0,1,1,0,0.0,0.0,0.0,,,0,0,0,ncbi_only,Eukaryota,0.0
Leprocaulon,0,0,0.0,0.0,1,1,0,0.0,0.0,0.0,,,0,0,0,ncbi_only,Eukaryota,0.0
Lepidarchus,0,0,0.0,0.0,1,1,1,0.0,0.0,100.0,,,0,0,0,ncbi_only,Eukaryota,0.0
Leptanilla,0,0,0.0,0.0,1,1,1,0.0,0.0,100.0,,,0,0,0,ncbi_only,Eukaryota,0.0
Leptestheria,0,0,0.0,0.0,1,1,1,0.0,0.0,100.0,,,0,0,0,ncbi_only,Eukaryota,0.0
Leptobacillium,0,0,0.0,0.0,1,1,1,0.0,0.0,100.0,,,0,0,0,ncbi_only,Eukaryota,0.0
Leptocoma,0,0,0.0,0.0,1,1,1,0.0,0.0,100.0,,,0,0,0,ncbi_only,Eukaryota,0.0
Leptodeira,0,0,0.0,0.0,1,1,1,0.0,0.0,100.0,,,0,0,0,ncbi_only,Eukaryota,0.0
Leptodermis,0,0,0.0,0.0,1,1,1,0.0,0.0,100.0,,,0,0,0,ncbi_only,Eukaryota,0.0
Leptodon,0,0,0.0,0.0,1,1,1,0.0,0.0,100.0,,,0,0,0,ncbi_only,Eukaryota,0.0
Leptodophora,0,0,0.0,0.0,1,1,1,0.0,0.0,100.0,,,0,0,0,ncbi_only,Eukaryota,0.0
Leptoiulus,0,0,0.0,0.0,1,1,1,0.0,0.0,100.0,,,0,0,0,ncbi_only,Eukaryota,0.0
Leptomastidea,0,0,0.0,0.0,1,1,1,0.0,0.0,100.0,,,0,0,0,ncbi_only,Eukaryota,0.0
Leptometra,0,0,0.0,0.0,1,1,1,0.0,0.0,100.0,,,0,0,0,ncbi_only,Eukaryota,0.0
Leptonema,0,0,0.0,0.0,1,1,3,0.0,0.0,42.86,,,0,0,0,ncbi_only,Eukaryota,0.0
Leptonychotes,0,0,0.0,0.0,1,1,1,0.0,0.0,100.0,,,0,0,0,ncbi_only,Eukaryota,0.0
Leptophis,0,0,0.0,0.0,1,1,1,0.0,0.0,100.0,,,0,0,0,ncbi_only,Eukaryota,0.0
Leptatherina,0,0,0.0,0.0,1,1,1,0.0,0.0,100.0,,,0,0,0,ncbi_only,Eukaryota,0.0
Lepas,0,0,0.0,0.0,1,1,1,0.0,0.0,100.0,,,0,0,0,ncbi_only,Eukaryota,0.0
Leopardus,0,0,0.0,0.0,1,1,1,0.0,0.0,100.0,,,0,0,0,ncbi_only,Eukaryota,0.0
Lasiorhinus,0,0,0.0,0.0,1,1,1,0.0,0.0,100.0,,,0,0,0,ncbi_only,Eukaryota,0.0
Lasiosphaeris,0,0,0.0,0.0,1,1,1,0.0,0.0,100.0,,,0,0,0,ncbi_only,Eukaryota,0.0
Latastia,0,0,0.0,0.0,1,1,1,0.0,0.0,100.0,,,0,0,0,ncbi_only,Eukaryota,0.0
Laudakia,0,0,0.0,0.0,1,1,1,0.0,0.0,100.0,,,0,0,0,ncbi_only,Eukaryota,0.0
Laupala,0,0,0.0,0.0,1,1,1,0.0,0.0,100.0,,,0,0,0,ncbi_only,Eukaryota,0.0
Laurentiella,0,0,0.0,0.0,1,1,1,0.0,0.0,100.0,,,0,0,0,ncbi_only,Eukaryota,0.0
Laurus,0,0,0.0,0.0,1,1,1,0.0,0.0,100.0,,,0,0,0,ncbi_only,Eukaryota,0.0
Leavenworthia,0,0,0.0,0.0,1,1,1,0.0,0.0,100.0,,,0,0,0,ncbi_only,Eukaryota,0.0
Lecidella,0,0,0.0,0.0,1,1,0,0.0,0.0,0.0,,,0,0,0,ncbi_only,Eukaryota,0.0
Lednia,0,0,0.0,0.0,1,1,1,0.0,0.0,100.0,,,0,0,0,ncbi_only,Eukaryota,0.0
Leguminivora,0,0,0.0,0.0,1,1,1,0.0,0.0,100.0,,,0,0,0,ncbi_only,Eukaryota,0.0
Leidyana,0,0,0.0,0.0,1,1,1,0.0,0.0,100.0,,,0,0,0,ncbi_only,Eukaryota,0.0
Leonurus,0,0,0.0,0.0,1,1,1,0.0,0.0,100.0,,,0,0,0,ncbi_only,Eukaryota,0.0
Leonotis,0,0,0.0,0.0,1,1,1,0.0,0.0,100.0,,,0,0,0,ncbi_only,Eukaryota,0.0
Lenzites,0,0,0.0,0.0,1,1,1,0.0,0.0,100.0,,,0,0,0,ncbi_only,Eukaryota,0.0
Lenwebbia,0,0,0.0,0.0,1,1,1,0.0,0.0,100.0,,,0,0,0,ncbi_only,Eukaryota,0.0
Lentithecium,0,0,0.0,0.0,1,1,1,0.0,0.0,100.0,,,0,0,0,ncbi_only,Eukaryota,0.0
Leptoptilos,0,0,0.0,0.0,1,1,1,0.0,0.0,100.0,,,0,0,0,ncbi_only,Eukaryota,0.0
Lenisia,0,0,0.0,0.0,1,1,0,0.0,0.0,0.0,,,0,0,0,ncbi_only,Eukaryota,0.0
Leiothrix,0,0,0.0,0.0,1,1,1,0.0,0.0,100.0,,,0,0,0,ncbi_only,Eukaryota,0.0
Leiothlypis,0,0,0.0,0.0,1,1,1,0.0,0.0,100.0,,,0,0,0,ncbi_only,Eukaryota,0.0
Leiopotherapon,0,0,0.0,0.0,1,1,1,0.0,0.0,100.0,,,0,0,0,ncbi_only,Eukaryota,0.0
Leiognathus,0,0,0.0,0.0,1,1,1,0.0,0.0,100.0,,,0,0,0,ncbi_only,Eukaryota,0.0
Lasaia,0,0,0.0,0.0,1,1,1,0.0,0.0,100.0,,,0,0,0,ncbi_only,Eukaryota,0.0
Leptoseris,0,0,0.0,0.0,1,1,1,0.0,0.0,100.0,,,0,0,0,ncbi_only,Eukaryota,0.0
Leptosphaerulina,0,0,0.0,0.0,1,1,1,0.0,0.0,100.0,,,0,0,0,ncbi_only,Eukaryota,0.0
Lilium,0,0,0.0,0.0,1,1,1,0.0,0.0,100.0,,,0,0,0,ncbi_only,Eukaryota,0.0
Limacina,0,0,0.0,0.0,1,1,1,0.0,0.0,100.0,,,0,0,0,ncbi_only,Eukaryota,0.0
Limeum,0,0,0.0,0.0,1,1,1,0.0,0.0,100.0,,,0,0,0,ncbi_only,Eukaryota,0.0
Limnodynastes,0,0,0.0,0.0,1,1,1,0.0,0.0,100.0,,,0,0,0,ncbi_only,Eukaryota,0.0
Limnomonas,0,0,0.0,0.0,1,1,1,0.0,0.0,100.0,,,0,0,0,ncbi_only,Eukaryota,0.0
Limnothrissa,0,0,0.0,0.0,1,1,1,0.0,0.0,100.0,,,0,0,0,ncbi_only,Eukaryota,0.0
Limonium,0,0,0.0,0.0,1,1,1,0.0,0.0,100.0,,,0,0,0,ncbi_only,Eukaryota,0.0
Limonomyces,0,0,0.0,0.0,1,1,1,0.0,0.0,100.0,,,0,0,0,ncbi_only,Eukaryota,0.0
Limosa,0,0,0.0,0.0,1,1,1,0.0,0.0,100.0,,,0,0,0,ncbi_only,Eukaryota,0.0
Lindbergichthys,0,0,0.0,0.0,1,1,1,0.0,0.0,100.0,,,0,0,0,ncbi_only,Eukaryota,0.0
Lindera,0,0,0.0,0.0,1,1,1,0.0,0.0,100.0,,,0,0,0,ncbi_only,Eukaryota,0.0
Lindernia,0,0,0.0,0.0,1,1,1,0.0,0.0,100.0,,,0,0,0,ncbi_only,Eukaryota,0.0
Linderniella,0,0,0.0,0.0,1,1,1,0.0,0.0,100.0,,,0,0,0,ncbi_only,Eukaryota,0.0
Lindgomyces,0,0,0.0,0.0,1,1,1,0.0,0.0,100.0,,,0,0,0,ncbi_only,Eukaryota,0.0
Lineolata,0,0,0.0,0.0,1,1,1,0.0,0.0,100.0,,,0,0,0,ncbi_only,Eukaryota,0.0
Lingula,0,0,0.0,0.0,1,1,1,0.0,0.0,100.0,,,0,0,0,ncbi_only,Eukaryota,0.0
Lingulodinium,0,0,0.0,0.0,1,1,1,0.0,0.0,100.0,,,0,0,0,ncbi_only,Eukaryota,0.0
Linhomoeus,0,0,0.0,0.0,1,1,1,0.0,0.0,100.0,,,0,0,0,ncbi_only,Eukaryota,0.0
Ligula,0,0,0.0,0.0,1,1,1,0.0,0.0,100.0,,,0,0,0,ncbi_only,Eukaryota,0.0
Leptoteleia,0,0,0.0,0.0,1,1,1,0.0,0.0,100.0,,,0,0,0,ncbi_only,Eukaryota,0.0
Leptoxyphium,0,0,0.0,0.0,1,1,0,0.0,0.0,0.0,,,0,0,0,ncbi_only,Eukaryota,0.0
Lepturacanthus,0,0,0.0,0.0,1,1,1,0.0,0.0,100.0,,,0,0,0,ncbi_only,Eukaryota,0.0
Leptusa,0,0,0.0,0.0,1,1,1,0.0,0.0,100.0,,,0,0,0,ncbi_only,Eukaryota,0.0
Lerema,0,0,0.0,0.0,1,1,1,0.0,0.0,100.0,,,0,0,0,ncbi_only,Eukaryota,0.0
Lerista,0,0,0.0,0.0,1,1,1,0.0,0.0,100.0,,,0,0,0,ncbi_only,Eukaryota,0.0
Lespedeza,0,0,0.0,0.0,1,1,1,0.0,0.0,100.0,,,0,0,0,ncbi_only,Eukaryota,0.0
Lessoniopsis,0,0,0.0,0.0,1,1,1,0.0,0.0,100.0,,,0,0,0,ncbi_only,Eukaryota,0.0
Lestremia,0,0,0.0,0.0,1,1,1,0.0,0.0,100.0,,,0,0,0,ncbi_only,Eukaryota,0.0
Lesueurigobius,0,0,0.0,0.0,1,1,1,0.0,0.0,100.0,,,0,0,0,ncbi_only,Eukaryota,0.0
Lethocerus,0,0,0.0,0.0,1,1,1,0.0,0.0,100.0,,,0,0,0,ncbi_only,Eukaryota,0.0
Lethrinops,0,0,0.0,0.0,1,1,1,0.0,0.0,100.0,,,0,0,0,ncbi_only,Eukaryota,0.0
Lethrus,0,0,0.0,0.0,1,1,1,0.0,0.0,100.0,,,0,0,0,ncbi_only,Eukaryota,0.0
Leucaena,0,0,0.0,0.0,1,1,1,0.0,0.0,100.0,,,0,0,0,ncbi_only,Eukaryota,0.0
Leucinodes,0,0,0.0,0.0,1,1,1,0.0,0.0,100.0,,,0,0,0,ncbi_only,Eukaryota,0.0
Leucodecton,0,0,0.0,0.0,1,1,0,0.0,0.0,0.0,,,0,0,0,ncbi_only,Eukaryota,0.0
Leucophaeus,0,0,0.0,0.0,1,1,1,0.0,0.0,100.0,,,0,0,0,ncbi_only,Eukaryota,0.0
Ligia,0,0,0.0,0.0,1,1,1,0.0,0.0,100.0,,,0,0,0,ncbi_only,Eukaryota,0.0
Licmophora,0,0,0.0,0.0,1,1,1,0.0,0.0,100.0,,,0,0,0,ncbi_only,Eukaryota,0.0
Lichenothelia,0,0,0.0,0.0,1,1,1,0.0,0.0,100.0,,,0,0,0,ncbi_only,Eukaryota,0.0
Lichenostomus,0,0,0.0,0.0,1,1,1,0.0,0.0,100.0,,,0,0,0,ncbi_only,Eukaryota,0.0
Leptosia,0,0,0.0,0.0,1,1,1,0.0,0.0,100.0,,,0,0,0,ncbi_only,Eukaryota,0.0
Lewinskya,0,0,0.0,0.0,1,1,1,0.0,0.0,100.0,,,0,0,0,ncbi_only,Eukaryota,0.0
Levipalatum,0,0,0.0,0.0,1,1,1,0.0,0.0,100.0,,,0,0,0,ncbi_only,Eukaryota,0.0
Leviellus,0,0,0.0,0.0,1,1,1,0.0,0.0,100.0,,,0,0,0,ncbi_only,Eukaryota,0.0
Leucosticte,0,0,0.0,0.0,1,1,1,0.0,0.0,100.0,,,0,0,0,ncbi_only,Eukaryota,0.0
Leucoptera,0,0,0.0,0.0,1,1,1,0.0,0.0,100.0,,,0,0,0,ncbi_only,Eukaryota,0.0
Librodor,0,0,0.0,0.0,1,1,1,0.0,0.0,100.0,,,0,0,0,ncbi_only,Eukaryota,0.0
Hypsiprymnodon,0,0,0.0,0.0,1,1,1,0.0,0.0,100.0,,,0,0,0,ncbi_only,Eukaryota,0.0
Hypsibarbus,0,0,0.0,0.0,1,1,1,0.0,0.0,100.0,,,0,0,0,ncbi_only,Eukaryota,0.0
Hypseocharis,0,0,0.0,0.0,1,1,1,0.0,0.0,100.0,,,0,0,0,ncbi_only,Eukaryota,0.0
Girardia,0,0,0.0,0.0,1,1,1,0.0,0.0,100.0,,,0,0,0,ncbi_only,Eukaryota,0.0
Girardinichthys,0,0,0.0,0.0,1,1,1,0.0,0.0,100.0,,,0,0,0,ncbi_only,Eukaryota,0.0
Girardinus,0,0,0.0,0.0,1,1,1,0.0,0.0,100.0,,,0,0,0,ncbi_only,Eukaryota,0.0
Gisinianus,0,0,0.0,0.0,1,1,1,0.0,0.0,100.0,,,0,0,0,ncbi_only,Eukaryota,0.0
Glandiceps,0,0,0.0,0.0,1,1,1,0.0,0.0,100.0,,,0,0,0,ncbi_only,Eukaryota,0.0
Glandirana,0,0,0.0,0.0,1,1,1,0.0,0.0,100.0,,,0,0,0,ncbi_only,Eukaryota,0.0
Glareola,0,0,0.0,0.0,1,1,1,0.0,0.0,100.0,,,0,0,0,ncbi_only,Eukaryota,0.0
Glaucomys,0,0,0.0,0.0,1,1,1,0.0,0.0,100.0,,,0,0,0,ncbi_only,Eukaryota,0.0
Glebionis,0,0,0.0,0.0,1,1,1,0.0,0.0,100.0,,,0,0,0,ncbi_only,Eukaryota,0.0
Gleditsia,0,0,0.0,0.0,1,1,1,0.0,0.0,100.0,,,0,0,0,ncbi_only,Eukaryota,0.0
Gliomastix,0,0,0.0,0.0,1,1,1,0.0,0.0,100.0,,,0,0,0,ncbi_only,Eukaryota,0.0
Glis,0,0,0.0,0.0,1,1,1,0.0,0.0,100.0,,,0,0,0,ncbi_only,Eukaryota,0.0
Ginkgo,0,0,0.0,0.0,1,1,1,0.0,0.0,100.0,,,0,0,0,ncbi_only,Eukaryota,0.0
Globobulimina,0,0,0.0,0.0,1,1,0,0.0,0.0,0.0,,,0,0,0,ncbi_only,Eukaryota,0.0
Gloeophyllum,0,0,0.0,0.0,1,1,1,0.0,0.0,100.0,,,0,0,0,ncbi_only,Eukaryota,0.0
Glonium,0,0,0.0,0.0,1,1,1,0.0,0.0,100.0,,,0,0,0,ncbi_only,Eukaryota,0.0
Glossopsitta,0,0,0.0,0.0,1,1,1,0.0,0.0,100.0,,,0,0,0,ncbi_only,Eukaryota,0.0
Gluvia,0,0,0.0,0.0,1,1,1,0.0,0.0,100.0,,,0,0,0,ncbi_only,Eukaryota,0.0
Glycera,0,0,0.0,0.0,1,1,1,0.0,0.0,100.0,,,0,0,0,ncbi_only,Eukaryota,0.0
Gnathostoma,0,0,0.0,0.0,1,1,1,0.0,0.0,100.0,,,0,0,0,ncbi_only,Eukaryota,0.0
Gnetum,0,0,0.0,0.0,1,1,1,0.0,0.0,100.0,,,0,0,0,ncbi_only,Eukaryota,0.0
Gnoriste,0,0,0.0,0.0,1,1,1,0.0,0.0,100.0,,,0,0,0,ncbi_only,Eukaryota,0.0
Goffeauzyma,0,0,0.0,0.0,1,1,1,0.0,0.0,100.0,,,0,0,0,ncbi_only,Eukaryota,0.0
Gogo,0,0,0.0,0.0,1,1,1,0.0,0.0,100.0,,,0,0,0,ncbi_only,Eukaryota,0.0
Gloeopeniophorella,0,0,0.0,0.0,1,1,1,0.0,0.0,100.0,,,0,0,0,ncbi_only,Eukaryota,0.0
Ginglymostoma,0,0,0.0,0.0,1,1,1,0.0,0.0,100.0,,,0,0,0,ncbi_only,Eukaryota,0.0
Genyomyrus,0,0,0.0,0.0,1,1,1,0.0,0.0,100.0,,,0,0,0,ncbi_only,Eukaryota,0.0
Genypterus,0,0,0.0,0.0,1,1,1,0.0,0.0,100.0,,,0,0,0,ncbi_only,Eukaryota,0.0
Geococcyx,0,0,0.0,0.0,1,1,1,0.0,0.0,100.0,,,0,0,0,ncbi_only,Eukaryota,0.0
Geomys,0,0,0.0,0.0,1,1,1,0.0,0.0,100.0,,,0,0,0,ncbi_only,Eukaryota,0.0
Geonemertes,0,0,0.0,0.0,1,1,1,0.0,0.0,100.0,,,0,0,0,ncbi_only,Eukaryota,0.0
Geopemphigus,0,0,0.0,0.0,1,1,1,0.0,0.0,100.0,,,0,0,0,ncbi_only,Eukaryota,0.0
Geophis,0,0,0.0,0.0,1,1,1,0.0,0.0,100.0,,,0,0,0,ncbi_only,Eukaryota,0.0
Geopyxis,0,0,0.0,0.0,1,1,1,0.0,0.0,100.0,,,0,0,0,ncbi_only,Eukaryota,0.0
Geoscapheus,0,0,0.0,0.0,1,1,1,0.0,0.0,100.0,,,0,0,0,ncbi_only,Eukaryota,0.0
Geosiphon,0,0,0.0,0.0,1,1,1,0.0,0.0,100.0,,,0,0,0,ncbi_only,Eukaryota,0.0
Geospiza,0,0,0.0,0.0,1,1,1,0.0,0.0,100.0,,,0,0,0,ncbi_only,Eukaryota,0.0
Gindanes,0,0,0.0,0.0,1,1,1,0.0,0.0,100.0,,,0,0,0,ncbi_only,Eukaryota,0.0
Geostiba,0,0,0.0,0.0,1,1,1,0.0,0.0,100.0,,,0,0,0,ncbi_only,Eukaryota,0.0
Geranospiza,0,0,0.0,0.0,1,1,1,0.0,0.0,100.0,,,0,0,0,ncbi_only,Eukaryota,0.0
Gerosis,0,0,0.0,0.0,1,1,1,0.0,0.0,100.0,,,0,0,0,ncbi_only,Eukaryota,0.0
Gerrardanthus,0,0,0.0,0.0,1,1,1,0.0,0.0,100.0,,,0,0,0,ncbi_only,Eukaryota,0.0
Gerres,0,0,0.0,0.0,1,1,1,0.0,0.0,100.0,,,0,0,0,ncbi_only,Eukaryota,0.0
Gesta,0,0,0.0,0.0,1,1,1,0.0,0.0,100.0,,,0,0,0,ncbi_only,Eukaryota,0.0
Gibellulopsis,0,0,0.0,0.0,1,1,1,0.0,0.0,100.0,,,0,0,0,ncbi_only,Eukaryota,0.0
Gigantiops,0,0,0.0,0.0,1,1,1,0.0,0.0,100.0,,,0,0,0,ncbi_only,Eukaryota,0.0
Gigantopelta,0,0,0.0,0.0,1,1,1,0.0,0.0,100.0,,,0,0,0,ncbi_only,Eukaryota,0.0
Gephyroberyx,0,0,0.0,0.0,1,1,1,0.0,0.0,100.0,,,0,0,0,ncbi_only,Eukaryota,0.0
Gonatodes,0,0,0.0,0.0,1,1,1,0.0,0.0,100.0,,,0,0,0,ncbi_only,Eukaryota,0.0
Gonatopus,0,0,0.0,0.0,1,1,1,0.0,0.0,100.0,,,0,0,0,ncbi_only,Eukaryota,0.0
Gryganskiella,0,0,0.0,0.0,1,1,1,0.0,0.0,100.0,,,0,0,0,ncbi_only,Eukaryota,0.0
Gryllodes,0,0,0.0,0.0,1,1,1,0.0,0.0,100.0,,,0,0,0,ncbi_only,Eukaryota,0.0
Gryllotalpa,0,0,0.0,0.0,1,1,1,0.0,0.0,100.0,,,0,0,0,ncbi_only,Eukaryota,0.0
Gryon,0,0,0.0,0.0,1,1,1,0.0,0.0,100.0,,,0,0,0,ncbi_only,Eukaryota,0.0
Guadua,0,0,0.0,0.0,1,1,1,0.0,0.0,100.0,,,0,0,0,ncbi_only,Eukaryota,0.0
Gubernatrix,0,0,0.0,0.0,1,1,1,0.0,0.0,100.0,,,0,0,0,ncbi_only,Eukaryota,0.0
Guentherus,0,0,0.0,0.0,1,1,1,0.0,0.0,100.0,,,0,0,0,ncbi_only,Eukaryota,0.0
Guyanagaster,0,0,0.0,0.0,1,1,1,0.0,0.0,100.0,,,0,0,0,ncbi_only,Eukaryota,0.0
Guyanaporus,0,0,0.0,0.0,1,1,1,0.0,0.0,100.0,,,0,0,0,ncbi_only,Eukaryota,0.0
Gyalecta,0,0,0.0,0.0,1,1,0,0.0,0.0,0.0,,,0,0,0,ncbi_only,Eukaryota,0.0
Gyalolechia,0,0,0.0,0.0,1,1,0,0.0,0.0,0.0,,,0,0,0,ncbi_only,Eukaryota,0.0
Gymnallabes,0,0,0.0,0.0,1,1,1,0.0,0.0,100.0,,,0,0,0,ncbi_only,Eukaryota,0.0
Gymnapogon,0,0,0.0,0.0,1,1,1,0.0,0.0,100.0,,,0,0,0,ncbi_only,Eukaryota,0.0
Gymnarchus,0,0,0.0,0.0,1,1,1,0.0,0.0,100.0,,,0,0,0,ncbi_only,Eukaryota,0.0
Gymnogyps,0,0,0.0,0.0,1,1,1,0.0,0.0,100.0,,,0,0,0,ncbi_only,Eukaryota,0.0
Gymnopithys,0,0,0.0,0.0,1,1,1,0.0,0.0,100.0,,,0,0,0,ncbi_only,Eukaryota,0.0
Gymnopus,0,0,0.0,0.0,1,1,1,0.0,0.0,100.0,,,0,0,0,ncbi_only,Eukaryota,0.0
Gymnorhina,0,0,0.0,0.0,1,1,1,0.0,0.0,100.0,,,0,0,0,ncbi_only,Eukaryota,0.0
Gymnura,0,0,0.0,0.0,1,1,1,0.0,0.0,100.0,,,0,0,0,ncbi_only,Eukaryota,0.0
Gymnusa,0,0,0.0,0.0,1,1,1,0.0,0.0,100.0,,,0,0,0,ncbi_only,Eukaryota,0.0
Gynaephora,0,0,0.0,0.0,1,1,1,0.0,0.0,100.0,,,0,0,0,ncbi_only,Eukaryota,0.0
Gynandropsis,0,0,0.0,0.0,1,1,1,0.0,0.0,100.0,,,0,0,0,ncbi_only,Eukaryota,0.0
Greta,0,0,0.0,0.0,1,1,1,0.0,0.0,100.0,,,0,0,0,ncbi_only,Eukaryota,0.0
Gongora,0,0,0.0,0.0,1,1,1,0.0,0.0,100.0,,,0,0,0,ncbi_only,Eukaryota,0.0
Gongylonema,0,0,0.0,0.0,1,1,1,0.0,0.0,100.0,,,0,0,0,ncbi_only,Eukaryota,0.0
Gonioctena,0,0,0.0,0.0,1,1,1,0.0,0.0,100.0,,,0,0,0,ncbi_only,Eukaryota,0.0
Goniomma,0,0,0.0,0.0,1,1,1,0.0,0.0,100.0,,,0,0,0,ncbi_only,Eukaryota,0.0
Goniomonas,0,0,0.0,0.0,1,1,1,0.0,0.0,100.0,,,0,0,0,ncbi_only,Eukaryota,0.0
Goniozus,0,0,0.0,0.0,1,1,1,0.0,0.0,100.0,,,0,0,0,ncbi_only,Eukaryota,0.0
Gonium,0,0,0.0,0.0,1,1,1,0.0,0.0,100.0,,,0,0,0,ncbi_only,Eukaryota,0.0
Xanthosa,0,0,0.0,0.0,1,1,1,0.0,0.0,100.0,,,0,0,0,ncbi_only,Eukaryota,0.0
Reutealis,0,0,0.0,0.0,1,1,1,0.0,0.0,100.0,,,0,0,0,ncbi_only,Eukaryota,0.0
Thisbe,0,0,0.0,0.0,1,1,1,0.0,0.0,100.0,,,0,0,0,ncbi_only,Eukaryota,0.0
Remiz,0,0,0.0,0.0,1,1,1,0.0,0.0,100.0,,,0,0,0,ncbi_only,Eukaryota,0.0
Thoracochromis,0,0,0.0,0.0,1,1,1,0.0,0.0,100.0,,,0,0,0,ncbi_only,Eukaryota,0.0
Prasinohaema,0,0,0.0,0.0,1,1,1,0.0,0.0,100.0,,,0,0,0,ncbi_only,Eukaryota,0.0
Thuja,0,0,0.0,0.0,1,1,1,0.0,0.0,100.0,,,0,0,0,ncbi_only,Eukaryota,0.0
Streblomastix,0,0,0.0,0.0,1,1,0,0.0,0.0,0.0,,,0,0,0,ncbi_only,Eukaryota,0.0
Rhabdophis,0,0,0.0,0.0,1,1,1,0.0,0.0,100.0,,,0,0,0,ncbi_only,Eukaryota,0.0
Rhabdomonas,0,0,0.0,0.0,1,1,1,0.0,0.0,100.0,,,0,0,0,ncbi_only,Eukaryota,0.0
Polytolypa,0,0,0.0,0.0,1,1,1,0.0,0.0,100.0,,,0,0,0,ncbi_only,Eukaryota,0.0
Portulaca,0,0,0.0,0.0,1,1,1,0.0,0.0,100.0,,,0,0,0,ncbi_only,Eukaryota,0.0
Sturnira,0,0,0.0,0.0,1,1,1,0.0,0.0,100.0,,,0,0,0,ncbi_only,Eukaryota,0.0
Prasiola,0,0,0.0,0.0,1,1,1,0.0,0.0,100.0,,,0,0,0,ncbi_only,Eukaryota,0.0
Stomphia,0,0,0.0,0.0,1,1,1,0.0,0.0,100.0,,,0,0,0,ncbi_only,Eukaryota,0.0
Prasinocladus,0,0,0.0,0.0,1,1,1,0.0,0.0,100.0,,,0,0,0,ncbi_only,Eukaryota,0.0
Xylona,0,0,0.0,0.0,1,1,1,0.0,0.0,100.0,,,0,0,0,ncbi_only,Eukaryota,0.0
Reticulomyxa,0,0,0.0,0.0,1,1,1,0.0,0.0,100.0,,,0,0,0,ncbi_only,Eukaryota,0.0
Rhazya,0,0,0.0,0.0,1,1,1,0.0,0.0,100.0,,,0,0,0,ncbi_only,Eukaryota,0.0
Sinibrama,0,0,0.0,0.0,1,1,1,0.0,0.0,100.0,,,0,0,0,ncbi_only,Eukaryota,0.0
Sinhomidia,0,0,0.0,0.0,1,1,1,0.0,0.0,100.0,,,0,0,0,ncbi_only,Eukaryota,0.0
Xerolitor,0,0,0.0,0.0,1,1,1,0.0,0.0,100.0,,,0,0,0,ncbi_only,Eukaryota,0.0
Xylophaga,0,0,0.0,0.0,1,1,1,0.0,0.0,100.0,,,0,0,0,ncbi_only,Eukaryota,0.0
Thuidium,0,0,0.0,0.0,1,1,1,0.0,0.0,100.0,,,0,0,0,ncbi_only,Eukaryota,0.0
Thryssa,0,0,0.0,0.0,1,1,1,0.0,0.0,100.0,,,0,0,0,ncbi_only,Eukaryota,0.0
Pomacentrus,0,0,0.0,0.0,1,1,1,0.0,0.0,100.0,,,0,0,0,ncbi_only,Eukaryota,0.0
Polyzonium,0,0,0.0,0.0,1,1,1,0.0,0.0,100.0,,,0,0,0,ncbi_only,Eukaryota,0.0
Thryothorus,0,0,0.0,0.0,1,1,1,0.0,0.0,100.0,,,0,0,0,ncbi_only,Eukaryota,0.0
Xeromyces,0,0,0.0,0.0,1,1,1,0.0,0.0,100.0,,,0,0,0,ncbi_only,Eukaryota,0.0
Sinapis,0,0,0.0,0.0,1,1,1,0.0,0.0,100.0,,,0,0,0,ncbi_only,Eukaryota,0.0
Xanthocarpia,0,0,0.0,0.0,1,1,0,0.0,0.0,0.0,,,0,0,0,ncbi_only,Eukaryota,0.0
Remersonia,0,0,0.0,0.0,1,1,1,0.0,0.0,100.0,,,0,0,0,ncbi_only,Eukaryota,0.0
Sinelater,0,0,0.0,0.0,1,1,1,0.0,0.0,100.0,,,0,0,0,ncbi_only,Eukaryota,0.0
Premnoplex,0,0,0.0,0.0,1,1,1,0.0,0.0,100.0,,,0,0,0,ncbi_only,Eukaryota,0.0
Prenolepis,0,0,0.0,0.0,1,1,1,0.0,0.0,100.0,,,0,0,0,ncbi_only,Eukaryota,0.0
Sindora,0,0,0.0,0.0,1,1,1,0.0,0.0,100.0,,,0,0,0,ncbi_only,Eukaryota,0.0
Tretioscincus,0,0,0.0,0.0,1,1,1,0.0,0.0,100.0,,,0,0,0,ncbi_only,Eukaryota,0.0
Polyrhachis,0,0,0.0,0.0,1,1,1,0.0,0.0,100.0,,,0,0,0,ncbi_only,Eukaryota,0.0
Reynoutria,0,0,0.0,0.0,1,1,1,0.0,0.0,100.0,,,0,0,0,ncbi_only,Eukaryota,0.0
Xerosicyos,0,0,0.0,0.0,1,1,1,0.0,0.0,100.0,,,0,0,0,ncbi_only,Eukaryota,0.0
Rhabdalestes,0,0,0.0,0.0,1,1,1,0.0,0.0,100.0,,,0,0,0,ncbi_only,Eukaryota,0.0
Stramonita,0,0,0.0,0.0,1,1,1,0.0,0.0,100.0,,,0,0,0,ncbi_only,Eukaryota,0.0
Sinodicranocentrus,0,0,0.0,0.0,1,1,1,0.0,0.0,100.0,,,0,0,0,ncbi_only,Eukaryota,0.0
Streblospio,0,0,0.0,0.0,1,1,1,0.0,0.0,100.0,,,0,0,0,ncbi_only,Eukaryota,0.0
Polytribax,0,0,0.0,0.0,1,1,1,0.0,0.0,100.0,,,0,0,0,ncbi_only,Eukaryota,0.0
Sinentomon,0,0,0.0,0.0,1,1,1,0.0,0.0,100.0,,,0,0,0,ncbi_only,Eukaryota,0.0
Rowlandius,0,0,0.0,0.0,1,1,1,0.0,0.0,100.0,,,0,0,0,ncbi_only,Eukaryota,0.0
Pratylenchus,0,0,0.0,0.0,1,1,1,0.0,0.0,100.0,,,0,0,0,ncbi_only,Eukaryota,0.0
Polystichum,0,0,0.0,0.0,1,1,1,0.0,0.0,100.0,,,0,0,0,ncbi_only,Eukaryota,0.0
Straminergon,0,0,0.0,0.0,1,1,1,0.0,0.0,100.0,,,0,0,0,ncbi_only,Eukaryota,0.0
Stylephorus,0,0,0.0,0.0,1,1,1,0.0,0.0,100.0,,,0,0,0,ncbi_only,Eukaryota,0.0
Stylatula,0,0,0.0,0.0,1,1,1,0.0,0.0,100.0,,,0,0,0,ncbi_only,Eukaryota,0.0
Polysphondylium,0,0,0.0,0.0,1,1,1,0.0,0.0,100.0,,,0,0,0,ncbi_only,Eukaryota,0.0
Rosalia,0,0,0.0,0.0,1,1,1,0.0,0.0,100.0,,,0,0,0,ncbi_only,Eukaryota,0.0
Stylopage,0,0,0.0,0.0,1,1,0,0.0,0.0,0.0,,,0,0,0,ncbi_only,Eukaryota,0.0
Xanthomendoza,0,0,0.0,0.0,1,1,0,0.0,0.0,0.0,,,0,0,0,ncbi_only,Eukaryota,0.0
Roridomyces,0,0,0.0,0.0,1,1,1,0.0,0.0,100.0,,,0,0,0,ncbi_only,Eukaryota,0.0
Polyplosphaeria,0,0,0.0,0.0,1,1,1,0.0,0.0,100.0,,,0,0,0,ncbi_only,Eukaryota,0.0
Sinanodonta,0,0,0.0,0.0,1,1,1,0.0,0.0,100.0,,,0,0,0,ncbi_only,Eukaryota,0.0
Xanthium,0,0,0.0,0.0,1,1,1,0.0,0.0,100.0,,,0,0,0,ncbi_only,Eukaryota,0.0
Thylacinus,0,0,0.0,0.0,1,1,1,0.0,0.0,100.0,,,0,0,0,ncbi_only,Eukaryota,0.0
Thozetella,0,0,0.0,0.0,1,1,1,0.0,0.0,100.0,,,0,0,0,ncbi_only,Eukaryota,0.0
Rostraria,0,0,0.0,0.0,1,1,1,0.0,0.0,100.0,,,0,0,0,ncbi_only,Eukaryota,0.0
Xenopsylla,0,0,0.0,0.0,1,1,1,0.0,0.0,100.0,,,0,0,0,ncbi_only,Eukaryota,0.0
Siphlophis,0,0,0.0,0.0,1,1,1,0.0,0.0,100.0,,,0,0,0,ncbi_only,Eukaryota,0.0
Sulcaria,0,0,0.0,0.0,1,1,0,0.0,0.0,0.0,,,0,0,0,ncbi_only,Eukaryota,0.0
Porphyra,0,0,0.0,0.0,1,1,1,0.0,0.0,100.0,,,0,0,0,ncbi_only,Eukaryota,0.0
Trichodelitschia,0,0,0.0,0.0,1,1,1,0.0,0.0,100.0,,,0,0,0,ncbi_only,Eukaryota,0.0
Xerophyta,0,0,0.0,0.0,1,1,1,0.0,0.0,100.0,,,0,0,0,ncbi_only,Eukaryota,0.0
Stylonectria,0,0,0.0,0.0,1,1,1,0.0,0.0,100.0,,,0,0,0,ncbi_only,Eukaryota,0.0
Xestoiulus,0,0,0.0,0.0,1,1,1,0.0,0.0,100.0,,,0,0,0,ncbi_only,Eukaryota,0.0
Porricondyla,0,0,0.0,0.0,1,1,1,0.0,0.0,100.0,,,0,0,0,ncbi_only,Eukaryota,0.0
Polyrhizophydium,0,0,0.0,0.0,1,1,1,0.0,0.0,100.0,,,0,0,0,ncbi_only,Eukaryota,0.0
Simpsonichthys,0,0,0.0,0.0,1,1,1,0.0,0.0,100.0,,,0,0,0,ncbi_only,Eukaryota,0.0
Rhegmatorhina,0,0,0.0,0.0,1,1,1,0.0,0.0,100.0,,,0,0,0,ncbi_only,Eukaryota,0.0
Storeatula,0,0,0.0,0.0,1,1,1,0.0,0.0,100.0,,,0,0,0,ncbi_only,Eukaryota,0.0
Rhabditoides,0,0,0.0,0.0,1,1,1,0.0,0.0,100.0,,,0,0,0,ncbi_only,Eukaryota,0.0
Xenoophorus,0,0,0.0,0.0,1,1,1,0.0,0.0,100.0,,,0,0,0,ncbi_only,Eukaryota,0.0
Thraustotheca,0,0,0.0,0.0,1,1,1,0.0,0.0,100.0,,,0,0,0,ncbi_only,Eukaryota,0.0
Threskiornis,0,0,0.0,0.0,1,1,1,0.0,0.0,100.0,,,0,0,0,ncbi_only,Eukaryota,0.0
Rhadina,0,0,0.0,0.0,1,1,1,0.0,0.0,100.0,,,0,0,0,ncbi_only,Eukaryota,0.0
Poterioochromonas,0,0,0.0,0.0,1,1,1,0.0,0.0,100.0,,,0,0,0,ncbi_only,Eukaryota,0.0
Porolithon,0,0,0.0,0.0,1,1,1,0.0,0.0,100.0,,,0,0,0,ncbi_only,Eukaryota,0.0
Rostratula,0,0,0.0,0.0,1,1,1,0.0,0.0,100.0,,,0,0,0,ncbi_only,Eukaryota,0.0
Strumigenys,0,0,0.0,0.0,1,1,1,0.0,0.0,100.0,,,0,0,0,ncbi_only,Eukaryota,0.0
Subanguina,0,0,0.0,0.0,1,1,1,0.0,0.0,100.0,,,0,0,0,ncbi_only,Eukaryota,0.0
Porodaedalea,0,0,0.0,0.0,1,1,1,0.0,0.0,100.0,,,0,0,0,ncbi_only,Eukaryota,0.0
Sinosuthora,0,0,0.0,0.0,1,1,1,0.0,0.0,100.0,,,0,0,0,ncbi_only,Eukaryota,0.0
Sinotaia,0,0,0.0,0.0,1,1,1,0.0,0.0,100.0,,,0,0,0,ncbi_only,Eukaryota,0.0
Porogramme,0,0,0.0,0.0,1,1,1,0.0,0.0,100.0,,,0,0,0,ncbi_only,Eukaryota,0.0
Struthidea,0,0,0.0,0.0,1,1,1,0.0,0.0,100.0,,,0,0,0,ncbi_only,Eukaryota,0.0
Retama,0,0,0.0,0.0,1,1,1,0.0,0.0,100.0,,,0,0,0,ncbi_only,Eukaryota,0.0
Postelsia,0,0,0.0,0.0,1,1,1,0.0,0.0,100.0,,,0,0,0,ncbi_only,Eukaryota,0.0
Rossiulus,0,0,0.0,0.0,1,1,1,0.0,0.0,100.0,,,0,0,0,ncbi_only,Eukaryota,0.0
Sinohyriopsis,0,0,0.0,0.0,1,1,1,0.0,0.0,100.0,,,0,0,0,ncbi_only,Eukaryota,0.0
Xipholeptos,0,0,0.0,0.0,1,1,1,0.0,0.0,100.0,,,0,0,0,ncbi_only,Eukaryota,0.0
Potamocoris,0,0,0.0,0.0,1,1,1,0.0,0.0,100.0,,,0,0,0,ncbi_only,Eukaryota,0.0
Rhadinocentrus,0,0,0.0,0.0,1,1,1,0.0,0.0,100.0,,,0,0,0,ncbi_only,Eukaryota,0.0
Porina,0,0,0.0,0.0,1,1,0,0.0,0.0,0.0,,,0,0,0,ncbi_only,Eukaryota,0.0
Xenylla,0,0,0.0,0.0,1,1,1,0.0,0.0,100.0,,,0,0,0,ncbi_only,Eukaryota,0.0
Simias,0,0,0.0,0.0,1,1,1,0.0,0.0,100.0,,,0,0,0,ncbi_only,Eukaryota,0.0
Xenosphaeropsis,0,0,0.0,0.0,1,1,1,0.0,0.0,100.0,,,0,0,0,ncbi_only,Eukaryota,0.0
Xenos,0,0,0.0,0.0,1,1,1,0.0,0.0,100.0,,,0,0,0,ncbi_only,Eukaryota,0.0
Tricholaema lacrymosa,0,0,0.0,0.0,1,1,1,0.0,0.0,100.0,,,0,0,0,ncbi_only,Eukaryota,0.0
Rostrhamus,0,0,0.0,0.0,1,1,1,0.0,0.0,100.0,,,0,0,0,ncbi_only,Eukaryota,0.0
Tricharina,0,0,0.0,0.0,1,1,1,0.0,0.0,100.0,,,0,0,0,ncbi_only,Eukaryota,0.0
Trichaptum,0,0,0.0,0.0,1,1,1,0.0,0.0,100.0,,,0,0,0,ncbi_only,Eukaryota,0.0
Xenops,0,0,0.0,0.0,1,1,1,0.0,0.0,100.0,,,0,0,0,ncbi_only,Eukaryota,0.0
Sinobaijiania,0,0,0.0,0.0,1,1,1,0.0,0.0,100.0,,,0,0,0,ncbi_only,Eukaryota,0.0
Siphonaria,0,0,0.0,0.0,1,1,1,0.0,0.0,100.0,,,0,0,0,ncbi_only,Eukaryota,0.0
Xema,0,0,0.0,0.0,1,1,1,0.0,0.0,100.0,,,0,0,0,ncbi_only,Eukaryota,0.0
Resseliella,0,0,0.0,0.0,1,1,1,0.0,0.0,100.0,,,0,0,0,ncbi_only,Eukaryota,0.0
Poronia,0,0,0.0,0.0,1,1,1,0.0,0.0,100.0,,,0,0,0,ncbi_only,Eukaryota,0.0
Strongylosoma,0,0,0.0,0.0,1,1,1,0.0,0.0,100.0,,,0,0,0,ncbi_only,Eukaryota,0.0
Xenotaenia,0,0,0.0,0.0,1,1,1,0.0,0.0,100.0,,,0,0,0,ncbi_only,Eukaryota,0.0
Rhaebo,0,0,0.0,0.0,1,1,1,0.0,0.0,100.0,,,0,0,0,ncbi_only,Eukaryota,0.0
Trichiurus,0,0,0.0,0.0,1,1,1,0.0,0.0,100.0,,,0,0,0,ncbi_only,Eukaryota,0.0
Strongylus,0,0,0.0,0.0,1,1,1,0.0,0.0,100.0,,,0,0,0,ncbi_only,Eukaryota,0.0
Xiphydria,0,0,0.0,0.0,1,1,1,0.0,0.0,100.0,,,0,0,0,ncbi_only,Eukaryota,0.0
Potamilus,0,0,0.0,0.0,1,1,1,0.0,0.0,100.0,,,0,0,0,ncbi_only,Eukaryota,0.0
Sinosolenaia,0,0,0.0,0.0,1,1,1,0.0,0.0,100.0,,,0,0,0,ncbi_only,Eukaryota,0.0
Sinospelaeobdella,0,0,0.0,0.0,1,1,1,0.0,0.0,100.0,,,0,0,0,ncbi_only,Eukaryota,0.0
Potamopyrgus,0,0,0.0,0.0,1,1,1,0.0,0.0,100.0,,,0,0,0,ncbi_only,Eukaryota,0.0
Xenus,0,0,0.0,0.0,1,1,1,0.0,0.0,100.0,,,0,0,0,ncbi_only,Eukaryota,0.0
Porcellio,0,0,0.0,0.0,1,1,1,0.0,0.0,100.0,,,0,0,0,ncbi_only,Eukaryota,0.0
Pomatorhinus,0,0,0.0,0.0,1,1,1,0.0,0.0,100.0,,,0,0,0,ncbi_only,Eukaryota,0.0
Streptanthus,0,0,0.0,0.0,1,1,1,0.0,0.0,100.0,,,0,0,0,ncbi_only,Eukaryota,0.0
Remorina,0,0,0.0,0.0,1,1,1,0.0,0.0,100.0,,,0,0,0,ncbi_only,Eukaryota,0.0
Rhamnusium,0,0,0.0,0.0,1,1,1,0.0,0.0,100.0,,,0,0,0,ncbi_only,Eukaryota,0.0
Rhagologus,0,0,0.0,0.0,1,1,1,0.0,0.0,100.0,,,0,0,0,ncbi_only,Eukaryota,0.0
Silphium,0,0,0.0,0.0,1,1,1,0.0,0.0,100.0,,,0,0,0,ncbi_only,Eukaryota,0.0
Sisor,0,0,0.0,0.0,1,1,1,0.0,0.0,100.0,,,0,0,0,ncbi_only,Eukaryota,0.0
Sistotremastrum,0,0,0.0,0.0,1,1,1,0.0,0.0,100.0,,,0,0,0,ncbi_only,Eukaryota,0.0
Xylocarpus,0,0,0.0,0.0,1,1,1,0.0,0.0,100.0,,,0,0,0,ncbi_only,Eukaryota,0.0
Rotylenchulus,0,0,0.0,0.0,1,1,1,0.0,0.0,100.0,,,0,0,0,ncbi_only,Eukaryota,0.0
Xenagama,0,0,0.0,0.0,1,1,1,0.0,0.0,100.0,,,0,0,0,ncbi_only,Eukaryota,0.0
Thoreauomyces,0,0,0.0,0.0,1,1,1,0.0,0.0,100.0,,,0,0,0,ncbi_only,Eukaryota,0.0
Rhagophthalmus,0,0,0.0,0.0,1,1,1,0.0,0.0,100.0,,,0,0,0,ncbi_only,Eukaryota,0.0
Rotylenchus,0,0,0.0,0.0,1,1,1,0.0,0.0,100.0,,,0,0,0,ncbi_only,Eukaryota,0.0
Signeta,0,0,0.0,0.0,1,1,1,0.0,0.0,100.0,,,0,0,0,ncbi_only,Eukaryota,0.0
Rhamnella,0,0,0.0,0.0,1,1,1,0.0,0.0,100.0,,,0,0,0,ncbi_only,Eukaryota,0.0
Xenyllodes,0,0,0.0,0.0,1,1,1,0.0,0.0,100.0,,,0,0,0,ncbi_only,Eukaryota,0.0
Porosira,0,0,0.0,0.0,1,1,1,0.0,0.0,100.0,,,0,0,0,ncbi_only,Eukaryota,0.0
Styphnolobium,0,0,0.0,0.0,1,1,1,0.0,0.0,100.0,,,0,0,0,ncbi_only,Eukaryota,0.0
Siphonodentalium,0,0,0.0,0.0,1,1,1,0.0,0.0,100.0,,,0,0,0,ncbi_only,Eukaryota,0.0
Silvatares,0,0,0.0,0.0,1,1,1,0.0,0.0,100.0,,,0,0,0,ncbi_only,Eukaryota,0.0
Potiberaba,0,0,0.0,0.0,1,1,1,0.0,0.0,100.0,,,0,0,0,ncbi_only,Eukaryota,0.0
Sipunculus,0,0,0.0,0.0,1,1,1,0.0,0.0,100.0,,,0,0,0,ncbi_only,Eukaryota,0.0
Rhabdornis,0,0,0.0,0.0,1,1,1,0.0,0.0,100.0,,,0,0,0,ncbi_only,Eukaryota,0.0
Xyliphius,0,0,0.0,0.0,1,1,1,0.0,0.0,100.0,,,0,0,0,ncbi_only,Eukaryota,0.0
Pomphorhynchus,0,0,0.0,0.0,1,1,1,0.0,0.0,100.0,,,0,0,0,ncbi_only,Eukaryota,0.0
Thripadectes,0,0,0.0,0.0,1,1,1,0.0,0.0,100.0,,,0,0,0,ncbi_only,Eukaryota,0.0
Streptochaeta,0,0,0.0,0.0,1,1,1,0.0,0.0,100.0,,,0,0,0,ncbi_only,Eukaryota,0.0
Xiphias,0,0,0.0,0.0,1,1,1,0.0,0.0,100.0,,,0,0,0,ncbi_only,Eukaryota,0.0
Pomatostomus,0,0,0.0,0.0,1,1,1,0.0,0.0,100.0,,,0,0,0,ncbi_only,Eukaryota,0.0
Pomatoschistus,0,0,0.0,0.0,1,1,1,0.0,0.0,100.0,,,0,0,0,ncbi_only,Eukaryota,0.0
Xylogone,0,0,0.0,0.0,1,1,1,0.0,0.0,100.0,,,0,0,0,ncbi_only,Eukaryota,0.0
Rhodnius,0,0,0.0,0.0,1,1,1,0.0,0.0,100.0,,,0,0,0,ncbi_only,Eukaryota,0.0
Rhodeus,0,0,0.0,0.0,1,1,1,0.0,0.0,100.0,,,0,0,0,ncbi_only,Eukaryota,0.0
Xyrauchen,0,0,0.0,0.0,1,1,1,0.0,0.0,100.0,,,0,0,0,ncbi_only,Eukaryota,0.0
Tetracentron,0,0,0.0,0.0,1,1,1,0.0,0.0,100.0,,,0,0,0,ncbi_only,Eukaryota,0.0
Rostrostelium,0,0,0.0,0.0,1,1,1,0.0,0.0,100.0,,,0,0,0,ncbi_only,Eukaryota,0.0
Rhabdosargus,0,0,0.0,0.0,1,1,1,0.0,0.0,100.0,,,0,0,0,ncbi_only,Eukaryota,0.0
Tribonema,0,0,0.0,0.0,1,1,1,0.0,0.0,100.0,,,0,0,0,ncbi_only,Eukaryota,0.0
Trichacis,0,0,0.0,0.0,1,1,1,0.0,0.0,100.0,,,0,0,0,ncbi_only,Eukaryota,0.0
Xenocatantops,0,0,0.0,0.0,1,1,1,0.0,0.0,100.0,,,0,0,0,ncbi_only,Eukaryota,0.0
Xenoacremonium,0,0,0.0,0.0,1,1,1,0.0,0.0,100.0,,,0,0,0,ncbi_only,Eukaryota,0.0
Xenia,0,0,0.0,0.0,1,1,1,0.0,0.0,100.0,,,0,0,0,ncbi_only,Eukaryota,0.0
Siluranodon,0,0,0.0,0.0,1,1,1,0.0,0.0,100.0,,,0,0,0,ncbi_only,Eukaryota,0.0
Rostrohypoxylon,0,0,0.0,0.0,1,1,1,0.0,0.0,100.0,,,0,0,0,ncbi_only,Eukaryota,0.0
Poropuntius,0,0,0.0,0.0,1,1,1,0.0,0.0,100.0,,,0,0,0,ncbi_only,Eukaryota,0.0
Xenodon,0,0,0.0,0.0,1,1,1,0.0,0.0,100.0,,,0,0,0,ncbi_only,Eukaryota,0.0
Styx,0,0,0.0,0.0,1,1,1,0.0,0.0,100.0,,,0,0,0,ncbi_only,Eukaryota,0.0
Rhysida,0,0,0.0,0.0,1,1,1,0.0,0.0,100.0,,,0,0,0,ncbi_only,Eukaryota,0.0
Pleopsidium,0,0,0.0,0.0,1,1,0,0.0,0.0,0.0,,,0,0,0,ncbi_only,Eukaryota,0.0
Rhypophila,0,0,0.0,0.0,1,1,1,0.0,0.0,100.0,,,0,0,0,ncbi_only,Eukaryota,0.0
Rhynocoris,0,0,0.0,0.0,1,1,1,0.0,0.0,100.0,,,0,0,0,ncbi_only,Eukaryota,0.0
Sphaerobolus,0,0,0.0,0.0,1,1,1,0.0,0.0,100.0,,,0,0,0,ncbi_only,Eukaryota,0.0
Rhytidiadelphus,0,0,0.0,0.0,1,1,1,0.0,0.0,100.0,,,0,0,0,ncbi_only,Eukaryota,0.0
Pleomassaria,0,0,0.0,0.0,1,1,1,0.0,0.0,100.0,,,0,0,0,ncbi_only,Eukaryota,0.0
Sphaerocystis,0,0,0.0,0.0,1,1,1,0.0,0.0,100.0,,,0,0,0,ncbi_only,Eukaryota,0.0
Pleochaeta,0,0,0.0,0.0,1,1,1,0.0,0.0,100.0,,,0,0,0,ncbi_only,Eukaryota,0.0
Rhodinocichla,0,0,0.0,0.0,1,1,1,0.0,0.0,100.0,,,0,0,0,ncbi_only,Eukaryota,0.0
Rhynchotus,0,0,0.0,0.0,1,1,1,0.0,0.0,100.0,,,0,0,0,ncbi_only,Eukaryota,0.0
Tinca,0,0,0.0,0.0,1,1,1,0.0,0.0,100.0,,,0,0,0,ncbi_only,Eukaryota,0.0
Pleistodontes,0,0,0.0,0.0,1,1,1,0.0,0.0,100.0,,,0,0,0,ncbi_only,Eukaryota,0.0
Rhynchostegium,0,0,0.0,0.0,1,1,1,0.0,0.0,100.0,,,0,0,0,ncbi_only,Eukaryota,0.0
Zhuqinia,0,0,0.0,0.0,1,1,1,0.0,0.0,100.0,,,0,0,0,ncbi_only,Eukaryota,0.0
Rhynchostegiella,0,0,0.0,0.0,1,1,1,0.0,0.0,100.0,,,0,0,0,ncbi_only,Eukaryota,0.0
Ziphius,0,0,0.0,0.0,1,1,1,0.0,0.0,100.0,,,0,0,0,ncbi_only,Eukaryota,0.0
Toxicodendron,0,0,0.0,0.0,1,1,1,0.0,0.0,100.0,,,0,0,0,ncbi_only,Eukaryota,0.0
Rhynchonema,0,0,0.0,0.0,1,1,1,0.0,0.0,100.0,,,0,0,0,ncbi_only,Eukaryota,0.0
Rhynchomys,0,0,0.0,0.0,1,1,1,0.0,0.0,100.0,,,0,0,0,ncbi_only,Eukaryota,0.0
Sphagnurus,0,0,0.0,0.0,1,1,1,0.0,0.0,100.0,,,0,0,0,ncbi_only,Eukaryota,0.0
Plectrophenax,0,0,0.0,0.0,1,1,1,0.0,0.0,100.0,,,0,0,0,ncbi_only,Eukaryota,0.0
Rhynchomeles,0,0,0.0,0.0,1,1,1,0.0,0.0,100.0,,,0,0,0,ncbi_only,Eukaryota,0.0
Rhynchobatus,0,0,0.0,0.0,1,1,1,0.0,0.0,100.0,,,0,0,0,ncbi_only,Eukaryota,0.0
Plectrocnemia,0,0,0.0,0.0,1,1,1,0.0,0.0,100.0,,,0,0,0,ncbi_only,Eukaryota,0.0
Plectranthus,0,0,0.0,0.0,1,1,1,0.0,0.0,100.0,,,0,0,0,ncbi_only,Eukaryota,0.0
Sphaeromyxa,0,0,0.0,0.0,1,1,1,0.0,0.0,100.0,,,0,0,0,ncbi_only,Eukaryota,0.0
Toxorhamphus,0,0,0.0,0.0,1,1,1,0.0,0.0,100.0,,,0,0,0,ncbi_only,Eukaryota,0.0
Sphaerogastrella,0,0,0.0,0.0,1,1,1,0.0,0.0,100.0,,,0,0,0,ncbi_only,Eukaryota,0.0
Toxorhynchites,0,0,0.0,0.0,1,1,1,0.0,0.0,100.0,,,0,0,0,ncbi_only,Eukaryota,0.0
Zhengitettix,0,0,0.0,0.0,1,1,1,0.0,0.0,100.0,,,0,0,0,ncbi_only,Eukaryota,0.0
Timochares,0,0,0.0,0.0,1,1,1,0.0,0.0,100.0,,,0,0,0,ncbi_only,Eukaryota,0.0
Speculanas,0,0,0.0,0.0,1,1,1,0.0,0.0,100.0,,,0,0,0,ncbi_only,Eukaryota,0.0
Speleorchestes,0,0,0.0,0.0,1,1,1,0.0,0.0,100.0,,,0,0,0,ncbi_only,Eukaryota,0.0
Trachops,0,0,0.0,0.0,1,1,1,0.0,0.0,100.0,,,0,0,0,ncbi_only,Eukaryota,0.0
Speleostelium,0,0,0.0,0.0,1,1,1,0.0,0.0,100.0,,,0,0,0,ncbi_only,Eukaryota,0.0
Trachipleistophora,0,0,0.0,0.0,1,1,1,0.0,0.0,100.0,,,0,0,0,ncbi_only,Eukaryota,0.0
Ploceus,0,0,0.0,0.0,1,1,1,0.0,0.0,100.0,,,0,0,0,ncbi_only,Eukaryota,0.0
Spatulosminthurus,0,0,0.0,0.0,1,1,1,0.0,0.0,100.0,,,0,0,0,ncbi_only,Eukaryota,0.0
Sphaerellopsis,0,0,0.0,0.0,1,1,1,0.0,0.0,100.0,,,0,0,0,ncbi_only,Eukaryota,0.0
Rhytidhysteron,0,0,0.0,0.0,1,1,1,0.0,0.0,100.0,,,0,0,0,ncbi_only,Eukaryota,0.0
Sphaerospora,0,0,0.0,0.0,1,1,1,0.0,0.0,100.0,,,0,0,0,ncbi_only,Eukaryota,0.0
Sphaerosporella,0,0,0.0,0.0,1,1,1,0.0,0.0,100.0,,,0,0,0,ncbi_only,Eukaryota,0.0
Sphaerostilbella,0,0,0.0,0.0,1,1,1,0.0,0.0,100.0,,,0,0,0,ncbi_only,Eukaryota,0.0
Pleiochaeta,0,0,0.0,0.0,1,1,1,0.0,0.0,100.0,,,0,0,0,ncbi_only,Eukaryota,0.0
Toxidia,0,0,0.0,0.0,1,1,1,0.0,0.0,100.0,,,0,0,0,ncbi_only,Eukaryota,0.0
Plegadis,0,0,0.0,0.0,1,1,1,0.0,0.0,100.0,,,0,0,0,ncbi_only,Eukaryota,0.0
Rhynchopsitta,0,0,0.0,0.0,1,1,1,0.0,0.0,100.0,,,0,0,0,ncbi_only,Eukaryota,0.0
Sphaerechinus,0,0,0.0,0.0,1,1,1,0.0,0.0,100.0,,,0,0,0,ncbi_only,Eukaryota,0.0
Sperchopsis,0,0,0.0,0.0,1,1,1,0.0,0.0,100.0,,,0,0,0,ncbi_only,Eukaryota,0.0
Speoplatyrhinus,0,0,0.0,0.0,1,1,1,0.0,0.0,100.0,,,0,0,0,ncbi_only,Eukaryota,0.0
Trachyglanis,0,0,0.0,0.0,1,1,1,0.0,0.0,100.0,,,0,0,0,ncbi_only,Eukaryota,0.0
Stalachtis,0,0,0.0,0.0,1,1,1,0.0,0.0,100.0,,,0,0,0,ncbi_only,Eukaryota,0.0
Spatholobus,0,0,0.0,0.0,1,1,1,0.0,0.0,100.0,,,0,0,0,ncbi_only,Eukaryota,0.0
Trachycephalus,0,0,0.0,0.0,1,1,1,0.0,0.0,100.0,,,0,0,0,ncbi_only,Eukaryota,0.0
Pluvianellus,0,0,0.0,0.0,1,1,1,0.0,0.0,100.0,,,0,0,0,ncbi_only,Eukaryota,0.0
Zera,0,0,0.0,0.0,1,1,1,0.0,0.0,100.0,,,0,0,0,ncbi_only,Eukaryota,0.0
Plutomurus,0,0,0.0,0.0,1,1,1,0.0,0.0,100.0,,,0,0,0,ncbi_only,Eukaryota,0.0
Pluteus,0,0,0.0,0.0,1,1,1,0.0,0.0,100.0,,,0,0,0,ncbi_only,Eukaryota,0.0
Zercon,0,0,0.0,0.0,1,1,1,0.0,0.0,100.0,,,0,0,0,ncbi_only,Eukaryota,0.0
Zerene,0,0,0.0,0.0,1,1,1,0.0,0.0,100.0,,,0,0,0,ncbi_only,Eukaryota,0.0
Rickenella,0,0,0.0,0.0,1,1,1,0.0,0.0,100.0,,,0,0,0,ncbi_only,Eukaryota,0.0
Zestusa,0,0,0.0,0.0,1,1,1,0.0,0.0,100.0,,,0,0,0,ncbi_only,Eukaryota,0.0
Tilletiaria,0,0,0.0,0.0,1,1,1,0.0,0.0,100.0,,,0,0,0,ncbi_only,Eukaryota,0.0
Spondylurus,0,0,0.0,0.0,1,1,1,0.0,0.0,100.0,,,0,0,0,ncbi_only,Eukaryota,0.0
Spathilepia,0,0,0.0,0.0,1,1,1,0.0,0.0,100.0,,,0,0,0,ncbi_only,Eukaryota,0.0
Rhyacichthys,0,0,0.0,0.0,1,1,1,0.0,0.0,100.0,,,0,0,0,ncbi_only,Eukaryota,0.0
Plicatura,0,0,0.0,0.0,1,1,1,0.0,0.0,100.0,,,0,0,0,ncbi_only,Eukaryota,0.0
Trachelipus,0,0,0.0,0.0,1,1,1,0.0,0.0,100.0,,,0,0,0,ncbi_only,Eukaryota,0.0
Pleurozium,0,0,0.0,0.0,1,1,1,0.0,0.0,100.0,,,0,0,0,ncbi_only,Eukaryota,0.0
Trabutina,0,0,0.0,0.0,1,1,1,0.0,0.0,100.0,,,0,0,0,ncbi_only,Eukaryota,0.0
Pleurostoma,0,0,0.0,0.0,1,1,1,0.0,0.0,100.0,,,0,0,0,ncbi_only,Eukaryota,0.0
Pleurophycus,0,0,0.0,0.0,1,1,1,0.0,0.0,100.0,,,0,0,0,ncbi_only,Eukaryota,0.0
Spermophaga,0,0,0.0,0.0,1,1,1,0.0,0.0,100.0,,,0,0,0,ncbi_only,Eukaryota,0.0
Zeutus,0,0,0.0,0.0,1,1,1,0.0,0.0,100.0,,,0,0,0,ncbi_only,Eukaryota,0.0
Rhyzopertha,0,0,0.0,0.0,1,1,1,0.0,0.0,100.0,,,0,0,0,ncbi_only,Eukaryota,0.0
Squatina,0,0,0.0,0.0,1,1,1,0.0,0.0,100.0,,,0,0,0,ncbi_only,Eukaryota,0.0
Sphacelaria,0,0,0.0,0.0,1,1,1,0.0,0.0,100.0,,,0,0,0,ncbi_only,Eukaryota,0.0
Sphaceloma,0,0,0.0,0.0,1,1,1,0.0,0.0,100.0,,,0,0,0,ncbi_only,Eukaryota,0.0
Rhytidoponera,0,0,0.0,0.0,1,1,1,0.0,0.0,100.0,,,0,0,0,ncbi_only,Eukaryota,0.0
Tlalocohyla,0,0,0.0,0.0,1,1,1,0.0,0.0,100.0,,,0,0,0,ncbi_only,Eukaryota,0.0
Spilornis,0,0,0.0,0.0,1,1,1,0.0,0.0,100.0,,,0,0,0,ncbi_only,Eukaryota,0.0
Tor,0,0,0.0,0.0,1,1,1,0.0,0.0,100.0,,,0,0,0,ncbi_only,Eukaryota,0.0
Platydemus,0,0,0.0,0.0,1,1,1,0.0,0.0,100.0,,,0,0,0,ncbi_only,Eukaryota,0.0
Zopyrion,0,0,0.0,0.0,1,1,1,0.0,0.0,100.0,,,0,0,0,ncbi_only,Eukaryota,0.0
Zopfochytrium,0,0,0.0,0.0,1,1,1,0.0,0.0,100.0,,,0,0,0,ncbi_only,Eukaryota,0.0
Spiromyces,0,0,0.0,0.0,1,1,1,0.0,0.0,100.0,,,0,0,0,ncbi_only,Eukaryota,0.0
Zoroaster,0,0,0.0,0.0,1,1,1,0.0,0.0,100.0,,,0,0,0,ncbi_only,Eukaryota,0.0
Spongiforma,0,0,0.0,0.0,1,1,1,0.0,0.0,100.0,,,0,0,0,ncbi_only,Eukaryota,0.0
Topomyia,0,0,0.0,0.0,1,1,1,0.0,0.0,100.0,,,0,0,0,ncbi_only,Eukaryota,0.0
Todus,0,0,0.0,0.0,1,1,1,0.0,0.0,100.0,,,0,0,0,ncbi_only,Eukaryota,0.0
Spinellus,0,0,0.0,0.0,1,1,1,0.0,0.0,100.0,,,0,0,0,ncbi_only,Eukaryota,0.0
Platycercus,0,0,0.0,0.0,1,1,1,0.0,0.0,100.0,,,0,0,0,ncbi_only,Eukaryota,0.0
Platycephalus,0,0,0.0,0.0,1,1,1,0.0,0.0,100.0,,,0,0,0,ncbi_only,Eukaryota,0.0
Platyallabes,0,0,0.0,0.0,1,1,1,0.0,0.0,100.0,,,0,0,0,ncbi_only,Eukaryota,0.0
Platorchestia,0,0,0.0,0.0,1,1,1,0.0,0.0,100.0,,,0,0,0,ncbi_only,Eukaryota,0.0
Rhodosorus,0,0,0.0,0.0,1,1,1,0.0,0.0,100.0,,,0,0,0,ncbi_only,Eukaryota,0.0
Zychaea,0,0,0.0,0.0,1,1,1,0.0,0.0,100.0,,,0,0,0,ncbi_only,Eukaryota,0.0
Tonicella,0,0,0.0,0.0,1,1,1,0.0,0.0,100.0,,,0,0,0,ncbi_only,Eukaryota,0.0
Tonatia,0,0,0.0,0.0,1,1,1,0.0,0.0,100.0,,,0,0,0,ncbi_only,Eukaryota,0.0
Zygogramma,0,0,0.0,0.0,1,1,1,0.0,0.0,100.0,,,0,0,0,ncbi_only,Eukaryota,0.0
Spirogloea,0,0,0.0,0.0,1,1,1,0.0,0.0,100.0,,,0,0,0,ncbi_only,Eukaryota,0.0
Spizella,0,0,0.0,0.0,1,1,1,0.0,0.0,100.0,,,0,0,0,ncbi_only,Eukaryota,0.0
Spiromastigoides,0,0,0.0,0.0,1,1,1,0.0,0.0,100.0,,,0,0,0,ncbi_only,Eukaryota,0.0
Spirometra,0,0,0.0,0.0,1,1,1,0.0,0.0,100.0,,,0,0,0,ncbi_only,Eukaryota,0.0
Spioniades,0,0,0.0,0.0,1,1,1,0.0,0.0,100.0,,,0,0,0,ncbi_only,Eukaryota,0.0
Platerodrilus,0,0,0.0,0.0,1,1,1,0.0,0.0,100.0,,,0,0,0,ncbi_only,Eukaryota,0.0
Spondyliosoma,0,0,0.0,0.0,1,1,1,0.0,0.0,100.0,,,0,0,0,ncbi_only,Eukaryota,0.0
Torpedo,0,0,0.0,0.0,1,1,1,0.0,0.0,100.0,,,0,0,0,ncbi_only,Eukaryota,0.0
Spongispora,0,0,0.0,0.0,1,1,1,0.0,0.0,100.0,,,0,0,0,ncbi_only,Eukaryota,0.0
Rhodymenia,0,0,0.0,0.0,1,1,1,0.0,0.0,100.0,,,0,0,0,ncbi_only,Eukaryota,0.0
Platygyra,0,0,0.0,0.0,1,1,1,0.0,0.0,100.0,,,0,0,0,ncbi_only,Eukaryota,0.0
Sphenostylis,0,0,0.0,0.0,1,1,1,0.0,0.0,100.0,,,0,0,0,ncbi_only,Eukaryota,0.0
Plecia,0,0,0.0,0.0,1,1,1,0.0,0.0,100.0,,,0,0,0,ncbi_only,Eukaryota,0.0
Toumeyella,0,0,0.0,0.0,1,1,1,0.0,0.0,100.0,,,0,0,0,ncbi_only,Eukaryota,0.0
Plazaster,0,0,0.0,0.0,1,1,1,0.0,0.0,100.0,,,0,0,0,ncbi_only,Eukaryota,0.0
Platyusa,0,0,0.0,0.0,1,1,1,0.0,0.0,100.0,,,0,0,0,ncbi_only,Eukaryota,0.0
Zonitis,0,0,0.0,0.0,1,1,1,0.0,0.0,100.0,,,0,0,0,ncbi_only,Eukaryota,0.0
Sporodiniella,0,0,0.0,0.0,1,1,1,0.0,0.0,100.0,,,0,0,0,ncbi_only,Eukaryota,0.0
Sporophila,0,0,0.0,0.0,1,1,1,0.0,0.0,100.0,,,0,0,0,ncbi_only,Eukaryota,0.0
Toxicocladosporium,0,0,0.0,0.0,1,1,1,0.0,0.0,100.0,,,0,0,0,ncbi_only,Eukaryota,0.0
Zopfia,0,0,0.0,0.0,1,1,1,0.0,0.0,100.0,,,0,0,0,ncbi_only,Eukaryota,0.0
Torreya,0,0,0.0,0.0,1,1,1,0.0,0.0,100.0,,,0,0,0,ncbi_only,Eukaryota,0.0
Spodiopogon,0,0,0.0,0.0,1,1,0,0.0,0.0,0.0,,,0,0,0,ncbi_only,Eukaryota,0.0
Spiraea,0,0,0.0,0.0,1,1,1,0.0,0.0,100.0,,,0,0,0,ncbi_only,Eukaryota,0.0
Zwackhia,0,0,0.0,0.0,1,1,0,0.0,0.0,0.0,,,0,0,0,ncbi_only,Eukaryota,0.0
Toniniopsis,0,0,0.0,0.0,1,1,1,0.0,0.0,100.0,,,0,0,0,ncbi_only,Eukaryota,0.0
Splendidofilaria,0,0,0.0,0.0,1,1,1,0.0,0.0,100.0,,,0,0,0,ncbi_only,Eukaryota,0.0
Spongospora,0,0,0.0,0.0,1,1,1,0.0,0.0,100.0,,,0,0,0,ncbi_only,Eukaryota,0.0
Rhombomys,0,0,0.0,0.0,1,1,1,0.0,0.0,100.0,,,0,0,0,ncbi_only,Eukaryota,0.0
Zootermopsis,0,0,0.0,0.0,1,1,1,0.0,0.0,100.0,,,0,0,0,ncbi_only,Eukaryota,0.0
Platyplectrum,0,0,0.0,0.0,1,1,1,0.0,0.0,100.0,,,0,0,0,ncbi_only,Eukaryota,0.0
Torrubiellomyces,0,0,0.0,0.0,1,1,1,0.0,0.0,100.0,,,0,0,0,ncbi_only,Eukaryota,0.0
Platyura,0,0,0.0,0.0,1,1,1,0.0,0.0,100.0,,,0,0,0,ncbi_only,Eukaryota,0.0
Zoopage,0,0,0.0,0.0,1,1,1,0.0,0.0,100.0,,,0,0,0,ncbi_only,Eukaryota,0.0
Zoarces,0,0,0.0,0.0,1,1,1,0.0,0.0,100.0,,,0,0,0,ncbi_only,Eukaryota,0.0
Sphenodon,0,0,0.0,0.0,1,1,1,0.0,0.0,100.0,,,0,0,0,ncbi_only,Eukaryota,0.0
Sphenopsis,0,0,0.0,0.0,1,1,1,0.0,0.0,100.0,,,0,0,0,ncbi_only,Eukaryota,0.0
Rhorus,0,0,0.0,0.0,1,1,1,0.0,0.0,100.0,,,0,0,0,ncbi_only,Eukaryota,0.0
Sphenopus,0,0,0.0,0.0,1,1,1,0.0,0.0,100.0,,,0,0,0,ncbi_only,Eukaryota,0.0
Toxicocalamus,0,0,0.0,0.0,1,1,1,0.0,0.0,100.0,,,0,0,0,ncbi_only,Eukaryota,0.0
Rhodocollybia,0,0,0.0,0.0,1,1,1,0.0,0.0,100.0,,,0,0,0,ncbi_only,Eukaryota,0.0
Toxascaris,0,0,0.0,0.0,1,1,1,0.0,0.0,100.0,,,0,0,0,ncbi_only,Eukaryota,0.0
Sporormia,0,0,0.0,0.0,1,1,1,0.0,0.0,100.0,,,0,0,0,ncbi_only,Eukaryota,0.0
Zenarchopterus,0,0,0.0,0.0,1,1,1,0.0,0.0,100.0,,,0,0,0,ncbi_only,Eukaryota,0.0
Tothia,0,0,0.0,0.0,1,1,1,0.0,0.0,100.0,,,0,0,0,ncbi_only,Eukaryota,0.0
Tirmania,0,0,0.0,0.0,1,1,1,0.0,0.0,100.0,,,0,0,0,ncbi_only,Eukaryota,0.0
Platytropius,0,0,0.0,0.0,1,1,1,0.0,0.0,100.0,,,0,0,0,ncbi_only,Eukaryota,0.0
Tisbe,0,0,0.0,0.0,1,1,1,0.0,0.0,100.0,,,0,0,0,ncbi_only,Eukaryota,0.0
Platythyrea,0,0,0.0,0.0,1,1,1,0.0,0.0,100.0,,,0,0,0,ncbi_only,Eukaryota,0.0
Platysternon,0,0,0.0,0.0,1,1,1,0.0,0.0,100.0,,,0,0,0,ncbi_only,Eukaryota,0.0
Rhodoleia,0,0,0.0,0.0,1,1,1,0.0,0.0,100.0,,,0,0,0,ncbi_only,Eukaryota,0.0
Platyscelio,0,0,0.0,0.0,1,1,1,0.0,0.0,100.0,,,0,0,0,ncbi_only,Eukaryota,0.0
Zoophagus,0,0,0.0,0.0,1,1,1,0.0,0.0,100.0,,,0,0,0,ncbi_only,Eukaryota,0.0
Sphyracephala,0,0,0.0,0.0,1,1,1,0.0,0.0,100.0,,,0,0,0,ncbi_only,Eukaryota,0.0
Platyscapa,0,0,0.0,0.0,1,1,1,0.0,0.0,100.0,,,0,0,0,ncbi_only,Eukaryota,0.0
Platyrinchus,0,0,0.0,0.0,1,1,1,0.0,0.0,100.0,,,0,0,0,ncbi_only,Eukaryota,0.0
Sphyraena,0,0,0.0,0.0,1,1,1,0.0,0.0,100.0,,,0,0,0,ncbi_only,Eukaryota,0.0
Rhomboplites,0,0,0.0,0.0,1,1,1,0.0,0.0,100.0,,,0,0,0,ncbi_only,Eukaryota,0.0
Sphyrna,0,0,0.0,0.0,1,1,1,0.0,0.0,100.0,,,0,0,0,ncbi_only,Eukaryota,0.0
Solemya,0,0,0.0,0.0,1,1,1,0.0,0.0,100.0,,,0,0,0,ncbi_only,Eukaryota,0.0
Rhinocypha,0,0,0.0,0.0,1,1,1,0.0,0.0,100.0,,,0,0,0,ncbi_only,Eukaryota,0.0
Solen,0,0,0.0,0.0,1,1,1,0.0,0.0,100.0,,,0,0,0,ncbi_only,Eukaryota,0.0
Pollimyrus,0,0,0.0,0.0,1,1,1,0.0,0.0,100.0,,,0,0,0,ncbi_only,Eukaryota,0.0
Sterrhoptilus,0,0,0.0,0.0,1,1,1,0.0,0.0,100.0,,,0,0,0,ncbi_only,Eukaryota,0.0
Tiaropsis,0,0,0.0,0.0,1,1,1,0.0,0.0,100.0,,,0,0,0,ncbi_only,Eukaryota,0.0
Tiaroga,0,0,0.0,0.0,1,1,1,0.0,0.0,100.0,,,0,0,0,ncbi_only,Eukaryota,0.0
Polychaeton,0,0,0.0,0.0,1,1,1,0.0,0.0,100.0,,,0,0,0,ncbi_only,Eukaryota,0.0
Polyboroides,0,0,0.0,0.0,1,1,1,0.0,0.0,100.0,,,0,0,0,ncbi_only,Eukaryota,0.0
Polyblastidium,0,0,0.0,0.0,1,1,0,0.0,0.0,0.0,,,0,0,0,ncbi_only,Eukaryota,0.0
Stictocephala,0,0,0.0,0.0,1,1,1,0.0,0.0,100.0,,,0,0,0,ncbi_only,Eukaryota,0.0
Ylistrum,0,0,0.0,0.0,1,1,1,0.0,0.0,100.0,,,0,0,0,ncbi_only,Eukaryota,0.0
Stictoponera,0,0,0.0,0.0,1,1,1,0.0,0.0,100.0,,,0,0,0,ncbi_only,Eukaryota,0.0
Soboliphyme,0,0,0.0,0.0,1,1,1,0.0,0.0,100.0,,,0,0,0,ncbi_only,Eukaryota,0.0
Stevia,0,0,0.0,0.0,1,1,1,0.0,0.0,100.0,,,0,0,0,ncbi_only,Eukaryota,0.0
Trematosphaeria,0,0,0.0,0.0,1,1,1,0.0,0.0,100.0,,,0,0,0,ncbi_only,Eukaryota,0.0
Yasuhikotakia,0,0,0.0,0.0,1,1,1,0.0,0.0,100.0,,,0,0,0,ncbi_only,Eukaryota,0.0
Smilax,0,0,0.0,0.0,1,1,1,0.0,0.0,100.0,,,0,0,0,ncbi_only,Eukaryota,0.0
Smilisca,0,0,0.0,0.0,1,1,1,0.0,0.0,100.0,,,0,0,0,ncbi_only,Eukaryota,0.0
Rondeletia,0,0,0.0,0.0,1,1,1,0.0,0.0,100.0,,,0,0,0,ncbi_only,Eukaryota,0.0
Stigmatogaster,0,0,0.0,0.0,1,1,1,0.0,0.0,100.0,,,0,0,0,ncbi_only,Eukaryota,0.0
Sternula,0,0,0.0,0.0,1,1,1,0.0,0.0,100.0,,,0,0,0,ncbi_only,Eukaryota,0.0
Pollicipes,0,0,0.0,0.0,1,1,1,0.0,0.0,100.0,,,0,0,0,ncbi_only,Eukaryota,0.0
Sternarchorhynchus,0,0,0.0,0.0,1,1,1,0.0,0.0,100.0,,,0,0,0,ncbi_only,Eukaryota,0.0
Rodentolepis,0,0,0.0,0.0,1,1,1,0.0,0.0,100.0,,,0,0,0,ncbi_only,Eukaryota,0.0
Sterkiella,0,0,0.0,0.0,1,1,1,0.0,0.0,100.0,,,0,0,0,ncbi_only,Eukaryota,0.0
Stereum,0,0,0.0,0.0,1,1,1,0.0,0.0,100.0,,,0,0,0,ncbi_only,Eukaryota,0.0
Stereochilus,0,0,0.0,0.0,1,1,1,0.0,0.0,100.0,,,0,0,0,ncbi_only,Eukaryota,0.0
Stercutus,0,0,0.0,0.0,1,1,1,0.0,0.0,100.0,,,0,0,0,ncbi_only,Eukaryota,0.0
Stercorarius,0,0,0.0,0.0,1,1,1,0.0,0.0,100.0,,,0,0,0,ncbi_only,Eukaryota,0.0
Tichodroma,0,0,0.0,0.0,1,1,1,0.0,0.0,100.0,,,0,0,0,ncbi_only,Eukaryota,0.0
Rhinoclemmys,0,0,0.0,0.0,1,1,1,0.0,0.0,100.0,,,0,0,0,ncbi_only,Eukaryota,0.0
Polyclathra,0,0,0.0,0.0,1,1,1,0.0,0.0,100.0,,,0,0,0,ncbi_only,Eukaryota,0.0
Stigmatoteuthis,0,0,0.0,0.0,1,1,1,0.0,0.0,100.0,,,0,0,0,ncbi_only,Eukaryota,0.0
Stigmatomma,0,0,0.0,0.0,1,1,1,0.0,0.0,100.0,,,0,0,0,ncbi_only,Eukaryota,0.0
Trema,0,0,0.0,0.0,1,1,1,0.0,0.0,100.0,,,0,0,0,ncbi_only,Eukaryota,0.0
Polylopha,0,0,0.0,0.0,1,1,1,0.0,0.0,100.0,,,0,0,0,ncbi_only,Eukaryota,0.0
Stomatepia,0,0,0.0,0.0,1,1,1,0.0,0.0,100.0,,,0,0,0,ncbi_only,Eukaryota,0.0
Rheum,0,0,0.0,0.0,1,1,1,0.0,0.0,100.0,,,0,0,0,ncbi_only,Eukaryota,0.0
Xyrichtys,0,0,0.0,0.0,1,1,1,0.0,0.0,100.0,,,0,0,0,ncbi_only,Eukaryota,0.0
Stomotoca,0,0,0.0,0.0,1,1,1,0.0,0.0,100.0,,,0,0,0,ncbi_only,Eukaryota,0.0
Slavum,0,0,0.0,0.0,1,1,1,0.0,0.0,100.0,,,0,0,0,ncbi_only,Eukaryota,0.0
Polyphagotarsonemus,0,0,0.0,0.0,1,1,1,0.0,0.0,100.0,,,0,0,0,ncbi_only,Eukaryota,0.0
Stomolophus,0,0,0.0,0.0,1,1,1,0.0,0.0,100.0,,,0,0,0,ncbi_only,Eukaryota,0.0
Polymyxa,0,0,0.0,0.0,1,1,1,0.0,0.0,100.0,,,0,0,0,ncbi_only,Eukaryota,0.0
Sluysia,0,0,0.0,0.0,1,1,1,0.0,0.0,100.0,,,0,0,0,ncbi_only,Eukaryota,0.0
Smallanthus,0,0,0.0,0.0,1,1,1,0.0,0.0,100.0,,,0,0,0,ncbi_only,Eukaryota,0.0
Rhexocercosporidium,0,0,0.0,0.0,1,1,1,0.0,0.0,100.0,,,0,0,0,ncbi_only,Eukaryota,0.0
Podochytrium,0,0,0.0,0.0,1,1,1,0.0,0.0,100.0,,,0,0,0,ncbi_only,Eukaryota,0.0
Steatornis,0,0,0.0,0.0,1,1,1,0.0,0.0,100.0,,,0,0,0,ncbi_only,Eukaryota,0.0
Rigidonotus,0,0,0.0,0.0,1,1,1,0.0,0.0,100.0,,,0,0,0,ncbi_only,Eukaryota,0.0
Tilia,0,0,0.0,0.0,1,1,1,0.0,0.0,100.0,,,0,0,0,ncbi_only,Eukaryota,0.0
Rhina,0,0,0.0,0.0,1,1,1,0.0,0.0,100.0,,,0,0,0,ncbi_only,Eukaryota,0.0
Stizorhina,0,0,0.0,0.0,1,1,1,0.0,0.0,100.0,,,0,0,0,ncbi_only,Eukaryota,0.0
Stiretrus,0,0,0.0,0.0,1,1,1,0.0,0.0,100.0,,,0,0,0,ncbi_only,Eukaryota,0.0
Polyergus,0,0,0.0,0.0,1,1,1,0.0,0.0,100.0,,,0,0,0,ncbi_only,Eukaryota,0.0
Stipitochalara,0,0,0.0,0.0,1,1,1,0.0,0.0,100.0,,,0,0,0,ncbi_only,Eukaryota,0.0
Stiphrornis,0,0,0.0,0.0,1,1,1,0.0,0.0,100.0,,,0,0,0,ncbi_only,Eukaryota,0.0
Stipa,0,0,0.0,0.0,1,1,1,0.0,0.0,100.0,,,0,0,0,ncbi_only,Eukaryota,0.0
Polydactylus,0,0,0.0,0.0,1,1,1,0.0,0.0,100.0,,,0,0,0,ncbi_only,Eukaryota,0.0
Smithsoniella,0,0,0.0,0.0,1,1,1,0.0,0.0,100.0,,,0,0,0,ncbi_only,Eukaryota,0.0
Polyctor,0,0,0.0,0.0,1,1,1,0.0,0.0,100.0,,,0,0,0,ncbi_only,Eukaryota,0.0
Stillingia,0,0,0.0,0.0,1,1,1,0.0,0.0,100.0,,,0,0,0,ncbi_only,Eukaryota,0.0
Thyregis,0,0,0.0,0.0,1,1,1,0.0,0.0,100.0,,,0,0,0,ncbi_only,Eukaryota,0.0
Rhipidocladum,0,0,0.0,0.0,1,1,1,0.0,0.0,100.0,,,0,0,0,ncbi_only,Eukaryota,0.0
Zantedeschia,0,0,0.0,0.0,1,1,1,0.0,0.0,100.0,,,0,0,0,ncbi_only,Eukaryota,0.0
Stegophylla,0,0,0.0,0.0,1,1,1,0.0,0.0,100.0,,,0,0,0,ncbi_only,Eukaryota,0.0
Trametopsis,0,0,0.0,0.0,1,1,1,0.0,0.0,100.0,,,0,0,0,ncbi_only,Eukaryota,0.0
Stegophilus,0,0,0.0,0.0,1,1,1,0.0,0.0,100.0,,,0,0,0,ncbi_only,Eukaryota,0.0
Stegonotus,0,0,0.0,0.0,1,1,1,0.0,0.0,100.0,,,0,0,0,ncbi_only,Eukaryota,0.0
Riparia,0,0,0.0,0.0,1,1,1,0.0,0.0,100.0,,,0,0,0,ncbi_only,Eukaryota,0.0
Podura,0,0,0.0,0.0,1,1,1,0.0,0.0,100.0,,,0,0,0,ncbi_only,Eukaryota,0.0
Stegastes,0,0,0.0,0.0,1,1,1,0.0,0.0,100.0,,,0,0,0,ncbi_only,Eukaryota,0.0
Somion,0,0,0.0,0.0,1,1,1,0.0,0.0,100.0,,,0,0,0,ncbi_only,Eukaryota,0.0
Stegana,0,0,0.0,0.0,1,1,1,0.0,0.0,100.0,,,0,0,0,ncbi_only,Eukaryota,0.0
Zapus,0,0,0.0,0.0,1,1,1,0.0,0.0,100.0,,,0,0,0,ncbi_only,Eukaryota,0.0
Podotricha,0,0,0.0,0.0,1,1,1,0.0,0.0,100.0,,,0,0,0,ncbi_only,Eukaryota,0.0
Stefania,0,0,0.0,0.0,1,1,1,0.0,0.0,100.0,,,0,0,0,ncbi_only,Eukaryota,0.0
Pododesmus,0,0,0.0,0.0,1,1,1,0.0,0.0,100.0,,,0,0,0,ncbi_only,Eukaryota,0.0
Steccherinum,0,0,0.0,0.0,1,1,1,0.0,0.0,100.0,,,0,0,0,ncbi_only,Eukaryota,0.0
Staurotypus,0,0,0.0,0.0,1,1,1,0.0,0.0,100.0,,,0,0,0,ncbi_only,Eukaryota,0.0
Staurois,0,0,0.0,0.0,1,1,1,0.0,0.0,100.0,,,0,0,0,ncbi_only,Eukaryota,0.0
Sostrata,0,0,0.0,0.0,1,1,1,0.0,0.0,100.0,,,0,0,0,ncbi_only,Eukaryota,0.0
Soucietia,0,0,0.0,0.0,1,1,1,0.0,0.0,100.0,,,0,0,0,ncbi_only,Eukaryota,0.0
Trachythela,0,0,0.0,0.0,1,1,1,0.0,0.0,100.0,,,0,0,0,ncbi_only,Eukaryota,0.0
Rhizodermea,0,0,0.0,0.0,1,1,1,0.0,0.0,100.0,,,0,0,0,ncbi_only,Eukaryota,0.0
Sparasion,0,0,0.0,0.0,1,1,1,0.0,0.0,100.0,,,0,0,0,ncbi_only,Eukaryota,0.0
Rhizodiscina,0,0,0.0,0.0,1,1,1,0.0,0.0,100.0,,,0,0,0,ncbi_only,Eukaryota,0.0
Staphylea,0,0,0.0,0.0,1,1,1,0.0,0.0,100.0,,,0,0,0,ncbi_only,Eukaryota,0.0
Rhizoglyphus,0,0,0.0,0.0,1,1,1,0.0,0.0,100.0,,,0,0,0,ncbi_only,Eukaryota,0.0
Sparidentex,0,0,0.0,0.0,1,1,1,0.0,0.0,100.0,,,0,0,0,ncbi_only,Eukaryota,0.0
Ridens,0,0,0.0,0.0,1,1,1,0.0,0.0,100.0,,,0,0,0,ncbi_only,Eukaryota,0.0
Zelostemma,0,0,0.0,0.0,1,1,1,0.0,0.0,100.0,,,0,0,0,ncbi_only,Eukaryota,0.0
Tragopan,0,0,0.0,0.0,1,1,1,0.0,0.0,100.0,,,0,0,0,ncbi_only,Eukaryota,0.0
Podilymbus,0,0,0.0,0.0,1,1,1,0.0,0.0,100.0,,,0,0,0,ncbi_only,Eukaryota,0.0
Steatocranus,0,0,0.0,0.0,1,1,1,0.0,0.0,100.0,,,0,0,0,ncbi_only,Eukaryota,0.0
Yuukianura,0,0,0.0,0.0,1,1,1,0.0,0.0,100.0,,,0,0,0,ncbi_only,Eukaryota,0.0
Rhinogobius,0,0,0.0,0.0,1,1,1,0.0,0.0,100.0,,,0,0,0,ncbi_only,Eukaryota,0.0
Stenotaenia,0,0,0.0,0.0,1,1,1,0.0,0.0,100.0,,,0,0,0,ncbi_only,Eukaryota,0.0
Trapezites,0,0,0.0,0.0,1,1,1,0.0,0.0,100.0,,,0,0,0,ncbi_only,Eukaryota,0.0
Stenopsyche,0,0,0.0,0.0,1,1,1,0.0,0.0,100.0,,,0,0,0,ncbi_only,Eukaryota,0.0
Zabuella,0,0,0.0,0.0,1,1,1,0.0,0.0,100.0,,,0,0,0,ncbi_only,Eukaryota,0.0
Stenolophus,0,0,0.0,0.0,1,1,1,0.0,0.0,100.0,,,0,0,0,ncbi_only,Eukaryota,0.0
Stenogyne,0,0,0.0,0.0,1,1,1,0.0,0.0,100.0,,,0,0,0,ncbi_only,Eukaryota,0.0
Rhinophis,0,0,0.0,0.0,1,1,1,0.0,0.0,100.0,,,0,0,0,ncbi_only,Eukaryota,0.0
Stenodera,0,0,0.0,0.0,1,1,1,0.0,0.0,100.0,,,0,0,0,ncbi_only,Eukaryota,0.0
Trapeliopsis,0,0,0.0,0.0,1,1,0,0.0,0.0,0.0,,,0,0,0,ncbi_only,Eukaryota,0.0
Tieghemiomyces,0,0,0.0,0.0,1,1,1,0.0,0.0,100.0,,,0,0,0,ncbi_only,Eukaryota,0.0
Tieghemostelium,0,0,0.0,0.0,1,1,1,0.0,0.0,100.0,,,0,0,0,ncbi_only,Eukaryota,0.0
Zalerion,0,0,0.0,0.0,1,1,1,0.0,0.0,100.0,,,0,0,0,ncbi_only,Eukaryota,0.0
Rhinomonas,0,0,0.0,0.0,1,1,1,0.0,0.0,100.0,,,0,0,0,ncbi_only,Eukaryota,0.0
Polioptila,0,0,0.0,0.0,1,1,1,0.0,0.0,100.0,,,0,0,0,ncbi_only,Eukaryota,0.0
Steno,0,0,0.0,0.0,1,1,1,0.0,0.0,100.0,,,0,0,0,ncbi_only,Eukaryota,0.0
Rhinopomastus,0,0,0.0,0.0,1,1,1,0.0,0.0,100.0,,,0,0,0,ncbi_only,Eukaryota,0.0
Pogonus,0,0,0.0,0.0,1,1,1,0.0,0.0,100.0,,,0,0,0,ncbi_only,Eukaryota,0.0
Pogonophryne,0,0,0.0,0.0,1,1,1,0.0,0.0,100.0,,,0,0,0,ncbi_only,Eukaryota,0.0
Solorina,0,0,0.0,0.0,1,1,0,0.0,0.0,0.0,,,0,0,0,ncbi_only,Eukaryota,0.0
Stenchaetothrips,0,0,0.0,0.0,1,1,1,0.0,0.0,100.0,,,0,0,0,ncbi_only,Eukaryota,0.0
Stenamma,0,0,0.0,0.0,1,1,1,0.0,0.0,100.0,,,0,0,0,ncbi_only,Eukaryota,0.0
Zanna,0,0,0.0,0.0,1,1,1,0.0,0.0,100.0,,,0,0,0,ncbi_only,Eukaryota,0.0
Stellera,0,0,0.0,0.0,1,1,1,0.0,0.0,100.0,,,0,0,0,ncbi_only,Eukaryota,0.0
Pogonocichla,0,0,0.0,0.0,1,1,1,0.0,0.0,100.0,,,0,0,0,ncbi_only,Eukaryota,0.0
Rhinoptilus,0,0,0.0,0.0,1,1,1,0.0,0.0,100.0,,,0,0,0,ncbi_only,Eukaryota,0.0
Tranzscheliella,0,0,0.0,0.0,1,1,1,0.0,0.0,100.0,,,0,0,0,ncbi_only,Eukaryota,0.0
Zanclus,0,0,0.0,0.0,1,1,1,0.0,0.0,100.0,,,0,0,0,ncbi_only,Eukaryota,0.0
Stenocereus,0,0,0.0,0.0,1,1,1,0.0,0.0,100.0,,,0,0,0,ncbi_only,Eukaryota,0.0
Poliocrania,0,0,0.0,0.0,1,1,1,0.0,0.0,100.0,,,0,0,0,ncbi_only,Eukaryota,0.0
Polihierax,0,0,0.0,0.0,1,1,1,0.0,0.0,100.0,,,0,0,0,ncbi_only,Eukaryota,0.0
Pyrrhopygopsis,0,0,0.0,0.0,1,1,1,0.0,0.0,100.0,,,0,0,0,ncbi_only,Eukaryota,0.0
Salaria,0,0,0.0,0.0,1,1,1,0.0,0.0,100.0,,,0,0,0,ncbi_only,Eukaryota,0.0
Pseudopodoces,0,0,0.0,0.0,1,1,1,0.0,0.0,100.0,,,0,0,0,ncbi_only,Eukaryota,0.0
Thectocercus,0,0,0.0,0.0,1,1,1,0.0,0.0,100.0,,,0,0,0,ncbi_only,Eukaryota,0.0
Veloporphyrellus,0,0,0.0,0.0,1,1,1,0.0,0.0,100.0,,,0,0,0,ncbi_only,Eukaryota,0.0
Pyrrhospora,0,0,0.0,0.0,1,1,0,0.0,0.0,0.0,,,0,0,0,ncbi_only,Eukaryota,0.0
Schrenkiella,0,0,0.0,0.0,1,1,1,0.0,0.0,100.0,,,0,0,0,ncbi_only,Eukaryota,0.0
Venada,0,0,0.0,0.0,1,1,1,0.0,0.0,100.0,,,0,0,0,ncbi_only,Eukaryota,0.0
Reinhardtius,0,0,0.0,0.0,1,1,1,0.0,0.0,100.0,,,0,0,0,ncbi_only,Eukaryota,0.0
Zancudomyces,0,0,0.0,0.0,1,1,1,0.0,0.0,100.0,,,0,0,0,ncbi_only,Eukaryota,0.0
Poikilolaimus,0,0,0.0,0.0,1,1,1,0.0,0.0,100.0,,,0,0,0,ncbi_only,Eukaryota,0.0
Stenocarpella,0,0,0.0,0.0,1,1,1,0.0,0.0,100.0,,,0,0,0,ncbi_only,Eukaryota,0.0
Zanda,0,0,0.0,0.0,1,1,1,0.0,0.0,100.0,,,0,0,0,ncbi_only,Eukaryota,0.0
Zangia,0,0,0.0,0.0,1,1,1,0.0,0.0,100.0,,,0,0,0,ncbi_only,Eukaryota,0.0
Solioccasus,0,0,0.0,0.0,1,1,1,0.0,0.0,100.0,,,0,0,0,ncbi_only,Eukaryota,0.0
Pohlia,0,0,0.0,0.0,1,1,1,0.0,0.0,100.0,,,0,0,0,ncbi_only,Eukaryota,0.0
Taxillus,0,0,0.0,0.0,1,1,1,0.0,0.0,100.0,,,0,0,0,ncbi_only,Eukaryota,0.0
Pseudopediastrum,0,0,0.0,0.0,1,1,1,0.0,0.0,100.0,,,0,0,0,ncbi_only,Eukaryota,0.0
Taxidea,0,0,0.0,0.0,1,1,1,0.0,0.0,100.0,,,0,0,0,ncbi_only,Eukaryota,0.0
Taxawa,0,0,0.0,0.0,1,1,1,0.0,0.0,100.0,,,0,0,0,ncbi_only,Eukaryota,0.0
Salatis,0,0,0.0,0.0,1,1,1,0.0,0.0,100.0,,,0,0,0,ncbi_only,Eukaryota,0.0
Sclerodactyla,0,0,0.0,0.0,1,1,1,0.0,0.0,100.0,,,0,0,0,ncbi_only,Eukaryota,0.0
Pyxine,0,0,0.0,0.0,1,1,0,0.0,0.0,0.0,,,0,0,0,ncbi_only,Eukaryota,0.0
Venus,0,0,0.0,0.0,1,1,1,0.0,0.0,100.0,,,0,0,0,ncbi_only,Eukaryota,0.0
Salina,0,0,0.0,0.0,1,1,1,0.0,0.0,100.0,,,0,0,0,ncbi_only,Eukaryota,0.0
Pyrrhula,0,0,0.0,0.0,1,1,1,0.0,0.0,100.0,,,0,0,0,ncbi_only,Eukaryota,0.0
Tectura,0,0,0.0,0.0,1,1,1,0.0,0.0,100.0,,,0,0,0,ncbi_only,Eukaryota,0.0
Pseudorectes,0,0,0.0,0.0,1,1,1,0.0,0.0,100.0,,,0,0,0,ncbi_only,Eukaryota,0.0
Thaumetopoea,0,0,0.0,0.0,1,1,1,0.0,0.0,100.0,,,0,0,0,ncbi_only,Eukaryota,0.0
Thecadactylus,0,0,0.0,0.0,1,1,1,0.0,0.0,100.0,,,0,0,0,ncbi_only,Eukaryota,0.0
Thecamonas,0,0,0.0,0.0,1,1,1,0.0,0.0,100.0,,,0,0,0,ncbi_only,Eukaryota,0.0
Pyrrhocoris,0,0,0.0,0.0,1,1,1,0.0,0.0,100.0,,,0,0,0,ncbi_only,Eukaryota,0.0
Schendyla,0,0,0.0,0.0,1,1,1,0.0,0.0,100.0,,,0,0,0,ncbi_only,Eukaryota,0.0
Pyrocephalus,0,0,0.0,0.0,1,1,1,0.0,0.0,100.0,,,0,0,0,ncbi_only,Eukaryota,0.0
Tupiocoris,0,0,0.0,0.0,1,1,1,0.0,0.0,100.0,,,0,0,0,ncbi_only,Eukaryota,0.0
Pseudosinella,0,0,0.0,0.0,1,1,1,0.0,0.0,100.0,,,0,0,0,ncbi_only,Eukaryota,0.0
Telicota,0,0,0.0,0.0,1,1,1,0.0,0.0,100.0,,,0,0,0,ncbi_only,Eukaryota,0.0
Telfairia,0,0,0.0,0.0,1,1,1,0.0,0.0,100.0,,,0,0,0,ncbi_only,Eukaryota,0.0
Pseudoregma,0,0,0.0,0.0,1,1,1,0.0,0.0,100.0,,,0,0,0,ncbi_only,Eukaryota,0.0
Veloboletus,0,0,0.0,0.0,1,1,1,0.0,0.0,100.0,,,0,0,0,ncbi_only,Eukaryota,0.0
Thaumatotibia,0,0,0.0,0.0,1,1,1,0.0,0.0,100.0,,,0,0,0,ncbi_only,Eukaryota,0.0
Tecia,0,0,0.0,0.0,1,1,1,0.0,0.0,100.0,,,0,0,0,ncbi_only,Eukaryota,0.0
Pseudophaeomoniella,0,0,0.0,0.0,1,1,1,0.0,0.0,100.0,,,0,0,0,ncbi_only,Eukaryota,0.0
Scilla,0,0,0.0,0.0,1,1,1,0.0,0.0,100.0,,,0,0,0,ncbi_only,Eukaryota,0.0
Taxipathes,0,0,0.0,0.0,1,1,1,0.0,0.0,100.0,,,0,0,0,ncbi_only,Eukaryota,0.0
Scintilla,0,0,0.0,0.0,1,1,1,0.0,0.0,100.0,,,0,0,0,ncbi_only,Eukaryota,0.0
Python,0,0,0.0,0.0,1,1,1,0.0,0.0,100.0,,,0,0,0,ncbi_only,Eukaryota,0.0
Pythonides,0,0,0.0,0.0,1,1,1,0.0,0.0,100.0,,,0,0,0,ncbi_only,Eukaryota,0.0
Schlechtendalia,0,0,0.0,0.0,1,1,1,0.0,0.0,100.0,,,0,0,0,ncbi_only,Eukaryota,0.0
Teladorsagia,0,0,0.0,0.0,1,1,0,0.0,0.0,0.0,,,0,0,0,ncbi_only,Eukaryota,0.0
Tekliades,0,0,0.0,0.0,1,1,1,0.0,0.0,100.0,,,0,0,0,ncbi_only,Eukaryota,0.0
Telescopus,0,0,0.0,0.0,1,1,1,0.0,0.0,100.0,,,0,0,0,ncbi_only,Eukaryota,0.0
Thaumatomyia,0,0,0.0,0.0,1,1,1,0.0,0.0,100.0,,,0,0,0,ncbi_only,Eukaryota,0.0
Pseudoscleropodium,0,0,0.0,0.0,1,1,1,0.0,0.0,100.0,,,0,0,0,ncbi_only,Eukaryota,0.0
Sceliomorpha,0,0,0.0,0.0,1,1,1,0.0,0.0,100.0,,,0,0,0,ncbi_only,Eukaryota,0.0
Vararia,0,0,0.0,0.0,1,1,1,0.0,0.0,100.0,,,0,0,0,ncbi_only,Eukaryota,0.0
Pseudotriccus,0,0,0.0,0.0,1,1,1,0.0,0.0,100.0,,,0,0,0,ncbi_only,Eukaryota,0.0
Pyrgilauda,0,0,0.0,0.0,1,1,1,0.0,0.0,100.0,,,0,0,0,ncbi_only,Eukaryota,0.0
Turnix,0,0,0.0,0.0,1,1,1,0.0,0.0,100.0,,,0,0,0,ncbi_only,Eukaryota,0.0
Turnera,0,0,0.0,0.0,1,1,1,0.0,0.0,100.0,,,0,0,0,ncbi_only,Eukaryota,0.0
Sceptobius,0,0,0.0,0.0,1,1,1,0.0,0.0,100.0,,,0,0,0,ncbi_only,Eukaryota,0.0
Variospora,0,0,0.0,0.0,1,1,0,0.0,0.0,0.0,,,0,0,0,ncbi_only,Eukaryota,0.0
Thamnaconus,0,0,0.0,0.0,1,1,1,0.0,0.0,100.0,,,0,0,0,ncbi_only,Eukaryota,0.0
Telmatactis,0,0,0.0,0.0,1,1,1,0.0,0.0,100.0,,,0,0,0,ncbi_only,Eukaryota,0.0
Scortum,0,0,0.0,0.0,1,1,1,0.0,0.0,100.0,,,0,0,0,ncbi_only,Eukaryota,0.0
Pseudoneuroterus,0,0,0.0,0.0,1,1,1,0.0,0.0,100.0,,,0,0,0,ncbi_only,Eukaryota,0.0
Pseudoscaphirhynchus,0,0,0.0,0.0,1,1,1,0.0,0.0,100.0,,,0,0,0,ncbi_only,Eukaryota,0.0
Tupinambis,0,0,0.0,0.0,1,1,1,0.0,0.0,100.0,,,0,0,0,ncbi_only,Eukaryota,0.0
Schizonepeta,0,0,0.0,0.0,1,1,1,0.0,0.0,100.0,,,0,0,0,ncbi_only,Eukaryota,0.0
Pseudosarbia,0,0,0.0,0.0,1,1,1,0.0,0.0,100.0,,,0,0,0,ncbi_only,Eukaryota,0.0
Vaucheria,0,0,0.0,0.0,1,1,1,0.0,0.0,100.0,,,0,0,0,ncbi_only,Eukaryota,0.0
Vavraia,0,0,0.0,0.0,1,1,1,0.0,0.0,100.0,,,0,0,0,ncbi_only,Eukaryota,0.0
Schizopora,0,0,0.0,0.0,1,1,1,0.0,0.0,100.0,,,0,0,0,ncbi_only,Eukaryota,0.0
Pyrocoelia,0,0,0.0,0.0,1,1,1,0.0,0.0,100.0,,,0,0,0,ncbi_only,Eukaryota,0.0
Thapsinillas,0,0,0.0,0.0,1,1,1,0.0,0.0,100.0,,,0,0,0,ncbi_only,Eukaryota,0.0
Pyrocystis,0,0,0.0,0.0,1,1,1,0.0,0.0,100.0,,,0,0,0,ncbi_only,Eukaryota,0.0
Telenomus,0,0,0.0,0.0,1,1,1,0.0,0.0,100.0,,,0,0,0,ncbi_only,Eukaryota,0.0
Pseudorimula,0,0,0.0,0.0,1,1,1,0.0,0.0,100.0,,,0,0,0,ncbi_only,Eukaryota,0.0
Pseudorhombus,0,0,0.0,0.0,1,1,1,0.0,0.0,100.0,,,0,0,0,ncbi_only,Eukaryota,0.0
Telemiades,0,0,0.0,0.0,1,1,1,0.0,0.0,100.0,,,0,0,0,ncbi_only,Eukaryota,0.0
Scopus,0,0,0.0,0.0,1,1,1,0.0,0.0,100.0,,,0,0,0,ncbi_only,Eukaryota,0.0
Scorias,0,0,0.0,0.0,1,1,1,0.0,0.0,100.0,,,0,0,0,ncbi_only,Eukaryota,0.0
Scorpaenodes,0,0,0.0,0.0,1,1,1,0.0,0.0,100.0,,,0,0,0,ncbi_only,Eukaryota,0.0
Scorpiodoras,0,0,0.0,0.0,1,1,1,0.0,0.0,100.0,,,0,0,0,ncbi_only,Eukaryota,0.0
Vesta,0,0,0.0,0.0,1,1,1,0.0,0.0,100.0,,,0,0,0,ncbi_only,Eukaryota,0.0
Scortechinia,0,0,0.0,0.0,1,1,1,0.0,0.0,100.0,,,0,0,0,ncbi_only,Eukaryota,0.0
Tolpis,0,0,0.0,0.0,1,1,1,0.0,0.0,100.0,,,0,0,0,ncbi_only,Eukaryota,0.0
Taractrocera,0,0,0.0,0.0,1,1,0,0.0,0.0,0.0,,,0,0,0,ncbi_only,Eukaryota,0.0
Venustaconcha,0,0,0.0,0.0,1,1,1,0.0,0.0,100.0,,,0,0,0,ncbi_only,Eukaryota,0.0
Pseudolycoriella,0,0,0.0,0.0,1,1,1,0.0,0.0,100.0,,,0,0,0,ncbi_only,Eukaryota,0.0
Trypethelium,0,0,0.0,0.0,1,1,1,0.0,0.0,100.0,,,0,0,0,ncbi_only,Eukaryota,0.0
Scotoplanes,0,0,0.0,0.0,1,1,1,0.0,0.0,100.0,,,0,0,0,ncbi_only,Eukaryota,0.0
Pseudoloma,0,0,0.0,0.0,1,1,1,0.0,0.0,100.0,,,0,0,0,ncbi_only,Eukaryota,0.0
Themira,0,0,0.0,0.0,1,1,1,0.0,0.0,100.0,,,0,0,0,ncbi_only,Eukaryota,0.0
Trupanea,0,0,0.0,0.0,1,1,1,0.0,0.0,100.0,,,0,0,0,ncbi_only,Eukaryota,0.0
Sageretia,0,0,0.0,0.0,1,1,0,0.0,0.0,0.0,,,0,0,0,ncbi_only,Eukaryota,0.0
Tapera,0,0,0.0,0.0,1,1,1,0.0,0.0,100.0,,,0,0,0,ncbi_only,Eukaryota,0.0
Tapena,0,0,0.0,0.0,1,1,1,0.0,0.0,100.0,,,0,0,0,ncbi_only,Eukaryota,0.0
Pseudois,0,0,0.0,0.0,1,1,1,0.0,0.0,100.0,,,0,0,0,ncbi_only,Eukaryota,0.0
Scutellospora,0,0,0.0,0.0,1,1,1,0.0,0.0,100.0,,,0,0,0,ncbi_only,Eukaryota,0.0
Scyllaea,0,0,0.0,0.0,1,1,1,0.0,0.0,100.0,,,0,0,0,ncbi_only,Eukaryota,0.0
Pseudohyphozyma,0,0,0.0,0.0,1,1,1,0.0,0.0,100.0,,,0,0,0,ncbi_only,Eukaryota,0.0
Scyllarides,0,0,0.0,0.0,1,1,1,0.0,0.0,100.0,,,0,0,0,ncbi_only,Eukaryota,0.0
Pseudohalonectria,0,0,0.0,0.0,1,1,1,0.0,0.0,100.0,,,0,0,0,ncbi_only,Eukaryota,0.0
Scytalopus,0,0,0.0,0.0,1,1,1,0.0,0.0,100.0,,,0,0,0,ncbi_only,Eukaryota,0.0
Saccharosydne,0,0,0.0,0.0,1,1,1,0.0,0.0,100.0,,,0,0,0,ncbi_only,Eukaryota,0.0
Tanytarsus,0,0,0.0,0.0,1,1,1,0.0,0.0,100.0,,,0,0,0,ncbi_only,Eukaryota,0.0
Tanypteryx,0,0,0.0,0.0,1,1,1,0.0,0.0,100.0,,,0,0,0,ncbi_only,Eukaryota,0.0
Tropilaelaps,0,0,0.0,0.0,1,1,1,0.0,0.0,100.0,,,0,0,0,ncbi_only,Eukaryota,0.0
Pseudolasius,0,0,0.0,0.0,1,1,1,0.0,0.0,100.0,,,0,0,0,ncbi_only,Eukaryota,0.0
Saiga,0,0,0.0,0.0,1,1,1,0.0,0.0,100.0,,,0,0,0,ncbi_only,Eukaryota,0.0
Sagmatias,0,0,0.0,0.0,1,1,0,0.0,0.0,0.0,,,0,0,0,ncbi_only,Eukaryota,0.0
Salantoia,0,0,0.0,0.0,1,1,1,0.0,0.0,100.0,,,0,0,0,ncbi_only,Eukaryota,0.0
Pseudonascus,0,0,0.0,0.0,1,1,1,0.0,0.0,100.0,,,0,0,0,ncbi_only,Eukaryota,0.0
Scleromitrula,0,0,0.0,0.0,1,1,1,0.0,0.0,100.0,,,0,0,0,ncbi_only,Eukaryota,0.0
Tasmannia,0,0,0.0,0.0,1,1,1,0.0,0.0,100.0,,,0,0,0,ncbi_only,Eukaryota,0.0
Sclerophora,0,0,0.0,0.0,1,1,0,0.0,0.0,0.0,,,0,0,0,ncbi_only,Eukaryota,0.0
Tubiluchus,0,0,0.0,0.0,1,1,1,0.0,0.0,100.0,,,0,0,0,ncbi_only,Eukaryota,0.0
Pseudomonodictys,0,0,0.0,0.0,1,1,1,0.0,0.0,100.0,,,0,0,0,ncbi_only,Eukaryota,0.0
Pseudomimeciton,0,0,0.0,0.0,1,1,1,0.0,0.0,100.0,,,0,0,0,ncbi_only,Eukaryota,0.0
Tarsipes,0,0,0.0,0.0,1,1,1,0.0,0.0,100.0,,,0,0,0,ncbi_only,Eukaryota,0.0
Sclerotiophoma,0,0,0.0,0.0,1,1,1,0.0,0.0,100.0,,,0,0,0,ncbi_only,Eukaryota,0.0
Quadriops,0,0,0.0,0.0,1,1,1,0.0,0.0,100.0,,,0,0,0,ncbi_only,Eukaryota,0.0
Sclerurus,0,0,0.0,0.0,1,1,1,0.0,0.0,100.0,,,0,0,0,ncbi_only,Eukaryota,0.0
Quambalaria,0,0,0.0,0.0,1,1,1,0.0,0.0,100.0,,,0,0,0,ncbi_only,Eukaryota,0.0
Theocolax,0,0,0.0,0.0,1,1,1,0.0,0.0,100.0,,,0,0,0,ncbi_only,Eukaryota,0.0
Theodoxus,0,0,0.0,0.0,1,1,1,0.0,0.0,100.0,,,0,0,0,ncbi_only,Eukaryota,0.0
Taphozous,0,0,0.0,0.0,1,1,1,0.0,0.0,100.0,,,0,0,0,ncbi_only,Eukaryota,0.0
Scolopendrellopsis,0,0,0.0,0.0,1,1,1,0.0,0.0,100.0,,,0,0,0,ncbi_only,Eukaryota,0.0
Quadrus,0,0,0.0,0.0,1,1,1,0.0,0.0,100.0,,,0,0,0,ncbi_only,Eukaryota,0.0
Quaeritorhiza,0,0,0.0,0.0,1,1,1,0.0,0.0,100.0,,,0,0,0,ncbi_only,Eukaryota,0.0
Vertagopus,0,0,0.0,0.0,1,1,1,0.0,0.0,100.0,,,0,0,0,ncbi_only,Eukaryota,0.0
Taraxacum,0,0,0.0,0.0,1,1,0,0.0,0.0,0.0,,,0,0,0,ncbi_only,Eukaryota,0.0
Scolanthus,0,0,0.0,0.0,1,1,1,0.0,0.0,100.0,,,0,0,0,ncbi_only,Eukaryota,0.0
Scomberomorus,0,0,0.0,0.0,1,1,1,0.0,0.0,100.0,,,0,0,0,ncbi_only,Eukaryota,0.0
Veretillum,0,0,0.0,0.0,1,1,1,0.0,0.0,100.0,,,0,0,0,ncbi_only,Eukaryota,0.0
Taudactylus,0,0,0.0,0.0,1,1,1,0.0,0.0,100.0,,,0,0,0,ncbi_only,Eukaryota,0.0
Venustampulla,0,0,0.0,0.0,1,1,1,0.0,0.0,100.0,,,0,0,0,ncbi_only,Eukaryota,0.0
Pseudoneurospora,0,0,0.0,0.0,1,1,1,0.0,0.0,100.0,,,0,0,0,ncbi_only,Eukaryota,0.0
Pseudoneoponera,0,0,0.0,0.0,1,1,1,0.0,0.0,100.0,,,0,0,0,ncbi_only,Eukaryota,0.0
Venustoraphidia,0,0,0.0,0.0,1,1,1,0.0,0.0,100.0,,,0,0,0,ncbi_only,Eukaryota,0.0
Sclerodermus,0,0,0.0,0.0,1,1,1,0.0,0.0,100.0,,,0,0,0,ncbi_only,Eukaryota,0.0
Tubulinosema,0,0,0.0,0.0,1,1,1,0.0,0.0,100.0,,,0,0,0,ncbi_only,Eukaryota,0.0
Salanx,0,0,0.0,0.0,1,1,1,0.0,0.0,100.0,,,0,0,0,ncbi_only,Eukaryota,0.0
Pteroplatytrygon,0,0,0.0,0.0,1,1,1,0.0,0.0,100.0,,,0,0,0,ncbi_only,Eukaryota,0.0
Pterophyllum,0,0,0.0,0.0,1,1,1,0.0,0.0,100.0,,,0,0,0,ncbi_only,Eukaryota,0.0
Urocolius,0,0,0.0,0.0,1,1,1,0.0,0.0,100.0,,,0,0,0,ncbi_only,Eukaryota,0.0
Pyrenopolyporus,0,0,0.0,0.0,1,1,1,0.0,0.0,100.0,,,0,0,0,ncbi_only,Eukaryota,0.0
Pseudotsuga,0,0,0.0,0.0,1,1,1,0.0,0.0,100.0,,,0,0,0,ncbi_only,Eukaryota,0.0
Sakesphorus,0,0,0.0,0.0,1,1,1,0.0,0.0,100.0,,,0,0,0,ncbi_only,Eukaryota,0.0
Scolecobasidium,0,0,0.0,0.0,1,1,1,0.0,0.0,100.0,,,0,0,0,ncbi_only,Eukaryota,0.0
Thelohanellus,0,0,0.0,0.0,1,1,1,0.0,0.0,100.0,,,0,0,0,ncbi_only,Eukaryota,0.0
Tarentola,0,0,0.0,0.0,1,1,1,0.0,0.0,100.0,,,0,0,0,ncbi_only,Eukaryota,0.0
Pseudomassariella,0,0,0.0,0.0,1,1,1,0.0,0.0,100.0,,,0,0,0,ncbi_only,Eukaryota,0.0
Vernicia,0,0,0.0,0.0,1,1,1,0.0,0.0,100.0,,,0,0,0,ncbi_only,Eukaryota,0.0
Scolelepis,0,0,0.0,0.0,1,1,1,0.0,0.0,100.0,,,0,0,0,ncbi_only,Eukaryota,0.0
Scolionema,0,0,0.0,0.0,1,1,1,0.0,0.0,100.0,,,0,0,0,ncbi_only,Eukaryota,0.0
Tubastraea,0,0,0.0,0.0,1,1,1,0.0,0.0,100.0,,,0,0,0,ncbi_only,Eukaryota,0.0
Tubaria,0,0,0.0,0.0,1,1,1,0.0,0.0,100.0,,,0,0,0,ncbi_only,Eukaryota,0.0
Tarenaya,0,0,0.0,0.0,1,1,1,0.0,0.0,100.0,,,0,0,0,ncbi_only,Eukaryota,0.0
Ptilorrhoa,0,0,0.0,0.0,1,1,1,0.0,0.0,100.0,,,0,0,0,ncbi_only,Eukaryota,0.0
Ptiloprora,0,0,0.0,0.0,1,1,1,0.0,0.0,100.0,,,0,0,0,ncbi_only,Eukaryota,0.0
Sarcandra,0,0,0.0,0.0,1,1,1,0.0,0.0,100.0,,,0,0,0,ncbi_only,Eukaryota,0.0
Terramyces,0,0,0.0,0.0,1,1,1,0.0,0.0,100.0,,,0,0,0,ncbi_only,Eukaryota,0.0
Ptilonorhynchus,0,0,0.0,0.0,1,1,1,0.0,0.0,100.0,,,0,0,0,ncbi_only,Eukaryota,0.0
Pterygophora,0,0,0.0,0.0,1,1,1,0.0,0.0,100.0,,,0,0,0,ncbi_only,Eukaryota,0.0
Pteruthius,0,0,0.0,0.0,1,1,1,0.0,0.0,100.0,,,0,0,0,ncbi_only,Eukaryota,0.0
Pseudotulostoma,0,0,0.0,0.0,1,1,1,0.0,0.0,100.0,,,0,0,0,ncbi_only,Eukaryota,0.0
Sarcodiotheca,0,0,0.0,0.0,1,1,1,0.0,0.0,100.0,,,0,0,0,ncbi_only,Eukaryota,0.0
Tetraneura,0,0,0.0,0.0,1,1,1,0.0,0.0,100.0,,,0,0,0,ncbi_only,Eukaryota,0.0
Sarcomyxa,0,0,0.0,0.0,1,1,1,0.0,0.0,100.0,,,0,0,0,ncbi_only,Eukaryota,0.0
Urobatis,0,0,0.0,0.0,1,1,1,0.0,0.0,100.0,,,0,0,0,ncbi_only,Eukaryota,0.0
Pterothamnion,0,0,0.0,0.0,1,1,1,0.0,0.0,100.0,,,0,0,0,ncbi_only,Eukaryota,0.0
Salpingotus,0,0,0.0,0.0,1,1,1,0.0,0.0,100.0,,,0,0,0,ncbi_only,Eukaryota,0.0
Pterostoma,0,0,0.0,0.0,1,1,1,0.0,0.0,100.0,,,0,0,0,ncbi_only,Eukaryota,0.0
Puntigrus,0,0,0.0,0.0,1,1,1,0.0,0.0,100.0,,,0,0,0,ncbi_only,Eukaryota,0.0
Tetraparma,0,0,0.0,0.0,1,1,1,0.0,0.0,100.0,,,0,0,0,ncbi_only,Eukaryota,0.0
Typhlonarke,0,0,0.0,0.0,1,1,1,0.0,0.0,100.0,,,0,0,0,ncbi_only,Eukaryota,0.0
Pteromalus,0,0,0.0,0.0,1,1,1,0.0,0.0,100.0,,,0,0,0,ncbi_only,Eukaryota,0.0
Uromys,0,0,0.0,0.0,1,1,1,0.0,0.0,100.0,,,0,0,0,ncbi_only,Eukaryota,0.0
Pterois,0,0,0.0,0.0,1,1,1,0.0,0.0,100.0,,,0,0,0,ncbi_only,Eukaryota,0.0
Sarea,0,0,0.0,0.0,1,1,0,0.0,0.0,0.0,,,0,0,0,ncbi_only,Eukaryota,0.0
Typhlomys,0,0,0.0,0.0,1,1,1,0.0,0.0,100.0,,,0,0,0,ncbi_only,Eukaryota,0.0
Uropetala,0,0,0.0,0.0,1,1,1,0.0,0.0,100.0,,,0,0,0,ncbi_only,Eukaryota,0.0
Uropsilus,0,0,0.0,0.0,1,1,1,0.0,0.0,100.0,,,0,0,0,ncbi_only,Eukaryota,0.0
Urosalpinx,0,0,0.0,0.0,1,1,1,0.0,0.0,100.0,,,0,0,0,ncbi_only,Eukaryota,0.0
Urocynchramus,0,0,0.0,0.0,1,1,1,0.0,0.0,100.0,,,0,0,0,ncbi_only,Eukaryota,0.0
Sarcopodium,0,0,0.0,0.0,1,1,1,0.0,0.0,100.0,,,0,0,0,ncbi_only,Eukaryota,0.0
Terminalia,0,0,0.0,0.0,1,1,1,0.0,0.0,100.0,,,0,0,0,ncbi_only,Eukaryota,0.0
Tyrannoseira,0,0,0.0,0.0,1,1,1,0.0,0.0,100.0,,,0,0,0,ncbi_only,Eukaryota,0.0
Ptilotula,0,0,0.0,0.0,1,1,1,0.0,0.0,100.0,,,0,0,0,ncbi_only,Eukaryota,0.0
Sarangesa,0,0,0.0,0.0,1,1,1,0.0,0.0,100.0,,,0,0,0,ncbi_only,Eukaryota,0.0
Testudo,0,0,0.0,0.0,1,1,1,0.0,0.0,100.0,,,0,0,0,ncbi_only,Eukaryota,0.0
Sanguinaria,0,0,0.0,0.0,1,1,1,0.0,0.0,100.0,,,0,0,0,ncbi_only,Eukaryota,0.0
Testicularia,0,0,0.0,0.0,1,1,1,0.0,0.0,100.0,,,0,0,0,ncbi_only,Eukaryota,0.0
Uncinocarpus,0,0,0.0,0.0,1,1,1,0.0,0.0,100.0,,,0,0,0,ncbi_only,Eukaryota,0.0
Tetragonia,0,0,0.0,0.0,1,1,1,0.0,0.0,100.0,,,0,0,0,ncbi_only,Eukaryota,0.0
Ulvella,0,0,0.0,0.0,1,1,1,0.0,0.0,100.0,,,0,0,0,ncbi_only,Eukaryota,0.0
Ptyas,0,0,0.0,0.0,1,1,1,0.0,0.0,100.0,,,0,0,0,ncbi_only,Eukaryota,0.0
Sarcosagium,0,0,0.0,0.0,1,1,0,0.0,0.0,0.0,,,0,0,0,ncbi_only,Eukaryota,0.0
Pteropepon,0,0,0.0,0.0,1,1,1,0.0,0.0,100.0,,,0,0,0,ncbi_only,Eukaryota,0.0
Urocyon,0,0,0.0,0.0,1,1,1,0.0,0.0,100.0,,,0,0,0,ncbi_only,Eukaryota,0.0
Uroleptopsis,0,0,0.0,0.0,1,1,1,0.0,0.0,100.0,,,0,0,0,ncbi_only,Eukaryota,0.0
Pteronura,0,0,0.0,0.0,1,1,1,0.0,0.0,100.0,,,0,0,0,ncbi_only,Eukaryota,0.0
Uroleucon,0,0,0.0,0.0,1,1,1,0.0,0.0,100.0,,,0,0,0,ncbi_only,Eukaryota,0.0
Pteronarcys,0,0,0.0,0.0,1,1,1,0.0,0.0,100.0,,,0,0,0,ncbi_only,Eukaryota,0.0
Tetraodon,0,0,0.0,0.0,1,1,1,0.0,0.0,100.0,,,0,0,0,ncbi_only,Eukaryota,0.0
Tetraopes,0,0,0.0,0.0,1,1,1,0.0,0.0,100.0,,,0,0,0,ncbi_only,Eukaryota,0.0
Ptychocheilus,0,0,0.0,0.0,1,1,1,0.0,0.0,100.0,,,0,0,0,ncbi_only,Eukaryota,0.0
Saraca,0,0,0.0,0.0,1,1,1,0.0,0.0,100.0,,,0,0,0,ncbi_only,Eukaryota,0.0
Ptychobarbus,0,0,0.0,0.0,1,1,1,0.0,0.0,100.0,,,0,0,0,ncbi_only,Eukaryota,0.0
Ptychidio,0,0,0.0,0.0,1,1,1,0.0,0.0,100.0,,,0,0,0,ncbi_only,Eukaryota,0.0
Sambus,0,0,0.0,0.0,1,1,1,0.0,0.0,100.0,,,0,0,0,ncbi_only,Eukaryota,0.0
Ulothrix,0,0,0.0,0.0,1,1,1,0.0,0.0,100.0,,,0,0,0,ncbi_only,Eukaryota,0.0
Sandelia,0,0,0.0,0.0,1,1,1,0.0,0.0,100.0,,,0,0,0,ncbi_only,Eukaryota,0.0
Umbonia,0,0,0.0,0.0,1,1,1,0.0,0.0,100.0,,,0,0,0,ncbi_only,Eukaryota,0.0
Pulchroboletus,0,0,0.0,0.0,1,1,1,0.0,0.0,100.0,,,0,0,0,ncbi_only,Eukaryota,0.0
Tetrabaena,0,0,0.0,0.0,1,1,1,0.0,0.0,100.0,,,0,0,0,ncbi_only,Eukaryota,0.0
Tetraclinis,0,0,0.0,0.0,1,1,1,0.0,0.0,100.0,,,0,0,0,ncbi_only,Eukaryota,0.0
Sanchytrium,0,0,0.0,0.0,1,1,1,0.0,0.0,100.0,,,0,0,0,ncbi_only,Eukaryota,0.0
Sanderia,0,0,0.0,0.0,1,1,1,0.0,0.0,100.0,,,0,0,0,ncbi_only,Eukaryota,0.0
Tethysbaena,0,0,0.0,0.0,1,1,1,0.0,0.0,100.0,,,0,0,0,ncbi_only,Eukaryota,0.0
Tetradonia,0,0,0.0,0.0,1,1,1,0.0,0.0,100.0,,,0,0,0,ncbi_only,Eukaryota,0.0
Samsoniella,0,0,0.0,0.0,1,1,1,0.0,0.0,100.0,,,0,0,0,ncbi_only,Eukaryota,0.0
Pterochromis,0,0,0.0,0.0,1,1,1,0.0,0.0,100.0,,,0,0,0,ncbi_only,Eukaryota,0.0
Ulota,0,0,0.0,0.0,1,1,1,0.0,0.0,100.0,,,0,0,0,ncbi_only,Eukaryota,0.0
Tetragonisca,0,0,0.0,0.0,1,1,1,0.0,0.0,100.0,,,0,0,0,ncbi_only,Eukaryota,0.0
Sapayoa,0,0,0.0,0.0,1,1,1,0.0,0.0,100.0,,,0,0,0,ncbi_only,Eukaryota,0.0
Ulomoides,0,0,0.0,0.0,1,1,1,0.0,0.0,100.0,,,0,0,0,ncbi_only,Eukaryota,0.0
Puccinellia,0,0,0.0,0.0,1,1,1,0.0,0.0,100.0,,,0,0,0,ncbi_only,Eukaryota,0.0
Upupa,0,0,0.0,0.0,1,1,1,0.0,0.0,100.0,,,0,0,0,ncbi_only,Eukaryota,0.0
Ptycholaimellus,0,0,0.0,0.0,1,1,1,0.0,0.0,100.0,,,0,0,0,ncbi_only,Eukaryota,0.0
Uranotaenia,0,0,0.0,0.0,1,1,1,0.0,0.0,100.0,,,0,0,0,ncbi_only,Eukaryota,0.0
Saponaria,0,0,0.0,0.0,1,1,1,0.0,0.0,100.0,,,0,0,0,ncbi_only,Eukaryota,0.0
Punctularia,0,0,0.0,0.0,1,1,1,0.0,0.0,100.0,,,0,0,0,ncbi_only,Eukaryota,0.0
Salvator,0,0,0.0,0.0,1,1,1,0.0,0.0,100.0,,,0,0,0,ncbi_only,Eukaryota,0.0
Ptychogena,0,0,0.0,0.0,1,1,1,0.0,0.0,100.0,,,0,0,0,ncbi_only,Eukaryota,0.0
Pundamilia,0,0,0.0,0.0,1,1,1,0.0,0.0,100.0,,,0,0,0,ncbi_only,Eukaryota,0.0
Urechis,0,0,0.0,0.0,1,1,1,0.0,0.0,100.0,,,0,0,0,ncbi_only,Eukaryota,0.0
Ptychochromis,0,0,0.0,0.0,1,1,1,0.0,0.0,100.0,,,0,0,0,ncbi_only,Eukaryota,0.0
Salisapilia,0,0,0.0,0.0,1,1,1,0.0,0.0,100.0,,,0,0,0,ncbi_only,Eukaryota,0.0
Saxispiralis,0,0,0.0,0.0,1,1,1,0.0,0.0,100.0,,,0,0,0,ncbi_only,Eukaryota,0.0
Saxophila,0,0,0.0,0.0,1,1,1,0.0,0.0,100.0,,,0,0,0,ncbi_only,Eukaryota,0.0
Scabiosa,0,0,0.0,0.0,1,1,1,0.0,0.0,100.0,,,0,0,0,ncbi_only,Eukaryota,0.0
Scalesia,0,0,0.0,0.0,1,1,1,0.0,0.0,100.0,,,0,0,0,ncbi_only,Eukaryota,0.0
Valencia,0,0,0.0,0.0,1,1,1,0.0,0.0,100.0,,,0,0,0,ncbi_only,Eukaryota,0.0
Pylaiella,0,0,0.0,0.0,1,1,1,0.0,0.0,100.0,,,0,0,0,ncbi_only,Eukaryota,0.0
Scalopus,0,0,0.0,0.0,1,1,1,0.0,0.0,100.0,,,0,0,0,ncbi_only,Eukaryota,0.0
Thalassianthus,0,0,0.0,0.0,1,1,1,0.0,0.0,100.0,,,0,0,0,ncbi_only,Eukaryota,0.0
Psilopogon,0,0,0.0,0.0,1,1,1,0.0,0.0,100.0,,,0,0,0,ncbi_only,Eukaryota,0.0
Pylodictis,0,0,0.0,0.0,1,1,1,0.0,0.0,100.0,,,0,0,0,ncbi_only,Eukaryota,0.0
Scaptochirus,0,0,0.0,0.0,1,1,1,0.0,0.0,100.0,,,0,0,0,ncbi_only,Eukaryota,0.0
Tenebrosternarchus,0,0,0.0,0.0,1,1,1,0.0,0.0,100.0,,,0,0,0,ncbi_only,Eukaryota,0.0
Psilanteris,0,0,0.0,0.0,1,1,1,0.0,0.0,100.0,,,0,0,0,ncbi_only,Eukaryota,0.0
Urostyla,0,0,0.0,0.0,1,1,1,0.0,0.0,100.0,,,0,0,0,ncbi_only,Eukaryota,0.0
Urosaurus,0,0,0.0,0.0,1,1,1,0.0,0.0,100.0,,,0,0,0,ncbi_only,Eukaryota,0.0
Scartelaos,0,0,0.0,0.0,1,1,1,0.0,0.0,100.0,,,0,0,0,ncbi_only,Eukaryota,0.0
Scarus,0,0,0.0,0.0,1,1,1,0.0,0.0,100.0,,,0,0,0,ncbi_only,Eukaryota,0.0
Pseudovirgaria,0,0,0.0,0.0,1,1,1,0.0,0.0,100.0,,,0,0,0,ncbi_only,Eukaryota,0.0
Vannuccia,0,0,0.0,0.0,1,1,1,0.0,0.0,100.0,,,0,0,0,ncbi_only,Eukaryota,0.0
Temnopleurus,0,0,0.0,0.0,1,1,1,0.0,0.0,100.0,,,0,0,0,ncbi_only,Eukaryota,0.0
Scathophaga,0,0,0.0,0.0,1,1,1,0.0,0.0,100.0,,,0,0,0,ncbi_only,Eukaryota,0.0
Pseudoverpa,0,0,0.0,0.0,1,1,1,0.0,0.0,100.0,,,0,0,0,ncbi_only,Eukaryota,0.0
Temnoplectron,0,0,0.0,0.0,1,1,1,0.0,0.0,100.0,,,0,0,0,ncbi_only,Eukaryota,0.0
Salinomyces,0,0,0.0,0.0,1,1,1,0.0,0.0,100.0,,,0,0,0,ncbi_only,Eukaryota,0.0
Telopea,0,0,0.0,0.0,1,1,1,0.0,0.0,100.0,,,0,0,0,ncbi_only,Eukaryota,0.0
Scelio,0,0,0.0,0.0,1,1,1,0.0,0.0,100.0,,,0,0,0,ncbi_only,Eukaryota,0.0
Pyracantha,0,0,0.0,0.0,1,1,1,0.0,0.0,100.0,,,0,0,0,ncbi_only,Eukaryota,0.0
Pygmarrhopalites,0,0,0.0,0.0,1,1,1,0.0,0.0,100.0,,,0,0,0,ncbi_only,Eukaryota,0.0
Psiguria,0,0,0.0,0.0,1,1,1,0.0,0.0,100.0,,,0,0,0,ncbi_only,Eukaryota,0.0
Psix,0,0,0.0,0.0,1,1,1,0.0,0.0,100.0,,,0,0,0,ncbi_only,Eukaryota,0.0
Psitteuteles,0,0,0.0,0.0,1,1,1,0.0,0.0,100.0,,,0,0,0,ncbi_only,Eukaryota,0.0
Terana,0,0,0.0,0.0,1,1,1,0.0,0.0,100.0,,,0,0,0,ncbi_only,Eukaryota,0.0
Sarsia,0,0,0.0,0.0,1,1,1,0.0,0.0,100.0,,,0,0,0,ncbi_only,Eukaryota,0.0
Pteraster,0,0,0.0,0.0,1,1,1,0.0,0.0,100.0,,,0,0,0,ncbi_only,Eukaryota,0.0
Purshia,0,0,0.0,0.0,1,1,1,0.0,0.0,100.0,,,0,0,0,ncbi_only,Eukaryota,0.0
Ptenothrix,0,0,0.0,0.0,1,1,1,0.0,0.0,100.0,,,0,0,0,ncbi_only,Eukaryota,0.0
Typhedanus,0,0,0.0,0.0,1,1,1,0.0,0.0,100.0,,,0,0,0,ncbi_only,Eukaryota,0.0
Tetraponera,0,0,0.0,0.0,1,1,1,0.0,0.0,100.0,,,0,0,0,ncbi_only,Eukaryota,0.0
Tetrapyrgos,0,0,0.0,0.0,1,1,1,0.0,0.0,100.0,,,0,0,0,ncbi_only,Eukaryota,0.0
Psylliodes,0,0,0.0,0.0,1,1,1,0.0,0.0,100.0,,,0,0,0,ncbi_only,Eukaryota,0.0
Sasia,0,0,0.0,0.0,1,1,1,0.0,0.0,100.0,,,0,0,0,ncbi_only,Eukaryota,0.0
Sargochromis,0,0,0.0,0.0,1,1,1,0.0,0.0,100.0,,,0,0,0,ncbi_only,Eukaryota,0.0
Psolus,0,0,0.0,0.0,1,1,1,0.0,0.0,100.0,,,0,0,0,ncbi_only,Eukaryota,0.0
Tenagobia,0,0,0.0,0.0,1,1,1,0.0,0.0,100.0,,,0,0,0,ncbi_only,Eukaryota,0.0
Pyramimonas,0,0,0.0,0.0,1,1,1,0.0,0.0,100.0,,,0,0,0,ncbi_only,Eukaryota,0.0
Pseudoxyrhopus,0,0,0.0,0.0,1,1,1,0.0,0.0,100.0,,,0,0,0,ncbi_only,Eukaryota,0.0
Pseudoxenodon,0,0,0.0,0.0,1,1,1,0.0,0.0,100.0,,,0,0,0,ncbi_only,Eukaryota,0.0
Pycnonotus,0,0,0.0,0.0,1,1,1,0.0,0.0,100.0,,,0,0,0,ncbi_only,Eukaryota,0.0
Pycnopodia,0,0,0.0,0.0,1,1,1,0.0,0.0,100.0,,,0,0,0,ncbi_only,Eukaryota,0.0
Psophocarpus,0,0,0.0,0.0,1,1,1,0.0,0.0,100.0,,,0,0,0,ncbi_only,Eukaryota,0.0
Pyemotes,0,0,0.0,0.0,1,1,1,0.0,0.0,100.0,,,0,0,0,ncbi_only,Eukaryota,0.0
Psophia,0,0,0.0,0.0,1,1,1,0.0,0.0,100.0,,,0,0,0,ncbi_only,Eukaryota,0.0
Tephritis,0,0,0.0,0.0,1,1,1,0.0,0.0,100.0,,,0,0,0,ncbi_only,Eukaryota,0.0
Tetrastigma,0,0,0.0,0.0,1,1,1,0.0,0.0,100.0,,,0,0,0,ncbi_only,Eukaryota,0.0
Sarkidiornis,0,0,0.0,0.0,1,1,1,0.0,0.0,100.0,,,0,0,0,ncbi_only,Eukaryota,0.0
Sarmientoia,0,0,0.0,0.0,1,1,1,0.0,0.0,100.0,,,0,0,0,ncbi_only,Eukaryota,0.0
Terapon,0,0,0.0,0.0,1,1,1,0.0,0.0,100.0,,,0,0,0,ncbi_only,Eukaryota,0.0
Urticina,0,0,0.0,0.0,1,1,1,0.0,0.0,100.0,,,0,0,0,ncbi_only,Eukaryota,0.0
Sarota,0,0,0.0,0.0,1,1,1,0.0,0.0,100.0,,,0,0,0,ncbi_only,Eukaryota,0.0
Typhlomyrmex,0,0,0.0,0.0,1,1,1,0.0,0.0,100.0,,,0,0,0,ncbi_only,Eukaryota,0.0
Tetrapedia,0,0,0.0,0.0,1,1,1,0.0,0.0,100.0,,,0,0,0,ncbi_only,Eukaryota,0.0
Tetraphis,0,0,0.0,0.0,1,1,1,0.0,0.0,100.0,,,0,0,0,ncbi_only,Eukaryota,0.0
Pteria,0,0,0.0,0.0,1,1,1,0.0,0.0,100.0,,,0,0,0,ncbi_only,Eukaryota,0.0
Symmachia,0,0,0.0,0.0,1,1,1,0.0,0.0,100.0,,,0,0,0,ncbi_only,Eukaryota,0.0
Symbiotaphrina,0,0,0.0,0.0,1,1,1,0.0,0.0,100.0,,,0,0,0,ncbi_only,Eukaryota,0.0
Prosapia,0,0,0.0,0.0,1,1,1,0.0,0.0,100.0,,,0,0,0,ncbi_only,Eukaryota,0.0
Prorops,0,0,0.0,0.0,1,1,1,0.0,0.0,100.0,,,0,0,0,ncbi_only,Eukaryota,0.0
Rudbeckia,0,0,0.0,0.0,1,1,1,0.0,0.0,100.0,,,0,0,0,ncbi_only,Eukaryota,0.0
Sideritis,0,0,0.0,0.0,1,1,1,0.0,0.0,100.0,,,0,0,0,ncbi_only,Eukaryota,0.0
Satarupa,0,0,0.0,0.0,1,1,1,0.0,0.0,100.0,,,0,0,0,ncbi_only,Eukaryota,0.0
Tepuihyla,0,0,0.0,0.0,1,1,1,0.0,0.0,100.0,,,0,0,0,ncbi_only,Eukaryota,0.0
Usnocetraria,0,0,0.0,0.0,1,1,0,0.0,0.0,0.0,,,0,0,0,ncbi_only,Eukaryota,0.0
Tympanopsis,0,0,0.0,0.0,1,1,1,0.0,0.0,100.0,,,0,0,0,ncbi_only,Eukaryota,0.0
Usnochroma,0,0,0.0,0.0,1,1,0,0.0,0.0,0.0,,,0,0,0,ncbi_only,Eukaryota,0.0
Puya,0,0,0.0,0.0,1,1,1,0.0,0.0,100.0,,,0,0,0,ncbi_only,Eukaryota,0.0
Tetrax,0,0,0.0,0.0,1,1,1,0.0,0.0,100.0,,,0,0,0,ncbi_only,Eukaryota,0.0
Tympanoctomys,0,0,0.0,0.0,1,1,1,0.0,0.0,100.0,,,0,0,0,ncbi_only,Eukaryota,0.0
Tylodina,0,0,0.0,0.0,1,1,1,0.0,0.0,100.0,,,0,0,0,ncbi_only,Eukaryota,0.0
Tetrix,0,0,0.0,0.0,1,1,1,0.0,0.0,100.0,,,0,0,0,ncbi_only,Eukaryota,0.0
Sylvicapra,0,0,0.0,0.0,1,1,1,0.0,0.0,100.0,,,0,0,0,ncbi_only,Eukaryota,0.0
Propsilocerus,0,0,0.0,0.0,1,1,1,0.0,0.0,100.0,,,0,0,0,ncbi_only,Eukaryota,0.0
Sycophaga,0,0,0.0,0.0,1,1,1,0.0,0.0,100.0,,,0,0,0,ncbi_only,Eukaryota,0.0
Wiebesia,0,0,0.0,0.0,1,1,1,0.0,0.0,100.0,,,0,0,0,ncbi_only,Eukaryota,0.0
Sycobia,0,0,0.0,0.0,1,1,1,0.0,0.0,100.0,,,0,0,0,ncbi_only,Eukaryota,0.0
Wilcoxina,0,0,0.0,0.0,1,1,1,0.0,0.0,100.0,,,0,0,0,ncbi_only,Eukaryota,0.0
Willeya,0,0,0.0,0.0,1,1,0,0.0,0.0,0.0,,,0,0,0,ncbi_only,Eukaryota,0.0
Trichosphaerium,0,0,0.0,0.0,1,1,1,0.0,0.0,100.0,,,0,0,0,ncbi_only,Eukaryota,0.0
Swietenia,0,0,0.0,0.0,1,1,1,0.0,0.0,100.0,,,0,0,0,ncbi_only,Eukaryota,0.0
Trichosia,0,0,0.0,0.0,1,1,1,0.0,0.0,100.0,,,0,0,0,ncbi_only,Eukaryota,0.0
Prorocentrum,0,0,0.0,0.0,1,1,1,0.0,0.0,100.0,,,0,0,0,ncbi_only,Eukaryota,0.0
Symmerus,0,0,0.0,0.0,1,1,1,0.0,0.0,100.0,,,0,0,0,ncbi_only,Eukaryota,0.0
Whalleya,0,0,0.0,0.0,1,1,1,0.0,0.0,100.0,,,0,0,0,ncbi_only,Eukaryota,0.0
Prostheceraeus,0,0,0.0,0.0,1,1,1,0.0,0.0,100.0,,,0,0,0,ncbi_only,Eukaryota,0.0
Prosopocoilus,0,0,0.0,0.0,1,1,1,0.0,0.0,100.0,,,0,0,0,ncbi_only,Eukaryota,0.0
Rubroshorea,0,0,0.0,0.0,1,1,1,0.0,0.0,100.0,,,0,0,0,ncbi_only,Eukaryota,0.0
Wasmannia,0,0,0.0,0.0,1,1,1,0.0,0.0,100.0,,,0,0,0,ncbi_only,Eukaryota,0.0
Proteles,0,0,0.0,0.0,1,1,1,0.0,0.0,100.0,,,0,0,0,ncbi_only,Eukaryota,0.0
Serranochromis,0,0,0.0,0.0,1,1,1,0.0,0.0,100.0,,,0,0,0,ncbi_only,Eukaryota,0.0
Serranus,0,0,0.0,0.0,1,1,1,0.0,0.0,100.0,,,0,0,0,ncbi_only,Eukaryota,0.0
Watasenia,0,0,0.0,0.0,1,1,1,0.0,0.0,100.0,,,0,0,0,ncbi_only,Eukaryota,0.0
Synodontis,0,0,0.0,0.0,1,1,1,0.0,0.0,100.0,,,0,0,0,ncbi_only,Eukaryota,0.0
Serrognathus,0,0,0.0,0.0,1,1,1,0.0,0.0,100.0,,,0,0,0,ncbi_only,Eukaryota,0.0
Sertania,0,0,0.0,0.0,1,1,1,0.0,0.0,100.0,,,0,0,0,ncbi_only,Eukaryota,0.0
Sertulicium,0,0,0.0,0.0,1,1,1,0.0,0.0,100.0,,,0,0,0,ncbi_only,Eukaryota,0.0
Rapana,0,0,0.0,0.0,1,1,1,0.0,0.0,100.0,,,0,0,0,ncbi_only,Eukaryota,0.0
Tricuspidalestes,0,0,0.0,0.0,1,1,1,0.0,0.0,100.0,,,0,0,0,ncbi_only,Eukaryota,0.0
Syndactyla,0,0,0.0,0.0,1,1,1,0.0,0.0,100.0,,,0,0,0,ncbi_only,Eukaryota,0.0
Sesbania,0,0,0.0,0.0,1,1,1,0.0,0.0,100.0,,,0,0,0,ncbi_only,Eukaryota,0.0
Watsoniomyces,0,0,0.0,0.0,1,1,0,0.0,0.0,0.0,,,0,0,0,ncbi_only,Eukaryota,0.0
Protaetia,0,0,0.0,0.0,1,1,1,0.0,0.0,100.0,,,0,0,0,ncbi_only,Eukaryota,0.0
Sylvietta,0,0,0.0,0.0,1,1,1,0.0,0.0,100.0,,,0,0,0,ncbi_only,Eukaryota,0.0
Setomelanomma,0,0,0.0,0.0,1,1,1,0.0,0.0,100.0,,,0,0,0,ncbi_only,Eukaryota,0.0
Sympodiomycopsis,0,0,0.0,0.0,1,1,1,0.0,0.0,100.0,,,0,0,0,ncbi_only,Eukaryota,0.0
Symplocos,0,0,0.0,0.0,1,1,1,0.0,0.0,100.0,,,0,0,0,ncbi_only,Eukaryota,0.0
Symphysodon,0,0,0.0,0.0,1,1,1,0.0,0.0,100.0,,,0,0,0,ncbi_only,Eukaryota,0.0
Weissflogia,0,0,0.0,0.0,1,1,1,0.0,0.0,100.0,,,0,0,0,ncbi_only,Eukaryota,0.0
Setoptus,0,0,0.0,0.0,1,1,1,0.0,0.0,100.0,,,0,0,0,ncbi_only,Eukaryota,0.0
Symphylella,0,0,0.0,0.0,1,1,1,0.0,0.0,100.0,,,0,0,0,ncbi_only,Eukaryota,0.0
Protandrena,0,0,0.0,0.0,1,1,1,0.0,0.0,100.0,,,0,0,0,ncbi_only,Eukaryota,0.0
Ruellia,0,0,0.0,0.0,1,1,1,0.0,0.0,100.0,,,0,0,0,ncbi_only,Eukaryota,0.0
Symmetrospora,0,0,0.0,0.0,1,1,1,0.0,0.0,100.0,,,0,0,0,ncbi_only,Eukaryota,0.0
Symmetromphalus,0,0,0.0,0.0,1,1,1,0.0,0.0,100.0,,,0,0,0,ncbi_only,Eukaryota,0.0
Synanceia,0,0,0.0,0.0,1,1,1,0.0,0.0,100.0,,,0,0,0,ncbi_only,Eukaryota,0.0
Raphicerus,0,0,0.0,0.0,1,1,1,0.0,0.0,100.0,,,0,0,0,ncbi_only,Eukaryota,0.0
Proteroiulus,0,0,0.0,0.0,1,1,1,0.0,0.0,100.0,,,0,0,0,ncbi_only,Eukaryota,0.0
Rugiboletus,0,0,0.0,0.0,1,1,1,0.0,0.0,100.0,,,0,0,0,ncbi_only,Eukaryota,0.0
Proteocephalus,0,0,0.0,0.0,1,1,1,0.0,0.0,100.0,,,0,0,0,ncbi_only,Eukaryota,0.0
Sialia,0,0,0.0,0.0,1,1,1,0.0,0.0,100.0,,,0,0,0,ncbi_only,Eukaryota,0.0
Prionopelta,0,0,0.0,0.0,1,1,1,0.0,0.0,100.0,,,0,0,0,ncbi_only,Eukaryota,0.0
Prionocyphon,0,0,0.0,0.0,1,1,1,0.0,0.0,100.0,,,0,0,0,ncbi_only,Eukaryota,0.0
Prionchulus,0,0,0.0,0.0,1,1,1,0.0,0.0,100.0,,,0,0,0,ncbi_only,Eukaryota,0.0
Trichopus,0,0,0.0,0.0,1,1,1,0.0,0.0,100.0,,,0,0,0,ncbi_only,Eukaryota,0.0
Prionace,0,0,0.0,0.0,1,1,1,0.0,0.0,100.0,,,0,0,0,ncbi_only,Eukaryota,0.0
Prinsepia,0,0,0.0,0.0,1,1,1,0.0,0.0,100.0,,,0,0,0,ncbi_only,Eukaryota,0.0
Prinia,0,0,0.0,0.0,1,1,1,0.0,0.0,100.0,,,0,0,0,ncbi_only,Eukaryota,0.0
Trichoniscus,0,0,0.0,0.0,1,1,1,0.0,0.0,100.0,,,0,0,0,ncbi_only,Eukaryota,0.0
Supraphorura,0,0,0.0,0.0,1,1,1,0.0,0.0,100.0,,,0,0,0,ncbi_only,Eukaryota,0.0
Theope,0,0,0.0,0.0,1,1,1,0.0,0.0,100.0,,,0,0,0,ncbi_only,Eukaryota,0.0
Triclaria,0,0,0.0,0.0,1,1,1,0.0,0.0,100.0,,,0,0,0,ncbi_only,Eukaryota,0.0
Setipinna,0,0,0.0,0.0,1,1,1,0.0,0.0,100.0,,,0,0,0,ncbi_only,Eukaryota,0.0
Tricladium,0,0,0.0,0.0,1,1,1,0.0,0.0,100.0,,,0,0,0,ncbi_only,Eukaryota,0.0
Proteides,0,0,0.0,0.0,1,1,1,0.0,0.0,100.0,,,0,0,0,ncbi_only,Eukaryota,0.0
Protea,0,0,0.0,0.0,1,1,1,0.0,0.0,100.0,,,0,0,0,ncbi_only,Eukaryota,0.0
Prietella,0,0,0.0,0.0,1,1,1,0.0,0.0,100.0,,,0,0,0,ncbi_only,Eukaryota,0.0
Sicydium,0,0,0.0,0.0,1,1,1,0.0,0.0,100.0,,,0,0,0,ncbi_only,Eukaryota,0.0
Rubinoboletus,0,0,0.0,0.0,1,1,1,0.0,0.0,100.0,,,0,0,0,ncbi_only,Eukaryota,0.0
Sicyocaulis,0,0,0.0,0.0,1,1,1,0.0,0.0,100.0,,,0,0,0,ncbi_only,Eukaryota,0.0
Sicyosperma,0,0,0.0,0.0,1,1,1,0.0,0.0,100.0,,,0,0,0,ncbi_only,Eukaryota,0.0
Wurfbainia,0,0,0.0,0.0,1,1,1,0.0,0.0,100.0,,,0,0,0,ncbi_only,Eukaryota,0.0
Wyeomyia,0,0,0.0,0.0,1,1,1,0.0,0.0,100.0,,,0,0,0,ncbi_only,Eukaryota,0.0
Priapulus,0,0,0.0,0.0,1,1,1,0.0,0.0,100.0,,,0,0,0,ncbi_only,Eukaryota,0.0
Priacma,0,0,0.0,0.0,1,1,1,0.0,0.0,100.0,,,0,0,0,ncbi_only,Eukaryota,0.0
Wyulda,0,0,0.0,0.0,1,1,1,0.0,0.0,100.0,,,0,0,0,ncbi_only,Eukaryota,0.0
Sibirionetta,0,0,0.0,0.0,1,1,1,0.0,0.0,100.0,,,0,0,0,ncbi_only,Eukaryota,0.0
Regalecus,0,0,0.0,0.0,1,1,1,0.0,0.0,100.0,,,0,0,0,ncbi_only,Eukaryota,0.0
Pristella,0,0,0.0,0.0,1,1,1,0.0,0.0,100.0,,,0,0,0,ncbi_only,Eukaryota,0.0
Prismatolaimus,0,0,0.0,0.0,1,1,1,0.0,0.0,100.0,,,0,0,0,ncbi_only,Eukaryota,0.0
Trichophaea,0,0,0.0,0.0,1,1,1,0.0,0.0,100.0,,,0,0,0,ncbi_only,Eukaryota,0.0
Surnia,0,0,0.0,0.0,1,1,1,0.0,0.0,100.0,,,0,0,0,ncbi_only,Eukaryota,0.0
Windia,0,0,0.0,0.0,1,1,1,0.0,0.0,100.0,,,0,0,0,ncbi_only,Eukaryota,0.0
Sweltsa,0,0,0.0,0.0,1,1,1,0.0,0.0,100.0,,,0,0,0,ncbi_only,Eukaryota,0.0
Proliferodiscus,0,0,0.0,0.0,1,1,1,0.0,0.0,100.0,,,0,0,0,ncbi_only,Eukaryota,0.0
Prolemur,0,0,0.0,0.0,1,1,1,0.0,0.0,100.0,,,0,0,0,ncbi_only,Eukaryota,0.0
Proisotoma,0,0,0.0,0.0,1,1,1,0.0,0.0,100.0,,,0,0,0,ncbi_only,Eukaryota,0.0
Rauvolfia,0,0,0.0,0.0,1,1,1,0.0,0.0,100.0,,,0,0,0,ncbi_only,Eukaryota,0.0
Progne,0,0,0.0,0.0,1,1,1,0.0,0.0,100.0,,,0,0,0,ncbi_only,Eukaryota,0.0
Shinisaurus,0,0,0.0,0.0,1,1,1,0.0,0.0,100.0,,,0,0,0,ncbi_only,Eukaryota,0.0
Proformica,0,0,0.0,0.0,1,1,1,0.0,0.0,100.0,,,0,0,0,ncbi_only,Eukaryota,0.0
Shionodiscus,0,0,0.0,0.0,1,1,1,0.0,0.0,100.0,,,0,0,0,ncbi_only,Eukaryota,0.0
Procypris,0,0,0.0,0.0,1,1,1,0.0,0.0,100.0,,,0,0,0,ncbi_only,Eukaryota,0.0
Thia,0,0,0.0,0.0,1,1,1,0.0,0.0,100.0,,,0,0,0,ncbi_only,Eukaryota,0.0
Proctacanthus,0,0,0.0,0.0,1,1,1,0.0,0.0,100.0,,,0,0,0,ncbi_only,Eukaryota,0.0
Trichopoda,0,0,0.0,0.0,1,1,1,0.0,0.0,100.0,,,0,0,0,ncbi_only,Eukaryota,0.0
Wollemia,0,0,0.0,0.0,1,1,1,0.0,0.0,100.0,,,0,0,0,ncbi_only,Eukaryota,0.0
Prillingera,0,0,0.0,0.0,1,1,1,0.0,0.0,100.0,,,0,0,0,ncbi_only,Eukaryota,0.0
Reaumuria,0,0,0.0,0.0,1,1,1,0.0,0.0,100.0,,,0,0,0,ncbi_only,Eukaryota,0.0
Procapra,0,0,0.0,0.0,1,1,1,0.0,0.0,100.0,,,0,0,0,ncbi_only,Eukaryota,0.0
Reclinomonas,0,0,0.0,0.0,1,1,1,0.0,0.0,100.0,,,0,0,0,ncbi_only,Eukaryota,0.0
Recurvirostra,0,0,0.0,0.0,1,1,1,0.0,0.0,100.0,,,0,0,0,ncbi_only,Eukaryota,0.0
Wirenia,0,0,0.0,0.0,1,1,1,0.0,0.0,100.0,,,0,0,0,ncbi_only,Eukaryota,0.0
Thinocorus,0,0,0.0,0.0,1,1,1,0.0,0.0,100.0,,,0,0,0,ncbi_only,Eukaryota,0.0
Probolomyrmex,0,0,0.0,0.0,1,1,1,0.0,0.0,100.0,,,0,0,0,ncbi_only,Eukaryota,0.0
Withania,0,0,0.0,0.0,1,1,1,0.0,0.0,100.0,,,0,0,0,ncbi_only,Eukaryota,0.0
Probaryconus,0,0,0.0,0.0,1,1,1,0.0,0.0,100.0,,,0,0,0,ncbi_only,Eukaryota,0.0
Proales,0,0,0.0,0.0,1,1,1,0.0,0.0,100.0,,,0,0,0,ncbi_only,Eukaryota,0.0
Wohlfahrtia,0,0,0.0,0.0,1,1,0,0.0,0.0,0.0,,,0,0,0,ncbi_only,Eukaryota,0.0
Redunca,0,0,0.0,0.0,1,1,1,0.0,0.0,100.0,,,0,0,0,ncbi_only,Eukaryota,0.0
Sussaba,0,0,0.0,0.0,1,1,1,0.0,0.0,100.0,,,0,0,0,ncbi_only,Eukaryota,0.0
Processa,0,0,0.0,0.0,1,1,1,0.0,0.0,100.0,,,0,0,0,ncbi_only,Eukaryota,0.0
Pristomyrmex,0,0,0.0,0.0,1,1,1,0.0,0.0,100.0,,,0,0,0,ncbi_only,Eukaryota,0.0
Promerops,0,0,0.0,0.0,1,1,1,0.0,0.0,100.0,,,0,0,0,ncbi_only,Eukaryota,0.0
Trogloglanis,0,0,0.0,0.0,1,1,1,0.0,0.0,100.0,,,0,0,0,ncbi_only,Eukaryota,0.0
Ragactis,0,0,0.0,0.0,1,1,1,0.0,0.0,100.0,,,0,0,0,ncbi_only,Eukaryota,0.0
Vitrella,0,0,0.0,0.0,1,1,1,0.0,0.0,100.0,,,0,0,0,ncbi_only,Eukaryota,0.0
Pseudobranchus,0,0,0.0,0.0,1,1,1,0.0,0.0,100.0,,,0,0,0,ncbi_only,Eukaryota,0.0
Seladonia,0,0,0.0,0.0,1,1,1,0.0,0.0,100.0,,,0,0,0,ncbi_only,Eukaryota,0.0
Sabella,0,0,0.0,0.0,1,1,1,0.0,0.0,100.0,,,0,0,0,ncbi_only,Eukaryota,0.0
Selene,0,0,0.0,0.0,1,1,1,0.0,0.0,100.0,,,0,0,0,ncbi_only,Eukaryota,0.0
Thermocarpiscus,0,0,0.0,0.0,1,1,1,0.0,0.0,100.0,,,0,0,0,ncbi_only,Eukaryota,0.0
Trochocercus,0,0,0.0,0.0,1,1,1,0.0,0.0,100.0,,,0,0,0,ncbi_only,Eukaryota,0.0
Vittaforma,0,0,0.0,0.0,1,1,1,0.0,0.0,100.0,,,0,0,0,ncbi_only,Eukaryota,0.0
Trochalopteron,0,0,0.0,0.0,1,1,1,0.0,0.0,100.0,,,0,0,0,ncbi_only,Eukaryota,0.0
Trizodia,0,0,0.0,0.0,1,1,0,0.0,0.0,0.0,,,0,0,0,ncbi_only,Eukaryota,0.0
Seison,0,0,0.0,0.0,1,1,1,0.0,0.0,100.0,,,0,0,0,ncbi_only,Eukaryota,0.0
Syntrichia,0,0,0.0,0.0,1,1,1,0.0,0.0,100.0,,,0,0,0,ncbi_only,Eukaryota,0.0
Synstelium,0,0,0.0,0.0,1,1,1,0.0,0.0,100.0,,,0,0,0,ncbi_only,Eukaryota,0.0
Proteromonas,0,0,0.0,0.0,1,1,1,0.0,0.0,100.0,,,0,0,0,ncbi_only,Eukaryota,0.0
Trissoscelio,0,0,0.0,0.0,1,1,1,0.0,0.0,100.0,,,0,0,0,ncbi_only,Eukaryota,0.0
Ryuthela,0,0,0.0,0.0,1,1,1,0.0,0.0,100.0,,,0,0,0,ncbi_only,Eukaryota,0.0
Vomeridens,0,0,0.0,0.0,1,1,1,0.0,0.0,100.0,,,0,0,0,ncbi_only,Eukaryota,0.0
Seminavis,0,0,0.0,0.0,1,1,1,0.0,0.0,100.0,,,0,0,0,ncbi_only,Eukaryota,0.0
Rynchops,0,0,0.0,0.0,1,1,1,0.0,0.0,100.0,,,0,0,0,ncbi_only,Eukaryota,0.0
Pseudephebe,0,0,0.0,0.0,1,1,0,0.0,0.0,0.0,,,0,0,0,ncbi_only,Eukaryota,0.0
Takakia,0,0,0.0,0.0,1,1,1,0.0,0.0,100.0,,,0,0,0,ncbi_only,Eukaryota,0.0
Pseudelaphe,0,0,0.0,0.0,1,1,1,0.0,0.0,100.0,,,0,0,0,ncbi_only,Eukaryota,0.0
Raillietiella,0,0,0.0,0.0,1,1,1,0.0,0.0,100.0,,,0,0,0,ncbi_only,Eukaryota,0.0
Pseudobiceros,0,0,0.0,0.0,1,1,1,0.0,0.0,100.0,,,0,0,0,ncbi_only,Eukaryota,0.0
Pseudobourletiella,0,0,0.0,0.0,1,1,1,0.0,0.0,100.0,,,0,0,0,ncbi_only,Eukaryota,0.0
Rafetus,0,0,0.0,0.0,1,1,1,0.0,0.0,100.0,,,0,0,0,ncbi_only,Eukaryota,0.0
Rafflesia,0,0,0.0,0.0,1,1,1,0.0,0.0,100.0,,,0,0,0,ncbi_only,Eukaryota,0.0
Vishniacozyma,0,0,0.0,0.0,1,1,1,0.0,0.0,100.0,,,0,0,0,ncbi_only,Eukaryota,0.0
Vitellaria,0,0,0.0,0.0,1,1,1,0.0,0.0,100.0,,,0,0,0,ncbi_only,Eukaryota,0.0
Troglopedetes,0,0,0.0,0.0,1,1,1,0.0,0.0,100.0,,,0,0,0,ncbi_only,Eukaryota,0.0
Violaceomyces,0,0,0.0,0.0,1,1,1,0.0,0.0,100.0,,,0,0,0,ncbi_only,Eukaryota,0.0
Sechium,0,0,0.0,0.0,1,1,1,0.0,0.0,100.0,,,0,0,0,ncbi_only,Eukaryota,0.0
Pseudofabraea,0,0,0.0,0.0,1,1,1,0.0,0.0,100.0,,,0,0,0,ncbi_only,Eukaryota,0.0
Tanozyma,0,0,0.0,0.0,1,1,1,0.0,0.0,100.0,,,0,0,0,ncbi_only,Eukaryota,0.0
Pseudodrephalys,0,0,0.0,0.0,1,1,1,0.0,0.0,100.0,,,0,0,0,ncbi_only,Eukaryota,0.0
Trogonoptera,0,0,0.0,0.0,1,1,1,0.0,0.0,100.0,,,0,0,0,ncbi_only,Eukaryota,0.0
Tamoya,0,0,0.0,0.0,1,1,1,0.0,0.0,100.0,,,0,0,0,ncbi_only,Eukaryota,0.0
Viviania,0,0,0.0,0.0,1,1,1,0.0,0.0,100.0,,,0,0,0,ncbi_only,Eukaryota,0.0
Voacanga,0,0,0.0,0.0,1,1,1,0.0,0.0,100.0,,,0,0,0,ncbi_only,Eukaryota,0.0
Triteleia,0,0,0.0,0.0,1,1,1,0.0,0.0,100.0,,,0,0,0,ncbi_only,Eukaryota,0.0
Pseudoatta,0,0,0.0,0.0,1,1,1,0.0,0.0,100.0,,,0,0,0,ncbi_only,Eukaryota,0.0
Vollenhovia,0,0,0.0,0.0,1,1,1,0.0,0.0,100.0,,,0,0,0,ncbi_only,Eukaryota,0.0
Semaprochilodus,0,0,0.0,0.0,1,1,1,0.0,0.0,100.0,,,0,0,0,ncbi_only,Eukaryota,0.0
Volutella,0,0,0.0,0.0,1,1,1,0.0,0.0,100.0,,,0,0,0,ncbi_only,Eukaryota,0.0
Talinum,0,0,0.0,0.0,1,1,1,0.0,0.0,100.0,,,0,0,0,ncbi_only,Eukaryota,0.0
Pseudisothecium,0,0,0.0,0.0,1,1,1,0.0,0.0,100.0,,,0,0,0,ncbi_only,Eukaryota,0.0
Saccharata,0,0,0.0,0.0,1,1,1,0.0,0.0,100.0,,,0,0,0,ncbi_only,Eukaryota,0.0
Virgularia,0,0,0.0,0.0,1,1,1,0.0,0.0,100.0,,,0,0,0,ncbi_only,Eukaryota,0.0
Pseudochromis,0,0,0.0,0.0,1,1,1,0.0,0.0,100.0,,,0,0,0,ncbi_only,Eukaryota,0.0
Sabuloglossum,0,0,0.0,0.0,1,1,1,0.0,0.0,100.0,,,0,0,0,ncbi_only,Eukaryota,0.0
Pseudochondrostoma,0,0,0.0,0.0,1,1,1,0.0,0.0,100.0,,,0,0,0,ncbi_only,Eukaryota,0.0
Radiomyces,0,0,0.0,0.0,1,1,1,0.0,0.0,100.0,,,0,0,0,ncbi_only,Eukaryota,0.0
Sedum,0,0,0.0,0.0,1,1,1,0.0,0.0,100.0,,,0,0,0,ncbi_only,Eukaryota,0.0
Pseudodiploospora,0,0,0.0,0.0,1,1,1,0.0,0.0,100.0,,,0,0,0,ncbi_only,Eukaryota,0.0
Radix,0,0,0.0,0.0,1,1,1,0.0,0.0,100.0,,,0,0,0,ncbi_only,Eukaryota,0.0
Theretra,0,0,0.0,0.0,1,1,1,0.0,0.0,100.0,,,0,0,0,ncbi_only,Eukaryota,0.0
Tropidonophis,0,0,0.0,0.0,1,1,1,0.0,0.0,100.0,,,0,0,0,ncbi_only,Eukaryota,0.0
Tropidodipsas,0,0,0.0,0.0,1,1,1,0.0,0.0,100.0,,,0,0,0,ncbi_only,Eukaryota,0.0
Thereuonema,0,0,0.0,0.0,1,1,1,0.0,0.0,100.0,,,0,0,0,ncbi_only,Eukaryota,0.0
Therioaphis,0,0,0.0,0.0,1,1,1,0.0,0.0,100.0,,,0,0,0,ncbi_only,Eukaryota,0.0
Theristus,0,0,0.0,0.0,1,1,1,0.0,0.0,100.0,,,0,0,0,ncbi_only,Eukaryota,0.0
Pseudofusicolla,0,0,0.0,0.0,1,1,1,0.0,0.0,100.0,,,0,0,0,ncbi_only,Eukaryota,0.0
Sequoia,0,0,0.0,0.0,1,1,1,0.0,0.0,100.0,,,0,0,0,ncbi_only,Eukaryota,0.0
Protopolystoma,0,0,0.0,0.0,1,1,1,0.0,0.0,100.0,,,0,0,0,ncbi_only,Eukaryota,0.0
Ramazzottius,0,0,0.0,0.0,1,1,1,0.0,0.0,100.0,,,0,0,0,ncbi_only,Eukaryota,0.0
Sequoiadendron,0,0,0.0,0.0,1,1,1,0.0,0.0,100.0,,,0,0,0,ncbi_only,Eukaryota,0.0
Rambutanura,0,0,0.0,0.0,1,1,1,0.0,0.0,100.0,,,0,0,0,ncbi_only,Eukaryota,0.0
Wakefieldia,0,0,0.0,0.0,1,1,1,0.0,0.0,100.0,,,0,0,0,ncbi_only,Eukaryota,0.0
Thermomucor,0,0,0.0,0.0,1,1,1,0.0,0.0,100.0,,,0,0,0,ncbi_only,Eukaryota,0.0
Tangara,0,0,0.0,0.0,1,1,1,0.0,0.0,100.0,,,0,0,0,ncbi_only,Eukaryota,0.0
Pseudocyphellaria,0,0,0.0,0.0,1,1,0,0.0,0.0,0.0,,,0,0,0,ncbi_only,Eukaryota,0.0
Pseudocrenilabrus,0,0,0.0,0.0,1,1,1,0.0,0.0,100.0,,,0,0,0,ncbi_only,Eukaryota,0.0
Racodium,0,0,0.0,0.0,1,1,1,0.0,0.0,100.0,,,0,0,0,ncbi_only,Eukaryota,0.0
Racta,0,0,0.0,0.0,1,1,1,0.0,0.0,100.0,,,0,0,0,ncbi_only,Eukaryota,0.0
Pseudocoladenia,0,0,0.0,0.0,1,1,1,0.0,0.0,100.0,,,0,0,0,ncbi_only,Eukaryota,0.0
Pseudocohnilembus,0,0,0.0,0.0,1,1,1,0.0,0.0,100.0,,,0,0,0,ncbi_only,Eukaryota,0.0
Radianthus,0,0,0.0,0.0,1,1,1,0.0,0.0,100.0,,,0,0,0,ncbi_only,Eukaryota,0.0
Tanaodytes,0,0,0.0,0.0,1,1,1,0.0,0.0,100.0,,,0,0,0,ncbi_only,Eukaryota,0.0
Protonotaria,0,0,0.0,0.0,1,1,1,0.0,0.0,100.0,,,0,0,0,ncbi_only,Eukaryota,0.0
Sepedophilus,0,0,0.0,0.0,1,1,1,0.0,0.0,100.0,,,0,0,0,ncbi_only,Eukaryota,0.0
Trileptium,0,0,0.0,0.0,1,1,1,0.0,0.0,100.0,,,0,0,0,ncbi_only,Eukaryota,0.0
Rambutsinella,0,0,0.0,0.0,1,1,1,0.0,0.0,100.0,,,0,0,0,ncbi_only,Eukaryota,0.0
Trinectes,0,0,0.0,0.0,1,1,1,0.0,0.0,100.0,,,0,0,0,ncbi_only,Eukaryota,0.0
Wahydra,0,0,0.0,0.0,1,1,1,0.0,0.0,100.0,,,0,0,0,ncbi_only,Eukaryota,0.0
Rupicapra,0,0,0.0,0.0,1,1,1,0.0,0.0,100.0,,,0,0,0,ncbi_only,Eukaryota,0.0
Syrista,0,0,0.0,0.0,1,1,1,0.0,0.0,100.0,,,0,0,0,ncbi_only,Eukaryota,0.0
Trimorus,0,0,0.0,0.0,1,1,1,0.0,0.0,100.0,,,0,0,0,ncbi_only,Eukaryota,0.0
Syringodium,0,0,0.0,0.0,1,1,1,0.0,0.0,100.0,,,0,0,0,ncbi_only,Eukaryota,0.0
Trimorphomyces,0,0,0.0,0.0,1,1,1,0.0,0.0,100.0,,,0,0,0,ncbi_only,Eukaryota,0.0
Rumohra,0,0,0.0,0.0,1,1,1,0.0,0.0,100.0,,,0,0,0,ncbi_only,Eukaryota,0.0
Prototroctes,0,0,0.0,0.0,1,1,1,0.0,0.0,100.0,,,0,0,0,ncbi_only,Eukaryota,0.0
Synura,0,0,0.0,0.0,1,1,1,0.0,0.0,100.0,,,0,0,0,ncbi_only,Eukaryota,0.0
Septoriella,0,0,0.0,0.0,1,1,1,0.0,0.0,100.0,,,0,0,0,ncbi_only,Eukaryota,0.0
Protostelium,0,0,0.0,0.0,1,1,1,0.0,0.0,100.0,,,0,0,0,ncbi_only,Eukaryota,0.0
Sergeia,0,0,0.0,0.0,1,1,1,0.0,0.0,100.0,,,0,0,0,ncbi_only,Eukaryota,0.0
Sergentomyia,0,0,0.0,0.0,1,1,1,0.0,0.0,100.0,,,0,0,0,ncbi_only,Eukaryota,0.0
Rugosomyces,0,0,0.0,0.0,1,1,1,0.0,0.0,100.0,,,0,0,0,ncbi_only,Eukaryota,0.0
Waltergamsia,0,0,0.0,0.0,1,1,1,0.0,0.0,100.0,,,0,0,0,ncbi_only,Eukaryota,0.0
Trigoniulus,0,0,0.0,0.0,1,1,1,0.0,0.0,100.0,,,0,0,0,ncbi_only,Eukaryota,0.0
Ramulariopsis,0,0,0.0,0.0,1,1,1,0.0,0.0,100.0,,,0,0,0,ncbi_only,Eukaryota,0.0
Ramulispora,0,0,0.0,0.0,1,1,0,0.0,0.0,0.0,,,0,0,0,ncbi_only,Eukaryota,0.0
Protoblastenia,0,0,0.0,0.0,1,1,0,0.0,0.0,0.0,,,0,0,0,ncbi_only,Eukaryota,0.0
Sericomyrmex,0,0,0.0,0.0,1,1,1,0.0,0.0,100.0,,,0,0,0,ncbi_only,Eukaryota,0.0
Sericornis,0,0,0.0,0.0,1,1,1,0.0,0.0,100.0,,,0,0,0,ncbi_only,Eukaryota,0.0
Thermophis,0,0,0.0,0.0,1,1,1,0.0,0.0,100.0,,,0,0,0,ncbi_only,Eukaryota,0.0
Sericostoma,0,0,0.0,0.0,1,1,1,0.0,0.0,100.0,,,0,0,0,ncbi_only,Eukaryota,0.0
Serilophus,0,0,0.0,0.0,1,1,1,0.0,0.0,100.0,,,0,0,0,ncbi_only,Eukaryota,0.0
Protesilaus,0,0,0.0,0.0,1,1,1,0.0,0.0,100.0,,,0,0,0,ncbi_only,Eukaryota,0.0
Trigonella,0,0,0.0,0.0,1,1,1,0.0,0.0,100.0,,,0,0,0,ncbi_only,Eukaryota,0.0
Ranatra,0,0,0.0,0.0,1,1,1,0.0,0.0,100.0,,,0,0,0,ncbi_only,Eukaryota,0.0
Taenioides,0,0,0.0,0.0,1,1,1,0.0,0.0,100.0,,,0,0,0,ncbi_only,Eukaryota,0.0
Semotilus,0,0,0.0,0.0,1,1,1,0.0,0.0,100.0,,,0,0,0,ncbi_only,Eukaryota,0.0
Vulcanoctopus,0,0,0.0,0.0,1,1,1,0.0,0.0,100.0,,,0,0,0,ncbi_only,Eukaryota,0.0
Tripidium,0,0,0.0,0.0,1,1,1,0.0,0.0,100.0,,,0,0,0,ncbi_only,Eukaryota,0.0
Pseudamia,0,0,0.0,0.0,1,1,1,0.0,0.0,100.0,,,0,0,0,ncbi_only,Eukaryota,0.0
Tachypodoiulus,0,0,0.0,0.0,1,1,1,0.0,0.0,100.0,,,0,0,0,ncbi_only,Eukaryota,0.0
Vulpicida,0,0,0.0,0.0,1,1,0,0.0,0.0,0.0,,,0,0,0,ncbi_only,Eukaryota,0.0
Tachuris,0,0,0.0,0.0,1,1,1,0.0,0.0,100.0,,,0,0,0,ncbi_only,Eukaryota,0.0
Pseudaspius,0,0,0.0,0.0,1,1,1,0.0,0.0,100.0,,,0,0,0,ncbi_only,Eukaryota,0.0
Rusavskia,0,0,0.0,0.0,1,1,1,0.0,0.0,100.0,,,0,0,0,ncbi_only,Eukaryota,0.0
Rusa,0,0,0.0,0.0,1,1,1,0.0,0.0,100.0,,,0,0,0,ncbi_only,Eukaryota,0.0
Protonibea,0,0,0.0,0.0,1,1,1,0.0,0.0,100.0,,,0,0,0,ncbi_only,Eukaryota,0.0
Serangium,0,0,0.0,0.0,1,1,1,0.0,0.0,100.0,,,0,0,0,ncbi_only,Eukaryota,0.0
Wallabia,0,0,0.0,0.0,1,1,1,0.0,0.0,100.0,,,0,0,0,ncbi_only,Eukaryota,0.0
Ramicandelaber,0,0,0.0,0.0,1,1,1,0.0,0.0,100.0,,,0,0,0,ncbi_only,Eukaryota,0.0
Ramichloridium,0,0,0.0,0.0,1,1,1,0.0,0.0,100.0,,,0,0,0,ncbi_only,Eukaryota,0.0
Ruthalicia,0,0,0.0,0.0,1,1,1,0.0,0.0,100.0,,,0,0,0,ncbi_only,Eukaryota,0.0
Tabernaemontana,0,0,0.0,0.0,1,1,1,0.0,0.0,100.0,,,0,0,0,ncbi_only,Eukaryota,0.0
Psammoneis,0,0,0.0,0.0,1,1,0,0.0,0.0,0.0,,,0,0,0,ncbi_only,Eukaryota,0.0
Syrrhaptes,0,0,0.0,0.0,1,1,1,0.0,0.0,100.0,,,0,0,0,ncbi_only,Eukaryota,0.0
Psammodynastes,0,0,0.0,0.0,1,1,1,0.0,0.0,100.0,,,0,0,0,ncbi_only,Eukaryota,0.0
Ruscus,0,0,0.0,0.0,1,1,1,0.0,0.0,100.0,,,0,0,0,ncbi_only,Eukaryota,0.0
Przewalskia,0,0,0.0,0.0,1,1,1,0.0,0.0,100.0,,,0,0,0,ncbi_only,Eukaryota,0.0
Trionyx,0,0,0.0,0.0,1,1,1,0.0,0.0,100.0,,,0,0,0,ncbi_only,Eukaryota,0.0
Vultur,0,0,0.0,0.0,1,1,1,0.0,0.0,100.0,,,0,0,0,ncbi_only,Eukaryota,0.0
Vriesea,0,0,0.0,0.0,1,1,1,0.0,0.0,100.0,,,0,0,0,ncbi_only,Eukaryota,0.0
Semisulcospira,0,0,0.0,0.0,1,1,1,0.0,0.0,100.0,,,0,0,0,ncbi_only,Eukaryota,0.0
Pseudaphritis,0,0,0.0,0.0,1,1,1,0.0,0.0,100.0,,,0,0,0,ncbi_only,Eukaryota,0.0
Pseudanteris,0,0,0.0,0.0,1,1,1,0.0,0.0,100.0,,,0,0,0,ncbi_only,Eukaryota,0.0
Triprion,0,0,0.0,0.0,1,1,1,0.0,0.0,100.0,,,0,0,0,ncbi_only,Eukaryota,0.0
Taeniura,0,0,0.0,0.0,1,1,1,0.0,0.0,100.0,,,0,0,0,ncbi_only,Eukaryota,0.0
Semnornis,0,0,0.0,0.0,1,1,1,0.0,0.0,100.0,,,0,0,0,ncbi_only,Eukaryota,0.0
Codiaeum,0,0,0.0,0.0,1,1,1,0.0,0.0,100.0,,,0,0,0,ncbi_only,Eukaryota,0.0
Clione,0,0,0.0,0.0,1,1,1,0.0,0.0,100.0,,,0,0,0,ncbi_only,Eukaryota,0.0
Cochlonema,0,0,0.0,0.0,1,1,1,0.0,0.0,100.0,,,0,0,0,ncbi_only,Eukaryota,0.0
Cochliopodium,0,0,0.0,0.0,1,1,1,0.0,0.0,100.0,,,0,0,0,ncbi_only,Eukaryota,0.0
Cochliomyia,0,0,0.0,0.0,1,1,1,0.0,0.0,100.0,,,0,0,0,ncbi_only,Eukaryota,0.0
Cochlearius,0,0,0.0,0.0,1,1,1,0.0,0.0,100.0,,,0,0,0,ncbi_only,Eukaryota,0.0
Coccyzus,0,0,0.0,0.0,1,1,1,0.0,0.0,100.0,,,0,0,0,ncbi_only,Eukaryota,0.0
Coccocarpia,0,0,0.0,0.0,1,1,0,0.0,0.0,0.0,,,0,0,0,ncbi_only,Eukaryota,0.0
Spironucleus,0,0,0.0,0.0,1,1,1,0.0,0.0,100.0,,,0,0,0,ncbi_only,Eukaryota,0.0
Trionymus,0,0,0.0,0.0,1,1,1,0.0,0.0,100.0,,,0,0,0,ncbi_only,Eukaryota,0.0
Tacca,0,0,0.0,0.0,1,1,1,0.0,0.0,100.0,,,0,0,0,ncbi_only,Eukaryota,0.0
Rutidosis,0,0,0.0,0.0,1,1,1,0.0,0.0,100.0,,,0,0,0,ncbi_only,Eukaryota,0.0
Pseudachorutes,0,0,0.0,0.0,1,1,1,0.0,0.0,100.0,,,0,0,0,ncbi_only,Eukaryota,0.0
Psettodes,0,0,0.0,0.0,1,1,1,0.0,0.0,100.0,,,0,0,0,ncbi_only,Eukaryota,0.0
Psephotus,0,0,0.0,0.0,1,1,1,0.0,0.0,100.0,,,0,0,0,ncbi_only,Eukaryota,0.0
Trinorchestia,0,0,0.0,0.0,1,1,1,0.0,0.0,100.0,,,0,0,0,ncbi_only,Eukaryota,0.0
Clohesyomyces,0,0,0.0,0.0,1,1,1,0.0,0.0,100.0,,,0,0,0,ncbi_only,Eukaryota,0.0
Clunio,0,0,0.0,0.0,1,1,1,0.0,0.0,100.0,,,0,0,0,ncbi_only,Eukaryota,0.0
Clupeocharax,0,0,0.0,0.0,1,1,1,0.0,0.0,100.0,,,0,0,0,ncbi_only,Eukaryota,0.0
Clydaea,0,0,0.0,0.0,1,1,1,0.0,0.0,100.0,,,0,0,0,ncbi_only,Eukaryota,0.0
Clypeosectus,0,0,0.0,0.0,1,1,1,0.0,0.0,100.0,,,0,0,0,ncbi_only,Eukaryota,0.0
Clytia,0,0,0.0,0.0,1,1,1,0.0,0.0,100.0,,,0,0,0,ncbi_only,Eukaryota,0.0
Cnaphalocrocis,0,0,0.0,0.0,1,1,1,0.0,0.0,100.0,,,0,0,0,ncbi_only,Eukaryota,0.0
Cnemophilus,0,0,0.0,0.0,1,1,1,0.0,0.0,100.0,,,0,0,0,ncbi_only,Eukaryota,0.0
Cnesterodon,0,0,0.0,0.0,1,1,1,0.0,0.0,100.0,,,0,0,0,ncbi_only,Eukaryota,0.0
Cnidium,0,0,0.0,0.0,1,1,1,0.0,0.0,100.0,,,0,0,0,ncbi_only,Eukaryota,0.0
Coboldia,0,0,0.0,0.0,1,1,1,0.0,0.0,100.0,,,0,0,0,ncbi_only,Eukaryota,0.0
Coendou,0,0,0.0,0.0,1,1,1,0.0,0.0,100.0,,,0,0,0,ncbi_only,Eukaryota,0.0
Coelogynopora,0,0,0.0,0.0,1,1,1,0.0,0.0,100.0,,,0,0,0,ncbi_only,Eukaryota,0.0
Coelinius,0,0,0.0,0.0,1,1,1,0.0,0.0,100.0,,,0,0,0,ncbi_only,Eukaryota,0.0
Coecobrya,0,0,0.0,0.0,1,1,1,0.0,0.0,100.0,,,0,0,0,ncbi_only,Eukaryota,0.0
Codinaeella,0,0,0.0,0.0,1,1,1,0.0,0.0,100.0,,,0,0,0,ncbi_only,Eukaryota,0.0
Colpophyllia,0,0,0.0,0.0,1,1,1,0.0,0.0,100.0,,,0,0,0,ncbi_only,Eukaryota,0.0
Colubraria,0,0,0.0,0.0,1,1,1,0.0,0.0,100.0,,,0,0,0,ncbi_only,Eukaryota,0.0
Columbicola,0,0,0.0,0.0,1,1,1,0.0,0.0,100.0,,,0,0,0,ncbi_only,Eukaryota,0.0
Columbina,0,0,0.0,0.0,1,1,1,0.0,0.0,100.0,,,0,0,0,ncbi_only,Eukaryota,0.0
Conchocele,0,0,0.0,0.0,1,1,1,0.0,0.0,100.0,,,0,0,0,ncbi_only,Eukaryota,0.0
Condylura,0,0,0.0,0.0,1,1,1,0.0,0.0,100.0,,,0,0,0,ncbi_only,Eukaryota,0.0
Congeria,0,0,0.0,0.0,1,1,1,0.0,0.0,100.0,,,0,0,0,ncbi_only,Eukaryota,0.0
Congoglanis,0,0,0.0,0.0,1,1,1,0.0,0.0,100.0,,,0,0,0,ncbi_only,Eukaryota,0.0
Connochaetes,0,0,0.0,0.0,1,1,1,0.0,0.0,100.0,,,0,0,0,ncbi_only,Eukaryota,0.0
Conogethes,0,0,0.0,0.0,1,1,1,0.0,0.0,100.0,,,0,0,0,ncbi_only,Eukaryota,0.0
Conoideocrella,0,0,0.0,0.0,1,1,1,0.0,0.0,100.0,,,0,0,0,ncbi_only,Eukaryota,0.0
Conopomorpha,0,0,0.0,0.0,1,1,1,0.0,0.0,100.0,,,0,0,0,ncbi_only,Eukaryota,0.0
Conraua,0,0,0.0,0.0,1,1,1,0.0,0.0,100.0,,,0,0,0,ncbi_only,Eukaryota,0.0
Combretum,0,0,0.0,0.0,1,1,1,0.0,0.0,100.0,,,0,0,0,ncbi_only,Eukaryota,0.0
Coenobita,0,0,0.0,0.0,1,1,1,0.0,0.0,100.0,,,0,0,0,ncbi_only,Eukaryota,0.0
Clitocybe,0,0,0.0,0.0,1,1,1,0.0,0.0,100.0,,,0,0,0,ncbi_only,Eukaryota,0.0
Clinocardium,0,0,0.0,0.0,1,1,1,0.0,0.0,100.0,,,0,0,0,ncbi_only,Eukaryota,0.0
Chunga,0,0,0.0,0.0,1,1,1,0.0,0.0,100.0,,,0,0,0,ncbi_only,Eukaryota,0.0
Chrysothrix,0,0,0.0,0.0,1,1,0,0.0,0.0,0.0,,,0,0,0,ncbi_only,Eukaryota,0.0
Churabana,0,0,0.0,0.0,1,1,1,0.0,0.0,100.0,,,0,0,0,ncbi_only,Eukaryota,0.0
Clinostomum,0,0,0.0,0.0,1,1,1,0.0,0.0,100.0,,,0,0,0,ncbi_only,Eukaryota,0.0
Clito,0,0,0.0,0.0,1,1,1,0.0,0.0,100.0,,,0,0,0,ncbi_only,Eukaryota,0.0
Coleonyx,0,0,0.0,0.0,1,1,1,0.0,0.0,100.0,,,0,0,0,ncbi_only,Eukaryota,0.0
Colistium,0,0,0.0,0.0,1,1,1,0.0,0.0,100.0,,,0,0,0,ncbi_only,Eukaryota,0.0
Collariella,0,0,0.0,0.0,1,1,1,0.0,0.0,100.0,,,0,0,0,ncbi_only,Eukaryota,0.0
Collema,0,0,0.0,0.0,1,1,0,0.0,0.0,0.0,,,0,0,0,ncbi_only,Eukaryota,0.0
Collessia,0,0,0.0,0.0,1,1,1,0.0,0.0,100.0,,,0,0,0,ncbi_only,Eukaryota,0.0
Collodictyon,0,0,0.0,0.0,1,1,1,0.0,0.0,100.0,,,0,0,0,ncbi_only,Eukaryota,0.0
Colobanthus,0,0,0.0,0.0,1,1,1,0.0,0.0,100.0,,,0,0,0,ncbi_only,Eukaryota,0.0
Colobopsis,0,0,0.0,0.0,1,1,1,0.0,0.0,100.0,,,0,0,0,ncbi_only,Eukaryota,0.0
Colocasiomyia,0,0,0.0,0.0,1,1,1,0.0,0.0,100.0,,,0,0,0,ncbi_only,Eukaryota,0.0
Colpoda,0,0,0.0,0.0,1,1,1,0.0,0.0,100.0,,,0,0,0,ncbi_only,Eukaryota,0.0
Chrosomus,0,0,0.0,0.0,1,1,1,0.0,0.0,100.0,,,0,0,0,ncbi_only,Eukaryota,0.0
Chrysiptera,0,0,0.0,0.0,1,1,1,0.0,0.0,100.0,,,0,0,0,ncbi_only,Eukaryota,0.0
Chrysogorgia,0,0,0.0,0.0,1,1,1,0.0,0.0,100.0,,,0,0,0,ncbi_only,Eukaryota,0.0
Chrysomallon,0,0,0.0,0.0,1,1,1,0.0,0.0,100.0,,,0,0,0,ncbi_only,Eukaryota,0.0
Chrysopa,0,0,0.0,0.0,1,1,1,0.0,0.0,100.0,,,0,0,0,ncbi_only,Eukaryota,0.0
Chrysoparadoxa,0,0,0.0,0.0,1,1,1,0.0,0.0,100.0,,,0,0,0,ncbi_only,Eukaryota,0.0
Chrysopelea,0,0,0.0,0.0,1,1,1,0.0,0.0,100.0,,,0,0,0,ncbi_only,Eukaryota,0.0
Chrysophaeum,0,0,0.0,0.0,1,1,1,0.0,0.0,100.0,,,0,0,0,ncbi_only,Eukaryota,0.0
Chrysopogon,0,0,0.0,0.0,1,1,1,0.0,0.0,100.0,,,0,0,0,ncbi_only,Eukaryota,0.0
Chrysosphaeria,0,0,0.0,0.0,1,1,1,0.0,0.0,100.0,,,0,0,0,ncbi_only,Eukaryota,0.0
Chrysosplenium,0,0,0.0,0.0,1,1,1,0.0,0.0,100.0,,,0,0,0,ncbi_only,Eukaryota,0.0
Cichladusa,0,0,0.0,0.0,1,1,1,0.0,0.0,100.0,,,0,0,0,ncbi_only,Eukaryota,0.0
Ciccaba,0,0,0.0,0.0,1,1,1,0.0,0.0,100.0,,,0,0,0,ncbi_only,Eukaryota,0.0
Cibotium,0,0,0.0,0.0,1,1,1,0.0,0.0,100.0,,,0,0,0,ncbi_only,Eukaryota,0.0
Ciboria,0,0,0.0,0.0,1,1,1,0.0,0.0,100.0,,,0,0,0,ncbi_only,Eukaryota,0.0
Chytridium,0,0,0.0,0.0,1,1,1,0.0,0.0,100.0,,,0,0,0,ncbi_only,Eukaryota,0.0
Clathrospora,0,0,0.0,0.0,1,1,1,0.0,0.0,100.0,,,0,0,0,ncbi_only,Eukaryota,0.0
Clathrus,0,0,0.0,0.0,1,1,1,0.0,0.0,100.0,,,0,0,0,ncbi_only,Eukaryota,0.0
Claussenomyces,0,0,0.0,0.0,1,1,0,0.0,0.0,0.0,,,0,0,0,ncbi_only,Eukaryota,0.0
Clavariopsis,0,0,0.0,0.0,1,1,1,0.0,0.0,100.0,,,0,0,0,ncbi_only,Eukaryota,0.0
Clavulina,0,0,0.0,0.0,1,1,1,0.0,0.0,100.0,,,0,0,0,ncbi_only,Eukaryota,0.0
Cletocamptus,0,0,0.0,0.0,1,1,1,0.0,0.0,100.0,,,0,0,0,ncbi_only,Eukaryota,0.0
Climacium,0,0,0.0,0.0,1,1,1,0.0,0.0,100.0,,,0,0,0,ncbi_only,Eukaryota,0.0
Climacteris,0,0,0.0,0.0,1,1,1,0.0,0.0,100.0,,,0,0,0,ncbi_only,Eukaryota,0.0
Cladopsammia,0,0,0.0,0.0,1,1,1,0.0,0.0,100.0,,,0,0,0,ncbi_only,Eukaryota,0.0
Cicinnurus,0,0,0.0,0.0,1,1,1,0.0,0.0,100.0,,,0,0,0,ncbi_only,Eukaryota,0.0
Cichlidogyrus,0,0,0.0,0.0,1,1,1,0.0,0.0,100.0,,,0,0,0,ncbi_only,Eukaryota,0.0
Cichlasoma,0,0,0.0,0.0,1,1,1,0.0,0.0,100.0,,,0,0,0,ncbi_only,Eukaryota,0.0
Chromulina,0,0,0.0,0.0,1,1,1,0.0,0.0,100.0,,,0,0,0,ncbi_only,Eukaryota,0.0
Chromulinospumella,0,0,0.0,0.0,1,1,1,0.0,0.0,100.0,,,0,0,0,ncbi_only,Eukaryota,0.0
Chroogomphus,0,0,0.0,0.0,1,1,1,0.0,0.0,100.0,,,0,0,0,ncbi_only,Eukaryota,0.0
Chroomonas,0,0,0.0,0.0,1,1,1,0.0,0.0,100.0,,,0,0,0,ncbi_only,Eukaryota,0.0
Cymathaere,0,0,0.0,0.0,1,1,1,0.0,0.0,100.0,,,0,0,0,ncbi_only,Eukaryota,0.0
Conringia,0,0,0.0,0.0,1,1,1,0.0,0.0,100.0,,,0,0,0,ncbi_only,Eukaryota,0.0
Ciliata,0,0,0.0,0.0,1,1,1,0.0,0.0,100.0,,,0,0,0,ncbi_only,Eukaryota,0.0
Cinara,0,0,0.0,0.0,1,1,1,0.0,0.0,100.0,,,0,0,0,ncbi_only,Eukaryota,0.0
Cinnamomeonectria,0,0,0.0,0.0,1,1,1,0.0,0.0,100.0,,,0,0,0,ncbi_only,Eukaryota,0.0
Circaeaster,0,0,0.0,0.0,1,1,1,0.0,0.0,100.0,,,0,0,0,ncbi_only,Eukaryota,0.0
Cirrosporium,0,0,0.0,0.0,1,1,0,0.0,0.0,0.0,,,0,0,0,ncbi_only,Eukaryota,0.0
Cirrula,0,0,0.0,0.0,1,1,1,0.0,0.0,100.0,,,0,0,0,ncbi_only,Eukaryota,0.0
Cissus,0,0,0.0,0.0,1,1,1,0.0,0.0,100.0,,,0,0,0,ncbi_only,Eukaryota,0.0
Cistanthe,0,0,0.0,0.0,1,1,1,0.0,0.0,100.0,,,0,0,0,ncbi_only,Eukaryota,0.0
Cistus,0,0,0.0,0.0,1,1,1,0.0,0.0,100.0,,,0,0,0,ncbi_only,Eukaryota,0.0
Citropsis,0,0,0.0,0.0,1,1,1,0.0,0.0,100.0,,,0,0,0,ncbi_only,Eukaryota,0.0
Cladosiphon,0,0,0.0,0.0,1,1,1,0.0,0.0,100.0,,,0,0,0,ncbi_only,Eukaryota,0.0
Clanis,0,0,0.0,0.0,1,1,1,0.0,0.0,100.0,,,0,0,0,ncbi_only,Eukaryota,0.0
Clarkia,0,0,0.0,0.0,1,1,1,0.0,0.0,100.0,,,0,0,0,ncbi_only,Eukaryota,0.0
Clathrina,0,0,0.0,0.0,1,1,1,0.0,0.0,100.0,,,0,0,0,ncbi_only,Eukaryota,0.0
Cryptocoryne,0,0,0.0,0.0,1,1,1,0.0,0.0,100.0,,,0,0,0,ncbi_only,Eukaryota,0.0
Cryptodendrum,0,0,0.0,0.0,1,1,1,0.0,0.0,100.0,,,0,0,0,ncbi_only,Eukaryota,0.0
Cryptolaemus,0,0,0.0,0.0,1,1,1,0.0,0.0,100.0,,,0,0,0,ncbi_only,Eukaryota,0.0
Ctenosaura,0,0,0.0,0.0,1,1,1,0.0,0.0,100.0,,,0,0,0,ncbi_only,Eukaryota,0.0
Ctenoplusia,0,0,0.0,0.0,1,1,1,0.0,0.0,100.0,,,0,0,0,ncbi_only,Eukaryota,0.0
Ctenoplectra,0,0,0.0,0.0,1,1,1,0.0,0.0,100.0,,,0,0,0,ncbi_only,Eukaryota,0.0
Ctenomys,0,0,0.0,0.0,1,1,1,0.0,0.0,100.0,,,0,0,0,ncbi_only,Eukaryota,0.0
Ctenoides,0,0,0.0,0.0,1,1,1,0.0,0.0,100.0,,,0,0,0,ncbi_only,Eukaryota,0.0
Crinitomyces,0,0,0.0,0.0,1,1,1,0.0,0.0,100.0,,,0,0,0,ncbi_only,Eukaryota,0.0
Ctenocephalides,0,0,0.0,0.0,1,1,1,0.0,0.0,100.0,,,0,0,0,ncbi_only,Eukaryota,0.0
Cryptotis,0,0,0.0,0.0,1,1,1,0.0,0.0,100.0,,,0,0,0,ncbi_only,Eukaryota,0.0
Cryptotermes,0,0,0.0,0.0,1,1,1,0.0,0.0,100.0,,,0,0,0,ncbi_only,Eukaryota,0.0
Cryptops,0,0,0.0,0.0,1,1,1,0.0,0.0,100.0,,,0,0,0,ncbi_only,Eukaryota,0.0
Cryptoporus,0,0,0.0,0.0,1,1,1,0.0,0.0,100.0,,,0,0,0,ncbi_only,Eukaryota,0.0
Cryptomyrus,0,0,0.0,0.0,1,1,1,0.0,0.0,100.0,,,0,0,0,ncbi_only,Eukaryota,0.0
Cryptoleucopteryx,0,0,0.0,0.0,1,1,1,0.0,0.0,100.0,,,0,0,0,ncbi_only,Eukaryota,0.0
Cylicostephanus,0,0,0.0,0.0,1,1,1,0.0,0.0,100.0,,,0,0,0,ncbi_only,Eukaryota,0.0
Cyanoliseus,0,0,0.0,0.0,1,1,1,0.0,0.0,100.0,,,0,0,0,ncbi_only,Eukaryota,0.0
Cudoniella,0,0,0.0,0.0,1,1,1,0.0,0.0,100.0,,,0,0,0,ncbi_only,Eukaryota,0.0
Cucurbitaria,0,0,0.0,0.0,1,1,1,0.0,0.0,100.0,,,0,0,0,ncbi_only,Eukaryota,0.0
Cucumispora,0,0,0.0,0.0,1,1,1,0.0,0.0,100.0,,,0,0,0,ncbi_only,Eukaryota,0.0
Cristinia,0,0,0.0,0.0,1,1,1,0.0,0.0,100.0,,,0,0,0,ncbi_only,Eukaryota,0.0
Crocus,0,0,0.0,0.0,1,1,1,0.0,0.0,100.0,,,0,0,0,ncbi_only,Eukaryota,0.0
Crocuta,0,0,0.0,0.0,1,1,1,0.0,0.0,100.0,,,0,0,0,ncbi_only,Eukaryota,0.0
Crotalaria,0,0,0.0,0.0,1,1,1,0.0,0.0,100.0,,,0,0,0,ncbi_only,Eukaryota,0.0
Crotaphopeltis,0,0,0.0,0.0,1,1,1,0.0,0.0,100.0,,,0,0,0,ncbi_only,Eukaryota,0.0
Crotophaga,0,0,0.0,0.0,1,1,1,0.0,0.0,100.0,,,0,0,0,ncbi_only,Eukaryota,0.0
Cruorifilaria,0,0,0.0,0.0,1,1,1,0.0,0.0,100.0,,,0,0,0,ncbi_only,Eukaryota,0.0
Cryoendolithus,0,0,0.0,0.0,1,1,1,0.0,0.0,100.0,,,0,0,0,ncbi_only,Eukaryota,0.0
Cryptoblepharus,0,0,0.0,0.0,1,1,1,0.0,0.0,100.0,,,0,0,0,ncbi_only,Eukaryota,0.0
Cryptocheilus,0,0,0.0,0.0,1,1,1,0.0,0.0,100.0,,,0,0,0,ncbi_only,Eukaryota,0.0
Cryptochiton,0,0,0.0,0.0,1,1,1,0.0,0.0,100.0,,,0,0,0,ncbi_only,Eukaryota,0.0
Cupitha,0,0,0.0,0.0,1,1,1,0.0,0.0,100.0,,,0,0,0,ncbi_only,Eukaryota,0.0
Cupressus,0,0,0.0,0.0,1,1,1,0.0,0.0,100.0,,,0,0,0,ncbi_only,Eukaryota,0.0
Curetis,0,0,0.0,0.0,1,1,1,0.0,0.0,100.0,,,0,0,0,ncbi_only,Eukaryota,0.0
Cursorius,0,0,0.0,0.0,1,1,1,0.0,0.0,100.0,,,0,0,0,ncbi_only,Eukaryota,0.0
Cyamophila,0,0,0.0,0.0,1,1,1,0.0,0.0,100.0,,,0,0,0,ncbi_only,Eukaryota,0.0
Cyanoderma,0,0,0.0,0.0,1,1,1,0.0,0.0,100.0,,,0,0,0,ncbi_only,Eukaryota,0.0
Cyanodermella,0,0,0.0,0.0,1,1,1,0.0,0.0,100.0,,,0,0,0,ncbi_only,Eukaryota,0.0
Cyanophora,0,0,0.0,0.0,1,1,1,0.0,0.0,100.0,,,0,0,0,ncbi_only,Eukaryota,0.0
Cyanopsitta,0,0,0.0,0.0,1,1,1,0.0,0.0,100.0,,,0,0,0,ncbi_only,Eukaryota,0.0
Cyathermia,0,0,0.0,0.0,1,1,1,0.0,0.0,100.0,,,0,0,0,ncbi_only,Eukaryota,0.0
Cycas,0,0,0.0,0.0,1,1,1,0.0,0.0,100.0,,,0,0,0,ncbi_only,Eukaryota,0.0
Cyclanthera,0,0,0.0,0.0,1,1,1,0.0,0.0,100.0,,,0,0,0,ncbi_only,Eukaryota,0.0
Cyclina,0,0,0.0,0.0,1,1,1,0.0,0.0,100.0,,,0,0,0,ncbi_only,Eukaryota,0.0
Cycloglypha,0,0,0.0,0.0,1,1,1,0.0,0.0,100.0,,,0,0,0,ncbi_only,Eukaryota,0.0
Cydonia,0,0,0.0,0.0,1,1,1,0.0,0.0,100.0,,,0,0,0,ncbi_only,Eukaryota,0.0
Cylicocyclus,0,0,0.0,0.0,1,1,1,0.0,0.0,100.0,,,0,0,0,ncbi_only,Eukaryota,0.0
Coreoperca,0,0,0.0,0.0,1,1,1,0.0,0.0,100.0,,,0,0,0,ncbi_only,Eukaryota,0.0
Coremiostelium,0,0,0.0,0.0,1,1,1,0.0,0.0,100.0,,,0,0,0,ncbi_only,Eukaryota,0.0
Coreius,0,0,0.0,0.0,1,1,1,0.0,0.0,100.0,,,0,0,0,ncbi_only,Eukaryota,0.0
Cordia,0,0,0.0,0.0,1,1,1,0.0,0.0,100.0,,,0,0,0,ncbi_only,Eukaryota,0.0
Corcyra,0,0,0.0,0.0,1,1,1,0.0,0.0,100.0,,,0,0,0,ncbi_only,Eukaryota,0.0
Corapipo,0,0,0.0,0.0,1,1,1,0.0,0.0,100.0,,,0,0,0,ncbi_only,Eukaryota,0.0
Coranthus,0,0,0.0,0.0,1,1,1,0.0,0.0,100.0,,,0,0,0,ncbi_only,Eukaryota,0.0
Corambe,0,0,0.0,0.0,1,1,1,0.0,0.0,100.0,,,0,0,0,ncbi_only,Eukaryota,0.0
Corallus,0,0,0.0,0.0,1,1,1,0.0,0.0,100.0,,,0,0,0,ncbi_only,Eukaryota,0.0
Cordylus,0,0,0.0,0.0,1,1,1,0.0,0.0,100.0,,,0,0,0,ncbi_only,Eukaryota,0.0
Cricetus,0,0,0.0,0.0,1,1,1,0.0,0.0,100.0,,,0,0,0,ncbi_only,Eukaryota,0.0
Cristatella,0,0,0.0,0.0,1,1,1,0.0,0.0,100.0,,,0,0,0,ncbi_only,Eukaryota,0.0
Cumathamnion,0,0,0.0,0.0,1,1,1,0.0,0.0,100.0,,,0,0,0,ncbi_only,Eukaryota,0.0
Cumuliphoma,0,0,0.0,0.0,1,1,1,0.0,0.0,100.0,,,0,0,0,ncbi_only,Eukaryota,0.0
Cuniculus,0,0,0.0,0.0,1,1,1,0.0,0.0,100.0,,,0,0,0,ncbi_only,Eukaryota,0.0
Cunninghamia,0,0,0.0,0.0,1,1,1,0.0,0.0,100.0,,,0,0,0,ncbi_only,Eukaryota,0.0
Coronaproctus,0,0,0.0,0.0,1,1,1,0.0,0.0,100.0,,,0,0,0,ncbi_only,Eukaryota,0.0
Cornuphallus,0,0,0.0,0.0,1,1,1,0.0,0.0,100.0,,,0,0,0,ncbi_only,Eukaryota,0.0
Contarinia,0,0,0.0,0.0,1,1,1,0.0,0.0,100.0,,,0,0,0,ncbi_only,Eukaryota,0.0
Conuropsis,0,0,0.0,0.0,1,1,1,0.0,0.0,100.0,,,0,0,0,ncbi_only,Eukaryota,0.0
Conyza,0,0,0.0,0.0,1,1,1,0.0,0.0,100.0,,,0,0,0,ncbi_only,Eukaryota,0.0
Cooperia,0,0,0.0,0.0,1,1,1,0.0,0.0,100.0,,,0,0,0,ncbi_only,Eukaryota,0.0
Copaeodes,0,0,0.0,0.0,1,1,1,0.0,0.0,100.0,,,0,0,0,ncbi_only,Eukaryota,0.0
Copris,0,0,0.0,0.0,1,1,1,0.0,0.0,100.0,,,0,0,0,ncbi_only,Eukaryota,0.0
Copromyces,0,0,0.0,0.0,1,1,1,0.0,0.0,100.0,,,0,0,0,ncbi_only,Eukaryota,0.0
Coproporus,0,0,0.0,0.0,1,1,1,0.0,0.0,100.0,,,0,0,0,ncbi_only,Eukaryota,0.0
Copsychus,0,0,0.0,0.0,1,1,1,0.0,0.0,100.0,,,0,0,0,ncbi_only,Eukaryota,0.0
Coptodactyla,0,0,0.0,0.0,1,1,1,0.0,0.0,100.0,,,0,0,0,ncbi_only,Eukaryota,0.0
Coptotermes,0,0,0.0,0.0,1,1,1,0.0,0.0,100.0,,,0,0,0,ncbi_only,Eukaryota,0.0
Corallochytrium,0,0,0.0,0.0,1,1,1,0.0,0.0,100.0,,,0,0,0,ncbi_only,Eukaryota,0.0
Cornicularia,0,0,0.0,0.0,1,1,0,0.0,0.0,0.0,,,0,0,0,ncbi_only,Eukaryota,0.0
Corniculantispora,0,0,0.0,0.0,1,1,1,0.0,0.0,100.0,,,0,0,0,ncbi_only,Eukaryota,0.0
Cotoneaster,0,0,0.0,0.0,1,1,1,0.0,0.0,100.0,,,0,0,0,ncbi_only,Eukaryota,0.0
Craseonycteris,0,0,0.0,0.0,1,1,1,0.0,0.0,100.0,,,0,0,0,ncbi_only,Eukaryota,0.0
Craspedacusta,0,0,0.0,0.0,1,1,1,0.0,0.0,100.0,,,0,0,0,ncbi_only,Eukaryota,0.0
Crassisporium,0,0,0.0,0.0,1,1,1,0.0,0.0,100.0,,,0,0,0,ncbi_only,Eukaryota,0.0
Craterostigma,0,0,0.0,0.0,1,1,1,0.0,0.0,100.0,,,0,0,0,ncbi_only,Eukaryota,0.0
Cratoneuron,0,0,0.0,0.0,1,1,1,0.0,0.0,100.0,,,0,0,0,ncbi_only,Eukaryota,0.0
Crax,0,0,0.0,0.0,1,1,1,0.0,0.0,100.0,,,0,0,0,ncbi_only,Eukaryota,0.0
Cremastobaeus,0,0,0.0,0.0,1,1,1,0.0,0.0,100.0,,,0,0,0,ncbi_only,Eukaryota,0.0
Crenichthys,0,0,0.0,0.0,1,1,1,0.0,0.0,100.0,,,0,0,0,ncbi_only,Eukaryota,0.0
Crenuchus,0,0,0.0,0.0,1,1,1,0.0,0.0,100.0,,,0,0,0,ncbi_only,Eukaryota,0.0
Creonpyge,0,0,0.0,0.0,1,1,1,0.0,0.0,100.0,,,0,0,0,ncbi_only,Eukaryota,0.0
Creontiades,0,0,0.0,0.0,1,1,1,0.0,0.0,100.0,,,0,0,0,ncbi_only,Eukaryota,0.0
Crespoa,0,0,0.0,0.0,1,1,0,0.0,0.0,0.0,,,0,0,0,ncbi_only,Eukaryota,0.0
Cressida,0,0,0.0,0.0,1,1,1,0.0,0.0,100.0,,,0,0,0,ncbi_only,Eukaryota,0.0
Crambe,0,0,0.0,0.0,1,1,1,0.0,0.0,100.0,,,0,0,0,ncbi_only,Eukaryota,0.0
Corrigiola,0,0,0.0,0.0,1,1,1,0.0,0.0,100.0,,,0,0,0,ncbi_only,Eukaryota,0.0
Caryocar,0,0,0.0,0.0,1,1,1,0.0,0.0,100.0,,,0,0,0,ncbi_only,Eukaryota,0.0
Carybdea,0,0,0.0,0.0,1,1,1,0.0,0.0,100.0,,,0,0,0,ncbi_only,Eukaryota,0.0
Catablema,0,0,0.0,0.0,1,1,1,0.0,0.0,100.0,,,0,0,0,ncbi_only,Eukaryota,0.0
Chromobotia,0,0,0.0,0.0,1,1,1,0.0,0.0,100.0,,,0,0,0,ncbi_only,Eukaryota,0.0
Chromodoris,0,0,0.0,0.0,1,1,1,0.0,0.0,100.0,,,0,0,0,ncbi_only,Eukaryota,0.0
Chromoteleia,0,0,0.0,0.0,1,1,1,0.0,0.0,100.0,,,0,0,0,ncbi_only,Eukaryota,0.0
Corydalis,0,0,0.0,0.0,1,1,1,0.0,0.0,100.0,,,0,0,0,ncbi_only,Eukaryota,0.0
Coryphaena,0,0,0.0,0.0,1,1,1,0.0,0.0,100.0,,,0,0,0,ncbi_only,Eukaryota,0.0
Coryphoblennius,0,0,0.0,0.0,1,1,1,0.0,0.0,100.0,,,0,0,0,ncbi_only,Eukaryota,0.0
Coryphopterus,0,0,0.0,0.0,1,1,1,0.0,0.0,100.0,,,0,0,0,ncbi_only,Eukaryota,0.0
Corythaeola,0,0,0.0,0.0,1,1,1,0.0,0.0,100.0,,,0,0,0,ncbi_only,Eukaryota,0.0
Corythaixoides,0,0,0.0,0.0,1,1,1,0.0,0.0,100.0,,,0,0,0,ncbi_only,Eukaryota,0.0
Corythucha,0,0,0.0,0.0,1,1,1,0.0,0.0,100.0,,,0,0,0,ncbi_only,Eukaryota,0.0
Corytophanes,0,0,0.0,0.0,1,1,1,0.0,0.0,100.0,,,0,0,0,ncbi_only,Eukaryota,0.0
Cosmopolites,0,0,0.0,0.0,1,1,1,0.0,0.0,100.0,,,0,0,0,ncbi_only,Eukaryota,0.0
Costaria,0,0,0.0,0.0,1,1,1,0.0,0.0,100.0,,,0,0,0,ncbi_only,Eukaryota,0.0
Caridina,0,0,0.0,0.0,1,1,1,0.0,0.0,100.0,,,0,0,0,ncbi_only,Eukaryota,0.0
Carlito,0,0,0.0,0.0,1,1,1,0.0,0.0,100.0,,,0,0,0,ncbi_only,Eukaryota,0.0
Carollia,0,0,0.0,0.0,1,1,1,0.0,0.0,100.0,,,0,0,0,ncbi_only,Eukaryota,0.0
Carpediemonas,0,0,0.0,0.0,1,1,1,0.0,0.0,100.0,,,0,0,0,ncbi_only,Eukaryota,0.0
Carpetania,0,0,0.0,0.0,1,1,1,0.0,0.0,100.0,,,0,0,0,ncbi_only,Eukaryota,0.0
Carposina,0,0,0.0,0.0,1,1,1,0.0,0.0,100.0,,,0,0,0,ncbi_only,Eukaryota,0.0
Carthamus,0,0,0.0,0.0,1,1,1,0.0,0.0,100.0,,,0,0,0,ncbi_only,Eukaryota,0.0
Catenaria,0,0,0.0,0.0,1,1,1,0.0,0.0,100.0,,,0,0,0,ncbi_only,Eukaryota,0.0
Catamblyrhynchus,0,0,0.0,0.0,1,1,1,0.0,0.0,100.0,,,0,0,0,ncbi_only,Eukaryota,0.0
Catalaphyllia,0,0,0.0,0.0,1,1,1,0.0,0.0,100.0,,,0,0,0,ncbi_only,Eukaryota,0.0
Catajapyx,0,0,0.0,0.0,1,1,1,0.0,0.0,100.0,,,0,0,0,ncbi_only,Eukaryota,0.0
Caracal,0,0,0.0,0.0,1,1,1,0.0,0.0,100.0,,,0,0,0,ncbi_only,Eukaryota,0.0
Catagonus,0,0,0.0,0.0,1,1,1,0.0,0.0,100.0,,,0,0,0,ncbi_only,Eukaryota,0.0
Castilleja,0,0,0.0,0.0,1,1,1,0.0,0.0,100.0,,,0,0,0,ncbi_only,Eukaryota,0.0
Castanospermum,0,0,0.0,0.0,1,1,1,0.0,0.0,100.0,,,0,0,0,ncbi_only,Eukaryota,0.0
Carystus,0,0,0.0,0.0,1,1,1,0.0,0.0,100.0,,,0,0,0,ncbi_only,Eukaryota,0.0
Cenococcum,0,0,0.0,0.0,1,1,1,0.0,0.0,100.0,,,0,0,0,ncbi_only,Eukaryota,0.0
Centaurea,0,0,0.0,0.0,1,1,1,0.0,0.0,100.0,,,0,0,0,ncbi_only,Eukaryota,0.0
Centrapalus,0,0,0.0,0.0,1,1,1,0.0,0.0,100.0,,,0,0,0,ncbi_only,Eukaryota,0.0
Centropristis,0,0,0.0,0.0,1,1,1,0.0,0.0,100.0,,,0,0,0,ncbi_only,Eukaryota,0.0
Centropyge,0,0,0.0,0.0,1,1,1,0.0,0.0,100.0,,,0,0,0,ncbi_only,Eukaryota,0.0
Cephalophus,0,0,0.0,0.0,1,1,1,0.0,0.0,100.0,,,0,0,0,ncbi_only,Eukaryota,0.0
Cephalopterus,0,0,0.0,0.0,1,1,1,0.0,0.0,100.0,,,0,0,0,ncbi_only,Eukaryota,0.0
Cephalotrichum,0,0,0.0,0.0,1,1,1,0.0,0.0,100.0,,,0,0,0,ncbi_only,Eukaryota,0.0
Cephalotus,0,0,0.0,0.0,1,1,1,0.0,0.0,100.0,,,0,0,0,ncbi_only,Eukaryota,0.0
Celatoblatta,0,0,0.0,0.0,1,1,1,0.0,0.0,100.0,,,0,0,0,ncbi_only,Eukaryota,0.0
Catenulostroma,0,0,0.0,0.0,1,1,1,0.0,0.0,100.0,,,0,0,0,ncbi_only,Eukaryota,0.0
Carcharhinus,0,0,0.0,0.0,1,1,1,0.0,0.0,100.0,,,0,0,0,ncbi_only,Eukaryota,0.0
Cardicola,0,0,0.0,0.0,1,1,1,0.0,0.0,100.0,,,0,0,0,ncbi_only,Eukaryota,0.0
Cardiospermum,0,0,0.0,0.0,1,1,1,0.0,0.0,100.0,,,0,0,0,ncbi_only,Eukaryota,0.0
Cardiosporidium,0,0,0.0,0.0,1,1,1,0.0,0.0,100.0,,,0,0,0,ncbi_only,Eukaryota,0.0
Caria,0,0,0.0,0.0,1,1,1,0.0,0.0,100.0,,,0,0,0,ncbi_only,Eukaryota,0.0
Capniomyces,0,0,0.0,0.0,1,1,1,0.0,0.0,100.0,,,0,0,0,ncbi_only,Eukaryota,0.0
Caprella,0,0,0.0,0.0,1,1,1,0.0,0.0,100.0,,,0,0,0,ncbi_only,Eukaryota,0.0
Capricornis,0,0,0.0,0.0,1,1,1,0.0,0.0,100.0,,,0,0,0,ncbi_only,Eukaryota,0.0
Capromys,0,0,0.0,0.0,1,1,1,0.0,0.0,100.0,,,0,0,0,ncbi_only,Eukaryota,0.0
Chromis,0,0,0.0,0.0,1,1,1,0.0,0.0,100.0,,,0,0,0,ncbi_only,Eukaryota,0.0
Carapus,0,0,0.0,0.0,1,1,1,0.0,0.0,100.0,,,0,0,0,ncbi_only,Eukaryota,0.0
Catonia,0,0,0.0,0.0,1,1,1,0.0,0.0,100.0,,,0,0,0,ncbi_only,Eukaryota,0.0
Catostomus,0,0,0.0,0.0,1,1,1,0.0,0.0,100.0,,,0,0,0,ncbi_only,Eukaryota,0.0
Catotricha,0,0,0.0,0.0,1,1,1,0.0,0.0,100.0,,,0,0,0,ncbi_only,Eukaryota,0.0
Caulerpa,0,0,0.0,0.0,1,1,1,0.0,0.0,100.0,,,0,0,0,ncbi_only,Eukaryota,0.0
Causus,0,0,0.0,0.0,1,1,1,0.0,0.0,100.0,,,0,0,0,ncbi_only,Eukaryota,0.0
Cavernularia,0,0,0.0,0.0,1,1,1,0.0,0.0,100.0,,,0,0,0,ncbi_only,Eukaryota,0.0
Cedrela,0,0,0.0,0.0,1,1,1,0.0,0.0,100.0,,,0,0,0,ncbi_only,Eukaryota,0.0
Cathartes,0,0,0.0,0.0,1,1,1,0.0,0.0,100.0,,,0,0,0,ncbi_only,Eukaryota,0.0
Cellarinelloides,0,0,0.0,0.0,1,1,1,0.0,0.0,100.0,,,0,0,0,ncbi_only,Eukaryota,0.0
Celoporthe,0,0,0.0,0.0,1,1,1,0.0,0.0,100.0,,,0,0,0,ncbi_only,Eukaryota,0.0
Chloebia,0,0,0.0,0.0,1,1,1,0.0,0.0,100.0,,,0,0,0,ncbi_only,Eukaryota,0.0
Chlidonias,0,0,0.0,0.0,1,1,1,0.0,0.0,100.0,,,0,0,0,ncbi_only,Eukaryota,0.0
Chlamys,0,0,0.0,0.0,1,1,1,0.0,0.0,100.0,,,0,0,0,ncbi_only,Eukaryota,0.0
Cerapachys,0,0,0.0,0.0,1,1,1,0.0,0.0,100.0,,,0,0,0,ncbi_only,Eukaryota,0.0
Chlamydoabsidia,0,0,0.0,0.0,1,1,1,0.0,0.0,100.0,,,0,0,0,ncbi_only,Eukaryota,0.0
Chiton,0,0,0.0,0.0,1,1,1,0.0,0.0,100.0,,,0,0,0,ncbi_only,Eukaryota,0.0
Chitala,0,0,0.0,0.0,1,1,1,0.0,0.0,100.0,,,0,0,0,ncbi_only,Eukaryota,0.0
Chirostoma,0,0,0.0,0.0,1,1,1,0.0,0.0,100.0,,,0,0,0,ncbi_only,Eukaryota,0.0
Chironex,0,0,0.0,0.0,1,1,0,0.0,0.0,0.0,,,0,0,0,ncbi_only,Eukaryota,0.0
Cepphus,0,0,0.0,0.0,1,1,1,0.0,0.0,100.0,,,0,0,0,ncbi_only,Eukaryota,0.0
Cephonodes,0,0,0.0,0.0,1,1,1,0.0,0.0,100.0,,,0,0,0,ncbi_only,Eukaryota,0.0
Cephise,0,0,0.0,0.0,1,1,1,0.0,0.0,100.0,,,0,0,0,ncbi_only,Eukaryota,0.0
Candidula,0,0,0.0,0.0,1,1,1,0.0,0.0,100.0,,,0,0,0,ncbi_only,Eukaryota,0.0
Canna,0,0,0.0,0.0,1,1,1,0.0,0.0,100.0,,,0,0,0,ncbi_only,Eukaryota,0.0
Caperea,0,0,0.0,0.0,1,1,1,0.0,0.0,100.0,,,0,0,0,ncbi_only,Eukaryota,0.0
Capitella,0,0,0.0,0.0,1,1,1,0.0,0.0,100.0,,,0,0,0,ncbi_only,Eukaryota,0.0
Chloridella,0,0,0.0,0.0,1,1,1,0.0,0.0,100.0,,,0,0,0,ncbi_only,Eukaryota,0.0
Chlorencoelia,0,0,0.0,0.0,1,1,1,0.0,0.0,100.0,,,0,0,0,ncbi_only,Eukaryota,0.0
Chelidonium,0,0,0.0,0.0,1,1,1,0.0,0.0,100.0,,,0,0,0,ncbi_only,Eukaryota,0.0
Cheumatopsyche,0,0,0.0,0.0,1,1,1,0.0,0.0,100.0,,,0,0,0,ncbi_only,Eukaryota,0.0
Chimarrichthys,0,0,0.0,0.0,1,1,1,0.0,0.0,100.0,,,0,0,0,ncbi_only,Eukaryota,0.0
Chinchaysuyoa,0,0,0.0,0.0,1,1,1,0.0,0.0,100.0,,,0,0,0,ncbi_only,Eukaryota,0.0
Chinchilla,0,0,0.0,0.0,1,1,1,0.0,0.0,100.0,,,0,0,0,ncbi_only,Eukaryota,0.0
Chiomara,0,0,0.0,0.0,1,1,1,0.0,0.0,100.0,,,0,0,0,ncbi_only,Eukaryota,0.0
Chionis,0,0,0.0,0.0,1,1,1,0.0,0.0,100.0,,,0,0,0,ncbi_only,Eukaryota,0.0
Chionobathyscus,0,0,0.0,0.0,1,1,1,0.0,0.0,100.0,,,0,0,0,ncbi_only,Eukaryota,0.0
Chionoecetes,0,0,0.0,0.0,1,1,1,0.0,0.0,100.0,,,0,0,0,ncbi_only,Eukaryota,0.0
Chionographis,0,0,0.0,0.0,1,1,1,0.0,0.0,100.0,,,0,0,0,ncbi_only,Eukaryota,0.0
Chiridota,0,0,0.0,0.0,1,1,1,0.0,0.0,100.0,,,0,0,0,ncbi_only,Eukaryota,0.0
Chlorellidium,0,0,0.0,0.0,1,1,1,0.0,0.0,100.0,,,0,0,0,ncbi_only,Eukaryota,0.0
Chloranthus,0,0,0.0,0.0,1,1,1,0.0,0.0,100.0,,,0,0,0,ncbi_only,Eukaryota,0.0
Chloephaga,0,0,0.0,0.0,1,1,1,0.0,0.0,100.0,,,0,0,0,ncbi_only,Eukaryota,0.0
Choaspes,0,0,0.0,0.0,1,1,1,0.0,0.0,100.0,,,0,0,0,ncbi_only,Eukaryota,0.0
Choerodon,0,0,0.0,0.0,1,1,1,0.0,0.0,100.0,,,0,0,0,ncbi_only,Eukaryota,0.0
Choiromyces,0,0,0.0,0.0,1,1,1,0.0,0.0,100.0,,,0,0,0,ncbi_only,Eukaryota,0.0
Chologaster,0,0,0.0,0.0,1,1,1,0.0,0.0,100.0,,,0,0,0,ncbi_only,Eukaryota,0.0
Chondracanthus,0,0,0.0,0.0,1,1,1,0.0,0.0,100.0,,,0,0,0,ncbi_only,Eukaryota,0.0
Chloris,0,0,0.0,0.0,1,1,1,0.0,0.0,100.0,,,0,0,0,ncbi_only,Eukaryota,0.0
Chondria,0,0,0.0,0.0,1,1,1,0.0,0.0,100.0,,,0,0,0,ncbi_only,Eukaryota,0.0
Chondrostereum,0,0,0.0,0.0,1,1,1,0.0,0.0,100.0,,,0,0,0,ncbi_only,Eukaryota,0.0
Chondrus,0,0,0.0,0.0,1,1,1,0.0,0.0,100.0,,,0,0,0,ncbi_only,Eukaryota,0.0
Choneiulus,0,0,0.0,0.0,1,1,1,0.0,0.0,100.0,,,0,0,0,ncbi_only,Eukaryota,0.0
Choranthus,0,0,0.0,0.0,1,1,1,0.0,0.0,100.0,,,0,0,0,ncbi_only,Eukaryota,0.0
Chordeiles,0,0,0.0,0.0,1,1,1,0.0,0.0,100.0,,,0,0,0,ncbi_only,Eukaryota,0.0
Chordeuma,0,0,0.0,0.0,1,1,1,0.0,0.0,100.0,,,0,0,0,ncbi_only,Eukaryota,0.0
Choristocarpus,0,0,0.0,0.0,1,1,1,0.0,0.0,100.0,,,0,0,0,ncbi_only,Eukaryota,0.0
Chouioia,0,0,0.0,0.0,1,1,1,0.0,0.0,100.0,,,0,0,0,ncbi_only,Eukaryota,0.0
Chloridium,0,0,0.0,0.0,1,1,1,0.0,0.0,100.0,,,0,0,0,ncbi_only,Eukaryota,0.0
Cetomimus,0,0,0.0,0.0,1,1,1,0.0,0.0,100.0,,,0,0,0,ncbi_only,Eukaryota,0.0
Cetoscarus,0,0,0.0,0.0,1,1,1,0.0,0.0,100.0,,,0,0,0,ncbi_only,Eukaryota,0.0
Cetradonia,0,0,0.0,0.0,1,1,1,0.0,0.0,100.0,,,0,0,0,ncbi_only,Eukaryota,0.0
Cettia,0,0,0.0,0.0,1,1,1,0.0,0.0,100.0,,,0,0,0,ncbi_only,Eukaryota,0.0
Ceuthmochares,0,0,0.0,0.0,1,1,1,0.0,0.0,100.0,,,0,0,0,ncbi_only,Eukaryota,0.0
Chaenodraco,0,0,0.0,0.0,1,1,1,0.0,0.0,100.0,,,0,0,0,ncbi_only,Eukaryota,0.0
Ceriodaphnia,0,0,0.0,0.0,1,1,1,0.0,0.0,100.0,,,0,0,0,ncbi_only,Eukaryota,0.0
Cheiracanthium,0,0,0.0,0.0,1,1,1,0.0,0.0,100.0,,,0,0,0,ncbi_only,Eukaryota,0.0
Chelictinia,0,0,0.0,0.0,1,1,1,0.0,0.0,100.0,,,0,0,0,ncbi_only,Eukaryota,0.0
Chelidonichthys,0,0,0.0,0.0,1,1,1,0.0,0.0,100.0,,,0,0,0,ncbi_only,Eukaryota,0.0
Chlorocystis,0,0,0.0,0.0,1,1,1,0.0,0.0,100.0,,,0,0,0,ncbi_only,Eukaryota,0.0
Chlorodrepanis,0,0,0.0,0.0,1,1,1,0.0,0.0,100.0,,,0,0,0,ncbi_only,Eukaryota,0.0
Chlorokybus,0,0,0.0,0.0,1,1,1,0.0,0.0,100.0,,,0,0,0,ncbi_only,Eukaryota,0.0
Chloromonas,0,0,0.0,0.0,1,1,1,0.0,0.0,100.0,,,0,0,0,ncbi_only,Eukaryota,0.0
Chlorophytum,0,0,0.0,0.0,1,1,1,0.0,0.0,100.0,,,0,0,0,ncbi_only,Eukaryota,0.0
Chlorops,0,0,0.0,0.0,1,1,1,0.0,0.0,100.0,,,0,0,0,ncbi_only,Eukaryota,0.0
Ceratonova,0,0,0.0,0.0,1,1,1,0.0,0.0,100.0,,,0,0,0,ncbi_only,Eukaryota,0.0
Ceratorhiza,0,0,0.0,0.0,1,1,1,0.0,0.0,100.0,,,0,0,0,ncbi_only,Eukaryota,0.0
Ceratoteleas,0,0,0.0,0.0,1,1,1,0.0,0.0,100.0,,,0,0,0,ncbi_only,Eukaryota,0.0
Cerberus,0,0,0.0,0.0,1,1,1,0.0,0.0,100.0,,,0,0,0,ncbi_only,Eukaryota,0.0
Cercis,0,0,0.0,0.0,1,1,1,0.0,0.0,100.0,,,0,0,0,ncbi_only,Eukaryota,0.0
Cercococcyx,0,0,0.0,0.0,1,1,1,0.0,0.0,100.0,,,0,0,0,ncbi_only,Eukaryota,0.0
Cercopithifilaria,0,0,0.0,0.0,1,1,1,0.0,0.0,100.0,,,0,0,0,ncbi_only,Eukaryota,0.0
Cercotrichas,0,0,0.0,0.0,1,1,1,0.0,0.0,100.0,,,0,0,0,ncbi_only,Eukaryota,0.0
Cerebratulus,0,0,0.0,0.0,1,1,1,0.0,0.0,100.0,,,0,0,0,ncbi_only,Eukaryota,0.0
Cereus,0,0,0.0,0.0,1,1,1,0.0,0.0,100.0,,,0,0,0,ncbi_only,Eukaryota,0.0
Chaenomeles,0,0,0.0,0.0,1,1,1,0.0,0.0,100.0,,,0,0,0,ncbi_only,Eukaryota,0.0
Cerioporus,0,0,0.0,0.0,1,1,1,0.0,0.0,100.0,,,0,0,0,ncbi_only,Eukaryota,0.0
Ceriporiopsis,0,0,0.0,0.0,1,1,1,0.0,0.0,100.0,,,0,0,0,ncbi_only,Eukaryota,0.0
Cerrena,0,0,0.0,0.0,1,1,1,0.0,0.0,100.0,,,0,0,0,ncbi_only,Eukaryota,0.0
Certesia,0,0,0.0,0.0,1,1,1,0.0,0.0,100.0,,,0,0,0,ncbi_only,Eukaryota,0.0
Ceryle,0,0,0.0,0.0,1,1,1,0.0,0.0,100.0,,,0,0,0,ncbi_only,Eukaryota,0.0
Chaoborus,0,0,0.0,0.0,1,1,1,0.0,0.0,100.0,,,0,0,0,ncbi_only,Eukaryota,0.0
Chara,0,0,0.0,0.0,1,1,1,0.0,0.0,100.0,,,0,0,0,ncbi_only,Eukaryota,0.0
Characiochloris,0,0,0.0,0.0,1,1,1,0.0,0.0,100.0,,,0,0,0,ncbi_only,Eukaryota,0.0
Characodon,0,0,0.0,0.0,1,1,1,0.0,0.0,100.0,,,0,0,0,ncbi_only,Eukaryota,0.0
Charidia,0,0,0.0,0.0,1,1,1,0.0,0.0,100.0,,,0,0,0,ncbi_only,Eukaryota,0.0
Chascanopsetta,0,0,0.0,0.0,1,1,1,0.0,0.0,100.0,,,0,0,0,ncbi_only,Eukaryota,0.0
Chatrabus,0,0,0.0,0.0,1,1,1,0.0,0.0,100.0,,,0,0,0,ncbi_only,Eukaryota,0.0
Chauna,0,0,0.0,0.0,1,1,1,0.0,0.0,100.0,,,0,0,0,ncbi_only,Eukaryota,0.0
Chaunax,0,0,0.0,0.0,1,1,1,0.0,0.0,100.0,,,0,0,0,ncbi_only,Eukaryota,0.0
Chamaecrista,0,0,0.0,0.0,1,1,1,0.0,0.0,100.0,,,0,0,0,ncbi_only,Eukaryota,0.0
Cheilinus,0,0,0.0,0.0,1,1,1,0.0,0.0,100.0,,,0,0,0,ncbi_only,Eukaryota,0.0
Chaenotheca,0,0,0.0,0.0,1,1,0,0.0,0.0,0.0,,,0,0,0,ncbi_only,Eukaryota,0.0
Chaenogobius,0,0,0.0,0.0,1,1,1,0.0,0.0,100.0,,,0,0,0,ncbi_only,Eukaryota,0.0
Cerastes,0,0,0.0,0.0,1,1,1,0.0,0.0,100.0,,,0,0,0,ncbi_only,Eukaryota,0.0
Ceratogymna,0,0,0.0,0.0,1,1,1,0.0,0.0,100.0,,,0,0,0,ncbi_only,Eukaryota,0.0
Ceratonia,0,0,0.0,0.0,1,1,1,0.0,0.0,100.0,,,0,0,0,ncbi_only,Eukaryota,0.0
Chaetogeoica,0,0,0.0,0.0,1,1,1,0.0,0.0,100.0,,,0,0,0,ncbi_only,Eukaryota,0.0
Chaetomella,0,0,0.0,0.0,1,1,1,0.0,0.0,100.0,,,0,0,0,ncbi_only,Eukaryota,0.0
Chaetomidium,0,0,0.0,0.0,1,1,1,0.0,0.0,100.0,,,0,0,0,ncbi_only,Eukaryota,0.0
Chaetopelma,0,0,0.0,0.0,1,1,1,0.0,0.0,100.0,,,0,0,0,ncbi_only,Eukaryota,0.0
Chaetophractus,0,0,0.0,0.0,1,1,1,0.0,0.0,100.0,,,0,0,0,ncbi_only,Eukaryota,0.0
Chaetops,0,0,0.0,0.0,1,1,1,0.0,0.0,100.0,,,0,0,0,ncbi_only,Eukaryota,0.0
Chaetorhynchus,0,0,0.0,0.0,1,1,1,0.0,0.0,100.0,,,0,0,0,ncbi_only,Eukaryota,0.0
Chaetoscypha,0,0,0.0,0.0,1,1,1,0.0,0.0,100.0,,,0,0,0,ncbi_only,Eukaryota,0.0
Chaetura,0,0,0.0,0.0,1,1,1,0.0,0.0,100.0,,,0,0,0,ncbi_only,Eukaryota,0.0
Chaitophorus,0,0,0.0,0.0,1,1,1,0.0,0.0,100.0,,,0,0,0,ncbi_only,Eukaryota,0.0
Chalara,0,0,0.0,0.0,1,1,1,0.0,0.0,100.0,,,0,0,0,ncbi_only,Eukaryota,0.0
Chalcopsitta,0,0,0.0,0.0,1,1,1,0.0,0.0,100.0,,,0,0,0,ncbi_only,Eukaryota,0.0
Chaetocneme,0,0,0.0,0.0,1,1,1,0.0,0.0,100.0,,,0,0,0,ncbi_only,Eukaryota,0.0
Chalinula,0,0,0.0,0.0,1,1,1,0.0,0.0,100.0,,,0,0,0,ncbi_only,Eukaryota,0.0
Chamaecyparis,0,0,0.0,0.0,1,1,1,0.0,0.0,100.0,,,0,0,0,ncbi_only,Eukaryota,0.0
Chamaedrilus,0,0,0.0,0.0,1,1,1,0.0,0.0,100.0,,,0,0,0,ncbi_only,Eukaryota,0.0
Ellochelon,0,0,0.0,0.0,1,1,1,0.0,0.0,100.0,,,0,0,0,ncbi_only,Eukaryota,0.0
Elminia,0,0,0.0,0.0,1,1,1,0.0,0.0,100.0,,,0,0,0,ncbi_only,Eukaryota,0.0
Elopichthys,0,0,0.0,0.0,1,1,1,0.0,0.0,100.0,,,0,0,0,ncbi_only,Eukaryota,0.0
Enchelyopus,0,0,0.0,0.0,1,1,1,0.0,0.0,100.0,,,0,0,0,ncbi_only,Eukaryota,0.0
Emydomyces,0,0,0.0,0.0,1,1,1,0.0,0.0,100.0,,,0,0,0,ncbi_only,Eukaryota,0.0
Emydocephalus,0,0,0.0,0.0,1,1,1,0.0,0.0,100.0,,,0,0,0,ncbi_only,Eukaryota,0.0
Emmelus,0,0,0.0,0.0,1,1,1,0.0,0.0,100.0,,,0,0,0,ncbi_only,Eukaryota,0.0
Elacatinus,0,0,0.0,0.0,1,1,1,0.0,0.0,100.0,,,0,0,0,ncbi_only,Eukaryota,0.0
Emiliania,0,0,0.0,0.0,1,1,1,0.0,0.0,100.0,,,0,0,0,ncbi_only,Eukaryota,0.0
Embidobia,0,0,0.0,0.0,1,1,1,0.0,0.0,100.0,,,0,0,0,ncbi_only,Eukaryota,0.0
Embelia,0,0,0.0,0.0,1,1,1,0.0,0.0,100.0,,,0,0,0,ncbi_only,Eukaryota,0.0
Emarellia,0,0,0.0,0.0,1,1,1,0.0,0.0,100.0,,,0,0,0,ncbi_only,Eukaryota,0.0
Elymus,0,0,0.0,0.0,1,1,1,0.0,0.0,100.0,,,0,0,0,ncbi_only,Eukaryota,0.0
Elymnias,0,0,0.0,0.0,1,1,1,0.0,0.0,100.0,,,0,0,0,ncbi_only,Eukaryota,0.0
Cymbomonas,0,0,0.0,0.0,1,1,1,0.0,0.0,100.0,,,0,0,0,ncbi_only,Eukaryota,0.0
Cylloceria,0,0,0.0,0.0,1,1,1,0.0,0.0,100.0,,,0,0,0,ncbi_only,Eukaryota,0.0
Enypniastes,0,0,0.0,0.0,1,1,1,0.0,0.0,100.0,,,0,0,0,ncbi_only,Eukaryota,0.0
Eomecon,0,0,0.0,0.0,1,1,1,0.0,0.0,100.0,,,0,0,0,ncbi_only,Eukaryota,0.0
Eonycteris,0,0,0.0,0.0,1,1,1,0.0,0.0,100.0,,,0,0,0,ncbi_only,Eukaryota,0.0
Eospalax,0,0,0.0,0.0,1,1,1,0.0,0.0,100.0,,,0,0,0,ncbi_only,Eukaryota,0.0
Eperua,0,0,0.0,0.0,1,1,1,0.0,0.0,100.0,,,0,0,0,ncbi_only,Eukaryota,0.0
Enterospora,0,0,0.0,0.0,1,1,1,0.0,0.0,100.0,,,0,0,0,ncbi_only,Eukaryota,0.0
Endocalyx,0,0,0.0,0.0,1,1,1,0.0,0.0,100.0,,,0,0,0,ncbi_only,Eukaryota,0.0
Elaeocarpus,0,0,0.0,0.0,1,1,1,0.0,0.0,100.0,,,0,0,0,ncbi_only,Eukaryota,0.0
Elaeophora,0,0,0.0,0.0,1,1,1,0.0,0.0,100.0,,,0,0,0,ncbi_only,Eukaryota,0.0
Elanoides,0,0,0.0,0.0,1,1,1,0.0,0.0,100.0,,,0,0,0,ncbi_only,Eukaryota,0.0
Elaphomyces,0,0,0.0,0.0,1,1,1,0.0,0.0,100.0,,,0,0,0,ncbi_only,Eukaryota,0.0
Eleginus,0,0,0.0,0.0,1,1,1,0.0,0.0,100.0,,,0,0,0,ncbi_only,Eukaryota,0.0
Elgonia,0,0,0.0,0.0,1,1,1,0.0,0.0,100.0,,,0,0,0,ncbi_only,Eukaryota,0.0
Elliptochloris,0,0,0.0,0.0,1,1,1,0.0,0.0,100.0,,,0,0,0,ncbi_only,Eukaryota,0.0
Ellobium,0,0,0.0,0.0,1,1,1,0.0,0.0,100.0,,,0,0,0,ncbi_only,Eukaryota,0.0
Ellobius,0,0,0.0,0.0,1,1,1,0.0,0.0,100.0,,,0,0,0,ncbi_only,Eukaryota,0.0
Ephydra,0,0,0.0,0.0,1,1,1,0.0,0.0,100.0,,,0,0,0,ncbi_only,Eukaryota,0.0
Elachura,0,0,0.0,0.0,1,1,1,0.0,0.0,100.0,,,0,0,0,ncbi_only,Eukaryota,0.0
Endocronartium,0,0,0.0,0.0,1,1,1,0.0,0.0,100.0,,,0,0,0,ncbi_only,Eukaryota,0.0
Endogone,0,0,0.0,0.0,1,1,1,0.0,0.0,100.0,,,0,0,0,ncbi_only,Eukaryota,0.0
Endothia,0,0,0.0,0.0,1,1,1,0.0,0.0,100.0,,,0,0,0,ncbi_only,Eukaryota,0.0
Enochrus,0,0,0.0,0.0,1,1,1,0.0,0.0,100.0,,,0,0,0,ncbi_only,Eukaryota,0.0
Enoplolaimus,0,0,0.0,0.0,1,1,1,0.0,0.0,100.0,,,0,0,0,ncbi_only,Eukaryota,0.0
Entacmaea,0,0,0.0,0.0,1,1,1,0.0,0.0,100.0,,,0,0,0,ncbi_only,Eukaryota,0.0
Enterobius,0,0,0.0,0.0,1,1,1,0.0,0.0,100.0,,,0,0,0,ncbi_only,Eukaryota,0.0
Enteroctopus,0,0,0.0,0.0,1,1,1,0.0,0.0,100.0,,,0,0,0,ncbi_only,Eukaryota,0.0
Enterocytospora,0,0,0.0,0.0,1,1,1,0.0,0.0,100.0,,,0,0,0,ncbi_only,Eukaryota,0.0
Enteromyxum,0,0,0.0,0.0,1,1,1,0.0,0.0,100.0,,,0,0,0,ncbi_only,Eukaryota,0.0
Endocladia,0,0,0.0,0.0,1,1,1,0.0,0.0,100.0,,,0,0,0,ncbi_only,Eukaryota,0.0
Enteropsectra,0,0,0.0,0.0,1,1,1,0.0,0.0,100.0,,,0,0,0,ncbi_only,Eukaryota,0.0
Entheus,0,0,0.0,0.0,1,1,1,0.0,0.0,100.0,,,0,0,0,ncbi_only,Eukaryota,0.0
Entonaema,0,0,0.0,0.0,1,1,1,0.0,0.0,100.0,,,0,0,0,ncbi_only,Eukaryota,0.0
Dryopteris,0,0,0.0,0.0,1,1,1,0.0,0.0,100.0,,,0,0,0,ncbi_only,Eukaryota,0.0
Dryoscopus,0,0,0.0,0.0,1,1,1,0.0,0.0,100.0,,,0,0,0,ncbi_only,Eukaryota,0.0
Dufourea,0,0,0.0,0.0,1,1,1,0.0,0.0,100.0,,,0,0,0,ncbi_only,Eukaryota,0.0
Dugesia,0,0,0.0,0.0,1,1,1,0.0,0.0,100.0,,,0,0,0,ncbi_only,Eukaryota,0.0
Dunnia,0,0,0.0,0.0,1,1,1,0.0,0.0,100.0,,,0,0,0,ncbi_only,Eukaryota,0.0
Duopalatinus,0,0,0.0,0.0,1,1,1,0.0,0.0,100.0,,,0,0,0,ncbi_only,Eukaryota,0.0
Duroca,0,0,0.0,0.0,1,1,1,0.0,0.0,100.0,,,0,0,0,ncbi_only,Eukaryota,0.0
Durotheca,0,0,0.0,0.0,1,1,1,0.0,0.0,100.0,,,0,0,0,ncbi_only,Eukaryota,0.0
Dusona,0,0,0.0,0.0,1,1,1,0.0,0.0,100.0,,,0,0,0,ncbi_only,Eukaryota,0.0
Dyckia,0,0,0.0,0.0,1,1,1,0.0,0.0,100.0,,,0,0,0,ncbi_only,Eukaryota,0.0
Earota,0,0,0.0,0.0,1,1,1,0.0,0.0,100.0,,,0,0,0,ncbi_only,Eukaryota,0.0
Earliella,0,0,0.0,0.0,1,1,1,0.0,0.0,100.0,,,0,0,0,ncbi_only,Eukaryota,0.0
Dysphania,0,0,0.0,0.0,1,1,1,0.0,0.0,100.0,,,0,0,0,ncbi_only,Eukaryota,0.0
Dyspersa,0,0,0.0,0.0,1,1,1,0.0,0.0,100.0,,,0,0,0,ncbi_only,Eukaryota,0.0
Dysdera,0,0,0.0,0.0,1,1,1,0.0,0.0,100.0,,,0,0,0,ncbi_only,Eukaryota,0.0
Dyscophellus,0,0,0.0,0.0,1,1,1,0.0,0.0,100.0,,,0,0,0,ncbi_only,Eukaryota,0.0
Echium,0,0,0.0,0.0,1,1,1,0.0,0.0,100.0,,,0,0,0,ncbi_only,Eukaryota,0.0
Echria,0,0,0.0,0.0,1,1,1,0.0,0.0,100.0,,,0,0,0,ncbi_only,Eukaryota,0.0
Ecitodaemon,0,0,0.0,0.0,1,1,1,0.0,0.0,100.0,,,0,0,0,ncbi_only,Eukaryota,0.0
Ecitoglossa,0,0,0.0,0.0,1,1,1,0.0,0.0,100.0,,,0,0,0,ncbi_only,Eukaryota,0.0
Ecitomorpha,0,0,0.0,0.0,1,1,1,0.0,0.0,100.0,,,0,0,0,ncbi_only,Eukaryota,0.0
Ecdeiocolea,0,0,0.0,0.0,1,1,1,0.0,0.0,100.0,,,0,0,0,ncbi_only,Eukaryota,0.0
Eciton,0,0,0.0,0.0,1,1,1,0.0,0.0,100.0,,,0,0,0,ncbi_only,Eukaryota,0.0
Eclectus,0,0,0.0,0.0,1,1,1,0.0,0.0,100.0,,,0,0,0,ncbi_only,Eukaryota,0.0
Edhazardia,0,0,0.0,0.0,1,1,1,0.0,0.0,100.0,,,0,0,0,ncbi_only,Eukaryota,0.0
Edolisoma,0,0,0.0,0.0,1,1,1,0.0,0.0,100.0,,,0,0,0,ncbi_only,Eukaryota,0.0
Edwardsia,0,0,0.0,0.0,1,1,1,0.0,0.0,100.0,,,0,0,0,ncbi_only,Eukaryota,0.0
Egregia,0,0,0.0,0.0,1,1,1,0.0,0.0,100.0,,,0,0,0,ncbi_only,Eukaryota,0.0
Egretta,0,0,0.0,0.0,1,1,1,0.0,0.0,100.0,,,0,0,0,ncbi_only,Eukaryota,0.0
Ecitophya,0,0,0.0,0.0,1,1,1,0.0,0.0,100.0,,,0,0,0,ncbi_only,Eukaryota,0.0
Ebrietas,0,0,0.0,0.0,1,1,1,0.0,0.0,100.0,,,0,0,0,ncbi_only,Eukaryota,0.0
Ebenus,0,0,0.0,0.0,1,1,1,0.0,0.0,100.0,,,0,0,0,ncbi_only,Eukaryota,0.0
Evansstolkia,0,0,0.0,0.0,1,1,1,0.0,0.0,100.0,,,0,0,0,ncbi_only,Eukaryota,0.0
Eutypella,0,0,0.0,0.0,1,1,1,0.0,0.0,100.0,,,0,0,0,ncbi_only,Eukaryota,0.0
Eutreta,0,0,0.0,0.0,1,1,1,0.0,0.0,100.0,,,0,0,0,ncbi_only,Eukaryota,0.0
Eutreptiella,0,0,0.0,0.0,1,1,1,0.0,0.0,100.0,,,0,0,0,ncbi_only,Eukaryota,0.0
Eutonina,0,0,0.0,0.0,1,1,1,0.0,0.0,100.0,,,0,0,0,ncbi_only,Eukaryota,0.0
Eutomostethus,0,0,0.0,0.0,1,1,1,0.0,0.0,100.0,,,0,0,0,ncbi_only,Eukaryota,0.0
Euthalenessa,0,0,0.0,0.0,1,1,1,0.0,0.0,100.0,,,0,0,0,ncbi_only,Eukaryota,0.0
Epicauta,0,0,0.0,0.0,1,1,1,0.0,0.0,100.0,,,0,0,0,ncbi_only,Eukaryota,0.0
Ephippiorhynchus,0,0,0.0,0.0,1,1,1,0.0,0.0,100.0,,,0,0,0,ncbi_only,Eukaryota,0.0
Echelatus,0,0,0.0,0.0,1,1,1,0.0,0.0,100.0,,,0,0,0,ncbi_only,Eukaryota,0.0
Echeveria,0,0,0.0,0.0,1,1,1,0.0,0.0,100.0,,,0,0,0,ncbi_only,Eukaryota,0.0
Echinaster,0,0,0.0,0.0,1,1,1,0.0,0.0,100.0,,,0,0,0,ncbi_only,Eukaryota,0.0
Echinometra,0,0,0.0,0.0,1,1,1,0.0,0.0,100.0,,,0,0,0,ncbi_only,Eukaryota,0.0
Echinops,0,0,0.0,0.0,1,1,1,0.0,0.0,100.0,,,0,0,0,ncbi_only,Eukaryota,0.0
Echinostoma,0,0,0.0,0.0,1,1,1,0.0,0.0,100.0,,,0,0,0,ncbi_only,Eukaryota,0.0
Echites,0,0,0.0,0.0,1,1,1,0.0,0.0,100.0,,,0,0,0,ncbi_only,Eukaryota,0.0
Euristhmus,0,0,0.0,0.0,1,1,1,0.0,0.0,100.0,,,0,0,0,ncbi_only,Eukaryota,0.0
Euroglyphus,0,0,0.0,0.0,1,1,1,0.0,0.0,100.0,,,0,0,0,ncbi_only,Eukaryota,0.0
Euryades,0,0,0.0,0.0,1,1,1,0.0,0.0,100.0,,,0,0,0,ncbi_only,Eukaryota,0.0
Eurybia,0,0,0.0,0.0,1,1,1,0.0,0.0,100.0,,,0,0,0,ncbi_only,Eukaryota,0.0
Euryodendron,0,0,0.0,0.0,1,1,1,0.0,0.0,100.0,,,0,0,0,ncbi_only,Eukaryota,0.0
Eurypyga,0,0,0.0,0.0,1,1,1,0.0,0.0,100.0,,,0,0,0,ncbi_only,Eukaryota,0.0
Euschemon,0,0,0.0,0.0,1,1,1,0.0,0.0,100.0,,,0,0,0,ncbi_only,Eukaryota,0.0
Euschistus,0,0,0.0,0.0,1,1,1,0.0,0.0,100.0,,,0,0,0,ncbi_only,Eukaryota,0.0
Euselasia,0,0,0.0,0.0,1,1,1,0.0,0.0,100.0,,,0,0,0,ncbi_only,Eukaryota,0.0
Eustoma,0,0,0.0,0.0,1,1,1,0.0,0.0,100.0,,,0,0,0,ncbi_only,Eukaryota,0.0
Eutetramorium,0,0,0.0,0.0,1,1,1,0.0,0.0,100.0,,,0,0,0,ncbi_only,Eukaryota,0.0
Exephanes,0,0,0.0,0.0,1,1,1,0.0,0.0,100.0,,,0,0,0,ncbi_only,Eukaryota,0.0
Exechia,0,0,0.0,0.0,1,1,1,0.0,0.0,100.0,,,0,0,0,ncbi_only,Eukaryota,0.0
Exbucklandia,0,0,0.0,0.0,1,1,1,0.0,0.0,100.0,,,0,0,0,ncbi_only,Eukaryota,0.0
Everniopsis,0,0,0.0,0.0,1,1,0,0.0,0.0,0.0,,,0,0,0,ncbi_only,Eukaryota,0.0
Eupleurogrammus,0,0,0.0,0.0,1,1,1,0.0,0.0,100.0,,,0,0,0,ncbi_only,Eukaryota,0.0
Falciphora,0,0,0.0,0.0,1,1,1,0.0,0.0,100.0,,,0,0,0,ncbi_only,Eukaryota,0.0
Falcunculus,0,0,0.0,0.0,1,1,1,0.0,0.0,100.0,,,0,0,0,ncbi_only,Eukaryota,0.0
Exoneurella,0,0,0.0,0.0,1,1,1,0.0,0.0,100.0,,,0,0,0,ncbi_only,Eukaryota,0.0
Fasciolopsis,0,0,0.0,0.0,1,1,1,0.0,0.0,100.0,,,0,0,0,ncbi_only,Eukaryota,0.0
Favolaschia,0,0,0.0,0.0,1,1,1,0.0,0.0,100.0,,,0,0,0,ncbi_only,Eukaryota,0.0
Favria,0,0,0.0,0.0,1,1,1,0.0,0.0,100.0,,,0,0,0,ncbi_only,Eukaryota,0.0
Felimare,0,0,0.0,0.0,1,1,1,0.0,0.0,100.0,,,0,0,0,ncbi_only,Eukaryota,0.0
Felimida,0,0,0.0,0.0,1,1,1,0.0,0.0,100.0,,,0,0,0,ncbi_only,Eukaryota,0.0
Fennellomyces,0,0,0.0,0.0,1,1,1,0.0,0.0,100.0,,,0,0,0,ncbi_only,Eukaryota,0.0
Exoneura,0,0,0.0,0.0,1,1,1,0.0,0.0,100.0,,,0,0,0,ncbi_only,Eukaryota,0.0
Exocentrus,0,0,0.0,0.0,1,1,1,0.0,0.0,100.0,,,0,0,0,ncbi_only,Eukaryota,0.0
Exidia,0,0,0.0,0.0,1,1,1,0.0,0.0,100.0,,,0,0,0,ncbi_only,Eukaryota,0.0
Euprenolepis,0,0,0.0,0.0,1,1,1,0.0,0.0,100.0,,,0,0,0,ncbi_only,Eukaryota,0.0
Eupristina,0,0,0.0,0.0,1,1,1,0.0,0.0,100.0,,,0,0,0,ncbi_only,Eukaryota,0.0
Euptelea,0,0,0.0,0.0,1,1,1,0.0,0.0,100.0,,,0,0,0,ncbi_only,Eukaryota,0.0
Euriphellus,0,0,0.0,0.0,1,1,1,0.0,0.0,100.0,,,0,0,0,ncbi_only,Eukaryota,0.0
Eryngium,0,0,0.0,0.0,1,1,1,0.0,0.0,100.0,,,0,0,0,ncbi_only,Eukaryota,0.0
Euphyes,0,0,0.0,0.0,1,1,1,0.0,0.0,100.0,,,0,0,0,ncbi_only,Eukaryota,0.0
Erucastrum,0,0,0.0,0.0,1,1,1,0.0,0.0,100.0,,,0,0,0,ncbi_only,Eukaryota,0.0
Erpornis,0,0,0.0,0.0,1,1,1,0.0,0.0,100.0,,,0,0,0,ncbi_only,Eukaryota,0.0
Eriphia,0,0,0.0,0.0,1,1,1,0.0,0.0,100.0,,,0,0,0,ncbi_only,Eukaryota,0.0
Eriosoma,0,0,0.0,0.0,1,1,1,0.0,0.0,100.0,,,0,0,0,ncbi_only,Eukaryota,0.0
Eriocrania,0,0,0.0,0.0,1,1,1,0.0,0.0,100.0,,,0,0,0,ncbi_only,Eukaryota,0.0
Eriocaulon,0,0,0.0,0.0,1,1,1,0.0,0.0,100.0,,,0,0,0,ncbi_only,Eukaryota,0.0
Eruca,0,0,0.0,0.0,1,1,1,0.0,0.0,100.0,,,0,0,0,ncbi_only,Eukaryota,0.0
Epicrius,0,0,0.0,0.0,1,1,1,0.0,0.0,100.0,,,0,0,0,ncbi_only,Eukaryota,0.0
Euphysa,0,0,0.0,0.0,1,1,1,0.0,0.0,100.0,,,0,0,0,ncbi_only,Eukaryota,0.0
Euponera,0,0,0.0,0.0,1,1,1,0.0,0.0,100.0,,,0,0,0,ncbi_only,Eukaryota,0.0
Extremus,0,0,0.0,0.0,1,1,1,0.0,0.0,100.0,,,0,0,0,ncbi_only,Eukaryota,0.0
Exutisphaerella,0,0,0.0,0.0,1,1,1,0.0,0.0,100.0,,,0,0,0,ncbi_only,Eukaryota,0.0
Fabrea,0,0,0.0,0.0,1,1,1,0.0,0.0,100.0,,,0,0,0,ncbi_only,Eukaryota,0.0
Falagria,0,0,0.0,0.0,1,1,1,0.0,0.0,100.0,,,0,0,0,ncbi_only,Eukaryota,0.0
Eudocimus,0,0,0.0,0.0,1,1,1,0.0,0.0,100.0,,,0,0,0,ncbi_only,Eukaryota,0.0
Epilissus,0,0,0.0,0.0,1,1,1,0.0,0.0,100.0,,,0,0,0,ncbi_only,Eukaryota,0.0
Epimenia,0,0,0.0,0.0,1,1,1,0.0,0.0,100.0,,,0,0,0,ncbi_only,Eukaryota,0.0
Epiperipatus,0,0,0.0,0.0,1,1,1,0.0,0.0,100.0,,,0,0,0,ncbi_only,Eukaryota,0.0
Epipyxis,0,0,0.0,0.0,1,1,1,0.0,0.0,100.0,,,0,0,0,ncbi_only,Eukaryota,0.0
Epithele,0,0,0.0,0.0,1,1,1,0.0,0.0,100.0,,,0,0,0,ncbi_only,Eukaryota,0.0
Epsilonema,0,0,0.0,0.0,1,1,1,0.0,0.0,100.0,,,0,0,0,ncbi_only,Eukaryota,0.0
Eracon,0,0,0.0,0.0,1,1,1,0.0,0.0,100.0,,,0,0,0,ncbi_only,Eukaryota,0.0
Eremochloa,0,0,0.0,0.0,1,1,1,0.0,0.0,100.0,,,0,0,0,ncbi_only,Eukaryota,0.0
Eremomyces,0,0,0.0,0.0,1,1,1,0.0,0.0,100.0,,,0,0,0,ncbi_only,Eukaryota,0.0
Eremophila,0,0,0.0,0.0,1,1,1,0.0,0.0,100.0,,,0,0,0,ncbi_only,Eukaryota,0.0
Ergobibamus,0,0,0.0,0.0,1,1,1,0.0,0.0,100.0,,,0,0,0,ncbi_only,Eukaryota,0.0
Esteya,0,0,0.0,0.0,1,1,1,0.0,0.0,100.0,,,0,0,0,ncbi_only,Eukaryota,0.0
Erythrotriorchis,0,0,0.0,0.0,1,1,1,0.0,0.0,100.0,,,0,0,0,ncbi_only,Eukaryota,0.0
Erythropodium,0,0,0.0,0.0,1,1,1,0.0,0.0,100.0,,,0,0,0,ncbi_only,Eukaryota,0.0
Erythrocercus,0,0,0.0,0.0,1,1,1,0.0,0.0,100.0,,,0,0,0,ncbi_only,Eukaryota,0.0
Euclidium,0,0,0.0,0.0,1,1,1,0.0,0.0,100.0,,,0,0,0,ncbi_only,Eukaryota,0.0
Eucriotettix,0,0,0.0,0.0,1,1,1,0.0,0.0,100.0,,,0,0,0,ncbi_only,Eukaryota,0.0
Eudiplozoon,0,0,0.0,0.0,1,1,1,0.0,0.0,100.0,,,0,0,0,ncbi_only,Eukaryota,0.0
Eudorcas,0,0,0.0,0.0,1,1,1,0.0,0.0,100.0,,,0,0,0,ncbi_only,Eukaryota,0.0
Eudrilus,0,0,0.0,0.0,1,1,1,0.0,0.0,100.0,,,0,0,0,ncbi_only,Eukaryota,0.0
Eufriesea,0,0,0.0,0.0,1,1,1,0.0,0.0,100.0,,,0,0,0,ncbi_only,Eukaryota,0.0
Euglossa,0,0,0.0,0.0,1,1,1,0.0,0.0,100.0,,,0,0,0,ncbi_only,Eukaryota,0.0
Euhadra,0,0,0.0,0.0,1,1,1,0.0,0.0,100.0,,,0,0,0,ncbi_only,Eukaryota,0.0
Eulacestoma,0,0,0.0,0.0,1,1,1,0.0,0.0,100.0,,,0,0,0,ncbi_only,Eukaryota,0.0
Eulimnadia,0,0,0.0,0.0,1,1,1,0.0,0.0,100.0,,,0,0,0,ncbi_only,Eukaryota,0.0
Eumacrocentrus,0,0,0.0,0.0,1,1,1,0.0,0.0,100.0,,,0,0,0,ncbi_only,Eukaryota,0.0
Eumeta,0,0,0.0,0.0,1,1,1,0.0,0.0,100.0,,,0,0,0,ncbi_only,Eukaryota,0.0
Eumorphobotys,0,0,0.0,0.0,1,1,1,0.0,0.0,100.0,,,0,0,0,ncbi_only,Eukaryota,0.0
Euoniticellus,0,0,0.0,0.0,1,1,1,0.0,0.0,100.0,,,0,0,0,ncbi_only,Eukaryota,0.0
Eupentacta,0,0,0.0,0.0,1,1,1,0.0,0.0,100.0,,,0,0,0,ncbi_only,Eukaryota,0.0
Euperipatoides,0,0,0.0,0.0,1,1,1,0.0,0.0,100.0,,,0,0,0,ncbi_only,Eukaryota,0.0
Dendarus,0,0,0.0,0.0,1,1,1,0.0,0.0,100.0,,,0,0,0,ncbi_only,Eukaryota,0.0
Dendrobaena,0,0,0.0,0.0,1,1,1,0.0,0.0,100.0,,,0,0,0,ncbi_only,Eukaryota,0.0
Dryocopus,0,0,0.0,0.0,1,1,1,0.0,0.0,100.0,,,0,0,0,ncbi_only,Eukaryota,0.0
Dryocosmus,0,0,0.0,0.0,1,1,1,0.0,0.0,100.0,,,0,0,0,ncbi_only,Eukaryota,0.0
Dryodora,0,0,0.0,0.0,1,1,1,0.0,0.0,100.0,,,0,0,0,ncbi_only,Eukaryota,0.0
Etia,0,0,0.0,0.0,1,1,1,0.0,0.0,100.0,,,0,0,0,ncbi_only,Eukaryota,0.0
Etlingera,0,0,0.0,0.0,1,1,1,0.0,0.0,100.0,,,0,0,0,ncbi_only,Eukaryota,0.0
Ettlia,0,0,0.0,0.0,1,1,1,0.0,0.0,100.0,,,0,0,0,ncbi_only,Eukaryota,0.0
Eublepharis,0,0,0.0,0.0,1,1,1,0.0,0.0,100.0,,,0,0,0,ncbi_only,Eukaryota,0.0
Euborellia,0,0,0.0,0.0,1,1,1,0.0,0.0,100.0,,,0,0,0,ncbi_only,Eukaryota,0.0
Eubucco,0,0,0.0,0.0,1,1,1,0.0,0.0,100.0,,,0,0,0,ncbi_only,Eukaryota,0.0
Eucera,0,0,0.0,0.0,1,1,1,0.0,0.0,100.0,,,0,0,0,ncbi_only,Eukaryota,0.0
Euceroptres,0,0,0.0,0.0,1,1,1,0.0,0.0,100.0,,,0,0,0,ncbi_only,Eukaryota,0.0
Euchilichthys,0,0,0.0,0.0,1,1,1,0.0,0.0,100.0,,,0,0,0,ncbi_only,Eukaryota,0.0
Eucidaris,0,0,0.0,0.0,1,1,1,0.0,0.0,100.0,,,0,0,0,ncbi_only,Eukaryota,0.0
Euclichthys,0,0,0.0,0.0,1,1,1,0.0,0.0,100.0,,,0,0,0,ncbi_only,Eukaryota,0.0
Deirochelys,0,0,0.0,0.0,1,1,1,0.0,0.0,100.0,,,0,0,0,ncbi_only,Eukaryota,0.0
Deladenus,0,0,0.0,0.0,1,1,1,0.0,0.0,100.0,,,0,0,0,ncbi_only,Eukaryota,0.0
Deleornis,0,0,0.0,0.0,1,1,1,0.0,0.0,100.0,,,0,0,0,ncbi_only,Eukaryota,0.0
Delia,0,0,0.0,0.0,1,1,1,0.0,0.0,100.0,,,0,0,0,ncbi_only,Eukaryota,0.0
Delitschia,0,0,0.0,0.0,1,1,1,0.0,0.0,100.0,,,0,0,0,ncbi_only,Eukaryota,0.0
Delonix,0,0,0.0,0.0,1,1,1,0.0,0.0,100.0,,,0,0,0,ncbi_only,Eukaryota,0.0
Delphinella,0,0,0.0,0.0,1,1,1,0.0,0.0,100.0,,,0,0,0,ncbi_only,Eukaryota,0.0
Dendrothele,0,0,0.0,0.0,1,1,1,0.0,0.0,100.0,,,0,0,0,ncbi_only,Eukaryota,0.0
Dendrostoma,0,0,0.0,0.0,1,1,1,0.0,0.0,100.0,,,0,0,0,ncbi_only,Eukaryota,0.0
Dendrophyllia,0,0,0.0,0.0,1,1,1,0.0,0.0,100.0,,,0,0,0,ncbi_only,Eukaryota,0.0
Dendronephthya,0,0,0.0,0.0,1,1,1,0.0,0.0,100.0,,,0,0,0,ncbi_only,Eukaryota,0.0
Dendrolagus,0,0,0.0,0.0,1,1,1,0.0,0.0,100.0,,,0,0,0,ncbi_only,Eukaryota,0.0
Dendrocopos,0,0,0.0,0.0,1,1,1,0.0,0.0,100.0,,,0,0,0,ncbi_only,Eukaryota,0.0
Dendrobates,0,0,0.0,0.0,1,1,1,0.0,0.0,100.0,,,0,0,0,ncbi_only,Eukaryota,0.0
Dendriscocaulon,0,0,0.0,0.0,1,1,0,0.0,0.0,0.0,,,0,0,0,ncbi_only,Eukaryota,0.0
Dendraster,0,0,0.0,0.0,1,1,1,0.0,0.0,100.0,,,0,0,0,ncbi_only,Eukaryota,0.0
Drymodes,0,0,0.0,0.0,1,1,1,0.0,0.0,100.0,,,0,0,0,ncbi_only,Eukaryota,0.0
Deinandra,0,0,0.0,0.0,1,1,1,0.0,0.0,100.0,,,0,0,0,ncbi_only,Eukaryota,0.0
Depressigyra,0,0,0.0,0.0,1,1,1,0.0,0.0,100.0,,,0,0,0,ncbi_only,Eukaryota,0.0
Dermanyssus,0,0,0.0,0.0,1,1,1,0.0,0.0,100.0,,,0,0,0,ncbi_only,Eukaryota,0.0
Dermatemys,0,0,0.0,0.0,1,1,1,0.0,0.0,100.0,,,0,0,0,ncbi_only,Eukaryota,0.0
Dermiscellum,0,0,0.0,0.0,1,1,0,0.0,0.0,0.0,,,0,0,0,ncbi_only,Eukaryota,0.0
Dermolepida,0,0,0.0,0.0,1,1,1,0.0,0.0,100.0,,,0,0,0,ncbi_only,Eukaryota,0.0
Deroceras,0,0,0.0,0.0,1,1,1,0.0,0.0,100.0,,,0,0,0,ncbi_only,Eukaryota,0.0
Deroplatys,0,0,0.0,0.0,1,1,1,0.0,0.0,100.0,,,0,0,0,ncbi_only,Eukaryota,0.0
Deroptyus,0,0,0.0,0.0,1,1,1,0.0,0.0,100.0,,,0,0,0,ncbi_only,Eukaryota,0.0
Deshayesiella,0,0,0.0,0.0,1,1,1,0.0,0.0,100.0,,,0,0,0,ncbi_only,Eukaryota,0.0
Desmana,0,0,0.0,0.0,1,1,1,0.0,0.0,100.0,,,0,0,0,ncbi_only,Eukaryota,0.0
Desmophyllum,0,0,0.0,0.0,1,1,1,0.0,0.0,100.0,,,0,0,0,ncbi_only,Eukaryota,0.0
Dendryphion,0,0,0.0,0.0,1,1,1,0.0,0.0,100.0,,,0,0,0,ncbi_only,Eukaryota,0.0
Dendrothrips,0,0,0.0,0.0,1,1,1,0.0,0.0,100.0,,,0,0,0,ncbi_only,Eukaryota,0.0
Deinopsis,0,0,0.0,0.0,1,1,1,0.0,0.0,100.0,,,0,0,0,ncbi_only,Eukaryota,0.0
Cyrtonyx,0,0,0.0,0.0,1,1,1,0.0,0.0,100.0,,,0,0,0,ncbi_only,Eukaryota,0.0
Cyrtorhinus,0,0,0.0,0.0,1,1,1,0.0,0.0,100.0,,,0,0,0,ncbi_only,Eukaryota,0.0
Cystastrum,0,0,0.0,0.0,1,1,1,0.0,0.0,100.0,,,0,0,0,ncbi_only,Eukaryota,0.0
Cystobasidiopsis,0,0,0.0,0.0,1,1,1,0.0,0.0,100.0,,,0,0,0,ncbi_only,Eukaryota,0.0
Cystoderma,0,0,0.0,0.0,1,1,1,0.0,0.0,100.0,,,0,0,0,ncbi_only,Eukaryota,0.0
Cystodermella,0,0,0.0,0.0,1,1,1,0.0,0.0,100.0,,,0,0,0,ncbi_only,Eukaryota,0.0
Cystoisospora,0,0,0.0,0.0,1,1,1,0.0,0.0,100.0,,,0,0,0,ncbi_only,Eukaryota,0.0
Cytauxzoon,0,0,0.0,0.0,1,1,1,0.0,0.0,100.0,,,0,0,0,ncbi_only,Eukaryota,0.0
Dailognatha,0,0,0.0,0.0,1,1,1,0.0,0.0,100.0,,,0,0,0,ncbi_only,Eukaryota,0.0
Dactylorhiza,0,0,0.0,0.0,1,1,1,0.0,0.0,100.0,,,0,0,0,ncbi_only,Eukaryota,0.0
Dactylopterus,0,0,0.0,0.0,1,1,1,0.0,0.0,100.0,,,0,0,0,ncbi_only,Eukaryota,0.0
Dactylobotrys,0,0,0.0,0.0,1,1,1,0.0,0.0,100.0,,,0,0,0,ncbi_only,Eukaryota,0.0
Dactylella,0,0,0.0,0.0,1,1,1,0.0,0.0,100.0,,,0,0,0,ncbi_only,Eukaryota,0.0
Cyttopsis,0,0,0.0,0.0,1,1,1,0.0,0.0,100.0,,,0,0,0,ncbi_only,Eukaryota,0.0
Cytidiella,0,0,0.0,0.0,1,1,1,0.0,0.0,100.0,,,0,0,0,ncbi_only,Eukaryota,0.0
Dactylopius,0,0,0.0,0.0,1,1,1,0.0,0.0,100.0,,,0,0,0,ncbi_only,Eukaryota,0.0
Dasyprocta,0,0,0.0,0.0,1,1,1,0.0,0.0,100.0,,,0,0,0,ncbi_only,Eukaryota,0.0
Dasyuroides,0,0,0.0,0.0,1,1,1,0.0,0.0,100.0,,,0,0,0,ncbi_only,Eukaryota,0.0
Datisca,0,0,0.0,0.0,1,1,1,0.0,0.0,100.0,,,0,0,0,ncbi_only,Eukaryota,0.0
Datnioides,0,0,0.0,0.0,1,1,1,0.0,0.0,100.0,,,0,0,0,ncbi_only,Eukaryota,0.0
Deakozyma,0,0,0.0,0.0,1,1,1,0.0,0.0,100.0,,,0,0,0,ncbi_only,Eukaryota,0.0
Decorospora,0,0,0.0,0.0,1,1,1,0.0,0.0,100.0,,,0,0,0,ncbi_only,Eukaryota,0.0
Dalechampia,0,0,0.0,0.0,1,1,1,0.0,0.0,100.0,,,0,0,0,ncbi_only,Eukaryota,0.0
Daktulosphaira,0,0,0.0,0.0,1,1,1,0.0,0.0,100.0,,,0,0,0,ncbi_only,Eukaryota,0.0
Cynanchum,0,0,0.0,0.0,1,1,1,0.0,0.0,100.0,,,0,0,0,ncbi_only,Eukaryota,0.0
Cynegetis,0,0,0.0,0.0,1,1,1,0.0,0.0,100.0,,,0,0,0,ncbi_only,Eukaryota,0.0
Cynodon,0,0,0.0,0.0,1,1,1,0.0,0.0,100.0,,,0,0,0,ncbi_only,Eukaryota,0.0
Cynomys,0,0,0.0,0.0,1,1,1,0.0,0.0,100.0,,,0,0,0,ncbi_only,Eukaryota,0.0
Cynopoecilus,0,0,0.0,0.0,1,1,1,0.0,0.0,100.0,,,0,0,0,ncbi_only,Eukaryota,0.0
Cypha,0,0,0.0,0.0,1,1,1,0.0,0.0,100.0,,,0,0,0,ncbi_only,Eukaryota,0.0
Cyphomyrmex,0,0,0.0,0.0,1,1,1,0.0,0.0,100.0,,,0,0,0,ncbi_only,Eukaryota,0.0
Cyprideis,0,0,0.0,0.0,1,1,1,0.0,0.0,100.0,,,0,0,0,ncbi_only,Eukaryota,0.0
Dolichallabes,0,0,0.0,0.0,1,1,1,0.0,0.0,100.0,,,0,0,0,ncbi_only,Eukaryota,0.0
Damaliscus,0,0,0.0,0.0,1,1,1,0.0,0.0,100.0,,,0,0,0,ncbi_only,Eukaryota,0.0
Danielozyma,0,0,0.0,0.0,1,1,1,0.0,0.0,100.0,,,0,0,0,ncbi_only,Eukaryota,0.0
Daphne,0,0,0.0,0.0,1,1,1,0.0,0.0,100.0,,,0,0,0,ncbi_only,Eukaryota,0.0
Daphoenositta,0,0,0.0,0.0,1,1,1,0.0,0.0,100.0,,,0,0,0,ncbi_only,Eukaryota,0.0
Daptrius,0,0,0.0,0.0,1,1,1,0.0,0.0,100.0,,,0,0,0,ncbi_only,Eukaryota,0.0
Dardarina,0,0,0.0,0.0,1,1,1,0.0,0.0,100.0,,,0,0,0,ncbi_only,Eukaryota,0.0
Darksidea,0,0,0.0,0.0,1,1,1,0.0,0.0,100.0,,,0,0,0,ncbi_only,Eukaryota,0.0
Dalotia,0,0,0.0,0.0,1,1,1,0.0,0.0,100.0,,,0,0,0,ncbi_only,Eukaryota,0.0
Darlingtonia,0,0,0.0,0.0,1,1,1,0.0,0.0,100.0,,,0,0,0,ncbi_only,Eukaryota,0.0
Darwinula,0,0,0.0,0.0,1,1,1,0.0,0.0,100.0,,,0,0,0,ncbi_only,Eukaryota,0.0
Dasiphora,0,0,0.0,0.0,1,1,1,0.0,0.0,100.0,,,0,0,0,ncbi_only,Eukaryota,0.0
Dastarcus,0,0,0.0,0.0,1,1,1,0.0,0.0,100.0,,,0,0,0,ncbi_only,Eukaryota,0.0
Dasyornis,0,0,0.0,0.0,1,1,1,0.0,0.0,100.0,,,0,0,0,ncbi_only,Eukaryota,0.0
Dasypeltis,0,0,0.0,0.0,1,1,1,0.0,0.0,100.0,,,0,0,0,ncbi_only,Eukaryota,0.0
Dasypogon,0,0,0.0,0.0,1,1,1,0.0,0.0,100.0,,,0,0,0,ncbi_only,Eukaryota,0.0
Diptychus,0,0,0.0,0.0,1,1,1,0.0,0.0,100.0,,,0,0,0,ncbi_only,Eukaryota,0.0
Dipus,0,0,0.0,0.0,1,1,0,0.0,0.0,0.0,,,0,0,0,ncbi_only,Eukaryota,0.0
Diretmoides,0,0,0.0,0.0,1,1,1,0.0,0.0,100.0,,,0,0,0,ncbi_only,Eukaryota,0.0
Discolaimus,0,0,0.0,0.0,1,1,1,0.0,0.0,100.0,,,0,0,0,ncbi_only,Eukaryota,0.0
Discosporangium,0,0,0.0,0.0,1,1,1,0.0,0.0,100.0,,,0,0,0,ncbi_only,Eukaryota,0.0
Discothyrea,0,0,0.0,0.0,1,1,1,0.0,0.0,100.0,,,0,0,0,ncbi_only,Eukaryota,0.0
Disparrhopalites,0,0,0.0,0.0,1,1,1,0.0,0.0,100.0,,,0,0,0,ncbi_only,Eukaryota,0.0
Dissoconium,0,0,0.0,0.0,1,1,1,0.0,0.0,100.0,,,0,0,0,ncbi_only,Eukaryota,0.0
Distoechodon,0,0,0.0,0.0,1,1,1,0.0,0.0,100.0,,,0,0,0,ncbi_only,Eukaryota,0.0
Distoechurus,0,0,0.0,0.0,1,1,1,0.0,0.0,100.0,,,0,0,0,ncbi_only,Eukaryota,0.0
Donacobius,0,0,0.0,0.0,1,1,1,0.0,0.0,100.0,,,0,0,0,ncbi_only,Eukaryota,0.0
Dolloidraco,0,0,0.0,0.0,1,1,1,0.0,0.0,100.0,,,0,0,0,ncbi_only,Eukaryota,0.0
Dolichotis,0,0,0.0,0.0,1,1,1,0.0,0.0,100.0,,,0,0,0,ncbi_only,Eukaryota,0.0
Dolichoris,0,0,0.0,0.0,1,1,1,0.0,0.0,100.0,,,0,0,0,ncbi_only,Eukaryota,0.0
Doboatherina,0,0,0.0,0.0,1,1,1,0.0,0.0,100.0,,,0,0,0,ncbi_only,Eukaryota,0.0
Doberes,0,0,0.0,0.0,1,1,1,0.0,0.0,100.0,,,0,0,0,ncbi_only,Eukaryota,0.0
Drosophyllum,0,0,0.0,0.0,1,1,1,0.0,0.0,100.0,,,0,0,0,ncbi_only,Eukaryota,0.0
Druceiella,0,0,0.0,0.0,1,1,1,0.0,0.0,100.0,,,0,0,0,ncbi_only,Eukaryota,0.0
Druon,0,0,0.0,0.0,1,1,1,0.0,0.0,100.0,,,0,0,0,ncbi_only,Eukaryota,0.0
Drusilla,0,0,0.0,0.0,1,1,1,0.0,0.0,100.0,,,0,0,0,ncbi_only,Eukaryota,0.0
Drusus,0,0,0.0,0.0,1,1,1,0.0,0.0,100.0,,,0,0,0,ncbi_only,Eukaryota,0.0
Dryadula,0,0,0.0,0.0,1,1,1,0.0,0.0,100.0,,,0,0,0,ncbi_only,Eukaryota,0.0
Drymarchon,0,0,0.0,0.0,1,1,1,0.0,0.0,100.0,,,0,0,0,ncbi_only,Eukaryota,0.0
Drymobius,0,0,0.0,0.0,1,1,1,0.0,0.0,100.0,,,0,0,0,ncbi_only,Eukaryota,0.0
Dorcopsulus,0,0,0.0,0.0,1,1,1,0.0,0.0,100.0,,,0,0,0,ncbi_only,Eukaryota,0.0
Dorcoceras,0,0,0.0,0.0,1,1,1,0.0,0.0,100.0,,,0,0,0,ncbi_only,Eukaryota,0.0
Doras,0,0,0.0,0.0,1,1,1,0.0,0.0,100.0,,,0,0,0,ncbi_only,Eukaryota,0.0
Diprion,0,0,0.0,0.0,1,1,1,0.0,0.0,100.0,,,0,0,0,ncbi_only,Eukaryota,0.0
Dipsacomyces,0,0,0.0,0.0,1,1,1,0.0,0.0,100.0,,,0,0,0,ncbi_only,Eukaryota,0.0
Dipsas,0,0,0.0,0.0,1,1,1,0.0,0.0,100.0,,,0,0,0,ncbi_only,Eukaryota,0.0
Dipteris,0,0,0.0,0.0,1,1,1,0.0,0.0,100.0,,,0,0,0,ncbi_only,Eukaryota,0.0
Dipteryx,0,0,0.0,0.0,1,1,1,0.0,0.0,100.0,,,0,0,0,ncbi_only,Eukaryota,0.0
Diplosphaera,0,0,0.0,0.0,1,1,1,0.0,0.0,100.0,,,0,0,0,ncbi_only,Eukaryota,0.0
Diplotaxis,0,0,0.0,0.0,1,1,1,0.0,0.0,100.0,,,0,0,0,ncbi_only,Eukaryota,0.0
Dorylogaster,0,0,0.0,0.0,1,1,1,0.0,0.0,100.0,,,0,0,0,ncbi_only,Eukaryota,0.0
Dorylus,0,0,0.0,0.0,1,1,1,0.0,0.0,100.0,,,0,0,0,ncbi_only,Eukaryota,0.0
Dothidotthia,0,0,0.0,0.0,1,1,1,0.0,0.0,100.0,,,0,0,0,ncbi_only,Eukaryota,0.0
Doumea,0,0,0.0,0.0,1,1,1,0.0,0.0,100.0,,,0,0,0,ncbi_only,Eukaryota,0.0
Dovyalis,0,0,0.0,0.0,1,1,1,0.0,0.0,100.0,,,0,0,0,ncbi_only,Eukaryota,0.0
Doxocopa,0,0,0.0,0.0,1,1,1,0.0,0.0,100.0,,,0,0,0,ncbi_only,Eukaryota,0.0
Dracocephalum,0,0,0.0,0.0,1,1,1,0.0,0.0,100.0,,,0,0,0,ncbi_only,Eukaryota,0.0
Dracogyra,0,0,0.0,0.0,1,1,1,0.0,0.0,100.0,,,0,0,0,ncbi_only,Eukaryota,0.0
Dracunculus,0,0,0.0,0.0,1,1,1,0.0,0.0,100.0,,,0,0,0,ncbi_only,Eukaryota,0.0
Draparnaldia,0,0,0.0,0.0,1,1,1,0.0,0.0,100.0,,,0,0,0,ncbi_only,Eukaryota,0.0
Drepanocaryum,0,0,0.0,0.0,1,1,1,0.0,0.0,100.0,,,0,0,0,ncbi_only,Eukaryota,0.0
Drephalys,0,0,0.0,0.0,1,1,1,0.0,0.0,100.0,,,0,0,0,ncbi_only,Eukaryota,0.0
Dromas,0,0,0.0,0.0,1,1,1,0.0,0.0,100.0,,,0,0,0,ncbi_only,Eukaryota,0.0
Dromococcyx,0,0,0.0,0.0,1,1,1,0.0,0.0,100.0,,,0,0,0,ncbi_only,Eukaryota,0.0
Dictyomeridium,0,0,0.0,0.0,1,1,0,0.0,0.0,0.0,,,0,0,0,ncbi_only,Eukaryota,0.0
Diaprepes,0,0,0.0,0.0,1,1,1,0.0,0.0,100.0,,,0,0,0,ncbi_only,Eukaryota,0.0
Diatrype,0,0,0.0,0.0,1,1,1,0.0,0.0,100.0,,,0,0,0,ncbi_only,Eukaryota,0.0
Dibothriocephalus,0,0,0.0,0.0,1,1,1,0.0,0.0,100.0,,,0,0,0,ncbi_only,Eukaryota,0.0
Dicaeum,0,0,0.0,0.0,1,1,1,0.0,0.0,100.0,,,0,0,0,ncbi_only,Eukaryota,0.0
Dichaetophora,0,0,0.0,0.0,1,1,1,0.0,0.0,100.0,,,0,0,0,ncbi_only,Eukaryota,0.0
Dichanthelium,0,0,0.0,0.0,1,1,1,0.0,0.0,100.0,,,0,0,0,ncbi_only,Eukaryota,0.0
Dichomera,0,0,0.0,0.0,1,1,1,0.0,0.0,100.0,,,0,0,0,ncbi_only,Eukaryota,0.0
Dichoteleas,0,0,0.0,0.0,1,1,1,0.0,0.0,100.0,,,0,0,0,ncbi_only,Eukaryota,0.0
Dichotella,0,0,0.0,0.0,1,1,1,0.0,0.0,100.0,,,0,0,0,ncbi_only,Eukaryota,0.0
Dichotomocladium,0,0,0.0,0.0,1,1,1,0.0,0.0,100.0,,,0,0,0,ncbi_only,Eukaryota,0.0
Dichotomopilus,0,0,0.0,0.0,1,1,1,0.0,0.0,100.0,,,0,0,0,ncbi_only,Eukaryota,0.0
Dicranocentrus,0,0,0.0,0.0,1,1,1,0.0,0.0,100.0,,,0,0,0,ncbi_only,Eukaryota,0.0
Dicroscelio,0,0,0.0,0.0,1,1,1,0.0,0.0,100.0,,,0,0,0,ncbi_only,Eukaryota,0.0
Diastata,0,0,0.0,0.0,1,1,1,0.0,0.0,100.0,,,0,0,0,ncbi_only,Eukaryota,0.0
Diploptera,0,0,0.0,0.0,1,1,1,0.0,0.0,100.0,,,0,0,0,ncbi_only,Eukaryota,0.0
Diploeciton,0,0,0.0,0.0,1,1,1,0.0,0.0,100.0,,,0,0,0,ncbi_only,Eukaryota,0.0
Diplogasteroides,0,0,0.0,0.0,1,1,0,0.0,0.0,0.0,,,0,0,0,ncbi_only,Eukaryota,0.0
Diplogelasinospora,0,0,0.0,0.0,1,1,1,0.0,0.0,100.0,,,0,0,0,ncbi_only,Eukaryota,0.0
Diplolepis,0,0,0.0,0.0,1,1,1,0.0,0.0,100.0,,,0,0,0,ncbi_only,Eukaryota,0.0
Dictyophora,0,0,0.0,0.0,1,1,1,0.0,0.0,100.0,,,0,0,0,ncbi_only,Eukaryota,0.0
Dicrostonyx,0,0,0.0,0.0,1,1,1,0.0,0.0,100.0,,,0,0,0,ncbi_only,Eukaryota,0.0
Dettopsomyia,0,0,0.0,0.0,1,1,1,0.0,0.0,100.0,,,0,0,0,ncbi_only,Eukaryota,0.0
Deuterosminthurus,0,0,0.0,0.0,1,1,1,0.0,0.0,100.0,,,0,0,0,ncbi_only,Eukaryota,0.0
Deuterostichococcus,0,0,0.0,0.0,1,1,1,0.0,0.0,100.0,,,0,0,0,ncbi_only,Eukaryota,0.0
Devaleraea,0,0,0.0,0.0,1,1,1,0.0,0.0,100.0,,,0,0,0,ncbi_only,Eukaryota,0.0
Diachasma,0,0,0.0,0.0,1,1,1,0.0,0.0,100.0,,,0,0,0,ncbi_only,Eukaryota,0.0
Diachasmimorpha,0,0,0.0,0.0,1,1,1,0.0,0.0,100.0,,,0,0,0,ncbi_only,Eukaryota,0.0
Diadocidia,0,0,0.0,0.0,1,1,1,0.0,0.0,100.0,,,0,0,0,ncbi_only,Eukaryota,0.0
Diadromus,0,0,0.0,0.0,1,1,1,0.0,0.0,100.0,,,0,0,0,ncbi_only,Eukaryota,0.0
Dialonectria,0,0,0.0,0.0,1,1,1,0.0,0.0,100.0,,,0,0,0,ncbi_only,Eukaryota,0.0
Dianesia,0,0,0.0,0.0,1,1,1,0.0,0.0,100.0,,,0,0,0,ncbi_only,Eukaryota,0.0
Dimelaena,0,0,0.0,0.0,1,1,0,0.0,0.0,0.0,,,0,0,0,ncbi_only,Eukaryota,0.0
Dimorphilus,0,0,0.0,0.0,1,1,1,0.0,0.0,100.0,,,0,0,0,ncbi_only,Eukaryota,0.0
Dinochytrium,0,0,0.0,0.0,1,1,1,0.0,0.0,100.0,,,0,0,0,ncbi_only,Eukaryota,0.0
Dinomys,0,0,0.0,0.0,1,1,1,0.0,0.0,100.0,,,0,0,0,ncbi_only,Eukaryota,0.0
Dictyopteris,0,0,0.0,0.0,1,1,1,0.0,0.0,100.0,,,0,0,0,ncbi_only,Eukaryota,0.0
Dinoponera,0,0,0.0,0.0,1,1,1,0.0,0.0,100.0,,,0,0,0,ncbi_only,Eukaryota,0.0
Dinothrombium,0,0,0.0,0.0,1,1,1,0.0,0.0,100.0,,,0,0,0,ncbi_only,Eukaryota,0.0
Dinotopterus,0,0,0.0,0.0,1,1,1,0.0,0.0,100.0,,,0,0,0,ncbi_only,Eukaryota,0.0
Diodora,0,0,0.0,0.0,1,1,1,0.0,0.0,100.0,,,0,0,0,ncbi_only,Eukaryota,0.0
Diomedea,0,0,0.0,0.0,1,1,1,0.0,0.0,100.0,,,0,0,0,ncbi_only,Eukaryota,0.0
Dionaea,0,0,0.0,0.0,1,1,1,0.0,0.0,100.0,,,0,0,0,ncbi_only,Eukaryota,0.0
Diopsittaca,0,0,0.0,0.0,1,1,1,0.0,0.0,100.0,,,0,0,0,ncbi_only,Eukaryota,0.0
Diorygopyx,0,0,0.0,0.0,1,1,1,0.0,0.0,100.0,,,0,0,0,ncbi_only,Eukaryota,0.0
Dipetalonema,0,0,0.0,0.0,1,1,1,0.0,0.0,100.0,,,0,0,0,ncbi_only,Eukaryota,0.0
Diphyllodes,0,0,0.0,0.0,1,1,0,0.0,0.0,0.0,,,0,0,0,ncbi_only,Eukaryota,0.0
Diplocyclos,0,0,0.0,0.0,1,1,1,0.0,0.0,100.0,,,0,0,0,ncbi_only,Eukaryota,0.0
Aphanoascus,0,0,0.0,0.0,1,1,1,0.0,0.0,100.0,,,0,0,0,ncbi_only,Eukaryota,0.0
Apareiodon,0,0,0.0,0.0,1,1,1,0.0,0.0,100.0,,,0,0,0,ncbi_only,Eukaryota,0.0
Apantesis,0,0,0.0,0.0,1,1,1,0.0,0.0,100.0,,,0,0,0,ncbi_only,Eukaryota,0.0
Apaloderma,0,0,0.0,0.0,1,1,1,0.0,0.0,100.0,,,0,0,0,ncbi_only,Eukaryota,0.0
Aotearoamyces,0,0,0.0,0.0,1,1,1,0.0,0.0,100.0,,,0,0,0,ncbi_only,Eukaryota,0.0
Anzia,0,0,0.0,0.0,1,1,0,0.0,0.0,0.0,,,0,0,0,ncbi_only,Eukaryota,0.0
Antrostomus,0,0,0.0,0.0,1,1,1,0.0,0.0,100.0,,,0,0,0,ncbi_only,Eukaryota,0.0
Antrodiella,0,0,0.0,0.0,1,1,1,0.0,0.0,100.0,,,0,0,0,ncbi_only,Eukaryota,0.0
Planoprotostelium,0,0,0.0,0.0,1,1,1,0.0,0.0,100.0,,,0,0,0,ncbi_only,Eukaryota,0.0
Dictyota,0,0,0.0,0.0,1,1,1,0.0,0.0,100.0,,,0,0,0,ncbi_only,Eukaryota,0.0
Dicyema,0,0,0.0,0.0,1,1,1,0.0,0.0,100.0,,,0,0,0,ncbi_only,Eukaryota,0.0
Dicyrtoma,0,0,0.0,0.0,1,1,1,0.0,0.0,100.0,,,0,0,0,ncbi_only,Eukaryota,0.0
Didymobotryum,0,0,0.0,0.0,1,1,1,0.0,0.0,100.0,,,0,0,0,ncbi_only,Eukaryota,0.0
Didymosphaeria,0,0,0.0,0.0,1,1,1,0.0,0.0,100.0,,,0,0,0,ncbi_only,Eukaryota,0.0
Digenea,0,0,0.0,0.0,1,1,1,0.0,0.0,100.0,,,0,0,0,ncbi_only,Eukaryota,0.0
Digitonthophagus,0,0,0.0,0.0,1,1,1,0.0,0.0,100.0,,,0,0,0,ncbi_only,Eukaryota,0.0
Aphanocladium,0,0,0.0,0.0,1,1,1,0.0,0.0,100.0,,,0,0,0,ncbi_only,Eukaryota,0.0
Anseranas,0,0,0.0,0.0,1,1,1,0.0,0.0,100.0,,,0,0,0,ncbi_only,Eukaryota,0.0
Antarctomyces,0,0,0.0,0.0,1,1,1,0.0,0.0,100.0,,,0,0,0,ncbi_only,Eukaryota,0.0
Anthias,0,0,0.0,0.0,1,1,1,0.0,0.0,100.0,,,0,0,0,ncbi_only,Eukaryota,0.0
Anthidium,0,0,0.0,0.0,1,1,1,0.0,0.0,100.0,,,0,0,0,ncbi_only,Eukaryota,0.0
Anthoceros,0,0,0.0,0.0,1,1,1,0.0,0.0,100.0,,,0,0,0,ncbi_only,Eukaryota,0.0
Anthoptus,0,0,0.0,0.0,1,1,1,0.0,0.0,100.0,,,0,0,0,ncbi_only,Eukaryota,0.0
Anthoscopus,0,0,0.0,0.0,1,1,1,0.0,0.0,100.0,,,0,0,0,ncbi_only,Eukaryota,0.0
Anthostomella,0,0,0.0,0.0,1,1,1,0.0,0.0,100.0,,,0,0,0,ncbi_only,Eukaryota,0.0
Anthracina,0,0,0.0,0.0,1,1,1,0.0,0.0,100.0,,,0,0,0,ncbi_only,Eukaryota,0.0
Anthropoides,0,0,0.0,0.0,1,1,1,0.0,0.0,100.0,,,0,0,0,ncbi_only,Eukaryota,0.0
Anthurium,0,0,0.0,0.0,1,1,1,0.0,0.0,100.0,,,0,0,0,ncbi_only,Eukaryota,0.0
Antidorcas,0,0,0.0,0.0,1,1,1,0.0,0.0,100.0,,,0,0,0,ncbi_only,Eukaryota,0.0
Antigone,0,0,0.0,0.0,1,1,1,0.0,0.0,100.0,,,0,0,0,ncbi_only,Eukaryota,0.0
Antitrichia,0,0,0.0,0.0,1,1,1,0.0,0.0,100.0,,,0,0,0,ncbi_only,Eukaryota,0.0
Antonospora,0,0,0.0,0.0,1,1,1,0.0,0.0,100.0,,,0,0,0,ncbi_only,Eukaryota,0.0
Apogonichthyoides,0,0,0.0,0.0,1,1,1,0.0,0.0,100.0,,,0,0,0,ncbi_only,Eukaryota,0.0
Apolygus,0,0,0.0,0.0,1,1,1,0.0,0.0,100.0,,,0,0,0,ncbi_only,Eukaryota,0.0
Aporrectodea,0,0,0.0,0.0,1,1,1,0.0,0.0,100.0,,,0,0,0,ncbi_only,Eukaryota,0.0
Apostictopterus,0,0,0.0,0.0,1,1,1,0.0,0.0,100.0,,,0,0,0,ncbi_only,Eukaryota,0.0
Apricaphanius,0,0,0.0,0.0,1,1,1,0.0,0.0,100.0,,,0,0,0,ncbi_only,Eukaryota,0.0
Apteronemobius,0,0,0.0,0.0,1,1,1,0.0,0.0,100.0,,,0,0,0,ncbi_only,Eukaryota,0.0
Aphredoderus,0,0,0.0,0.0,1,1,1,0.0,0.0,100.0,,,0,0,0,ncbi_only,Eukaryota,0.0
Aptinothrips,0,0,0.0,0.0,1,1,1,0.0,0.0,100.0,,,0,0,0,ncbi_only,Eukaryota,0.0
Aquanectria,0,0,0.0,0.0,1,1,1,0.0,0.0,100.0,,,0,0,0,ncbi_only,Eukaryota,0.0
Aquatica,0,0,0.0,0.0,1,1,1,0.0,0.0,100.0,,,0,0,0,ncbi_only,Eukaryota,0.0
Arachnopeziza,0,0,0.0,0.0,1,1,1,0.0,0.0,100.0,,,0,0,0,ncbi_only,Eukaryota,0.0
Aradophagus,0,0,0.0,0.0,1,1,1,0.0,0.0,100.0,,,0,0,0,ncbi_only,Eukaryota,0.0
Aralia,0,0,0.0,0.0,1,1,1,0.0,0.0,100.0,,,0,0,0,ncbi_only,Eukaryota,0.0
Aramus,0,0,0.0,0.0,1,1,1,0.0,0.0,100.0,,,0,0,0,ncbi_only,Eukaryota,0.0
Araneus,0,0,0.0,0.0,1,1,1,0.0,0.0,100.0,,,0,0,0,ncbi_only,Eukaryota,0.0
Aphidoletes,0,0,0.0,0.0,1,1,1,0.0,0.0,100.0,,,0,0,0,ncbi_only,Eukaryota,0.0
Ancharius,0,0,0.0,0.0,1,1,1,0.0,0.0,100.0,,,0,0,0,ncbi_only,Eukaryota,0.0
Anatoma,0,0,0.0,0.0,1,1,0,0.0,0.0,0.0,,,0,0,0,ncbi_only,Eukaryota,0.0
Anatalanta,0,0,0.0,0.0,1,1,1,0.0,0.0,100.0,,,0,0,0,ncbi_only,Eukaryota,0.0
Anastomus,0,0,0.0,0.0,1,1,1,0.0,0.0,100.0,,,0,0,0,ncbi_only,Eukaryota,0.0
Anastoechus,0,0,0.0,0.0,1,1,1,0.0,0.0,100.0,,,0,0,0,ncbi_only,Eukaryota,0.0
Anastatus,0,0,0.0,0.0,1,1,1,0.0,0.0,100.0,,,0,0,0,ncbi_only,Eukaryota,0.0
Anastatica,0,0,0.0,0.0,1,1,1,0.0,0.0,100.0,,,0,0,0,ncbi_only,Eukaryota,0.0
Anaulacaspis,0,0,0.0,0.0,1,1,1,0.0,0.0,100.0,,,0,0,0,ncbi_only,Eukaryota,0.0
Anoura,0,0,0.0,0.0,1,1,1,0.0,0.0,100.0,,,0,0,0,ncbi_only,Eukaryota,0.0
Aphyosemion,0,0,0.0,0.0,1,1,1,0.0,0.0,100.0,,,0,0,0,ncbi_only,Eukaryota,0.0
Apiosordaria,0,0,0.0,0.0,1,1,1,0.0,0.0,100.0,,,0,0,0,ncbi_only,Eukaryota,0.0
Apistogramma,0,0,0.0,0.0,1,1,1,0.0,0.0,100.0,,,0,0,0,ncbi_only,Eukaryota,0.0
Aplodontia,0,0,0.0,0.0,1,1,1,0.0,0.0,100.0,,,0,0,0,ncbi_only,Eukaryota,0.0
Apocrypta,0,0,0.0,0.0,1,1,1,0.0,0.0,100.0,,,0,0,0,ncbi_only,Eukaryota,0.0
Apocyclops,0,0,0.0,0.0,1,1,1,0.0,0.0,100.0,,,0,0,0,ncbi_only,Eukaryota,0.0
Apodospora,0,0,0.0,0.0,1,1,1,0.0,0.0,100.0,,,0,0,0,ncbi_only,Eukaryota,0.0
Anomotaenia,0,0,0.0,0.0,1,1,1,0.0,0.0,100.0,,,0,0,0,ncbi_only,Eukaryota,0.0
Anoncus,0,0,0.0,0.0,1,1,1,0.0,0.0,100.0,,,0,0,0,ncbi_only,Eukaryota,0.0
Anoplarchus,0,0,0.0,0.0,1,1,1,0.0,0.0,100.0,,,0,0,0,ncbi_only,Eukaryota,0.0
Anoplogaster,0,0,0.0,0.0,1,1,1,0.0,0.0,100.0,,,0,0,0,ncbi_only,Eukaryota,0.0
Anilios,0,0,0.0,0.0,1,1,1,0.0,0.0,100.0,,,0,0,0,ncbi_only,Eukaryota,0.0
Andinoacara,0,0,0.0,0.0,1,1,1,0.0,0.0,100.0,,,0,0,0,ncbi_only,Eukaryota,0.0
Anaeromyces,0,0,0.0,0.0,1,1,1,0.0,0.0,100.0,,,0,0,0,ncbi_only,Eukaryota,0.0
Anagrus,0,0,0.0,0.0,1,1,1,0.0,0.0,100.0,,,0,0,0,ncbi_only,Eukaryota,0.0
Anagyrus,0,0,0.0,0.0,1,1,1,0.0,0.0,100.0,,,0,0,0,ncbi_only,Eukaryota,0.0
Anarrhichthys,0,0,0.0,0.0,1,1,1,0.0,0.0,100.0,,,0,0,0,ncbi_only,Eukaryota,0.0
Andersonia,0,0,0.0,0.0,1,1,1,0.0,0.0,100.0,,,0,0,0,ncbi_only,Eukaryota,0.0
Andalucia,0,0,0.0,0.0,1,1,1,0.0,0.0,100.0,,,0,0,0,ncbi_only,Eukaryota,0.0
Ancula,0,0,0.0,0.0,1,1,1,0.0,0.0,100.0,,,0,0,0,ncbi_only,Eukaryota,0.0
Ancistrus,0,0,0.0,0.0,1,1,1,0.0,0.0,100.0,,,0,0,0,ncbi_only,Eukaryota,0.0
Ancherythroculter,0,0,0.0,0.0,1,1,1,0.0,0.0,100.0,,,0,0,0,ncbi_only,Eukaryota,0.0
Anoplophora,0,0,0.0,0.0,1,1,1,0.0,0.0,100.0,,,0,0,0,ncbi_only,Eukaryota,0.0
Aneuroscelio,0,0,0.0,0.0,1,1,1,0.0,0.0,100.0,,,0,0,0,ncbi_only,Eukaryota,0.0
Angelica,0,0,0.0,0.0,1,1,1,0.0,0.0,100.0,,,0,0,0,ncbi_only,Eukaryota,0.0
Angophora,0,0,0.0,0.0,1,1,1,0.0,0.0,100.0,,,0,0,0,ncbi_only,Eukaryota,0.0
Anguillospora,0,0,0.0,0.0,1,1,1,0.0,0.0,100.0,,,0,0,0,ncbi_only,Eukaryota,0.0
Anguina,0,0,0.0,0.0,1,1,1,0.0,0.0,100.0,,,0,0,0,ncbi_only,Eukaryota,0.0
Andreaea,0,0,0.0,0.0,1,1,1,0.0,0.0,100.0,,,0,0,0,ncbi_only,Eukaryota,0.0
Anilius,0,0,0.0,0.0,1,1,1,0.0,0.0,100.0,,,0,0,0,ncbi_only,Eukaryota,0.0
Anisarchus,0,0,0.0,0.0,1,1,1,0.0,0.0,100.0,,,0,0,0,ncbi_only,Eukaryota,0.0
Anisognathus,0,0,0.0,0.0,1,1,1,0.0,0.0,100.0,,,0,0,0,ncbi_only,Eukaryota,0.0
Anisogramma,0,0,0.0,0.0,1,1,1,0.0,0.0,100.0,,,0,0,0,ncbi_only,Eukaryota,0.0
Anisolabis,0,0,0.0,0.0,1,1,1,0.0,0.0,100.0,,,0,0,0,ncbi_only,Eukaryota,0.0
Anisynta,0,0,0.0,0.0,1,1,1,0.0,0.0,100.0,,,0,0,0,ncbi_only,Eukaryota,0.0
Anneissia,0,0,0.0,0.0,1,1,1,0.0,0.0,100.0,,,0,0,0,ncbi_only,Eukaryota,0.0
Anochetus,0,0,0.0,0.0,1,1,1,0.0,0.0,100.0,,,0,0,0,ncbi_only,Eukaryota,0.0
Anomalocardia,0,0,0.0,0.0,1,1,1,0.0,0.0,100.0,,,0,0,0,ncbi_only,Eukaryota,0.0
Anomalospiza,0,0,0.0,0.0,1,1,1,0.0,0.0,100.0,,,0,0,0,ncbi_only,Eukaryota,0.0
Augochlorella,0,0,0.0,0.0,1,1,1,0.0,0.0,100.0,,,0,0,0,ncbi_only,Eukaryota,0.0
Augochlora,0,0,0.0,0.0,1,1,1,0.0,0.0,100.0,,,0,0,0,ncbi_only,Eukaryota,0.0
Astrephomene,0,0,0.0,0.0,1,1,1,0.0,0.0,100.0,,,0,0,0,ncbi_only,Eukaryota,0.0
Augiades,0,0,0.0,0.0,1,1,1,0.0,0.0,100.0,,,0,0,0,ncbi_only,Eukaryota,0.0
Atrytonopsis,0,0,0.0,0.0,1,1,1,0.0,0.0,100.0,,,0,0,0,ncbi_only,Eukaryota,0.0
Atrophaneura,0,0,0.0,0.0,1,1,1,0.0,0.0,100.0,,,0,0,0,ncbi_only,Eukaryota,0.0
Atriophallophorus,0,0,0.0,0.0,1,1,1,0.0,0.0,100.0,,,0,0,0,ncbi_only,Eukaryota,0.0
Auchenoglanis,0,0,0.0,0.0,1,1,1,0.0,0.0,100.0,,,0,0,0,ncbi_only,Eukaryota,0.0
Bactericera,0,0,0.0,0.0,1,1,1,0.0,0.0,100.0,,,0,0,0,ncbi_only,Eukaryota,0.0
Arca,0,0,0.0,0.0,1,1,1,0.0,0.0,100.0,,,0,0,0,ncbi_only,Eukaryota,0.0
Arbacia,0,0,0.0,0.0,1,1,1,0.0,0.0,100.0,,,0,0,0,ncbi_only,Eukaryota,0.0
Androctonus,0,0,0.0,0.0,1,1,1,0.0,0.0,100.0,,,0,0,0,ncbi_only,Eukaryota,0.0
Aneides,0,0,0.0,0.0,1,1,1,0.0,0.0,100.0,,,0,0,0,ncbi_only,Eukaryota,0.0
Anelosimus,0,0,0.0,0.0,1,1,1,0.0,0.0,100.0,,,0,0,0,ncbi_only,Eukaryota,0.0
Anemonia,0,0,0.0,0.0,1,1,1,0.0,0.0,100.0,,,0,0,0,ncbi_only,Eukaryota,0.0
Anentome,0,0,0.0,0.0,1,1,1,0.0,0.0,100.0,,,0,0,0,ncbi_only,Eukaryota,0.0
Ataeniobius,0,0,0.0,0.0,1,1,1,0.0,0.0,100.0,,,0,0,0,ncbi_only,Eukaryota,0.0
Atarnes,0,0,0.0,0.0,1,1,1,0.0,0.0,100.0,,,0,0,0,ncbi_only,Eukaryota,0.0
Atherina,0,0,0.0,0.0,1,1,1,0.0,0.0,100.0,,,0,0,0,ncbi_only,Eukaryota,0.0
Atherinomorus,0,0,0.0,0.0,1,1,1,0.0,0.0,100.0,,,0,0,0,ncbi_only,Eukaryota,0.0
Atherinosoma,0,0,0.0,0.0,1,1,1,0.0,0.0,100.0,,,0,0,0,ncbi_only,Eukaryota,0.0
Atheta,0,0,0.0,0.0,1,1,1,0.0,0.0,100.0,,,0,0,0,ncbi_only,Eukaryota,0.0
Athetis,0,0,0.0,0.0,1,1,1,0.0,0.0,100.0,,,0,0,0,ncbi_only,Eukaryota,0.0
Atlantisia,0,0,0.0,0.0,1,1,1,0.0,0.0,100.0,,,0,0,0,ncbi_only,Eukaryota,0.0
Atopochilus,0,0,0.0,0.0,1,1,1,0.0,0.0,100.0,,,0,0,0,ncbi_only,Eukaryota,0.0
Atopodontus,0,0,0.0,0.0,1,1,1,0.0,0.0,100.0,,,0,0,0,ncbi_only,Eukaryota,0.0
Atopsyche,0,0,0.0,0.0,1,1,1,0.0,0.0,100.0,,,0,0,0,ncbi_only,Eukaryota,0.0
Atractiella,0,0,0.0,0.0,1,1,1,0.0,0.0,100.0,,,0,0,0,ncbi_only,Eukaryota,0.0
Atrichornis,0,0,0.0,0.0,1,1,1,0.0,0.0,100.0,,,0,0,0,ncbi_only,Eukaryota,0.0
Atrijuglans,0,0,0.0,0.0,1,1,1,0.0,0.0,100.0,,,0,0,0,ncbi_only,Eukaryota,0.0
Aulographum,0,0,0.0,0.0,1,1,1,0.0,0.0,100.0,,,0,0,0,ncbi_only,Eukaryota,0.0
Aulacomnium,0,0,0.0,0.0,1,1,1,0.0,0.0,100.0,,,0,0,0,ncbi_only,Eukaryota,0.0
Australostichopus,0,0,0.0,0.0,1,1,1,0.0,0.0,100.0,,,0,0,0,ncbi_only,Eukaryota,0.0
Austrobryonia,0,0,0.0,0.0,1,1,1,0.0,0.0,100.0,,,0,0,0,ncbi_only,Eukaryota,0.0
Austrofundulus,0,0,0.0,0.0,1,1,1,0.0,0.0,100.0,,,0,0,0,ncbi_only,Eukaryota,0.0
Austrolebias,0,0,0.0,0.0,1,1,1,0.0,0.0,100.0,,,0,0,0,ncbi_only,Eukaryota,0.0
Automeris,0,0,0.0,0.0,1,1,1,0.0,0.0,100.0,,,0,0,0,ncbi_only,Eukaryota,0.0
Axea,0,0,0.0,0.0,1,1,1,0.0,0.0,100.0,,,0,0,0,ncbi_only,Eukaryota,0.0
Axilococcus,0,0,0.0,0.0,1,1,1,0.0,0.0,100.0,,,0,0,0,ncbi_only,Eukaryota,0.0
Aurifilum,0,0,0.0,0.0,1,1,1,0.0,0.0,100.0,,,0,0,0,ncbi_only,Eukaryota,0.0
Axiothella,0,0,0.0,0.0,1,1,1,0.0,0.0,100.0,,,0,0,0,ncbi_only,Eukaryota,0.0
Azemiops,0,0,0.0,0.0,1,1,1,0.0,0.0,100.0,,,0,0,0,ncbi_only,Eukaryota,0.0
Azorina,0,0,0.0,0.0,1,1,1,0.0,0.0,100.0,,,0,0,0,ncbi_only,Eukaryota,0.0
Babyrousa,0,0,0.0,0.0,1,1,1,0.0,0.0,100.0,,,0,0,0,ncbi_only,Eukaryota,0.0
Bachia,0,0,0.0,0.0,1,1,1,0.0,0.0,100.0,,,0,0,0,ncbi_only,Eukaryota,0.0
Axis,0,0,0.0,0.0,1,1,1,0.0,0.0,100.0,,,0,0,0,ncbi_only,Eukaryota,0.0
Astrospartus,0,0,0.0,0.0,1,1,1,0.0,0.0,100.0,,,0,0,0,ncbi_only,Eukaryota,0.0
Asymmetron,0,0,0.0,0.0,1,1,1,0.0,0.0,100.0,,,0,0,0,ncbi_only,Eukaryota,0.0
Arothron,0,0,0.0,0.0,1,1,1,0.0,0.0,100.0,,,0,0,0,ncbi_only,Eukaryota,0.0
Aronia,0,0,0.0,0.0,1,1,1,0.0,0.0,100.0,,,0,0,0,ncbi_only,Eukaryota,0.0
Aromia,0,0,0.0,0.0,1,1,1,0.0,0.0,100.0,,,0,0,0,ncbi_only,Eukaryota,0.0
Astrangia,0,0,0.0,0.0,1,1,1,0.0,0.0,100.0,,,0,0,0,ncbi_only,Eukaryota,0.0
Arnoldichthys,0,0,0.0,0.0,1,1,1,0.0,0.0,100.0,,,0,0,0,ncbi_only,Eukaryota,0.0
Armeria,0,0,0.0,0.0,1,1,1,0.0,0.0,100.0,,,0,0,0,ncbi_only,Eukaryota,0.0
Armandia,0,0,0.0,0.0,1,1,1,0.0,0.0,100.0,,,0,0,0,ncbi_only,Eukaryota,0.0
Arius,0,0,0.0,0.0,1,1,1,0.0,0.0,100.0,,,0,0,0,ncbi_only,Eukaryota,0.0
Ariopsis,0,0,0.0,0.0,1,1,1,0.0,0.0,100.0,,,0,0,0,ncbi_only,Eukaryota,0.0
Armigeres,0,0,0.0,0.0,1,1,1,0.0,0.0,100.0,,,0,0,0,ncbi_only,Eukaryota,0.0
Archaeomysis,0,0,0.0,0.0,1,1,1,0.0,0.0,100.0,,,0,0,0,ncbi_only,Eukaryota,0.0
Astreopora,0,0,0.0,0.0,1,1,1,0.0,0.0,100.0,,,0,0,0,ncbi_only,Eukaryota,0.0
Astrocystis,0,0,0.0,0.0,1,1,1,0.0,0.0,100.0,,,0,0,0,ncbi_only,Eukaryota,0.0
Aurinia,0,0,0.0,0.0,1,1,1,0.0,0.0,100.0,,,0,0,0,ncbi_only,Eukaryota,0.0
Aurivittia,0,0,0.0,0.0,1,1,1,0.0,0.0,100.0,,,0,0,0,ncbi_only,Eukaryota,0.0
Australopilus,0,0,0.0,0.0,1,1,1,0.0,0.0,100.0,,,0,0,0,ncbi_only,Eukaryota,0.0
Arthothelium,0,0,0.0,0.0,1,1,0,0.0,0.0,0.0,,,0,0,0,ncbi_only,Eukaryota,0.0
Arteurotia,0,0,0.0,0.0,1,1,1,0.0,0.0,100.0,,,0,0,0,ncbi_only,Eukaryota,0.0
Archaeoteleia,0,0,0.0,0.0,1,1,1,0.0,0.0,100.0,,,0,0,0,ncbi_only,Eukaryota,0.0
Archilochus,0,0,0.0,0.0,1,1,1,0.0,0.0,100.0,,,0,0,0,ncbi_only,Eukaryota,0.0
Architeuthis,0,0,0.0,0.0,1,1,1,0.0,0.0,100.0,,,0,0,0,ncbi_only,Eukaryota,0.0
Archivesica,0,0,0.0,0.0,1,1,1,0.0,0.0,100.0,,,0,0,0,ncbi_only,Eukaryota,0.0
Archon,0,0,0.0,0.0,1,1,1,0.0,0.0,100.0,,,0,0,0,ncbi_only,Eukaryota,0.0
Arctocebus,0,0,0.0,0.0,1,1,1,0.0,0.0,100.0,,,0,0,0,ncbi_only,Eukaryota,0.0
Arctonoe,0,0,0.0,0.0,1,1,1,0.0,0.0,100.0,,,0,0,0,ncbi_only,Eukaryota,0.0
Arctopsyche,0,0,0.0,0.0,1,1,1,0.0,0.0,100.0,,,0,0,0,ncbi_only,Eukaryota,0.0
Ardea,0,0,0.0,0.0,1,1,1,0.0,0.0,100.0,,,0,0,0,ncbi_only,Eukaryota,0.0
Ardenna,0,0,0.0,0.0,1,1,1,0.0,0.0,100.0,,,0,0,0,ncbi_only,Eukaryota,0.0
Areca,0,0,0.0,0.0,1,1,1,0.0,0.0,100.0,,,0,0,0,ncbi_only,Eukaryota,0.0
Argolebias,0,0,0.0,0.0,1,1,1,0.0,0.0,100.0,,,0,0,0,ncbi_only,Eukaryota,0.0
Argya,0,0,0.0,0.0,1,1,1,0.0,0.0,100.0,,,0,0,0,ncbi_only,Eukaryota,0.0
Arrhamphus,0,0,0.0,0.0,1,1,1,0.0,0.0,100.0,,,0,0,0,ncbi_only,Eukaryota,0.0
Ascophyllum,0,0,0.0,0.0,1,1,1,0.0,0.0,100.0,,,0,0,0,ncbi_only,Eukaryota,0.0
Asio,0,0,0.0,0.0,1,1,1,0.0,0.0,100.0,,,0,0,0,ncbi_only,Eukaryota,0.0
Aspicilia,0,0,0.0,0.0,1,1,0,0.0,0.0,0.0,,,0,0,0,ncbi_only,Eukaryota,0.0
Aspidoras,0,0,0.0,0.0,1,1,1,0.0,0.0,100.0,,,0,0,0,ncbi_only,Eukaryota,0.0
Aspidura,0,0,0.0,0.0,1,1,1,0.0,0.0,100.0,,,0,0,0,ncbi_only,Eukaryota,0.0
Aspiorhynchus,0,0,0.0,0.0,1,1,1,0.0,0.0,100.0,,,0,0,0,ncbi_only,Eukaryota,0.0
Astathelohania,0,0,0.0,0.0,1,1,1,0.0,0.0,100.0,,,0,0,0,ncbi_only,Eukaryota,0.0
Astatoreochromis,0,0,0.0,0.0,1,1,1,0.0,0.0,100.0,,,0,0,0,ncbi_only,Eukaryota,0.0
Asterella,0,0,0.0,0.0,1,1,1,0.0,0.0,100.0,,,0,0,0,ncbi_only,Eukaryota,0.0
Asterionella,0,0,0.0,0.0,1,1,0,0.0,0.0,0.0,,,0,0,0,ncbi_only,Eukaryota,0.0
Asterionellopsis,0,0,0.0,0.0,1,1,1,0.0,0.0,100.0,,,0,0,0,ncbi_only,Eukaryota,0.0
Astictopterus,0,0,0.0,0.0,1,1,1,0.0,0.0,100.0,,,0,0,0,ncbi_only,Eukaryota,0.0
Astraeus,0,0,0.0,0.0,1,1,1,0.0,0.0,100.0,,,0,0,0,ncbi_only,Eukaryota,0.0
Astrammina,0,0,0.0,0.0,1,1,1,0.0,0.0,100.0,,,0,0,0,ncbi_only,Eukaryota,0.0
Ashinkailepas,0,0,0.0,0.0,1,1,1,0.0,0.0,100.0,,,0,0,0,ncbi_only,Eukaryota,0.0
Arthrocladium,0,0,0.0,0.0,1,1,1,0.0,0.0,100.0,,,0,0,0,ncbi_only,Eukaryota,0.0
Aeminium,0,0,0.0,0.0,1,1,1,0.0,0.0,100.0,,,0,0,0,ncbi_only,Eukaryota,0.0
Aegithalos,0,0,0.0,0.0,1,1,1,0.0,0.0,100.0,,,0,0,0,ncbi_only,Eukaryota,0.0
Aegires,0,0,0.0,0.0,1,1,1,0.0,0.0,100.0,,,0,0,0,ncbi_only,Eukaryota,0.0
Aegina,0,0,0.0,0.0,1,1,1,0.0,0.0,100.0,,,0,0,0,ncbi_only,Eukaryota,0.0
Aechmea,0,0,0.0,0.0,1,1,1,0.0,0.0,100.0,,,0,0,0,ncbi_only,Eukaryota,0.0
Aduncisulcus,0,0,0.0,0.0,1,1,1,0.0,0.0,100.0,,,0,0,0,ncbi_only,Eukaryota,0.0
Aegolius,0,0,0.0,0.0,1,1,1,0.0,0.0,100.0,,,0,0,0,ncbi_only,Eukaryota,0.0
Anabarilius,0,0,0.0,0.0,1,1,1,0.0,0.0,100.0,,,0,0,0,ncbi_only,Eukaryota,0.0
Anacardium,0,0,0.0,0.0,1,1,1,0.0,0.0,100.0,,,0,0,0,ncbi_only,Eukaryota,0.0
Artomyces,0,0,0.0,0.0,1,1,1,0.0,0.0,100.0,,,0,0,0,ncbi_only,Eukaryota,0.0
Asaccus,0,0,0.0,0.0,1,1,1,0.0,0.0,100.0,,,0,0,0,ncbi_only,Eukaryota,0.0
Asarcornis,0,0,0.0,0.0,1,1,1,0.0,0.0,100.0,,,0,0,0,ncbi_only,Eukaryota,0.0
Asbolis,0,0,0.0,0.0,1,1,1,0.0,0.0,100.0,,,0,0,0,ncbi_only,Eukaryota,0.0
Ascobolus,0,0,0.0,0.0,1,1,1,0.0,0.0,100.0,,,0,0,0,ncbi_only,Eukaryota,0.0
Ascocoryne,0,0,0.0,0.0,1,1,1,0.0,0.0,100.0,,,0,0,0,ncbi_only,Eukaryota,0.0
Ascogregarina,0,0,0.0,0.0,1,1,1,0.0,0.0,100.0,,,0,0,0,ncbi_only,Eukaryota,0.0
Adelosebastes,0,0,0.0,0.0,1,1,1,0.0,0.0,100.0,,,0,0,0,ncbi_only,Eukaryota,0.0
Adelphocoris,0,0,0.0,0.0,1,1,1,0.0,0.0,100.0,,,0,0,0,ncbi_only,Eukaryota,0.0
Adenanthera,0,0,0.0,0.0,1,1,1,0.0,0.0,100.0,,,0,0,0,ncbi_only,Eukaryota,0.0
Adenomera,0,0,0.0,0.0,1,1,1,0.0,0.0,100.0,,,0,0,0,ncbi_only,Eukaryota,0.0
Adenophora,0,0,0.0,0.0,1,1,1,0.0,0.0,100.0,,,0,0,0,ncbi_only,Eukaryota,0.0
Adinopsis,0,0,0.0,0.0,1,1,1,0.0,0.0,100.0,,,0,0,0,ncbi_only,Eukaryota,0.0
Adoxophyes,0,0,0.0,0.0,1,1,1,0.0,0.0,100.0,,,0,0,0,ncbi_only,Eukaryota,0.0
Adranes,0,0,0.0,0.0,1,1,1,0.0,0.0,100.0,,,0,0,0,ncbi_only,Eukaryota,0.0
Adrianichthys,0,0,0.0,0.0,1,1,1,0.0,0.0,100.0,,,0,0,0,ncbi_only,Eukaryota,0.0
Aepyprymnus,0,0,0.0,0.0,1,1,1,0.0,0.0,100.0,,,0,0,0,ncbi_only,Eukaryota,0.0
Aepyceros,0,0,0.0,0.0,1,1,1,0.0,0.0,100.0,,,0,0,0,ncbi_only,Eukaryota,0.0
Aeoliscus,0,0,0.0,0.0,1,1,1,0.0,0.0,100.0,,,0,0,0,ncbi_only,Eukaryota,0.0
Aeolidia,0,0,0.0,0.0,1,1,1,0.0,0.0,100.0,,,0,0,0,ncbi_only,Eukaryota,0.0
Aenictocupidus,0,0,0.0,0.0,1,1,1,0.0,0.0,100.0,,,0,0,0,ncbi_only,Eukaryota,0.0
Aenasius,0,0,0.0,0.0,1,1,1,0.0,0.0,100.0,,,0,0,0,ncbi_only,Eukaryota,0.0
Actinostola,0,0,0.0,0.0,1,1,1,0.0,0.0,100.0,,,0,0,0,ncbi_only,Eukaryota,0.0
Agathymus,0,0,0.0,0.0,1,1,1,0.0,0.0,100.0,,,0,0,0,ncbi_only,Eukaryota,0.0
Ageratina,0,0,0.0,0.0,1,1,1,0.0,0.0,100.0,,,0,0,0,ncbi_only,Eukaryota,0.0
Agkistrodon,0,0,0.0,0.0,1,1,1,0.0,0.0,100.0,,,0,0,0,ncbi_only,Eukaryota,0.0
Aglantha,0,0,0.0,0.0,1,1,1,0.0,0.0,100.0,,,0,0,0,ncbi_only,Eukaryota,0.0
Agraylea,0,0,0.0,0.0,1,1,1,0.0,0.0,100.0,,,0,0,0,ncbi_only,Eukaryota,0.0
Agrenia,0,0,0.0,0.0,1,1,1,0.0,0.0,100.0,,,0,0,0,ncbi_only,Eukaryota,0.0
Agrypnia,0,0,0.0,0.0,1,1,1,0.0,0.0,100.0,,,0,0,0,ncbi_only,Eukaryota,0.0
Agyrium,0,0,0.0,0.0,1,1,0,0.0,0.0,0.0,,,0,0,0,ncbi_only,Eukaryota,0.0
Ailoscolex,0,0,0.0,0.0,1,1,1,0.0,0.0,100.0,,,0,0,0,ncbi_only,Eukaryota,0.0
Ailurus,0,0,0.0,0.0,1,1,1,0.0,0.0,100.0,,,0,0,0,ncbi_only,Eukaryota,0.0
Ageneiosus,0,0,0.0,0.0,1,1,1,0.0,0.0,100.0,,,0,0,0,ncbi_only,Eukaryota,0.0
Aeromachus,0,0,0.0,0.0,1,1,1,0.0,0.0,100.0,,,0,0,0,ncbi_only,Eukaryota,0.0
Aequorea,0,0,0.0,0.0,1,1,1,0.0,0.0,100.0,,,0,0,0,ncbi_only,Eukaryota,0.0
Acutogordius,0,0,0.0,0.0,1,1,1,0.0,0.0,100.0,,,0,0,0,ncbi_only,Eukaryota,0.0
Adela,0,0,0.0,0.0,1,1,1,0.0,0.0,100.0,,,0,0,0,ncbi_only,Eukaryota,0.0
Adelognathus,0,0,0.0,0.0,1,1,1,0.0,0.0,100.0,,,0,0,0,ncbi_only,Eukaryota,0.0
Acanthomyrmex,0,0,0.0,0.0,1,1,1,0.0,0.0,100.0,,,0,0,0,ncbi_only,Eukaryota,0.0
Acantholyda,0,0,0.0,0.0,1,1,1,0.0,0.0,100.0,,,0,0,0,ncbi_only,Eukaryota,0.0
Acanthococcus,0,0,0.0,0.0,1,1,1,0.0,0.0,100.0,,,0,0,0,ncbi_only,Eukaryota,0.0
Acanthocleithron,0,0,0.0,0.0,1,1,1,0.0,0.0,100.0,,,0,0,0,ncbi_only,Eukaryota,0.0
Anabacerthia,0,0,0.0,0.0,1,1,1,0.0,0.0,100.0,,,0,0,0,ncbi_only,Eukaryota,0.0
Actinostella,0,0,0.0,0.0,1,1,1,0.0,0.0,100.0,,,0,0,0,ncbi_only,Eukaryota,0.0
Aethilla,0,0,0.0,0.0,1,1,1,0.0,0.0,100.0,,,0,0,0,ncbi_only,Eukaryota,0.0
Aethionema,0,0,0.0,0.0,1,1,1,0.0,0.0,100.0,,,0,0,0,ncbi_only,Eukaryota,0.0
Afrixalus,0,0,0.0,0.0,1,1,1,0.0,0.0,100.0,,,0,0,0,ncbi_only,Eukaryota,0.0
Afroboletus,0,0,0.0,0.0,1,1,1,0.0,0.0,100.0,,,0,0,0,ncbi_only,Eukaryota,0.0
Agalychnis,0,0,0.0,0.0,1,1,1,0.0,0.0,100.0,,,0,0,0,ncbi_only,Eukaryota,0.0
Agapanthus,0,0,0.0,0.0,1,1,1,0.0,0.0,100.0,,,0,0,0,ncbi_only,Eukaryota,0.0
Agapostemon,0,0,0.0,0.0,1,1,1,0.0,0.0,100.0,,,0,0,0,ncbi_only,Eukaryota,0.0
Agarophyton,0,0,0.0,0.0,1,1,1,0.0,0.0,100.0,,,0,0,0,ncbi_only,Eukaryota,0.0
Agastache,0,0,0.0,0.0,1,1,1,0.0,0.0,100.0,,,0,0,0,ncbi_only,Eukaryota,0.0
Aeschynomene,0,0,0.0,0.0,1,1,1,0.0,0.0,100.0,,,0,0,0,ncbi_only,Eukaryota,0.0
Abisara,0,0,0.0,0.0,1,1,1,0.0,0.0,100.0,,,0,0,0,ncbi_only,Eukaryota,0.0
Abra,0,0,0.0,0.0,1,1,1,0.0,0.0,100.0,,,0,0,0,ncbi_only,Eukaryota,0.0
Abudefduf,0,0,0.0,0.0,1,1,1,0.0,0.0,100.0,,,0,0,0,ncbi_only,Eukaryota,0.0
Acalypha,0,0,0.0,0.0,1,1,1,0.0,0.0,100.0,,,0,0,0,ncbi_only,Eukaryota,0.0
Acanthacorydalis,0,0,0.0,0.0,1,1,1,0.0,0.0,100.0,,,0,0,0,ncbi_only,Eukaryota,0.0
Acanthochaenus,0,0,0.0,0.0,1,1,1,0.0,0.0,100.0,,,0,0,0,ncbi_only,Eukaryota,0.0
Acanthochlamys,0,0,0.0,0.0,1,1,1,0.0,0.0,100.0,,,0,0,0,ncbi_only,Eukaryota,0.0
Acaulopage,0,0,0.0,0.0,1,1,1,0.0,0.0,100.0,,,0,0,0,ncbi_only,Eukaryota,0.0
Acaromyces,0,0,0.0,0.0,1,1,1,0.0,0.0,100.0,,,0,0,0,ncbi_only,Eukaryota,0.0
Acarapis,0,0,0.0,0.0,1,1,1,0.0,0.0,100.0,,,0,0,0,ncbi_only,Eukaryota,0.0
Acanthothecis,0,0,0.0,0.0,1,1,0,0.0,0.0,0.0,,,0,0,0,ncbi_only,Eukaryota,0.0
Acanthoscurria,0,0,0.0,0.0,1,1,1,0.0,0.0,100.0,,,0,0,0,ncbi_only,Eukaryota,0.0
Actinoscyphia,0,0,0.0,0.0,1,1,1,0.0,0.0,100.0,,,0,0,0,ncbi_only,Eukaryota,0.0
Acanthornis,0,0,0.0,0.0,1,1,0,0.0,0.0,0.0,,,0,0,0,ncbi_only,Eukaryota,0.0
Acanthopleura,0,0,0.0,0.0,1,1,1,0.0,0.0,100.0,,,0,0,0,ncbi_only,Eukaryota,0.0
Acanthophora,0,0,0.0,0.0,1,1,1,0.0,0.0,100.0,,,0,0,0,ncbi_only,Eukaryota,0.0
Acrobates,0,0,0.0,0.0,1,1,1,0.0,0.0,100.0,,,0,0,0,ncbi_only,Eukaryota,0.0
Acrocalymma,0,0,0.0,0.0,1,1,1,0.0,0.0,100.0,,,0,0,0,ncbi_only,Eukaryota,0.0
Acrochordus,0,0,0.0,0.0,1,1,1,0.0,0.0,100.0,,,0,0,0,ncbi_only,Eukaryota,0.0
Acrocnida,0,0,0.0,0.0,1,1,1,0.0,0.0,100.0,,,0,0,0,ncbi_only,Eukaryota,0.0
Acrocyrtus,0,0,0.0,0.0,1,1,1,0.0,0.0,100.0,,,0,0,0,ncbi_only,Eukaryota,0.0
Acrodontium,0,0,0.0,0.0,1,1,1,0.0,0.0,100.0,,,0,0,0,ncbi_only,Eukaryota,0.0
Acropternis,0,0,0.0,0.0,1,1,1,0.0,0.0,100.0,,,0,0,0,ncbi_only,Eukaryota,0.0
Actinernus,0,0,0.0,0.0,1,1,1,0.0,0.0,100.0,,,0,0,0,ncbi_only,Eukaryota,0.0
Actinopyga,0,0,0.0,0.0,1,1,1,0.0,0.0,100.0,,,0,0,0,ncbi_only,Eukaryota,0.0
Acremonium,0,0,0.0,0.0,1,1,1,0.0,0.0,100.0,,,0,0,0,ncbi_only,Eukaryota,0.0
Acestrorhynchus,0,0,0.0,0.0,1,1,1,0.0,0.0,100.0,,,0,0,0,ncbi_only,Eukaryota,0.0
Acephala,0,0,0.0,0.0,1,1,1,0.0,0.0,100.0,,,0,0,0,ncbi_only,Eukaryota,0.0
Abeliophyllum,0,0,0.0,0.0,1,1,1,0.0,0.0,100.0,,,0,0,0,ncbi_only,Eukaryota,0.0
Abelmoschus,0,0,0.0,0.0,1,1,1,0.0,0.0,100.0,,,0,0,0,ncbi_only,Eukaryota,0.0
Abeoforma,0,0,0.0,0.0,1,1,1,0.0,0.0,100.0,,,0,0,0,ncbi_only,Eukaryota,0.0
Abia,0,0,0.0,0.0,1,1,1,0.0,0.0,100.0,,,0,0,0,ncbi_only,Eukaryota,0.0
Ambastaia,0,0,0.0,0.0,1,1,1,0.0,0.0,100.0,,,0,0,0,ncbi_only,Eukaryota,0.0
Americanaplana,0,0,0.0,0.0,1,1,1,0.0,0.0,100.0,,,0,0,0,ncbi_only,Eukaryota,0.0
Akarotaxis,0,0,0.0,0.0,1,1,1,0.0,0.0,100.0,,,0,0,0,ncbi_only,Eukaryota,0.0
Akabosia,0,0,0.0,0.0,1,1,1,0.0,0.0,100.0,,,0,0,0,ncbi_only,Eukaryota,0.0
Aipysurus,0,0,0.0,0.0,1,1,1,0.0,0.0,100.0,,,0,0,0,ncbi_only,Eukaryota,0.0
Achaetomiella,0,0,0.0,0.0,1,1,1,0.0,0.0,100.0,,,0,0,0,ncbi_only,Eukaryota,0.0
Achaetomium,0,0,0.0,0.0,1,1,1,0.0,0.0,100.0,,,0,0,0,ncbi_only,Eukaryota,0.0
Achatina,0,0,0.0,0.0,1,1,1,0.0,0.0,100.0,,,0,0,0,ncbi_only,Eukaryota,0.0
Acheilognathus,0,0,0.0,0.0,1,1,1,0.0,0.0,100.0,,,0,0,0,ncbi_only,Eukaryota,0.0
Achelura,0,0,0.0,0.0,1,1,1,0.0,0.0,100.0,,,0,0,0,ncbi_only,Eukaryota,0.0
Achroia,0,0,0.0,0.0,1,1,1,0.0,0.0,100.0,,,0,0,0,ncbi_only,Eukaryota,0.0
Aciculosporium,0,0,0.0,0.0,1,1,1,0.0,0.0,100.0,,,0,0,0,ncbi_only,Eukaryota,0.0
Acidiella,0,0,0.0,0.0,1,1,1,0.0,0.0,100.0,,,0,0,0,ncbi_only,Eukaryota,0.0
Acrasis,0,0,0.0,0.0,1,1,1,0.0,0.0,100.0,,,0,0,0,ncbi_only,Eukaryota,0.0
Acraspis,0,0,0.0,0.0,1,1,1,0.0,0.0,100.0,,,0,0,0,ncbi_only,Eukaryota,0.0
Acritoscincus,0,0,0.0,0.0,1,1,1,0.0,0.0,100.0,,,0,0,0,ncbi_only,Eukaryota,0.0
Alternosema,0,0,0.0,0.0,1,1,1,0.0,0.0,100.0,,,0,0,0,ncbi_only,Eukaryota,0.0
Alychna,0,0,0.0,0.0,1,1,1,0.0,0.0,100.0,,,0,0,0,ncbi_only,Eukaryota,0.0
Alyxoria,0,0,0.0,0.0,1,1,0,0.0,0.0,0.0,,,0,0,0,ncbi_only,Eukaryota,0.0
Amarginops,0,0,0.0,0.0,1,1,1,0.0,0.0,100.0,,,0,0,0,ncbi_only,Eukaryota,0.0
Amazonetta,0,0,0.0,0.0,1,1,1,0.0,0.0,100.0,,,0,0,0,ncbi_only,Eukaryota,0.0
Amitus,0,0,0.0,0.0,1,1,1,0.0,0.0,100.0,,,0,0,0,ncbi_only,Eukaryota,0.0
Amissidens,0,0,0.0,0.0,1,1,1,0.0,0.0,100.0,,,0,0,0,ncbi_only,Eukaryota,0.0
Amilenus,0,0,0.0,0.0,1,1,1,0.0,0.0,100.0,,,0,0,0,ncbi_only,Eukaryota,0.0
Amesia,0,0,0.0,0.0,1,1,1,0.0,0.0,100.0,,,0,0,0,ncbi_only,Eukaryota,0.0
Akebia,0,0,0.0,0.0,1,1,1,0.0,0.0,100.0,,,0,0,0,ncbi_only,Eukaryota,0.0
Amerodectes,0,0,0.0,0.0,1,1,1,0.0,0.0,100.0,,,0,0,0,ncbi_only,Eukaryota,0.0
Ameiva,0,0,0.0,0.0,1,1,1,0.0,0.0,100.0,,,0,0,0,ncbi_only,Eukaryota,0.0
Ameiurus,0,0,0.0,0.0,1,1,1,0.0,0.0,100.0,,,0,0,0,ncbi_only,Eukaryota,0.0
Ameca,0,0,0.0,0.0,1,1,1,0.0,0.0,100.0,,,0,0,0,ncbi_only,Eukaryota,0.0
Amblyteles,0,0,0.0,0.0,1,1,1,0.0,0.0,100.0,,,0,0,0,ncbi_only,Eukaryota,0.0
Amblyornis,0,0,0.0,0.0,1,1,1,0.0,0.0,100.0,,,0,0,0,ncbi_only,Eukaryota,0.0
Amphioctopus,0,0,0.0,0.0,1,1,1,0.0,0.0,100.0,,,0,0,0,ncbi_only,Eukaryota,0.0
Amphiroa,0,0,0.0,0.0,1,1,1,0.0,0.0,100.0,,,0,0,0,ncbi_only,Eukaryota,0.0
Amphirosellinia,0,0,0.0,0.0,1,1,1,0.0,0.0,100.0,,,0,0,0,ncbi_only,Eukaryota,0.0
Amphistomus,0,0,0.0,0.0,1,1,1,0.0,0.0,100.0,,,0,0,0,ncbi_only,Eukaryota,0.0
Amphiuma,0,0,0.0,0.0,1,1,1,0.0,0.0,100.0,,,0,0,0,ncbi_only,Eukaryota,0.0
Amphiura,0,0,0.0,0.0,1,1,1,0.0,0.0,100.0,,,0,0,0,ncbi_only,Eukaryota,0.0
Ampittia,0,0,0.0,0.0,1,1,1,0.0,0.0,100.0,,,0,0,0,ncbi_only,Eukaryota,0.0
Ampullaceana,0,0,0.0,0.0,1,1,1,0.0,0.0,100.0,,,0,0,0,ncbi_only,Eukaryota,0.0
Amylocarpus,0,0,0.0,0.0,1,1,1,0.0,0.0,100.0,,,0,0,0,ncbi_only,Eukaryota,0.0
Amylocystis,0,0,0.0,0.0,1,1,1,0.0,0.0,100.0,,,0,0,0,ncbi_only,Eukaryota,0.0
Amyloporia,0,0,0.0,0.0,1,1,1,0.0,0.0,100.0,,,0,0,0,ncbi_only,Eukaryota,0.0
Amphinemura,0,0,0.0,0.0,1,1,1,0.0,0.0,100.0,,,0,0,0,ncbi_only,Eukaryota,0.0
Ammoglanis,0,0,0.0,0.0,1,1,1,0.0,0.0,100.0,,,0,0,0,ncbi_only,Eukaryota,0.0
Ammodramus,0,0,0.0,0.0,1,1,1,0.0,0.0,100.0,,,0,0,0,ncbi_only,Eukaryota,0.0
Ammi,0,0,0.0,0.0,1,1,1,0.0,0.0,100.0,,,0,0,0,ncbi_only,Eukaryota,0.0
Alpinia,0,0,0.0,0.0,1,1,1,0.0,0.0,100.0,,,0,0,0,ncbi_only,Eukaryota,0.0
Aleurites,0,0,0.0,0.0,1,1,1,0.0,0.0,100.0,,,0,0,0,ncbi_only,Eukaryota,0.0
Alcyonidium,0,0,0.0,0.0,1,1,1,0.0,0.0,100.0,,,0,0,0,ncbi_only,Eukaryota,0.0
Amniataba,0,0,0.0,0.0,1,1,1,0.0,0.0,100.0,,,0,0,0,ncbi_only,Eukaryota,0.0
Amnicola,0,0,0.0,0.0,1,1,1,0.0,0.0,100.0,,,0,0,0,ncbi_only,Eukaryota,0.0
Amniculicola,0,0,0.0,0.0,1,1,1,0.0,0.0,100.0,,,0,0,0,ncbi_only,Eukaryota,0.0
Amnirana,0,0,0.0,0.0,1,1,1,0.0,0.0,100.0,,,0,0,0,ncbi_only,Eukaryota,0.0
Amoebidium,0,0,0.0,0.0,1,1,1,0.0,0.0,100.0,,,0,0,0,ncbi_only,Eukaryota,0.0
Amoeboradix,0,0,0.0,0.0,1,1,1,0.0,0.0,100.0,,,0,0,0,ncbi_only,Eukaryota,0.0
Ampelocalamus,0,0,0.0,0.0,1,1,1,0.0,0.0,100.0,,,0,0,0,ncbi_only,Eukaryota,0.0
Amphiamblys,0,0,0.0,0.0,1,1,0,0.0,0.0,0.0,,,0,0,0,ncbi_only,Eukaryota,0.0
Amphibolips,0,0,0.0,0.0,1,1,1,0.0,0.0,100.0,,,0,0,0,ncbi_only,Eukaryota,0.0
Amphibolis,0,0,0.0,0.0,1,1,1,0.0,0.0,100.0,,,0,0,0,ncbi_only,Eukaryota,0.0
Amphicarpaea,0,0,0.0,0.0,1,1,1,0.0,0.0,100.0,,,0,0,0,ncbi_only,Eukaryota,0.0
Amphidinium,0,0,0.0,0.0,1,1,1,0.0,0.0,100.0,,,0,0,0,ncbi_only,Eukaryota,0.0
Ammotragus,0,0,0.0,0.0,1,1,1,0.0,0.0,100.0,,,0,0,0,ncbi_only,Eukaryota,0.0
Amphiesma,0,0,0.0,0.0,1,1,1,0.0,0.0,100.0,,,0,0,0,ncbi_only,Eukaryota,0.0
Alatina,0,0,0.0,0.0,1,1,1,0.0,0.0,100.0,,,0,0,0,ncbi_only,Eukaryota,0.0
Alauda,0,0,0.0,0.0,1,1,1,0.0,0.0,100.0,,,0,0,0,ncbi_only,Eukaryota,0.0
Alaudala,0,0,0.0,0.0,1,1,1,0.0,0.0,100.0,,,0,0,0,ncbi_only,Eukaryota,0.0
Alaus,0,0,0.0,0.0,1,1,1,0.0,0.0,100.0,,,0,0,0,ncbi_only,Eukaryota,0.0
Albinaria,0,0,0.0,0.0,1,1,1,0.0,0.0,100.0,,,0,0,0,ncbi_only,Eukaryota,0.0
Albizia,0,0,0.0,0.0,1,1,1,0.0,0.0,100.0,,,0,0,0,ncbi_only,Eukaryota,0.0
Albophoma,0,0,0.0,0.0,1,1,1,0.0,0.0,100.0,,,0,0,0,ncbi_only,Eukaryota,0.0
Albopleistophora,0,0,0.0,0.0,1,1,1,0.0,0.0,100.0,,,0,0,0,ncbi_only,Eukaryota,0.0
Algansea,0,0,0.0,0.0,1,1,1,0.0,0.0,100.0,,,0,0,0,ncbi_only,Eukaryota,0.0
Alcelaphus,0,0,0.0,0.0,1,1,1,0.0,0.0,100.0,,,0,0,0,ncbi_only,Eukaryota,0.0
Aldabrachelys,0,0,0.0,0.0,1,1,1,0.0,0.0,100.0,,,0,0,0,ncbi_only,Eukaryota,0.0
Aldrovandia,0,0,0.0,0.0,1,1,1,0.0,0.0,100.0,,,0,0,0,ncbi_only,Eukaryota,0.0
Aleadryas,0,0,0.0,0.0,1,1,1,0.0,0.0,100.0,,,0,0,0,ncbi_only,Eukaryota,0.0
Alectura,0,0,0.0,0.0,1,1,1,0.0,0.0,100.0,,,0,0,0,ncbi_only,Eukaryota,0.0
Alera,0,0,0.0,0.0,1,1,1,0.0,0.0,100.0,,,0,0,0,ncbi_only,Eukaryota,0.0
Alestopetersius,0,0,0.0,0.0,1,1,1,0.0,0.0,100.0,,,0,0,0,ncbi_only,Eukaryota,0.0
Calophaca,0,0,0.0,0.0,1,1,1,0.0,0.0,100.0,,,0,0,0,ncbi_only,Eukaryota,0.0
Callorhinus,0,0,0.0,0.0,1,1,1,0.0,0.0,100.0,,,0,0,0,ncbi_only,Eukaryota,0.0
Callophyllis,0,0,0.0,0.0,1,1,1,0.0,0.0,100.0,,,0,0,0,ncbi_only,Eukaryota,0.0
Calotes,0,0,0.0,0.0,1,1,1,0.0,0.0,100.0,,,0,0,0,ncbi_only,Eukaryota,0.0
Bacterosira,0,0,0.0,0.0,1,1,1,0.0,0.0,100.0,,,0,0,0,ncbi_only,Eukaryota,0.0
Bacillus,0,0,0.0,0.0,1,1,14132,0.0,0.0,98.86,,,0,0,0,ncbi_only,Eukaryota,0.0
Alipiopsitta,0,0,0.0,0.0,1,1,1,0.0,0.0,100.0,,,0,0,0,ncbi_only,Eukaryota,0.0
Allancastria,0,0,0.0,0.0,1,1,1,0.0,0.0,100.0,,,0,0,0,ncbi_only,Eukaryota,0.0
Alle,0,0,0.0,0.0,1,1,1,0.0,0.0,100.0,,,0,0,0,ncbi_only,Eukaryota,0.0
Allenopithecus,0,0,0.0,0.0,1,1,1,0.0,0.0,100.0,,,0,0,0,ncbi_only,Eukaryota,0.0
Allobates,0,0,0.0,0.0,1,1,1,0.0,0.0,100.0,,,0,0,0,ncbi_only,Eukaryota,0.0
Allodekkera,0,0,0.0,0.0,1,1,1,0.0,0.0,100.0,,,0,0,0,ncbi_only,Eukaryota,0.0
Allopauropus,0,0,0.0,0.0,1,1,1,0.0,0.0,100.0,,,0,0,0,ncbi_only,Eukaryota,0.0
Alloplasta,0,0,0.0,0.0,1,1,1,0.0,0.0,100.0,,,0,0,0,ncbi_only,Eukaryota,0.0
Alloscopus,0,0,0.0,0.0,1,1,1,0.0,0.0,100.0,,,0,0,0,ncbi_only,Eukaryota,0.0
Alfaro,0,0,0.0,0.0,1,1,1,0.0,0.0,100.0,,,0,0,0,ncbi_only,Eukaryota,0.0
Calliostoma,0,0,0.0,0.0,1,1,1,0.0,0.0,100.0,,,0,0,0,ncbi_only,Eukaryota,0.0
Calliscelio,0,0,0.0,0.0,1,1,1,0.0,0.0,100.0,,,0,0,0,ncbi_only,Eukaryota,0.0
Callista,0,0,0.0,0.0,1,1,1,0.0,0.0,100.0,,,0,0,0,ncbi_only,Eukaryota,0.0
Callitettix,0,0,0.0,0.0,1,1,1,0.0,0.0,100.0,,,0,0,0,ncbi_only,Eukaryota,0.0
Callocephalon,0,0,0.0,0.0,1,1,1,0.0,0.0,100.0,,,0,0,0,ncbi_only,Eukaryota,0.0
Callochiton,0,0,0.0,0.0,1,1,1,0.0,0.0,100.0,,,0,0,0,ncbi_only,Eukaryota,0.0
Callonetta,0,0,0.0,0.0,1,1,1,0.0,0.0,100.0,,,0,0,0,ncbi_only,Eukaryota,0.0
Callopanchax,0,0,0.0,0.0,1,1,1,0.0,0.0,100.0,,,0,0,0,ncbi_only,Eukaryota,0.0
Calydna,0,0,0.0,0.0,1,1,1,0.0,0.0,100.0,,,0,0,0,ncbi_only,Eukaryota,0.0
Calycina,0,0,0.0,0.0,1,1,1,0.0,0.0,100.0,,,0,0,0,ncbi_only,Eukaryota,0.0
Caluromys,0,0,0.0,0.0,1,1,1,0.0,0.0,100.0,,,0,0,0,ncbi_only,Eukaryota,0.0
Caltoris,0,0,0.0,0.0,1,1,1,0.0,0.0,100.0,,,0,0,0,ncbi_only,Eukaryota,0.0
Calpodes,0,0,0.0,0.0,1,1,1,0.0,0.0,100.0,,,0,0,0,ncbi_only,Eukaryota,0.0
Calotriton,0,0,0.0,0.0,1,1,1,0.0,0.0,100.0,,,0,0,0,ncbi_only,Eukaryota,0.0
Calotelea,0,0,0.0,0.0,1,1,1,0.0,0.0,100.0,,,0,0,0,ncbi_only,Eukaryota,0.0
Calopteryx,0,0,0.0,0.0,1,1,1,0.0,0.0,100.0,,,0,0,0,ncbi_only,Eukaryota,0.0
Campethera,0,0,0.0,0.0,1,1,1,0.0,0.0,100.0,,,0,0,0,ncbi_only,Eukaryota,0.0
Campomanesia,0,0,0.0,0.0,1,1,1,0.0,0.0,100.0,,,0,0,0,ncbi_only,Eukaryota,0.0
Camptophora,0,0,0.0,0.0,1,1,1,0.0,0.0,100.0,,,0,0,0,ncbi_only,Eukaryota,0.0
Camptopleura,0,0,0.0,0.0,1,1,1,0.0,0.0,100.0,,,0,0,0,ncbi_only,Eukaryota,0.0
Campylorhamphus,0,0,0.0,0.0,1,1,1,0.0,0.0,100.0,,,0,0,0,ncbi_only,Eukaryota,0.0
Candelaria,0,0,0.0,0.0,1,1,0,0.0,0.0,0.0,,,0,0,0,ncbi_only,Eukaryota,0.0
Camillea,0,0,0.0,0.0,1,1,1,0.0,0.0,100.0,,,0,0,0,ncbi_only,Eukaryota,0.0
Calyptommatus,0,0,0.0,0.0,1,1,1,0.0,0.0,100.0,,,0,0,0,ncbi_only,Eukaryota,0.0
Calyptomena,0,0,0.0,0.0,1,1,1,0.0,0.0,100.0,,,0,0,0,ncbi_only,Eukaryota,0.0
Calicophoron,0,0,0.0,0.0,1,1,1,0.0,0.0,100.0,,,0,0,0,ncbi_only,Eukaryota,0.0
California,0,0,0.0,0.0,1,1,1,0.0,0.0,100.0,,,0,0,0,ncbi_only,Eukaryota,0.0
Callaeas,0,0,0.0,0.0,1,1,1,0.0,0.0,100.0,,,0,0,0,ncbi_only,Eukaryota,0.0
Calliactis,0,0,0.0,0.0,1,1,1,0.0,0.0,100.0,,,0,0,0,ncbi_only,Eukaryota,0.0
Calliergon,0,0,0.0,0.0,1,1,1,0.0,0.0,100.0,,,0,0,0,ncbi_only,Eukaryota,0.0
Callimico,0,0,0.0,0.0,1,1,1,0.0,0.0,100.0,,,0,0,0,ncbi_only,Eukaryota,0.0
Callionymus,0,0,0.0,0.0,1,1,1,0.0,0.0,100.0,,,0,0,0,ncbi_only,Eukaryota,0.0
Boa,0,0,0.0,0.0,1,1,1,0.0,0.0,100.0,,,0,0,0,ncbi_only,Eukaryota,0.0
Bipalium,0,0,0.0,0.0,1,1,1,0.0,0.0,100.0,,,0,0,0,ncbi_only,Eukaryota,0.0
Bergenia,0,0,0.0,0.0,1,1,1,0.0,0.0,100.0,,,0,0,0,ncbi_only,Eukaryota,0.0
Berghia,0,0,0.0,0.0,1,1,1,0.0,0.0,100.0,,,0,0,0,ncbi_only,Eukaryota,0.0
Berosus,0,0,0.0,0.0,1,1,1,0.0,0.0,100.0,,,0,0,0,ncbi_only,Eukaryota,0.0
Bertia,0,0,0.0,0.0,1,1,1,0.0,0.0,100.0,,,0,0,0,ncbi_only,Eukaryota,0.0
Beryx,0,0,0.0,0.0,1,1,1,0.0,0.0,100.0,,,0,0,0,ncbi_only,Eukaryota,0.0
Besnoitia,0,0,0.0,0.0,1,1,1,0.0,0.0,100.0,,,0,0,0,ncbi_only,Eukaryota,0.0
Binderoboletus,0,0,0.0,0.0,1,1,1,0.0,0.0,100.0,,,0,0,0,ncbi_only,Eukaryota,0.0
Bimuria,0,0,0.0,0.0,1,1,1,0.0,0.0,100.0,,,0,0,0,ncbi_only,Eukaryota,0.0
Benjaminiella,0,0,0.0,0.0,1,1,0,0.0,0.0,0.0,,,0,0,0,ncbi_only,Eukaryota,0.0
Bifiguratus,0,0,0.0,0.0,1,1,1,0.0,0.0,100.0,,,0,0,0,ncbi_only,Eukaryota,0.0
Bibasis,0,0,0.0,0.0,1,1,1,0.0,0.0,100.0,,,0,0,0,ncbi_only,Eukaryota,0.0
Biancaea,0,0,0.0,0.0,1,1,1,0.0,0.0,100.0,,,0,0,0,ncbi_only,Eukaryota,0.0
Beverwykella,0,0,0.0,0.0,1,1,1,0.0,0.0,100.0,,,0,0,0,ncbi_only,Eukaryota,0.0
Bienertia,0,0,0.0,0.0,1,1,1,0.0,0.0,100.0,,,0,0,0,ncbi_only,Eukaryota,0.0
Blaps,0,0,0.0,0.0,1,1,1,0.0,0.0,100.0,,,0,0,0,ncbi_only,Eukaryota,0.0
Blastophysa,0,0,0.0,0.0,1,1,1,0.0,0.0,100.0,,,0,0,0,ncbi_only,Eukaryota,0.0
Blastosporella,0,0,0.0,0.0,1,1,1,0.0,0.0,100.0,,,0,0,0,ncbi_only,Eukaryota,0.0
Blattamonas,0,0,0.0,0.0,1,1,1,0.0,0.0,100.0,,,0,0,0,ncbi_only,Eukaryota,0.0
Blechomonas,0,0,0.0,0.0,1,1,1,0.0,0.0,100.0,,,0,0,0,ncbi_only,Eukaryota,0.0
Bletilla,0,0,0.0,0.0,1,1,1,0.0,0.0,100.0,,,0,0,0,ncbi_only,Eukaryota,0.0
Blumeriella,0,0,0.0,0.0,1,1,1,0.0,0.0,100.0,,,0,0,0,ncbi_only,Eukaryota,0.0
Birgus,0,0,0.0,0.0,1,1,1,0.0,0.0,100.0,,,0,0,0,ncbi_only,Eukaryota,0.0
Boaedon,0,0,0.0,0.0,1,1,1,0.0,0.0,100.0,,,0,0,0,ncbi_only,Eukaryota,0.0
Boana,0,0,0.0,0.0,1,1,1,0.0,0.0,100.0,,,0,0,0,ncbi_only,Eukaryota,0.0
Bocquillonia,0,0,0.0,0.0,1,1,1,0.0,0.0,100.0,,,0,0,0,ncbi_only,Eukaryota,0.0
Boesenbergia,0,0,0.0,0.0,1,1,1,0.0,0.0,100.0,,,0,0,0,ncbi_only,Eukaryota,0.0
Bofa,0,0,0.0,0.0,1,1,1,0.0,0.0,100.0,,,0,0,0,ncbi_only,Eukaryota,0.0
Bogoriella,0,0,0.0,0.0,1,1,1,0.0,0.0,50.0,,,0,0,0,ncbi_only,Eukaryota,0.0
Bolborhynchus,0,0,0.0,0.0,1,1,1,0.0,0.0,100.0,,,0,0,0,ncbi_only,Eukaryota,0.0
Bolboschoenus,0,0,0.0,0.0,1,1,1,0.0,0.0,100.0,,,0,0,0,ncbi_only,Eukaryota,0.0
Basidioascus,0,0,0.0,0.0,1,1,1,0.0,0.0,100.0,,,0,0,0,ncbi_only,Eukaryota,0.0
Baryscapus,0,0,0.0,0.0,1,1,1,0.0,0.0,100.0,,,0,0,0,ncbi_only,Eukaryota,0.0
Baryphthengus,0,0,0.0,0.0,1,1,1,0.0,0.0,100.0,,,0,0,0,ncbi_only,Eukaryota,0.0
Baryconus,0,0,0.0,0.0,1,1,1,0.0,0.0,100.0,,,0,0,0,ncbi_only,Eukaryota,0.0
Bartalinia,0,0,0.0,0.0,1,1,1,0.0,0.0,100.0,,,0,0,0,ncbi_only,Eukaryota,0.0
Barca,0,0,0.0,0.0,1,1,1,0.0,0.0,100.0,,,0,0,0,ncbi_only,Eukaryota,0.0
Barbatosphaeria,0,0,0.0,0.0,1,1,1,0.0,0.0,100.0,,,0,0,0,ncbi_only,Eukaryota,0.0
Bambusicola,0,0,0.0,0.0,1,1,1,0.0,0.0,100.0,,,0,0,0,ncbi_only,Eukaryota,0.0
Barnardius,0,0,0.0,0.0,1,1,1,0.0,0.0,100.0,,,0,0,0,ncbi_only,Eukaryota,0.0
Calcarisporium,0,0,0.0,0.0,1,1,1,0.0,0.0,100.0,,,0,0,0,ncbi_only,Eukaryota,0.0
Benitochromis,0,0,0.0,0.0,1,1,1,0.0,0.0,100.0,,,0,0,0,ncbi_only,Eukaryota,0.0
Benniella,0,0,0.0,0.0,1,1,0,0.0,0.0,0.0,,,0,0,0,ncbi_only,Eukaryota,0.0
Bisporella,0,0,0.0,0.0,1,1,1,0.0,0.0,100.0,,,0,0,0,ncbi_only,Eukaryota,0.0
Bitis,0,0,0.0,0.0,1,1,1,0.0,0.0,100.0,,,0,0,0,ncbi_only,Eukaryota,0.0
Bjerkandera,0,0,0.0,0.0,1,1,1,0.0,0.0,100.0,,,0,0,0,ncbi_only,Eukaryota,0.0
Blakeslea,0,0,0.0,0.0,1,1,1,0.0,0.0,100.0,,,0,0,0,ncbi_only,Eukaryota,0.0
Bathochordaeus,0,0,0.0,0.0,1,1,1,0.0,0.0,100.0,,,0,0,0,ncbi_only,Eukaryota,0.0
Bassia,0,0,0.0,0.0,1,1,1,0.0,0.0,100.0,,,0,0,0,ncbi_only,Eukaryota,0.0
Basiliscus,0,0,0.0,0.0,1,1,1,0.0,0.0,100.0,,,0,0,0,ncbi_only,Eukaryota,0.0
Baeospora,0,0,0.0,0.0,1,1,1,0.0,0.0,100.0,,,0,0,0,ncbi_only,Eukaryota,0.0
Baeotis,0,0,0.0,0.0,1,1,1,0.0,0.0,100.0,,,0,0,0,ncbi_only,Eukaryota,0.0
Baetis,0,0,0.0,0.0,1,1,1,0.0,0.0,100.0,,,0,0,0,ncbi_only,Eukaryota,0.0
Bagarius,0,0,0.0,0.0,1,1,1,0.0,0.0,100.0,,,0,0,0,ncbi_only,Eukaryota,0.0
Bagre,0,0,0.0,0.0,1,1,1,0.0,0.0,100.0,,,0,0,0,ncbi_only,Eukaryota,0.0
Bagroides,0,0,0.0,0.0,1,1,1,0.0,0.0,100.0,,,0,0,0,ncbi_only,Eukaryota,0.0
Balaeniceps,0,0,0.0,0.0,1,1,1,0.0,0.0,100.0,,,0,0,0,ncbi_only,Eukaryota,0.0
Balakata,0,0,0.0,0.0,1,1,1,0.0,0.0,100.0,,,0,0,0,ncbi_only,Eukaryota,0.0
Balanophora,0,0,0.0,0.0,1,1,1,0.0,0.0,100.0,,,0,0,0,ncbi_only,Eukaryota,0.0
Balansia,0,0,0.0,0.0,1,1,1,0.0,0.0,100.0,,,0,0,0,ncbi_only,Eukaryota,0.0
Balantidium,0,0,0.0,0.0,1,1,1,0.0,0.0,100.0,,,0,0,0,ncbi_only,Eukaryota,0.0
Balebreviceps,0,0,0.0,0.0,1,1,1,0.0,0.0,100.0,,,0,0,0,ncbi_only,Eukaryota,0.0
Basileuterus,0,0,0.0,0.0,1,1,1,0.0,0.0,100.0,,,0,0,0,ncbi_only,Eukaryota,0.0
Bathydraco,0,0,0.0,0.0,1,1,1,0.0,0.0,100.0,,,0,0,0,ncbi_only,Eukaryota,0.0
Bathygadus,0,0,0.0,0.0,1,1,1,0.0,0.0,100.0,,,0,0,0,ncbi_only,Eukaryota,0.0
Bathynomus,0,0,0.0,0.0,1,1,1,0.0,0.0,100.0,,,0,0,0,ncbi_only,Eukaryota,0.0
Bathyporeia,0,0,0.0,0.0,1,1,1,0.0,0.0,100.0,,,0,0,0,ncbi_only,Eukaryota,0.0
Bathypterois,0,0,0.0,0.0,1,1,1,0.0,0.0,100.0,,,0,0,0,ncbi_only,Eukaryota,0.0
Bathysaurus,0,0,0.0,0.0,1,1,1,0.0,0.0,100.0,,,0,0,0,ncbi_only,Eukaryota,0.0
Batillaria,0,0,0.0,0.0,1,1,1,0.0,0.0,100.0,,,0,0,0,ncbi_only,Eukaryota,0.0
Batrachocephalus,0,0,0.0,0.0,1,1,1,0.0,0.0,100.0,,,0,0,0,ncbi_only,Eukaryota,0.0
Bauhinia,0,0,0.0,0.0,1,1,1,0.0,0.0,100.0,,,0,0,0,ncbi_only,Eukaryota,0.0
Bayabusua,0,0,0.0,0.0,1,1,1,0.0,0.0,100.0,,,0,0,0,ncbi_only,Eukaryota,0.0
Beatragus,0,0,0.0,0.0,1,1,1,0.0,0.0,100.0,,,0,0,0,ncbi_only,Eukaryota,0.0
Beckmannia,0,0,0.0,0.0,1,1,1,0.0,0.0,100.0,,,0,0,0,ncbi_only,Eukaryota,0.0
Belgica,0,0,0.0,0.0,1,1,1,0.0,0.0,100.0,,,0,0,0,ncbi_only,Eukaryota,0.0
Belonocnema,0,0,0.0,0.0,1,1,1,0.0,0.0,100.0,,,0,0,0,ncbi_only,Eukaryota,0.0
Belonoglanis,0,0,0.0,0.0,1,1,1,0.0,0.0,100.0,,,0,0,0,ncbi_only,Eukaryota,0.0
Benedenia,0,0,0.0,0.0,1,1,1,0.0,0.0,100.0,,,0,0,0,ncbi_only,Eukaryota,0.0
Bryopsis,0,0,0.0,0.0,1,1,1,0.0,0.0,100.0,,,0,0,0,ncbi_only,Eukaryota,0.0
Bullacta,0,0,0.0,0.0,1,1,1,0.0,0.0,100.0,,,0,0,0,ncbi_only,Eukaryota,0.0
Bulinus,0,0,0.0,0.0,1,1,1,0.0,0.0,100.0,,,0,0,0,ncbi_only,Eukaryota,0.0
Bulbothrix,0,0,0.0,0.0,1,1,0,0.0,0.0,0.0,,,0,0,0,ncbi_only,Eukaryota,0.0
Bujurquina,0,0,0.0,0.0,1,1,1,0.0,0.0,100.0,,,0,0,0,ncbi_only,Eukaryota,0.0
Budorcas,0,0,0.0,0.0,1,1,1,0.0,0.0,100.0,,,0,0,0,ncbi_only,Eukaryota,0.0
Bolma,0,0,0.0,0.0,1,1,1,0.0,0.0,100.0,,,0,0,0,ncbi_only,Eukaryota,0.0
Buddleja,0,0,0.0,0.0,1,1,1,0.0,0.0,100.0,,,0,0,0,ncbi_only,Eukaryota,0.0
Buchholzia,0,0,0.0,0.0,1,1,1,0.0,0.0,100.0,,,0,0,0,ncbi_only,Eukaryota,0.0
Bucco,0,0,0.0,0.0,1,1,1,0.0,0.0,100.0,,,0,0,0,ncbi_only,Eukaryota,0.0
Buccanodon,0,0,0.0,0.0,1,1,1,0.0,0.0,100.0,,,0,0,0,ncbi_only,Eukaryota,0.0
Bucanetes,0,0,0.0,0.0,1,1,1,0.0,0.0,100.0,,,0,0,0,ncbi_only,Eukaryota,0.0
Bryum,0,0,0.0,0.0,1,1,1,0.0,0.0,100.0,,,0,0,0,ncbi_only,Eukaryota,0.0
Bolla,0,0,0.0,0.0,1,1,1,0.0,0.0,100.0,,,0,0,0,ncbi_only,Eukaryota,0.0
Bolinopsis,0,0,0.0,0.0,1,1,1,0.0,0.0,100.0,,,0,0,0,ncbi_only,Eukaryota,0.0
Bathyaethiops,0,0,0.0,0.0,1,1,1,0.0,0.0,100.0,,,0,0,0,ncbi_only,Eukaryota,0.0
Caiman,0,0,0.0,0.0,1,1,1,0.0,0.0,100.0,,,0,0,0,ncbi_only,Eukaryota,0.0
Cairneyella,0,0,0.0,0.0,1,1,1,0.0,0.0,100.0,,,0,0,0,ncbi_only,Eukaryota,0.0
Calamaria,0,0,0.0,0.0,1,1,1,0.0,0.0,100.0,,,0,0,0,ncbi_only,Eukaryota,0.0
Calamus,0,0,0.0,0.0,1,1,1,0.0,0.0,100.0,,,0,0,0,ncbi_only,Eukaryota,0.0
Calcarisporiella,0,0,0.0,0.0,1,1,1,0.0,0.0,100.0,,,0,0,0,ncbi_only,Eukaryota,0.0
Cachryx,0,0,0.0,0.0,1,1,1,0.0,0.0,100.0,,,0,0,0,ncbi_only,Eukaryota,0.0
Buniapone,0,0,0.0,0.0,1,1,1,0.0,0.0,100.0,,,0,0,0,ncbi_only,Eukaryota,0.0
Bungalotis,0,0,0.0,0.0,1,1,1,0.0,0.0,100.0,,,0,0,0,ncbi_only,Eukaryota,0.0
Bullina,0,0,0.0,0.0,1,1,1,0.0,0.0,100.0,,,0,0,0,ncbi_only,Eukaryota,0.0
Brontispa,0,0,0.0,0.0,1,1,1,0.0,0.0,100.0,,,0,0,0,ncbi_only,Eukaryota,0.0
Brotula,0,0,0.0,0.0,1,1,1,0.0,0.0,100.0,,,0,0,0,ncbi_only,Eukaryota,0.0
Brueelia,0,0,0.0,0.0,1,1,1,0.0,0.0,100.0,,,0,0,0,ncbi_only,Eukaryota,0.0
Bryconaethiops,0,0,0.0,0.0,1,1,1,0.0,0.0,100.0,,,0,0,0,ncbi_only,Eukaryota,0.0
Bryoerythrophyllum,0,0,0.0,0.0,1,1,1,0.0,0.0,100.0,,,0,0,0,ncbi_only,Eukaryota,0.0
Bryoglossum,0,0,0.0,0.0,1,1,1,0.0,0.0,100.0,,,0,0,0,ncbi_only,Eukaryota,0.0
Bryonia,0,0,0.0,0.0,1,1,1,0.0,0.0,100.0,,,0,0,0,ncbi_only,Eukaryota,0.0
Brigantiaea,0,0,0.0,0.0,1,1,0,0.0,0.0,0.0,,,0,0,0,ncbi_only,Eukaryota,0.0
Bunonema,0,0,0.0,0.0,1,1,1,0.0,0.0,100.0,,,0,0,0,ncbi_only,Eukaryota,0.0
Buphagus,0,0,0.0,0.0,1,1,1,0.0,0.0,100.0,,,0,0,0,ncbi_only,Eukaryota,0.0
Burramys,0,0,0.0,0.0,1,1,1,0.0,0.0,100.0,,,0,0,0,ncbi_only,Eukaryota,0.0
Busarellus,0,0,0.0,0.0,1,1,1,0.0,0.0,100.0,,,0,0,0,ncbi_only,Eukaryota,0.0
Busseola,0,0,0.0,0.0,1,1,1,0.0,0.0,100.0,,,0,0,0,ncbi_only,Eukaryota,0.0
Byssoonygena,0,0,0.0,0.0,1,1,1,0.0,0.0,100.0,,,0,0,0,ncbi_only,Eukaryota,0.0
Byssothecium,0,0,0.0,0.0,1,1,1,0.0,0.0,100.0,,,0,0,0,ncbi_only,Eukaryota,0.0
Bythotiara,0,0,0.0,0.0,1,1,1,0.0,0.0,100.0,,,0,0,0,ncbi_only,Eukaryota,0.0
Cabassous,0,0,0.0,0.0,1,1,1,0.0,0.0,100.0,,,0,0,0,ncbi_only,Eukaryota,0.0
Cabirus,0,0,0.0,0.0,1,1,1,0.0,0.0,100.0,,,0,0,0,ncbi_only,Eukaryota,0.0
Caccobius,0,0,0.0,0.0,1,1,1,0.0,0.0,100.0,,,0,0,0,ncbi_only,Eukaryota,0.0
Bunodosoma,0,0,0.0,0.0,1,1,1,0.0,0.0,100.0,,,0,0,0,ncbi_only,Eukaryota,0.0
Cactoblastis,0,0,0.0,0.0,1,1,1,0.0,0.0,100.0,,,0,0,0,ncbi_only,Eukaryota,0.0
Caecomyces,0,0,0.0,0.0,1,1,0,0.0,0.0,0.0,,,0,0,0,ncbi_only,Eukaryota,0.0
Caeruleum,0,0,0.0,0.0,1,1,0,0.0,0.0,0.0,,,0,0,0,ncbi_only,Eukaryota,0.0
Borealophlyctis,0,0,0.0,0.0,1,1,1,0.0,0.0,100.0,,,0,0,0,ncbi_only,Eukaryota,0.0
Boreochiton,0,0,0.0,0.0,1,1,1,0.0,0.0,100.0,,,0,0,0,ncbi_only,Eukaryota,0.0
Boreoides,0,0,0.0,0.0,1,1,1,0.0,0.0,100.0,,,0,0,0,ncbi_only,Eukaryota,0.0
Bornella,0,0,0.0,0.0,1,1,1,0.0,0.0,100.0,,,0,0,0,ncbi_only,Eukaryota,0.0
Bourletiella,0,0,0.0,0.0,1,1,1,0.0,0.0,100.0,,,0,0,0,ncbi_only,Eukaryota,0.0
Borneosicyos,0,0,0.0,0.0,1,1,1,0.0,0.0,100.0,,,0,0,0,ncbi_only,Eukaryota,0.0
Borovskyia,0,0,0.0,0.0,1,1,1,0.0,0.0,100.0,,,0,0,0,ncbi_only,Eukaryota,0.0
Boswellia,0,0,0.0,0.0,1,1,1,0.0,0.0,100.0,,,0,0,0,ncbi_only,Eukaryota,0.0
Bothia,0,0,0.0,0.0,1,1,1,0.0,0.0,100.0,,,0,0,0,ncbi_only,Eukaryota,0.0
Bothriochloa,0,0,0.0,0.0,1,1,1,0.0,0.0,100.0,,,0,0,0,ncbi_only,Eukaryota,0.0
Botryllus,0,0,0.0,0.0,1,1,1,0.0,0.0,100.0,,,0,0,0,ncbi_only,Eukaryota,0.0
Botryobasidium,0,0,0.0,0.0,1,1,1,0.0,0.0,100.0,,,0,0,0,ncbi_only,Eukaryota,0.0
Botryolepraria,0,0,0.0,0.0,1,1,0,0.0,0.0,0.0,,,0,0,0,ncbi_only,Eukaryota,0.0
Botula,0,0,0.0,0.0,1,1,1,0.0,0.0,100.0,,,0,0,0,ncbi_only,Eukaryota,0.0
Bougainvillia,0,0,0.0,0.0,1,1,1,0.0,0.0,100.0,,,0,0,0,ncbi_only,Eukaryota,0.0
Briareum,0,0,0.0,0.0,1,1,1,0.0,0.0,100.0,,,0,0,0,ncbi_only,Eukaryota,0.0
Bretziella,0,0,0.0,0.0,1,1,1,0.0,0.0,100.0,,,0,0,0,ncbi_only,Eukaryota,0.0
Brevicoryne,0,0,0.0,0.0,1,1,1,0.0,0.0,100.0,,,0,0,0,ncbi_only,Eukaryota,0.0
Brevimyrus,0,0,0.0,0.0,1,1,1,0.0,0.0,100.0,,,0,0,0,ncbi_only,Eukaryota,0.0
Breviolum,0,0,0.0,0.0,1,1,1,0.0,0.0,100.0,,,0,0,0,ncbi_only,Eukaryota,0.0
Brevipalpus,0,0,0.0,0.0,1,1,1,0.0,0.0,100.0,,,0,0,0,ncbi_only,Eukaryota,0.0
Breynia,0,0,0.0,0.0,1,1,1,0.0,0.0,100.0,,,0,0,0,ncbi_only,Eukaryota,0.0
Branchipolynoe,0,0,0.0,0.0,1,1,1,0.0,0.0,100.0,,,0,0,0,ncbi_only,Eukaryota,0.0
Brianaria,0,0,0.0,0.0,1,1,0,0.0,0.0,0.0,,,0,0,0,ncbi_only,Eukaryota,0.0
Boulengeromyrus,0,0,0.0,0.0,1,1,1,0.0,0.0,100.0,,,0,0,0,ncbi_only,Eukaryota,0.0
Boltenia,0,0,0.0,0.0,1,1,1,0.0,0.0,100.0,,,0,0,0,ncbi_only,Eukaryota,0.0
Bombardia,0,0,0.0,0.0,1,1,1,0.0,0.0,100.0,,,0,0,0,ncbi_only,Eukaryota,0.0
Bombycilla,0,0,0.0,0.0,1,1,1,0.0,0.0,100.0,,,0,0,0,ncbi_only,Eukaryota,0.0
Bonamia,0,0,0.0,0.0,1,1,1,0.0,0.0,100.0,,,0,0,0,ncbi_only,Eukaryota,0.0
Bondarzewia,0,0,0.0,0.0,1,1,1,0.0,0.0,100.0,,,0,0,0,ncbi_only,Eukaryota,0.0
Bonia,0,0,0.0,0.0,1,1,1,0.0,0.0,100.0,,,0,0,0,ncbi_only,Eukaryota,0.0
Bonnemaisonia,0,0,0.0,0.0,1,1,1,0.0,0.0,100.0,,,0,0,0,ncbi_only,Eukaryota,0.0
Brachirus,0,0,0.0,0.0,1,1,1,0.0,0.0,100.0,,,0,0,0,ncbi_only,Eukaryota,0.0
Brachmia,0,0,0.0,0.0,1,1,1,0.0,0.0,100.0,,,0,0,0,ncbi_only,Eukaryota,0.0
Brachyhypopomus,0,0,0.0,0.0,1,1,1,0.0,0.0,100.0,,,0,0,0,ncbi_only,Eukaryota,0.0
Brachyistius,0,0,0.0,0.0,1,1,1,0.0,0.0,100.0,,,0,0,0,ncbi_only,Eukaryota,0.0
Brachymeria,0,0,0.0,0.0,1,1,1,0.0,0.0,100.0,,,0,0,0,ncbi_only,Eukaryota,0.0
Brachynemurus,0,0,0.0,0.0,1,1,1,0.0,0.0,100.0,,,0,0,0,ncbi_only,Eukaryota,0.0
Brachypodius,0,0,0.0,0.0,1,1,1,0.0,0.0,100.0,,,0,0,0,ncbi_only,Eukaryota,0.0
Brachypteracias,0,0,0.0,0.0,1,1,1,0.0,0.0,100.0,,,0,0,0,ncbi_only,Eukaryota,0.0
Brachystomella,0,0,0.0,0.0,1,1,1,0.0,0.0,100.0,,,0,0,0,ncbi_only,Eukaryota,0.0
Bradymyces,0,0,0.0,0.0,1,1,1,0.0,0.0,100.0,,,0,0,0,ncbi_only,Eukaryota,0.0
Bradynema,0,0,0.0,0.0,1,1,1,0.0,0.0,100.0,,,0,0,0,ncbi_only,Eukaryota,0.0
Brasilioporus,0,0,0.0,0.0,1,1,1,0.0,0.0,100.0,,,0,0,0,ncbi_only,Eukaryota,0.0
Brassica x Raphanus,0,0,0.0,0.0,1,1,1,0.0,0.0,100.0,,,0,0,0,ncbi_only,Eukaryota,0.0
Brassicogethes,0,0,0.0,0.0,1,1,1,0.0,0.0,100.0,,,0,0,0,ncbi_only,Eukaryota,0.0
Bregmaceros,0,0,0.0,0.0,1,1,1,0.0,0.0,100.0,,,0,0,0,ncbi_only,Eukaryota,0.0
Bremia,0,0,0.0,0.0,1,1,1,0.0,0.0,100.0,,,0,0,0,ncbi_only,Eukaryota,0.0
Mystacornis,0,0,0.0,0.0,1,1,1,0.0,0.0,100.0,,,0,0,0,ncbi_only,Eukaryota,0.0
Mystrium,0,0,0.0,0.0,1,1,1,0.0,0.0,100.0,,,0,0,0,ncbi_only,Eukaryota,0.0
Mytilinidion,0,0,0.0,0.0,1,1,1,0.0,0.0,100.0,,,0,0,0,ncbi_only,Eukaryota,0.0
Myuchelys,0,0,0.0,0.0,1,1,1,0.0,0.0,100.0,,,0,0,0,ncbi_only,Eukaryota,0.0
Myxocyprinus,0,0,0.0,0.0,1,1,1,0.0,0.0,100.0,,,0,0,0,ncbi_only,Eukaryota,0.0
Nanorana,0,0,0.0,0.0,1,1,1,0.0,0.0,100.0,,,0,0,0,ncbi_only,Eukaryota,0.0
Nannospalax,0,0,0.0,0.0,1,1,1,0.0,0.0,100.0,,,0,0,0,ncbi_only,Eukaryota,0.0
Nannopetersius,0,0,0.0,0.0,1,1,1,0.0,0.0,100.0,,,0,0,0,ncbi_only,Eukaryota,0.0
Nannizzia,0,0,0.0,0.0,1,1,1,0.0,0.0,100.0,,,0,0,0,ncbi_only,Eukaryota,0.0
Nanipora,0,0,0.0,0.0,1,1,1,0.0,0.0,100.0,,,0,0,0,ncbi_only,Eukaryota,0.0
Myriangium,0,0,0.0,0.0,1,1,1,0.0,0.0,100.0,,,0,0,0,ncbi_only,Eukaryota,0.0
Nakataea,0,0,0.0,0.0,1,1,1,0.0,0.0,100.0,,,0,0,0,ncbi_only,Eukaryota,0.0
Nadvornikia,0,0,0.0,0.0,1,1,0,0.0,0.0,0.0,,,0,0,0,ncbi_only,Eukaryota,0.0
Ferrisia,0,0,0.0,0.0,1,1,1,0.0,0.0,100.0,,,0,0,0,ncbi_only,Eukaryota,0.0
Fereydounia,0,0,0.0,0.0,1,1,1,0.0,0.0,100.0,,,0,0,0,ncbi_only,Eukaryota,0.0
Brachionichthys,0,0,0.0,0.0,1,1,1,0.0,0.0,100.0,,,0,0,0,ncbi_only,Eukaryota,0.0
Neckera,0,0,0.0,0.0,1,1,1,0.0,0.0,100.0,,,0,0,0,ncbi_only,Eukaryota,0.0
Nectonema,0,0,0.0,0.0,1,1,1,0.0,0.0,100.0,,,0,0,0,ncbi_only,Eukaryota,0.0
Nectopsyche,0,0,0.0,0.0,1,1,1,0.0,0.0,100.0,,,0,0,0,ncbi_only,Eukaryota,0.0
Necturus,0,0,0.0,0.0,1,1,1,0.0,0.0,100.0,,,0,0,0,ncbi_only,Eukaryota,0.0
Negaprion,0,0,0.0,0.0,1,1,1,0.0,0.0,100.0,,,0,0,0,ncbi_only,Eukaryota,0.0
Narcosius,0,0,0.0,0.0,1,1,1,0.0,0.0,100.0,,,0,0,0,ncbi_only,Eukaryota,0.0
Narcissus,0,0,0.0,0.0,1,1,1,0.0,0.0,100.0,,,0,0,0,ncbi_only,Eukaryota,0.0
Myrinia,0,0,0.0,0.0,1,1,1,0.0,0.0,100.0,,,0,0,0,ncbi_only,Eukaryota,0.0
Myrmaecium,0,0,0.0,0.0,1,1,1,0.0,0.0,100.0,,,0,0,0,ncbi_only,Eukaryota,0.0
Myrmecina,0,0,0.0,0.0,1,1,1,0.0,0.0,100.0,,,0,0,0,ncbi_only,Eukaryota,0.0
Myrmecocystus,0,0,0.0,0.0,1,1,1,0.0,0.0,100.0,,,0,0,0,ncbi_only,Eukaryota,0.0
Myrmecophaga,0,0,0.0,0.0,1,1,1,0.0,0.0,100.0,,,0,0,0,ncbi_only,Eukaryota,0.0
Myrmecophilus,0,0,0.0,0.0,1,1,1,0.0,0.0,100.0,,,0,0,0,ncbi_only,Eukaryota,0.0
Myrmicocrypta,0,0,0.0,0.0,1,1,1,0.0,0.0,100.0,,,0,0,0,ncbi_only,Eukaryota,0.0
Myrmophylax,0,0,0.0,0.0,1,1,1,0.0,0.0,100.0,,,0,0,0,ncbi_only,Eukaryota,0.0
Myrmoteras,0,0,0.0,0.0,1,1,1,0.0,0.0,100.0,,,0,0,0,ncbi_only,Eukaryota,0.0
Morbakka,0,0,0.0,0.0,1,1,1,0.0,0.0,100.0,,,0,0,0,ncbi_only,Eukaryota,0.0
Morella,0,0,0.0,0.0,1,1,1,0.0,0.0,100.0,,,0,0,0,ncbi_only,Eukaryota,0.0
Morinoia,0,0,0.0,0.0,1,1,1,0.0,0.0,100.0,,,0,0,0,ncbi_only,Eukaryota,0.0
Mormoops,0,0,0.0,0.0,1,1,1,0.0,0.0,100.0,,,0,0,0,ncbi_only,Eukaryota,0.0
Morphnarchus,0,0,0.0,0.0,1,1,1,0.0,0.0,100.0,,,0,0,0,ncbi_only,Eukaryota,0.0
Multifurca,0,0,0.0,0.0,1,1,1,0.0,0.0,100.0,,,0,0,0,ncbi_only,Eukaryota,0.0
Mulgravea,0,0,0.0,0.0,1,1,1,0.0,0.0,100.0,,,0,0,0,ncbi_only,Eukaryota,0.0
Myotisia,0,0,0.0,0.0,1,1,1,0.0,0.0,100.0,,,0,0,0,ncbi_only,Eukaryota,0.0
Mucidula,0,0,0.0,0.0,1,1,1,0.0,0.0,100.0,,,0,0,0,ncbi_only,Eukaryota,0.0
Morvina,0,0,0.0,0.0,1,1,1,0.0,0.0,100.0,,,0,0,0,ncbi_only,Eukaryota,0.0
Nastra,0,0,0.0,0.0,1,1,1,0.0,0.0,100.0,,,0,0,0,ncbi_only,Eukaryota,0.0
Nasua,0,0,0.0,0.0,1,1,1,0.0,0.0,100.0,,,0,0,0,ncbi_only,Eukaryota,0.0
Nasutitermes,0,0,0.0,0.0,1,1,0,0.0,0.0,0.0,,,0,0,0,ncbi_only,Eukaryota,0.0
Natriciteres,0,0,0.0,0.0,1,1,1,0.0,0.0,100.0,,,0,0,0,ncbi_only,Eukaryota,0.0
Nascus,0,0,0.0,0.0,1,1,1,0.0,0.0,100.0,,,0,0,0,ncbi_only,Eukaryota,0.0
Neanura,0,0,0.0,0.0,1,1,1,0.0,0.0,100.0,,,0,0,0,ncbi_only,Eukaryota,0.0
Myiotriccus,0,0,0.0,0.0,1,1,1,0.0,0.0,100.0,,,0,0,0,ncbi_only,Eukaryota,0.0
Myiozetetes,0,0,0.0,0.0,1,1,1,0.0,0.0,100.0,,,0,0,0,ncbi_only,Eukaryota,0.0
Myllaena,0,0,0.0,0.0,1,1,1,0.0,0.0,100.0,,,0,0,0,ncbi_only,Eukaryota,0.0
Mylon,0,0,0.0,0.0,1,1,1,0.0,0.0,100.0,,,0,0,0,ncbi_only,Eukaryota,0.0
Myocastor,0,0,0.0,0.0,1,1,1,0.0,0.0,100.0,,,0,0,0,ncbi_only,Eukaryota,0.0
Myochromella,0,0,0.0,0.0,1,1,1,0.0,0.0,100.0,,,0,0,0,ncbi_only,Eukaryota,0.0
Mycogona,0,0,0.0,0.0,1,1,1,0.0,0.0,100.0,,,0,0,0,ncbi_only,Eukaryota,0.0
Murina,0,0,0.0,0.0,1,1,1,0.0,0.0,100.0,,,0,0,0,ncbi_only,Eukaryota,0.0
Monopterus,0,0,0.0,0.0,1,1,1,0.0,0.0,100.0,,,0,0,0,ncbi_only,Eukaryota,0.0
Monosiga,0,0,0.0,0.0,1,1,1,0.0,0.0,100.0,,,0,0,0,ncbi_only,Eukaryota,0.0
Monosolenium,0,0,0.0,0.0,1,1,1,0.0,0.0,100.0,,,0,0,0,ncbi_only,Eukaryota,0.0
Monotropa,0,0,0.0,0.0,1,1,1,0.0,0.0,100.0,,,0,0,0,ncbi_only,Eukaryota,0.0
Monsonia,0,0,0.0,0.0,1,1,1,0.0,0.0,100.0,,,0,0,0,ncbi_only,Eukaryota,0.0
Montemys,0,0,0.0,0.0,1,1,1,0.0,0.0,100.0,,,0,0,0,ncbi_only,Eukaryota,0.0
Monticola,0,0,0.0,0.0,1,1,1,0.0,0.0,100.0,,,0,0,0,ncbi_only,Eukaryota,0.0
Mora,0,0,0.0,0.0,1,1,1,0.0,0.0,100.0,,,0,0,0,ncbi_only,Eukaryota,0.0
Nomia,0,0,0.0,0.0,1,1,1,0.0,0.0,100.0,,,0,0,0,ncbi_only,Eukaryota,0.0
Nymphidium,0,0,0.0,0.0,1,1,1,0.0,0.0,100.0,,,0,0,0,ncbi_only,Eukaryota,0.0
Muscidifurax,0,0,0.0,0.0,1,1,1,0.0,0.0,100.0,,,0,0,0,ncbi_only,Eukaryota,0.0
Myanophis,0,0,0.0,0.0,1,1,1,0.0,0.0,100.0,,,0,0,0,ncbi_only,Eukaryota,0.0
Mycalesis,0,0,0.0,0.0,1,1,1,0.0,0.0,100.0,,,0,0,0,ncbi_only,Eukaryota,0.0
Mycetophylax,0,0,0.0,0.0,1,1,1,0.0,0.0,100.0,,,0,0,0,ncbi_only,Eukaryota,0.0
Mycetosoritis,0,0,0.0,0.0,1,1,1,0.0,0.0,100.0,,,0,0,0,ncbi_only,Eukaryota,0.0
Mychonastes,0,0,0.0,0.0,1,1,1,0.0,0.0,100.0,,,0,0,0,ncbi_only,Eukaryota,0.0
Mycocalia,0,0,0.0,0.0,1,1,1,0.0,0.0,100.0,,,0,0,0,ncbi_only,Eukaryota,0.0
Mycocalicium,0,0,0.0,0.0,1,1,0,0.0,0.0,0.0,,,0,0,0,ncbi_only,Eukaryota,0.0
Mycodrosophila,0,0,0.0,0.0,1,1,1,0.0,0.0,100.0,,,0,0,0,ncbi_only,Eukaryota,0.0
Mycoemilia,0,0,0.0,0.0,1,1,1,0.0,0.0,100.0,,,0,0,0,ncbi_only,Eukaryota,0.0
Mycogone,0,0,0.0,0.0,1,1,1,0.0,0.0,100.0,,,0,0,0,ncbi_only,Eukaryota,0.0
Mycosphaerelloides,0,0,0.0,0.0,1,1,1,0.0,0.0,100.0,,,0,0,0,ncbi_only,Eukaryota,0.0
Mycotypha,0,0,0.0,0.0,1,1,1,0.0,0.0,100.0,,,0,0,0,ncbi_only,Eukaryota,0.0
Myiagra,0,0,0.0,0.0,1,1,1,0.0,0.0,100.0,,,0,0,0,ncbi_only,Eukaryota,0.0
Niconiades,0,0,0.0,0.0,1,1,1,0.0,0.0,100.0,,,0,0,0,ncbi_only,Eukaryota,0.0
Niebla,0,0,0.0,0.0,1,1,1,0.0,0.0,100.0,,,0,0,0,ncbi_only,Eukaryota,0.0
Nigrograna,0,0,0.0,0.0,1,1,1,0.0,0.0,100.0,,,0,0,0,ncbi_only,Eukaryota,0.0
Nilgiritragus,0,0,0.0,0.0,1,1,1,0.0,0.0,100.0,,,0,0,0,ncbi_only,Eukaryota,0.0
Nipponacmea,0,0,0.0,0.0,1,1,1,0.0,0.0,100.0,,,0,0,0,ncbi_only,Eukaryota,0.0
Nissolia,0,0,0.0,0.0,1,1,1,0.0,0.0,100.0,,,0,0,0,ncbi_only,Eukaryota,0.0
Notholithocarpus,0,0,0.0,0.0,1,1,1,0.0,0.0,100.0,,,0,0,0,ncbi_only,Eukaryota,0.0
Nothapodytes,0,0,0.0,0.0,1,1,1,0.0,0.0,100.0,,,0,0,0,ncbi_only,Eukaryota,0.0
Notamblyscirtes,0,0,0.0,0.0,1,1,1,0.0,0.0,100.0,,,0,0,0,ncbi_only,Eukaryota,0.0
Nosphistia,0,0,0.0,0.0,1,1,1,0.0,0.0,100.0,,,0,0,0,ncbi_only,Eukaryota,0.0
Noronhia,0,0,0.0,0.0,1,1,1,0.0,0.0,100.0,,,0,0,0,ncbi_only,Eukaryota,0.0
Neuroscelio,0,0,0.0,0.0,1,1,1,0.0,0.0,100.0,,,0,0,0,ncbi_only,Eukaryota,0.0
Norana,0,0,0.0,0.0,1,1,1,0.0,0.0,100.0,,,0,0,0,ncbi_only,Eukaryota,0.0
Nodopelta,0,0,0.0,0.0,1,1,1,0.0,0.0,100.0,,,0,0,0,ncbi_only,Eukaryota,0.0
Noctilio,0,0,0.0,0.0,1,1,1,0.0,0.0,100.0,,,0,0,0,ncbi_only,Eukaryota,0.0
Nixonia,0,0,0.0,0.0,1,1,1,0.0,0.0,100.0,,,0,0,0,ncbi_only,Eukaryota,0.0
Nuphar,0,0,0.0,0.0,1,1,1,0.0,0.0,100.0,,,0,0,0,ncbi_only,Eukaryota,0.0
Nuttallia,0,0,0.0,0.0,1,1,1,0.0,0.0,100.0,,,0,0,0,ncbi_only,Eukaryota,0.0
Nyctanthes,0,0,0.0,0.0,1,1,1,0.0,0.0,100.0,,,0,0,0,ncbi_only,Eukaryota,0.0
Nyctereutes,0,0,0.0,0.0,1,1,1,0.0,0.0,100.0,,,0,0,0,ncbi_only,Eukaryota,0.0
Nycticeius,0,0,0.0,0.0,1,1,1,0.0,0.0,100.0,,,0,0,0,ncbi_only,Eukaryota,0.0
Nycticorax,0,0,0.0,0.0,1,1,1,0.0,0.0,100.0,,,0,0,0,ncbi_only,Eukaryota,0.0
Nycticryphes,0,0,0.0,0.0,1,1,1,0.0,0.0,100.0,,,0,0,0,ncbi_only,Eukaryota,0.0
Nyctiprogne,0,0,0.0,0.0,1,1,1,0.0,0.0,100.0,,,0,0,0,ncbi_only,Eukaryota,0.0
Nyleta,0,0,0.0,0.0,1,1,1,0.0,0.0,100.0,,,0,0,0,ncbi_only,Eukaryota,0.0
Nucella,0,0,0.0,0.0,1,1,1,0.0,0.0,100.0,,,0,0,0,ncbi_only,Eukaryota,0.0
Nothura,0,0,0.0,0.0,1,1,1,0.0,0.0,100.0,,,0,0,0,ncbi_only,Eukaryota,0.0
Nothophoma,0,0,0.0,0.0,1,1,1,0.0,0.0,100.0,,,0,0,0,ncbi_only,Eukaryota,0.0
Nothomitra,0,0,0.0,0.0,1,1,1,0.0,0.0,100.0,,,0,0,0,ncbi_only,Eukaryota,0.0
Nevesoporus,0,0,0.0,0.0,1,1,1,0.0,0.0,100.0,,,0,0,0,ncbi_only,Eukaryota,0.0
Nicephellus,0,0,0.0,0.0,1,1,1,0.0,0.0,100.0,,,0,0,0,ncbi_only,Eukaryota,0.0
Nicola,0,0,0.0,0.0,1,1,1,0.0,0.0,100.0,,,0,0,0,ncbi_only,Eukaryota,0.0
Neodrepanis,0,0,0.0,0.0,1,1,1,0.0,0.0,100.0,,,0,0,0,ncbi_only,Eukaryota,0.0
Neltuma,0,0,0.0,0.0,1,1,1,0.0,0.0,100.0,,,0,0,0,ncbi_only,Eukaryota,0.0
Neurobasis,0,0,0.0,0.0,1,1,1,0.0,0.0,100.0,,,0,0,0,ncbi_only,Eukaryota,0.0
Neverita,0,0,0.0,0.0,1,1,1,0.0,0.0,100.0,,,0,0,0,ncbi_only,Eukaryota,0.0
Notocrypta,0,0,0.0,0.0,1,1,1,0.0,0.0,100.0,,,0,0,0,ncbi_only,Eukaryota,0.0
Notodromas,0,0,0.0,0.0,1,1,1,0.0,0.0,100.0,,,0,0,0,ncbi_only,Eukaryota,0.0
Notospermus,0,0,0.0,0.0,1,1,1,0.0,0.0,100.0,,,0,0,0,ncbi_only,Eukaryota,0.0
Notropis,0,0,0.0,0.0,1,1,1,0.0,0.0,100.0,,,0,0,0,ncbi_only,Eukaryota,0.0
Noturus,0,0,0.0,0.0,1,1,1,0.0,0.0,100.0,,,0,0,0,ncbi_only,Eukaryota,0.0
Novacerus,0,0,0.0,0.0,1,1,1,0.0,0.0,100.0,,,0,0,0,ncbi_only,Eukaryota,0.0
Novakomyces,0,0,0.0,0.0,1,1,1,0.0,0.0,100.0,,,0,0,0,ncbi_only,Eukaryota,0.0
Novius,0,0,0.0,0.0,1,1,1,0.0,0.0,100.0,,,0,0,0,ncbi_only,Eukaryota,0.0
Novumbra,0,0,0.0,0.0,1,1,1,0.0,0.0,100.0,,,0,0,0,ncbi_only,Eukaryota,0.0
Novymonas,0,0,0.0,0.0,1,1,1,0.0,0.0,100.0,,,0,0,0,ncbi_only,Eukaryota,0.0
Notiomystis,0,0,0.0,0.0,1,1,1,0.0,0.0,100.0,,,0,0,0,ncbi_only,Eukaryota,0.0
Nucifraga,0,0,0.0,0.0,1,1,1,0.0,0.0,100.0,,,0,0,0,ncbi_only,Eukaryota,0.0
Neocatenulostroma,0,0,0.0,0.0,1,1,1,0.0,0.0,100.0,,,0,0,0,ncbi_only,Eukaryota,0.0
Neoceratitis,0,0,0.0,0.0,1,1,1,0.0,0.0,100.0,,,0,0,0,ncbi_only,Eukaryota,0.0
Neoceratodus,0,0,0.0,0.0,1,1,1,0.0,0.0,100.0,,,0,0,0,ncbi_only,Eukaryota,0.0
Neocloeon,0,0,0.0,0.0,1,1,1,0.0,0.0,100.0,,,0,0,0,ncbi_only,Eukaryota,0.0
Neolentinus,0,0,0.0,0.0,1,1,1,0.0,0.0,100.0,,,0,0,0,ncbi_only,Eukaryota,0.0
Neolecta,0,0,0.0,0.0,1,1,1,0.0,0.0,100.0,,,0,0,0,ncbi_only,Eukaryota,0.0
Neohortaea,0,0,0.0,0.0,1,1,1,0.0,0.0,100.0,,,0,0,0,ncbi_only,Eukaryota,0.0
Neogobius,0,0,0.0,0.0,1,1,1,0.0,0.0,100.0,,,0,0,0,ncbi_only,Eukaryota,0.0
Neogeoscapheus,0,0,0.0,0.0,1,1,1,0.0,0.0,100.0,,,0,0,0,ncbi_only,Eukaryota,0.0
Netuma,0,0,0.0,0.0,1,1,1,0.0,0.0,100.0,,,0,0,0,ncbi_only,Eukaryota,0.0
Neodontobutis,0,0,0.0,0.0,1,1,1,0.0,0.0,100.0,,,0,0,0,ncbi_only,Eukaryota,0.0
Neodidymelliopsis,0,0,0.0,0.0,1,1,1,0.0,0.0,100.0,,,0,0,0,ncbi_only,Eukaryota,0.0
Neocucurbitaria,0,0,0.0,0.0,1,1,1,0.0,0.0,100.0,,,0,0,0,ncbi_only,Eukaryota,0.0
Neocossyphus,0,0,0.0,0.0,1,1,1,0.0,0.0,100.0,,,0,0,0,ncbi_only,Eukaryota,0.0
Neoconidiobolus,0,0,0.0,0.0,1,1,1,0.0,0.0,100.0,,,0,0,0,ncbi_only,Eukaryota,0.0
Neoclytus,0,0,0.0,0.0,1,1,1,0.0,0.0,100.0,,,0,0,0,ncbi_only,Eukaryota,0.0
Nesometra,0,0,0.0,0.0,1,1,1,0.0,0.0,100.0,,,0,0,0,ncbi_only,Eukaryota,0.0
Nesospiza,0,0,0.0,0.0,1,1,1,0.0,0.0,100.0,,,0,0,0,ncbi_only,Eukaryota,0.0
Nestor,0,0,0.0,0.0,1,1,1,0.0,0.0,100.0,,,0,0,0,ncbi_only,Eukaryota,0.0
Neomorphus,0,0,0.0,0.0,1,1,1,0.0,0.0,100.0,,,0,0,0,ncbi_only,Eukaryota,0.0
Neomonachus,0,0,0.0,0.0,1,1,1,0.0,0.0,100.0,,,0,0,0,ncbi_only,Eukaryota,0.0
Neomicropteryx,0,0,0.0,0.0,1,1,1,0.0,0.0,100.0,,,0,0,0,ncbi_only,Eukaryota,0.0
Nelusetta,0,0,0.0,0.0,1,1,1,0.0,0.0,100.0,,,0,0,0,ncbi_only,Eukaryota,0.0
Nemasoma,0,0,0.0,0.0,1,1,1,0.0,0.0,100.0,,,0,0,0,ncbi_only,Eukaryota,0.0
Nematoplana,0,0,0.0,0.0,1,1,1,0.0,0.0,100.0,,,0,0,0,ncbi_only,Eukaryota,0.0
Nemopilema,0,0,0.0,0.0,1,1,1,0.0,0.0,100.0,,,0,0,0,ncbi_only,Eukaryota,0.0
Neoagarum,0,0,0.0,0.0,1,1,1,0.0,0.0,100.0,,,0,0,0,ncbi_only,Eukaryota,0.0
Neoaliturus,0,0,0.0,0.0,1,1,1,0.0,0.0,100.0,,,0,0,0,ncbi_only,Eukaryota,0.0
Neoascochyta,0,0,0.0,0.0,1,1,1,0.0,0.0,100.0,,,0,0,0,ncbi_only,Eukaryota,0.0
Neobulgaria,0,0,0.0,0.0,1,1,1,0.0,0.0,100.0,,,0,0,0,ncbi_only,Eukaryota,0.0
Neocamarosporium,0,0,0.0,0.0,1,1,1,0.0,0.0,100.0,,,0,0,0,ncbi_only,Eukaryota,0.0
Neocaridina,0,0,0.0,0.0,1,1,1,0.0,0.0,100.0,,,0,0,0,ncbi_only,Eukaryota,0.0
Neospermospora,0,0,0.0,0.0,1,1,1,0.0,0.0,100.0,,,0,0,0,ncbi_only,Eukaryota,0.0
Neotoma,0,0,0.0,0.0,1,1,1,0.0,0.0,100.0,,,0,0,0,ncbi_only,Eukaryota,0.0
Neotoxoptera,0,0,0.0,0.0,1,1,1,0.0,0.0,100.0,,,0,0,0,ncbi_only,Eukaryota,0.0
Neotropicomus,0,0,0.0,0.0,1,1,1,0.0,0.0,100.0,,,0,0,0,ncbi_only,Eukaryota,0.0
Neonothopanus,0,0,0.0,0.0,1,1,1,0.0,0.0,100.0,,,0,0,0,ncbi_only,Eukaryota,0.0
Neoturris,0,0,0.0,0.0,1,1,1,0.0,0.0,100.0,,,0,0,0,ncbi_only,Eukaryota,0.0
Nephelium,0,0,0.0,0.0,1,1,1,0.0,0.0,100.0,,,0,0,0,ncbi_only,Eukaryota,0.0
Nephila,0,0,0.0,0.0,1,1,1,0.0,0.0,100.0,,,0,0,0,ncbi_only,Eukaryota,0.0
Nephotettix,0,0,0.0,0.0,1,1,1,0.0,0.0,100.0,,,0,0,0,ncbi_only,Eukaryota,0.0
Nephroma,0,0,0.0,0.0,1,1,0,0.0,0.0,0.0,,,0,0,0,ncbi_only,Eukaryota,0.0
Neptis,0,0,0.0,0.0,1,1,1,0.0,0.0,100.0,,,0,0,0,ncbi_only,Eukaryota,0.0
Nereis,0,0,0.0,0.0,1,1,1,0.0,0.0,100.0,,,0,0,0,ncbi_only,Eukaryota,0.0
Nereocystis,0,0,0.0,0.0,1,1,1,0.0,0.0,100.0,,,0,0,0,ncbi_only,Eukaryota,0.0
Nerodia,0,0,0.0,0.0,1,1,1,0.0,0.0,100.0,,,0,0,0,ncbi_only,Eukaryota,0.0
Nerula,0,0,0.0,0.0,1,1,1,0.0,0.0,100.0,,,0,0,0,ncbi_only,Eukaryota,0.0
Nesogale,0,0,0.0,0.0,1,1,1,0.0,0.0,100.0,,,0,0,0,ncbi_only,Eukaryota,0.0
Melanochromis,0,0,0.0,0.0,1,1,1,0.0,0.0,100.0,,,0,0,0,ncbi_only,Eukaryota,0.0
Melanelia,0,0,0.0,0.0,1,1,0,0.0,0.0,0.0,,,0,0,0,ncbi_only,Eukaryota,0.0
Meghimatium,0,0,0.0,0.0,1,1,1,0.0,0.0,100.0,,,0,0,0,ncbi_only,Eukaryota,0.0
Megaustenia,0,0,0.0,0.0,1,1,1,0.0,0.0,100.0,,,0,0,0,ncbi_only,Eukaryota,0.0
Melanis,0,0,0.0,0.0,1,1,1,0.0,0.0,100.0,,,0,0,0,ncbi_only,Eukaryota,0.0
Monocercomonoides,0,0,0.0,0.0,1,1,1,0.0,0.0,100.0,,,0,0,0,ncbi_only,Eukaryota,0.0
Monolepta,0,0,0.0,0.0,1,1,1,0.0,0.0,100.0,,,0,0,0,ncbi_only,Eukaryota,0.0
Monoplex,0,0,0.0,0.0,1,1,1,0.0,0.0,100.0,,,0,0,0,ncbi_only,Eukaryota,0.0
Neopelma,0,0,0.0,0.0,1,1,1,0.0,0.0,100.0,,,0,0,0,ncbi_only,Eukaryota,0.0
Neophascogale,0,0,0.0,0.0,1,1,1,0.0,0.0,100.0,,,0,0,0,ncbi_only,Eukaryota,0.0
Neophema,0,0,0.0,0.0,1,1,1,0.0,0.0,100.0,,,0,0,0,ncbi_only,Eukaryota,0.0
Neophron,0,0,0.0,0.0,1,1,1,0.0,0.0,100.0,,,0,0,0,ncbi_only,Eukaryota,0.0
Neopipo,0,0,0.0,0.0,1,1,1,0.0,0.0,100.0,,,0,0,0,ncbi_only,Eukaryota,0.0
Neoponera,0,0,0.0,0.0,1,1,1,0.0,0.0,100.0,,,0,0,0,ncbi_only,Eukaryota,0.0
Neopsephotus,0,0,0.0,0.0,1,1,1,0.0,0.0,100.0,,,0,0,0,ncbi_only,Eukaryota,0.0
Neoscelio,0,0,0.0,0.0,1,1,1,0.0,0.0,100.0,,,0,0,0,ncbi_only,Eukaryota,0.0
Megalomyrmex,0,0,0.0,0.0,1,1,1,0.0,0.0,100.0,,,0,0,0,ncbi_only,Eukaryota,0.0
Megalonaias,0,0,0.0,0.0,1,1,1,0.0,0.0,100.0,,,0,0,0,ncbi_only,Eukaryota,0.0
Megalopta,0,0,0.0,0.0,1,1,1,0.0,0.0,100.0,,,0,0,0,ncbi_only,Eukaryota,0.0
Megalothorax,0,0,0.0,0.0,1,1,1,0.0,0.0,100.0,,,0,0,0,ncbi_only,Eukaryota,0.0
Meganyctiphanes,0,0,0.0,0.0,1,1,1,0.0,0.0,100.0,,,0,0,0,ncbi_only,Eukaryota,0.0
Megaphragma,0,0,0.0,0.0,1,1,1,0.0,0.0,100.0,,,0,0,0,ncbi_only,Eukaryota,0.0
Megaphyllum,0,0,0.0,0.0,1,1,1,0.0,0.0,100.0,,,0,0,0,ncbi_only,Eukaryota,0.0
Megaponera,0,0,0.0,0.0,1,1,1,0.0,0.0,100.0,,,0,0,0,ncbi_only,Eukaryota,0.0
Megatriorchis,0,0,0.0,0.0,1,1,1,0.0,0.0,100.0,,,0,0,0,ncbi_only,Eukaryota,0.0
Melanonus,0,0,0.0,0.0,1,1,1,0.0,0.0,100.0,,,0,0,0,ncbi_only,Eukaryota,0.0
Melanomma,0,0,0.0,0.0,1,1,1,0.0,0.0,100.0,,,0,0,0,ncbi_only,Eukaryota,0.0
Melanoides,0,0,0.0,0.0,1,1,1,0.0,0.0,100.0,,,0,0,0,ncbi_only,Eukaryota,0.0
Melanohalea,0,0,0.0,0.0,1,1,0,0.0,0.0,0.0,,,0,0,0,ncbi_only,Eukaryota,0.0
Melanogaster,0,0,0.0,0.0,1,1,1,0.0,0.0,100.0,,,0,0,0,ncbi_only,Eukaryota,0.0
Melanodothis,0,0,0.0,0.0,1,1,1,0.0,0.0,100.0,,,0,0,0,ncbi_only,Eukaryota,0.0
Meda,0,0,0.0,0.0,1,1,1,0.0,0.0,100.0,,,0,0,0,ncbi_only,Eukaryota,0.0
Mesembrinibis,0,0,0.0,0.0,1,1,1,0.0,0.0,100.0,,,0,0,0,ncbi_only,Eukaryota,0.0
Mesembryanthemum,0,0,0.0,0.0,1,1,1,0.0,0.0,100.0,,,0,0,0,ncbi_only,Eukaryota,0.0
Mesitornis,0,0,0.0,0.0,1,1,1,0.0,0.0,100.0,,,0,0,0,ncbi_only,Eukaryota,0.0
Mesocestoides,0,0,0.0,0.0,1,1,1,0.0,0.0,100.0,,,0,0,0,ncbi_only,Eukaryota,0.0
Mesochordaeus,0,0,0.0,0.0,1,1,1,0.0,0.0,100.0,,,0,0,0,ncbi_only,Eukaryota,0.0
Mesochorus,0,0,0.0,0.0,1,1,1,0.0,0.0,100.0,,,0,0,0,ncbi_only,Eukaryota,0.0
Mesoclemmys,0,0,0.0,0.0,1,1,1,0.0,0.0,100.0,,,0,0,0,ncbi_only,Eukaryota,0.0
Menopon,0,0,0.0,0.0,1,1,1,0.0,0.0,100.0,,,0,0,0,ncbi_only,Eukaryota,0.0
Melia,0,0,0.0,0.0,1,1,1,0.0,0.0,100.0,,,0,0,0,ncbi_only,Eukaryota,0.0
Melanopsichium,0,0,0.0,0.0,1,1,1,0.0,0.0,100.0,,,0,0,0,ncbi_only,Eukaryota,0.0
Medauroidea,0,0,0.0,0.0,1,1,1,0.0,0.0,100.0,,,0,0,0,ncbi_only,Eukaryota,0.0
Mediaster,0,0,0.0,0.0,1,1,1,0.0,0.0,100.0,,,0,0,0,ncbi_only,Eukaryota,0.0
Mediolabrus,0,0,0.0,0.0,1,1,1,0.0,0.0,100.0,,,0,0,0,ncbi_only,Eukaryota,0.0
Megadyptes,0,0,0.0,0.0,1,1,1,0.0,0.0,100.0,,,0,0,0,ncbi_only,Eukaryota,0.0
Megaleporinus,0,0,0.0,0.0,1,1,1,0.0,0.0,100.0,,,0,0,0,ncbi_only,Eukaryota,0.0
Megalocaria,0,0,0.0,0.0,1,1,1,0.0,0.0,100.0,,,0,0,0,ncbi_only,Eukaryota,0.0
Melipotes,0,0,0.0,0.0,1,1,1,0.0,0.0,100.0,,,0,0,0,ncbi_only,Eukaryota,0.0
Melissotarsus,0,0,0.0,0.0,1,1,1,0.0,0.0,100.0,,,0,0,0,ncbi_only,Eukaryota,0.0
Mellilla,0,0,0.0,0.0,1,1,1,0.0,0.0,100.0,,,0,0,0,ncbi_only,Eukaryota,0.0
Mellivora,0,0,0.0,0.0,1,1,1,0.0,0.0,100.0,,,0,0,0,ncbi_only,Eukaryota,0.0
Melocanna,0,0,0.0,0.0,1,1,1,0.0,0.0,100.0,,,0,0,0,ncbi_only,Eukaryota,0.0
Meloe,0,0,0.0,0.0,1,1,1,0.0,0.0,100.0,,,0,0,0,ncbi_only,Eukaryota,0.0
Melogona,0,0,0.0,0.0,1,1,1,0.0,0.0,100.0,,,0,0,0,ncbi_only,Eukaryota,0.0
Melophagus,0,0,0.0,0.0,1,1,1,0.0,0.0,100.0,,,0,0,0,ncbi_only,Eukaryota,0.0
Melozone,0,0,0.0,0.0,1,1,1,0.0,0.0,100.0,,,0,0,0,ncbi_only,Eukaryota,0.0
Melianthus,0,0,0.0,0.0,1,1,1,0.0,0.0,100.0,,,0,0,0,ncbi_only,Eukaryota,0.0
Mengenilla,0,0,0.0,0.0,1,1,1,0.0,0.0,100.0,,,0,0,0,ncbi_only,Eukaryota,0.0
Menura,0,0,0.0,0.0,1,1,1,0.0,0.0,100.0,,,0,0,0,ncbi_only,Eukaryota,0.0
Meranoplus,0,0,0.0,0.0,1,1,1,0.0,0.0,100.0,,,0,0,0,ncbi_only,Eukaryota,0.0
Merlangius,0,0,0.0,0.0,1,1,1,0.0,0.0,100.0,,,0,0,0,ncbi_only,Eukaryota,0.0
Mermis,0,0,0.0,0.0,1,1,1,0.0,0.0,100.0,,,0,0,0,ncbi_only,Eukaryota,0.0
Meruliopsis,0,0,0.0,0.0,1,1,1,0.0,0.0,100.0,,,0,0,0,ncbi_only,Eukaryota,0.0
Mallocybe,0,0,0.0,0.0,1,1,1,0.0,0.0,100.0,,,0,0,0,ncbi_only,Eukaryota,0.0
Mallomonas,0,0,0.0,0.0,1,1,1,0.0,0.0,100.0,,,0,0,0,ncbi_only,Eukaryota,0.0
Malpolon,0,0,0.0,0.0,1,1,1,0.0,0.0,100.0,,,0,0,0,ncbi_only,Eukaryota,0.0
Mandevilla,0,0,0.0,0.0,1,1,1,0.0,0.0,100.0,,,0,0,0,ncbi_only,Eukaryota,0.0
Manica,0,0,0.0,0.0,1,1,1,0.0,0.0,100.0,,,0,0,0,ncbi_only,Eukaryota,0.0
Mantamonas,0,0,0.0,0.0,1,1,1,0.0,0.0,100.0,,,0,0,0,ncbi_only,Eukaryota,0.0
Mantis,0,0,0.0,0.0,1,1,1,0.0,0.0,100.0,,,0,0,0,ncbi_only,Eukaryota,0.0
Margarornis,0,0,0.0,0.0,1,1,1,0.0,0.0,100.0,,,0,0,0,ncbi_only,Eukaryota,0.0
Margaritispora,0,0,0.0,0.0,1,1,1,0.0,0.0,100.0,,,0,0,0,ncbi_only,Eukaryota,0.0
Marasmiellus,0,0,0.0,0.0,1,1,1,0.0,0.0,100.0,,,0,0,0,ncbi_only,Eukaryota,0.0
Marasmia,0,0,0.0,0.0,1,1,1,0.0,0.0,100.0,,,0,0,0,ncbi_only,Eukaryota,0.0
Monocentris,0,0,0.0,0.0,1,1,1,0.0,0.0,100.0,,,0,0,0,ncbi_only,Eukaryota,0.0
Medakamo,0,0,0.0,0.0,1,1,1,0.0,0.0,100.0,,,0,0,0,ncbi_only,Eukaryota,0.0
Melidectes,0,0,0.0,0.0,1,1,1,0.0,0.0,100.0,,,0,0,0,ncbi_only,Eukaryota,0.0
Melikaiella,0,0,0.0,0.0,1,1,1,0.0,0.0,100.0,,,0,0,0,ncbi_only,Eukaryota,0.0
Melilestes,0,0,0.0,0.0,1,1,1,0.0,0.0,100.0,,,0,0,0,ncbi_only,Eukaryota,0.0
Marronus,0,0,0.0,0.0,1,1,1,0.0,0.0,100.0,,,0,0,0,ncbi_only,Eukaryota,0.0
Marsdenia,0,0,0.0,0.0,1,1,1,0.0,0.0,100.0,,,0,0,0,ncbi_only,Eukaryota,0.0
Marssonina,0,0,0.0,0.0,1,1,1,0.0,0.0,100.0,,,0,0,0,ncbi_only,Eukaryota,0.0
Marteilia,0,0,0.0,0.0,1,1,0,0.0,0.0,0.0,,,0,0,0,ncbi_only,Eukaryota,0.0
Martensiomyces,0,0,0.0,0.0,1,1,1,0.0,0.0,100.0,,,0,0,0,ncbi_only,Eukaryota,0.0
Masnerella,0,0,0.0,0.0,1,1,1,0.0,0.0,100.0,,,0,0,0,ncbi_only,Eukaryota,0.0
Massarina,0,0,0.0,0.0,1,1,1,0.0,0.0,100.0,,,0,0,0,ncbi_only,Eukaryota,0.0
Marisa,0,0,0.0,0.0,1,1,1,0.0,0.0,100.0,,,0,0,0,ncbi_only,Eukaryota,0.0
Massariosphaeria,0,0,0.0,0.0,1,1,1,0.0,0.0,100.0,,,0,0,0,ncbi_only,Eukaryota,0.0
Mastigoproctus,0,0,0.0,0.0,1,1,1,0.0,0.0,100.0,,,0,0,0,ncbi_only,Eukaryota,0.0
Mastocarpus,0,0,0.0,0.0,1,1,1,0.0,0.0,100.0,,,0,0,0,ncbi_only,Eukaryota,0.0
Matsumurasca,0,0,0.0,0.0,1,1,1,0.0,0.0,100.0,,,0,0,0,ncbi_only,Eukaryota,0.0
Maxillicosta,0,0,0.0,0.0,1,1,1,0.0,0.0,100.0,,,0,0,0,ncbi_only,Eukaryota,0.0
Mayamaea,0,0,0.0,0.0,1,1,1,0.0,0.0,100.0,,,0,0,0,ncbi_only,Eukaryota,0.0
Mchenga,0,0,0.0,0.0,1,1,1,0.0,0.0,100.0,,,0,0,0,ncbi_only,Eukaryota,0.0
Mallateleia,0,0,0.0,0.0,1,1,1,0.0,0.0,100.0,,,0,0,0,ncbi_only,Eukaryota,0.0
Milvago,0,0,0.0,0.0,1,1,1,0.0,0.0,100.0,,,0,0,0,ncbi_only,Eukaryota,0.0
Mimaenictus,0,0,0.0,0.0,1,1,1,0.0,0.0,100.0,,,0,0,0,ncbi_only,Eukaryota,0.0
Mimia,0,0,0.0,0.0,1,1,1,0.0,0.0,100.0,,,0,0,0,ncbi_only,Eukaryota,0.0
Mimoides,0,0,0.0,0.0,1,1,1,0.0,0.0,100.0,,,0,0,0,ncbi_only,Eukaryota,0.0
Minona,0,0,0.0,0.0,1,1,1,0.0,0.0,100.0,,,0,0,0,ncbi_only,Eukaryota,0.0
Minois,0,0,0.0,0.0,1,1,1,0.0,0.0,100.0,,,0,0,0,ncbi_only,Eukaryota,0.0
Mesosemia,0,0,0.0,0.0,1,1,1,0.0,0.0,100.0,,,0,0,0,ncbi_only,Eukaryota,0.0
Ministeria,0,0,0.0,0.0,1,1,1,0.0,0.0,100.0,,,0,0,0,ncbi_only,Eukaryota,0.0
Mimus,0,0,0.0,0.0,1,1,1,0.0,0.0,100.0,,,0,0,0,ncbi_only,Eukaryota,0.0
Mimumesa,0,0,0.0,0.0,1,1,1,0.0,0.0,100.0,,,0,0,0,ncbi_only,Eukaryota,0.0
Mimulus,0,0,0.0,0.0,1,1,1,0.0,0.0,100.0,,,0,0,0,ncbi_only,Eukaryota,0.0
Mimophis,0,0,0.0,0.0,1,1,1,0.0,0.0,100.0,,,0,0,0,ncbi_only,Eukaryota,0.0
Mesoscincus,0,0,0.0,0.0,1,1,1,0.0,0.0,100.0,,,0,0,0,ncbi_only,Eukaryota,0.0
Marisora,0,0,0.0,0.0,1,1,1,0.0,0.0,100.0,,,0,0,0,ncbi_only,Eukaryota,0.0
Marmoritis,0,0,0.0,0.0,1,1,1,0.0,0.0,100.0,,,0,0,0,ncbi_only,Eukaryota,0.0
Marquandomyces,0,0,0.0,0.0,1,1,1,0.0,0.0,100.0,,,0,0,0,ncbi_only,Eukaryota,0.0
Monarcha,0,0,0.0,0.0,1,1,1,0.0,0.0,100.0,,,0,0,0,ncbi_only,Eukaryota,0.0
Monarda,0,0,0.0,0.0,1,1,1,0.0,0.0,100.0,,,0,0,0,ncbi_only,Eukaryota,0.0
Mongoloraphidia,0,0,0.0,0.0,1,1,1,0.0,0.0,100.0,,,0,0,0,ncbi_only,Eukaryota,0.0
Moniezia,0,0,0.0,0.0,1,1,1,0.0,0.0,100.0,,,0,0,0,ncbi_only,Eukaryota,0.0
Monilaria,0,0,0.0,0.0,1,1,1,0.0,0.0,100.0,,,0,0,0,ncbi_only,Eukaryota,0.0
Moniliella,0,0,0.0,0.0,1,1,1,0.0,0.0,100.0,,,0,0,0,ncbi_only,Eukaryota,0.0
Monocelis,0,0,0.0,0.0,1,1,1,0.0,0.0,100.0,,,0,0,0,ncbi_only,Eukaryota,0.0
Mollisia,0,0,0.0,0.0,1,1,1,0.0,0.0,100.0,,,0,0,0,ncbi_only,Eukaryota,0.0
Mischocyttarus,0,0,0.0,0.0,1,1,1,0.0,0.0,100.0,,,0,0,0,ncbi_only,Eukaryota,0.0
Microvelia,0,0,0.0,0.0,1,1,1,0.0,0.0,100.0,,,0,0,0,ncbi_only,Eukaryota,0.0
Middelhovenomyces,0,0,0.0,0.0,1,1,1,0.0,0.0,100.0,,,0,0,0,ncbi_only,Eukaryota,0.0
Mikania,0,0,0.0,0.0,1,1,1,0.0,0.0,100.0,,,0,0,0,ncbi_only,Eukaryota,0.0
Mikrocytos,0,0,0.0,0.0,1,1,1,0.0,0.0,100.0,,,0,0,0,ncbi_only,Eukaryota,0.0
Milanion,0,0,0.0,0.0,1,1,1,0.0,0.0,100.0,,,0,0,0,ncbi_only,Eukaryota,0.0
Millerichthys,0,0,0.0,0.0,1,1,1,0.0,0.0,100.0,,,0,0,0,ncbi_only,Eukaryota,0.0
Miltogramma,0,0,0.0,0.0,1,1,1,0.0,0.0,100.0,,,0,0,0,ncbi_only,Eukaryota,0.0
Mitragyna,0,0,0.0,0.0,1,1,1,0.0,0.0,100.0,,,0,0,0,ncbi_only,Eukaryota,0.0
Mitrocomella,0,0,0.0,0.0,1,1,1,0.0,0.0,100.0,,,0,0,0,ncbi_only,Eukaryota,0.0
Mixornis,0,0,0.0,0.0,1,1,1,0.0,0.0,100.0,,,0,0,0,ncbi_only,Eukaryota,0.0
Mizuhopecten,0,0,0.0,0.0,1,1,1,0.0,0.0,100.0,,,0,0,0,ncbi_only,Eukaryota,0.0
Mobergia,0,0,0.0,0.0,1,1,0,0.0,0.0,0.0,,,0,0,0,ncbi_only,Eukaryota,0.0
Mochlonyx,0,0,0.0,0.0,1,1,1,0.0,0.0,100.0,,,0,0,0,ncbi_only,Eukaryota,0.0
Mochlus,0,0,0.0,0.0,1,1,1,0.0,0.0,100.0,,,0,0,0,ncbi_only,Eukaryota,0.0
Modicella,0,0,0.0,0.0,1,1,1,0.0,0.0,100.0,,,0,0,0,ncbi_only,Eukaryota,0.0
Modiolus,0,0,0.0,0.0,1,1,1,0.0,0.0,100.0,,,0,0,0,ncbi_only,Eukaryota,0.0
Moelleriella,0,0,0.0,0.0,1,1,1,0.0,0.0,100.0,,,0,0,0,ncbi_only,Eukaryota,0.0
Mogurnda,0,0,0.0,0.0,1,1,1,0.0,0.0,100.0,,,0,0,0,ncbi_only,Eukaryota,0.0
Mohoua,0,0,0.0,0.0,1,1,1,0.0,0.0,100.0,,,0,0,0,ncbi_only,Eukaryota,0.0
Mola,0,0,0.0,0.0,1,1,1,0.0,0.0,100.0,,,0,0,0,ncbi_only,Eukaryota,0.0
Molorchus,0,0,0.0,0.0,1,1,1,0.0,0.0,100.0,,,0,0,0,ncbi_only,Eukaryota,0.0
Molpadia,0,0,0.0,0.0,1,1,1,0.0,0.0,100.0,,,0,0,0,ncbi_only,Eukaryota,0.0
Momotus,0,0,0.0,0.0,1,1,1,0.0,0.0,100.0,,,0,0,0,ncbi_only,Eukaryota,0.0
Microstroma,0,0,0.0,0.0,1,1,1,0.0,0.0,100.0,,,0,0,0,ncbi_only,Eukaryota,0.0
Microsynodontis,0,0,0.0,0.0,1,1,1,0.0,0.0,100.0,,,0,0,0,ncbi_only,Eukaryota,0.0
Mesotaenium,0,0,0.0,0.0,1,1,1,0.0,0.0,100.0,,,0,0,0,ncbi_only,Eukaryota,0.0
Messastrum,0,0,0.0,0.0,1,1,1,0.0,0.0,100.0,,,0,0,0,ncbi_only,Eukaryota,0.0
Mesua,0,0,0.0,0.0,1,1,1,0.0,0.0,100.0,,,0,0,0,ncbi_only,Eukaryota,0.0
Metacarcinus,0,0,0.0,0.0,1,1,0,0.0,0.0,0.0,,,0,0,0,ncbi_only,Eukaryota,0.0
Metadinium,0,0,0.0,0.0,1,1,1,0.0,0.0,100.0,,,0,0,0,ncbi_only,Eukaryota,0.0
Metahyphopichia,0,0,0.0,0.0,1,1,1,0.0,0.0,100.0,,,0,0,0,ncbi_only,Eukaryota,0.0
Metallyticus,0,0,0.0,0.0,1,1,1,0.0,0.0,100.0,,,0,0,0,ncbi_only,Eukaryota,0.0
Metaphire,0,0,0.0,0.0,1,1,1,0.0,0.0,100.0,,,0,0,0,ncbi_only,Eukaryota,0.0
Metardaris,0,0,0.0,0.0,1,1,1,0.0,0.0,100.0,,,0,0,0,ncbi_only,Eukaryota,0.0
Metchnikovella,0,0,0.0,0.0,1,1,0,0.0,0.0,0.0,,,0,0,0,ncbi_only,Eukaryota,0.0
Methona,0,0,0.0,0.0,1,1,1,0.0,0.0,100.0,,,0,0,0,ncbi_only,Eukaryota,0.0
Microtea,0,0,0.0,0.0,1,1,1,0.0,0.0,100.0,,,0,0,0,ncbi_only,Eukaryota,0.0
Microthlaspi,0,0,0.0,0.0,1,1,1,0.0,0.0,100.0,,,0,0,0,ncbi_only,Eukaryota,0.0
Microthyrium,0,0,0.0,0.0,1,1,1,0.0,0.0,100.0,,,0,0,0,ncbi_only,Eukaryota,0.0
Micoletzkya,0,0,0.0,0.0,1,1,1,0.0,0.0,100.0,,,0,0,0,ncbi_only,Eukaryota,0.0
Micralestes,0,0,0.0,0.0,1,1,1,0.0,0.0,100.0,,,0,0,0,ncbi_only,Eukaryota,0.0
Micraspis,0,0,0.0,0.0,1,1,1,0.0,0.0,100.0,,,0,0,0,ncbi_only,Eukaryota,0.0
Metis,0,0,0.0,0.0,1,1,1,0.0,0.0,100.0,,,0,0,0,ncbi_only,Eukaryota,0.0
Microascus,0,0,0.0,0.0,1,1,1,0.0,0.0,100.0,,,0,0,0,ncbi_only,Eukaryota,0.0
Microcladia,0,0,0.0,0.0,1,1,1,0.0,0.0,100.0,,,0,0,0,ncbi_only,Eukaryota,0.0
Microcyclosporella,0,0,0.0,0.0,1,1,1,0.0,0.0,100.0,,,0,0,0,ncbi_only,Eukaryota,0.0
Microdrosophila,0,0,0.0,0.0,1,1,1,0.0,0.0,100.0,,,0,0,0,ncbi_only,Eukaryota,0.0
Microglena,0,0,0.0,0.0,1,1,1,0.0,0.0,100.0,,,0,0,0,ncbi_only,Eukaryota,0.0
Micromelo,0,0,0.0,0.0,1,1,1,0.0,0.0,100.0,,,0,0,0,ncbi_only,Eukaryota,0.0
Micromus,0,0,0.0,0.0,1,1,1,0.0,0.0,100.0,,,0,0,0,ncbi_only,Eukaryota,0.0
Micronisus,0,0,0.0,0.0,1,1,1,0.0,0.0,100.0,,,0,0,0,ncbi_only,Eukaryota,0.0
Micronycteris,0,0,0.0,0.0,1,1,1,0.0,0.0,100.0,,,0,0,0,ncbi_only,Eukaryota,0.0
Micropoecilia,0,0,0.0,0.0,1,1,1,0.0,0.0,100.0,,,0,0,0,ncbi_only,Eukaryota,0.0
Micropterna,0,0,0.0,0.0,1,1,1,0.0,0.0,100.0,,,0,0,0,ncbi_only,Eukaryota,0.0
Microstegium,0,0,0.0,0.0,1,1,1,0.0,0.0,100.0,,,0,0,0,ncbi_only,Eukaryota,0.0
Pentalonia,0,0,0.0,0.0,1,1,1,0.0,0.0,100.0,,,0,0,0,ncbi_only,Eukaryota,0.0
Pennahia,0,0,0.0,0.0,1,1,1,0.0,0.0,100.0,,,0,0,0,ncbi_only,Eukaryota,0.0
Penium,0,0,0.0,0.0,1,1,1,0.0,0.0,100.0,,,0,0,0,ncbi_only,Eukaryota,0.0
Penicilliopsis,0,0,0.0,0.0,1,1,1,0.0,0.0,100.0,,,0,0,0,ncbi_only,Eukaryota,0.0
Peneothello,0,0,0.0,0.0,1,1,1,0.0,0.0,100.0,,,0,0,0,ncbi_only,Eukaryota,0.0
Pemphredon,0,0,0.0,0.0,1,1,1,0.0,0.0,100.0,,,0,0,0,ncbi_only,Eukaryota,0.0
Pemphigus,0,0,0.0,0.0,1,1,1,0.0,0.0,100.0,,,0,0,0,ncbi_only,Eukaryota,0.0
Pelusios,0,0,0.0,0.0,1,1,1,0.0,0.0,100.0,,,0,0,0,ncbi_only,Eukaryota,0.0
Peltodoris,0,0,0.0,0.0,1,1,1,0.0,0.0,100.0,,,0,0,0,ncbi_only,Eukaryota,0.0
Penelope,0,0,0.0,0.0,1,1,1,0.0,0.0,100.0,,,0,0,0,ncbi_only,Eukaryota,0.0
Nymphon,0,0,0.0,0.0,1,1,1,0.0,0.0,100.0,,,0,0,0,ncbi_only,Eukaryota,0.0
Nymphicus,0,0,0.0,0.0,1,1,1,0.0,0.0,100.0,,,0,0,0,ncbi_only,Eukaryota,0.0
Metopolophium,0,0,0.0,0.0,1,1,1,0.0,0.0,100.0,,,0,0,0,ncbi_only,Eukaryota,0.0
Metrosideros,0,0,0.0,0.0,1,1,1,0.0,0.0,100.0,,,0,0,0,ncbi_only,Eukaryota,0.0
Metroxylon,0,0,0.0,0.0,1,1,0,0.0,0.0,0.0,,,0,0,0,ncbi_only,Eukaryota,0.0
Micareopsis,0,0,0.0,0.0,1,1,0,0.0,0.0,0.0,,,0,0,0,ncbi_only,Eukaryota,0.0
Petromus,0,0,0.0,0.0,1,1,1,0.0,0.0,100.0,,,0,0,0,ncbi_only,Eukaryota,0.0
Petroselinum,0,0,0.0,0.0,1,1,1,0.0,0.0,100.0,,,0,0,0,ncbi_only,Eukaryota,0.0
Peucedramus,0,0,0.0,0.0,1,1,1,0.0,0.0,100.0,,,0,0,0,ncbi_only,Eukaryota,0.0
Peziza,0,0,0.0,0.0,1,1,1,0.0,0.0,100.0,,,0,0,0,ncbi_only,Eukaryota,0.0
Penthetria,0,0,0.0,0.0,1,1,1,0.0,0.0,100.0,,,0,0,0,ncbi_only,Eukaryota,0.0
Pentatrichomonas,0,0,0.0,0.0,1,1,1,0.0,0.0,100.0,,,0,0,0,ncbi_only,Eukaryota,0.0
Pentamera,0,0,0.0,0.0,1,1,1,0.0,0.0,100.0,,,0,0,0,ncbi_only,Eukaryota,0.0
Pelagococcus,0,0,0.0,0.0,1,1,1,0.0,0.0,100.0,,,0,0,0,ncbi_only,Eukaryota,0.0
Pelagomonas,0,0,0.0,0.0,1,1,1,0.0,0.0,100.0,,,0,0,0,ncbi_only,Eukaryota,0.0
Pelecanoides,0,0,0.0,0.0,1,1,1,0.0,0.0,100.0,,,0,0,0,ncbi_only,Eukaryota,0.0
Pellacalyx,0,0,0.0,0.0,1,1,1,0.0,0.0,100.0,,,0,0,0,ncbi_only,Eukaryota,0.0
Pelochelys,0,0,0.0,0.0,1,1,1,0.0,0.0,100.0,,,0,0,0,ncbi_only,Eukaryota,0.0
Pelodera,0,0,0.0,0.0,1,1,1,0.0,0.0,100.0,,,0,0,0,ncbi_only,Eukaryota,0.0
Pelomedusa,0,0,0.0,0.0,1,1,1,0.0,0.0,100.0,,,0,0,0,ncbi_only,Eukaryota,0.0
Pelomyxa,0,0,0.0,0.0,1,1,1,0.0,0.0,100.0,,,0,0,0,ncbi_only,Eukaryota,0.0
Peltaster,0,0,0.0,0.0,1,1,1,0.0,0.0,100.0,,,0,0,0,ncbi_only,Eukaryota,0.0
Paraurostyla,0,0,0.0,0.0,1,1,1,0.0,0.0,100.0,,,0,0,0,ncbi_only,Eukaryota,0.0
Parengyodontium,0,0,0.0,0.0,1,1,1,0.0,0.0,100.0,,,0,0,0,ncbi_only,Eukaryota,0.0
Pekania,0,0,0.0,0.0,1,1,1,0.0,0.0,100.0,,,0,0,0,ncbi_only,Eukaryota,0.0
Perccottus,0,0,0.0,0.0,1,1,1,0.0,0.0,100.0,,,0,0,0,ncbi_only,Eukaryota,0.0
Percina,0,0,0.0,0.0,1,1,1,0.0,0.0,100.0,,,0,0,0,ncbi_only,Eukaryota,0.0
Perdix,0,0,0.0,0.0,1,1,1,0.0,0.0,100.0,,,0,0,0,ncbi_only,Eukaryota,0.0
Pereskia,0,0,0.0,0.0,1,1,1,0.0,0.0,100.0,,,0,0,0,ncbi_only,Eukaryota,0.0
Pergamasus,0,0,0.0,0.0,1,1,1,0.0,0.0,100.0,,,0,0,0,ncbi_only,Eukaryota,0.0
Perichares,0,0,0.0,0.0,1,1,1,0.0,0.0,100.0,,,0,0,0,ncbi_only,Eukaryota,0.0
Periophthalmodon,0,0,0.0,0.0,1,1,1,0.0,0.0,100.0,,,0,0,0,ncbi_only,Eukaryota,0.0
Peronosclerospora,0,0,0.0,0.0,1,1,1,0.0,0.0,100.0,,,0,0,0,ncbi_only,Eukaryota,0.0
Peroryctes,0,0,0.0,0.0,1,1,1,0.0,0.0,100.0,,,0,0,0,ncbi_only,Eukaryota,0.0
Petauroides,0,0,0.0,0.0,1,1,1,0.0,0.0,100.0,,,0,0,0,ncbi_only,Eukaryota,0.0
Petenia,0,0,0.0,0.0,1,1,1,0.0,0.0,100.0,,,0,0,0,ncbi_only,Eukaryota,0.0
Petrea,0,0,0.0,0.0,1,1,1,0.0,0.0,100.0,,,0,0,0,ncbi_only,Eukaryota,0.0
Petroica,0,0,0.0,0.0,1,1,1,0.0,0.0,100.0,,,0,0,0,ncbi_only,Eukaryota,0.0
Paratinospora,0,0,0.0,0.0,1,1,0,0.0,0.0,0.0,,,0,0,0,ncbi_only,Eukaryota,0.0
Paratrechina,0,0,0.0,0.0,1,1,1,0.0,0.0,100.0,,,0,0,0,ncbi_only,Eukaryota,0.0
Paratrimastix,0,0,0.0,0.0,1,1,1,0.0,0.0,100.0,,,0,0,0,ncbi_only,Eukaryota,0.0
Paratrypanosoma,0,0,0.0,0.0,1,1,1,0.0,0.0,100.0,,,0,0,0,ncbi_only,Eukaryota,0.0
Paratrypauchen,0,0,0.0,0.0,1,1,1,0.0,0.0,100.0,,,0,0,0,ncbi_only,Eukaryota,0.0
Paratullbergia,0,0,0.0,0.0,1,1,1,0.0,0.0,100.0,,,0,0,0,ncbi_only,Eukaryota,0.0
Paratylenchus,0,0,0.0,0.0,1,1,1,0.0,0.0,100.0,,,0,0,0,ncbi_only,Eukaryota,0.0
Parnara,0,0,0.0,0.0,1,1,1,0.0,0.0,100.0,,,0,0,0,ncbi_only,Eukaryota,0.0
Parmoptila,0,0,0.0,0.0,1,1,1,0.0,0.0,100.0,,,0,0,0,ncbi_only,Eukaryota,0.0
Parietichytrium,0,0,0.0,0.0,1,1,1,0.0,0.0,100.0,,,0,0,0,ncbi_only,Eukaryota,0.0
Parides,0,0,0.0,0.0,1,1,1,0.0,0.0,100.0,,,0,0,0,ncbi_only,Eukaryota,0.0
Parhyale,0,0,0.0,0.0,1,1,1,0.0,0.0,100.0,,,0,0,0,ncbi_only,Eukaryota,0.0
Parelaphostrongylus,0,0,0.0,0.0,1,1,1,0.0,0.0,100.0,,,0,0,0,ncbi_only,Eukaryota,0.0
Pareas,0,0,0.0,0.0,1,1,1,0.0,0.0,100.0,,,0,0,0,ncbi_only,Eukaryota,0.0
Pardipicus,0,0,0.0,0.0,1,1,1,0.0,0.0,100.0,,,0,0,0,ncbi_only,Eukaryota,0.0
Pardalotus,0,0,0.0,0.0,1,1,1,0.0,0.0,100.0,,,0,0,0,ncbi_only,Eukaryota,0.0
Patellifolia,0,0,0.0,0.0,1,1,1,0.0,0.0,100.0,,,0,0,0,ncbi_only,Eukaryota,0.0
Patiriella,0,0,0.0,0.0,1,1,1,0.0,0.0,100.0,,,0,0,0,ncbi_only,Eukaryota,0.0
Paykullia,0,0,0.0,0.0,1,1,1,0.0,0.0,100.0,,,0,0,0,ncbi_only,Eukaryota,0.0
Pecoramyces,0,0,0.0,0.0,1,1,1,0.0,0.0,100.0,,,0,0,0,ncbi_only,Eukaryota,0.0
Pectocarya,0,0,0.0,0.0,1,1,1,0.0,0.0,100.0,,,0,0,0,ncbi_only,Eukaryota,0.0
Pedetes,0,0,0.0,0.0,1,1,1,0.0,0.0,100.0,,,0,0,0,ncbi_only,Eukaryota,0.0
Pedionomus,0,0,0.0,0.0,1,1,1,0.0,0.0,100.0,,,0,0,0,ncbi_only,Eukaryota,0.0
Pegea,0,0,0.0,0.0,1,1,1,0.0,0.0,100.0,,,0,0,0,ncbi_only,Eukaryota,0.0
Parotia,0,0,0.0,0.0,1,1,1,0.0,0.0,100.0,,,0,0,0,ncbi_only,Eukaryota,0.0
Paronellides,0,0,0.0,0.0,1,1,1,0.0,0.0,100.0,,,0,0,0,ncbi_only,Eukaryota,0.0
Parochlus,0,0,0.0,0.0,1,1,1,0.0,0.0,100.0,,,0,0,0,ncbi_only,Eukaryota,0.0
Parasponia,0,0,0.0,0.0,1,1,1,0.0,0.0,100.0,,,0,0,0,ncbi_only,Eukaryota,0.0
Parastrongyloides,0,0,0.0,0.0,1,1,1,0.0,0.0,100.0,,,0,0,0,ncbi_only,Eukaryota,0.0
Parasudis,0,0,0.0,0.0,1,1,1,0.0,0.0,100.0,,,0,0,0,ncbi_only,Eukaryota,0.0
Parasyscia,0,0,0.0,0.0,1,1,1,0.0,0.0,100.0,,,0,0,0,ncbi_only,Eukaryota,0.0
Paratilapia,0,0,0.0,0.0,1,1,1,0.0,0.0,100.0,,,0,0,0,ncbi_only,Eukaryota,0.0
Picoa,0,0,0.0,0.0,1,1,1,0.0,0.0,100.0,,,0,0,0,ncbi_only,Eukaryota,0.0
Nyssa,0,0,0.0,0.0,1,1,1,0.0,0.0,100.0,,,0,0,0,ncbi_only,Eukaryota,0.0
Phaedon,0,0,0.0,0.0,1,1,1,0.0,0.0,100.0,,,0,0,0,ncbi_only,Eukaryota,0.0
Phacellophora,0,0,0.0,0.0,1,1,1,0.0,0.0,100.0,,,0,0,0,ncbi_only,Eukaryota,0.0
Parotoplana,0,0,0.0,0.0,1,1,1,0.0,0.0,100.0,,,0,0,0,ncbi_only,Eukaryota,0.0
Parsonsia,0,0,0.0,0.0,1,1,1,0.0,0.0,100.0,,,0,0,0,ncbi_only,Eukaryota,0.0
Parthenolecanium,0,0,0.0,0.0,1,1,1,0.0,0.0,100.0,,,0,0,0,ncbi_only,Eukaryota,0.0
Parupeneus,0,0,0.0,0.0,1,1,1,0.0,0.0,100.0,,,0,0,0,ncbi_only,Eukaryota,0.0
Parus,0,0,0.0,0.0,1,1,1,0.0,0.0,100.0,,,0,0,0,ncbi_only,Eukaryota,0.0
Parvularia,0,0,0.0,0.0,1,1,1,0.0,0.0,100.0,,,0,0,0,ncbi_only,Eukaryota,0.0
Pasadenomyces,0,0,0.0,0.0,1,1,1,0.0,0.0,100.0,,,0,0,0,ncbi_only,Eukaryota,0.0
Passalora,0,0,0.0,0.0,1,1,1,0.0,0.0,100.0,,,0,0,0,ncbi_only,Eukaryota,0.0
Passerina,0,0,0.0,0.0,1,1,1,0.0,0.0,100.0,,,0,0,0,ncbi_only,Eukaryota,0.0
Pastor,0,0,0.0,0.0,1,1,1,0.0,0.0,100.0,,,0,0,0,ncbi_only,Eukaryota,0.0
Patellaria,0,0,0.0,0.0,1,1,1,0.0,0.0,100.0,,,0,0,0,ncbi_only,Eukaryota,0.0
Parotis,0,0,0.0,0.0,1,1,1,0.0,0.0,100.0,,,0,0,0,ncbi_only,Eukaryota,0.0
Phymorhynchus,0,0,0.0,0.0,1,1,1,0.0,0.0,100.0,,,0,0,0,ncbi_only,Eukaryota,0.0
Physarum,0,0,0.0,0.0,1,1,1,0.0,0.0,100.0,,,0,0,0,ncbi_only,Eukaryota,0.0
Physciella,0,0,0.0,0.0,1,1,0,0.0,0.0,0.0,,,0,0,0,ncbi_only,Eukaryota,0.0
Physcomitrellopsis,0,0,0.0,0.0,1,1,1,0.0,0.0,100.0,,,0,0,0,ncbi_only,Eukaryota,0.0
Physisporinus,0,0,0.0,0.0,1,1,1,0.0,0.0,100.0,,,0,0,0,ncbi_only,Eukaryota,0.0
Physocladia,0,0,0.0,0.0,1,1,1,0.0,0.0,100.0,,,0,0,0,ncbi_only,Eukaryota,0.0
Piedraia,0,0,0.0,0.0,1,1,1,0.0,0.0,100.0,,,0,0,0,ncbi_only,Eukaryota,0.0
Picus,0,0,0.0,0.0,1,1,1,0.0,0.0,100.0,,,0,0,0,ncbi_only,Eukaryota,0.0
Pictodentalium,0,0,0.0,0.0,1,1,1,0.0,0.0,100.0,,,0,0,0,ncbi_only,Eukaryota,0.0
Picoides,0,0,0.0,0.0,1,1,1,0.0,0.0,100.0,,,0,0,0,ncbi_only,Eukaryota,0.0
Piccolia,0,0,0.0,0.0,1,1,0,0.0,0.0,0.0,,,0,0,0,ncbi_only,Eukaryota,0.0
Picathartes,0,0,0.0,0.0,1,1,1,0.0,0.0,100.0,,,0,0,0,ncbi_only,Eukaryota,0.0
Pica,0,0,0.0,0.0,1,1,1,0.0,0.0,100.0,,,0,0,0,ncbi_only,Eukaryota,0.0
Piaya,0,0,0.0,0.0,1,1,1,0.0,0.0,100.0,,,0,0,0,ncbi_only,Eukaryota,0.0
Phytosciara,0,0,0.0,0.0,1,1,1,0.0,0.0,100.0,,,0,0,0,ncbi_only,Eukaryota,0.0
Phytolacca,0,0,0.0,0.0,1,1,1,0.0,0.0,100.0,,,0,0,0,ncbi_only,Eukaryota,0.0
Plagiolepis,0,0,0.0,0.0,1,1,1,0.0,0.0,100.0,,,0,0,0,ncbi_only,Eukaryota,0.0
Plagiothecium,0,0,0.0,0.0,1,1,1,0.0,0.0,100.0,,,0,0,0,ncbi_only,Eukaryota,0.0
Planiliza,0,0,0.0,0.0,1,1,1,0.0,0.0,100.0,,,0,0,0,ncbi_only,Eukaryota,0.0
Piskurozyma,0,0,0.0,0.0,1,1,1,0.0,0.0,100.0,,,0,0,0,ncbi_only,Eukaryota,0.0
Pilatotrama,0,0,0.0,0.0,1,1,1,0.0,0.0,100.0,,,0,0,0,ncbi_only,Eukaryota,0.0
Pilaira,0,0,0.0,0.0,1,1,1,0.0,0.0,100.0,,,0,0,0,ncbi_only,Eukaryota,0.0
Phylidonyris,0,0,0.0,0.0,1,1,1,0.0,0.0,100.0,,,0,0,0,ncbi_only,Eukaryota,0.0
Phyllactinia,0,0,0.0,0.0,1,1,1,0.0,0.0,100.0,,,0,0,0,ncbi_only,Eukaryota,0.0
Phyllaplysia,0,0,0.0,0.0,1,1,1,0.0,0.0,100.0,,,0,0,0,ncbi_only,Eukaryota,0.0
Phyllastrephus,0,0,0.0,0.0,1,1,1,0.0,0.0,100.0,,,0,0,0,ncbi_only,Eukaryota,0.0
Phyllidia,0,0,0.0,0.0,1,1,1,0.0,0.0,100.0,,,0,0,0,ncbi_only,Eukaryota,0.0
Phylliscum,0,0,0.0,0.0,1,1,0,0.0,0.0,0.0,,,0,0,0,ncbi_only,Eukaryota,0.0
Phylloboletellus,0,0,0.0,0.0,1,1,1,0.0,0.0,100.0,,,0,0,0,ncbi_only,Eukaryota,0.0
Phyllotis,0,0,0.0,0.0,1,1,1,0.0,0.0,100.0,,,0,0,0,ncbi_only,Eukaryota,0.0
Phymastichus,0,0,0.0,0.0,1,1,1,0.0,0.0,100.0,,,0,0,0,ncbi_only,Eukaryota,0.0
Phymatolithon,0,0,0.0,0.0,1,1,1,0.0,0.0,100.0,,,0,0,0,ncbi_only,Eukaryota,0.0
Pimelodus,0,0,0.0,0.0,1,1,1,0.0,0.0,100.0,,,0,0,0,ncbi_only,Eukaryota,0.0
Pimenta,0,0,0.0,0.0,1,1,1,0.0,0.0,100.0,,,0,0,0,ncbi_only,Eukaryota,0.0
Pinacopodium,0,0,0.0,0.0,1,1,1,0.0,0.0,100.0,,,0,0,0,ncbi_only,Eukaryota,0.0
Pinguiococcus,0,0,0.0,0.0,1,1,1,0.0,0.0,100.0,,,0,0,0,ncbi_only,Eukaryota,0.0
Pinna,0,0,0.0,0.0,1,1,1,0.0,0.0,100.0,,,0,0,0,ncbi_only,Eukaryota,0.0
Pipra,0,0,0.0,0.0,1,1,1,0.0,0.0,100.0,,,0,0,0,ncbi_only,Eukaryota,0.0
Piprites,0,0,0.0,0.0,1,1,1,0.0,0.0,100.0,,,0,0,0,ncbi_only,Eukaryota,0.0
Pirum,0,0,0.0,0.0,1,1,1,0.0,0.0,100.0,,,0,0,0,ncbi_only,Eukaryota,0.0
Pissodes,0,0,0.0,0.0,1,1,1,0.0,0.0,100.0,,,0,0,0,ncbi_only,Eukaryota,0.0
Pitangus,0,0,0.0,0.0,1,1,1,0.0,0.0,100.0,,,0,0,0,ncbi_only,Eukaryota,0.0
Pithecophaga,0,0,0.0,0.0,1,1,1,0.0,0.0,100.0,,,0,0,0,ncbi_only,Eukaryota,0.0
Pithys,0,0,0.0,0.0,1,1,1,0.0,0.0,100.0,,,0,0,0,ncbi_only,Eukaryota,0.0
Pitta,0,0,0.0,0.0,1,1,1,0.0,0.0,100.0,,,0,0,0,ncbi_only,Eukaryota,0.0
Pittosporum,0,0,0.0,0.0,1,1,1,0.0,0.0,100.0,,,0,0,0,ncbi_only,Eukaryota,0.0
Placynthium,0,0,0.0,0.0,1,1,0,0.0,0.0,0.0,,,0,0,0,ncbi_only,Eukaryota,0.0
Plagiochasma,0,0,0.0,0.0,1,1,1,0.0,0.0,100.0,,,0,0,0,ncbi_only,Eukaryota,0.0
Phenacoccus,0,0,0.0,0.0,1,1,1,0.0,0.0,100.0,,,0,0,0,ncbi_only,Eukaryota,0.0
Phellopilus,0,0,0.0,0.0,1,1,1,0.0,0.0,100.0,,,0,0,0,ncbi_only,Eukaryota,0.0
Phellinus,0,0,0.0,0.0,1,1,1,0.0,0.0,100.0,,,0,0,0,ncbi_only,Eukaryota,0.0
Phthorimaea,0,0,0.0,0.0,1,1,1,0.0,0.0,100.0,,,0,0,0,ncbi_only,Eukaryota,0.0
Phasmarhabditis,0,0,0.0,0.0,1,1,1,0.0,0.0,100.0,,,0,0,0,ncbi_only,Eukaryota,0.0
Phascolosoma,0,0,0.0,0.0,1,1,1,0.0,0.0,100.0,,,0,0,0,ncbi_only,Eukaryota,0.0
Phascolomyces,0,0,0.0,0.0,1,1,1,0.0,0.0,100.0,,,0,0,0,ncbi_only,Eukaryota,0.0
Pharyngocirrus,0,0,0.0,0.0,1,1,1,0.0,0.0,100.0,,,0,0,0,ncbi_only,Eukaryota,0.0
Pharyngochromis,0,0,0.0,0.0,1,1,1,0.0,0.0,100.0,,,0,0,0,ncbi_only,Eukaryota,0.0
Pharus,0,0,0.0,0.0,1,1,1,0.0,0.0,100.0,,,0,0,0,ncbi_only,Eukaryota,0.0
Pharnaceum,0,0,0.0,0.0,1,1,1,0.0,0.0,100.0,,,0,0,0,ncbi_only,Eukaryota,0.0
Phaenicophaeus,0,0,0.0,0.0,1,1,1,0.0,0.0,100.0,,,0,0,0,ncbi_only,Eukaryota,0.0
Phycodurus,0,0,0.0,0.0,1,1,1,0.0,0.0,100.0,,,0,0,0,ncbi_only,Eukaryota,0.0
Pilobolus,0,0,0.0,0.0,1,1,1,0.0,0.0,100.0,,,0,0,0,ncbi_only,Eukaryota,0.0
Piloderma,0,0,0.0,0.0,1,1,1,0.0,0.0,100.0,,,0,0,0,ncbi_only,Eukaryota,0.0
Pilosella,0,0,0.0,0.0,1,1,1,0.0,0.0,100.0,,,0,0,0,ncbi_only,Eukaryota,0.0
Phaeoacremonium,0,0,0.0,0.0,1,1,1,0.0,0.0,100.0,,,0,0,0,ncbi_only,Eukaryota,0.0
Phaeolepiota,0,0,0.0,0.0,1,1,1,0.0,0.0,100.0,,,0,0,0,ncbi_only,Eukaryota,0.0
Phaeophila,0,0,0.0,0.0,1,1,1,0.0,0.0,100.0,,,0,0,0,ncbi_only,Eukaryota,0.0
Phaeophleospora,0,0,0.0,0.0,1,1,1,0.0,0.0,100.0,,,0,0,0,ncbi_only,Eukaryota,0.0
Phaeoplaca,0,0,0.0,0.0,1,1,0,0.0,0.0,0.0,,,0,0,0,ncbi_only,Eukaryota,0.0
Phaeosaccion,0,0,0.0,0.0,1,1,1,0.0,0.0,100.0,,,0,0,0,ncbi_only,Eukaryota,0.0
Phaeostrophion,0,0,0.0,0.0,1,1,1,0.0,0.0,100.0,,,0,0,0,ncbi_only,Eukaryota,0.0
Phaeothamnion,0,0,0.0,0.0,1,1,1,0.0,0.0,100.0,,,0,0,0,ncbi_only,Eukaryota,0.0
Phaetusa,0,0,0.0,0.0,1,1,1,0.0,0.0,100.0,,,0,0,0,ncbi_only,Eukaryota,0.0
Phainopepla,0,0,0.0,0.0,1,1,1,0.0,0.0,100.0,,,0,0,0,ncbi_only,Eukaryota,0.0
Phalangium,0,0,0.0,0.0,1,1,1,0.0,0.0,100.0,,,0,0,0,ncbi_only,Eukaryota,0.0
Phalcoboenus,0,0,0.0,0.0,1,1,1,0.0,0.0,100.0,,,0,0,0,ncbi_only,Eukaryota,0.0
Phanerotoma,0,0,0.0,0.0,1,1,1,0.0,0.0,100.0,,,0,0,0,ncbi_only,Eukaryota,0.0
Phareas,0,0,0.0,0.0,1,1,1,0.0,0.0,100.0,,,0,0,0,ncbi_only,Eukaryota,0.0
Pharmacophagus,0,0,0.0,0.0,1,1,1,0.0,0.0,100.0,,,0,0,0,ncbi_only,Eukaryota,0.0
Philaethria,0,0,0.0,0.0,1,1,1,0.0,0.0,100.0,,,0,0,0,ncbi_only,Eukaryota,0.0
Phoenoteleia,0,0,0.0,0.0,1,1,1,0.0,0.0,100.0,,,0,0,0,ncbi_only,Eukaryota,0.0
Pholisora,0,0,0.0,0.0,1,1,1,0.0,0.0,100.0,,,0,0,0,ncbi_only,Eukaryota,0.0
Phomopsis,0,0,0.0,0.0,1,1,1,0.0,0.0,100.0,,,0,0,0,ncbi_only,Eukaryota,0.0
Phorticella,0,0,0.0,0.0,1,1,1,0.0,0.0,100.0,,,0,0,0,ncbi_only,Eukaryota,0.0
Photinus,0,0,0.0,0.0,1,1,1,0.0,0.0,100.0,,,0,0,0,ncbi_only,Eukaryota,0.0
Phractura,0,0,0.0,0.0,1,1,1,0.0,0.0,100.0,,,0,0,0,ncbi_only,Eukaryota,0.0
Phrixothrix,0,0,0.0,0.0,1,1,1,0.0,0.0,100.0,,,0,0,0,ncbi_only,Eukaryota,0.0
Phronima,0,0,0.0,0.0,1,1,1,0.0,0.0,100.0,,,0,0,0,ncbi_only,Eukaryota,0.0
Phrynoglossus,0,0,0.0,0.0,1,1,1,0.0,0.0,100.0,,,0,0,0,ncbi_only,Eukaryota,0.0
Phrynonax,0,0,0.0,0.0,1,1,1,0.0,0.0,100.0,,,0,0,0,ncbi_only,Eukaryota,0.0
Phtheirospermum,0,0,0.0,0.0,1,1,1,0.0,0.0,100.0,,,0,0,0,ncbi_only,Eukaryota,0.0
Phthonandria,0,0,0.0,0.0,1,1,1,0.0,0.0,100.0,,,0,0,0,ncbi_only,Eukaryota,0.0
Phoeniculus,0,0,0.0,0.0,1,1,1,0.0,0.0,100.0,,,0,0,0,ncbi_only,Eukaryota,0.0
Phillyrea,0,0,0.0,0.0,1,1,1,0.0,0.0,100.0,,,0,0,0,ncbi_only,Eukaryota,0.0
Philantomba,0,0,0.0,0.0,1,1,1,0.0,0.0,100.0,,,0,0,0,ncbi_only,Eukaryota,0.0
Phaenonotum,0,0,0.0,0.0,1,1,1,0.0,0.0,100.0,,,0,0,0,ncbi_only,Eukaryota,0.0
Ophiocytium,0,0,0.0,0.0,1,1,1,0.0,0.0,100.0,,,0,0,0,ncbi_only,Eukaryota,0.0
Ophioceras,0,0,0.0,0.0,1,1,1,0.0,0.0,100.0,,,0,0,0,ncbi_only,Eukaryota,0.0
Ophiobolus,0,0,0.0,0.0,1,1,1,0.0,0.0,100.0,,,0,0,0,ncbi_only,Eukaryota,0.0
Ophiothrix,0,0,0.0,0.0,1,1,1,0.0,0.0,100.0,,,0,0,0,ncbi_only,Eukaryota,0.0
Pararius,0,0,0.0,0.0,1,1,1,0.0,0.0,100.0,,,0,0,0,ncbi_only,Eukaryota,0.0
Parasarocladium,0,0,0.0,0.0,1,1,1,0.0,0.0,100.0,,,0,0,0,ncbi_only,Eukaryota,0.0
Philopotamus,0,0,0.0,0.0,1,1,1,0.0,0.0,100.0,,,0,0,0,ncbi_only,Eukaryota,0.0
Philornis,0,0,0.0,0.0,1,1,1,0.0,0.0,100.0,,,0,0,0,ncbi_only,Eukaryota,0.0
Philothamnus,0,0,0.0,0.0,1,1,1,0.0,0.0,100.0,,,0,0,0,ncbi_only,Eukaryota,0.0
Philotrypesis,0,0,0.0,0.0,1,1,1,0.0,0.0,100.0,,,0,0,0,ncbi_only,Eukaryota,0.0
Phlegmacium,0,0,0.0,0.0,1,1,1,0.0,0.0,100.0,,,0,0,0,ncbi_only,Eukaryota,0.0
Phlyctema,0,0,0.0,0.0,1,1,1,0.0,0.0,100.0,,,0,0,0,ncbi_only,Eukaryota,0.0
Phoca,0,0,0.0,0.0,1,1,1,0.0,0.0,100.0,,,0,0,0,ncbi_only,Eukaryota,0.0
Phocides,0,0,0.0,0.0,1,1,1,0.0,0.0,100.0,,,0,0,0,ncbi_only,Eukaryota,0.0
Phodilus,0,0,0.0,0.0,1,1,1,0.0,0.0,100.0,,,0,0,0,ncbi_only,Eukaryota,0.0
Phoebis,0,0,0.0,0.0,1,1,1,0.0,0.0,100.0,,,0,0,0,ncbi_only,Eukaryota,0.0
Oopsacas,0,0,0.0,0.0,1,1,1,0.0,0.0,100.0,,,0,0,0,ncbi_only,Eukaryota,0.0
Oostethus,0,0,0.0,0.0,1,1,1,0.0,0.0,100.0,,,0,0,0,ncbi_only,Eukaryota,0.0
Opegrapha,0,0,0.0,0.0,1,1,0,0.0,0.0,0.0,,,0,0,0,ncbi_only,Eukaryota,0.0
Opeltia,0,0,0.0,0.0,1,1,1,0.0,0.0,100.0,,,0,0,0,ncbi_only,Eukaryota,0.0
Ophelia,0,0,0.0,0.0,1,1,1,0.0,0.0,100.0,,,0,0,0,ncbi_only,Eukaryota,0.0
Oplegnathus,0,0,0.0,0.0,1,1,1,0.0,0.0,100.0,,,0,0,0,ncbi_only,Eukaryota,0.0
Ophyiulus,0,0,0.0,0.0,1,1,1,0.0,0.0,100.0,,,0,0,0,ncbi_only,Eukaryota,0.0
Ophthalmolycus,0,0,0.0,0.0,1,1,1,0.0,0.0,100.0,,,0,0,0,ncbi_only,Eukaryota,0.0
Ophthalmolebias,0,0,0.0,0.0,1,1,1,0.0,0.0,100.0,,,0,0,0,ncbi_only,Eukaryota,0.0
Ophrys,0,0,0.0,0.0,1,1,1,0.0,0.0,100.0,,,0,0,0,ncbi_only,Eukaryota,0.0
Ophryocystis,0,0,0.0,0.0,1,1,1,0.0,0.0,100.0,,,0,0,0,ncbi_only,Eukaryota,0.0
Omphalea,0,0,0.0,0.0,1,1,1,0.0,0.0,100.0,,,0,0,0,ncbi_only,Eukaryota,0.0
Ophisaurus,0,0,0.0,0.0,1,1,1,0.0,0.0,100.0,,,0,0,0,ncbi_only,Eukaryota,0.0
Ophiorrhiza,0,0,0.0,0.0,1,1,1,0.0,0.0,100.0,,,0,0,0,ncbi_only,Eukaryota,0.0
Ophiophagus,0,0,0.0,0.0,1,1,1,0.0,0.0,100.0,,,0,0,0,ncbi_only,Eukaryota,0.0
Ophionereis,0,0,0.0,0.0,1,1,1,0.0,0.0,100.0,,,0,0,0,ncbi_only,Eukaryota,0.0
Osmanthus,0,0,0.0,0.0,1,1,1,0.0,0.0,100.0,,,0,0,0,ncbi_only,Eukaryota,0.0
Osmoderma,0,0,0.0,0.0,1,1,1,0.0,0.0,100.0,,,0,0,0,ncbi_only,Eukaryota,0.0
Osperalycus,0,0,0.0,0.0,1,1,1,0.0,0.0,100.0,,,0,0,0,ncbi_only,Eukaryota,0.0
Osteogeneiosus,0,0,0.0,0.0,1,1,1,0.0,0.0,100.0,,,0,0,0,ncbi_only,Eukaryota,0.0
Orthopsittaca,0,0,0.0,0.0,1,1,1,0.0,0.0,100.0,,,0,0,0,ncbi_only,Eukaryota,0.0
Opuntiella,0,0,0.0,0.0,1,1,1,0.0,0.0,100.0,,,0,0,0,ncbi_only,Eukaryota,0.0
Oncomelania,0,0,0.0,0.0,1,1,1,0.0,0.0,100.0,,,0,0,0,ncbi_only,Eukaryota,0.0
Oncometopia,0,0,0.0,0.0,1,1,1,0.0,0.0,100.0,,,0,0,0,ncbi_only,Eukaryota,0.0
Oncopeltus,0,0,0.0,0.0,1,1,1,0.0,0.0,100.0,,,0,0,0,ncbi_only,Eukaryota,0.0
Oncopodura,0,0,0.0,0.0,1,1,1,0.0,0.0,100.0,,,0,0,0,ncbi_only,Eukaryota,0.0
Ondatra,0,0,0.0,0.0,1,1,1,0.0,0.0,100.0,,,0,0,0,ncbi_only,Eukaryota,0.0
Onosma,0,0,0.0,0.0,1,1,1,0.0,0.0,100.0,,,0,0,0,ncbi_only,Eukaryota,0.0
Onychorhynchus,0,0,0.0,0.0,1,1,1,0.0,0.0,100.0,,,0,0,0,ncbi_only,Eukaryota,0.0
Onychostruthus,0,0,0.0,0.0,1,1,1,0.0,0.0,100.0,,,0,0,0,ncbi_only,Eukaryota,0.0
Onygena,0,0,0.0,0.0,1,1,1,0.0,0.0,100.0,,,0,0,0,ncbi_only,Eukaryota,0.0
Onykia,0,0,0.0,0.0,1,1,1,0.0,0.0,100.0,,,0,0,0,ncbi_only,Eukaryota,0.0
Oreocharis,0,0,0.0,0.0,1,1,1,0.0,0.0,100.0,,,0,0,0,ncbi_only,Eukaryota,0.0
Oreohelix,0,0,0.0,0.0,1,1,1,0.0,0.0,100.0,,,0,0,0,ncbi_only,Eukaryota,0.0
Oreotragus,0,0,0.0,0.0,1,1,1,0.0,0.0,100.0,,,0,0,0,ncbi_only,Eukaryota,0.0
Oreotrochilus,0,0,0.0,0.0,1,1,1,0.0,0.0,100.0,,,0,0,0,ncbi_only,Eukaryota,0.0
Oriolus,0,0,0.0,0.0,1,1,1,0.0,0.0,100.0,,,0,0,0,ncbi_only,Eukaryota,0.0
Orobanche,0,0,0.0,0.0,1,1,1,0.0,0.0,100.0,,,0,0,0,ncbi_only,Eukaryota,0.0
Oropetium,0,0,0.0,0.0,1,1,1,0.0,0.0,100.0,,,0,0,0,ncbi_only,Eukaryota,0.0
Orphe,0,0,0.0,0.0,1,1,1,0.0,0.0,100.0,,,0,0,0,ncbi_only,Eukaryota,0.0
Orphnurgus,0,0,0.0,0.0,1,1,1,0.0,0.0,100.0,,,0,0,0,ncbi_only,Eukaryota,0.0
Orses,0,0,0.0,0.0,1,1,1,0.0,0.0,100.0,,,0,0,0,ncbi_only,Eukaryota,0.0
Orthonyx,0,0,0.0,0.0,1,1,1,0.0,0.0,100.0,,,0,0,0,ncbi_only,Eukaryota,0.0
Orthothecium,0,0,0.0,0.0,1,1,1,0.0,0.0,100.0,,,0,0,0,ncbi_only,Eukaryota,0.0
Orthotrichum,0,0,0.0,0.0,1,1,1,0.0,0.0,100.0,,,0,0,0,ncbi_only,Eukaryota,0.0
Orussus,0,0,0.0,0.0,1,1,1,0.0,0.0,100.0,,,0,0,0,ncbi_only,Eukaryota,0.0
Orychophragmus,0,0,0.0,0.0,1,1,1,0.0,0.0,100.0,,,0,0,0,ncbi_only,Eukaryota,0.0
Oryzaephilus,0,0,0.0,0.0,1,1,1,0.0,0.0,100.0,,,0,0,0,ncbi_only,Eukaryota,0.0
Odontophorus,0,0,0.0,0.0,1,1,1,0.0,0.0,100.0,,,0,0,0,ncbi_only,Eukaryota,0.0
Odontocolon,0,0,0.0,0.0,1,1,1,0.0,0.0,100.0,,,0,0,0,ncbi_only,Eukaryota,0.0
Odonthalia,0,0,0.0,0.0,1,1,1,0.0,0.0,100.0,,,0,0,0,ncbi_only,Eukaryota,0.0
Odontarrhena,0,0,0.0,0.0,1,1,1,0.0,0.0,100.0,,,0,0,0,ncbi_only,Eukaryota,0.0
Odobenus,0,0,0.0,0.0,1,1,1,0.0,0.0,100.0,,,0,0,0,ncbi_only,Eukaryota,0.0
Ommatoiulus,0,0,0.0,0.0,1,1,1,0.0,0.0,100.0,,,0,0,0,ncbi_only,Eukaryota,0.0
Octonoba,0,0,0.0,0.0,1,1,1,0.0,0.0,100.0,,,0,0,0,ncbi_only,Eukaryota,0.0
Octomys,0,0,0.0,0.0,1,1,1,0.0,0.0,100.0,,,0,0,0,ncbi_only,Eukaryota,0.0
Octodonta,0,0,0.0,0.0,1,1,1,0.0,0.0,100.0,,,0,0,0,ncbi_only,Eukaryota,0.0
Octodon,0,0,0.0,0.0,1,1,1,0.0,0.0,100.0,,,0,0,0,ncbi_only,Eukaryota,0.0
Oconnorella,0,0,0.0,0.0,1,1,1,0.0,0.0,100.0,,,0,0,0,ncbi_only,Eukaryota,0.0
Oculimacula,0,0,0.0,0.0,1,1,1,0.0,0.0,100.0,,,0,0,0,ncbi_only,Eukaryota,0.0
Ompok,0,0,0.0,0.0,1,1,1,0.0,0.0,100.0,,,0,0,0,ncbi_only,Eukaryota,0.0
Orchesellides,0,0,0.0,0.0,1,1,1,0.0,0.0,100.0,,,0,0,0,ncbi_only,Eukaryota,0.0
Orchestia,0,0,0.0,0.0,1,1,1,0.0,0.0,100.0,,,0,0,0,ncbi_only,Eukaryota,0.0
Oreamnos,0,0,0.0,0.0,1,1,1,0.0,0.0,100.0,,,0,0,0,ncbi_only,Eukaryota,0.0
Oligota,0,0,0.0,0.0,1,1,1,0.0,0.0,100.0,,,0,0,0,ncbi_only,Eukaryota,0.0
Olivaichthys,0,0,0.0,0.0,1,1,1,0.0,0.0,100.0,,,0,0,0,ncbi_only,Eukaryota,0.0
Olivierus,0,0,0.0,0.0,1,1,1,0.0,0.0,100.0,,,0,0,0,ncbi_only,Eukaryota,0.0
Olpidium,0,0,0.0,0.0,1,1,0,0.0,0.0,0.0,,,0,0,0,ncbi_only,Eukaryota,0.0
Olyra,0,0,0.0,0.0,1,1,1,0.0,0.0,100.0,,,0,0,0,ncbi_only,Eukaryota,0.0
Odynerus,0,0,0.0,0.0,1,1,1,0.0,0.0,100.0,,,0,0,0,ncbi_only,Eukaryota,0.0
Odontothrips,0,0,0.0,0.0,1,1,1,0.0,0.0,100.0,,,0,0,0,ncbi_only,Eukaryota,0.0
Odontoptilum,0,0,0.0,0.0,1,1,1,0.0,0.0,100.0,,,0,0,0,ncbi_only,Eukaryota,0.0
Obba,0,0,0.0,0.0,1,1,1,0.0,0.0,100.0,,,0,0,0,ncbi_only,Eukaryota,0.0
Obelidium,0,0,0.0,0.0,1,1,1,0.0,0.0,100.0,,,0,0,0,ncbi_only,Eukaryota,0.0
Obolodiplosis,0,0,0.0,0.0,1,1,1,0.0,0.0,100.0,,,0,0,0,ncbi_only,Eukaryota,0.0
Occidentarius,0,0,0.0,0.0,1,1,1,0.0,0.0,100.0,,,0,0,0,ncbi_only,Eukaryota,0.0
Oceanites,0,0,0.0,0.0,1,1,1,0.0,0.0,100.0,,,0,0,0,ncbi_only,Eukaryota,0.0
Ochetellus,0,0,0.0,0.0,1,1,1,0.0,0.0,100.0,,,0,0,0,ncbi_only,Eukaryota,0.0
Ochetophila,0,0,0.0,0.0,1,1,1,0.0,0.0,100.0,,,0,0,0,ncbi_only,Eukaryota,0.0
Odontoponera,0,0,0.0,0.0,1,1,1,0.0,0.0,100.0,,,0,0,0,ncbi_only,Eukaryota,0.0
Paracanthobrama,0,0,0.0,0.0,1,1,1,0.0,0.0,100.0,,,0,0,0,ncbi_only,Eukaryota,0.0
Paracamarosporium,0,0,0.0,0.0,1,1,1,0.0,0.0,100.0,,,0,0,0,ncbi_only,Eukaryota,0.0
Paracalyptrophora,0,0,0.0,0.0,1,1,1,0.0,0.0,100.0,,,0,0,0,ncbi_only,Eukaryota,0.0
Otatea,0,0,0.0,0.0,1,1,1,0.0,0.0,100.0,,,0,0,0,ncbi_only,Eukaryota,0.0
Ostreobium,0,0,0.0,0.0,1,1,1,0.0,0.0,100.0,,,0,0,0,ncbi_only,Eukaryota,0.0
Oecophylla,0,0,0.0,0.0,1,1,1,0.0,0.0,100.0,,,0,0,0,ncbi_only,Eukaryota,0.0
Oedothorax,0,0,0.0,0.0,1,1,1,0.0,0.0,100.0,,,0,0,0,ncbi_only,Eukaryota,0.0
Oehlia,0,0,0.0,0.0,1,1,1,0.0,0.0,100.0,,,0,0,0,ncbi_only,Eukaryota,0.0
Oenothera,0,0,0.0,0.0,1,1,1,0.0,0.0,100.0,,,0,0,0,ncbi_only,Eukaryota,0.0
Oesophagostomum,0,0,0.0,0.0,1,1,1,0.0,0.0,100.0,,,0,0,0,ncbi_only,Eukaryota,0.0
Oidiodendron,0,0,0.0,0.0,1,1,1,0.0,0.0,100.0,,,0,0,0,ncbi_only,Eukaryota,0.0
Oidium,0,0,0.0,0.0,1,1,1,0.0,0.0,100.0,,,0,0,0,ncbi_only,Eukaryota,0.0
Oileides,0,0,0.0,0.0,1,1,1,0.0,0.0,100.0,,,0,0,0,ncbi_only,Eukaryota,0.0
Oithona,0,0,0.0,0.0,1,1,1,0.0,0.0,100.0,,,0,0,0,ncbi_only,Eukaryota,0.0
Oechydrus,0,0,0.0,0.0,1,1,1,0.0,0.0,100.0,,,0,0,0,ncbi_only,Eukaryota,0.0
Oldenlandia,0,0,0.0,0.0,1,1,1,0.0,0.0,100.0,,,0,0,0,ncbi_only,Eukaryota,0.0
Panurus,0,0,0.0,0.0,1,1,1,0.0,0.0,100.0,,,0,0,0,ncbi_only,Eukaryota,0.0
Panus,0,0,0.0,0.0,1,1,1,0.0,0.0,100.0,,,0,0,0,ncbi_only,Eukaryota,0.0
Pao,0,0,0.0,0.0,1,1,1,0.0,0.0,100.0,,,0,0,0,ncbi_only,Eukaryota,0.0
Papasula,0,0,0.0,0.0,1,1,1,0.0,0.0,100.0,,,0,0,0,ncbi_only,Eukaryota,0.0
Papilionanthe,0,0,0.0,0.0,1,1,1,0.0,0.0,100.0,,,0,0,0,ncbi_only,Eukaryota,0.0
Parablennius,0,0,0.0,0.0,1,1,1,0.0,0.0,100.0,,,0,0,0,ncbi_only,Eukaryota,0.0
Parabramis,0,0,0.0,0.0,1,1,1,0.0,0.0,100.0,,,0,0,0,ncbi_only,Eukaryota,0.0
Parabuteo,0,0,0.0,0.0,1,1,1,0.0,0.0,100.0,,,0,0,0,ncbi_only,Eukaryota,0.0
Paradendryphiella,0,0,0.0,0.0,1,1,1,0.0,0.0,100.0,,,0,0,0,ncbi_only,Eukaryota,0.0
Paracyclopina,0,0,0.0,0.0,1,1,1,0.0,0.0,100.0,,,0,0,0,ncbi_only,Eukaryota,0.0
Parachromis,0,0,0.0,0.0,1,1,1,0.0,0.0,100.0,,,0,0,0,ncbi_only,Eukaryota,0.0
Otis,0,0,0.0,0.0,1,1,1,0.0,0.0,100.0,,,0,0,0,ncbi_only,Eukaryota,0.0
Parachondrostoma,0,0,0.0,0.0,1,1,1,0.0,0.0,100.0,,,0,0,0,ncbi_only,Eukaryota,0.0
Parachaetomium,0,0,0.0,0.0,1,1,1,0.0,0.0,100.0,,,0,0,0,ncbi_only,Eukaryota,0.0
Paracaudina,0,0,0.0,0.0,1,1,1,0.0,0.0,100.0,,,0,0,0,ncbi_only,Eukaryota,0.0
Paracassina,0,0,0.0,0.0,1,1,1,0.0,0.0,100.0,,,0,0,0,ncbi_only,Eukaryota,0.0
Paramisgurnus,0,0,0.0,0.0,1,1,1,0.0,0.0,100.0,,,0,0,0,ncbi_only,Eukaryota,0.0
Paramphilius,0,0,0.0,0.0,1,1,1,0.0,0.0,100.0,,,0,0,0,ncbi_only,Eukaryota,0.0
Paramuricea,0,0,0.0,0.0,1,1,1,0.0,0.0,100.0,,,0,0,0,ncbi_only,Eukaryota,0.0
Paramythia,0,0,0.0,0.0,1,1,1,0.0,0.0,100.0,,,0,0,0,ncbi_only,Eukaryota,0.0
Parantechinus,0,0,0.0,0.0,1,1,1,0.0,0.0,100.0,,,0,0,0,ncbi_only,Eukaryota,0.0
Paranurophorus,0,0,0.0,0.0,1,1,1,0.0,0.0,100.0,,,0,0,0,ncbi_only,Eukaryota,0.0
Paraplagusia,0,0,0.0,0.0,1,1,1,0.0,0.0,100.0,,,0,0,0,ncbi_only,Eukaryota,0.0
Paraponera,0,0,0.0,0.0,1,1,1,0.0,0.0,100.0,,,0,0,0,ncbi_only,Eukaryota,0.0
Parapsyche,0,0,0.0,0.0,1,1,1,0.0,0.0,100.0,,,0,0,0,ncbi_only,Eukaryota,0.0
Paradoxurus,0,0,0.0,0.0,1,1,1,0.0,0.0,100.0,,,0,0,0,ncbi_only,Eukaryota,0.0
Paradoxoglanis,0,0,0.0,0.0,1,1,1,0.0,0.0,100.0,,,0,0,0,ncbi_only,Eukaryota,0.0
Panesthia,0,0,0.0,0.0,1,1,1,0.0,0.0,100.0,,,0,0,0,ncbi_only,Eukaryota,0.0
Pannaria,0,0,0.0,0.0,1,1,0,0.0,0.0,0.0,,,0,0,0,ncbi_only,Eukaryota,0.0
Panonychus,0,0,0.0,0.0,1,1,1,0.0,0.0,100.0,,,0,0,0,ncbi_only,Eukaryota,0.0
Panoquina,0,0,0.0,0.0,1,1,1,0.0,0.0,100.0,,,0,0,0,ncbi_only,Eukaryota,0.0
Pantala,0,0,0.0,0.0,1,1,1,0.0,0.0,100.0,,,0,0,0,ncbi_only,Eukaryota,0.0
Pachypodium,0,0,0.0,0.0,1,1,1,0.0,0.0,100.0,,,0,0,0,ncbi_only,Eukaryota,0.0
Oxyruncus,0,0,0.0,0.0,1,1,1,0.0,0.0,100.0,,,0,0,0,ncbi_only,Eukaryota,0.0
Pampusana,0,0,0.0,0.0,1,1,1,0.0,0.0,100.0,,,0,0,0,ncbi_only,Eukaryota,0.0
Panaspis,0,0,0.0,0.0,1,1,1,0.0,0.0,100.0,,,0,0,0,ncbi_only,Eukaryota,0.0
Pandanus,0,0,0.0,0.0,1,1,1,0.0,0.0,100.0,,,0,0,0,ncbi_only,Eukaryota,0.0
Parafenestella,0,0,0.0,0.0,1,1,1,0.0,0.0,100.0,,,0,0,0,ncbi_only,Eukaryota,0.0
Parafronurus,0,0,0.0,0.0,1,1,1,0.0,0.0,100.0,,,0,0,0,ncbi_only,Eukaryota,0.0
Paragorgia,0,0,0.0,0.0,1,1,1,0.0,0.0,100.0,,,0,0,0,ncbi_only,Eukaryota,0.0
Paralia,0,0,0.0,0.0,1,1,1,0.0,0.0,100.0,,,0,0,0,ncbi_only,Eukaryota,0.0
Paralinhomoeus,0,0,0.0,0.0,1,1,1,0.0,0.0,100.0,,,0,0,0,ncbi_only,Eukaryota,0.0
Paraliparis,0,0,0.0,0.0,1,1,1,0.0,0.0,100.0,,,0,0,0,ncbi_only,Eukaryota,0.0
Paralvinella,0,0,0.0,0.0,1,1,1,0.0,0.0,100.0,,,0,0,0,ncbi_only,Eukaryota,0.0
Paramarasmius,0,0,0.0,0.0,1,1,1,0.0,0.0,100.0,,,0,0,0,ncbi_only,Eukaryota,0.0
Paraescarpia,0,0,0.0,0.0,1,1,1,0.0,0.0,100.0,,,0,0,0,ncbi_only,Eukaryota,0.0
Paramarteilia,0,0,0.0,0.0,1,1,0,0.0,0.0,0.0,,,0,0,0,ncbi_only,Eukaryota,0.0
Paramimus,0,0,0.0,0.0,1,1,1,0.0,0.0,100.0,,,0,0,0,ncbi_only,Eukaryota,0.0
Oxyopomyrmex,0,0,0.0,0.0,1,1,1,0.0,0.0,100.0,,,0,0,0,ncbi_only,Eukaryota,0.0
Pachyrhizus,0,0,0.0,0.0,1,1,1,0.0,0.0,100.0,,,0,0,0,ncbi_only,Eukaryota,0.0
Oxyrhabdium,0,0,0.0,0.0,1,1,1,0.0,0.0,100.0,,,0,0,0,ncbi_only,Eukaryota,0.0
Oxyscelio,0,0,0.0,0.0,1,1,1,0.0,0.0,100.0,,,0,0,0,ncbi_only,Eukaryota,0.0
Oxyteleia,0,0,0.0,0.0,1,1,1,0.0,0.0,100.0,,,0,0,0,ncbi_only,Eukaryota,0.0
Oxytorus,0,0,0.0,0.0,1,1,1,0.0,0.0,100.0,,,0,0,0,ncbi_only,Eukaryota,0.0
Oxytropis,0,0,0.0,0.0,1,1,1,0.0,0.0,100.0,,,0,0,0,ncbi_only,Eukaryota,0.0
Pachliopta,0,0,0.0,0.0,1,1,1,0.0,0.0,100.0,,,0,0,0,ncbi_only,Eukaryota,0.0
Pachycara,0,0,0.0,0.0,1,1,1,0.0,0.0,100.0,,,0,0,0,ncbi_only,Eukaryota,0.0
Pachycephus,0,0,0.0,0.0,1,1,1,0.0,0.0,100.0,,,0,0,0,ncbi_only,Eukaryota,0.0
Pachycereus,0,0,0.0,0.0,1,1,1,0.0,0.0,100.0,,,0,0,0,ncbi_only,Eukaryota,0.0
Pachydermia,0,0,0.0,0.0,1,1,1,0.0,0.0,100.0,,,0,0,0,ncbi_only,Eukaryota,0.0
Pachydiplax,0,0,0.0,0.0,1,1,1,0.0,0.0,100.0,,,0,0,0,ncbi_only,Eukaryota,0.0
Pachymerium,0,0,0.0,0.0,1,1,1,0.0,0.0,100.0,,,0,0,0,ncbi_only,Eukaryota,0.0
Pachypanchax,0,0,0.0,0.0,1,1,1,0.0,0.0,100.0,,,0,0,0,ncbi_only,Eukaryota,0.0
Pachypeltis,0,0,0.0,0.0,1,1,1,0.0,0.0,100.0,,,0,0,0,ncbi_only,Eukaryota,0.0
Paleozoanthus,0,0,0.0,0.0,1,1,1,0.0,0.0,100.0,,,0,0,0,ncbi_only,Eukaryota,0.0
Pallidohirschioporus,0,0,0.0,0.0,1,1,1,0.0,0.0,100.0,,,0,0,0,ncbi_only,Eukaryota,0.0
Palmaria,0,0,0.0,0.0,1,1,1,0.0,0.0,100.0,,,0,0,0,ncbi_only,Eukaryota,0.0
Palpoteleia,0,0,0.0,0.0,1,1,1,0.0,0.0,100.0,,,0,0,0,ncbi_only,Eukaryota,0.0
Pamphorichthys,0,0,0.0,0.0,1,1,1,0.0,0.0,100.0,,,0,0,0,ncbi_only,Eukaryota,0.0
Pachyrhynchus,0,0,0.0,0.0,1,1,1,0.0,0.0,100.0,,,0,0,0,ncbi_only,Eukaryota,0.0
Pachyramphus,0,0,0.0,0.0,1,1,1,0.0,0.0,100.0,,,0,0,0,ncbi_only,Eukaryota,0.0
Otocyon,0,0,0.0,0.0,1,1,1,0.0,0.0,100.0,,,0,0,0,ncbi_only,Eukaryota,0.0
Otopharynx,0,0,0.0,0.0,1,1,1,0.0,0.0,100.0,,,0,0,0,ncbi_only,Eukaryota,0.0
Ottelia,0,0,0.0,0.0,1,1,1,0.0,0.0,100.0,,,0,0,0,ncbi_only,Eukaryota,0.0
Ouleus,0,0,0.0,0.0,1,1,1,0.0,0.0,100.0,,,0,0,0,ncbi_only,Eukaryota,0.0
Ourebia,0,0,0.0,0.0,1,1,1,0.0,0.0,100.0,,,0,0,0,ncbi_only,Eukaryota,0.0
Oxnerella,0,0,0.0,0.0,1,1,0,0.0,0.0,0.0,,,0,0,0,ncbi_only,Eukaryota,0.0
Oxyeleotris,0,0,0.0,0.0,1,1,1,0.0,0.0,100.0,,,0,0,0,ncbi_only,Eukaryota,0.0
Oxygymnocypris,0,0,0.0,0.0,1,1,1,0.0,0.0,100.0,,,0,0,0,ncbi_only,Eukaryota,0.0
Oxylabes,0,0,0.0,0.0,1,1,1,0.0,0.0,100.0,,,0,0,0,ncbi_only,Eukaryota,0.0
Helicocarpus,0,0,0.0,0.0,1,1,1,0.0,0.0,100.0,,,0,0,0,ncbi_only,Eukaryota,0.0
Heliophila,0,0,0.0,0.0,1,1,1,0.0,0.0,100.0,,,0,0,0,ncbi_only,Eukaryota,0.0
Malimbus,0,0,0.0,0.0,1,1,1,0.0,0.0,100.0,,,0,0,0,ncbi_only,Eukaryota,0.0
Pachyseris,0,0,0.0,0.0,1,1,1,0.0,0.0,100.0,,,0,0,0,ncbi_only,Eukaryota,0.0
Pachythone,0,0,0.0,0.0,1,1,1,0.0,0.0,100.0,,,0,0,0,ncbi_only,Eukaryota,0.0
Pachyuromys,0,0,0.0,0.0,1,1,1,0.0,0.0,100.0,,,0,0,0,ncbi_only,Eukaryota,0.0
Padina,0,0,0.0,0.0,1,1,1,0.0,0.0,100.0,,,0,0,0,ncbi_only,Eukaryota,0.0
Paelopatides,0,0,0.0,0.0,1,1,1,0.0,0.0,100.0,,,0,0,0,ncbi_only,Eukaryota,0.0
Paeonia,0,0,0.0,0.0,1,1,1,0.0,0.0,100.0,,,0,0,0,ncbi_only,Eukaryota,0.0
Pagetodes,0,0,0.0,0.0,1,1,1,0.0,0.0,100.0,,,0,0,0,ncbi_only,Eukaryota,0.0
Pagetopsis,0,0,0.0,0.0,1,1,1,0.0,0.0,100.0,,,0,0,0,ncbi_only,Eukaryota,0.0
Pagophila,0,0,0.0,0.0,1,1,1,0.0,0.0,100.0,,,0,0,0,ncbi_only,Eukaryota,0.0
Pagothenia,0,0,0.0,0.0,1,1,1,0.0,0.0,100.0,,,0,0,0,ncbi_only,Eukaryota,0.0
Pachysandra,0,0,0.0,0.0,1,1,1,0.0,0.0,100.0,,,0,0,0,ncbi_only,Eukaryota,0.0
Paguma,0,0,0.0,0.0,1,1,1,0.0,0.0,100.0,,,0,0,0,ncbi_only,Eukaryota,0.0
Paleosuchus,0,0,0.0,0.0,1,1,1,0.0,0.0,100.0,,,0,0,0,ncbi_only,Eukaryota,0.0
Hausera,0,0,0.0,0.0,1,1,1,0.0,0.0,100.0,,,0,0,0,ncbi_only,Eukaryota,0.0
Hebeloma,0,0,0.0,0.0,1,1,1,0.0,0.0,100.0,,,0,0,0,ncbi_only,Eukaryota,0.0
Hebomoia,0,0,0.0,0.0,1,1,1,0.0,0.0,100.0,,,0,0,0,ncbi_only,Eukaryota,0.0
Hedophyllum,0,0,0.0,0.0,1,1,1,0.0,0.0,100.0,,,0,0,0,ncbi_only,Eukaryota,0.0
Helarctos,0,0,0.0,0.0,1,1,1,0.0,0.0,100.0,,,0,0,0,ncbi_only,Eukaryota,0.0
Helias,0,0,0.0,0.0,1,1,1,0.0,0.0,100.0,,,0,0,0,ncbi_only,Eukaryota,0.0
Helichrysum,0,0,0.0,0.0,1,1,1,0.0,0.0,100.0,,,0,0,0,ncbi_only,Eukaryota,0.0
Heloderma,0,0,0.0,0.0,1,1,1,0.0,0.0,100.0,,,0,0,0,ncbi_only,Eukaryota,0.0
Helochares,0,0,0.0,0.0,1,1,1,0.0,0.0,100.0,,,0,0,0,ncbi_only,Eukaryota,0.0
Helobdella,0,0,0.0,0.0,1,1,1,0.0,0.0,100.0,,,0,0,0,ncbi_only,Eukaryota,0.0
Heliosperma,0,0,0.0,0.0,1,1,1,0.0,0.0,100.0,,,0,0,0,ncbi_only,Eukaryota,0.0
Heliornis,0,0,0.0,0.0,1,1,1,0.0,0.0,100.0,,,0,0,0,ncbi_only,Eukaryota,0.0
Heliopora,0,0,0.0,0.0,1,1,1,0.0,0.0,100.0,,,0,0,0,ncbi_only,Eukaryota,0.0
Heliocybe,0,0,0.0,0.0,1,1,1,0.0,0.0,100.0,,,0,0,0,ncbi_only,Eukaryota,0.0
Helicosporidium,0,0,0.0,0.0,1,1,1,0.0,0.0,100.0,,,0,0,0,ncbi_only,Eukaryota,0.0
Helicorthomorpha,0,0,0.0,0.0,1,1,1,0.0,0.0,100.0,,,0,0,0,ncbi_only,Eukaryota,0.0
Henneguya,0,0,0.0,0.0,1,1,1,0.0,0.0,100.0,,,0,0,0,ncbi_only,Eukaryota,0.0
Henosepilachna,0,0,0.0,0.0,1,1,1,0.0,0.0,100.0,,,0,0,0,ncbi_only,Eukaryota,0.0
Henricia,0,0,0.0,0.0,1,1,1,0.0,0.0,100.0,,,0,0,0,ncbi_only,Eukaryota,0.0
Heortia,0,0,0.0,0.0,1,1,1,0.0,0.0,100.0,,,0,0,0,ncbi_only,Eukaryota,0.0
Hepatocystis,0,0,0.0,0.0,1,1,1,0.0,0.0,100.0,,,0,0,0,ncbi_only,Eukaryota,0.0
Hephaestus,0,0,0.0,0.0,1,1,1,0.0,0.0,100.0,,,0,0,0,ncbi_only,Eukaryota,0.0
Hepialus,0,0,0.0,0.0,1,1,1,0.0,0.0,100.0,,,0,0,0,ncbi_only,Eukaryota,0.0
Heptascelio,0,0,0.0,0.0,1,1,1,0.0,0.0,100.0,,,0,0,0,ncbi_only,Eukaryota,0.0
Herbertus,0,0,0.0,0.0,1,1,1,0.0,0.0,100.0,,,0,0,0,ncbi_only,Eukaryota,0.0
Hermatobates,0,0,0.0,0.0,1,1,1,0.0,0.0,100.0,,,0,0,0,ncbi_only,Eukaryota,0.0
Hermissenda,0,0,0.0,0.0,1,1,1,0.0,0.0,100.0,,,0,0,0,ncbi_only,Eukaryota,0.0
Heniochus,0,0,0.0,0.0,1,1,1,0.0,0.0,100.0,,,0,0,0,ncbi_only,Eukaryota,0.0
Helostoma,0,0,0.0,0.0,1,1,1,0.0,0.0,100.0,,,0,0,0,ncbi_only,Eukaryota,0.0
Helopsaltes,0,0,0.0,0.0,1,1,1,0.0,0.0,100.0,,,0,0,0,ncbi_only,Eukaryota,0.0
Helogale,0,0,0.0,0.0,1,1,1,0.0,0.0,100.0,,,0,0,0,ncbi_only,Eukaryota,0.0
Hassar,0,0,0.0,0.0,1,1,1,0.0,0.0,100.0,,,0,0,0,ncbi_only,Eukaryota,0.0
Halimeda,0,0,0.0,0.0,1,1,1,0.0,0.0,100.0,,,0,0,0,ncbi_only,Eukaryota,0.0
Herpetospermum,0,0,0.0,0.0,1,1,1,0.0,0.0,100.0,,,0,0,0,ncbi_only,Eukaryota,0.0
Hartigia,0,0,0.0,0.0,1,1,1,0.0,0.0,100.0,,,0,0,0,ncbi_only,Eukaryota,0.0
Hemerocallis,0,0,0.0,0.0,1,1,1,0.0,0.0,100.0,,,0,0,0,ncbi_only,Eukaryota,0.0
Hemicentrotus,0,0,0.0,0.0,1,1,1,0.0,0.0,100.0,,,0,0,0,ncbi_only,Eukaryota,0.0
Hemichromis,0,0,0.0,0.0,1,1,1,0.0,0.0,100.0,,,0,0,0,ncbi_only,Eukaryota,0.0
Hemicorallium,0,0,0.0,0.0,1,1,1,0.0,0.0,100.0,,,0,0,0,ncbi_only,Eukaryota,0.0
Hemignathus,0,0,0.0,0.0,1,1,1,0.0,0.0,100.0,,,0,0,0,ncbi_only,Eukaryota,0.0
Hemisalanx,0,0,0.0,0.0,1,1,1,0.0,0.0,100.0,,,0,0,0,ncbi_only,Eukaryota,0.0
Hemiselmis,0,0,0.0,0.0,1,1,1,0.0,0.0,100.0,,,0,0,0,ncbi_only,Eukaryota,0.0
Hemitrygon,0,0,0.0,0.0,1,1,1,0.0,0.0,100.0,,,0,0,0,ncbi_only,Eukaryota,0.0
Hemorrhois,0,0,0.0,0.0,1,1,1,0.0,0.0,100.0,,,0,0,0,ncbi_only,Eukaryota,0.0
Henckelia,0,0,0.0,0.0,1,1,1,0.0,0.0,100.0,,,0,0,0,ncbi_only,Eukaryota,0.0
Henia,0,0,0.0,0.0,1,1,1,0.0,0.0,100.0,,,0,0,0,ncbi_only,Eukaryota,0.0
Helwingia,0,0,0.0,0.0,1,1,1,0.0,0.0,100.0,,,0,0,0,ncbi_only,Eukaryota,0.0
Henicopernis,0,0,0.0,0.0,1,1,1,0.0,0.0,100.0,,,0,0,0,ncbi_only,Eukaryota,0.0
Hamigera,0,0,0.0,0.0,1,1,1,0.0,0.0,100.0,,,0,0,0,ncbi_only,Eukaryota,0.0
Halocaridina,0,0,0.0,0.0,1,1,1,0.0,0.0,100.0,,,0,0,0,ncbi_only,Eukaryota,0.0
Habropoda,0,0,0.0,0.0,1,1,1,0.0,0.0,100.0,,,0,0,0,ncbi_only,Eukaryota,0.0
Habroteleia,0,0,0.0,0.0,1,1,1,0.0,0.0,100.0,,,0,0,0,ncbi_only,Eukaryota,0.0
Haemactis,0,0,0.0,0.0,1,1,1,0.0,0.0,100.0,,,0,0,0,ncbi_only,Eukaryota,0.0
Haematobia,0,0,0.0,0.0,1,1,1,0.0,0.0,100.0,,,0,0,0,ncbi_only,Eukaryota,0.0
Haematopus,0,0,0.0,0.0,1,1,1,0.0,0.0,100.0,,,0,0,0,ncbi_only,Eukaryota,0.0
Haemoproteus,0,0,0.0,0.0,1,1,1,0.0,0.0,100.0,,,0,0,0,ncbi_only,Eukaryota,0.0
Hafferia,0,0,0.0,0.0,1,1,1,0.0,0.0,100.0,,,0,0,0,ncbi_only,Eukaryota,0.0
Hagleromyces,0,0,0.0,0.0,1,1,1,0.0,0.0,100.0,,,0,0,0,ncbi_only,Eukaryota,0.0
Hakea,0,0,0.0,0.0,1,1,1,0.0,0.0,100.0,,,0,0,0,ncbi_only,Eukaryota,0.0
Halocafeteria,0,0,0.0,0.0,1,1,1,0.0,0.0,100.0,,,0,0,0,ncbi_only,Eukaryota,0.0
Harpyopsis,0,0,0.0,0.0,1,1,1,0.0,0.0,100.0,,,0,0,0,ncbi_only,Eukaryota,0.0
Halichoeres,0,0,0.0,0.0,1,1,1,0.0,0.0,100.0,,,0,0,0,ncbi_only,Eukaryota,0.0
Halesus,0,0,0.0,0.0,1,1,1,0.0,0.0,100.0,,,0,0,0,ncbi_only,Eukaryota,0.0
Halenospora,0,0,0.0,0.0,1,1,1,0.0,0.0,100.0,,,0,0,0,ncbi_only,Eukaryota,0.0
Herpetotheres,0,0,0.0,0.0,1,1,1,0.0,0.0,100.0,,,0,0,0,ncbi_only,Eukaryota,0.0
Halophila,0,0,0.0,0.0,1,1,1,0.0,0.0,100.0,,,0,0,0,ncbi_only,Eukaryota,0.0
Halotydeus,0,0,0.0,0.0,1,1,1,0.0,0.0,100.0,,,0,0,0,ncbi_only,Eukaryota,0.0
Halteromyces,0,0,0.0,0.0,1,1,1,0.0,0.0,100.0,,,0,0,0,ncbi_only,Eukaryota,0.0
Halyomorpha,0,0,0.0,0.0,1,1,1,0.0,0.0,100.0,,,0,0,0,ncbi_only,Eukaryota,0.0
Hamamelis,0,0,0.0,0.0,1,1,1,0.0,0.0,100.0,,,0,0,0,ncbi_only,Eukaryota,0.0
Hanleya,0,0,0.0,0.0,1,1,1,0.0,0.0,100.0,,,0,0,0,ncbi_only,Eukaryota,0.0
Hapalochlaena,0,0,0.0,0.0,1,1,1,0.0,0.0,100.0,,,0,0,0,ncbi_only,Eukaryota,0.0
Haplographium,0,0,0.0,0.0,1,1,1,0.0,0.0,100.0,,,0,0,0,ncbi_only,Eukaryota,0.0
Haplophthalmus,0,0,0.0,0.0,1,1,1,0.0,0.0,100.0,,,0,0,0,ncbi_only,Eukaryota,0.0
Haplosporidium,0,0,0.0,0.0,1,1,1,0.0,0.0,100.0,,,0,0,0,ncbi_only,Eukaryota,0.0
Hapterophycus,0,0,0.0,0.0,1,1,1,0.0,0.0,100.0,,,0,0,0,ncbi_only,Eukaryota,0.0
Harlomillsia,0,0,0.0,0.0,1,1,1,0.0,0.0,100.0,,,0,0,0,ncbi_only,Eukaryota,0.0
Harpadon,0,0,0.0,0.0,1,1,1,0.0,0.0,100.0,,,0,0,0,ncbi_only,Eukaryota,0.0
Harpagus,0,0,0.0,0.0,1,1,1,0.0,0.0,100.0,,,0,0,0,ncbi_only,Eukaryota,0.0
Harpyhaliaetus,0,0,0.0,0.0,1,1,1,0.0,0.0,100.0,,,0,0,0,ncbi_only,Eukaryota,0.0
Hymenotorrendiella,0,0,0.0,0.0,1,1,1,0.0,0.0,100.0,,,0,0,0,ncbi_only,Eukaryota,0.0
Hydroides,0,0,0.0,0.0,1,1,1,0.0,0.0,100.0,,,0,0,0,ncbi_only,Eukaryota,0.0
Hydrodamalis,0,0,0.0,0.0,1,1,1,0.0,0.0,100.0,,,0,0,0,ncbi_only,Eukaryota,0.0
Hydrocynus,0,0,0.0,0.0,1,1,1,0.0,0.0,100.0,,,0,0,0,ncbi_only,Eukaryota,0.0
Humicola,0,0,0.0,0.0,1,1,1,0.0,0.0,100.0,,,0,0,0,ncbi_only,Eukaryota,0.0
Hydrochus,0,0,0.0,0.0,1,1,1,0.0,0.0,100.0,,,0,0,0,ncbi_only,Eukaryota,0.0
Hydnum,0,0,0.0,0.0,1,1,1,0.0,0.0,100.0,,,0,0,0,ncbi_only,Eukaryota,0.0
Hydatigera,0,0,0.0,0.0,1,1,1,0.0,0.0,100.0,,,0,0,0,ncbi_only,Eukaryota,0.0
Hsuehochloa,0,0,0.0,0.0,1,1,1,0.0,0.0,100.0,,,0,0,0,ncbi_only,Eukaryota,0.0
Hyalothyrus,0,0,0.0,0.0,1,1,1,0.0,0.0,100.0,,,0,0,0,ncbi_only,Eukaryota,0.0
Hyalogyrina,0,0,0.0,0.0,1,1,1,0.0,0.0,100.0,,,0,0,0,ncbi_only,Eukaryota,0.0
Hyacinthus,0,0,0.0,0.0,1,1,1,0.0,0.0,100.0,,,0,0,0,ncbi_only,Eukaryota,0.0
Huso,0,0,0.0,0.0,1,1,1,0.0,0.0,100.0,,,0,0,0,ncbi_only,Eukaryota,0.0
Hura,0,0,0.0,0.0,1,1,1,0.0,0.0,100.0,,,0,0,0,ncbi_only,Eukaryota,0.0
Hyaloraphidium,0,0,0.0,0.0,1,1,1,0.0,0.0,100.0,,,0,0,0,ncbi_only,Eukaryota,0.0
Malaya,0,0,0.0,0.0,1,1,1,0.0,0.0,100.0,,,0,0,0,ncbi_only,Eukaryota,0.0
Hymenochirus,0,0,0.0,0.0,1,1,1,0.0,0.0,100.0,,,0,0,0,ncbi_only,Eukaryota,0.0
Hydroisotoma,0,0,0.0,0.0,1,1,1,0.0,0.0,100.0,,,0,0,0,ncbi_only,Eukaryota,0.0
Hymenopus,0,0,0.0,0.0,1,1,1,0.0,0.0,100.0,,,0,0,0,ncbi_only,Eukaryota,0.0
Hyocomium,0,0,0.0,0.0,1,1,1,0.0,0.0,100.0,,,0,0,0,ncbi_only,Eukaryota,0.0
Hyparrhenia,0,0,0.0,0.0,1,1,1,0.0,0.0,100.0,,,0,0,0,ncbi_only,Eukaryota,0.0
Hyperopisus,0,0,0.0,0.0,1,1,1,0.0,0.0,100.0,,,0,0,0,ncbi_only,Eukaryota,0.0
Hyphantria,0,0,0.0,0.0,1,1,1,0.0,0.0,100.0,,,0,0,0,ncbi_only,Eukaryota,0.0
Hypnale,0,0,0.0,0.0,1,1,1,0.0,0.0,100.0,,,0,0,0,ncbi_only,Eukaryota,0.0
Hypnum,0,0,0.0,0.0,1,1,1,0.0,0.0,100.0,,,0,0,0,ncbi_only,Eukaryota,0.0
Hypocryptadius,0,0,0.0,0.0,1,1,1,0.0,0.0,100.0,,,0,0,0,ncbi_only,Eukaryota,0.0
Hypodytes,0,0,0.0,0.0,1,1,1,0.0,0.0,100.0,,,0,0,0,ncbi_only,Eukaryota,0.0
Hypogastrura,0,0,0.0,0.0,1,1,1,0.0,0.0,100.0,,,0,0,0,ncbi_only,Eukaryota,0.0
Hypogeococcus,0,0,0.0,0.0,1,1,1,0.0,0.0,100.0,,,0,0,0,ncbi_only,Eukaryota,0.0
Hypophylla,0,0,0.0,0.0,1,1,1,0.0,0.0,100.0,,,0,0,0,ncbi_only,Eukaryota,0.0
Hypoponera,0,0,0.0,0.0,1,1,1,0.0,0.0,100.0,,,0,0,0,ncbi_only,Eukaryota,0.0
Hypselothyrea,0,0,0.0,0.0,1,1,1,0.0,0.0,100.0,,,0,0,0,ncbi_only,Eukaryota,0.0
Hexaplex,0,0,0.0,0.0,1,1,1,0.0,0.0,100.0,,,0,0,0,ncbi_only,Eukaryota,0.0
Hexagrammos,0,0,0.0,0.0,1,1,1,0.0,0.0,100.0,,,0,0,0,ncbi_only,Eukaryota,0.0
Hewitsoniella,0,0,0.0,0.0,1,1,1,0.0,0.0,100.0,,,0,0,0,ncbi_only,Eukaryota,0.0
Heterotrigona,0,0,0.0,0.0,1,1,1,0.0,0.0,100.0,,,0,0,0,ncbi_only,Eukaryota,0.0
Heterotrichella,0,0,0.0,0.0,1,1,1,0.0,0.0,100.0,,,0,0,0,ncbi_only,Eukaryota,0.0
Herpomyces,0,0,0.0,0.0,1,1,1,0.0,0.0,100.0,,,0,0,0,ncbi_only,Eukaryota,0.0
Hovala,0,0,0.0,0.0,1,1,1,0.0,0.0,100.0,,,0,0,0,ncbi_only,Eukaryota,0.0
Hydrurus,0,0,0.0,0.0,1,1,1,0.0,0.0,100.0,,,0,0,0,ncbi_only,Eukaryota,0.0
Hygrophila,0,0,0.0,0.0,1,1,1,0.0,0.0,100.0,,,0,0,0,ncbi_only,Eukaryota,0.0
Hygrophoropsis,0,0,0.0,0.0,1,1,1,0.0,0.0,100.0,,,0,0,0,ncbi_only,Eukaryota,0.0
Hylesia,0,0,0.0,0.0,1,1,1,0.0,0.0,100.0,,,0,0,0,ncbi_only,Eukaryota,0.0
Hylodesmum,0,0,0.0,0.0,1,1,1,0.0,0.0,100.0,,,0,0,0,ncbi_only,Eukaryota,0.0
Hylomyscus,0,0,0.0,0.0,1,1,1,0.0,0.0,100.0,,,0,0,0,ncbi_only,Eukaryota,0.0
Hylyphantes,0,0,0.0,0.0,1,1,1,0.0,0.0,100.0,,,0,0,0,ncbi_only,Eukaryota,0.0
Hymenaphorura,0,0,0.0,0.0,1,1,1,0.0,0.0,100.0,,,0,0,0,ncbi_only,Eukaryota,0.0
Hymenochaete,0,0,0.0,0.0,1,1,1,0.0,0.0,100.0,,,0,0,0,ncbi_only,Eukaryota,0.0
Hesperopsis,0,0,0.0,0.0,1,1,1,0.0,0.0,100.0,,,0,0,0,ncbi_only,Eukaryota,0.0
Hesseltinella,0,0,0.0,0.0,1,1,1,0.0,0.0,100.0,,,0,0,0,ncbi_only,Eukaryota,0.0
Heteranthus,0,0,0.0,0.0,1,1,1,0.0,0.0,100.0,,,0,0,0,ncbi_only,Eukaryota,0.0
Heterobranchus,0,0,0.0,0.0,1,1,1,0.0,0.0,100.0,,,0,0,0,ncbi_only,Eukaryota,0.0
Heterochromis,0,0,0.0,0.0,1,1,1,0.0,0.0,100.0,,,0,0,0,ncbi_only,Eukaryota,0.0
Heterocladium,0,0,0.0,0.0,1,1,1,0.0,0.0,100.0,,,0,0,0,ncbi_only,Eukaryota,0.0
Heterococcus,0,0,0.0,0.0,1,1,1,0.0,0.0,100.0,,,0,0,0,ncbi_only,Eukaryota,0.0
Heteromurus,0,0,0.0,0.0,1,1,1,0.0,0.0,100.0,,,0,0,0,ncbi_only,Eukaryota,0.0
Heteronetta,0,0,0.0,0.0,1,1,1,0.0,0.0,100.0,,,0,0,0,ncbi_only,Eukaryota,0.0
Heteronotia,0,0,0.0,0.0,1,1,1,0.0,0.0,100.0,,,0,0,0,ncbi_only,Eukaryota,0.0
Heterosigma,0,0,0.0,0.0,1,1,1,0.0,0.0,100.0,,,0,0,0,ncbi_only,Eukaryota,0.0
Heterotilapia,0,0,0.0,0.0,1,1,1,0.0,0.0,100.0,,,0,0,0,ncbi_only,Eukaryota,0.0
Heterotis,0,0,0.0,0.0,1,1,1,0.0,0.0,100.0,,,0,0,0,ncbi_only,Eukaryota,0.0
Hippolais,0,0,0.0,0.0,1,1,1,0.0,0.0,100.0,,,0,0,0,ncbi_only,Eukaryota,0.0
Himantozoum,0,0,0.0,0.0,1,1,1,0.0,0.0,100.0,,,0,0,0,ncbi_only,Eukaryota,0.0
Houttuynia,0,0,0.0,0.0,1,1,1,0.0,0.0,100.0,,,0,0,0,ncbi_only,Eukaryota,0.0
Holocentrus,0,0,0.0,0.0,1,1,1,0.0,0.0,100.0,,,0,0,0,ncbi_only,Eukaryota,0.0
Holotrichia,0,0,0.0,0.0,1,1,1,0.0,0.0,100.0,,,0,0,0,ncbi_only,Eukaryota,0.0
Hirundichthys,0,0,0.0,0.0,1,1,1,0.0,0.0,100.0,,,0,0,0,ncbi_only,Eukaryota,0.0
Holtermannia,0,0,0.0,0.0,1,1,1,0.0,0.0,100.0,,,0,0,0,ncbi_only,Eukaryota,0.0
Homalomena,0,0,0.0,0.0,1,1,1,0.0,0.0,100.0,,,0,0,0,ncbi_only,Eukaryota,0.0
Homidia,0,0,0.0,0.0,1,1,1,0.0,0.0,100.0,,,0,0,0,ncbi_only,Eukaryota,0.0
Homolaphlyctis,0,0,0.0,0.0,1,1,1,0.0,0.0,100.0,,,0,0,0,ncbi_only,Eukaryota,0.0
Hoplobatrachus,0,0,0.0,0.0,1,1,1,0.0,0.0,100.0,,,0,0,0,ncbi_only,Eukaryota,0.0
Horizocerus,0,0,0.0,0.0,1,1,1,0.0,0.0,100.0,,,0,0,0,ncbi_only,Eukaryota,0.0
Hormaphis,0,0,0.0,0.0,1,1,1,0.0,0.0,100.0,,,0,0,0,ncbi_only,Eukaryota,0.0
Hormiphora,0,0,0.0,0.0,1,1,1,0.0,0.0,100.0,,,0,0,0,ncbi_only,Eukaryota,0.0
Horornis,0,0,0.0,0.0,1,1,1,0.0,0.0,100.0,,,0,0,0,ncbi_only,Eukaryota,0.0
Holtermanniella,0,0,0.0,0.0,1,1,1,0.0,0.0,100.0,,,0,0,0,ncbi_only,Eukaryota,0.0
Hirschioporus,0,0,0.0,0.0,1,1,1,0.0,0.0,100.0,,,0,0,0,ncbi_only,Eukaryota,0.0
Hippopotamyrus,0,0,0.0,0.0,1,1,1,0.0,0.0,100.0,,,0,0,0,ncbi_only,Eukaryota,0.0
Herrania,0,0,0.0,0.0,1,1,1,0.0,0.0,100.0,,,0,0,0,ncbi_only,Eukaryota,0.0
Galeichthys,0,0,0.0,0.0,1,1,1,0.0,0.0,100.0,,,0,0,0,ncbi_only,Eukaryota,0.0
Galbula,0,0,0.0,0.0,1,1,1,0.0,0.0,100.0,,,0,0,0,ncbi_only,Eukaryota,0.0
Galagoides,0,0,0.0,0.0,1,1,1,0.0,0.0,100.0,,,0,0,0,ncbi_only,Eukaryota,0.0
Gaillardinia,0,0,0.0,0.0,1,1,1,0.0,0.0,100.0,,,0,0,0,ncbi_only,Eukaryota,0.0
Galendromus,0,0,0.0,0.0,1,1,1,0.0,0.0,100.0,,,0,0,0,ncbi_only,Eukaryota,0.0
Gyoerffyella,0,0,0.0,0.0,1,1,1,0.0,0.0,100.0,,,0,0,0,ncbi_only,Eukaryota,0.0
Gypsoplaca,0,0,0.0,0.0,1,1,0,0.0,0.0,0.0,,,0,0,0,ncbi_only,Eukaryota,0.0
Haberlea,0,0,0.0,0.0,1,1,1,0.0,0.0,100.0,,,0,0,0,ncbi_only,Eukaryota,0.0
Histiodraco,0,0,0.0,0.0,1,1,1,0.0,0.0,100.0,,,0,0,0,ncbi_only,Eukaryota,0.0
Hohenbuehelia,0,0,0.0,0.0,1,1,1,0.0,0.0,100.0,,,0,0,0,ncbi_only,Eukaryota,0.0
Holacanthella,0,0,0.0,0.0,1,1,1,0.0,0.0,100.0,,,0,0,0,ncbi_only,Eukaryota,0.0
Holacanthus,0,0,0.0,0.0,1,1,1,0.0,0.0,100.0,,,0,0,0,ncbi_only,Eukaryota,0.0
Holcocephala,0,0,0.0,0.0,1,1,1,0.0,0.0,100.0,,,0,0,0,ncbi_only,Eukaryota,0.0
Holcopasites,0,0,0.0,0.0,1,1,1,0.0,0.0,100.0,,,0,0,0,ncbi_only,Eukaryota,0.0
Holcosus,0,0,0.0,0.0,1,1,1,0.0,0.0,100.0,,,0,0,0,ncbi_only,Eukaryota,0.0
Holobus,0,0,0.0,0.0,1,1,1,0.0,0.0,100.0,,,0,0,0,ncbi_only,Eukaryota,0.0
Gelochelidon,0,0,0.0,0.0,1,1,1,0.0,0.0,100.0,,,0,0,0,ncbi_only,Eukaryota,0.0
Gamarada,0,0,0.0,0.0,1,1,1,0.0,0.0,100.0,,,0,0,0,ncbi_only,Eukaryota,0.0
Fulvetta,0,0,0.0,0.0,1,1,1,0.0,0.0,100.0,,,0,0,0,ncbi_only,Eukaryota,0.0
Furcifer,0,0,0.0,0.0,1,1,1,0.0,0.0,100.0,,,0,0,0,ncbi_only,Eukaryota,0.0
Furculomyces,0,0,0.0,0.0,1,1,1,0.0,0.0,100.0,,,0,0,0,ncbi_only,Eukaryota,0.0
Fuscopannaria,0,0,0.0,0.0,1,1,0,0.0,0.0,0.0,,,0,0,0,ncbi_only,Eukaryota,0.0
Fusicolla,0,0,0.0,0.0,1,1,1,0.0,0.0,100.0,,,0,0,0,ncbi_only,Eukaryota,0.0
Fustiaria,0,0,0.0,0.0,1,1,1,0.0,0.0,100.0,,,0,0,0,ncbi_only,Eukaryota,0.0
Gadiculus,0,0,0.0,0.0,1,1,1,0.0,0.0,100.0,,,0,0,0,ncbi_only,Eukaryota,0.0
Gaidropsarus,0,0,0.0,0.0,1,1,1,0.0,0.0,100.0,,,0,0,0,ncbi_only,Eukaryota,0.0
Gallotia,0,0,0.0,0.0,1,1,1,0.0,0.0,100.0,,,0,0,0,ncbi_only,Eukaryota,0.0
Gallirallus,0,0,0.0,0.0,1,1,1,0.0,0.0,100.0,,,0,0,0,ncbi_only,Eukaryota,0.0
Galerida,0,0,0.0,0.0,1,1,1,0.0,0.0,100.0,,,0,0,0,ncbi_only,Eukaryota,0.0
Galeopsomyia,0,0,0.0,0.0,1,1,1,0.0,0.0,100.0,,,0,0,0,ncbi_only,Eukaryota,0.0
Fulica,0,0,0.0,0.0,1,1,1,0.0,0.0,100.0,,,0,0,0,ncbi_only,Eukaryota,0.0
Galemys,0,0,0.0,0.0,1,1,1,0.0,0.0,100.0,,,0,0,0,ncbi_only,Eukaryota,0.0
Fistulina,0,0,0.0,0.0,1,1,1,0.0,0.0,100.0,,,0,0,0,ncbi_only,Eukaryota,0.0
Fissurina,0,0,0.0,0.0,1,1,0,0.0,0.0,0.0,,,0,0,0,ncbi_only,Eukaryota,0.0
Fucus,0,0,0.0,0.0,1,1,1,0.0,0.0,100.0,,,0,0,0,ncbi_only,Eukaryota,0.0
Fulmarus,0,0,0.0,0.0,1,1,1,0.0,0.0,100.0,,,0,0,0,ncbi_only,Eukaryota,0.0
Gammarus,0,0,0.0,0.0,1,1,1,0.0,0.0,100.0,,,0,0,0,ncbi_only,Eukaryota,0.0
Gamszarea,0,0,0.0,0.0,1,1,1,0.0,0.0,100.0,,,0,0,0,ncbi_only,Eukaryota,0.0
Garcia,0,0,0.0,0.0,1,1,1,0.0,0.0,100.0,,,0,0,0,ncbi_only,Eukaryota,0.0
Garcileccinum,0,0,0.0,0.0,1,1,1,0.0,0.0,100.0,,,0,0,0,ncbi_only,Eukaryota,0.0
Gardenia,0,0,0.0,0.0,1,1,1,0.0,0.0,100.0,,,0,0,0,ncbi_only,Eukaryota,0.0
Garrulax,0,0,0.0,0.0,1,1,1,0.0,0.0,100.0,,,0,0,0,ncbi_only,Eukaryota,0.0
Garrulus,0,0,0.0,0.0,1,1,1,0.0,0.0,100.0,,,0,0,0,ncbi_only,Eukaryota,0.0
Gastroboletus,0,0,0.0,0.0,1,1,1,0.0,0.0,100.0,,,0,0,0,ncbi_only,Eukaryota,0.0
Gastropteron,0,0,0.0,0.0,1,1,1,0.0,0.0,100.0,,,0,0,0,ncbi_only,Eukaryota,0.0
Gautieria,0,0,0.0,0.0,1,1,1,0.0,0.0,100.0,,,0,0,0,ncbi_only,Eukaryota,0.0
Gazza,0,0,0.0,0.0,1,1,1,0.0,0.0,100.0,,,0,0,0,ncbi_only,Eukaryota,0.0
Gelatoporia,0,0,0.0,0.0,1,1,1,0.0,0.0,100.0,,,0,0,0,ncbi_only,Eukaryota,0.0
Fritillaria,0,0,0.0,0.0,1,1,1,0.0,0.0,100.0,,,0,0,0,ncbi_only,Eukaryota,0.0
Formicoxenus,0,0,0.0,0.0,1,1,1,0.0,0.0,100.0,,,0,0,0,ncbi_only,Eukaryota,0.0
Flexamia,0,0,0.0,0.0,1,1,1,0.0,0.0,100.0,,,0,0,0,ncbi_only,Eukaryota,0.0
Flemingia,0,0,0.0,0.0,1,1,1,0.0,0.0,100.0,,,0,0,0,ncbi_only,Eukaryota,0.0
Fibramia,0,0,0.0,0.0,1,1,1,0.0,0.0,100.0,,,0,0,0,ncbi_only,Eukaryota,0.0
Fibroporia,0,0,0.0,0.0,1,1,1,0.0,0.0,100.0,,,0,0,0,ncbi_only,Eukaryota,0.0
Filosporella,0,0,0.0,0.0,1,1,1,0.0,0.0,100.0,,,0,0,0,ncbi_only,Eukaryota,0.0
Fimbriaphyllia,0,0,0.0,0.0,1,1,1,0.0,0.0,100.0,,,0,0,0,ncbi_only,Eukaryota,0.0
Fimicolochytrium,0,0,0.0,0.0,1,1,1,0.0,0.0,100.0,,,0,0,0,ncbi_only,Eukaryota,0.0
Flavopunctelia,0,0,0.0,0.0,1,1,0,0.0,0.0,0.0,,,0,0,0,ncbi_only,Eukaryota,0.0
Flavoparmelia,0,0,0.0,0.0,1,1,0,0.0,0.0,0.0,,,0,0,0,ncbi_only,Eukaryota,0.0
Flavodon,0,0,0.0,0.0,1,1,1,0.0,0.0,100.0,,,0,0,0,ncbi_only,Eukaryota,0.0
Flavocetraria,0,0,0.0,0.0,1,1,0,0.0,0.0,0.0,,,0,0,0,ncbi_only,Eukaryota,0.0
Flammula,0,0,0.0,0.0,1,1,1,0.0,0.0,100.0,,,0,0,0,ncbi_only,Eukaryota,0.0
Flagelloscypha,0,0,0.0,0.0,1,1,1,0.0,0.0,100.0,,,0,0,0,ncbi_only,Eukaryota,0.0
Flaccisagitta,0,0,0.0,0.0,1,1,0,0.0,0.0,0.0,,,0,0,0,ncbi_only,Eukaryota,0.0
Gracilechinus,0,0,0.0,0.0,1,1,1,0.0,0.0,100.0,,,0,0,0,ncbi_only,Eukaryota,0.0
Granila,0,0,0.0,0.0,1,1,1,0.0,0.0,100.0,,,0,0,0,ncbi_only,Eukaryota,0.0
Genetta,0,0,0.0,0.0,1,1,1,0.0,0.0,100.0,,,0,0,0,ncbi_only,Eukaryota,0.0
Floridaphiala,0,0,0.0,0.0,1,1,1,0.0,0.0,100.0,,,0,0,0,ncbi_only,Eukaryota,0.0
Florisuga,0,0,0.0,0.0,1,1,1,0.0,0.0,100.0,,,0,0,0,ncbi_only,Eukaryota,0.0
Fonticula,0,0,0.0,0.0,1,1,1,0.0,0.0,100.0,,,0,0,0,ncbi_only,Eukaryota,0.0
Fopius,0,0,0.0,0.0,1,1,1,0.0,0.0,100.0,,,0,0,0,ncbi_only,Eukaryota,0.0
Formicarius,0,0,0.0,0.0,1,1,1,0.0,0.0,100.0,,,0,0,0,ncbi_only,Eukaryota,0.0
Fragariocoptes,0,0,0.0,0.0,1,1,1,0.0,0.0,100.0,,,0,0,0,ncbi_only,Eukaryota,0.0
Fragosphaeria,0,0,0.0,0.0,1,1,1,0.0,0.0,100.0,,,0,0,0,ncbi_only,Eukaryota,0.0
Francoa,0,0,0.0,0.0,1,1,1,0.0,0.0,100.0,,,0,0,0,ncbi_only,Eukaryota,0.0
Frantzia,0,0,0.0,0.0,1,1,1,0.0,0.0,100.0,,,0,0,0,ncbi_only,Eukaryota,0.0
Fregata,0,0,0.0,0.0,1,1,0,0.0,0.0,0.0,,,0,0,0,ncbi_only,Eukaryota,0.0
Fregetta,0,0,0.0,0.0,1,1,1,0.0,0.0,100.0,,,0,0,0,ncbi_only,Eukaryota,0.0
Fridericia,0,0,0.0,0.0,1,1,1,0.0,0.0,100.0,,,0,0,0,ncbi_only,Eukaryota,0.0
Friesea,0,0,0.0,0.0,1,1,1,0.0,0.0,100.0,,,0,0,0,ncbi_only,Eukaryota,0.0
Goodea,0,0,0.0,0.0,1,1,1,0.0,0.0,100.0,,,0,0,0,ncbi_only,Eukaryota,0.0
Gordionus,0,0,0.0,0.0,1,1,1,0.0,0.0,100.0,,,0,0,0,ncbi_only,Eukaryota,0.0
Gorgonomyces,0,0,0.0,0.0,1,1,1,0.0,0.0,100.0,,,0,0,0,ncbi_only,Eukaryota,0.0
Gorgopas,0,0,0.0,0.0,1,1,1,0.0,0.0,100.0,,,0,0,0,ncbi_only,Eukaryota,0.0
Gorgythion,0,0,0.0,0.0,1,1,1,0.0,0.0,100.0,,,0,0,0,ncbi_only,Eukaryota,0.0
Gremmenia,0,0,0.0,0.0,1,1,1,0.0,0.0,100.0,,,0,0,0,ncbi_only,Eukaryota,0.0
Gregarina,0,0,0.0,0.0,1,1,1,0.0,0.0,100.0,,,0,0,0,ncbi_only,Eukaryota,0.0
Grayia,0,0,0.0,0.0,1,1,1,0.0,0.0,100.0,,,0,0,0,ncbi_only,Eukaryota,0.0
Graphiurus,0,0,0.0,0.0,1,1,1,0.0,0.0,100.0,,,0,0,0,ncbi_only,Eukaryota,0.0
Graphiopsis,0,0,0.0,0.0,1,1,1,0.0,0.0,100.0,,,0,0,0,ncbi_only,Eukaryota,0.0
Genlisea,0,0,0.0,0.0,1,1,1,0.0,0.0,100.0,,,0,0,0,ncbi_only,Eukaryota,0.0
Grantiella,0,0,0.0,0.0,1,1,1,0.0,0.0,100.0,,,0,0,0,ncbi_only,Eukaryota,0.0
Grammothele,0,0,0.0,0.0,1,1,1,0.0,0.0,100.0,,,0,0,0,ncbi_only,Eukaryota,0.0
Grallaria,0,0,0.0,0.0,1,1,1,0.0,0.0,100.0,,,0,0,0,ncbi_only,Eukaryota,0.0
Grais,0,0,0.0,0.0,1,1,1,0.0,0.0,100.0,,,0,0,0,ncbi_only,Eukaryota,0.0
Gracilinanus,0,0,0.0,0.0,1,1,1,0.0,0.0,100.0,,,0,0,0,ncbi_only,Eukaryota,0.0
Katsuwonus,0,0,0.0,0.0,1,1,1,0.0,0.0,100.0,,,0,0,0,ncbi_only,Eukaryota,0.0
Kernera,0,0,0.0,0.0,1,1,1,0.0,0.0,100.0,,,0,0,0,ncbi_only,Eukaryota,0.0
Keiferia,0,0,0.0,0.0,1,1,1,0.0,0.0,100.0,,,0,0,0,ncbi_only,Eukaryota,0.0
Keithomyces,0,0,0.0,0.0,1,1,1,0.0,0.0,100.0,,,0,0,0,ncbi_only,Eukaryota,0.0
Kendrickiella,0,0,0.0,0.0,1,1,1,0.0,0.0,100.0,,,0,0,0,ncbi_only,Eukaryota,0.0
Kentomonas,0,0,0.0,0.0,1,1,1,0.0,0.0,100.0,,,0,0,0,ncbi_only,Eukaryota,0.0
Kentropyx,0,0,0.0,0.0,1,1,1,0.0,0.0,100.0,,,0,0,0,ncbi_only,Eukaryota,0.0
Ladigesia,0,0,0.0,0.0,1,1,1,0.0,0.0,100.0,,,0,0,0,ncbi_only,Eukaryota,0.0
Ladona,0,0,0.0,0.0,1,1,1,0.0,0.0,100.0,,,0,0,0,ncbi_only,Eukaryota,0.0
Laemanctus,0,0,0.0,0.0,1,1,1,0.0,0.0,100.0,,,0,0,0,ncbi_only,Eukaryota,0.0
Laemonema,0,0,0.0,0.0,1,1,1,0.0,0.0,100.0,,,0,0,0,ncbi_only,Eukaryota,0.0
Laetmonice,0,0,0.0,0.0,1,1,1,0.0,0.0,100.0,,,0,0,0,ncbi_only,Eukaryota,0.0
Laevicardium,0,0,0.0,0.0,1,1,1,0.0,0.0,100.0,,,0,0,0,ncbi_only,Eukaryota,0.0
Lafontella,0,0,0.0,0.0,1,1,1,0.0,0.0,100.0,,,0,0,0,ncbi_only,Eukaryota,0.0
Lagocephalus,0,0,0.0,0.0,1,1,1,0.0,0.0,100.0,,,0,0,0,ncbi_only,Eukaryota,0.0
Katharina,0,0,0.0,0.0,1,1,1,0.0,0.0,100.0,,,0,0,0,ncbi_only,Eukaryota,0.0
Sphaeropleales_XX,1,2,0.0,0.0,0,0,0,0.0,0.0,0.0,inf,0.0,0,0,0,census_only,Unknown,0.0
Metazoa.U.genus,4480,25091,6.32,6.25,0,0,0,0.0,0.0,0.0,inf,0.0,0,0,0,census_only,Unknown,0.0
Amoebozoa.U.genus,4214,15143,5.94,3.77,0,0,0,0.0,0.0,0.0,inf,0.0,0,0,0,census_only,Unknown,0.0
Insecta.U.genus,2513,16928,3.54,4.22,0,0,0,0.0,0.0,0.0,inf,0.0,0,0,0,census_only,Unknown,0.0
Surapoda,1,2,0.0,0.0,0,0,0,0.0,0.0,0.0,inf,0.0,0,0,0,census_only,Unknown,0.0
Phryganella,2,2,0.0,0.0,0,0,0,0.0,0.0,0.0,inf,0.0,0,0,0,census_only,Unknown,0.0
Pelobiontida.U.genus,2,3,0.0,0.0,0,0,0,0.0,0.0,0.0,inf,0.0,0,0,0,census_only,Unknown,0.0
Nibbleromonas,2,9,0.0,0.0,0,0,0,0.0,0.0,0.0,inf,0.0,0,0,0,census_only,Unknown,0.0
Mattesia,2,3,0.0,0.0,0,0,0,0.0,0.0,0.0,inf,0.0,0,0,0,census_only,Unknown,0.0
Glissomonadida_XX,2,2,0.0,0.0,0,0,0,0.0,0.0,0.0,inf,0.0,0,0,0,census_only,Unknown,0.0
Farlowiella,2,4,0.0,0.0,0,0,0,0.0,0.0,0.0,inf,0.0,0,0,0,census_only,Unknown,0.0
Endo5-lineage_XXX,2,2,0.0,0.0,0,0,0,0.0,0.0,0.0,inf,0.0,0,0,0,census_only,Unknown,0.0
Cryptosporidium4,2,2,0.0,0.0,0,0,0,0.0,0.0,0.0,inf,0.0,0,0,0,census_only,Unknown,0.0
Cryothecomonas,2,3,0.0,0.0,0,0,0,0.0,0.0,0.0,inf,0.0,0,0,0,census_only,Unknown,0.0
Corallicolla,2,2,0.0,0.0,0,0,0,0.0,0.0,0.0,inf,0.0,0,0,0,census_only,Unknown,0.0
Cercomonadidae.U.genus,2,3,0.0,0.0,0,0,0,0.0,0.0,0.0,inf,0.0,0,0,0,census_only,Unknown,0.0
Alphamonadea_ALPH1,2,10,0.0,0.0,0,0,0,0.0,0.0,0.0,inf,0.0,0,0,0,census_only,Unknown,0.0
Alaimus,2,2,0.0,0.0,0,0,0,0.0,0.0,0.0,inf,0.0,0,0,0,census_only,Unknown,0.0
Nebulomonas,1,3,0.0,0.0,0,0,0,0.0,0.0,0.0,inf,0.0,0,0,0,census_only,Unknown,0.0
Mastigamoebida.U.genus,1,2,0.0,0.0,0,0,0,0.0,0.0,0.0,inf,0.0,0,0,0,census_only,Unknown,0.0
Acantharea_3a_X,208,1225,0.29,0.31,0,0,0,0.0,0.0,0.0,inf,0.0,0,0,0,census_only,Unknown,0.0
Sordariomycetes.U.genus,469,2392,0.66,0.6,0,0,0,0.0,0.0,0.0,inf,0.0,0,0,0,census_only,Unknown,0.0
Trachelomonas,470,1572,0.66,0.39,0,0,0,0.0,0.0,0.0,inf,0.0,0,0,0,census_only,Unknown,0.0
Hexamitidae.U.genus,484,3018,0.68,0.75,0,0,0,0.0,0.0,0.0,inf,0.0,0,0,0,census_only,Unknown,0.0
Chlorophyta_X.U.genus,499,2267,0.7,0.56,0,0,0,0.0,0.0,0.0,inf,0.0,0,0,0,census_only,Unknown,0.0
Monothalamids_X.U.genus,507,2233,0.72,0.56,0,0,0,0.0,0.0,0.0,inf,0.0,0,0,0,census_only,Unknown,0.0
TSAR.U.genus,509,1675,0.72,0.42,0,0,0,0.0,0.0,0.0,inf,0.0,0,0,0,census_only,Unknown,0.0
Chytridiomycota.U.genus,530,1528,0.75,0.38,0,0,0,0.0,0.0,0.0,inf,0.0,0,0,0,census_only,Unknown,0.0
Dothideomycetes.U.genus,539,2447,0.76,0.61,0,0,0,0.0,0.0,0.0,inf,0.0,0,0,0,census_only,Unknown,0.0
Dino-Group-II-Clade-7_X,547,1828,0.77,0.46,0,0,0,0.0,0.0,0.0,inf,0.0,0,0,0,census_only,Unknown,0.0
Flectomonas,639,3724,0.9,0.93,0,0,0,0.0,0.0,0.0,inf,0.0,0,0,0,census_only,Unknown,0.0
Dino-Group-II.U.genus,657,2568,0.93,0.64,0,0,0,0.0,0.0,0.0,inf,0.0,0,0,0,census_only,Unknown,0.0
Agaricomycetes.U.genus,665,4615,0.94,1.15,0,0,0,0.0,0.0,0.0,inf,0.0,0,0,0,census_only,Unknown,0.0
Opisthokonta.U.genus,687,3638,0.97,0.91,0,0,0,0.0,0.0,0.0,inf,0.0,0,0,0,census_only,Unknown,0.0
Chromadorea_X.U.genus,282,791,0.4,0.2,0,0,0,0.0,0.0,0.0,inf,0.0,0,0,0,census_only,Unknown,0.0
Dino-Group-II-Clade-6_X,286,4127,0.4,1.03,0,0,0,0.0,0.0,0.0,inf,0.0,0,0,0,census_only,Unknown,0.0
Centroplasthelida_X.U.genus,151,475,0.21,0.12,0,0,0,0.0,0.0,0.0,inf,0.0,0,0,0,census_only,Unknown,0.0
Vampyrellida.U.genus,315,1110,0.44,0.28,0,0,0,0.0,0.0,0.0,inf,0.0,0,0,0,census_only,Unknown,0.0
Foraminifera.U.genus,322,2196,0.45,0.55,0,0,0,0.0,0.0,0.0,inf,0.0,0,0,0,census_only,Unknown,0.0
Craniata_X.U.genus,326,2470,0.46,0.62,0,0,0,0.0,0.0,0.0,inf,0.0,0,0,0,census_only,Unknown,0.0
Agaricomycotina.U.genus,328,2666,0.46,0.66,0,0,0,0.0,0.0,0.0,inf,0.0,0,0,0,census_only,Unknown,0.0
Oligohymenophorea.U.genus,339,1781,0.48,0.44,0,0,0,0.0,0.0,0.0,inf,0.0,0,0,0,census_only,Unknown,0.0
Archaeplastida.U.genus,342,1480,0.48,0.37,0,0,0,0.0,0.0,0.0,inf,0.0,0,0,0,census_only,Unknown,0.0
Mollusca.U.genus,353,2354,0.5,0.59,0,0,0,0.0,0.0,0.0,inf,0.0,0,0,0,census_only,Unknown,0.0
Eurotiomycetes.U.genus,381,3580,0.54,0.89,0,0,0,0.0,0.0,0.0,inf,0.0,0,0,0,census_only,Unknown,0.0
Polycystinea.U.genus,391,4253,0.55,1.06,0,0,0,0.0,0.0,0.0,inf,0.0,0,0,0,census_only,Unknown,0.0
Alveolata.U.genus,393,8253,0.55,2.06,0,0,0,0.0,0.0,0.0,inf,0.0,0,0,0,census_only,Unknown,0.0
Dino-Group-II-Clade-10-and-11_X,415,1595,0.59,0.4,0,0,0,0.0,0.0,0.0,inf,0.0,0,0,0,census_only,Unknown,0.0
Petalomonadida.U.genus,422,1103,0.6,0.27,0,0,0,0.0,0.0,0.0,inf,0.0,0,0,0,census_only,Unknown,0.0
Crustacea.U.genus,436,2433,0.61,0.61,0,0,0,0.0,0.0,0.0,inf,0.0,0,0,0,census_only,Unknown,0.0
Dino-Group-I.U.genus,197,907,0.28,0.23,0,0,0,0.0,0.0,0.0,inf,0.0,0,0,0,census_only,Unknown,0.0
Tetramitia_I.U.genus,200,796,0.28,0.2,0,0,0,0.0,0.0,0.0,inf,0.0,0,0,0,census_only,Unknown,0.0
Theileria1,101,1221,0.14,0.3,0,0,0,0.0,0.0,0.0,inf,0.0,0,0,0,census_only,Unknown,0.0
Nassellaria.U.genus,209,918,0.29,0.23,0,0,0,0.0,0.0,0.0,inf,0.0,0,0,0,census_only,Unknown,0.0
Opalozoa.U.genus,218,1086,0.31,0.27,0,0,0,0.0,0.0,0.0,inf,0.0,0,0,0,census_only,Unknown,0.0
Perkinsida_XXX,221,1396,0.31,0.35,0,0,0,0.0,0.0,0.0,inf,0.0,0,0,0,census_only,Unknown,0.0
Neobodonida.U.genus,221,929,0.31,0.23,0,0,0,0.0,0.0,0.0,inf,0.0,0,0,0,census_only,Unknown,0.0
Leotiomycetes.U.genus,230,1747,0.32,0.44,0,0,0,0.0,0.0,0.0,inf,0.0,0,0,0,census_only,Unknown,0.0
Anthozoa.U.genus,248,2766,0.35,0.69,0,0,0,0.0,0.0,0.0,inf,0.0,0,0,0,census_only,Unknown,0.0
Dileptidae_X,253,2935,0.36,0.73,0,0,0,0.0,0.0,0.0,inf,0.0,0,0,0,census_only,Unknown,0.0
Chlorellales_X.U.genus,255,2704,0.36,0.67,0,0,0,0.0,0.0,0.0,inf,0.0,0,0,0,census_only,Unknown,0.0
Saccharomycotina.U.genus,259,3098,0.37,0.77,0,0,0,0.0,0.0,0.0,inf,0.0,0,0,0,census_only,Unknown,0.0
Rozellomycota_XXX,268,757,0.38,0.19,0,0,0,0.0,0.0,0.0,inf,0.0,0,0,0,census_only,Unknown,0.0
Radiolaria.U.genus,272,1717,0.38,0.43,0,0,0,0.0,0.0,0.0,inf,0.0,0,0,0,census_only,Unknown,0.0
Saccamoeba,279,1566,0.39,0.39,0,0,0,0.0,0.0,0.0,inf,0.0,0,0,0,census_only,Unknown,0.0
Bicoecea.U.genus,280,1227,0.39,0.31,0,0,0,0.0,0.0,0.0,inf,0.0,0,0,0,census_only,Unknown,0.0
Scytomonadidae.U.genus,148,357,0.21,0.09,0,0,0,0.0,0.0,0.0,inf,0.0,0,0,0,census_only,Unknown,0.0
Salpingoecidae_Group_C1_X,148,357,0.21,0.09,0,0,0,0.0,0.0,0.0,inf,0.0,0,0,0,census_only,Unknown,0.0
Arcellinida.U.genus,75,271,0.11,0.07,0,0,0,0.0,0.0,0.0,inf,0.0,0,0,0,census_only,Unknown,0.0
Bullinularia,151,397,0.21,0.1,0,0,0,0.0,0.0,0.0,inf,0.0,0,0,0,census_only,Unknown,0.0
Turbellaria.U.genus,153,634,0.22,0.16,0,0,0,0.0,0.0,0.0,inf,0.0,0,0,0,census_only,Unknown,0.0
Maxillopoda.U.genus,155,2107,0.22,0.52,0,0,0,0.0,0.0,0.0,inf,0.0,0,0,0,census_only,Unknown,0.0
Rhizophydiales_XX,157,593,0.22,0.15,0,0,0,0.0,0.0,0.0,inf,0.0,0,0,0,census_only,Unknown,0.0
WIM80-lineage_X,173,656,0.24,0.16,0,0,0,0.0,0.0,0.0,inf,0.0,0,0,0,census_only,Unknown,0.0
Dino-Group-I-Clade-4_X,182,1189,0.26,0.3,0,0,0,0.0,0.0,0.0,inf,0.0,0,0,0,census_only,Unknown,0.0
Phyllopharyngea.U.genus,186,686,0.26,0.17,0,0,0,0.0,0.0,0.0,inf,0.0,0,0,0,census_only,Unknown,0.0
Saccharomycetales.U.genus,190,1145,0.27,0.29,0,0,0,0.0,0.0,0.0,inf,0.0,0,0,0,census_only,Unknown,0.0
Fungi_XXXX,190,809,0.27,0.2,0,0,0,0.0,0.0,0.0,inf,0.0,0,0,0,census_only,Unknown,0.0
Chlamydomonadales_X.U.genus,191,1360,0.27,0.34,0,0,0,0.0,0.0,0.0,inf,0.0,0,0,0,census_only,Unknown,0.0
Eupetalomonads_XX,192,534,0.27,0.13,0,0,0,0.0,0.0,0.0,inf,0.0,0,0,0,census_only,Unknown,0.0
Dino-Group-I-Clade-5_X,196,1050,0.28,0.26,0,0,0,0.0,0.0,0.0,inf,0.0,0,0,0,census_only,Unknown,0.0
Flamellidae.U.genus,197,567,0.28,0.14,0,0,0,0.0,0.0,0.0,inf,0.0,0,0,0,census_only,Unknown,0.0
Chaetonotus,98,611,0.14,0.15,0,0,0,0.0,0.0,0.0,inf,0.0,0,0,0,census_only,Unknown,0.0
Branchiopoda.U.genus,100,673,0.14,0.17,0,0,0,0.0,0.0,0.0,inf,0.0,0,0,0,census_only,Unknown,0.0
Sphaeropleales.U.genus,56,214,0.08,0.05,0,0,0,0.0,0.0,0.0,inf,0.0,0,0,0,census_only,Unknown,0.0
Chromadorea_XX,104,526,0.15,0.13,0,0,0,0.0,0.0,0.0,inf,0.0,0,0,0,census_only,Unknown,0.0
Sawyeria,108,544,0.15,0.14,0,0,0,0.0,0.0,0.0,inf,0.0,0,0,0,census_only,Unknown,0.0
Rotifera_XX.U.genus,113,1652,0.16,0.41,0,0,0,0.0,0.0,0.0,inf,0.0,0,0,0,census_only,Unknown,0.0
Lecanoromycetes.U.genus,116,343,0.16,0.09,0,0,0,0.0,0.0,0.0,inf,0.0,0,0,0,census_only,Unknown,0.0
Dino-Group-I-Clade-1_X,116,2072,0.16,0.52,0,0,0,0.0,0.0,0.0,inf,0.0,0,0,0,census_only,Unknown,0.0
Tubulinea_X.U.genus,121,492,0.17,0.12,0,0,0,0.0,0.0,0.0,inf,0.0,0,0,0,census_only,Unknown,0.0
Mammalia.U.genus,122,564,0.17,0.14,0,0,0,0.0,0.0,0.0,inf,0.0,0,0,0,census_only,Unknown,0.0
Monocystis,131,467,0.18,0.12,0,0,0,0.0,0.0,0.0,inf,0.0,0,0,0,census_only,Unknown,0.0
Vorticella,132,1571,0.19,0.39,0,0,0,0.0,0.0,0.0,inf,0.0,0,0,0,census_only,Unknown,0.0
Copromyxa,133,379,0.19,0.09,0,0,0,0.0,0.0,0.0,inf,0.0,0,0,0,census_only,Unknown,0.0
Rhogostoma-lineage_X,134,853,0.19,0.21,0,0,0,0.0,0.0,0.0,inf,0.0,0,0,0,census_only,Unknown,0.0
Arthropoda.U.genus,138,741,0.19,0.18,0,0,0,0.0,0.0,0.0,inf,0.0,0,0,0,census_only,Unknown,0.0
Nolandellidae_X,142,405,0.2,0.1,0,0,0,0.0,0.0,0.0,inf,0.0,0,0,0,census_only,Unknown,0.0
Mammalia_X,72,159,0.1,0.04,0,0,0,0.0,0.0,0.0,inf,0.0,0,0,0,census_only,Unknown,0.0
Leidyana2,73,258,0.1,0.06,0,0,0,0.0,0.0,0.0,inf,0.0,0,0,0,census_only,Unknown,0.0
Hartmannella,46,155,0.06,0.04,0,0,0,0.0,0.0,0.0,inf,0.0,0,0,0,census_only,Unknown,0.0
AND16-lineage_X,75,194,0.11,0.05,0,0,0,0.0,0.0,0.0,inf,0.0,0,0,0,census_only,Unknown,0.0
Sarcocystis10,76,608,0.11,0.15,0,0,0,0.0,0.0,0.0,inf,0.0,0,0,0,census_only,Unknown,0.0
Schizoplasmodiidae.U.genus,78,222,0.11,0.06,0,0,0,0.0,0.0,0.0,inf,0.0,0,0,0,census_only,Unknown,0.0
Cyclotrichium,79,227,0.11,0.06,0,0,0,0.0,0.0,0.0,inf,0.0,0,0,0,census_only,Unknown,0.0
Dino-Group-II-Clade-1_X,80,328,0.11,0.08,0,0,0,0.0,0.0,0.0,inf,0.0,0,0,0,census_only,Unknown,0.0
Endostelium,82,179,0.12,0.04,0,0,0,0.0,0.0,0.0,inf,0.0,0,0,0,census_only,Unknown,0.0
Suctoria_XX,83,403,0.12,0.1,0,0,0,0.0,0.0,0.0,inf,0.0,0,0,0,census_only,Unknown,0.0
Allogromiina,83,222,0.12,0.06,0,0,0,0.0,0.0,0.0,inf,0.0,0,0,0,census_only,Unknown,0.0
Euamoebida.U.genus,86,246,0.12,0.06,0,0,0,0.0,0.0,0.0,inf,0.0,0,0,0,census_only,Unknown,0.0
Thaumatomonadida.U.genus,88,597,0.12,0.15,0,0,0,0.0,0.0,0.0,inf,0.0,0,0,0,census_only,Unknown,0.0
Kinetoplastea_XXX,90,230,0.13,0.06,0,0,0,0.0,0.0,0.0,inf,0.0,0,0,0,census_only,Unknown,0.0
Bellemerea,90,667,0.13,0.17,0,0,0,0.0,0.0,0.0,inf,0.0,0,0,0,census_only,Unknown,0.0
Dino-Group-II-Clade-3_X,92,284,0.13,0.07,0,0,0,0.0,0.0,0.0,inf,0.0,0,0,0,census_only,Unknown,0.0
Phryganellina.U.genus,54,135,0.08,0.03,0,0,0,0.0,0.0,0.0,inf,0.0,0,0,0,census_only,Unknown,0.0
Neocallimastigomycota_XXX,54,78,0.08,0.02,0,0,0,0.0,0.0,0.0,inf,0.0,0,0,0,census_only,Unknown,0.0
Kinetoplastea_XX_MET10,37,72,0.05,0.02,0,0,0,0.0,0.0,0.0,inf,0.0,0,0,0,census_only,Unknown,0.0
Dothideomycetes_X,56,240,0.08,0.06,0,0,0,0.0,0.0,0.0,inf,0.0,0,0,0,census_only,Unknown,0.0
Mucoromycotina.U.genus,57,363,0.08,0.09,0,0,0,0.0,0.0,0.0,inf,0.0,0,0,0,census_only,Unknown,0.0
Bicoecaceae_X,57,469,0.08,0.12,0,0,0,0.0,0.0,0.0,inf,0.0,0,0,0,census_only,Unknown,0.0
Tetramitia_I_XX,58,319,0.08,0.08,0,0,0,0.0,0.0,0.0,inf,0.0,0,0,0,census_only,Unknown,0.0
Archamoebea.U.genus,58,216,0.08,0.05,0,0,0,0.0,0.0,0.0,inf,0.0,0,0,0,census_only,Unknown,0.0
Coccidiomorphea.U.genus,61,404,0.09,0.1,0,0,0,0.0,0.0,0.0,inf,0.0,0,0,0,census_only,Unknown,0.0
Flamella,62,262,0.09,0.07,0,0,0,0.0,0.0,0.0,inf,0.0,0,0,0,census_only,Unknown,0.0
Maxillopoda_X,63,352,0.09,0.09,0,0,0,0.0,0.0,0.0,inf,0.0,0,0,0,census_only,Unknown,0.0
Isaria,64,489,0.09,0.12,0,0,0,0.0,0.0,0.0,inf,0.0,0,0,0,census_only,Unknown,0.0
Arachnida.U.genus,65,128,0.09,0.03,0,0,0,0.0,0.0,0.0,inf,0.0,0,0,0,census_only,Unknown,0.0
Scytomonas,66,151,0.09,0.04,0,0,0,0.0,0.0,0.0,inf,0.0,0,0,0,census_only,Unknown,0.0
Eimeria1,68,535,0.1,0.13,0,0,0,0.0,0.0,0.0,inf,0.0,0,0,0,census_only,Unknown,0.0
Neocercomonas,69,116,0.1,0.03,0,0,0,0.0,0.0,0.0,inf,0.0,0,0,0,census_only,Unknown,0.0
Mb5C-lineage_X,46,111,0.06,0.03,0,0,0,0.0,0.0,0.0,inf,0.0,0,0,0,census_only,Unknown,0.0
Hartmannellidae.U.genus,46,118,0.06,0.03,0,0,0,0.0,0.0,0.0,inf,0.0,0,0,0,census_only,Unknown,0.0
Spinibdella,31,179,0.04,0.04,0,0,0,0.0,0.0,0.0,inf,0.0,0,0,0,census_only,Unknown,0.0
Trimitus,47,88,0.07,0.02,0,0,0,0.0,0.0,0.0,inf,0.0,0,0,0,census_only,Unknown,0.0
NPK2-lineage_X,48,137,0.07,0.03,0,0,0,0.0,0.0,0.0,inf,0.0,0,0,0,census_only,Unknown,0.0
Echinodermata_XXX,48,349,0.07,0.09,0,0,0,0.0,0.0,0.0,inf,0.0,0,0,0,census_only,Unknown,0.0
Sey055-lineage_X,50,123,0.07,0.03,0,0,0,0.0,0.0,0.0,inf,0.0,0,0,0,census_only,Unknown,0.0
Mariager-Fjord-lineage_X,50,198,0.07,0.05,0,0,0,0.0,0.0,0.0,inf,0.0,0,0,0,census_only,Unknown,0.0
Euglenozoa.U.genus,50,204,0.07,0.05,0,0,0,0.0,0.0,0.0,inf,0.0,0,0,0,census_only,Unknown,0.0
Cryptosporidium1,50,922,0.07,0.23,0,0,0,0.0,0.0,0.0,inf,0.0,0,0,0,census_only,Unknown,0.0
Cavernomonas,50,92,0.07,0.02,0,0,0,0.0,0.0,0.0,inf,0.0,0,0,0,census_only,Unknown,0.0
Picomonas,51,366,0.07,0.09,0,0,0,0.0,0.0,0.0,inf,0.0,0,0,0,census_only,Unknown,0.0
Tremellomycetes.U.genus,52,151,0.07,0.04,0,0,0,0.0,0.0,0.0,inf,0.0,0,0,0,census_only,Unknown,0.0
Thalassiosirales.U.genus,53,222,0.07,0.06,0,0,0,0.0,0.0,0.0,inf,0.0,0,0,0,census_only,Unknown,0.0
Peritrichia_2.U.genus,53,322,0.07,0.08,0,0,0,0.0,0.0,0.0,inf,0.0,0,0,0,census_only,Unknown,0.0
Rigifilida_XXXX.U.genus,54,201,0.08,0.05,0,0,0,0.0,0.0,0.0,inf,0.0,0,0,0,census_only,Unknown,0.0
Suctoria.U.genus,36,87,0.05,0.02,0,0,0,0.0,0.0,0.0,inf,0.0,0,0,0,census_only,Unknown,0.0
Stygamoebida_XXX,37,120,0.05,0.03,0,0,0,0.0,0.0,0.0,inf,0.0,0,0,0,census_only,Unknown,0.0
Kinetoplastea_XX.U.genus,25,45,0.04,0.01,0,0,0,0.0,0.0,0.0,inf,0.0,0,0,0,census_only,Unknown,0.0
Acineta_1,37,104,0.05,0.03,0,0,0,0.0,0.0,0.0,inf,0.0,0,0,0,census_only,Unknown,0.0
Urotricha,38,128,0.05,0.03,0,0,0,0.0,0.0,0.0,inf,0.0,0,0,0,census_only,Unknown,0.0
Novel-clade-10_XX,38,48,0.05,0.01,0,0,0,0.0,0.0,0.0,inf,0.0,0,0,0,census_only,Unknown,0.0
Fusiforma,40,96,0.06,0.02,0,0,0,0.0,0.0,0.0,inf,0.0,0,0,0,census_only,Unknown,0.0
Annelida_XX.U.genus,40,202,0.06,0.05,0,0,0,0.0,0.0,0.0,inf,0.0,0,0,0,census_only,Unknown,0.0
Novel-Gran-6_X,42,142,0.06,0.04,0,0,0,0.0,0.0,0.0,inf,0.0,0,0,0,census_only,Unknown,0.0
Collophidium,42,87,0.06,0.02,0,0,0,0.0,0.0,0.0,inf,0.0,0,0,0,census_only,Unknown,0.0
Ustilaginomycotina.U.genus,43,1134,0.06,0.28,0,0,0,0.0,0.0,0.0,inf,0.0,0,0,0,census_only,Unknown,0.0
Neobodo,43,74,0.06,0.02,0,0,0,0.0,0.0,0.0,inf,0.0,0,0,0,census_only,Unknown,0.0
Protaspa-lineage_X,44,88,0.06,0.02,0,0,0,0.0,0.0,0.0,inf,0.0,0,0,0,census_only,Unknown,0.0
Plasmodium1,44,404,0.06,0.1,0,0,0,0.0,0.0,0.0,inf,0.0,0,0,0,census_only,Unknown,0.0
Peronosporomycetes_X.U.genus,44,130,0.06,0.03,0,0,0,0.0,0.0,0.0,inf,0.0,0,0,0,census_only,Unknown,0.0
Plasmodiidae.U.genus,45,167,0.06,0.04,0,0,0,0.0,0.0,0.0,inf,0.0,0,0,0,census_only,Unknown,0.0
Physochila,30,151,0.04,0.04,0,0,0,0.0,0.0,0.0,inf,0.0,0,0,0,census_only,Unknown,0.0
Bigyra.U.genus,30,244,0.04,0.06,0,0,0,0.0,0.0,0.0,inf,0.0,0,0,0,census_only,Unknown,0.0
Dino-Group-II-Clade-14_X,19,51,0.03,0.01,0,0,0,0.0,0.0,0.0,inf,0.0,0,0,0,census_only,Unknown,0.0
LOS7N/I-lineage_X,31,221,0.04,0.06,0,0,0,0.0,0.0,0.0,inf,0.0,0,0,0,census_only,Unknown,0.0
Filosa-Sarcomonadea.U.genus,31,82,0.04,0.02,0,0,0,0.0,0.0,0.0,inf,0.0,0,0,0,census_only,Unknown,0.0
Basidiomycota.U.genus,32,88,0.05,0.02,0,0,0,0.0,0.0,0.0,inf,0.0,0,0,0,census_only,Unknown,0.0
Tokophrya,33,176,0.05,0.04,0,0,0,0.0,0.0,0.0,inf,0.0,0,0,0,census_only,Unknown,0.0
Gromia,33,56,0.05,0.01,0,0,0,0.0,0.0,0.0,inf,0.0,0,0,0,census_only,Unknown,0.0
Filosa-Thecofilosea.U.genus,33,84,0.05,0.02,0,0,0,0.0,0.0,0.0,inf,0.0,0,0,0,census_only,Unknown,0.0
Mastigella,34,67,0.05,0.02,0,0,0,0.0,0.0,0.0,inf,0.0,0,0,0,census_only,Unknown,0.0
Korotnevella,34,50,0.05,0.01,0,0,0,0.0,0.0,0.0,inf,0.0,0,0,0,census_only,Unknown,0.0
Filoreta,34,52,0.05,0.01,0,0,0,0.0,0.0,0.0,inf,0.0,0,0,0,census_only,Unknown,0.0
Actinocephalidae.U.genus,34,87,0.05,0.02,0,0,0,0.0,0.0,0.0,inf,0.0,0,0,0,census_only,Unknown,0.0
Sessilida.U.genus,35,109,0.05,0.03,0,0,0,0.0,0.0,0.0,inf,0.0,0,0,0,census_only,Unknown,0.0
Chaos,35,66,0.05,0.02,0,0,0,0.0,0.0,0.0,inf,0.0,0,0,0,census_only,Unknown,0.0
Anthoptilum,35,169,0.05,0.04,0,0,0,0.0,0.0,0.0,inf,0.0,0,0,0,census_only,Unknown,0.0
Distigma,24,188,0.03,0.05,0,0,0,0.0,0.0,0.0,inf,0.0,0,0,0,census_only,Unknown,0.0
Trochilia,25,115,0.04,0.03,0,0,0,0.0,0.0,0.0,inf,0.0,0,0,0,census_only,Unknown,0.0
Paracalanus,15,324,0.02,0.08,0,0,0,0.0,0.0,0.0,inf,0.0,0,0,0,census_only,Unknown,0.0
Chlorellales_XX,25,93,0.04,0.02,0,0,0,0.0,0.0,0.0,inf,0.0,0,0,0,census_only,Unknown,0.0
Tholomura,26,77,0.04,0.02,0,0,0,0.0,0.0,0.0,inf,0.0,0,0,0,census_only,Unknown,0.0
Gyropaigne,26,100,0.04,0.02,0,0,0,0.0,0.0,0.0,inf,0.0,0,0,0,census_only,Unknown,0.0
Tremellomycetes_X,27,282,0.04,0.07,0,0,0,0.0,0.0,0.0,inf,0.0,0,0,0,census_only,Unknown,0.0
Paradinium,27,43,0.04,0.01,0,0,0,0.0,0.0,0.0,inf,0.0,0,0,0,census_only,Unknown,0.0
Gregarinidae.U.genus,27,187,0.04,0.05,0,0,0,0.0,0.0,0.0,inf,0.0,0,0,0,census_only,Unknown,0.0
Gregarina3,27,218,0.04,0.05,0,0,0,0.0,0.0,0.0,inf,0.0,0,0,0,census_only,Unknown,0.0
Physcomitrella,28,50,0.04,0.01,0,0,0,0.0,0.0,0.0,inf,0.0,0,0,0,census_only,Unknown,0.0
Elardia.U.genus,28,49,0.04,0.01,0,0,0,0.0,0.0,0.0,inf,0.0,0,0,0,census_only,Unknown,0.0
Discosea_X.U.genus,28,93,0.04,0.02,0,0,0,0.0,0.0,0.0,inf,0.0,0,0,0,census_only,Unknown,0.0
Rhizophydiales.U.genus,29,107,0.04,0.03,0,0,0,0.0,0.0,0.0,inf,0.0,0,0,0,census_only,Unknown,0.0
Ptolemeba,29,78,0.04,0.02,0,0,0,0.0,0.0,0.0,inf,0.0,0,0,0,census_only,Unknown,0.0
Perkinsida_X.U.genus,29,74,0.04,0.02,0,0,0,0.0,0.0,0.0,inf,0.0,0,0,0,census_only,Unknown,0.0
Gadixcellia,19,22,0.03,0.01,0,0,0,0.0,0.0,0.0,inf,0.0,0,0,0,census_only,Unknown,0.0
Diptilomiopus,19,31,0.03,0.01,0,0,0,0.0,0.0,0.0,inf,0.0,0,0,0,census_only,Unknown,0.0
Chloroparva,10,17,0.01,0.0,0,0,0,0.0,0.0,0.0,inf,0.0,0,0,0,census_only,Unknown,0.0
Centroplasthelida_XXXXX,19,25,0.03,0.01,0,0,0,0.0,0.0,0.0,inf,0.0,0,0,0,census_only,Unknown,0.0
Xiphocephalus,20,39,0.03,0.01,0,0,0,0.0,0.0,0.0,inf,0.0,0,0,0,census_only,Unknown,0.0
Schizoplasmodium,20,36,0.03,0.01,0,0,0,0.0,0.0,0.0,inf,0.0,0,0,0,census_only,Unknown,0.0
Hemimastix,20,81,0.03,0.02,0,0,0,0.0,0.0,0.0,inf,0.0,0,0,0,census_only,Unknown,0.0
Cercomonas,20,57,0.03,0.01,0,0,0,0.0,0.0,0.0,inf,0.0,0,0,0,census_only,Unknown,0.0
Ceratiomyxella,20,54,0.03,0.01,0,0,0,0.0,0.0,0.0,inf,0.0,0,0,0,census_only,Unknown,0.0
Babesiidae.U.genus,20,90,0.03,0.02,0,0,0,0.0,0.0,0.0,inf,0.0,0,0,0,census_only,Unknown,0.0
Unclassified_Provorticidae,21,58,0.03,0.01,0,0,0,0.0,0.0,0.0,inf,0.0,0,0,0,census_only,Unknown,0.0
Glissomonadida.U.genus,21,102,0.03,0.03,0,0,0,0.0,0.0,0.0,inf,0.0,0,0,0,census_only,Unknown,0.0
NC12A-lineage_X,22,45,0.03,0.01,0,0,0,0.0,0.0,0.0,inf,0.0,0,0,0,census_only,Unknown,0.0
Dinoflagellata.U.genus,22,28,0.03,0.01,0,0,0,0.0,0.0,0.0,inf,0.0,0,0,0,census_only,Unknown,0.0
Kinetoplastea_XX_MET8,23,67,0.03,0.02,0,0,0,0.0,0.0,0.0,inf,0.0,0,0,0,census_only,Unknown,0.0
Spadicoides,24,103,0.03,0.03,0,0,0,0.0,0.0,0.0,inf,0.0,0,0,0,census_only,Unknown,0.0
Dinophyceae_XXX,14,19,0.02,0.0,0,0,0,0.0,0.0,0.0,inf,0.0,0,0,0,census_only,Unknown,0.0
Allobodo,14,30,0.02,0.01,0,0,0,0.0,0.0,0.0,inf,0.0,0,0,0,census_only,Unknown,0.0
Kinetoplastea_XX_MET3,8,14,0.01,0.0,0,0,0,0.0,0.0,0.0,inf,0.0,0,0,0,census_only,Unknown,0.0
MAST-12C,15,27,0.02,0.01,0,0,0,0.0,0.0,0.0,inf,0.0,0,0,0,census_only,Unknown,0.0
Gregarinomorphea.U.genus,15,80,0.02,0.02,0,0,0,0.0,0.0,0.0,inf,0.0,0,0,0,census_only,Unknown,0.0
Petalomonas,16,26,0.02,0.01,0,0,0,0.0,0.0,0.0,inf,0.0,0,0,0,census_only,Unknown,0.0
Encentrum,16,25,0.02,0.01,0,0,0,0.0,0.0,0.0,inf,0.0,0,0,0,census_only,Unknown,0.0
Amphitrema,16,60,0.02,0.01,0,0,0,0.0,0.0,0.0,inf,0.0,0,0,0,census_only,Unknown,0.0
Acanthamoebidae_X,16,22,0.02,0.01,0,0,0,0.0,0.0,0.0,inf,0.0,0,0,0,census_only,Unknown,0.0
Taphrinomycotina.U.genus,17,110,0.02,0.03,0,0,0,0.0,0.0,0.0,inf,0.0,0,0,0,census_only,Unknown,0.0
Diplophrys,17,26,0.02,0.01,0,0,0,0.0,0.0,0.0,inf,0.0,0,0,0,census_only,Unknown,0.0
Dino-Group-II-Clade-21_X,17,78,0.02,0.02,0,0,0,0.0,0.0,0.0,inf,0.0,0,0,0,census_only,Unknown,0.0
Zoopagomycota_XXX,18,43,0.03,0.01,0,0,0,0.0,0.0,0.0,inf,0.0,0,0,0,census_only,Unknown,0.0
Nemogullmia,18,66,0.03,0.02,0,0,0,0.0,0.0,0.0,inf,0.0,0,0,0,census_only,Unknown,0.0
Colpodellida_CHR1_X,18,70,0.03,0.02,0,0,0,0.0,0.0,0.0,inf,0.0,0,0,0,census_only,Unknown,0.0
Labyrinthulomycetes.U.genus,19,33,0.03,0.01,0,0,0,0.0,0.0,0.0,inf,0.0,0,0,0,census_only,Unknown,0.0
Notosolenus,10,15,0.01,0.0,0,0,0,0.0,0.0,0.0,inf,0.0,0,0,0,census_only,Unknown,0.0
Chlorophyceae.U.genus,10,62,0.01,0.02,0,0,0,0.0,0.0,0.0,inf,0.0,0,0,0,census_only,Unknown,0.0
Sandona,6,9,0.01,0.0,0,0,0,0.0,0.0,0.0,inf,0.0,0,0,0,census_only,Unknown,0.0
Tobrilus,11,65,0.02,0.02,0,0,0,0.0,0.0,0.0,inf,0.0,0,0,0,census_only,Unknown,0.0
Nucleariidae_Nuclearia_2_X,11,30,0.02,0.01,0,0,0,0.0,0.0,0.0,inf,0.0,0,0,0,census_only,Unknown,0.0
Tetrachaetum,12,36,0.02,0.01,0,0,0,0.0,0.0,0.0,inf,0.0,0,0,0,census_only,Unknown,0.0
Plagiostomum,12,25,0.02,0.01,0,0,0,0.0,0.0,0.0,inf,0.0,0,0,0,census_only,Unknown,0.0
Micronuclearia,12,28,0.02,0.01,0,0,0,0.0,0.0,0.0,inf,0.0,0,0,0,census_only,Unknown,0.0
Dino-Group-II_XX,12,29,0.02,0.01,0,0,0,0.0,0.0,0.0,inf,0.0,0,0,0,census_only,Unknown,0.0
Cercozoa_XXXX,12,21,0.02,0.01,0,0,0,0.0,0.0,0.0,inf,0.0,0,0,0,census_only,Unknown,0.0
Rigifila,13,17,0.02,0.0,0,0,0,0.0,0.0,0.0,inf,0.0,0,0,0,census_only,Unknown,0.0
OLIGO2_X,13,158,0.02,0.04,0,0,0,0.0,0.0,0.0,inf,0.0,0,0,0,census_only,Unknown,0.0
Leohumicola,13,81,0.02,0.02,0,0,0,0.0,0.0,0.0,inf,0.0,0,0,0,census_only,Unknown,0.0
Cercomonadidae_X,13,26,0.02,0.01,0,0,0,0.0,0.0,0.0,inf,0.0,0,0,0,census_only,Unknown,0.0
Polychaos,14,43,0.02,0.01,0,0,0,0.0,0.0,0.0,inf,0.0,0,0,0,census_only,Unknown,0.0
Eudiaptomus,14,901,0.02,0.22,0,0,0,0.0,0.0,0.0,inf,0.0,0,0,0,census_only,Unknown,0.0
Mucoromycotina_XX,8,8,0.01,0.0,0,0,0,0.0,0.0,0.0,inf,0.0,0,0,0,census_only,Unknown,0.0
LKM74-lineage_X,8,10,0.01,0.0,0,0,0,0.0,0.0,0.0,inf,0.0,0,0,0,census_only,Unknown,0.0
Bosmina,4,43,0.01,0.01,0,0,0,0.0,0.0,0.0,inf,0.0,0,0,0,census_only,Unknown,0.0
Clavicaudoides,8,142,0.01,0.04,0,0,0,0.0,0.0,0.0,inf,0.0,0,0,0,census_only,Unknown,0.0
Bacillariophyceae_XXX,8,29,0.01,0.01,0,0,0,0.0,0.0,0.0,inf,0.0,0,0,0,census_only,Unknown,0.0
Agaricomycetes_X,8,27,0.01,0.01,0,0,0,0.0,0.0,0.0,inf,0.0,0,0,0,census_only,Unknown,0.0
Ventrifissura,9,9,0.01,0.0,0,0,0,0.0,0.0,0.0,inf,0.0,0,0,0,census_only,Unknown,0.0
Plectonchus,9,71,0.01,0.02,0,0,0,0.0,0.0,0.0,inf,0.0,0,0,0,census_only,Unknown,0.0
Evaginogenida_X,9,17,0.01,0.0,0,0,0,0.0,0.0,0.0,inf,0.0,0,0,0,census_only,Unknown,0.0
Astrorhiza,9,9,0.01,0.0,0,0,0,0.0,0.0,0.0,inf,0.0,0,0,0,census_only,Unknown,0.0
Vampyrella,10,18,0.01,0.0,0,0,0,0.0,0.0,0.0,inf,0.0,0,0,0,census_only,Unknown,0.0
Trepomonas,10,23,0.01,0.01,0,0,0,0.0,0.0,0.0,inf,0.0,0,0,0,census_only,Unknown,0.0
Reophax,10,34,0.01,0.01,0,0,0,0.0,0.0,0.0,inf,0.0,0,0,0,census_only,Unknown,0.0
Pterocystida_XXX,10,24,0.01,0.01,0,0,0,0.0,0.0,0.0,inf,0.0,0,0,0,census_only,Unknown,0.0
Psora,10,24,0.01,0.01,0,0,0,0.0,0.0,0.0,inf,0.0,0,0,0,census_only,Unknown,0.0
Plasmodium2,10,35,0.01,0.01,0,0,0,0.0,0.0,0.0,inf,0.0,0,0,0,census_only,Unknown,0.0
epibiont,6,29,0.01,0.01,0,0,0,0.0,0.0,0.0,inf,0.0,0,0,0,census_only,Unknown,0.0
Zoopagomycota_XX.U.genus,6,25,0.01,0.01,0,0,0,0.0,0.0,0.0,inf,0.0,0,0,0,census_only,Unknown,0.0
Acanthopodida.U.genus,3,3,0.0,0.0,0,0,0,0.0,0.0,0.0,inf,0.0,0,0,0,census_only,Unknown,0.0
Pseudovorticella,6,76,0.01,0.02,0,0,0,0.0,0.0,0.0,inf,0.0,0,0,0,census_only,Unknown,0.0
Neocallimastigaceae.U.genus,6,69,0.01,0.02,0,0,0,0.0,0.0,0.0,inf,0.0,0,0,0,census_only,Unknown,0.0
Nematostelium,6,8,0.01,0.0,0,0,0,0.0,0.0,0.0,inf,0.0,0,0,0,census_only,Unknown,0.0
Ichthyophonida_XXX,6,11,0.01,0.0,0,0,0,0.0,0.0,0.0,inf,0.0,0,0,0,census_only,Unknown,0.0
Eimeriida.U.genus,6,20,0.01,0.0,0,0,0,0.0,0.0,0.0,inf,0.0,0,0,0,census_only,Unknown,0.0
Cryptosporidiidae.U.genus,6,8,0.01,0.0,0,0,0,0.0,0.0,0.0,inf,0.0,0,0,0,census_only,Unknown,0.0
Cryptodifflugia,6,11,0.01,0.0,0,0,0,0.0,0.0,0.0,inf,0.0,0,0,0,census_only,Unknown,0.0
Ascomorpha,6,7,0.01,0.0,0,0,0,0.0,0.0,0.0,inf,0.0,0,0,0,census_only,Unknown,0.0
ARMOP1_X,6,9,0.01,0.0,0,0,0,0.0,0.0,0.0,inf,0.0,0,0,0,census_only,Unknown,0.0
Tubulinea_XXXXX,7,15,0.01,0.0,0,0,0,0.0,0.0,0.0,inf,0.0,0,0,0,census_only,Unknown,0.0
Bicoecea_XXX,7,9,0.01,0.0,0,0,0,0.0,0.0,0.0,inf,0.0,0,0,0,census_only,Unknown,0.0
Thaumatomonas,8,9,0.01,0.0,0,0,0,0.0,0.0,0.0,inf,0.0,0,0,0,census_only,Unknown,0.0
Prodesmodora,8,10,0.01,0.0,0,0,0,0.0,0.0,0.0,inf,0.0,0,0,0,census_only,Unknown,0.0
Cyclops,4,5,0.01,0.0,0,0,0,0.0,0.0,0.0,inf,0.0,0,0,0,census_only,Unknown,0.0
CCW10-lineage_X,4,6,0.01,0.0,0,0,0,0.0,0.0,0.0,inf,0.0,0,0,0,census_only,Unknown,0.0
Protacanthamoeba,3,3,0.0,0.0,0,0,0,0.0,0.0,0.0,inf,0.0,0,0,0,census_only,Unknown,0.0
Anomalocera,4,55,0.01,0.01,0,0,0,0.0,0.0,0.0,inf,0.0,0,0,0,census_only,Unknown,0.0
Stramenopiles_XXXXX,5,8,0.01,0.0,0,0,0,0.0,0.0,0.0,inf,0.0,0,0,0,census_only,Unknown,0.0
Ripidomyxa,5,6,0.01,0.0,0,0,0,0.0,0.0,0.0,inf,0.0,0,0,0,census_only,Unknown,0.0
Penthaleus,5,143,0.01,0.04,0,0,0,0.0,0.0,0.0,inf,0.0,0,0,0,census_only,Unknown,0.0
Novel-Clade-4_X,5,6,0.01,0.0,0,0,0,0.0,0.0,0.0,inf,0.0,0,0,0,census_only,Unknown,0.0
Neogregarinorida.U.genus,5,9,0.01,0.0,0,0,0,0.0,0.0,0.0,inf,0.0,0,0,0,census_only,Unknown,0.0
Metridia,5,70,0.01,0.02,0,0,0,0.0,0.0,0.0,inf,0.0,0,0,0,census_only,Unknown,0.0
Hyplorynchus,5,10,0.01,0.0,0,0,0,0.0,0.0,0.0,inf,0.0,0,0,0,census_only,Unknown,0.0
Guepiniopsis,5,5,0.01,0.0,0,0,0,0.0,0.0,0.0,inf,0.0,0,0,0,census_only,Unknown,0.0
Cryomonadida.U.genus,5,7,0.01,0.0,0,0,0,0.0,0.0,0.0,inf,0.0,0,0,0,census_only,Unknown,0.0
Choanocystis,5,6,0.01,0.0,0,0,0,0.0,0.0,0.0,inf,0.0,0,0,0,census_only,Unknown,0.0
Centropages,5,13,0.01,0.0,0,0,0,0.0,0.0,0.0,inf,0.0,0,0,0,census_only,Unknown,0.0
Actinosphaerium,5,14,0.01,0.0,0,0,0,0.0,0.0,0.0,inf,0.0,0,0,0,census_only,Unknown,0.0
Allantion,3,4,0.0,0.0,0,0,0,0.0,0.0,0.0,inf,0.0,0,0,0,census_only,Unknown,0.0
Adelina,3,3,0.0,0.0,0,0,0,0.0,0.0,0.0,inf,0.0,0,0,0,census_only,Unknown,0.0
Rhizaria.U.genus,2,3,0.0,0.0,0,0,0,0.0,0.0,0.0,inf,0.0,0,0,0,census_only,Unknown,0.0
Streptophyta_XXXXX,4,23,0.01,0.01,0,0,0,0.0,0.0,0.0,inf,0.0,0,0,0,census_only,Unknown,0.0
Rhynchomonas,4,14,0.01,0.0,0,0,0,0.0,0.0,0.0,inf,0.0,0,0,0,census_only,Unknown,0.0
Protaspa,4,4,0.01,0.0,0,0,0,0.0,0.0,0.0,inf,0.0,0,0,0,census_only,Unknown,0.0
Plasmodium4,4,6,0.01,0.0,0,0,0,0.0,0.0,0.0,inf,0.0,0,0,0,census_only,Unknown,0.0
Peronosporales.U.genus,4,45,0.01,0.01,0,0,0,0.0,0.0,0.0,inf,0.0,0,0,0,census_only,Unknown,0.0
Parhypochthonius,4,6,0.01,0.0,0,0,0,0.0,0.0,0.0,inf,0.0,0,0,0,census_only,Unknown,0.0
Paradinida_XX,4,5,0.01,0.0,0,0,0,0.0,0.0,0.0,inf,0.0,0,0,0,census_only,Unknown,0.0
Paracercomonas,4,4,0.01,0.0,0,0,0,0.0,0.0,0.0,inf,0.0,0,0,0,census_only,Unknown,0.0
OLIGO5_XX,4,4,0.01,0.0,0,0,0,0.0,0.0,0.0,inf,0.0,0,0,0,census_only,Unknown,0.0
Mataza-lineage_X,4,5,0.01,0.0,0,0,0,0.0,0.0,0.0,inf,0.0,0,0,0,census_only,Unknown,0.0
Limnofilidae_X,4,6,0.01,0.0,0,0,0,0.0,0.0,0.0,inf,0.0,0,0,0,census_only,Unknown,0.0
Endomyxa-Ascetosporea_XXX,4,8,0.01,0.0,0,0,0,0.0,0.0,0.0,inf,0.0,0,0,0,census_only,Unknown,0.0
Diaphanosoma,4,5,0.01,0.0,0,0,0,0.0,0.0,0.0,inf,0.0,0,0,0,census_only,Unknown,0.0
Tectonidula,3,5,0.0,0.0,0,0,0,0.0,0.0,0.0,inf,0.0,0,0,0,census_only,Unknown,0.0
Spermatozopsis,3,12,0.0,0.0,0,0,0,0.0,0.0,0.0,inf,0.0,0,0,0,census_only,Unknown,0.0
Massisteria,1,2,0.0,0.0,0,0,0,0.0,0.0,0.0,inf,0.0,0,0,0,census_only,Unknown,0.0
NC12B-lineage_X,3,11,0.0,0.0,0,0,0,0.0,0.0,0.0,inf,0.0,0,0,0,census_only,Unknown,0.0
MAST-3E,3,7,0.0,0.0,0,0,0,0.0,0.0,0.0,inf,0.0,0,0,0,census_only,Unknown,0.0
Loimia,3,6,0.0,0.0,0,0,0,0.0,0.0,0.0,inf,0.0,0,0,0,census_only,Unknown,0.0
Leidyana1,3,29,0.0,0.01,0,0,0,0.0,0.0,0.0,inf,0.0,0,0,0,census_only,Unknown,0.0
Hartmannulidae_X,3,6,0.0,0.0,0,0,0,0.0,0.0,0.0,inf,0.0,0,0,0,census_only,Unknown,0.0
Filosa-Thecofilosea_XXX,3,4,0.0,0.0,0,0,0,0.0,0.0,0.0,inf,0.0,0,0,0,census_only,Unknown,0.0
Culiseta,3,6,0.0,0.0,0,0,0,0.0,0.0,0.0,inf,0.0,0,0,0,census_only,Unknown,0.0
Cryptosporidium15,3,3,0.0,0.0,0,0,0,0.0,0.0,0.0,inf,0.0,0,0,0,census_only,Unknown,0.0
Cryptosporidium13,3,4,0.0,0.0,0,0,0,0.0,0.0,0.0,inf,0.0,0,0,0,census_only,Unknown,0.0
Chytridiomycota_XXX,3,3,0.0,0.0,0,0,0,0.0,0.0,0.0,inf,0.0,0,0,0,census_only,Unknown,0.0
Ceratium,3,65,0.0,0.02,0,0,0,0.0,0.0,0.0,inf,0.0,0,0,0,census_only,Unknown,0.0
Blastocladiomycetes.U.genus,3,4,0.0,0.0,0,0,0,0.0,0.0,0.0,inf,0.0,0,0,0,census_only,Unknown,0.0
Babesia6,3,68,0.0,0.02,0,0,0,0.0,0.0,0.0,inf,0.0,0,0,0,census_only,Unknown,0.0
Sphaerozoum,2,3,0.0,0.0,0,0,0,0.0,0.0,0.0,inf,0.0,0,0,0,census_only,Unknown,0.0
Scrippsiella,2,7,0.0,0.0,0,0,0,0.0,0.0,0.0,inf,0.0,0,0,0,census_only,Unknown,0.0
Embryophyceae_XX.U.genus,1535,7457,2.17,1.86,0,0,0,0.0,0.0,0.0,inf,0.0,0,0,0,census_only,Unknown,0.0
Massaria,1,4,0.0,0.0,0,0,0,0.0,0.0,0.0,inf,0.0,0,0,0,census_only,Unknown,0.0
Leptodora,1,7,0.0,0.0,0,0,0,0.0,0.0,0.0,inf,0.0,0,0,0,census_only,Unknown,0.0
Heterolepidoderma,1,1,0.0,0.0,0,0,0,0.0,0.0,0.0,inf,0.0,0,0,0,census_only,Unknown,0.0
Halodaphnea,1,2,0.0,0.0,0,0,0,0.0,0.0,0.0,inf,0.0,0,0,0,census_only,Unknown,0.0
Group-Te,1,2,0.0,0.0,0,0,0,0.0,0.0,0.0,inf,0.0,0,0,0,census_only,Unknown,0.0
Echinamoeba,1,2,0.0,0.0,0,0,0,0.0,0.0,0.0,inf,0.0,0,0,0,census_only,Unknown,0.0
Cryomonadida_XX,1,1,0.0,0.0,0,0,0,0.0,0.0,0.0,inf,0.0,0,0,0,census_only,Unknown,0.0
Craniata_XXX,1,1,0.0,0.0,0,0,0,0.0,0.0,0.0,inf,0.0,0,0,0,census_only,Unknown,0.0
Chytridiales_XX,1,5,0.0,0.0,0,0,0,0.0,0.0,0.0,inf,0.0,0,0,0,census_only,Unknown,0.0
Campanella,1,3,0.0,0.0,0,0,0,0.0,0.0,0.0,inf,0.0,0,0,0,census_only,Unknown,0.0
Ankistrodesmus,1,2,0.0,0.0,0,0,0,0.0,0.0,0.0,inf,0.0,0,0,0,census_only,Unknown,0.0
Tubulinea.U.genus,2,2,0.0,0.0,0,0,0,0.0,0.0,0.0,inf,0.0,0,0,0,census_only,Unknown,0.0
Thaumatomonadida_XX,2,2,0.0,0.0,0,0,0,0.0,0.0,0.0,inf,0.0,0,0,0,census_only,Unknown,0.0
Zoopagomycota.U.genus,1,2,0.0,0.0,0,0,0,0.0,0.0,0.0,inf,0.0,0,0,0,census_only,Unknown,0.0
Ubysseya,1,2,0.0,0.0,0,0,0,0.0,0.0,0.0,inf,0.0,0,0,0,census_only,Unknown,0.0
Ascomycota.U.genus,288,3632,0.41,0.9,0,0,0,0.0,0.0,0.0,inf,0.0,0,0,0,census_only,Unknown,0.0
Kinetoplastea.U.genus,451,1621,0.64,0.4,0,0,0,0.0,0.0,0.0,inf,0.0,0,0,0,census_only,Unknown,0.0
Pentapharsodinium,466,2001,0.66,0.5,0,0,0,0.0,0.0,0.0,inf,0.0,0,0,0,census_only,Unknown,0.0
Gibberella,466,4262,0.66,1.06,0,0,0,0.0,0.0,0.0,inf,0.0,0,0,0,census_only,Unknown,0.0
Eukaryota.U.genus,9333,39360,13.16,9.81,0,0,0,0.0,0.0,0.0,inf,0.0,0,0,0,census_only,Unknown,0.0
Ciliophora.U.genus,803,4342,1.13,1.08,0,0,0,0.0,0.0,0.0,inf,0.0,0,0,0,census_only,Unknown,0.0
Gyrista.U.genus,833,3060,1.17,0.76,0,0,0,0.0,0.0,0.0,inf,0.0,0,0,0,census_only,Unknown,0.0
Platyhelminthes.U.genus,851,2920,1.2,0.73,0,0,0,0.0,0.0,0.0,inf,0.0,0,0,0,census_only,Unknown,0.0
Heterolobosea.U.genus,896,4751,1.26,1.18,0,0,0,0.0,0.0,0.0,inf,0.0,0,0,0,census_only,Unknown,0.0
Pezizomycotina.U.genus,987,5074,1.39,1.26,0,0,0,0.0,0.0,0.0,inf,0.0,0,0,0,census_only,Unknown,0.0
Stramenopiles.U.genus,1038,7804,1.46,1.94,0,0,0,0.0,0.0,0.0,inf,0.0,0,0,0,census_only,Unknown,0.0
Dinophyceae.U.genus,1090,4487,1.54,1.12,0,0,0,0.0,0.0,0.0,inf,0.0,0,0,0,census_only,Unknown,0.0
Fungi.U.genus,1112,2638,1.57,0.66,0,0,0,0.0,0.0,0.0,inf,0.0,0,0,0,census_only,Unknown,0.0
Cercozoa.U.genus,1152,3275,1.62,0.82,0,0,0,0.0,0.0,0.0,inf,0.0,0,0,0,census_only,Unknown,0.0
Nematoda.U.genus,1163,5960,1.64,1.49,0,0,0,0.0,0.0,0.0,inf,0.0,0,0,0,census_only,Unknown,0.0
Euglenida.U.genus,1526,5350,2.15,1.33,0,0,0,0.0,0.0,0.0,inf,0.0,0,0,0,census_only,Unknown,0.0
