family,census_otu_count,census_size_count,otu_percentage,size_percentage,ncbi_genome_count,ncbi_species_count,isolate_count,genome_pct_db,species_pct,isolate_percentage,novelty_factor,overrepresentation_factor,direct_matches,lineage_matches,total_matches,match_status,domain,coverage_percentage
Insecta,3087,19878,4.35,4.95,6996,3912,6948,14.06,18.99,99.31,0.789,1.267,0,344,344,matched,Eukaryota,0.0
Sordariomycetes,1305,9434,1.84,2.35,4990,1334,4962,10.03,6.47,99.44,0.978,1.022,0,55,55,matched,Eukaryota,0.0
Mammalia,257,852,0.36,0.21,4357,996,4341,8.75,4.83,99.63,0.258,3.875,0,139,139,matched,Eukaryota,0.0
Teleostei,65,111,0.09,0.03,2860,1779,2848,5.75,8.63,99.58,0.037,27.369,0,260,260,matched,Eukaryota,0.0
Eurotiomycetes,604,6441,0.85,1.6,2737,673,2713,5.5,3.27,99.12,0.897,1.114,0,21,21,matched,Eukaryota,0.0
Saccharomycetales,233,2434,0.33,0.61,2646,164,2618,5.32,0.8,98.94,1.421,0.704,0,1,1,matched,Eukaryota,0.0
Dothideomycetes,874,4225,1.23,1.05,2445,498,2425,4.91,2.42,99.18,1.755,0.57,0,69,69,matched,Eukaryota,0.0
Agaricomycetes,759,5519,1.07,1.38,1672,1056,1669,3.36,5.12,99.82,0.719,1.391,0,103,103,matched,Eukaryota,0.0
Tremellomycetes,126,690,0.18,0.17,541,176,540,1.09,0.85,99.82,0.716,1.397,0,15,15,matched,Eukaryota,0.0
Lecanoromycetes,220,1048,0.31,0.26,409,308,54,0.82,1.49,13.2,0.714,1.4,0,42,42,matched,Eukaryota,0.0
Lepidosauria,4,42,0.01,0.01,383,296,380,0.77,1.44,99.22,0.014,74.0,0,37,37,matched,Eukaryota,0.0
Leotiomycetes,374,2629,0.53,0.66,380,201,374,0.76,0.98,98.42,1.861,0.537,0,29,29,matched,Eukaryota,0.0
Peronosporales,373,2022,0.53,0.5,304,103,304,0.61,0.5,100.0,3.621,0.276,0,2,2,matched,Eukaryota,0.0
Arachnida,130,496,0.18,0.12,300,195,297,0.6,0.95,99.0,0.667,1.5,0,88,88,matched,Eukaryota,0.0
Trypanosomatidae,147,1188,0.21,0.3,282,101,282,0.57,0.49,100.0,1.455,0.687,1,0,1,matched,Eukaryota,0.0
Anthozoa,297,2971,0.42,0.74,281,193,280,0.56,0.94,99.64,1.539,0.65,0,54,54,matched,Eukaryota,0.0
Amphibia,5,9,0.01,0.0,258,194,258,0.52,0.94,100.0,0.026,38.8,0,38,38,matched,Eukaryota,0.0
Kickxellales,12,40,0.02,0.01,171,153,171,0.34,0.74,100.0,0.078,12.75,0,1,1,matched,Eukaryota,0.0
Plasmodiidae,103,612,0.15,0.15,165,26,165,0.33,0.13,100.0,3.962,0.252,1,0,1,matched,Eukaryota,0.0
Ustilaginomycetes,69,166,0.1,0.04,131,52,131,0.26,0.25,100.0,1.327,0.754,0,6,6,matched,Eukaryota,0.0
Schizosaccharomycetes,2,13,0.0,0.0,94,8,93,0.19,0.04,98.94,0.25,4.0,0,1,1,matched,Eukaryota,0.0
Bathycoccaceae,308,6531,0.43,1.63,83,23,22,0.17,0.11,26.51,13.391,0.075,1,0,1,matched,Eukaryota,0.0
Cryptosporidiidae,64,939,0.09,0.23,83,20,82,0.17,0.1,98.8,3.2,0.312,1,0,1,matched,Eukaryota,0.0
Exobasidiomycetes,306,11775,0.43,2.93,79,27,78,0.16,0.13,98.73,11.333,0.088,0,9,9,matched,Eukaryota,0.0
Lipomycetaceae,3,6,0.0,0.0,66,35,66,0.13,0.17,100.0,0.086,11.667,1,0,1,matched,Eukaryota,0.0
Digenea,190,955,0.27,0.24,65,34,65,0.13,0.17,100.0,5.588,0.179,0,11,11,matched,Eukaryota,0.0
Eimeriidae,68,535,0.1,0.13,63,13,63,0.13,0.06,100.0,5.231,0.191,1,0,1,matched,Eukaryota,0.0
Branchiopoda,132,783,0.19,0.2,50,26,43,0.1,0.13,86.0,5.077,0.197,0,7,7,matched,Eukaryota,0.0
Glomerales,236,4813,0.33,1.2,48,12,48,0.1,0.06,100.0,19.667,0.051,0,1,1,matched,Eukaryota,0.0
Caenogastropoda,45,225,0.06,0.06,46,38,46,0.09,0.18,100.0,1.184,0.844,0,17,17,matched,Eukaryota,0.0
Scyphozoa,13,32,0.02,0.01,42,24,42,0.08,0.12,100.0,0.542,1.846,0,9,9,matched,Eukaryota,0.0
Hexamitidae,573,3242,0.81,0.81,40,4,40,0.08,0.02,100.0,143.25,0.007,1,0,1,matched,Eukaryota,0.0
Sarcocystidae,76,608,0.11,0.15,39,6,39,0.08,0.03,100.0,12.667,0.079,1,0,1,matched,Eukaryota,0.0
Thalassiosiraceae,309,6048,0.44,1.51,32,26,28,0.06,0.13,87.5,11.885,0.084,1,0,1,matched,Eukaryota,0.0
Acanthamoebidae,123,773,0.17,0.19,31,21,30,0.06,0.1,96.77,5.857,0.171,1,0,1,matched,Eukaryota,0.0
Babesiidae,23,158,0.03,0.04,31,12,29,0.06,0.06,93.55,1.917,0.522,1,0,1,matched,Eukaryota,0.0
Saprolegniales,5,126,0.01,0.03,30,9,30,0.06,0.04,100.0,0.556,1.8,0,1,1,matched,Eukaryota,0.0
Neocallimastigaceae,10,79,0.01,0.02,24,8,6,0.05,0.04,25.0,1.25,0.8,1,0,1,matched,Eukaryota,0.0
Taphrinomycetes,17,80,0.02,0.02,21,16,21,0.04,0.08,100.0,1.062,0.941,0,2,2,matched,Eukaryota,0.0
Parameciidae,65,547,0.09,0.14,18,9,18,0.04,0.04,100.0,7.222,0.138,1,0,1,matched,Eukaryota,0.0
Theileriidae,101,1221,0.14,0.3,17,7,17,0.03,0.03,100.0,14.429,0.069,1,0,1,matched,Eukaryota,0.0
Coccomyxaceae,20,87,0.03,0.02,11,7,9,0.02,0.03,81.82,2.857,0.35,1,0,1,matched,Eukaryota,0.0
Harpellales,60,247,0.08,0.06,10,9,10,0.02,0.04,100.0,6.667,0.15,0,2,2,matched,Eukaryota,0.0
Merostomata,36,122,0.05,0.03,9,4,9,0.02,0.02,100.0,9.0,0.111,0,1,1,matched,Eukaryota,0.0
Blastocladiomycetes,29,147,0.04,0.04,9,7,9,0.02,0.03,100.0,4.143,0.241,0,3,3,matched,Eukaryota,0.0
Oxytrichidae,800,7715,1.13,1.92,9,5,9,0.02,0.02,100.0,160.0,0.006,1,0,1,matched,Eukaryota,0.0
Pelagomonadaceae,36,182,0.05,0.05,8,4,8,0.02,0.02,100.0,9.0,0.111,1,0,1,matched,Eukaryota,0.0
Cafeteriaceae,18,75,0.03,0.02,7,3,5,0.01,0.01,71.43,6.0,0.167,1,0,1,matched,Eukaryota,0.0
Selenastraceae,1,1,0.0,0.0,5,5,4,0.01,0.02,80.0,0.2,5.0,1,0,1,matched,Eukaryota,0.0
Dacrymycetes,5,5,0.01,0.0,4,4,4,0.01,0.02,100.0,1.25,0.8,0,1,1,matched,Eukaryota,0.0
Chloropicaceae,15,50,0.02,0.01,4,2,4,0.01,0.01,100.0,7.5,0.133,1,0,1,matched,Eukaryota,0.0
Spizellomycetaceae,52,167,0.07,0.04,4,4,4,0.01,0.02,100.0,13.0,0.077,1,0,1,matched,Eukaryota,0.0
Balamuthiidae,8,12,0.01,0.0,3,1,3,0.01,0.0,100.0,8.0,0.125,1,0,1,matched,Eukaryota,0.0
Euglenaceae,470,1572,0.66,0.39,3,1,3,0.01,0.0,100.0,470.0,0.002,1,0,1,matched,Eukaryota,0.0
Phaeodactylaceae,15,37,0.02,0.01,3,1,3,0.01,0.0,100.0,15.0,0.067,1,0,1,matched,Eukaryota,0.0
Mastigamoebidae,1609,10879,2.27,2.71,2,1,2,0.0,0.0,100.0,1609.0,0.001,1,0,1,matched,Eukaryota,0.0
Vannellidae,56,94,0.08,0.02,2,1,0,0.0,0.0,0.0,56.0,0.018,1,0,1,matched,Eukaryota,0.0
Ochromonadaceae,12,14,0.02,0.0,2,2,2,0.0,0.01,100.0,6.0,0.167,1,0,1,matched,Eukaryota,0.0
Paulinellidae,17,24,0.02,0.01,2,1,2,0.0,0.0,100.0,17.0,0.059,1,0,1,matched,Eukaryota,0.0
Gregarinidae,130,692,0.18,0.17,1,1,1,0.0,0.0,100.0,130.0,0.008,1,0,1,matched,Eukaryota,0.0
Neovahlkampfiidae,211,780,0.3,0.19,1,1,1,0.0,0.0,100.0,211.0,0.005,1,0,1,matched,Eukaryota,0.0
Labyrinthulaceae,62,238,0.09,0.06,1,1,1,0.0,0.0,100.0,62.0,0.016,1,0,1,matched,Eukaryota,0.0
Rhabdomonadales,26,100,0.04,0.02,1,1,1,0.0,0.0,100.0,26.0,0.038,0,1,1,matched,Eukaryota,0.0
Paramoebidae,54,81,0.08,0.02,1,1,1,0.0,0.0,100.0,54.0,0.019,1,0,1,matched,Eukaryota,0.0
Bodonidae,10,15,0.01,0.0,1,1,1,0.0,0.0,100.0,10.0,0.1,1,0,1,matched,Eukaryota,0.0
Aphelidiaceae,12,17,0.02,0.0,1,1,1,0.0,0.0,100.0,12.0,0.083,1,0,1,matched,Eukaryota,0.0
Poaceae,0,0,0.0,0.0,974,156,971,1.96,0.76,99.69,,,0,0,0,ncbi_only,Eukaryota,0.0
Debaryomycetaceae,0,0,0.0,0.0,841,310,824,1.69,1.5,97.98,,,0,0,0,ncbi_only,Eukaryota,0.0
Metschnikowiaceae,0,0,0.0,0.0,751,143,748,1.51,0.69,99.6,,,0,0,0,ncbi_only,Eukaryota,0.0
Pichiaceae,0,0,0.0,0.0,613,173,417,1.23,0.84,68.03,,,0,0,0,ncbi_only,Eukaryota,0.0
Brassicaceae,0,0,0.0,0.0,540,108,540,1.09,0.52,100.0,,,0,0,0,ncbi_only,Eukaryota,0.0
Chenopodiaceae,0,0,0.0,0.0,383,28,383,0.77,0.14,100.0,,,0,0,0,ncbi_only,Eukaryota,0.0
Fabaceae,0,0,0.0,0.0,366,152,366,0.74,0.74,100.0,,,0,0,0,ncbi_only,Eukaryota,0.0
Rosaceae,0,0,0.0,0.0,322,114,316,0.65,0.55,98.14,,,0,0,0,ncbi_only,Eukaryota,0.0
Solanaceae,0,0,0.0,0.0,283,91,283,0.57,0.44,100.0,,,0,0,0,ncbi_only,Eukaryota,0.0
Vitaceae,0,0,0.0,0.0,281,40,212,0.56,0.19,75.44,,,0,0,0,ncbi_only,Eukaryota,0.0
Rhabditidae,0,0,0.0,0.0,223,81,223,0.45,0.39,100.0,,,0,0,0,ncbi_only,Eukaryota,0.0
Trichomonascaceae,0,0,0.0,0.0,209,146,205,0.42,0.71,98.09,,,0,0,0,ncbi_only,Eukaryota,0.0
Psittacidae,0,0,0.0,0.0,205,181,205,0.41,0.88,100.0,,,0,0,0,ncbi_only,Eukaryota,0.0
Sporidiobolaceae,0,0,0.0,0.0,203,31,198,0.41,0.15,97.54,,,0,0,0,ncbi_only,Eukaryota,0.0
Pythiaceae,0,0,0.0,0.0,185,116,185,0.37,0.56,100.0,,,0,0,0,ncbi_only,Eukaryota,0.0
Accipitridae,0,0,0.0,0.0,178,145,178,0.36,0.7,100.0,,,0,0,0,ncbi_only,Eukaryota,0.0
Asteraceae,0,0,0.0,0.0,174,100,173,0.35,0.49,99.43,,,0,0,0,ncbi_only,Eukaryota,0.0
Cucurbitaceae,0,0,0.0,0.0,174,74,173,0.35,0.36,99.43,,,0,0,0,ncbi_only,Eukaryota,0.0
Corvidae,0,0,0.0,0.0,167,20,167,0.34,0.1,100.0,,,0,0,0,ncbi_only,Eukaryota,0.0
Anatidae,0,0,0.0,0.0,146,79,146,0.29,0.38,100.0,,,0,0,0,ncbi_only,Eukaryota,0.0
Malvaceae,0,0,0.0,0.0,134,62,134,0.27,0.3,100.0,,,0,0,0,ncbi_only,Eukaryota,0.0
Malasseziaceae,0,0,0.0,0.0,107,21,84,0.22,0.1,78.5,,,0,0,0,ncbi_only,Eukaryota,0.0
Rutaceae,0,0,0.0,0.0,99,36,99,0.2,0.17,100.0,,,0,0,0,ncbi_only,Eukaryota,0.0
Rhizopodaceae,0,0,0.0,0.0,97,7,97,0.19,0.03,100.0,,,0,0,0,ncbi_only,Eukaryota,0.0
Phaffomycetaceae,0,0,0.0,0.0,96,68,96,0.19,0.33,100.0,,,0,0,0,ncbi_only,Eukaryota,0.0
Mortierellaceae,0,0,0.0,0.0,94,53,90,0.19,0.26,95.74,,,0,0,0,ncbi_only,Eukaryota,0.0
Blastocystidae,0,0,0.0,0.0,90,15,24,0.18,0.07,26.67,,,0,0,0,ncbi_only,Eukaryota,0.0
Phasianidae,0,0,0.0,0.0,90,30,89,0.18,0.15,98.89,,,0,0,0,ncbi_only,Eukaryota,0.0
Fringillidae,0,0,0.0,0.0,88,46,88,0.18,0.22,100.0,,,0,0,0,ncbi_only,Eukaryota,0.0
Euphorbiaceae,0,0,0.0,0.0,81,46,81,0.16,0.22,100.0,,,0,0,0,ncbi_only,Eukaryota,0.0
Saccharomycopsidaceae,0,0,0.0,0.0,80,28,78,0.16,0.14,97.5,,,0,0,0,ncbi_only,Eukaryota,0.0
Entrophosporaceae,0,0,0.0,0.0,79,2,79,0.16,0.01,100.0,,,0,0,0,ncbi_only,Eukaryota,0.0
Myrtaceae,0,0,0.0,0.0,78,62,78,0.16,0.3,100.0,,,0,0,0,ncbi_only,Eukaryota,0.0
Wickerhamomycetaceae,0,0,0.0,0.0,78,45,78,0.16,0.22,100.0,,,0,0,0,ncbi_only,Eukaryota,0.0
Lamiaceae,0,0,0.0,0.0,75,47,75,0.15,0.23,100.0,,,0,0,0,ncbi_only,Eukaryota,0.0
Saccharomycodaceae,0,0,0.0,0.0,75,23,72,0.15,0.11,96.0,,,0,0,0,ncbi_only,Eukaryota,0.0
Discinaceae,0,0,0.0,0.0,73,48,73,0.15,0.23,100.0,,,0,0,0,ncbi_only,Eukaryota,0.0
Chlorellaceae,0,0,0.0,0.0,70,34,68,0.14,0.17,97.14,,,0,0,0,ncbi_only,Eukaryota,0.0
Pucciniaceae,0,0,0.0,0.0,68,14,68,0.14,0.07,100.0,,,0,0,0,ncbi_only,Eukaryota,0.0
Philodinidae,0,0,0.0,0.0,66,8,50,0.13,0.04,75.76,,,0,0,0,ncbi_only,Eukaryota,0.0
Falconidae,0,0,0.0,0.0,66,37,66,0.13,0.18,100.0,,,0,0,0,ncbi_only,Eukaryota,0.0
Oleaceae,0,0,0.0,0.0,65,40,65,0.13,0.19,100.0,,,0,0,0,ncbi_only,Eukaryota,0.0
Orbiliaceae,0,0,0.0,0.0,65,30,65,0.13,0.15,100.0,,,0,0,0,ncbi_only,Eukaryota,0.0
Dipodascaceae,0,0,0.0,0.0,64,32,52,0.13,0.16,81.25,,,0,0,0,ncbi_only,Eukaryota,0.0
Erythroxylaceae,0,0,0.0,0.0,64,63,64,0.13,0.31,100.0,,,0,0,0,ncbi_only,Eukaryota,0.0
Microbotryaceae,0,0,0.0,0.0,60,7,60,0.12,0.03,100.0,,,0,0,0,ncbi_only,Eukaryota,0.0
Salicaceae,0,0,0.0,0.0,60,28,60,0.12,0.14,100.0,,,0,0,0,ncbi_only,Eukaryota,0.0
Cyperaceae,0,0,0.0,0.0,58,36,58,0.12,0.17,100.0,,,0,0,0,ncbi_only,Eukaryota,0.0
Ericaceae,0,0,0.0,0.0,56,36,56,0.11,0.17,100.0,,,0,0,0,ncbi_only,Eukaryota,0.0
Scolopacidae,0,0,0.0,0.0,56,44,56,0.11,0.21,100.0,,,0,0,0,ncbi_only,Eukaryota,0.0
Fagaceae,0,0,0.0,0.0,56,33,56,0.11,0.16,100.0,,,0,0,0,ncbi_only,Eukaryota,0.0
Mucoraceae,0,0,0.0,0.0,56,28,55,0.11,0.14,98.21,,,0,0,0,ncbi_only,Eukaryota,0.0
Plasmodiophoridae,0,0,0.0,0.0,54,3,54,0.11,0.01,100.0,,,0,0,0,ncbi_only,Eukaryota,0.0
Plantaginaceae,0,0,0.0,0.0,53,39,53,0.11,0.19,100.0,,,0,0,0,ncbi_only,Eukaryota,0.0
Strigidae,0,0,0.0,0.0,49,37,49,0.1,0.18,100.0,,,0,0,0,ncbi_only,Eukaryota,0.0
Wallemiaceae,0,0,0.0,0.0,49,3,49,0.1,0.01,100.0,,,0,0,0,ncbi_only,Eukaryota,0.0
Ophryoscolecidae,0,0,0.0,0.0,48,14,48,0.1,0.07,100.0,,,0,0,0,ncbi_only,Eukaryota,0.0
Onchocercidae,0,0,0.0,0.0,47,23,47,0.09,0.11,100.0,,,0,0,0,ncbi_only,Eukaryota,0.0
Rubiaceae,0,0,0.0,0.0,46,29,46,0.09,0.14,100.0,,,0,0,0,ncbi_only,Eukaryota,0.0
Mamiellaceae,0,0,0.0,0.0,45,16,4,0.09,0.08,8.89,,,0,0,0,ncbi_only,Eukaryota,0.0
Trebouxiaceae,0,0,0.0,0.0,43,18,19,0.09,0.09,44.19,,,0,0,0,ncbi_only,Eukaryota,0.0
Juglandaceae,0,0,0.0,0.0,43,17,43,0.09,0.08,100.0,,,0,0,0,ncbi_only,Eukaryota,0.0
Mytilidae,0,0,0.0,0.0,43,20,43,0.09,0.1,100.0,,,0,0,0,ncbi_only,Eukaryota,0.0
Spheniscidae,0,0,0.0,0.0,39,20,35,0.08,0.1,89.74,,,0,0,0,ncbi_only,Eukaryota,0.0
Passerellidae,0,0,0.0,0.0,38,18,38,0.08,0.09,100.0,,,0,0,0,ncbi_only,Eukaryota,0.0
Entomobryidae,0,0,0.0,0.0,38,35,38,0.08,0.17,100.0,,,0,0,0,ncbi_only,Eukaryota,0.0
Morchellaceae,0,0,0.0,0.0,37,25,37,0.07,0.12,100.0,,,0,0,0,ncbi_only,Eukaryota,0.0
Pinaceae,0,0,0.0,0.0,36,15,36,0.07,0.07,100.0,,,0,0,0,ncbi_only,Eukaryota,0.0
Geraniaceae,0,0,0.0,0.0,35,29,35,0.07,0.14,100.0,,,0,0,0,ncbi_only,Eukaryota,0.0
Linaceae,0,0,0.0,0.0,35,5,35,0.07,0.02,100.0,,,0,0,0,ncbi_only,Eukaryota,0.0
Meloidogynidae,0,0,0.0,0.0,34,11,34,0.07,0.05,100.0,,,0,0,0,ncbi_only,Eukaryota,0.0
Caryophyllaceae,0,0,0.0,0.0,34,22,34,0.07,0.11,100.0,,,0,0,0,ncbi_only,Eukaryota,0.0
Muscicapidae,0,0,0.0,0.0,33,31,33,0.07,0.15,100.0,,,0,0,0,ncbi_only,Eukaryota,0.0
Heteroderidae,0,0,0.0,0.0,33,12,33,0.07,0.06,100.0,,,0,0,0,ncbi_only,Eukaryota,0.0
Sylviidae,0,0,0.0,0.0,33,25,33,0.07,0.12,100.0,,,0,0,0,ncbi_only,Eukaryota,0.0
Panagrolaimidae,0,0,0.0,0.0,32,18,32,0.06,0.09,100.0,,,0,0,0,ncbi_only,Eukaryota,0.0
Emydidae,0,0,0.0,0.0,32,14,32,0.06,0.07,100.0,,,0,0,0,ncbi_only,Eukaryota,0.0
Chlamydomonadaceae,0,0,0.0,0.0,31,20,29,0.06,0.1,93.55,,,0,0,0,ncbi_only,Eukaryota,0.0
Theaceae,0,0,0.0,0.0,31,8,31,0.06,0.04,100.0,,,0,0,0,ncbi_only,Eukaryota,0.0
Laridae,0,0,0.0,0.0,30,20,30,0.06,0.1,100.0,,,0,0,0,ncbi_only,Eukaryota,0.0
Estrildidae,0,0,0.0,0.0,30,6,30,0.06,0.03,100.0,,,0,0,0,ncbi_only,Eukaryota,0.0
Ostreidae,0,0,0.0,0.0,30,14,18,0.06,0.07,60.0,,,0,0,0,ncbi_only,Eukaryota,0.0
Orchidaceae,0,0,0.0,0.0,29,23,29,0.06,0.11,100.0,,,0,0,0,ncbi_only,Eukaryota,0.0
Lichtheimiaceae,0,0,0.0,0.0,29,14,29,0.06,0.07,100.0,,,0,0,0,ncbi_only,Eukaryota,0.0
Isotomidae,0,0,0.0,0.0,29,25,29,0.06,0.12,100.0,,,0,0,0,ncbi_only,Eukaryota,0.0
Tyrannidae,0,0,0.0,0.0,28,28,28,0.06,0.14,100.0,,,0,0,0,ncbi_only,Eukaryota,0.0
Trichinellidae,0,0,0.0,0.0,28,13,28,0.06,0.06,100.0,,,0,0,0,ncbi_only,Eukaryota,0.0
Alcedinidae,0,0,0.0,0.0,28,27,28,0.06,0.13,100.0,,,0,0,0,ncbi_only,Eukaryota,0.0
Musaceae,0,0,0.0,0.0,27,13,27,0.05,0.06,100.0,,,0,0,0,ncbi_only,Eukaryota,0.0
Polygonaceae,0,0,0.0,0.0,27,15,27,0.05,0.07,100.0,,,0,0,0,ncbi_only,Eukaryota,0.0
Apiaceae,0,0,0.0,0.0,26,18,26,0.05,0.09,100.0,,,0,0,0,ncbi_only,Eukaryota,0.0
Araceae,0,0,0.0,0.0,26,12,26,0.05,0.06,100.0,,,0,0,0,ncbi_only,Eukaryota,0.0
Moraceae,0,0,0.0,0.0,26,15,26,0.05,0.07,100.0,,,0,0,0,ncbi_only,Eukaryota,0.0
Turdidae,0,0,0.0,0.0,25,19,25,0.05,0.09,100.0,,,0,0,0,ncbi_only,Eukaryota,0.0
Apocynaceae,0,0,0.0,0.0,25,19,25,0.05,0.09,100.0,,,0,0,0,ncbi_only,Eukaryota,0.0
Cardiidae,0,0,0.0,0.0,25,13,25,0.05,0.06,100.0,,,0,0,0,ncbi_only,Eukaryota,0.0
Bacillariaceae,0,0,0.0,0.0,24,17,18,0.05,0.08,75.0,,,0,0,0,ncbi_only,Eukaryota,0.0
Columbidae,0,0,0.0,0.0,24,10,24,0.05,0.05,100.0,,,0,0,0,ncbi_only,Eukaryota,0.0
Pachysolenaceae,0,0,0.0,0.0,24,18,24,0.05,0.09,100.0,,,0,0,0,ncbi_only,Eukaryota,0.0
Ranunculaceae,0,0,0.0,0.0,23,14,23,0.05,0.07,100.0,,,0,0,0,ncbi_only,Eukaryota,0.0
Lythraceae,0,0,0.0,0.0,23,10,23,0.05,0.05,100.0,,,0,0,0,ncbi_only,Eukaryota,0.0
Neodiplogasteridae,0,0,0.0,0.0,23,10,23,0.05,0.05,100.0,,,0,0,0,ncbi_only,Eukaryota,0.0
Scenedesmaceae,0,0,0.0,0.0,23,18,23,0.05,0.09,100.0,,,0,0,0,ncbi_only,Eukaryota,0.0
Vahlkampfiidae,0,0,0.0,0.0,23,6,17,0.05,0.03,73.91,,,0,0,0,ncbi_only,Eukaryota,0.0
Cannabaceae,0,0,0.0,0.0,22,4,22,0.04,0.02,100.0,,,0,0,0,ncbi_only,Eukaryota,0.0
Psittaculidae,0,0,0.0,0.0,22,17,22,0.04,0.08,100.0,,,0,0,0,ncbi_only,Eukaryota,0.0
Sapindaceae,0,0,0.0,0.0,22,12,22,0.04,0.06,100.0,,,0,0,0,ncbi_only,Eukaryota,0.0
Betulaceae,0,0,0.0,0.0,22,13,22,0.04,0.06,100.0,,,0,0,0,ncbi_only,Eukaryota,0.0
Rhizophoraceae,0,0,0.0,0.0,22,15,22,0.04,0.07,100.0,,,0,0,0,ncbi_only,Eukaryota,0.0
Trigonopsidaceae,0,0,0.0,0.0,21,15,21,0.04,0.07,100.0,,,0,0,0,ncbi_only,Eukaryota,0.0
Lucinidae,0,0,0.0,0.0,21,11,21,0.04,0.05,100.0,,,0,0,0,ncbi_only,Eukaryota,0.0
Arecaceae,0,0,0.0,0.0,21,9,20,0.04,0.04,95.24,,,0,0,0,ncbi_only,Eukaryota,0.0
Siboglinidae,0,0,0.0,0.0,21,11,21,0.04,0.05,100.0,,,0,0,0,ncbi_only,Eukaryota,0.0
Petromyzontidae,0,0,0.0,0.0,21,8,21,0.04,0.04,100.0,,,0,0,0,ncbi_only,Eukaryota,0.0
Rallidae,0,0,0.0,0.0,21,15,21,0.04,0.07,100.0,,,0,0,0,ncbi_only,Eukaryota,0.0
Symbiodiniaceae,0,0,0.0,0.0,21,14,21,0.04,0.07,100.0,,,0,0,0,ncbi_only,Eukaryota,0.0
Thraustochytriaceae,0,0,0.0,0.0,20,19,20,0.04,0.09,100.0,,,0,0,0,ncbi_only,Eukaryota,0.0
Octopodidae,0,0,0.0,0.0,20,17,20,0.04,0.08,100.0,,,0,0,0,ncbi_only,Eukaryota,0.0
Monodopsidaceae,0,0,0.0,0.0,20,7,20,0.04,0.03,100.0,,,0,0,0,ncbi_only,Eukaryota,0.0
Tinamidae,0,0,0.0,0.0,20,15,20,0.04,0.07,100.0,,,0,0,0,ncbi_only,Eukaryota,0.0
Planorbidae,0,0,0.0,0.0,20,7,20,0.04,0.03,100.0,,,0,0,0,ncbi_only,Eukaryota,0.0
Aphelenchoididae,0,0,0.0,0.0,20,7,20,0.04,0.03,100.0,,,0,0,0,ncbi_only,Eukaryota,0.0
Veneridae,0,0,0.0,0.0,19,14,19,0.04,0.07,100.0,,,0,0,0,ncbi_only,Eukaryota,0.0
Vireonidae,0,0,0.0,0.0,19,19,18,0.04,0.09,94.74,,,0,0,0,ncbi_only,Eukaryota,0.0
Chromulinaceae,0,0,0.0,0.0,18,7,8,0.04,0.03,44.44,,,0,0,0,ncbi_only,Eukaryota,0.0
Rhamnaceae,0,0,0.0,0.0,18,6,17,0.04,0.03,94.44,,,0,0,0,ncbi_only,Eukaryota,0.0
Chytriomycetaceae,0,0,0.0,0.0,18,14,18,0.04,0.07,100.0,,,0,0,0,ncbi_only,Eukaryota,0.0
Brachionidae,0,0,0.0,0.0,18,10,18,0.04,0.05,100.0,,,0,0,0,ncbi_only,Eukaryota,0.0
Lauraceae,0,0,0.0,0.0,18,9,18,0.04,0.04,100.0,,,0,0,0,ncbi_only,Eukaryota,0.0
Cystobasidiaceae,0,0,0.0,0.0,18,12,18,0.04,0.06,100.0,,,0,0,0,ncbi_only,Eukaryota,0.0
Adinetidae,0,0,0.0,0.0,18,3,18,0.04,0.01,100.0,,,0,0,0,ncbi_only,Eukaryota,0.0
Zingiberaceae,0,0,0.0,0.0,18,15,18,0.04,0.07,100.0,,,0,0,0,ncbi_only,Eukaryota,0.0
Isotrichidae,0,0,0.0,0.0,18,5,18,0.04,0.02,100.0,,,0,0,0,ncbi_only,Eukaryota,0.0
Stephanodiscaceae,0,0,0.0,0.0,18,14,18,0.04,0.07,100.0,,,0,0,0,ncbi_only,Eukaryota,0.0
Laminariaceae,0,0,0.0,0.0,17,12,17,0.03,0.06,100.0,,,0,0,0,ncbi_only,Eukaryota,0.0
Taeniidae,0,0,0.0,0.0,17,12,16,0.03,0.06,94.12,,,0,0,0,ncbi_only,Eukaryota,0.0
Entamoebidae,0,0,0.0,0.0,17,5,17,0.03,0.02,100.0,,,0,0,0,ncbi_only,Eukaryota,0.0
Costaceae,0,0,0.0,0.0,17,17,17,0.03,0.08,100.0,,,0,0,0,ncbi_only,Eukaryota,0.0
Gruidae,0,0,0.0,0.0,17,8,17,0.03,0.04,100.0,,,0,0,0,ncbi_only,Eukaryota,0.0
Convolvulaceae,0,0,0.0,0.0,17,11,17,0.03,0.05,100.0,,,0,0,0,ncbi_only,Eukaryota,0.0
Charadriidae,0,0,0.0,0.0,17,11,17,0.03,0.05,100.0,,,0,0,0,ncbi_only,Eukaryota,0.0
Ciconiidae,0,0,0.0,0.0,17,12,14,0.03,0.06,82.35,,,0,0,0,ncbi_only,Eukaryota,0.0
Asparagaceae,0,0,0.0,0.0,17,13,17,0.03,0.06,100.0,,,0,0,0,ncbi_only,Eukaryota,0.0
Bucerotidae,0,0,0.0,0.0,17,17,17,0.03,0.08,100.0,,,0,0,0,ncbi_only,Eukaryota,0.0
Penaeidae,0,0,0.0,0.0,16,5,16,0.03,0.02,100.0,,,0,0,0,ncbi_only,Eukaryota,0.0
Paradisaeidae,0,0,0.0,0.0,16,6,15,0.03,0.03,93.75,,,0,0,0,ncbi_only,Eukaryota,0.0
Picidae,0,0,0.0,0.0,16,11,16,0.03,0.05,100.0,,,0,0,0,ncbi_only,Eukaryota,0.0
Paridae,0,0,0.0,0.0,16,9,16,0.03,0.04,100.0,,,0,0,0,ncbi_only,Eukaryota,0.0
Papaveraceae,0,0,0.0,0.0,16,12,16,0.03,0.06,100.0,,,0,0,0,ncbi_only,Eukaryota,0.0
Parulidae,0,0,0.0,0.0,16,12,16,0.03,0.06,100.0,,,0,0,0,ncbi_only,Eukaryota,0.0
Branchiostomatidae,0,0,0.0,0.0,16,6,16,0.03,0.03,100.0,,,0,0,0,ncbi_only,Eukaryota,0.0
Tomoceridae,0,0,0.0,0.0,16,11,16,0.03,0.05,100.0,,,0,0,0,ncbi_only,Eukaryota,0.0
Cunninghamellaceae,0,0,0.0,0.0,16,14,16,0.03,0.07,100.0,,,0,0,0,ncbi_only,Eukaryota,0.0
Cacatuidae,0,0,0.0,0.0,16,14,16,0.03,0.07,100.0,,,0,0,0,ncbi_only,Eukaryota,0.0
Palinuridae,0,0,0.0,0.0,16,13,16,0.03,0.06,100.0,,,0,0,0,ncbi_only,Eukaryota,0.0
Heligmosomidae,0,0,0.0,0.0,15,2,15,0.03,0.01,100.0,,,0,0,0,ncbi_only,Eukaryota,0.0
Cheloniidae,0,0,0.0,0.0,15,6,15,0.03,0.03,100.0,,,0,0,0,ncbi_only,Eukaryota,0.0
Nosematidae,0,0,0.0,0.0,15,11,15,0.03,0.05,100.0,,,0,0,0,ncbi_only,Eukaryota,0.0
Galdieriaceae,0,0,0.0,0.0,15,4,15,0.03,0.02,100.0,,,0,0,0,ncbi_only,Eukaryota,0.0
Campanulaceae,0,0,0.0,0.0,15,11,15,0.03,0.05,100.0,,,0,0,0,ncbi_only,Eukaryota,0.0
Balanidae,0,0,0.0,0.0,14,7,14,0.03,0.03,100.0,,,0,0,0,ncbi_only,Eukaryota,0.0
Julidae,0,0,0.0,0.0,14,12,14,0.03,0.06,100.0,,,0,0,0,ncbi_only,Eukaryota,0.0
Asteriidae,0,0,0.0,0.0,14,8,14,0.03,0.04,100.0,,,0,0,0,ncbi_only,Eukaryota,0.0
Thraupidae,0,0,0.0,0.0,14,13,14,0.03,0.06,100.0,,,0,0,0,ncbi_only,Eukaryota,0.0
Lumbricidae,0,0,0.0,0.0,14,8,14,0.03,0.04,100.0,,,0,0,0,ncbi_only,Eukaryota,0.0
Sulidae,0,0,0.0,0.0,14,9,14,0.03,0.04,100.0,,,0,0,0,ncbi_only,Eukaryota,0.0
Backusellaceae,0,0,0.0,0.0,14,13,14,0.03,0.06,100.0,,,0,0,0,ncbi_only,Eukaryota,0.0
Stichopodidae,0,0,0.0,0.0,14,11,14,0.03,0.05,100.0,,,0,0,0,ncbi_only,Eukaryota,0.0
Bromeliaceae,0,0,0.0,0.0,13,8,13,0.03,0.04,100.0,,,0,0,0,ncbi_only,Eukaryota,0.0
Ramphastidae,0,0,0.0,0.0,13,13,13,0.03,0.06,100.0,,,0,0,0,ncbi_only,Eukaryota,0.0
Cactaceae,0,0,0.0,0.0,13,10,13,0.03,0.05,100.0,,,0,0,0,ncbi_only,Eukaryota,0.0
Dugesiidae,0,0,0.0,0.0,13,6,13,0.03,0.03,100.0,,,0,0,0,ncbi_only,Eukaryota,0.0
Pectinidae,0,0,0.0,0.0,13,7,13,0.03,0.03,100.0,,,0,0,0,ncbi_only,Eukaryota,0.0
Peltospiridae,0,0,0.0,0.0,13,12,13,0.03,0.06,100.0,,,0,0,0,ncbi_only,Eukaryota,0.0
Pycnonotidae,0,0,0.0,0.0,13,12,13,0.03,0.06,100.0,,,0,0,0,ncbi_only,Eukaryota,0.0
Primulaceae,0,0,0.0,0.0,13,6,13,0.03,0.03,100.0,,,0,0,0,ncbi_only,Eukaryota,0.0
Volvocaceae,0,0,0.0,0.0,13,7,11,0.03,0.03,84.62,,,0,0,0,ncbi_only,Eukaryota,0.0
Ascarididae,0,0,0.0,0.0,13,7,13,0.03,0.03,100.0,,,0,0,0,ncbi_only,Eukaryota,0.0
Rajidae,0,0,0.0,0.0,13,6,13,0.03,0.03,100.0,,,0,0,0,ncbi_only,Eukaryota,0.0
Trichostrongylidae,0,0,0.0,0.0,13,6,12,0.03,0.03,92.31,,,0,0,0,ncbi_only,Eukaryota,0.0
Temoridae,0,0,0.0,0.0,13,2,1,0.03,0.01,7.69,,,0,0,0,ncbi_only,Eukaryota,0.0
Skeletonemataceae,0,0,0.0,0.0,13,8,10,0.03,0.04,76.92,,,0,0,0,ncbi_only,Eukaryota,0.0
Trochilidae,0,0,0.0,0.0,13,7,13,0.03,0.03,100.0,,,0,0,0,ncbi_only,Eukaryota,0.0
Anacardiaceae,0,0,0.0,0.0,13,6,13,0.03,0.03,100.0,,,0,0,0,ncbi_only,Eukaryota,0.0
Unikaryonidae,0,0,0.0,0.0,13,4,13,0.03,0.02,100.0,,,0,0,0,ncbi_only,Eukaryota,0.0
Orobanchaceae,0,0,0.0,0.0,13,10,13,0.03,0.05,100.0,,,0,0,0,ncbi_only,Eukaryota,0.0
Pedaliaceae,0,0,0.0,0.0,13,8,13,0.03,0.04,100.0,,,0,0,0,ncbi_only,Eukaryota,0.0
Alcidae,0,0,0.0,0.0,12,7,12,0.02,0.03,100.0,,,0,0,0,ncbi_only,Eukaryota,0.0
Dictyosteliaceae,0,0,0.0,0.0,12,10,12,0.02,0.05,100.0,,,0,0,0,ncbi_only,Eukaryota,0.0
Dioscoreaceae,0,0,0.0,0.0,12,6,12,0.02,0.03,100.0,,,0,0,0,ncbi_only,Eukaryota,0.0
Phylloscopidae,0,0,0.0,0.0,12,8,12,0.02,0.04,100.0,,,0,0,0,ncbi_only,Eukaryota,0.0
Patellidae,0,0,0.0,0.0,12,7,12,0.02,0.03,100.0,,,0,0,0,ncbi_only,Eukaryota,0.0
Aplysinidae,0,0,0.0,0.0,12,4,12,0.02,0.02,100.0,,,0,0,0,ncbi_only,Eukaryota,0.0
Threskiornithidae,0,0,0.0,0.0,12,8,12,0.02,0.04,100.0,,,0,0,0,ncbi_only,Eukaryota,0.0
Euplotidae,0,0,0.0,0.0,12,9,11,0.02,0.04,91.67,,,0,0,0,ncbi_only,Eukaryota,0.0
Ectocarpaceae,0,0,0.0,0.0,12,9,12,0.02,0.04,100.0,,,0,0,0,ncbi_only,Eukaryota,0.0
Meliphagidae,0,0,0.0,0.0,12,10,12,0.02,0.05,100.0,,,0,0,0,ncbi_only,Eukaryota,0.0
Sphagnaceae,0,0,0.0,0.0,12,9,11,0.02,0.04,91.67,,,0,0,0,ncbi_only,Eukaryota,0.0
Araliaceae,0,0,0.0,0.0,12,9,12,0.02,0.04,100.0,,,0,0,0,ncbi_only,Eukaryota,0.0
Ardeidae,0,0,0.0,0.0,12,9,9,0.02,0.04,75.0,,,0,0,0,ncbi_only,Eukaryota,0.0
Caligidae,0,0,0.0,0.0,12,3,12,0.02,0.01,100.0,,,0,0,0,ncbi_only,Eukaryota,0.0
Sturnidae,0,0,0.0,0.0,12,8,12,0.02,0.04,100.0,,,0,0,0,ncbi_only,Eukaryota,0.0
Polynoidae,0,0,0.0,0.0,12,7,12,0.02,0.03,100.0,,,0,0,0,ncbi_only,Eukaryota,0.0
Icteridae,0,0,0.0,0.0,12,7,12,0.02,0.03,100.0,,,0,0,0,ncbi_only,Eukaryota,0.0
Onychiuridae,0,0,0.0,0.0,12,9,12,0.02,0.04,100.0,,,0,0,0,ncbi_only,Eukaryota,0.0
Juncaceae,0,0,0.0,0.0,12,5,12,0.02,0.02,100.0,,,0,0,0,ncbi_only,Eukaryota,0.0
Urticaceae,0,0,0.0,0.0,12,4,12,0.02,0.02,100.0,,,0,0,0,ncbi_only,Eukaryota,0.0
Albuginaceae,0,0,0.0,0.0,12,2,12,0.02,0.01,100.0,,,0,0,0,ncbi_only,Eukaryota,0.0
Cupressaceae,0,0,0.0,0.0,12,11,12,0.02,0.05,100.0,,,0,0,0,ncbi_only,Eukaryota,0.0
Pipridae,0,0,0.0,0.0,12,9,12,0.02,0.04,100.0,,,0,0,0,ncbi_only,Eukaryota,0.0
Diplonemidae,0,0,0.0,0.0,12,6,12,0.02,0.03,100.0,,,0,0,0,ncbi_only,Eukaryota,0.0
Hydridae,0,0,0.0,0.0,12,3,12,0.02,0.01,100.0,,,0,0,0,ncbi_only,Eukaryota,0.0
Thamnophilidae,0,0,0.0,0.0,11,8,11,0.02,0.04,100.0,,,0,0,0,ncbi_only,Eukaryota,0.0
Gigasporaceae,0,0,0.0,0.0,11,8,11,0.02,0.04,100.0,,,0,0,0,ncbi_only,Eukaryota,0.0
Portunidae,0,0,0.0,0.0,11,5,11,0.02,0.02,100.0,,,0,0,0,ncbi_only,Eukaryota,0.0
Lepetodrilidae,0,0,0.0,0.0,11,11,11,0.02,0.05,100.0,,,0,0,0,ncbi_only,Eukaryota,0.0
Marchantiaceae,0,0,0.0,0.0,11,3,11,0.02,0.01,100.0,,,0,0,0,ncbi_only,Eukaryota,0.0
Trichomonadidae,0,0,0.0,0.0,11,6,11,0.02,0.03,100.0,,,0,0,0,ncbi_only,Eukaryota,0.0
Sarraceniaceae,0,0,0.0,0.0,11,11,11,0.02,0.05,100.0,,,0,0,0,ncbi_only,Eukaryota,0.0
Tuberaceae,0,0,0.0,0.0,11,10,10,0.02,0.05,90.91,,,0,0,0,ncbi_only,Eukaryota,0.0
Anguinidae,0,0,0.0,0.0,11,5,11,0.02,0.02,100.0,,,0,0,0,ncbi_only,Eukaryota,0.0
Spragueidae,0,0,0.0,0.0,11,1,11,0.02,0.0,100.0,,,0,0,0,ncbi_only,Eukaryota,0.0
Mactridae,0,0,0.0,0.0,11,7,11,0.02,0.03,100.0,,,0,0,0,ncbi_only,Eukaryota,0.0
Pneumocystaceae,0,0,0.0,0.0,11,7,11,0.02,0.03,100.0,,,0,0,0,ncbi_only,Eukaryota,0.0
Otididae,0,0,0.0,0.0,11,7,11,0.02,0.03,100.0,,,0,0,0,ncbi_only,Eukaryota,0.0
Actinidiaceae,0,0,0.0,0.0,11,7,11,0.02,0.03,100.0,,,0,0,0,ncbi_only,Eukaryota,0.0
Sminthuridae,0,0,0.0,0.0,10,5,10,0.02,0.02,100.0,,,0,0,0,ncbi_only,Eukaryota,0.0
Neanuridae,0,0,0.0,0.0,10,10,10,0.02,0.05,100.0,,,0,0,0,ncbi_only,Eukaryota,0.0
Paronellidae,0,0,0.0,0.0,10,8,10,0.02,0.04,100.0,,,0,0,0,ncbi_only,Eukaryota,0.0
Odontophoridae,0,0,0.0,0.0,10,6,10,0.02,0.03,100.0,,,0,0,0,ncbi_only,Eukaryota,0.0
Powellomycetaceae,0,0,0.0,0.0,10,5,10,0.02,0.02,100.0,,,0,0,0,ncbi_only,Eukaryota,0.0
Salviniaceae,0,0,0.0,0.0,10,7,4,0.02,0.03,40.0,,,0,0,0,ncbi_only,Eukaryota,0.0
Axinellidae,0,0,0.0,0.0,10,5,10,0.02,0.02,100.0,,,0,0,0,ncbi_only,Eukaryota,0.0
Geoglossaceae,0,0,0.0,0.0,10,7,7,0.02,0.03,70.0,,,0,0,0,ncbi_only,Eukaryota,0.0
Sepiolidae,0,0,0.0,0.0,10,5,10,0.02,0.02,100.0,,,0,0,0,ncbi_only,Eukaryota,0.0
Umbelopsidaceae,0,0,0.0,0.0,10,7,10,0.02,0.03,100.0,,,0,0,0,ncbi_only,Eukaryota,0.0
Steinernematidae,0,0,0.0,0.0,10,9,10,0.02,0.04,100.0,,,0,0,0,ncbi_only,Eukaryota,0.0
Acipenseridae,0,0,0.0,0.0,10,6,10,0.02,0.03,100.0,,,0,0,0,ncbi_only,Eukaryota,0.0
Amaranthaceae,0,0,0.0,0.0,10,6,10,0.02,0.03,100.0,,,0,0,0,ncbi_only,Eukaryota,0.0
Hypericaceae,0,0,0.0,0.0,10,5,10,0.02,0.02,100.0,,,0,0,0,ncbi_only,Eukaryota,0.0
Hirundinidae,0,0,0.0,0.0,10,6,10,0.02,0.03,100.0,,,0,0,0,ncbi_only,Eukaryota,0.0
Asterinidae,0,0,0.0,0.0,10,5,10,0.02,0.02,100.0,,,0,0,0,ncbi_only,Eukaryota,0.0
Haliotidae,0,0,0.0,0.0,10,7,10,0.02,0.03,100.0,,,0,0,0,ncbi_only,Eukaryota,0.0
Lithobiidae,0,0,0.0,0.0,10,9,10,0.02,0.04,100.0,,,0,0,0,ncbi_only,Eukaryota,0.0
Passeridae,0,0,0.0,0.0,10,8,10,0.02,0.04,100.0,,,0,0,0,ncbi_only,Eukaryota,0.0
Tetrahymenidae,0,0,0.0,0.0,10,5,10,0.02,0.02,100.0,,,0,0,0,ncbi_only,Eukaryota,0.0
Hemiscylliidae,0,0,0.0,0.0,9,3,9,0.02,0.01,100.0,,,0,0,0,ncbi_only,Eukaryota,0.0
Zosteropidae,0,0,0.0,0.0,9,7,9,0.02,0.03,100.0,,,0,0,0,ncbi_only,Eukaryota,0.0
Strongyloididae,0,0,0.0,0.0,9,5,9,0.02,0.02,100.0,,,0,0,0,ncbi_only,Eukaryota,0.0
Palaemonidae,0,0,0.0,0.0,9,4,9,0.02,0.02,100.0,,,0,0,0,ncbi_only,Eukaryota,0.0
Gracilariaceae,0,0,0.0,0.0,9,9,9,0.02,0.04,100.0,,,0,0,0,ncbi_only,Eukaryota,0.0
Cephalobidae,0,0,0.0,0.0,9,5,9,0.02,0.02,100.0,,,0,0,0,ncbi_only,Eukaryota,0.0
Furnariidae,0,0,0.0,0.0,9,9,9,0.02,0.04,100.0,,,0,0,0,ncbi_only,Eukaryota,0.0
Metastrongylidae,0,0,0.0,0.0,9,5,9,0.02,0.02,100.0,,,0,0,0,ncbi_only,Eukaryota,0.0
Ancylostomatidae,0,0,0.0,0.0,9,4,9,0.02,0.02,100.0,,,0,0,0,ncbi_only,Eukaryota,0.0
Phalacrocoracidae,0,0,0.0,0.0,9,6,9,0.02,0.03,100.0,,,0,0,0,ncbi_only,Eukaryota,0.0
Mopaliidae,0,0,0.0,0.0,9,9,9,0.02,0.04,100.0,,,0,0,0,ncbi_only,Eukaryota,0.0
Timaliidae,0,0,0.0,0.0,9,9,9,0.02,0.04,100.0,,,0,0,0,ncbi_only,Eukaryota,0.0
Dunaliellaceae,0,0,0.0,0.0,9,7,9,0.02,0.03,100.0,,,0,0,0,ncbi_only,Eukaryota,0.0
Pyronemataceae,0,0,0.0,0.0,9,8,9,0.02,0.04,100.0,,,0,0,0,ncbi_only,Eukaryota,0.0
Hirudinidae,0,0,0.0,0.0,9,5,9,0.02,0.02,100.0,,,0,0,0,ncbi_only,Eukaryota,0.0
Testudinidae,0,0,0.0,0.0,9,7,9,0.02,0.03,100.0,,,0,0,0,ncbi_only,Eukaryota,0.0
Gordiidae,0,0,0.0,0.0,9,4,9,0.02,0.02,100.0,,,0,0,0,ncbi_only,Eukaryota,0.0
Geodiidae,0,0,0.0,0.0,9,5,9,0.02,0.02,100.0,,,0,0,0,ncbi_only,Eukaryota,0.0
Sepiidae,0,0,0.0,0.0,9,5,9,0.02,0.02,100.0,,,0,0,0,ncbi_only,Eukaryota,0.0
Acanthaceae,0,0,0.0,0.0,9,4,9,0.02,0.02,100.0,,,0,0,0,ncbi_only,Eukaryota,0.0
Amaryllidaceae,0,0,0.0,0.0,9,5,9,0.02,0.02,100.0,,,0,0,0,ncbi_only,Eukaryota,0.0
Motacillidae,0,0,0.0,0.0,9,7,9,0.02,0.03,100.0,,,0,0,0,ncbi_only,Eukaryota,0.0
Enchytraeidae,0,0,0.0,0.0,9,8,9,0.02,0.04,100.0,,,0,0,0,ncbi_only,Eukaryota,0.0
Meliaceae,0,0,0.0,0.0,9,8,9,0.02,0.04,100.0,,,0,0,0,ncbi_only,Eukaryota,0.0
Orchesellidae,0,0,0.0,0.0,9,6,9,0.02,0.03,100.0,,,0,0,0,ncbi_only,Eukaryota,0.0
Boraginaceae,0,0,0.0,0.0,8,5,8,0.02,0.02,100.0,,,0,0,0,ncbi_only,Eukaryota,0.0
Procellariidae,0,0,0.0,0.0,8,6,8,0.02,0.03,100.0,,,0,0,0,ncbi_only,Eukaryota,0.0
Didemnidae,0,0,0.0,0.0,8,4,8,0.02,0.02,100.0,,,0,0,0,ncbi_only,Eukaryota,0.0
Hypogastruridae,0,0,0.0,0.0,8,7,8,0.02,0.03,100.0,,,0,0,0,ncbi_only,Eukaryota,0.0
Spongillidae,0,0,0.0,0.0,8,3,8,0.02,0.01,100.0,,,0,0,0,ncbi_only,Eukaryota,0.0
Pachycephalidae,0,0,0.0,0.0,8,8,8,0.02,0.04,100.0,,,0,0,0,ncbi_only,Eukaryota,0.0
Dromaiidae,0,0,0.0,0.0,8,1,8,0.02,0.0,100.0,,,0,0,0,ncbi_only,Eukaryota,0.0
Iridaceae,0,0,0.0,0.0,8,6,8,0.02,0.03,100.0,,,0,0,0,ncbi_only,Eukaryota,0.0
Geoemydidae,0,0,0.0,0.0,8,6,8,0.02,0.03,100.0,,,0,0,0,ncbi_only,Eukaryota,0.0
Leucosporidiaceae,0,0,0.0,0.0,8,3,7,0.02,0.01,87.5,,,0,0,0,ncbi_only,Eukaryota,0.0
Melampsoraceae,0,0,0.0,0.0,8,8,8,0.02,0.04,100.0,,,0,0,0,ncbi_only,Eukaryota,0.0
Naviculaceae,0,0,0.0,0.0,8,5,8,0.02,0.02,100.0,,,0,0,0,ncbi_only,Eukaryota,0.0
Perkinsidae,0,0,0.0,0.0,8,4,8,0.02,0.02,100.0,,,0,0,0,ncbi_only,Eukaryota,0.0
Closteriaceae,0,0,0.0,0.0,8,8,8,0.02,0.04,100.0,,,0,0,0,ncbi_only,Eukaryota,0.0
Syncephalastraceae,0,0,0.0,0.0,8,5,8,0.02,0.02,100.0,,,0,0,0,ncbi_only,Eukaryota,0.0
Alopiidae,0,0,0.0,0.0,8,3,8,0.02,0.01,100.0,,,0,0,0,ncbi_only,Eukaryota,0.0
Cuculidae,0,0,0.0,0.0,8,5,8,0.02,0.02,100.0,,,0,0,0,ncbi_only,Eukaryota,0.0
Alligatoridae,0,0,0.0,0.0,8,4,8,0.02,0.02,100.0,,,0,0,0,ncbi_only,Eukaryota,0.0
Acanthasteridae,0,0,0.0,0.0,8,1,8,0.02,0.0,100.0,,,0,0,0,ncbi_only,Eukaryota,0.0
Unionidae,0,0,0.0,0.0,8,8,8,0.02,0.04,100.0,,,0,0,0,ncbi_only,Eukaryota,0.0
Cyanidiaceae,0,0,0.0,0.0,8,3,8,0.02,0.01,100.0,,,0,0,0,ncbi_only,Eukaryota,0.0
Plakobranchidae,0,0,0.0,0.0,8,5,8,0.02,0.02,100.0,,,0,0,0,ncbi_only,Eukaryota,0.0
Chromodorididae,0,0,0.0,0.0,8,8,8,0.02,0.04,100.0,,,0,0,0,ncbi_only,Eukaryota,0.0
Apodidae,0,0,0.0,0.0,8,5,8,0.02,0.02,100.0,,,0,0,0,ncbi_only,Eukaryota,0.0
Trichuridae,0,0,0.0,0.0,8,3,8,0.02,0.01,100.0,,,0,0,0,ncbi_only,Eukaryota,0.0
Crassulaceae,0,0,0.0,0.0,8,6,8,0.02,0.03,100.0,,,0,0,0,ncbi_only,Eukaryota,0.0
Diomedeidae,0,0,0.0,0.0,8,7,8,0.02,0.03,100.0,,,0,0,0,ncbi_only,Eukaryota,0.0
Styelidae,0,0,0.0,0.0,8,4,8,0.02,0.02,100.0,,,0,0,0,ncbi_only,Eukaryota,0.0
Oikopleuridae,0,0,0.0,0.0,8,6,8,0.02,0.03,100.0,,,0,0,0,ncbi_only,Eukaryota,0.0
Dimargaritaceae,0,0,0.0,0.0,7,6,7,0.01,0.03,100.0,,,0,0,0,ncbi_only,Eukaryota,0.0
Nereididae,0,0,0.0,0.0,7,5,7,0.01,0.02,100.0,,,0,0,0,ncbi_only,Eukaryota,0.0
Thymelaeaceae,0,0,0.0,0.0,7,6,7,0.01,0.03,100.0,,,0,0,0,ncbi_only,Eukaryota,0.0
Lybiidae,0,0,0.0,0.0,7,5,7,0.01,0.02,100.0,,,0,0,0,ncbi_only,Eukaryota,0.0
Helicidae,0,0,0.0,0.0,7,3,7,0.01,0.01,100.0,,,0,0,0,ncbi_only,Eukaryota,0.0
Ulmaceae,0,0,0.0,0.0,7,4,7,0.01,0.02,100.0,,,0,0,0,ncbi_only,Eukaryota,0.0
Ascidiidae,0,0,0.0,0.0,7,4,7,0.01,0.02,100.0,,,0,0,0,ncbi_only,Eukaryota,0.0
Pezizaceae,0,0,0.0,0.0,7,6,7,0.01,0.03,100.0,,,0,0,0,ncbi_only,Eukaryota,0.0
Strongylocentrotidae,0,0,0.0,0.0,7,5,7,0.01,0.02,100.0,,,0,0,0,ncbi_only,Eukaryota,0.0
Enterocytozoonidae,0,0,0.0,0.0,7,3,7,0.01,0.01,100.0,,,0,0,0,ncbi_only,Eukaryota,0.0
Mermithidae,0,0,0.0,0.0,7,3,7,0.01,0.01,100.0,,,0,0,0,ncbi_only,Eukaryota,0.0
Alariaceae,0,0,0.0,0.0,7,6,7,0.01,0.03,100.0,,,0,0,0,ncbi_only,Eukaryota,0.0
Dicyrtomidae,0,0,0.0,0.0,7,4,7,0.01,0.02,100.0,,,0,0,0,ncbi_only,Eukaryota,0.0
Acanthizidae,0,0,0.0,0.0,7,6,6,0.01,0.03,85.71,,,0,0,0,ncbi_only,Eukaryota,0.0
Diplogasteridae,0,0,0.0,0.0,7,4,7,0.01,0.02,100.0,,,0,0,0,ncbi_only,Eukaryota,0.0
Ebenaceae,0,0,0.0,0.0,7,2,7,0.01,0.01,100.0,,,0,0,0,ncbi_only,Eukaryota,0.0
Musophagidae,0,0,0.0,0.0,7,5,7,0.01,0.02,100.0,,,0,0,0,ncbi_only,Eukaryota,0.0
Caprifoliaceae,0,0,0.0,0.0,7,5,7,0.01,0.02,100.0,,,0,0,0,ncbi_only,Eukaryota,0.0
Chytridiaceae,0,0,0.0,0.0,7,7,7,0.01,0.03,100.0,,,0,0,0,ncbi_only,Eukaryota,0.0
Violaceae,0,0,0.0,0.0,7,4,7,0.01,0.02,100.0,,,0,0,0,ncbi_only,Eukaryota,0.0
Certhiidae,0,0,0.0,0.0,7,7,7,0.01,0.03,100.0,,,0,0,0,ncbi_only,Eukaryota,0.0
Balsaminaceae,0,0,0.0,0.0,7,4,7,0.01,0.02,100.0,,,0,0,0,ncbi_only,Eukaryota,0.0
Cerylidae,0,0,0.0,0.0,7,7,7,0.01,0.03,100.0,,,0,0,0,ncbi_only,Eukaryota,0.0
Verbenaceae,0,0,0.0,0.0,7,4,7,0.01,0.02,100.0,,,0,0,0,ncbi_only,Eukaryota,0.0
Triparmaceae,0,0,0.0,0.0,7,6,7,0.01,0.03,100.0,,,0,0,0,ncbi_only,Eukaryota,0.0
Pteriidae,0,0,0.0,0.0,7,5,7,0.01,0.02,100.0,,,0,0,0,ncbi_only,Eukaryota,0.0
Myxinidae,0,0,0.0,0.0,7,4,7,0.01,0.02,100.0,,,0,0,0,ncbi_only,Eukaryota,0.0
Magnoliaceae,0,0,0.0,0.0,7,7,1,0.01,0.03,14.29,,,0,0,0,ncbi_only,Eukaryota,0.0
Trionychidae,0,0,0.0,0.0,7,5,7,0.01,0.02,100.0,,,0,0,0,ncbi_only,Eukaryota,0.0
Cionidae,0,0,0.0,0.0,6,2,6,0.01,0.01,100.0,,,0,0,0,ncbi_only,Eukaryota,0.0
Begoniaceae,0,0,0.0,0.0,6,6,6,0.01,0.03,100.0,,,0,0,0,ncbi_only,Eukaryota,0.0
Maluridae,0,0,0.0,0.0,6,6,6,0.01,0.03,100.0,,,0,0,0,ncbi_only,Eukaryota,0.0
Dinobryaceae,0,0,0.0,0.0,6,4,6,0.01,0.02,100.0,,,0,0,0,ncbi_only,Eukaryota,0.0
Chondrillidae,0,0,0.0,0.0,6,3,6,0.01,0.01,100.0,,,0,0,0,ncbi_only,Eukaryota,0.0
Scrophulariaceae,0,0,0.0,0.0,6,3,6,0.01,0.01,100.0,,,0,0,0,ncbi_only,Eukaryota,0.0
Meropidae,0,0,0.0,0.0,6,4,6,0.01,0.02,100.0,,,0,0,0,ncbi_only,Eukaryota,0.0
Hydrangeaceae,0,0,0.0,0.0,6,1,6,0.01,0.0,100.0,,,0,0,0,ncbi_only,Eukaryota,0.0
Cornaceae,0,0,0.0,0.0,6,4,6,0.01,0.02,100.0,,,0,0,0,ncbi_only,Eukaryota,0.0
Apterygidae,0,0,0.0,0.0,6,4,6,0.01,0.02,100.0,,,0,0,0,ncbi_only,Eukaryota,0.0
Salpidae,0,0,0.0,0.0,6,4,6,0.01,0.02,100.0,,,0,0,0,ncbi_only,Eukaryota,0.0
Ulvaceae,0,0,0.0,0.0,6,4,6,0.01,0.02,100.0,,,0,0,0,ncbi_only,Eukaryota,0.0
Lymnaeidae,0,0,0.0,0.0,6,4,6,0.01,0.02,100.0,,,0,0,0,ncbi_only,Eukaryota,0.0
Cathartidae,0,0,0.0,0.0,6,4,6,0.01,0.02,100.0,,,0,0,0,ncbi_only,Eukaryota,0.0
Nelumbonaceae,0,0,0.0,0.0,6,2,6,0.01,0.01,100.0,,,0,0,0,ncbi_only,Eukaryota,0.0
Spongiidae,0,0,0.0,0.0,6,3,6,0.01,0.01,100.0,,,0,0,0,ncbi_only,Eukaryota,0.0
Toxopneustidae,0,0,0.0,0.0,6,3,6,0.01,0.01,100.0,,,0,0,0,ncbi_only,Eukaryota,0.0
Ancylistaceae,0,0,0.0,0.0,6,6,6,0.01,0.03,100.0,,,0,0,0,ncbi_only,Eukaryota,0.0
Ascoideaceae,0,0,0.0,0.0,6,3,6,0.01,0.01,100.0,,,0,0,0,ncbi_only,Eukaryota,0.0
Bugulidae,0,0,0.0,0.0,6,3,6,0.01,0.01,100.0,,,0,0,0,ncbi_only,Eukaryota,0.0
Katiannidae,0,0,0.0,0.0,6,5,6,0.01,0.02,100.0,,,0,0,0,ncbi_only,Eukaryota,0.0
Trochidae,0,0,0.0,0.0,6,3,4,0.01,0.01,66.67,,,0,0,0,ncbi_only,Eukaryota,0.0
Dubosqiidae,0,0,0.0,0.0,6,2,4,0.01,0.01,66.67,,,0,0,0,ncbi_only,Eukaryota,0.0
Holothuriidae,0,0,0.0,0.0,6,5,6,0.01,0.02,100.0,,,0,0,0,ncbi_only,Eukaryota,0.0
Elaeagnaceae,0,0,0.0,0.0,6,6,6,0.01,0.03,100.0,,,0,0,0,ncbi_only,Eukaryota,0.0
Petrosiidae,0,0,0.0,0.0,6,3,6,0.01,0.01,100.0,,,0,0,0,ncbi_only,Eukaryota,0.0
Milleporidae,0,0,0.0,0.0,6,3,6,0.01,0.01,100.0,,,0,0,0,ncbi_only,Eukaryota,0.0
Menispermaceae,0,0,0.0,0.0,6,5,5,0.01,0.02,83.33,,,0,0,0,ncbi_only,Eukaryota,0.0
Onchidiidae,0,0,0.0,0.0,6,5,6,0.01,0.02,100.0,,,0,0,0,ncbi_only,Eukaryota,0.0
Onagraceae,0,0,0.0,0.0,6,4,6,0.01,0.02,100.0,,,0,0,0,ncbi_only,Eukaryota,0.0
Agelasidae,0,0,0.0,0.0,6,3,6,0.01,0.01,100.0,,,0,0,0,ncbi_only,Eukaryota,0.0
Dendrocolaptidae,0,0,0.0,0.0,6,6,6,0.01,0.03,100.0,,,0,0,0,ncbi_only,Eukaryota,0.0
Linotaeniidae,0,0,0.0,0.0,6,4,6,0.01,0.02,100.0,,,0,0,0,ncbi_only,Eukaryota,0.0
Dasyatidae,0,0,0.0,0.0,6,5,6,0.01,0.02,100.0,,,0,0,0,ncbi_only,Eukaryota,0.0
Chelydridae,0,0,0.0,0.0,6,2,6,0.01,0.01,100.0,,,0,0,0,ncbi_only,Eukaryota,0.0
Kudoidae,0,0,0.0,0.0,6,3,6,0.01,0.01,100.0,,,0,0,0,ncbi_only,Eukaryota,0.0
Sphaerophragmiaceae,0,0,0.0,0.0,6,1,6,0.01,0.0,100.0,,,0,0,0,ncbi_only,Eukaryota,0.0
Phycomycetaceae,0,0,0.0,0.0,6,3,6,0.01,0.01,100.0,,,0,0,0,ncbi_only,Eukaryota,0.0
Gesneriaceae,0,0,0.0,0.0,6,6,6,0.01,0.03,100.0,,,0,0,0,ncbi_only,Eukaryota,0.0
Lepisosteidae,0,0,0.0,0.0,6,3,6,0.01,0.01,100.0,,,0,0,0,ncbi_only,Eukaryota,0.0
Niphatidae,0,0,0.0,0.0,6,2,2,0.01,0.01,33.33,,,0,0,0,ncbi_only,Eukaryota,0.0
Polyphysaceae,0,0,0.0,0.0,6,1,6,0.01,0.0,100.0,,,0,0,0,ncbi_only,Eukaryota,0.0
Pteroclidae,0,0,0.0,0.0,6,4,6,0.01,0.02,100.0,,,0,0,0,ncbi_only,Eukaryota,0.0
Caprimulgidae,0,0,0.0,0.0,6,4,6,0.01,0.02,100.0,,,0,0,0,ncbi_only,Eukaryota,0.0
Grossulariaceae,0,0,0.0,0.0,6,3,6,0.01,0.01,100.0,,,0,0,0,ncbi_only,Eukaryota,0.0
Piscicolidae,0,0,0.0,0.0,6,3,6,0.01,0.01,100.0,,,0,0,0,ncbi_only,Eukaryota,0.0
Coleosporiaceae,0,0,0.0,0.0,6,5,6,0.01,0.02,100.0,,,0,0,0,ncbi_only,Eukaryota,0.0
Piptocephalidaceae,0,0,0.0,0.0,5,5,4,0.01,0.02,80.0,,,0,0,0,ncbi_only,Eukaryota,0.0
Berberidaceae,0,0,0.0,0.0,5,3,5,0.01,0.01,100.0,,,0,0,0,ncbi_only,Eukaryota,0.0
Echinometridae,0,0,0.0,0.0,5,4,5,0.01,0.02,100.0,,,0,0,0,ncbi_only,Eukaryota,0.0
Gaviidae,0,0,0.0,0.0,5,3,5,0.01,0.01,100.0,,,0,0,0,ncbi_only,Eukaryota,0.0
Myxobolidae,0,0,0.0,0.0,5,5,5,0.01,0.02,100.0,,,0,0,0,ncbi_only,Eukaryota,0.0
Thelaziidae,0,0,0.0,0.0,5,2,5,0.01,0.01,100.0,,,0,0,0,ncbi_only,Eukaryota,0.0
Cardinalidae,0,0,0.0,0.0,5,4,5,0.01,0.02,100.0,,,0,0,0,ncbi_only,Eukaryota,0.0
Macrostomidae,0,0,0.0,0.0,5,4,5,0.01,0.02,100.0,,,0,0,0,ncbi_only,Eukaryota,0.0
Petroicidae,0,0,0.0,0.0,5,4,5,0.01,0.02,100.0,,,0,0,0,ncbi_only,Eukaryota,0.0
Pteridaceae,0,0,0.0,0.0,5,3,5,0.01,0.01,100.0,,,0,0,0,ncbi_only,Eukaryota,0.0
Acytosteliaceae,0,0,0.0,0.0,5,5,5,0.01,0.02,100.0,,,0,0,0,ncbi_only,Eukaryota,0.0
Dendronotidae,0,0,0.0,0.0,5,5,5,0.01,0.02,100.0,,,0,0,0,ncbi_only,Eukaryota,0.0
Lentibulariaceae,0,0,0.0,0.0,5,5,5,0.01,0.02,100.0,,,0,0,0,ncbi_only,Eukaryota,0.0
Ceratomyxidae,0,0,0.0,0.0,5,5,5,0.01,0.02,100.0,,,0,0,0,ncbi_only,Eukaryota,0.0
Ordosporidae,0,0,0.0,0.0,5,2,5,0.01,0.01,100.0,,,0,0,0,ncbi_only,Eukaryota,0.0
Antedonidae,0,0,0.0,0.0,5,4,5,0.01,0.02,100.0,,,0,0,0,ncbi_only,Eukaryota,0.0
Goniasteridae,0,0,0.0,0.0,5,3,5,0.01,0.01,100.0,,,0,0,0,ncbi_only,Eukaryota,0.0
Choanephoraceae,0,0,0.0,0.0,5,3,5,0.01,0.01,100.0,,,0,0,0,ncbi_only,Eukaryota,0.0
Bangiaceae,0,0,0.0,0.0,5,4,5,0.01,0.02,100.0,,,0,0,0,ncbi_only,Eukaryota,0.0
Alaudidae,0,0,0.0,0.0,5,5,5,0.01,0.02,100.0,,,0,0,0,ncbi_only,Eukaryota,0.0
Polypteridae,0,0,0.0,0.0,5,3,5,0.01,0.01,100.0,,,0,0,0,ncbi_only,Eukaryota,0.0
Haemopidae,0,0,0.0,0.0,5,3,5,0.01,0.01,100.0,,,0,0,0,ncbi_only,Eukaryota,0.0
Aquifoliaceae,0,0,0.0,0.0,5,3,5,0.01,0.01,100.0,,,0,0,0,ncbi_only,Eukaryota,0.0
Loliginidae,0,0,0.0,0.0,5,3,5,0.01,0.01,100.0,,,0,0,0,ncbi_only,Eukaryota,0.0
Lottiidae,0,0,0.0,0.0,5,4,5,0.01,0.02,100.0,,,0,0,0,ncbi_only,Eukaryota,0.0
Diphyllobothriidae,0,0,0.0,0.0,5,4,5,0.01,0.02,100.0,,,0,0,0,ncbi_only,Eukaryota,0.0
Cambaridae,0,0,0.0,0.0,5,2,5,0.01,0.01,100.0,,,0,0,0,ncbi_only,Eukaryota,0.0
Lithodidae,0,0,0.0,0.0,5,3,5,0.01,0.01,100.0,,,0,0,0,ncbi_only,Eukaryota,0.0
Solasteridae,0,0,0.0,0.0,5,2,5,0.01,0.01,100.0,,,0,0,0,ncbi_only,Eukaryota,0.0
Lineidae,0,0,0.0,0.0,5,4,5,0.01,0.02,100.0,,,0,0,0,ncbi_only,Eukaryota,0.0
Cymodoceaceae,0,0,0.0,0.0,5,3,5,0.01,0.01,100.0,,,0,0,0,ncbi_only,Eukaryota,0.0
Syllidae,0,0,0.0,0.0,5,4,5,0.01,0.02,100.0,,,0,0,0,ncbi_only,Eukaryota,0.0
Arionidae,0,0,0.0,0.0,5,3,5,0.01,0.01,100.0,,,0,0,0,ncbi_only,Eukaryota,0.0
Melastomataceae,0,0,0.0,0.0,5,4,5,0.01,0.02,100.0,,,0,0,0,ncbi_only,Eukaryota,0.0
Entomophthoraceae,0,0,0.0,0.0,5,3,5,0.01,0.01,100.0,,,0,0,0,ncbi_only,Eukaryota,0.0
Chalinidae,0,0,0.0,0.0,5,3,5,0.01,0.01,100.0,,,0,0,0,ncbi_only,Eukaryota,0.0
Neelidae,0,0,0.0,0.0,5,4,5,0.01,0.02,100.0,,,0,0,0,ncbi_only,Eukaryota,0.0
Proteaceae,0,0,0.0,0.0,5,5,5,0.01,0.02,100.0,,,0,0,0,ncbi_only,Eukaryota,0.0
Varunidae,0,0,0.0,0.0,5,1,5,0.01,0.0,100.0,,,0,0,0,ncbi_only,Eukaryota,0.0
Sargassaceae,0,0,0.0,0.0,5,4,5,0.01,0.02,100.0,,,0,0,0,ncbi_only,Eukaryota,0.0
Serpulidae,0,0,0.0,0.0,5,3,5,0.01,0.01,100.0,,,0,0,0,ncbi_only,Eukaryota,0.0
Sapotaceae,0,0,0.0,0.0,5,4,5,0.01,0.02,100.0,,,0,0,0,ncbi_only,Eukaryota,0.0
Santalaceae,0,0,0.0,0.0,5,1,5,0.01,0.0,100.0,,,0,0,0,ncbi_only,Eukaryota,0.0
Nectariniidae,0,0,0.0,0.0,5,5,5,0.01,0.02,100.0,,,0,0,0,ncbi_only,Eukaryota,0.0
Casuarinaceae,0,0,0.0,0.0,5,3,5,0.01,0.01,100.0,,,0,0,0,ncbi_only,Eukaryota,0.0
Geophilidae,0,0,0.0,0.0,5,5,5,0.01,0.02,100.0,,,0,0,0,ncbi_only,Eukaryota,0.0
Arcidae,0,0,0.0,0.0,5,4,5,0.01,0.02,100.0,,,0,0,0,ncbi_only,Eukaryota,0.0
Bucorvidae,0,0,0.0,0.0,5,2,5,0.01,0.01,100.0,,,0,0,0,ncbi_only,Eukaryota,0.0
Combretaceae,0,0,0.0,0.0,5,5,5,0.01,0.02,100.0,,,0,0,0,ncbi_only,Eukaryota,0.0
Typhaceae,0,0,0.0,0.0,5,3,5,0.01,0.01,100.0,,,0,0,0,ncbi_only,Eukaryota,0.0
Liliaceae,0,0,0.0,0.0,5,5,5,0.01,0.02,100.0,,,0,0,0,ncbi_only,Eukaryota,0.0
Saxifragaceae,0,0,0.0,0.0,5,4,5,0.01,0.02,100.0,,,0,0,0,ncbi_only,Eukaryota,0.0
Monarchidae,0,0,0.0,0.0,5,5,5,0.01,0.02,100.0,,,0,0,0,ncbi_only,Eukaryota,0.0
Tritrichomonadidae,0,0,0.0,0.0,5,3,4,0.01,0.01,80.0,,,0,0,0,ncbi_only,Eukaryota,0.0
Tamaricaceae,0,0,0.0,0.0,5,4,5,0.01,0.02,100.0,,,0,0,0,ncbi_only,Eukaryota,0.0
Myliobatidae,0,0,0.0,0.0,5,4,5,0.01,0.02,100.0,,,0,0,0,ncbi_only,Eukaryota,0.0
Sagittiferidae,0,0,0.0,0.0,5,2,2,0.01,0.01,40.0,,,0,0,0,ncbi_only,Eukaryota,0.0
Sminthurididae,0,0,0.0,0.0,5,3,5,0.01,0.01,100.0,,,0,0,0,ncbi_only,Eukaryota,0.0
Sporopachydermiaceae,0,0,0.0,0.0,5,3,5,0.01,0.01,100.0,,,0,0,0,ncbi_only,Eukaryota,0.0
Ophiuridae,0,0,0.0,0.0,5,3,5,0.01,0.01,100.0,,,0,0,0,ncbi_only,Eukaryota,0.0
Arthoniaceae,0,0,0.0,0.0,4,4,1,0.01,0.02,25.0,,,0,0,0,ncbi_only,Eukaryota,0.0
Phyllanthaceae,0,0,0.0,0.0,4,3,4,0.01,0.01,100.0,,,0,0,0,ncbi_only,Eukaryota,0.0
Saururaceae,0,0,0.0,0.0,4,2,4,0.01,0.01,100.0,,,0,0,0,ncbi_only,Eukaryota,0.0
Haematococcaceae,0,0,0.0,0.0,4,2,4,0.01,0.01,100.0,,,0,0,0,ncbi_only,Eukaryota,0.0
Tubulinosematidae,0,0,0.0,0.0,4,2,4,0.01,0.01,100.0,,,0,0,0,ncbi_only,Eukaryota,0.0
Synchytriaceae,0,0,0.0,0.0,4,2,4,0.01,0.01,100.0,,,0,0,0,ncbi_only,Eukaryota,0.0
Leiothrichidae,0,0,0.0,0.0,4,4,4,0.01,0.02,100.0,,,0,0,0,ncbi_only,Eukaryota,0.0
Simmondsiaceae,0,0,0.0,0.0,4,1,4,0.01,0.0,100.0,,,0,0,0,ncbi_only,Eukaryota,0.0
Coliidae,0,0,0.0,0.0,4,2,4,0.01,0.01,100.0,,,0,0,0,ncbi_only,Eukaryota,0.0
Hoplolaimidae,0,0,0.0,0.0,4,4,4,0.01,0.02,100.0,,,0,0,0,ncbi_only,Eukaryota,0.0
Peribolosporaceae,0,0,0.0,0.0,4,2,4,0.01,0.01,100.0,,,0,0,0,ncbi_only,Eukaryota,0.0
Coelacanthidae,0,0,0.0,0.0,4,1,4,0.01,0.0,100.0,,,0,0,0,ncbi_only,Eukaryota,0.0
Hydrocharitaceae,0,0,0.0,0.0,4,3,4,0.01,0.01,100.0,,,0,0,0,ncbi_only,Eukaryota,0.0
Lagenidiaceae,0,0,0.0,0.0,4,2,4,0.01,0.01,100.0,,,0,0,0,ncbi_only,Eukaryota,0.0
Hydrobatidae,0,0,0.0,0.0,4,4,4,0.01,0.02,100.0,,,0,0,0,ncbi_only,Eukaryota,0.0
Laniidae,0,0,0.0,0.0,4,4,4,0.01,0.02,100.0,,,0,0,0,ncbi_only,Eukaryota,0.0
Clavelinidae,0,0,0.0,0.0,4,1,4,0.01,0.0,100.0,,,0,0,0,ncbi_only,Eukaryota,0.0
Juncaginaceae,0,0,0.0,0.0,4,2,4,0.01,0.01,100.0,,,0,0,0,ncbi_only,Eukaryota,0.0
Paguridae,0,0,0.0,0.0,4,4,4,0.01,0.02,100.0,,,0,0,0,ncbi_only,Eukaryota,0.0
Chrysochromulinaceae,0,0,0.0,0.0,4,3,2,0.01,0.01,50.0,,,0,0,0,ncbi_only,Eukaryota,0.0
Aristolochiaceae,0,0,0.0,0.0,4,3,4,0.01,0.01,100.0,,,0,0,0,ncbi_only,Eukaryota,0.0
Arrhopalitidae,0,0,0.0,0.0,4,4,4,0.01,0.02,100.0,,,0,0,0,ncbi_only,Eukaryota,0.0
Coraciidae,0,0,0.0,0.0,4,4,4,0.01,0.02,100.0,,,0,0,0,ncbi_only,Eukaryota,0.0
Cinclidae,0,0,0.0,0.0,4,2,4,0.01,0.01,100.0,,,0,0,0,ncbi_only,Eukaryota,0.0
Cladorhizidae,0,0,0.0,0.0,4,2,4,0.01,0.01,100.0,,,0,0,0,ncbi_only,Eukaryota,0.0
Parastacidae,0,0,0.0,0.0,4,2,4,0.01,0.01,100.0,,,0,0,0,ncbi_only,Eukaryota,0.0
Indicatoridae,0,0,0.0,0.0,4,3,4,0.01,0.01,100.0,,,0,0,0,ncbi_only,Eukaryota,0.0
Phrymaceae,0,0,0.0,0.0,4,3,4,0.01,0.01,100.0,,,0,0,0,ncbi_only,Eukaryota,0.0
Dicruridae,0,0,0.0,0.0,4,4,4,0.01,0.02,100.0,,,0,0,0,ncbi_only,Eukaryota,0.0
Tethyidae,0,0,0.0,0.0,4,3,4,0.01,0.01,100.0,,,0,0,0,ncbi_only,Eukaryota,0.0
Droseraceae,0,0,0.0,0.0,4,4,4,0.01,0.02,100.0,,,0,0,0,ncbi_only,Eukaryota,0.0
Pyuridae,0,0,0.0,0.0,4,4,4,0.01,0.02,100.0,,,0,0,0,ncbi_only,Eukaryota,0.0
Endogonaceae,0,0,0.0,0.0,4,3,4,0.01,0.01,100.0,,,0,0,0,ncbi_only,Eukaryota,0.0
Bonnemaisoniaceae,0,0,0.0,0.0,4,2,4,0.01,0.01,100.0,,,0,0,0,ncbi_only,Eukaryota,0.0
Tellinidae,0,0,0.0,0.0,4,3,4,0.01,0.01,100.0,,,0,0,0,ncbi_only,Eukaryota,0.0
Solecurtidae,0,0,0.0,0.0,4,2,4,0.01,0.01,100.0,,,0,0,0,ncbi_only,Eukaryota,0.0
Tytonidae,0,0,0.0,0.0,4,2,4,0.01,0.01,100.0,,,0,0,0,ncbi_only,Eukaryota,0.0
Hiatellidae,0,0,0.0,0.0,4,2,4,0.01,0.01,100.0,,,0,0,0,ncbi_only,Eukaryota,0.0
Heterorhabditidae,0,0,0.0,0.0,4,2,4,0.01,0.01,100.0,,,0,0,0,ncbi_only,Eukaryota,0.0
Ancorinidae,0,0,0.0,0.0,4,2,4,0.01,0.01,100.0,,,0,0,0,ncbi_only,Eukaryota,0.0
Hymenolepididae,0,0,0.0,0.0,4,3,4,0.01,0.01,100.0,,,0,0,0,ncbi_only,Eukaryota,0.0
Scyliorhinidae,0,0,0.0,0.0,4,2,4,0.01,0.01,100.0,,,0,0,0,ncbi_only,Eukaryota,0.0
Hylocomiaceae,0,0,0.0,0.0,4,3,4,0.01,0.01,100.0,,,0,0,0,ncbi_only,Eukaryota,0.0
Celastraceae,0,0,0.0,0.0,4,2,4,0.01,0.01,100.0,,,0,0,0,ncbi_only,Eukaryota,0.0
Podicipedidae,0,0,0.0,0.0,4,4,4,0.01,0.02,100.0,,,0,0,0,ncbi_only,Eukaryota,0.0
Gentianaceae,0,0,0.0,0.0,4,4,4,0.01,0.02,100.0,,,0,0,0,ncbi_only,Eukaryota,0.0
Geminigeraceae,0,0,0.0,0.0,4,2,2,0.01,0.01,50.0,,,0,0,0,ncbi_only,Eukaryota,0.0
Gavialidae,0,0,0.0,0.0,4,1,4,0.01,0.0,100.0,,,0,0,0,ncbi_only,Eukaryota,0.0
Bolinopsidae,0,0,0.0,0.0,4,2,4,0.01,0.01,100.0,,,0,0,0,ncbi_only,Eukaryota,0.0
Prymnesiaceae,0,0,0.0,0.0,4,2,3,0.01,0.01,75.0,,,0,0,0,ncbi_only,Eukaryota,0.0
Rheidae,0,0,0.0,0.0,4,2,4,0.01,0.01,100.0,,,0,0,0,ncbi_only,Eukaryota,0.0
Chelidae,0,0,0.0,0.0,4,4,4,0.01,0.02,100.0,,,0,0,0,ncbi_only,Eukaryota,0.0
Tullbergiidae,0,0,0.0,0.0,4,3,4,0.01,0.01,100.0,,,0,0,0,ncbi_only,Eukaryota,0.0
Trogonidae,0,0,0.0,0.0,4,3,4,0.01,0.01,100.0,,,0,0,0,ncbi_only,Eukaryota,0.0
Janiridae,0,0,0.0,0.0,4,2,4,0.01,0.01,100.0,,,0,0,0,ncbi_only,Eukaryota,0.0
Camaenidae,0,0,0.0,0.0,4,4,4,0.01,0.02,100.0,,,0,0,0,ncbi_only,Eukaryota,0.0
Rhodomelaceae,0,0,0.0,0.0,4,4,4,0.01,0.02,100.0,,,0,0,0,ncbi_only,Eukaryota,0.0
Burseraceae,0,0,0.0,0.0,4,4,4,0.01,0.02,100.0,,,0,0,0,ncbi_only,Eukaryota,0.0
Rhizinaceae,0,0,0.0,0.0,4,1,4,0.01,0.0,100.0,,,0,0,0,ncbi_only,Eukaryota,0.0
Terramycetaceae,0,0,0.0,0.0,4,4,4,0.01,0.02,100.0,,,0,0,0,ncbi_only,Eukaryota,0.0
Stichococcaceae,0,0,0.0,0.0,4,3,4,0.01,0.01,100.0,,,0,0,0,ncbi_only,Eukaryota,0.0
Caricaceae,0,0,0.0,0.0,4,1,4,0.01,0.0,100.0,,,0,0,0,ncbi_only,Eukaryota,0.0
Uronychiidae,0,0,0.0,0.0,4,4,4,0.01,0.02,100.0,,,0,0,0,ncbi_only,Eukaryota,0.0
Basidiobolaceae,0,0,0.0,0.0,4,3,4,0.01,0.01,100.0,,,0,0,0,ncbi_only,Eukaryota,0.0
Polytrichaceae,0,0,0.0,0.0,4,4,4,0.01,0.02,100.0,,,0,0,0,ncbi_only,Eukaryota,0.0
Fragilariaceae,0,0,0.0,0.0,4,4,3,0.01,0.02,75.0,,,0,0,0,ncbi_only,Eukaryota,0.0
Porocyphaceae,0,0,0.0,0.0,4,3,2,0.01,0.01,50.0,,,0,0,0,ncbi_only,Eukaryota,0.0
Cymothoidae,0,0,0.0,0.0,4,2,4,0.01,0.01,100.0,,,0,0,0,ncbi_only,Eukaryota,0.0
Elaeocarpaceae,0,0,0.0,0.0,4,2,4,0.01,0.01,100.0,,,0,0,0,ncbi_only,Eukaryota,0.0
Pyrenomonadaceae,0,0,0.0,0.0,4,4,4,0.01,0.02,100.0,,,0,0,0,ncbi_only,Eukaryota,0.0
Diadematidae,0,0,0.0,0.0,4,2,4,0.01,0.01,100.0,,,0,0,0,ncbi_only,Eukaryota,0.0
Blepharismidae,0,0,0.0,0.0,4,3,4,0.01,0.01,100.0,,,0,0,0,ncbi_only,Eukaryota,0.0
Prunellidae,0,0,0.0,0.0,4,4,4,0.01,0.02,100.0,,,0,0,0,ncbi_only,Eukaryota,0.0
Talitridae,0,0,0.0,0.0,4,4,4,0.01,0.02,100.0,,,0,0,0,ncbi_only,Eukaryota,0.0
Strongylidae,0,0,0.0,0.0,4,4,4,0.01,0.02,100.0,,,0,0,0,ncbi_only,Eukaryota,0.0
Plectidae,0,0,0.0,0.0,4,4,4,0.01,0.02,100.0,,,0,0,0,ncbi_only,Eukaryota,0.0
Zaghouaniaceae,0,0,0.0,0.0,4,1,4,0.01,0.0,100.0,,,0,0,0,ncbi_only,Eukaryota,0.0
Zygnemataceae,0,0,0.0,0.0,4,2,4,0.01,0.01,100.0,,,0,0,0,ncbi_only,Eukaryota,0.0
Amiidae,0,0,0.0,0.0,4,1,4,0.01,0.0,100.0,,,0,0,0,ncbi_only,Eukaryota,0.0
Cariamidae,0,0,0.0,0.0,4,2,4,0.01,0.01,100.0,,,0,0,0,ncbi_only,Eukaryota,0.0
Amoebophryaceae,0,0,0.0,0.0,4,4,4,0.01,0.02,100.0,,,0,0,0,ncbi_only,Eukaryota,0.0
Nyctibiidae,0,0,0.0,0.0,4,2,4,0.01,0.01,100.0,,,0,0,0,ncbi_only,Eukaryota,0.0
Dreissenidae,0,0,0.0,0.0,4,3,4,0.01,0.01,100.0,,,0,0,0,ncbi_only,Eukaryota,0.0
Cancridae,0,0,0.0,0.0,4,2,3,0.01,0.01,75.0,,,0,0,0,ncbi_only,Eukaryota,0.0
Rhopalodiaceae,0,0,0.0,0.0,4,2,4,0.01,0.01,100.0,,,0,0,0,ncbi_only,Eukaryota,0.0
Nymphaeaceae,0,0,0.0,0.0,4,3,4,0.01,0.01,100.0,,,0,0,0,ncbi_only,Eukaryota,0.0
Oceaniidae,0,0,0.0,0.0,4,2,4,0.01,0.01,100.0,,,0,0,0,ncbi_only,Eukaryota,0.0
Xyalidae,0,0,0.0,0.0,4,3,4,0.01,0.01,100.0,,,0,0,0,ncbi_only,Eukaryota,0.0
Neomorphidae,0,0,0.0,0.0,4,4,4,0.01,0.02,100.0,,,0,0,0,ncbi_only,Eukaryota,0.0
Zoopagaceae,0,0,0.0,0.0,4,4,3,0.01,0.02,75.0,,,0,0,0,ncbi_only,Eukaryota,0.0
Bignoniaceae,0,0,0.0,0.0,4,4,4,0.01,0.02,100.0,,,0,0,0,ncbi_only,Eukaryota,0.0
Pratylenchidae,0,0,0.0,0.0,4,2,4,0.01,0.01,100.0,,,0,0,0,ncbi_only,Eukaryota,0.0
Eurylaimidae,0,0,0.0,0.0,4,4,4,0.01,0.02,100.0,,,0,0,0,ncbi_only,Eukaryota,0.0
Zosteraceae,0,0,0.0,0.0,4,3,4,0.01,0.01,100.0,,,0,0,0,ncbi_only,Eukaryota,0.0
Carcharhinidae,0,0,0.0,0.0,4,4,4,0.01,0.02,100.0,,,0,0,0,ncbi_only,Eukaryota,0.0
Mimidae,0,0,0.0,0.0,4,4,4,0.01,0.02,100.0,,,0,0,0,ncbi_only,Eukaryota,0.0
Acanthisittidae,0,0,0.0,0.0,3,1,3,0.01,0.0,100.0,,,0,0,0,ncbi_only,Eukaryota,0.0
Acanthochitonidae,0,0,0.0,0.0,3,2,3,0.01,0.01,100.0,,,0,0,0,ncbi_only,Eukaryota,0.0
Acmaeidae,0,0,0.0,0.0,3,3,3,0.01,0.01,100.0,,,0,0,0,ncbi_only,Eukaryota,0.0
Glomeridae,0,0,0.0,0.0,3,3,3,0.01,0.01,100.0,,,0,0,0,ncbi_only,Eukaryota,0.0
Aplysiidae,0,0,0.0,0.0,3,2,3,0.01,0.01,100.0,,,0,0,0,ncbi_only,Eukaryota,0.0
Megascolecidae,0,0,0.0,0.0,3,2,3,0.01,0.01,100.0,,,0,0,0,ncbi_only,Eukaryota,0.0
Hamamelidaceae,0,0,0.0,0.0,3,3,3,0.01,0.01,100.0,,,0,0,0,ncbi_only,Eukaryota,0.0
Aplustridae,0,0,0.0,0.0,3,3,3,0.01,0.01,100.0,,,0,0,0,ncbi_only,Eukaryota,0.0
Glossiphoniidae,0,0,0.0,0.0,3,2,3,0.01,0.01,100.0,,,0,0,0,ncbi_only,Eukaryota,0.0
Haliclystidae,0,0,0.0,0.0,3,2,3,0.01,0.01,100.0,,,0,0,0,ncbi_only,Eukaryota,0.0
Gorgonocephalidae,0,0,0.0,0.0,3,2,3,0.01,0.01,100.0,,,0,0,0,ncbi_only,Eukaryota,0.0
Alloascoideaceae,0,0,0.0,0.0,3,2,3,0.01,0.01,100.0,,,0,0,0,ncbi_only,Eukaryota,0.0
Anaeramoebidae,0,0,0.0,0.0,3,2,3,0.01,0.01,100.0,,,0,0,0,ncbi_only,Eukaryota,0.0
Altingiaceae,0,0,0.0,0.0,3,3,3,0.01,0.01,100.0,,,0,0,0,ncbi_only,Eukaryota,0.0
Haloragaceae,0,0,0.0,0.0,3,2,3,0.01,0.01,100.0,,,0,0,0,ncbi_only,Eukaryota,0.0
Hydractiniidae,0,0,0.0,0.0,3,2,3,0.01,0.01,100.0,,,0,0,0,ncbi_only,Eukaryota,0.0
Mesostigmataceae,0,0,0.0,0.0,3,1,3,0.01,0.0,100.0,,,0,0,0,ncbi_only,Eukaryota,0.0
Francoaceae,0,0,0.0,0.0,3,3,3,0.01,0.01,100.0,,,0,0,0,ncbi_only,Eukaryota,0.0
Funariaceae,0,0,0.0,0.0,3,2,3,0.01,0.01,100.0,,,0,0,0,ncbi_only,Eukaryota,0.0
Anisakidae,0,0,0.0,0.0,3,2,3,0.01,0.01,100.0,,,0,0,0,ncbi_only,Eukaryota,0.0
Glareolidae,0,0,0.0,0.0,3,3,3,0.01,0.01,100.0,,,0,0,0,ncbi_only,Eukaryota,0.0
Aegothelidae,0,0,0.0,0.0,3,2,3,0.01,0.01,100.0,,,0,0,0,ncbi_only,Eukaryota,0.0
Agalmatidae,0,0,0.0,0.0,3,2,3,0.01,0.01,100.0,,,0,0,0,ncbi_only,Eukaryota,0.0
Melanocharitidae,0,0,0.0,0.0,3,2,3,0.01,0.01,100.0,,,0,0,0,ncbi_only,Eukaryota,0.0
Anomiidae,0,0,0.0,0.0,3,2,3,0.01,0.01,100.0,,,0,0,0,ncbi_only,Eukaryota,0.0
Annonaceae,0,0,0.0,0.0,3,2,3,0.01,0.01,100.0,,,0,0,0,ncbi_only,Eukaryota,0.0
Aizoaceae,0,0,0.0,0.0,3,3,3,0.01,0.01,100.0,,,0,0,0,ncbi_only,Eukaryota,0.0
Halichondriidae,0,0,0.0,0.0,3,1,2,0.01,0.0,66.67,,,0,0,0,ncbi_only,Eukaryota,0.0
Lycopodiaceae,0,0,0.0,0.0,3,2,3,0.01,0.01,100.0,,,0,0,0,ncbi_only,Eukaryota,0.0
Cephaloascaceae,0,0,0.0,0.0,3,2,3,0.01,0.01,100.0,,,0,0,0,ncbi_only,Eukaryota,0.0
Cyrenidae,0,0,0.0,0.0,3,3,3,0.01,0.01,100.0,,,0,0,0,ncbi_only,Eukaryota,0.0
Ichthyobodonidae,0,0,0.0,0.0,3,2,3,0.01,0.01,100.0,,,0,0,0,ncbi_only,Eukaryota,0.0
Cinclosomatidae,0,0,0.0,0.0,3,2,3,0.01,0.01,100.0,,,0,0,0,ncbi_only,Eukaryota,0.0
Chordeumatidae,0,0,0.0,0.0,3,3,3,0.01,0.01,100.0,,,0,0,0,ncbi_only,Eukaryota,0.0
Hypsibiidae,0,0,0.0,0.0,3,2,3,0.01,0.01,100.0,,,0,0,0,ncbi_only,Eukaryota,0.0
Chlorodendraceae,0,0,0.0,0.0,3,3,3,0.01,0.01,100.0,,,0,0,0,ncbi_only,Eukaryota,0.0
Chitonidae,0,0,0.0,0.0,3,3,3,0.01,0.01,100.0,,,0,0,0,ncbi_only,Eukaryota,0.0
Chimaeridae,0,0,0.0,0.0,3,2,3,0.01,0.01,100.0,,,0,0,0,ncbi_only,Eukaryota,0.0
Kinosternidae,0,0,0.0,0.0,3,2,3,0.01,0.01,100.0,,,0,0,0,ncbi_only,Eukaryota,0.0
Marantaceae,0,0,0.0,0.0,3,2,3,0.01,0.01,100.0,,,0,0,0,ncbi_only,Eukaryota,0.0
Atyidae,0,0,0.0,0.0,3,3,3,0.01,0.01,100.0,,,0,0,0,ncbi_only,Eukaryota,0.0
Harrimaniidae,0,0,0.0,0.0,3,2,3,0.01,0.01,100.0,,,0,0,0,ncbi_only,Eukaryota,0.0
Harpacticidae,0,0,0.0,0.0,3,3,3,0.01,0.01,100.0,,,0,0,0,ncbi_only,Eukaryota,0.0
Dryopteridaceae,0,0,0.0,0.0,3,3,3,0.01,0.01,100.0,,,0,0,0,ncbi_only,Eukaryota,0.0
Dictyotaceae,0,0,0.0,0.0,3,3,3,0.01,0.01,100.0,,,0,0,0,ncbi_only,Eukaryota,0.0
Limidae,0,0,0.0,0.0,3,2,3,0.01,0.01,100.0,,,0,0,0,ncbi_only,Eukaryota,0.0
Linderniaceae,0,0,0.0,0.0,3,3,3,0.01,0.01,100.0,,,0,0,0,ncbi_only,Eukaryota,0.0
Dermochelyidae,0,0,0.0,0.0,3,1,3,0.01,0.0,100.0,,,0,0,0,ncbi_only,Eukaryota,0.0
Leptosomidae,0,0,0.0,0.0,3,1,3,0.01,0.0,100.0,,,0,0,0,ncbi_only,Eukaryota,0.0
Casuariidae,0,0,0.0,0.0,3,2,3,0.01,0.01,100.0,,,0,0,0,ncbi_only,Eukaryota,0.0
Chaetocerotaceae,0,0,0.0,0.0,3,3,2,0.01,0.01,66.67,,,0,0,0,ncbi_only,Eukaryota,0.0
Cryptomonadaceae,0,0,0.0,0.0,3,3,3,0.01,0.01,100.0,,,0,0,0,ncbi_only,Eukaryota,0.0
Coelogynoporidae,0,0,0.0,0.0,3,3,3,0.01,0.01,100.0,,,0,0,0,ncbi_only,Eukaryota,0.0
Cladonematidae,0,0,0.0,0.0,3,2,3,0.01,0.01,100.0,,,0,0,0,ncbi_only,Eukaryota,0.0
Cisticolidae,0,0,0.0,0.0,3,3,3,0.01,0.01,100.0,,,0,0,0,ncbi_only,Eukaryota,0.0
Opisthocomidae,0,0,0.0,0.0,3,1,3,0.01,0.0,100.0,,,0,0,0,ncbi_only,Eukaryota,0.0
Nepenthaceae,0,0,0.0,0.0,3,3,3,0.01,0.01,100.0,,,0,0,0,ncbi_only,Eukaryota,0.0
Posidoniaceae,0,0,0.0,0.0,3,2,3,0.01,0.01,100.0,,,0,0,0,ncbi_only,Eukaryota,0.0
Nephtyidae,0,0,0.0,0.0,3,3,3,0.01,0.01,100.0,,,0,0,0,ncbi_only,Eukaryota,0.0
Sphaerulariidae,0,0,0.0,0.0,3,2,3,0.01,0.01,100.0,,,0,0,0,ncbi_only,Eukaryota,0.0
Porphyridiaceae,0,0,0.0,0.0,3,1,3,0.01,0.0,100.0,,,0,0,0,ncbi_only,Eukaryota,0.0
Pollicipedidae,0,0,0.0,0.0,3,2,3,0.01,0.01,100.0,,,0,0,0,ncbi_only,Eukaryota,0.0
Podocnemididae,0,0,0.0,0.0,3,1,3,0.01,0.0,100.0,,,0,0,0,ncbi_only,Eukaryota,0.0
Crocodylidae,0,0,0.0,0.0,3,2,3,0.01,0.01,100.0,,,0,0,0,ncbi_only,Eukaryota,0.0
Kriegeriaceae,0,0,0.0,0.0,3,2,3,0.01,0.01,100.0,,,0,0,0,ncbi_only,Eukaryota,0.0
Echinidae,0,0,0.0,0.0,3,2,3,0.01,0.01,100.0,,,0,0,0,ncbi_only,Eukaryota,0.0
Irenidae,0,0,0.0,0.0,3,3,3,0.01,0.01,100.0,,,0,0,0,ncbi_only,Eukaryota,0.0
Brachytheciaceae,0,0,0.0,0.0,3,3,3,0.01,0.01,100.0,,,0,0,0,ncbi_only,Eukaryota,0.0
Bourletiellidae,0,0,0.0,0.0,3,3,3,0.01,0.01,100.0,,,0,0,0,ncbi_only,Eukaryota,0.0
Beroidae,0,0,0.0,0.0,3,3,3,0.01,0.01,100.0,,,0,0,0,ncbi_only,Eukaryota,0.0
Dysideidae,0,0,0.0,0.0,3,1,3,0.01,0.0,100.0,,,0,0,0,ncbi_only,Eukaryota,0.0
Rhabdonellidae,0,0,0.0,0.0,3,2,3,0.01,0.01,100.0,,,0,0,0,ncbi_only,Eukaryota,0.0
Recurvirostridae,0,0,0.0,0.0,3,2,3,0.01,0.01,100.0,,,0,0,0,ncbi_only,Eukaryota,0.0
Rafflesiaceae,0,0,0.0,0.0,3,2,3,0.01,0.01,100.0,,,0,0,0,ncbi_only,Eukaryota,0.0
Pycnococcaceae,0,0,0.0,0.0,3,1,3,0.01,0.0,100.0,,,0,0,0,ncbi_only,Eukaryota,0.0
Watanabeaceae,0,0,0.0,0.0,3,3,3,0.01,0.01,100.0,,,0,0,0,ncbi_only,Eukaryota,0.0
Rhizophlyctidaceae,0,0,0.0,0.0,3,1,3,0.01,0.0,100.0,,,0,0,0,ncbi_only,Eukaryota,0.0
Passifloraceae,0,0,0.0,0.0,3,3,3,0.01,0.01,100.0,,,0,0,0,ncbi_only,Eukaryota,0.0
Paraglomeraceae,0,0,0.0,0.0,3,2,3,0.01,0.01,100.0,,,0,0,0,ncbi_only,Eukaryota,0.0
Dipylidiidae,0,0,0.0,0.0,3,1,3,0.01,0.0,100.0,,,0,0,0,ncbi_only,Eukaryota,0.0
Candelariaceae,0,0,0.0,0.0,3,3,0,0.01,0.01,0.0,,,0,0,0,ncbi_only,Eukaryota,0.0
Campodeidae,0,0,0.0,0.0,3,3,3,0.01,0.01,100.0,,,0,0,0,ncbi_only,Eukaryota,0.0
Buxaceae,0,0,0.0,0.0,3,2,3,0.01,0.01,100.0,,,0,0,0,ncbi_only,Eukaryota,0.0
Moringaceae,0,0,0.0,0.0,3,1,3,0.01,0.0,100.0,,,0,0,0,ncbi_only,Eukaryota,0.0
Polyceridae,0,0,0.0,0.0,3,3,3,0.01,0.01,100.0,,,0,0,0,ncbi_only,Eukaryota,0.0
Psammobiidae,0,0,0.0,0.0,3,2,3,0.01,0.01,100.0,,,0,0,0,ncbi_only,Eukaryota,0.0
Protopteridae,0,0,0.0,0.0,3,1,3,0.01,0.0,100.0,,,0,0,0,ncbi_only,Eukaryota,0.0
Toxocaridae,0,0,0.0,0.0,3,1,3,0.01,0.0,100.0,,,0,0,0,ncbi_only,Eukaryota,0.0
Phoronidae,0,0,0.0,0.0,3,3,3,0.01,0.01,100.0,,,0,0,0,ncbi_only,Eukaryota,0.0
Phoenicopteridae,0,0,0.0,0.0,3,1,3,0.01,0.0,100.0,,,0,0,0,ncbi_only,Eukaryota,0.0
Phakopsoraceae,0,0,0.0,0.0,3,1,3,0.01,0.0,100.0,,,0,0,0,ncbi_only,Eukaryota,0.0
Phaethontidae,0,0,0.0,0.0,3,2,3,0.01,0.01,100.0,,,0,0,0,ncbi_only,Eukaryota,0.0
Struthionidae,0,0,0.0,0.0,3,1,3,0.01,0.0,100.0,,,0,0,0,ncbi_only,Eukaryota,0.0
Sittidae,0,0,0.0,0.0,3,3,3,0.01,0.01,100.0,,,0,0,0,ncbi_only,Eukaryota,0.0
Selaginellaceae,0,0,0.0,0.0,3,3,3,0.01,0.01,100.0,,,0,0,0,ncbi_only,Eukaryota,0.0
Podargidae,0,0,0.0,0.0,3,1,3,0.01,0.0,100.0,,,0,0,0,ncbi_only,Eukaryota,0.0
Pleurobrachiidae,0,0,0.0,0.0,3,2,3,0.01,0.01,100.0,,,0,0,0,ncbi_only,Eukaryota,0.0
Pleistophoridae,0,0,0.0,0.0,3,3,3,0.01,0.01,100.0,,,0,0,0,ncbi_only,Eukaryota,0.0
Platanaceae,0,0,0.0,0.0,3,2,3,0.01,0.01,100.0,,,0,0,0,ncbi_only,Eukaryota,0.0
Plagiotheciaceae,0,0,0.0,0.0,3,3,3,0.01,0.01,100.0,,,0,0,0,ncbi_only,Eukaryota,0.0
Pinnidae,0,0,0.0,0.0,3,3,3,0.01,0.01,100.0,,,0,0,0,ncbi_only,Eukaryota,0.0
Rhipiduridae,0,0,0.0,0.0,3,3,3,0.01,0.01,100.0,,,0,0,0,ncbi_only,Eukaryota,0.0
Rhincodontidae,0,0,0.0,0.0,3,1,3,0.01,0.0,100.0,,,0,0,0,ncbi_only,Eukaryota,0.0
Setariidae,0,0,0.0,0.0,3,2,3,0.01,0.01,100.0,,,0,0,0,ncbi_only,Eukaryota,0.0
Simaroubaceae,0,0,0.0,0.0,3,1,3,0.01,0.0,100.0,,,0,0,0,ncbi_only,Eukaryota,0.0
Rhynochetidae,0,0,0.0,0.0,3,1,3,0.01,0.0,100.0,,,0,0,0,ncbi_only,Eukaryota,0.0
Solieriaceae,0,0,0.0,0.0,3,3,3,0.01,0.01,100.0,,,0,0,0,ncbi_only,Eukaryota,0.0
Sigalionidae,0,0,0.0,0.0,3,2,3,0.01,0.01,100.0,,,0,0,0,ncbi_only,Eukaryota,0.0
Terebellidae,0,0,0.0,0.0,3,2,3,0.01,0.01,100.0,,,0,0,0,ncbi_only,Eukaryota,0.0
Pandeidae,0,0,0.0,0.0,3,3,3,0.01,0.01,100.0,,,0,0,0,ncbi_only,Eukaryota,0.0
Tubulanidae,0,0,0.0,0.0,3,3,3,0.01,0.01,100.0,,,0,0,0,ncbi_only,Eukaryota,0.0
Oxalidaceae,0,0,0.0,0.0,3,2,3,0.01,0.01,100.0,,,0,0,0,ncbi_only,Eukaryota,0.0
Ophiactidae,0,0,0.0,0.0,3,1,3,0.01,0.0,100.0,,,0,0,0,ncbi_only,Eukaryota,0.0
Orthotrichaceae,0,0,0.0,0.0,3,3,3,0.01,0.01,100.0,,,0,0,0,ncbi_only,Eukaryota,0.0
Picocystaceae,0,0,0.0,0.0,3,3,3,0.01,0.01,100.0,,,0,0,0,ncbi_only,Eukaryota,0.0
Pelecanidae,0,0,0.0,0.0,3,1,3,0.01,0.0,100.0,,,0,0,0,ncbi_only,Eukaryota,0.0
Phylliscaceae,0,0,0.0,0.0,3,3,0,0.01,0.01,0.0,,,0,0,0,ncbi_only,Eukaryota,0.0
Scytosiphonaceae,0,0,0.0,0.0,3,3,3,0.01,0.01,100.0,,,0,0,0,ncbi_only,Eukaryota,0.0
Taxaceae,0,0,0.0,0.0,3,3,3,0.01,0.01,100.0,,,0,0,0,ncbi_only,Eukaryota,0.0
Myricaceae,0,0,0.0,0.0,3,2,3,0.01,0.01,100.0,,,0,0,0,ncbi_only,Eukaryota,0.0
Suessiaceae,0,0,0.0,0.0,3,1,3,0.01,0.0,100.0,,,0,0,0,ncbi_only,Eukaryota,0.0
Sacculinidae,0,0,0.0,0.0,3,1,3,0.01,0.0,100.0,,,0,0,0,ncbi_only,Eukaryota,0.0
Stegostomatidae,0,0,0.0,0.0,3,1,3,0.01,0.0,100.0,,,0,0,0,ncbi_only,Eukaryota,0.0
Salpingoecidae,0,0,0.0,0.0,3,2,3,0.01,0.01,100.0,,,0,0,0,ncbi_only,Eukaryota,0.0
Sabellidae,0,0,0.0,0.0,3,2,3,0.01,0.01,100.0,,,0,0,0,ncbi_only,Eukaryota,0.0
Armadillidiidae,0,0,0.0,0.0,3,2,3,0.01,0.01,100.0,,,0,0,0,ncbi_only,Eukaryota,0.0
Ehretiaceae,0,0,0.0,0.0,2,1,2,0.0,0.0,100.0,,,0,0,0,ncbi_only,Eukaryota,0.0
Euplectellidae,0,0,0.0,0.0,2,1,2,0.0,0.0,100.0,,,0,0,0,ncbi_only,Eukaryota,0.0
Pristiophoridae,0,0,0.0,0.0,2,1,2,0.0,0.0,100.0,,,0,0,0,ncbi_only,Eukaryota,0.0
Echinasteridae,0,0,0.0,0.0,2,2,2,0.0,0.01,100.0,,,0,0,0,ncbi_only,Eukaryota,0.0
Echinarachniidae,0,0,0.0,0.0,2,1,2,0.0,0.0,100.0,,,0,0,0,ncbi_only,Eukaryota,0.0
Pristidae,0,0,0.0,0.0,2,1,2,0.0,0.0,100.0,,,0,0,0,ncbi_only,Eukaryota,0.0
Ptychoderidae,0,0,0.0,0.0,2,1,2,0.0,0.0,100.0,,,0,0,0,ncbi_only,Eukaryota,0.0
Polyodontidae,0,0,0.0,0.0,2,1,2,0.0,0.0,100.0,,,0,0,0,ncbi_only,Eukaryota,0.0
Erpobdellidae,0,0,0.0,0.0,2,1,2,0.0,0.0,100.0,,,0,0,0,ncbi_only,Eukaryota,0.0
Pseudokeronopsidae,0,0,0.0,0.0,2,2,2,0.0,0.01,100.0,,,0,0,0,ncbi_only,Eukaryota,0.0
Ptilonorhynchidae,0,0,0.0,0.0,2,2,2,0.0,0.01,100.0,,,0,0,0,ncbi_only,Eukaryota,0.0
Escalloniaceae,0,0,0.0,0.0,2,2,2,0.0,0.01,100.0,,,0,0,0,ncbi_only,Eukaryota,0.0
Hyphochytriaceae,0,0,0.0,0.0,2,1,2,0.0,0.0,100.0,,,0,0,0,ncbi_only,Eukaryota,0.0
Sanchytriaceae,0,0,0.0,0.0,2,2,2,0.0,0.01,100.0,,,0,0,0,ncbi_only,Eukaryota,0.0
Ploceidae,0,0,0.0,0.0,2,2,2,0.0,0.01,100.0,,,0,0,0,ncbi_only,Eukaryota,0.0
Gigartinaceae,0,0,0.0,0.0,2,2,2,0.0,0.01,100.0,,,0,0,0,ncbi_only,Eukaryota,0.0
Plumbaginaceae,0,0,0.0,0.0,2,2,2,0.0,0.01,100.0,,,0,0,0,ncbi_only,Eukaryota,0.0
Crambeidae,0,0,0.0,0.0,2,1,2,0.0,0.0,100.0,,,0,0,0,ncbi_only,Eukaryota,0.0
Cracidae,0,0,0.0,0.0,2,2,2,0.0,0.01,100.0,,,0,0,0,ncbi_only,Eukaryota,0.0
Geotriidae,0,0,0.0,0.0,2,1,2,0.0,0.0,100.0,,,0,0,0,ncbi_only,Eukaryota,0.0
Geoplanidae,0,0,0.0,0.0,2,2,2,0.0,0.01,100.0,,,0,0,0,ncbi_only,Eukaryota,0.0
Cryptosulidae,0,0,0.0,0.0,2,1,2,0.0,0.0,100.0,,,0,0,0,ncbi_only,Eukaryota,0.0
Cotingidae,0,0,0.0,0.0,2,2,2,0.0,0.01,100.0,,,0,0,0,ncbi_only,Eukaryota,0.0
Cosmocercidae,0,0,0.0,0.0,2,1,2,0.0,0.0,100.0,,,0,0,0,ncbi_only,Eukaryota,0.0
Ctenodiscidae,0,0,0.0,0.0,2,1,2,0.0,0.0,100.0,,,0,0,0,ncbi_only,Eukaryota,0.0
Coriariaceae,0,0,0.0,0.0,2,1,2,0.0,0.0,100.0,,,0,0,0,ncbi_only,Eukaryota,0.0
Glauconematidae,0,0,0.0,0.0,2,1,2,0.0,0.0,100.0,,,0,0,0,ncbi_only,Eukaryota,0.0
Tonicellidae,0,0,0.0,0.0,2,1,2,0.0,0.0,100.0,,,0,0,0,ncbi_only,Eukaryota,0.0
Arenicolidae,0,0,0.0,0.0,2,1,2,0.0,0.0,100.0,,,0,0,0,ncbi_only,Eukaryota,0.0
Triakidae,0,0,0.0,0.0,2,1,2,0.0,0.0,100.0,,,0,0,0,ncbi_only,Eukaryota,0.0
Aponogetonaceae,0,0,0.0,0.0,2,1,2,0.0,0.0,100.0,,,0,0,0,ncbi_only,Eukaryota,0.0
Trichoniscidae,0,0,0.0,0.0,2,2,2,0.0,0.01,100.0,,,0,0,0,ncbi_only,Eukaryota,0.0
Trichoplacidae,0,0,0.0,0.0,2,2,2,0.0,0.01,100.0,,,0,0,0,ncbi_only,Eukaryota,0.0
Aphrocallistidae,0,0,0.0,0.0,2,1,2,0.0,0.0,100.0,,,0,0,0,ncbi_only,Eukaryota,0.0
Eucommiaceae,0,0,0.0,0.0,2,1,2,0.0,0.0,100.0,,,0,0,0,ncbi_only,Eukaryota,0.0
Emeidae,0,0,0.0,0.0,2,1,2,0.0,0.0,100.0,,,0,0,0,ncbi_only,Eukaryota,0.0
Quillajaceae,0,0,0.0,0.0,2,1,2,0.0,0.0,100.0,,,0,0,0,ncbi_only,Eukaryota,0.0
Pottiaceae,0,0,0.0,0.0,2,2,2,0.0,0.01,100.0,,,0,0,0,ncbi_only,Eukaryota,0.0
Porosporidae,0,0,0.0,0.0,2,2,0,0.0,0.01,0.0,,,0,0,0,ncbi_only,Eukaryota,0.0
Pyramimonadaceae,0,0,0.0,0.0,2,2,2,0.0,0.01,100.0,,,0,0,0,ncbi_only,Eukaryota,0.0
Rhinocryptidae,0,0,0.0,0.0,2,2,2,0.0,0.01,100.0,,,0,0,0,ncbi_only,Eukaryota,0.0
Dilleniaceae,0,0,0.0,0.0,2,2,2,0.0,0.01,100.0,,,0,0,0,ncbi_only,Eukaryota,0.0
Dientamoebidae,0,0,0.0,0.0,2,1,2,0.0,0.0,100.0,,,0,0,0,ncbi_only,Eukaryota,0.0
Porcellanidae,0,0,0.0,0.0,2,2,2,0.0,0.01,100.0,,,0,0,0,ncbi_only,Eukaryota,0.0
Pontederiaceae,0,0,0.0,0.0,2,2,2,0.0,0.01,100.0,,,0,0,0,ncbi_only,Eukaryota,0.0
Formicariidae,0,0,0.0,0.0,2,2,2,0.0,0.01,100.0,,,0,0,0,ncbi_only,Eukaryota,0.0
Fucaceae,0,0,0.0,0.0,2,2,2,0.0,0.01,100.0,,,0,0,0,ncbi_only,Eukaryota,0.0
Dorylaimidae,0,0,0.0,0.0,2,2,2,0.0,0.01,100.0,,,0,0,0,ncbi_only,Eukaryota,0.0
Dorididae,0,0,0.0,0.0,2,2,2,0.0,0.01,100.0,,,0,0,0,ncbi_only,Eukaryota,0.0
Donacidae,0,0,0.0,0.0,2,2,2,0.0,0.01,100.0,,,0,0,0,ncbi_only,Eukaryota,0.0
Saksenaeaceae,0,0,0.0,0.0,2,2,2,0.0,0.01,100.0,,,0,0,0,ncbi_only,Eukaryota,0.0
Sagittariidae,0,0,0.0,0.0,2,1,0,0.0,0.0,0.0,,,0,0,0,ncbi_only,Eukaryota,0.0
Erythrobasidiaceae,0,0,0.0,0.0,2,2,2,0.0,0.01,100.0,,,0,0,0,ncbi_only,Eukaryota,0.0
Flabelligeridae,0,0,0.0,0.0,2,1,2,0.0,0.0,100.0,,,0,0,0,ncbi_only,Eukaryota,0.0
Hofsteniidae,0,0,0.0,0.0,2,1,2,0.0,0.0,100.0,,,0,0,0,ncbi_only,Eukaryota,0.0
Ianthellidae,0,0,0.0,0.0,2,1,2,0.0,0.0,100.0,,,0,0,0,ncbi_only,Eukaryota,0.0
Nowakowskiellaceae,0,0,0.0,0.0,2,2,2,0.0,0.01,100.0,,,0,0,0,ncbi_only,Eukaryota,0.0
Lunulariaceae,0,0,0.0,0.0,2,1,2,0.0,0.0,100.0,,,0,0,0,ncbi_only,Eukaryota,0.0
Perophoridae,0,0,0.0,0.0,2,1,2,0.0,0.0,100.0,,,0,0,0,ncbi_only,Eukaryota,0.0
Numididae,0,0,0.0,0.0,2,1,2,0.0,0.0,100.0,,,0,0,0,ncbi_only,Eukaryota,0.0
Neopilinidae,0,0,0.0,0.0,2,2,2,0.0,0.01,100.0,,,0,0,0,ncbi_only,Eukaryota,0.0
Hexanchidae,0,0,0.0,0.0,2,1,2,0.0,0.0,100.0,,,0,0,0,ncbi_only,Eukaryota,0.0
Neomphalidae,0,0,0.0,0.0,2,2,2,0.0,0.01,100.0,,,0,0,0,ncbi_only,Eukaryota,0.0
Idiosepiidae,0,0,0.0,0.0,2,2,2,0.0,0.01,100.0,,,0,0,0,ncbi_only,Eukaryota,0.0
Nyctaginaceae,0,0,0.0,0.0,2,1,2,0.0,0.0,100.0,,,0,0,0,ncbi_only,Eukaryota,0.0
Luidiidae,0,0,0.0,0.0,2,1,2,0.0,0.0,100.0,,,0,0,0,ncbi_only,Eukaryota,0.0
Corellidae,0,0,0.0,0.0,2,1,2,0.0,0.0,100.0,,,0,0,0,ncbi_only,Eukaryota,0.0
Hyalellidae,0,0,0.0,0.0,2,2,2,0.0,0.01,100.0,,,0,0,0,ncbi_only,Eukaryota,0.0
Magelonidae,0,0,0.0,0.0,2,1,0,0.0,0.0,0.0,,,0,0,0,ncbi_only,Eukaryota,0.0
Oscarellidae,0,0,0.0,0.0,2,1,2,0.0,0.0,100.0,,,0,0,0,ncbi_only,Eukaryota,0.0
Ophiodermatidae,0,0,0.0,0.0,2,2,2,0.0,0.01,100.0,,,0,0,0,ncbi_only,Eukaryota,0.0
Physodermataceae,0,0,0.0,0.0,2,1,2,0.0,0.0,100.0,,,0,0,0,ncbi_only,Eukaryota,0.0
Physidae,0,0,0.0,0.0,2,1,2,0.0,0.0,100.0,,,0,0,0,ncbi_only,Eukaryota,0.0
Mixiaceae,0,0,0.0,0.0,2,1,2,0.0,0.0,100.0,,,0,0,0,ncbi_only,Eukaryota,0.0
Monocelididae,0,0,0.0,0.0,2,2,2,0.0,0.01,100.0,,,0,0,0,ncbi_only,Eukaryota,0.0
Opheliidae,0,0,0.0,0.0,2,2,2,0.0,0.01,100.0,,,0,0,0,ncbi_only,Eukaryota,0.0
Picathartidae,0,0,0.0,0.0,2,2,2,0.0,0.01,100.0,,,0,0,0,ncbi_only,Eukaryota,0.0
Momotidae,0,0,0.0,0.0,2,2,2,0.0,0.01,100.0,,,0,0,0,ncbi_only,Eukaryota,0.0
Piperaceae,0,0,0.0,0.0,2,2,2,0.0,0.01,100.0,,,0,0,0,ncbi_only,Eukaryota,0.0
Kondoaceae,0,0,0.0,0.0,2,2,2,0.0,0.01,100.0,,,0,0,0,ncbi_only,Eukaryota,0.0
Hyacinthaceae,0,0,0.0,0.0,2,2,2,0.0,0.01,100.0,,,0,0,0,ncbi_only,Eukaryota,0.0
Podospongiidae,0,0,0.0,0.0,2,1,2,0.0,0.0,100.0,,,0,0,0,ncbi_only,Eukaryota,0.0
Rostratulidae,0,0,0.0,0.0,2,2,2,0.0,0.01,100.0,,,0,0,0,ncbi_only,Eukaryota,0.0
Rossellidae,0,0,0.0,0.0,2,1,2,0.0,0.0,100.0,,,0,0,0,ncbi_only,Eukaryota,0.0
Corallistidae,0,0,0.0,0.0,2,1,2,0.0,0.0,100.0,,,0,0,0,ncbi_only,Eukaryota,0.0
Polemoniaceae,0,0,0.0,0.0,2,1,2,0.0,0.0,100.0,,,0,0,0,ncbi_only,Eukaryota,0.0
Convolutidae,0,0,0.0,0.0,2,1,2,0.0,0.0,100.0,,,0,0,0,ncbi_only,Eukaryota,0.0
Polyclinidae,0,0,0.0,0.0,2,1,2,0.0,0.0,100.0,,,0,0,0,ncbi_only,Eukaryota,0.0
Coniocybaceae,0,0,0.0,0.0,2,2,0,0.0,0.01,0.0,,,0,0,0,ncbi_only,Eukaryota,0.0
Condylostomatidae,0,0,0.0,0.0,2,1,0,0.0,0.0,0.0,,,0,0,0,ncbi_only,Eukaryota,0.0
Polydesmidae,0,0,0.0,0.0,2,2,2,0.0,0.01,100.0,,,0,0,0,ncbi_only,Eukaryota,0.0
Ricciaceae,0,0,0.0,0.0,2,2,2,0.0,0.01,100.0,,,0,0,0,ncbi_only,Eukaryota,0.0
Coenobitidae,0,0,0.0,0.0,2,2,2,0.0,0.01,100.0,,,0,0,0,ncbi_only,Eukaryota,0.0
Platysteiridae,0,0,0.0,0.0,2,1,2,0.0,0.0,100.0,,,0,0,0,ncbi_only,Eukaryota,0.0
Hormogastridae,0,0,0.0,0.0,2,2,2,0.0,0.01,100.0,,,0,0,0,ncbi_only,Eukaryota,0.0
Cucumariidae,0,0,0.0,0.0,2,1,2,0.0,0.0,100.0,,,0,0,0,ncbi_only,Eukaryota,0.0
Craspedosomatidae,0,0,0.0,0.0,2,1,2,0.0,0.0,100.0,,,0,0,0,ncbi_only,Eukaryota,0.0
Globomycetaceae,0,0,0.0,0.0,2,2,2,0.0,0.01,100.0,,,0,0,0,ncbi_only,Eukaryota,0.0
Hypnaceae,0,0,0.0,0.0,2,2,2,0.0,0.01,100.0,,,0,0,0,ncbi_only,Eukaryota,0.0
Margaritiferidae,0,0,0.0,0.0,2,1,2,0.0,0.0,100.0,,,0,0,0,ncbi_only,Eukaryota,0.0
Pavlovaceae,0,0,0.0,0.0,2,1,2,0.0,0.0,100.0,,,0,0,0,ncbi_only,Eukaryota,0.0
Marsupiomonadaceae,0,0,0.0,0.0,2,1,2,0.0,0.0,100.0,,,0,0,0,ncbi_only,Eukaryota,0.0
Paulowniaceae,0,0,0.0,0.0,2,1,2,0.0,0.0,100.0,,,0,0,0,ncbi_only,Eukaryota,0.0
Marteiliidae,0,0,0.0,0.0,2,2,0,0.0,0.01,0.0,,,0,0,0,ncbi_only,Eukaryota,0.0
Oncopoduridae,0,0,0.0,0.0,2,2,2,0.0,0.01,100.0,,,0,0,0,ncbi_only,Eukaryota,0.0
Nemertodermatidae,0,0,0.0,0.0,2,1,2,0.0,0.0,100.0,,,0,0,0,ncbi_only,Eukaryota,0.0
Mertensiidae,0,0,0.0,0.0,2,1,2,0.0,0.0,100.0,,,0,0,0,ncbi_only,Eukaryota,0.0
Nartheciaceae,0,0,0.0,0.0,2,1,2,0.0,0.0,100.0,,,0,0,0,ncbi_only,Eukaryota,0.0
Sclerodactylidae,0,0,0.0,0.0,2,2,2,0.0,0.01,100.0,,,0,0,0,ncbi_only,Eukaryota,0.0
Sycettidae,0,0,0.0,0.0,2,1,2,0.0,0.0,100.0,,,0,0,0,ncbi_only,Eukaryota,0.0
Oweniidae,0,0,0.0,0.0,2,1,2,0.0,0.0,100.0,,,0,0,0,ncbi_only,Eukaryota,0.0
Paradoxosomatidae,0,0,0.0,0.0,2,2,2,0.0,0.01,100.0,,,0,0,0,ncbi_only,Eukaryota,0.0
Phasianellidae,0,0,0.0,0.0,2,1,2,0.0,0.0,100.0,,,0,0,0,ncbi_only,Eukaryota,0.0
Menuridae,0,0,0.0,0.0,2,2,2,0.0,0.01,100.0,,,0,0,0,ncbi_only,Eukaryota,0.0
Isoetaceae,0,0,0.0,0.0,2,2,2,0.0,0.01,100.0,,,0,0,0,ncbi_only,Eukaryota,0.0
Membraniporidae,0,0,0.0,0.0,2,1,2,0.0,0.0,100.0,,,0,0,0,ncbi_only,Eukaryota,0.0
Lobulomycetaceae,0,0,0.0,0.0,2,2,2,0.0,0.01,100.0,,,0,0,0,ncbi_only,Eukaryota,0.0
Hesionidae,0,0,0.0,0.0,2,1,2,0.0,0.0,100.0,,,0,0,0,ncbi_only,Eukaryota,0.0
Clathrinidae,0,0,0.0,0.0,2,2,2,0.0,0.01,100.0,,,0,0,0,ncbi_only,Eukaryota,0.0
Cladochytriaceae,0,0,0.0,0.0,2,2,2,0.0,0.01,100.0,,,0,0,0,ncbi_only,Eukaryota,0.0
Circaeasteraceae,0,0,0.0,0.0,2,2,2,0.0,0.01,100.0,,,0,0,0,ncbi_only,Eukaryota,0.0
Ascodesmidaceae,0,0,0.0,0.0,2,2,2,0.0,0.01,100.0,,,0,0,0,ncbi_only,Eukaryota,0.0
Chloranthaceae,0,0,0.0,0.0,2,2,2,0.0,0.01,100.0,,,0,0,0,ncbi_only,Eukaryota,0.0
Squillidae,0,0,0.0,0.0,2,1,2,0.0,0.0,100.0,,,0,0,0,ncbi_only,Eukaryota,0.0
Carettochelyidae,0,0,0.0,0.0,2,1,2,0.0,0.0,100.0,,,0,0,0,ncbi_only,Eukaryota,0.0
Candelabridae,0,0,0.0,0.0,2,1,2,0.0,0.0,100.0,,,0,0,0,ncbi_only,Eukaryota,0.0
Camptobasidiaceae,0,0,0.0,0.0,2,2,2,0.0,0.01,100.0,,,0,0,0,ncbi_only,Eukaryota,0.0
Calycanthaceae,0,0,0.0,0.0,2,2,2,0.0,0.01,100.0,,,0,0,0,ncbi_only,Eukaryota,0.0
Callyspongiidae,0,0,0.0,0.0,2,1,2,0.0,0.0,100.0,,,0,0,0,ncbi_only,Eukaryota,0.0
Callorhinchidae,0,0,0.0,0.0,2,1,2,0.0,0.0,100.0,,,0,0,0,ncbi_only,Eukaryota,0.0
Calliergonaceae,0,0,0.0,0.0,2,2,2,0.0,0.01,100.0,,,0,0,0,ncbi_only,Eukaryota,0.0
Calanidae,0,0,0.0,0.0,2,2,2,0.0,0.01,100.0,,,0,0,0,ncbi_only,Eukaryota,0.0
Tetraclitidae,0,0,0.0,0.0,2,1,2,0.0,0.0,100.0,,,0,0,0,ncbi_only,Eukaryota,0.0
Cabombaceae,0,0,0.0,0.0,2,1,2,0.0,0.0,100.0,,,0,0,0,ncbi_only,Eukaryota,0.0
Theonellidae,0,0,0.0,0.0,2,1,2,0.0,0.0,100.0,,,0,0,0,ncbi_only,Eukaryota,0.0
Chromeraceae,0,0,0.0,0.0,2,1,2,0.0,0.0,100.0,,,0,0,0,ncbi_only,Eukaryota,0.0
Heterodontidae,0,0,0.0,0.0,2,1,2,0.0,0.0,100.0,,,0,0,0,ncbi_only,Eukaryota,0.0
Mallomonadaceae,0,0,0.0,0.0,2,2,2,0.0,0.01,100.0,,,0,0,0,ncbi_only,Eukaryota,0.0
Hygromiidae,0,0,0.0,0.0,2,1,2,0.0,0.0,100.0,,,0,0,0,ncbi_only,Eukaryota,0.0
Pelomedusidae,0,0,0.0,0.0,2,2,2,0.0,0.01,100.0,,,0,0,0,ncbi_only,Eukaryota,0.0
Macrobiotidae,0,0,0.0,0.0,2,2,2,0.0,0.01,100.0,,,0,0,0,ncbi_only,Eukaryota,0.0
Hepatosporidae,0,0,0.0,0.0,2,1,2,0.0,0.0,100.0,,,0,0,0,ncbi_only,Eukaryota,0.0
Nautilidae,0,0,0.0,0.0,2,1,2,0.0,0.0,100.0,,,0,0,0,ncbi_only,Eukaryota,0.0
Locustellidae,0,0,0.0,0.0,2,2,2,0.0,0.01,100.0,,,0,0,0,ncbi_only,Eukaryota,0.0
Paramythiidae,0,0,0.0,0.0,2,2,2,0.0,0.01,100.0,,,0,0,0,ncbi_only,Eukaryota,0.0
Ironidae,0,0,0.0,0.0,2,2,2,0.0,0.01,100.0,,,0,0,0,ncbi_only,Eukaryota,0.0
Phaeocystaceae,0,0,0.0,0.0,2,1,0,0.0,0.0,0.0,,,0,0,0,ncbi_only,Eukaryota,0.0
Helminthoglyptidae,0,0,0.0,0.0,2,1,2,0.0,0.0,100.0,,,0,0,0,ncbi_only,Eukaryota,0.0
Linhomoeidae,0,0,0.0,0.0,2,2,2,0.0,0.01,100.0,,,0,0,0,ncbi_only,Eukaryota,0.0
Suberitidae,0,0,0.0,0.0,2,1,2,0.0,0.0,100.0,,,0,0,0,ncbi_only,Eukaryota,0.0
Pandalidae,0,0,0.0,0.0,2,2,2,0.0,0.01,100.0,,,0,0,0,ncbi_only,Eukaryota,0.0
Pandionidae,0,0,0.0,0.0,2,1,2,0.0,0.0,100.0,,,0,0,0,ncbi_only,Eukaryota,0.0
Kappamycetaceae,0,0,0.0,0.0,2,2,2,0.0,0.01,100.0,,,0,0,0,ncbi_only,Eukaryota,0.0
Olindiidae,0,0,0.0,0.0,2,2,2,0.0,0.01,100.0,,,0,0,0,ncbi_only,Eukaryota,0.0
Hapalidiaceae,0,0,0.0,0.0,2,2,2,0.0,0.01,100.0,,,0,0,0,ncbi_only,Eukaryota,0.0
Limnanthaceae,0,0,0.0,0.0,2,1,2,0.0,0.0,100.0,,,0,0,0,ncbi_only,Eukaryota,0.0
Narcinidae,0,0,0.0,0.0,2,1,2,0.0,0.0,100.0,,,0,0,0,ncbi_only,Eukaryota,0.0
Burhinidae,0,0,0.0,0.0,2,2,2,0.0,0.01,100.0,,,0,0,0,ncbi_only,Eukaryota,0.0
Thelocarpaceae,0,0,0.0,0.0,2,2,0,0.0,0.01,0.0,,,0,0,0,ncbi_only,Eukaryota,0.0
Thelohaniidae,0,0,0.0,0.0,2,1,2,0.0,0.0,100.0,,,0,0,0,ncbi_only,Eukaryota,0.0
Stentoridae,0,0,0.0,0.0,2,2,2,0.0,0.01,100.0,,,0,0,0,ncbi_only,Eukaryota,0.0
Canellaceae,0,0,0.0,0.0,2,1,2,0.0,0.0,100.0,,,0,0,0,ncbi_only,Eukaryota,0.0
Strombidiidae,0,0,0.0,0.0,2,2,2,0.0,0.01,100.0,,,0,0,0,ncbi_only,Eukaryota,0.0
Halteriidae,0,0,0.0,0.0,2,1,2,0.0,0.0,100.0,,,0,0,0,ncbi_only,Eukaryota,0.0
Vezdaeaceae,0,0,0.0,0.0,2,2,0,0.0,0.01,0.0,,,0,0,0,ncbi_only,Eukaryota,0.0
Alloionematidae,0,0,0.0,0.0,2,1,2,0.0,0.0,100.0,,,0,0,0,ncbi_only,Eukaryota,0.0
Tritoniidae,0,0,0.0,0.0,2,2,2,0.0,0.01,100.0,,,0,0,0,ncbi_only,Eukaryota,0.0
Anhingidae,0,0,0.0,0.0,2,2,2,0.0,0.01,100.0,,,0,0,0,ncbi_only,Eukaryota,0.0
Astropectinidae,0,0,0.0,0.0,2,1,2,0.0,0.0,100.0,,,0,0,0,ncbi_only,Eukaryota,0.0
Bombycillidae,0,0,0.0,0.0,2,2,2,0.0,0.01,100.0,,,0,0,0,ncbi_only,Eukaryota,0.0
Blaniulidae,0,0,0.0,0.0,2,2,2,0.0,0.01,100.0,,,0,0,0,ncbi_only,Eukaryota,0.0
Aytoniaceae,0,0,0.0,0.0,2,2,2,0.0,0.01,100.0,,,0,0,0,ncbi_only,Eukaryota,0.0
Thoracostomopsidae,0,0,0.0,0.0,2,2,2,0.0,0.01,100.0,,,0,0,0,ncbi_only,Eukaryota,0.0
Thorectidae,0,0,0.0,0.0,2,1,2,0.0,0.0,100.0,,,0,0,0,ncbi_only,Eukaryota,0.0
Thraciidae,0,0,0.0,0.0,2,1,2,0.0,0.0,100.0,,,0,0,0,ncbi_only,Eukaryota,0.0
Thysanoteuthidae,0,0,0.0,0.0,2,1,2,0.0,0.0,100.0,,,0,0,0,ncbi_only,Eukaryota,0.0
Theneidae,0,0,0.0,0.0,2,1,2,0.0,0.0,100.0,,,0,0,0,ncbi_only,Eukaryota,0.0
Coccyzidae,0,0,0.0,0.0,2,2,2,0.0,0.01,100.0,,,0,0,0,ncbi_only,Eukaryota,0.0
Akaniaceae,0,0,0.0,0.0,2,1,2,0.0,0.0,100.0,,,0,0,0,ncbi_only,Eukaryota,0.0
Viscaceae,0,0,0.0,0.0,2,1,2,0.0,0.0,100.0,,,0,0,0,ncbi_only,Eukaryota,0.0
Watersiporidae,0,0,0.0,0.0,2,1,2,0.0,0.0,100.0,,,0,0,0,ncbi_only,Eukaryota,0.0
Agaraceae,0,0,0.0,0.0,2,2,2,0.0,0.01,100.0,,,0,0,0,ncbi_only,Eukaryota,0.0
Raperosteliaceae,0,0,0.0,0.0,2,2,2,0.0,0.01,100.0,,,0,0,0,ncbi_only,Eukaryota,0.0
Diversisporaceae,0,0,0.0,0.0,2,2,2,0.0,0.01,100.0,,,0,0,0,ncbi_only,Eukaryota,0.0
Ditrichaceae,0,0,0.0,0.0,2,1,2,0.0,0.0,100.0,,,0,0,0,ncbi_only,Eukaryota,0.0
Regulidae,0,0,0.0,0.0,2,2,2,0.0,0.01,100.0,,,0,0,0,ncbi_only,Eukaryota,0.0
Dironidae,0,0,0.0,0.0,2,2,2,0.0,0.01,100.0,,,0,0,0,ncbi_only,Eukaryota,0.0
Potamogetonaceae,0,0,0.0,0.0,2,1,2,0.0,0.0,100.0,,,0,0,0,ncbi_only,Eukaryota,0.0
Scolopendrellidae,0,0,0.0,0.0,2,2,2,0.0,0.01,100.0,,,0,0,0,ncbi_only,Eukaryota,0.0
Asellidae,0,0,0.0,0.0,2,1,2,0.0,0.0,100.0,,,0,0,0,ncbi_only,Eukaryota,0.0
Andrognathidae,0,0,0.0,0.0,2,1,2,0.0,0.0,100.0,,,0,0,0,ncbi_only,Eukaryota,0.0
Sphaeriidae,0,0,0.0,0.0,2,1,2,0.0,0.0,100.0,,,0,0,0,ncbi_only,Eukaryota,0.0
Sphaerolaimidae,0,0,0.0,0.0,2,1,2,0.0,0.0,100.0,,,0,0,0,ncbi_only,Eukaryota,0.0
Chaetodermatidae,0,0,0.0,0.0,2,2,2,0.0,0.01,100.0,,,0,0,0,ncbi_only,Eukaryota,0.0
Ceramiaceae,0,0,0.0,0.0,2,2,2,0.0,0.01,100.0,,,0,0,0,ncbi_only,Eukaryota,0.0
Spionidae,0,0,0.0,0.0,2,2,2,0.0,0.01,100.0,,,0,0,0,ncbi_only,Eukaryota,0.0
Spirastrellidae,0,0,0.0,0.0,2,1,2,0.0,0.0,100.0,,,0,0,0,ncbi_only,Eukaryota,0.0
Cephalotrichidae,0,0,0.0,0.0,2,2,2,0.0,0.01,100.0,,,0,0,0,ncbi_only,Eukaryota,0.0
Centropidae,0,0,0.0,0.0,2,2,2,0.0,0.01,100.0,,,0,0,0,ncbi_only,Eukaryota,0.0
Cavenderiaceae,0,0,0.0,0.0,2,2,2,0.0,0.01,100.0,,,0,0,0,ncbi_only,Eukaryota,0.0
Caulochytriaceae,0,0,0.0,0.0,2,1,2,0.0,0.0,100.0,,,0,0,0,ncbi_only,Eukaryota,0.0
Squalidae,0,0,0.0,0.0,2,2,2,0.0,0.01,100.0,,,0,0,0,ncbi_only,Eukaryota,0.0
Themistidae,0,0,0.0,0.0,2,1,2,0.0,0.0,100.0,,,0,0,0,ncbi_only,Eukaryota,0.0
Clionaidae,0,0,0.0,0.0,2,1,2,0.0,0.0,100.0,,,0,0,0,ncbi_only,Eukaryota,0.0
Ambisporaceae,0,0,0.0,0.0,2,2,2,0.0,0.01,100.0,,,0,0,0,ncbi_only,Eukaryota,0.0
Aeolidiidae,0,0,0.0,0.0,2,2,2,0.0,0.01,100.0,,,0,0,0,ncbi_only,Eukaryota,0.0
Adoxaceae,0,0,0.0,0.0,2,1,2,0.0,0.0,100.0,,,0,0,0,ncbi_only,Eukaryota,0.0
Acoraceae,0,0,0.0,0.0,2,2,2,0.0,0.01,100.0,,,0,0,0,ncbi_only,Eukaryota,0.0
Acinetosporaceae,0,0,0.0,0.0,2,2,2,0.0,0.01,100.0,,,0,0,0,ncbi_only,Eukaryota,0.0
Acaulosporaceae,0,0,0.0,0.0,2,2,2,0.0,0.01,100.0,,,0,0,0,ncbi_only,Eukaryota,0.0
Alatinidae,0,0,0.0,0.0,2,2,2,0.0,0.01,100.0,,,0,0,0,ncbi_only,Eukaryota,0.0
Alismataceae,0,0,0.0,0.0,2,1,2,0.0,0.0,100.0,,,0,0,0,ncbi_only,Eukaryota,0.0
Amphiuridae,0,0,0.0,0.0,2,2,2,0.0,0.01,100.0,,,0,0,0,ncbi_only,Eukaryota,0.0
Amphipleuraceae,0,0,0.0,0.0,2,2,2,0.0,0.01,100.0,,,0,0,0,ncbi_only,Eukaryota,0.0
Urostylidae,0,0,0.0,0.0,2,2,2,0.0,0.01,100.0,,,0,0,0,ncbi_only,Eukaryota,0.0
Amphinomidae,0,0,0.0,0.0,2,1,2,0.0,0.0,100.0,,,0,0,0,ncbi_only,Eukaryota,0.0
Velloziaceae,0,0,0.0,0.0,2,2,2,0.0,0.01,100.0,,,0,0,0,ncbi_only,Eukaryota,0.0
Amborellaceae,0,0,0.0,0.0,2,1,2,0.0,0.0,100.0,,,0,0,0,ncbi_only,Eukaryota,0.0
Cleomaceae,0,0,0.0,0.0,2,2,2,0.0,0.01,100.0,,,0,0,0,ncbi_only,Eukaryota,0.0
Ophiocomidae,0,0,0.0,0.0,2,1,2,0.0,0.0,100.0,,,0,0,0,ncbi_only,Eukaryota,0.0
Physaliidae,0,0,0.0,0.0,2,1,2,0.0,0.0,100.0,,,0,0,0,ncbi_only,Eukaryota,0.0
Myidae,0,0,0.0,0.0,2,1,2,0.0,0.0,100.0,,,0,0,0,ncbi_only,Eukaryota,0.0
Plakinidae,0,0,0.0,0.0,2,1,2,0.0,0.0,100.0,,,0,0,0,ncbi_only,Eukaryota,0.0
Lepidosirenidae,0,0,0.0,0.0,2,1,2,0.0,0.0,100.0,,,0,0,0,ncbi_only,Eukaryota,0.0
Kishinouyeidae,0,0,0.0,0.0,2,1,2,0.0,0.0,100.0,,,0,0,0,ncbi_only,Eukaryota,0.0
Gyrodactylidae,0,0,0.0,0.0,2,2,2,0.0,0.01,100.0,,,0,0,0,ncbi_only,Eukaryota,0.0
Otoplanidae,0,0,0.0,0.0,2,2,2,0.0,0.01,100.0,,,0,0,0,ncbi_only,Eukaryota,0.0
Gonapodyaceae,0,0,0.0,0.0,2,2,2,0.0,0.01,100.0,,,0,0,0,ncbi_only,Eukaryota,0.0
Halisarcidae,0,0,0.0,0.0,2,1,2,0.0,0.0,100.0,,,0,0,0,ncbi_only,Eukaryota,0.0
Lecanographaceae,0,0,0.0,0.0,2,2,0,0.0,0.01,0.0,,,0,0,0,ncbi_only,Eukaryota,0.0
Palmariaceae,0,0,0.0,0.0,2,2,2,0.0,0.01,100.0,,,0,0,0,ncbi_only,Eukaryota,0.0
Phyllodocidae,0,0,0.0,0.0,2,1,2,0.0,0.0,100.0,,,0,0,0,ncbi_only,Eukaryota,0.0
Munnopsidae,0,0,0.0,0.0,2,2,2,0.0,0.01,100.0,,,0,0,0,ncbi_only,Eukaryota,0.0
Lichinaceae,0,0,0.0,0.0,2,2,1,0.0,0.01,50.0,,,0,0,0,ncbi_only,Eukaryota,0.0
Nephropidae,0,0,0.0,0.0,2,2,2,0.0,0.01,100.0,,,0,0,0,ncbi_only,Eukaryota,0.0
Hydrophyllaceae,0,0,0.0,0.0,2,1,2,0.0,0.0,100.0,,,0,0,0,ncbi_only,Eukaryota,0.0
Pachastrellidae,0,0,0.0,0.0,2,1,2,0.0,0.0,100.0,,,0,0,0,ncbi_only,Eukaryota,0.0
Thinocoridae,0,0,0.0,0.0,1,1,1,0.0,0.0,100.0,,,0,0,0,ncbi_only,Eukaryota,0.0
Balantidiidae,0,0,0.0,0.0,1,1,1,0.0,0.0,100.0,,,0,0,0,ncbi_only,Eukaryota,0.0
Balanophoraceae,0,0,0.0,0.0,1,1,1,0.0,0.0,100.0,,,0,0,0,ncbi_only,Eukaryota,0.0
Malaconotidae,0,0,0.0,0.0,1,1,1,0.0,0.0,100.0,,,0,0,0,ncbi_only,Eukaryota,0.0
Balaenicipitidae,0,0,0.0,0.0,1,1,1,0.0,0.0,100.0,,,0,0,0,ncbi_only,Eukaryota,0.0
Xanthonemataceae,0,0,0.0,0.0,1,1,1,0.0,0.0,100.0,,,0,0,0,ncbi_only,Eukaryota,0.0
Aegithalidae,0,0,0.0,0.0,1,1,1,0.0,0.0,100.0,,,0,0,0,ncbi_only,Eukaryota,0.0
Aegiretidae,0,0,0.0,0.0,1,1,1,0.0,0.0,100.0,,,0,0,0,ncbi_only,Eukaryota,0.0
Majidae,0,0,0.0,0.0,1,1,1,0.0,0.0,100.0,,,0,0,0,ncbi_only,Eukaryota,0.0
Molluginaceae,0,0,0.0,0.0,1,1,1,0.0,0.0,100.0,,,0,0,0,ncbi_only,Eukaryota,0.0
Ximeniaceae,0,0,0.0,0.0,1,1,1,0.0,0.0,100.0,,,0,0,0,ncbi_only,Eukaryota,0.0
Thiidae,0,0,0.0,0.0,1,1,1,0.0,0.0,100.0,,,0,0,0,ncbi_only,Eukaryota,0.0
Thuidiaceae,0,0,0.0,0.0,1,1,1,0.0,0.0,100.0,,,0,0,0,ncbi_only,Eukaryota,0.0
Thyasiridae,0,0,0.0,0.0,1,1,1,0.0,0.0,100.0,,,0,0,0,ncbi_only,Eukaryota,0.0
Ariophantidae,0,0,0.0,0.0,1,1,1,0.0,0.0,100.0,,,0,0,0,ncbi_only,Eukaryota,0.0
Neolepadidae,0,0,0.0,0.0,1,1,1,0.0,0.0,100.0,,,0,0,0,ncbi_only,Eukaryota,0.0
Artamidae,0,0,0.0,0.0,1,1,1,0.0,0.0,100.0,,,0,0,0,ncbi_only,Eukaryota,0.0
Torpedinidae,0,0,0.0,0.0,1,1,1,0.0,0.0,100.0,,,0,0,0,ncbi_only,Eukaryota,0.0
Ascobolaceae,0,0,0.0,0.0,1,1,1,0.0,0.0,100.0,,,0,0,0,ncbi_only,Eukaryota,0.0
Neoverrucidae,0,0,0.0,0.0,1,1,0,0.0,0.0,0.0,,,0,0,0,ncbi_only,Eukaryota,0.0
Asphodelaceae,0,0,0.0,0.0,1,1,1,0.0,0.0,100.0,,,0,0,0,ncbi_only,Eukaryota,0.0
Turnicidae,0,0,0.0,0.0,1,1,1,0.0,0.0,100.0,,,0,0,0,ncbi_only,Eukaryota,0.0
Turbinidae,0,0,0.0,0.0,1,1,1,0.0,0.0,100.0,,,0,0,0,ncbi_only,Eukaryota,0.0
Tubiluchidae,0,0,0.0,0.0,1,1,1,0.0,0.0,100.0,,,0,0,0,ncbi_only,Eukaryota,0.0
Aeginidae,0,0,0.0,0.0,1,1,1,0.0,0.0,100.0,,,0,0,0,ncbi_only,Eukaryota,0.0
Winteraceae,0,0,0.0,0.0,1,1,1,0.0,0.0,100.0,,,0,0,0,ncbi_only,Eukaryota,0.0
Mitrocomidae,0,0,0.0,0.0,1,1,1,0.0,0.0,100.0,,,0,0,0,ncbi_only,Eukaryota,0.0
Mychonastaceae,0,0,0.0,0.0,1,1,1,0.0,0.0,100.0,,,0,0,0,ncbi_only,Eukaryota,0.0
Mikrocytiidae,0,0,0.0,0.0,1,1,1,0.0,0.0,100.0,,,0,0,0,ncbi_only,Eukaryota,0.0
Agriolimacidae,0,0,0.0,0.0,1,1,1,0.0,0.0,100.0,,,0,0,0,ncbi_only,Eukaryota,0.0
Ailoscolecidae,0,0,0.0,0.0,1,1,1,0.0,0.0,100.0,,,0,0,0,ncbi_only,Eukaryota,0.0
Molpadiidae,0,0,0.0,0.0,1,1,1,0.0,0.0,100.0,,,0,0,0,ncbi_only,Eukaryota,0.0
Xylonaceae,0,0,0.0,0.0,1,1,1,0.0,0.0,100.0,,,0,0,0,ncbi_only,Eukaryota,0.0
Xylophagaidae,0,0,0.0,0.0,1,1,1,0.0,0.0,100.0,,,0,0,0,ncbi_only,Eukaryota,0.0
Montiaceae,0,0,0.0,0.0,1,1,1,0.0,0.0,100.0,,,0,0,0,ncbi_only,Eukaryota,0.0
Monosoleniaceae,0,0,0.0,0.0,1,1,1,0.0,0.0,100.0,,,0,0,0,ncbi_only,Eukaryota,0.0
Anhimidae,0,0,0.0,0.0,1,1,1,0.0,0.0,100.0,,,0,0,0,ncbi_only,Eukaryota,0.0
Mononchidae,0,0,0.0,0.0,1,1,1,0.0,0.0,100.0,,,0,0,0,ncbi_only,Eukaryota,0.0
Zoroasteridae,0,0,0.0,0.0,1,1,1,0.0,0.0,100.0,,,0,0,0,ncbi_only,Eukaryota,0.0
Trachelipodidae,0,0,0.0,0.0,1,1,1,0.0,0.0,100.0,,,0,0,0,ncbi_only,Eukaryota,0.0
Todidae,0,0,0.0,0.0,1,1,1,0.0,0.0,100.0,,,0,0,0,ncbi_only,Eukaryota,0.0
Astathelohaniidae,0,0,0.0,0.0,1,1,1,0.0,0.0,100.0,,,0,0,0,ncbi_only,Eukaryota,0.0
Tisbidae,0,0,0.0,0.0,1,1,1,0.0,0.0,100.0,,,0,0,0,ncbi_only,Eukaryota,0.0
Astrephomenaceae,0,0,0.0,0.0,1,1,1,0.0,0.0,100.0,,,0,0,0,ncbi_only,Eukaryota,0.0
Capsalidae,0,0,0.0,0.0,1,1,1,0.0,0.0,100.0,,,0,0,0,ncbi_only,Eukaryota,0.0
Tiaropsidae,0,0,0.0,0.0,1,1,1,0.0,0.0,100.0,,,0,0,0,ncbi_only,Eukaryota,0.0
Neritidae,0,0,0.0,0.0,1,1,1,0.0,0.0,100.0,,,0,0,0,ncbi_only,Eukaryota,0.0
Narkidae,0,0,0.0,0.0,1,1,1,0.0,0.0,100.0,,,0,0,0,ncbi_only,Eukaryota,0.0
Ancyrocephalidae,0,0,0.0,0.0,1,1,1,0.0,0.0,100.0,,,0,0,0,ncbi_only,Eukaryota,0.0
Acartiidae,0,0,0.0,0.0,1,1,1,0.0,0.0,100.0,,,0,0,0,ncbi_only,Eukaryota,0.0
Tylenchulidae,0,0,0.0,0.0,1,1,1,0.0,0.0,100.0,,,0,0,0,ncbi_only,Eukaryota,0.0
Andreaeaceae,0,0,0.0,0.0,1,1,1,0.0,0.0,100.0,,,0,0,0,ncbi_only,Eukaryota,0.0
Mesitornithidae,0,0,0.0,0.0,1,1,1,0.0,0.0,100.0,,,0,0,0,ncbi_only,Eukaryota,0.0
Cochlonemataceae,0,0,0.0,0.0,1,1,1,0.0,0.0,100.0,,,0,0,0,ncbi_only,Eukaryota,0.0
Pardalotidae,0,0,0.0,0.0,1,1,1,0.0,0.0,100.0,,,0,0,0,ncbi_only,Eukaryota,0.0
Sclerodomidae,0,0,0.0,0.0,1,1,1,0.0,0.0,100.0,,,0,0,0,ncbi_only,Eukaryota,0.0
Scissurellidae,0,0,0.0,0.0,1,1,0,0.0,0.0,0.0,,,0,0,0,ncbi_only,Eukaryota,0.0
Collodictyonidae,0,0,0.0,0.0,1,1,1,0.0,0.0,100.0,,,0,0,0,ncbi_only,Eukaryota,0.0
Colpodidae,0,0,0.0,0.0,1,1,1,0.0,0.0,100.0,,,0,0,0,ncbi_only,Eukaryota,0.0
Crotophagidae,0,0,0.0,0.0,1,1,1,0.0,0.0,100.0,,,0,0,0,ncbi_only,Eukaryota,0.0
Scopidae,0,0,0.0,0.0,1,1,1,0.0,0.0,100.0,,,0,0,0,ncbi_only,Eukaryota,0.0
Aequoreidae,0,0,0.0,0.0,1,1,1,0.0,0.0,100.0,,,0,0,0,ncbi_only,Eukaryota,0.0
Dasyornithidae,0,0,0.0,0.0,1,1,1,0.0,0.0,100.0,,,0,0,0,ncbi_only,Eukaryota,0.0
Peniaceae,0,0,0.0,0.0,1,1,1,0.0,0.0,100.0,,,0,0,0,ncbi_only,Eukaryota,0.0
Datiscaceae,0,0,0.0,0.0,1,1,1,0.0,0.0,100.0,,,0,0,0,ncbi_only,Eukaryota,0.0
Deimatidae,0,0,0.0,0.0,1,1,1,0.0,0.0,100.0,,,0,0,0,ncbi_only,Eukaryota,0.0
Delesseriaceae,0,0,0.0,0.0,1,1,1,0.0,0.0,100.0,,,0,0,0,ncbi_only,Eukaryota,0.0
Dendrasteridae,0,0,0.0,0.0,1,1,1,0.0,0.0,100.0,,,0,0,0,ncbi_only,Eukaryota,0.0
Cristatellidae,0,0,0.0,0.0,1,1,1,0.0,0.0,100.0,,,0,0,0,ncbi_only,Eukaryota,0.0
Idoteidae,0,0,0.0,0.0,1,1,1,0.0,0.0,100.0,,,0,0,0,ncbi_only,Eukaryota,0.0
Comesomatidae,0,0,0.0,0.0,1,1,1,0.0,0.0,100.0,,,0,0,0,ncbi_only,Eukaryota,0.0
Climacteridae,0,0,0.0,0.0,1,1,1,0.0,0.0,100.0,,,0,0,0,ncbi_only,Eukaryota,0.0
Scyllaridae,0,0,0.0,0.0,1,1,1,0.0,0.0,100.0,,,0,0,0,ncbi_only,Eukaryota,0.0
Scyllaeidae,0,0,0.0,0.0,1,1,1,0.0,0.0,100.0,,,0,0,0,ncbi_only,Eukaryota,0.0
Climaciaceae,0,0,0.0,0.0,1,1,1,0.0,0.0,100.0,,,0,0,0,ncbi_only,Eukaryota,0.0
Megalaimidae,0,0,0.0,0.0,1,1,1,0.0,0.0,100.0,,,0,0,0,ncbi_only,Eukaryota,0.0
Anoplocephalidae,0,0,0.0,0.0,1,1,1,0.0,0.0,100.0,,,0,0,0,ncbi_only,Eukaryota,0.0
Trochodendraceae,0,0,0.0,0.0,1,1,1,0.0,0.0,100.0,,,0,0,0,ncbi_only,Eukaryota,0.0
Anseranatidae,0,0,0.0,0.0,1,1,1,0.0,0.0,100.0,,,0,0,0,ncbi_only,Eukaryota,0.0
Anthocerotaceae,0,0,0.0,0.0,1,1,1,0.0,0.0,100.0,,,0,0,0,ncbi_only,Eukaryota,0.0
Melanthiaceae,0,0,0.0,0.0,1,1,1,0.0,0.0,100.0,,,0,0,0,ncbi_only,Eukaryota,0.0
Andaluciidae,0,0,0.0,0.0,1,1,1,0.0,0.0,100.0,,,0,0,0,ncbi_only,Eukaryota,0.0
Neolectaceae,0,0,0.0,0.0,1,1,1,0.0,0.0,100.0,,,0,0,0,ncbi_only,Eukaryota,0.0
Aulacomniaceae,0,0,0.0,0.0,1,1,1,0.0,0.0,100.0,,,0,0,0,ncbi_only,Eukaryota,0.0
Mantamonadidae,0,0,0.0,0.0,1,1,1,0.0,0.0,100.0,,,0,0,0,ncbi_only,Eukaryota,0.0
Maldanidae,0,0,0.0,0.0,1,1,1,0.0,0.0,100.0,,,0,0,0,ncbi_only,Eukaryota,0.0
Tylodinidae,0,0,0.0,0.0,1,1,1,0.0,0.0,100.0,,,0,0,0,ncbi_only,Eukaryota,0.0
Nectonematidae,0,0,0.0,0.0,1,1,1,0.0,0.0,100.0,,,0,0,0,ncbi_only,Eukaryota,0.0
Aphroditidae,0,0,0.0,0.0,1,1,1,0.0,0.0,100.0,,,0,0,0,ncbi_only,Eukaryota,0.0
Nemasomatidae,0,0,0.0,0.0,1,1,1,0.0,0.0,100.0,,,0,0,0,ncbi_only,Eukaryota,0.0
Apusomonadidae,0,0,0.0,0.0,1,1,1,0.0,0.0,100.0,,,0,0,0,ncbi_only,Eukaryota,0.0
Nematoplanidae,0,0,0.0,0.0,1,1,1,0.0,0.0,100.0,,,0,0,0,ncbi_only,Eukaryota,0.0
Tribonemataceae,0,0,0.0,0.0,1,1,1,0.0,0.0,100.0,,,0,0,0,ncbi_only,Eukaryota,0.0
Aramidae,0,0,0.0,0.0,1,1,1,0.0,0.0,100.0,,,0,0,0,ncbi_only,Eukaryota,0.0
Scotocercidae,0,0,0.0,0.0,1,1,1,0.0,0.0,100.0,,,0,0,0,ncbi_only,Eukaryota,0.0
Megapodiidae,0,0,0.0,0.0,1,1,1,0.0,0.0,100.0,,,0,0,0,ncbi_only,Eukaryota,0.0
Arbaciidae,0,0,0.0,0.0,1,1,1,0.0,0.0,100.0,,,0,0,0,ncbi_only,Eukaryota,0.0
Architeuthidae,0,0,0.0,0.0,1,1,1,0.0,0.0,100.0,,,0,0,0,ncbi_only,Eukaryota,0.0
Trigoniulidae,0,0,0.0,0.0,1,1,1,0.0,0.0,100.0,,,0,0,0,ncbi_only,Eukaryota,0.0
Malawimonadidae,0,0,0.0,0.0,1,1,0,0.0,0.0,0.0,,,0,0,0,ncbi_only,Eukaryota,0.0
Talinaceae,0,0,0.0,0.0,1,1,1,0.0,0.0,100.0,,,0,0,0,ncbi_only,Eukaryota,0.0
Opegraphaceae,0,0,0.0,0.0,1,1,0,0.0,0.0,0.0,,,0,0,0,ncbi_only,Eukaryota,0.0
Loxodidae,0,0,0.0,0.0,1,1,0,0.0,0.0,0.0,,,0,0,0,ncbi_only,Eukaryota,0.0
Nymphonidae,0,0,0.0,0.0,1,1,1,0.0,0.0,100.0,,,0,0,0,ncbi_only,Eukaryota,0.0
Bunonematidae,0,0,0.0,0.0,1,1,1,0.0,0.0,100.0,,,0,0,0,ncbi_only,Eukaryota,0.0
Bougainvilliidae,0,0,0.0,0.0,1,1,1,0.0,0.0,100.0,,,0,0,0,ncbi_only,Eukaryota,0.0
Stercorariidae,0,0,0.0,0.0,1,1,1,0.0,0.0,100.0,,,0,0,0,ncbi_only,Eukaryota,0.0
Brachypteraciidae,0,0,0.0,0.0,1,1,1,0.0,0.0,100.0,,,0,0,0,ncbi_only,Eukaryota,0.0
Brachystomellidae,0,0,0.0,0.0,1,1,1,0.0,0.0,100.0,,,0,0,0,ncbi_only,Eukaryota,0.0
Leptochitonidae,0,0,0.0,0.0,1,1,1,0.0,0.0,100.0,,,0,0,0,ncbi_only,Eukaryota,0.0
Tetrabaenaceae,0,0,0.0,0.0,1,1,1,0.0,0.0,100.0,,,0,0,0,ncbi_only,Eukaryota,0.0
Araucariaceae,0,0,0.0,0.0,1,1,1,0.0,0.0,100.0,,,0,0,0,ncbi_only,Eukaryota,0.0
Calcarisporiellaceae,0,0,0.0,0.0,1,1,1,0.0,0.0,100.0,,,0,0,0,ncbi_only,Eukaryota,0.0
Callaeidae,0,0,0.0,0.0,1,1,1,0.0,0.0,100.0,,,0,0,0,ncbi_only,Eukaryota,0.0
Longipediidae,0,0,0.0,0.0,1,1,1,0.0,0.0,100.0,,,0,0,0,ncbi_only,Eukaryota,0.0
Lingulodiniaceae,0,0,0.0,0.0,1,1,1,0.0,0.0,100.0,,,0,0,0,ncbi_only,Eukaryota,0.0
Symmetrosporaceae,0,0,0.0,0.0,1,1,1,0.0,0.0,100.0,,,0,0,0,ncbi_only,Eukaryota,0.0
Taccaceae,0,0,0.0,0.0,1,1,1,0.0,0.0,100.0,,,0,0,0,ncbi_only,Eukaryota,0.0
Olpidiaceae,0,0,0.0,0.0,1,1,0,0.0,0.0,0.0,,,0,0,0,ncbi_only,Eukaryota,0.0
Limeaceae,0,0,0.0,0.0,1,1,1,0.0,0.0,100.0,,,0,0,0,ncbi_only,Eukaryota,0.0
Symplocaceae,0,0,0.0,0.0,1,1,1,0.0,0.0,100.0,,,0,0,0,ncbi_only,Eukaryota,0.0
Limacinidae,0,0,0.0,0.0,1,1,1,0.0,0.0,100.0,,,0,0,0,ncbi_only,Eukaryota,0.0
Synallactidae,0,0,0.0,0.0,1,1,1,0.0,0.0,100.0,,,0,0,0,ncbi_only,Eukaryota,0.0
Onchidorididae,0,0,0.0,0.0,1,1,1,0.0,0.0,100.0,,,0,0,0,ncbi_only,Eukaryota,0.0
Leucopsacidae,0,0,0.0,0.0,1,1,1,0.0,0.0,100.0,,,0,0,0,ncbi_only,Eukaryota,0.0
Bucconidae,0,0,0.0,0.0,1,1,1,0.0,0.0,100.0,,,0,0,0,ncbi_only,Eukaryota,0.0
Lessoniaceae,0,0,0.0,0.0,1,1,1,0.0,0.0,100.0,,,0,0,0,ncbi_only,Eukaryota,0.0
Bullinidae,0,0,0.0,0.0,1,1,1,0.0,0.0,100.0,,,0,0,0,ncbi_only,Eukaryota,0.0
Ophryocystidae,0,0,0.0,0.0,1,1,1,0.0,0.0,100.0,,,0,0,0,ncbi_only,Eukaryota,0.0
Notiomystidae,0,0,0.0,0.0,1,1,1,0.0,0.0,100.0,,,0,0,0,ncbi_only,Eukaryota,0.0
Botryochloridaceae,0,0,0.0,0.0,1,1,1,0.0,0.0,100.0,,,0,0,0,ncbi_only,Eukaryota,0.0
Cannaceae,0,0,0.0,0.0,1,1,1,0.0,0.0,100.0,,,0,0,0,ncbi_only,Eukaryota,0.0
Caprellidae,0,0,0.0,0.0,1,1,1,0.0,0.0,100.0,,,0,0,0,ncbi_only,Eukaryota,0.0
Capitellidae,0,0,0.0,0.0,1,1,1,0.0,0.0,100.0,,,0,0,0,ncbi_only,Eukaryota,0.0
Macarthuriaceae,0,0,0.0,0.0,1,1,1,0.0,0.0,100.0,,,0,0,0,ncbi_only,Eukaryota,0.0
Bolitaenidae,0,0,0.0,0.0,1,1,1,0.0,0.0,100.0,,,0,0,0,ncbi_only,Eukaryota,0.0
Onychoteuthidae,0,0,0.0,0.0,1,1,1,0.0,0.0,100.0,,,0,0,0,ncbi_only,Eukaryota,0.0
Borealophlyctidaceae,0,0,0.0,0.0,1,1,1,0.0,0.0,100.0,,,0,0,0,ncbi_only,Eukaryota,0.0
Bornellidae,0,0,0.0,0.0,1,1,1,0.0,0.0,100.0,,,0,0,0,ncbi_only,Eukaryota,0.0
Stenostiridae,0,0,0.0,0.0,1,1,1,0.0,0.0,100.0,,,0,0,0,ncbi_only,Eukaryota,0.0
Streblomastigidae,0,0,0.0,0.0,1,1,0,0.0,0.0,0.0,,,0,0,0,ncbi_only,Eukaryota,0.0
Bryopsidaceae,0,0,0.0,0.0,1,1,1,0.0,0.0,100.0,,,0,0,0,ncbi_only,Eukaryota,0.0
Bryaceae,0,0,0.0,0.0,1,1,1,0.0,0.0,100.0,,,0,0,0,ncbi_only,Eukaryota,0.0
Buliminidae,0,0,0.0,0.0,1,1,0,0.0,0.0,0.0,,,0,0,0,ncbi_only,Eukaryota,0.0
Takakiaceae,0,0,0.0,0.0,1,1,1,0.0,0.0,100.0,,,0,0,0,ncbi_only,Eukaryota,0.0
Lingulidae,0,0,0.0,0.0,1,1,1,0.0,0.0,100.0,,,0,0,0,ncbi_only,Eukaryota,0.0
Oithonidae,0,0,0.0,0.0,1,1,1,0.0,0.0,100.0,,,0,0,0,ncbi_only,Eukaryota,0.0
Tamoyidae,0,0,0.0,0.0,1,1,1,0.0,0.0,100.0,,,0,0,0,ncbi_only,Eukaryota,0.0
Licmophoraceae,0,0,0.0,0.0,1,1,1,0.0,0.0,100.0,,,0,0,0,ncbi_only,Eukaryota,0.0
Noelaerhabdaceae,0,0,0.0,0.0,1,1,1,0.0,0.0,100.0,,,0,0,0,ncbi_only,Eukaryota,0.0
Metidae,0,0,0.0,0.0,1,1,1,0.0,0.0,100.0,,,0,0,0,ncbi_only,Eukaryota,0.0
Mysidae,0,0,0.0,0.0,1,1,1,0.0,0.0,100.0,,,0,0,0,ncbi_only,Eukaryota,0.0
Amblystegiaceae,0,0,0.0,0.0,1,1,1,0.0,0.0,100.0,,,0,0,0,ncbi_only,Eukaryota,0.0
Metchnikovellidae,0,0,0.0,0.0,1,1,0,0.0,0.0,0.0,,,0,0,0,ncbi_only,Eukaryota,0.0
Vaucheriaceae,0,0,0.0,0.0,1,1,1,0.0,0.0,100.0,,,0,0,0,ncbi_only,Eukaryota,0.0
Vesicomyidae,0,0,0.0,0.0,1,1,1,0.0,0.0,100.0,,,0,0,0,ncbi_only,Eukaryota,0.0
Lomanotidae,0,0,0.0,0.0,1,1,1,0.0,0.0,100.0,,,0,0,0,ncbi_only,Eukaryota,0.0
Achatinidae,0,0,0.0,0.0,1,1,1,0.0,0.0,100.0,,,0,0,0,ncbi_only,Eukaryota,0.0
Monodellidae,0,0,0.0,0.0,1,1,1,0.0,0.0,100.0,,,0,0,0,ncbi_only,Eukaryota,0.0
Acrasidae,0,0,0.0,0.0,1,1,1,0.0,0.0,100.0,,,0,0,0,ncbi_only,Eukaryota,0.0
Acrocirridae,0,0,0.0,0.0,1,1,1,0.0,0.0,100.0,,,0,0,0,ncbi_only,Eukaryota,0.0
Ligiidae,0,0,0.0,0.0,1,1,1,0.0,0.0,100.0,,,0,0,0,ncbi_only,Eukaryota,0.0
Vitrellaceae,0,0,0.0,0.0,1,1,1,0.0,0.0,100.0,,,0,0,0,ncbi_only,Eukaryota,0.0
Amoebidiaceae,0,0,0.0,0.0,1,1,1,0.0,0.0,100.0,,,0,0,0,ncbi_only,Eukaryota,0.0
Mesotaeniaceae,0,0,0.0,0.0,1,1,1,0.0,0.0,100.0,,,0,0,0,ncbi_only,Eukaryota,0.0
Uteriporidae,0,0,0.0,0.0,1,1,1,0.0,0.0,100.0,,,0,0,0,ncbi_only,Eukaryota,0.0
Amphiacanthidae,0,0,0.0,0.0,1,1,0,0.0,0.0,0.0,,,0,0,0,ncbi_only,Eukaryota,0.0
Amphidiniaceae,0,0,0.0,0.0,1,1,1,0.0,0.0,100.0,,,0,0,0,ncbi_only,Eukaryota,0.0
Urotrygonidae,0,0,0.0,0.0,1,1,1,0.0,0.0,100.0,,,0,0,0,ncbi_only,Eukaryota,0.0
Upupidae,0,0,0.0,0.0,1,1,1,0.0,0.0,100.0,,,0,0,0,ncbi_only,Eukaryota,0.0
Amphisiellidae,0,0,0.0,0.0,1,1,1,0.0,0.0,100.0,,,0,0,0,ncbi_only,Eukaryota,0.0
Ulvellaceae,0,0,0.0,0.0,1,1,1,0.0,0.0,100.0,,,0,0,0,ncbi_only,Eukaryota,0.0
Mesogammaridae,0,0,0.0,0.0,1,1,1,0.0,0.0,100.0,,,0,0,0,ncbi_only,Eukaryota,0.0
Mniaceae,0,0,0.0,0.0,1,1,1,0.0,0.0,100.0,,,0,0,0,ncbi_only,Eukaryota,0.0
Moniliellaceae,0,0,0.0,0.0,1,1,1,0.0,0.0,100.0,,,0,0,0,ncbi_only,Eukaryota,0.0
Symbiotaphrinaceae,0,0,0.0,0.0,1,1,1,0.0,0.0,100.0,,,0,0,0,ncbi_only,Eukaryota,0.0
Calophyllaceae,0,0,0.0,0.0,1,1,1,0.0,0.0,100.0,,,0,0,0,ncbi_only,Eukaryota,0.0
Stylonemataceae,0,0,0.0,0.0,1,1,1,0.0,0.0,100.0,,,0,0,0,ncbi_only,Eukaryota,0.0
Campephagidae,0,0,0.0,0.0,1,1,1,0.0,0.0,100.0,,,0,0,0,ncbi_only,Eukaryota,0.0
Ophionereidae,0,0,0.0,0.0,1,1,1,0.0,0.0,100.0,,,0,0,0,ncbi_only,Eukaryota,0.0
Lithophyllaceae,0,0,0.0,0.0,1,1,1,0.0,0.0,100.0,,,0,0,0,ncbi_only,Eukaryota,0.0
Ophiocytiaceae,0,0,0.0,0.0,1,1,1,0.0,0.0,100.0,,,0,0,0,ncbi_only,Eukaryota,0.0
Odontellidae,0,0,0.0,0.0,1,1,1,0.0,0.0,100.0,,,0,0,0,ncbi_only,Eukaryota,0.0
Temnopleuridae,0,0,0.0,0.0,1,1,1,0.0,0.0,100.0,,,0,0,0,ncbi_only,Eukaryota,0.0
Callochitonidae,0,0,0.0,0.0,1,1,1,0.0,0.0,100.0,,,0,0,0,ncbi_only,Eukaryota,0.0
Calliostomatidae,0,0,0.0,0.0,1,1,1,0.0,0.0,100.0,,,0,0,0,ncbi_only,Eukaryota,0.0
Leucodontaceae,0,0,0.0,0.0,1,1,1,0.0,0.0,100.0,,,0,0,0,ncbi_only,Eukaryota,0.0
Alvinellidae,0,0,0.0,0.0,1,1,1,0.0,0.0,100.0,,,0,0,0,ncbi_only,Eukaryota,0.0
Loranthaceae,0,0,0.0,0.0,1,1,1,0.0,0.0,100.0,,,0,0,0,ncbi_only,Eukaryota,0.0
Ophiotrichidae,0,0,0.0,0.0,1,1,1,0.0,0.0,100.0,,,0,0,0,ncbi_only,Eukaryota,0.0
Bythotiaridae,0,0,0.0,0.0,1,1,1,0.0,0.0,100.0,,,0,0,0,ncbi_only,Eukaryota,0.0
Nyssaceae,0,0,0.0,0.0,1,1,1,0.0,0.0,100.0,,,0,0,0,ncbi_only,Eukaryota,0.0
Ulotrichaceae,0,0,0.0,0.0,1,1,1,0.0,0.0,100.0,,,0,0,0,ncbi_only,Eukaryota,0.0
Mesocestoididae,0,0,0.0,0.0,1,1,1,0.0,0.0,100.0,,,0,0,0,ncbi_only,Eukaryota,0.0
Urechidae,0,0,0.0,0.0,1,1,1,0.0,0.0,100.0,,,0,0,0,ncbi_only,Eukaryota,0.0
Microteaceae,0,0,0.0,0.0,1,1,1,0.0,0.0,100.0,,,0,0,0,ncbi_only,Eukaryota,0.0
Mycotyphaceae,0,0,0.0,0.0,1,1,1,0.0,0.0,100.0,,,0,0,0,ncbi_only,Eukaryota,0.0
Alcyonidiidae,0,0,0.0,0.0,1,1,1,0.0,0.0,100.0,,,0,0,0,ncbi_only,Eukaryota,0.0
Allantonematidae,0,0,0.0,0.0,1,1,1,0.0,0.0,100.0,,,0,0,0,ncbi_only,Eukaryota,0.0
Microlaimidae,0,0,0.0,0.0,1,1,1,0.0,0.0,100.0,,,0,0,0,ncbi_only,Eukaryota,0.0
Tetraphidaceae,0,0,0.0,0.0,1,1,1,0.0,0.0,100.0,,,0,0,0,ncbi_only,Eukaryota,0.0
Japygidae,0,0,0.0,0.0,1,1,1,0.0,0.0,100.0,,,0,0,0,ncbi_only,Eukaryota,0.0
Isochrysidaceae,0,0,0.0,0.0,1,1,1,0.0,0.0,100.0,,,0,0,0,ncbi_only,Eukaryota,0.0
Seisonidae,0,0,0.0,0.0,1,1,1,0.0,0.0,100.0,,,0,0,0,ncbi_only,Eukaryota,0.0
Clausiliidae,0,0,0.0,0.0,1,1,1,0.0,0.0,100.0,,,0,0,0,ncbi_only,Eukaryota,0.0
Paraliaceae,0,0,0.0,0.0,1,1,1,0.0,0.0,100.0,,,0,0,0,ncbi_only,Eukaryota,0.0
Semelidae,0,0,0.0,0.0,1,1,1,0.0,0.0,100.0,,,0,0,0,ncbi_only,Eukaryota,0.0
Isohypsibiidae,0,0,0.0,0.0,1,1,1,0.0,0.0,100.0,,,0,0,0,ncbi_only,Eukaryota,0.0
Cistaceae,0,0,0.0,0.0,1,1,1,0.0,0.0,100.0,,,0,0,0,ncbi_only,Eukaryota,0.0
Cirrosporiaceae,0,0,0.0,0.0,1,1,0,0.0,0.0,0.0,,,0,0,0,ncbi_only,Eukaryota,0.0
Cirolanidae,0,0,0.0,0.0,1,1,1,0.0,0.0,100.0,,,0,0,0,ncbi_only,Eukaryota,0.0
Jacanidae,0,0,0.0,0.0,1,1,1,0.0,0.0,100.0,,,0,0,0,ncbi_only,Eukaryota,0.0
Cidaridae,0,0,0.0,0.0,1,1,1,0.0,0.0,100.0,,,0,0,0,ncbi_only,Eukaryota,0.0
Cibotiaceae,0,0,0.0,0.0,1,1,1,0.0,0.0,100.0,,,0,0,0,ncbi_only,Eukaryota,0.0
Parachordodidae,0,0,0.0,0.0,1,1,1,0.0,0.0,100.0,,,0,0,0,ncbi_only,Eukaryota,0.0
Chrysozymaceae,0,0,0.0,0.0,1,1,1,0.0,0.0,100.0,,,0,0,0,ncbi_only,Eukaryota,0.0
Ischnochitonidae,0,0,0.0,0.0,1,1,1,0.0,0.0,100.0,,,0,0,0,ncbi_only,Eukaryota,0.0
Solemyidae,0,0,0.0,0.0,1,1,1,0.0,0.0,100.0,,,0,0,0,ncbi_only,Eukaryota,0.0
Solenidae,0,0,0.0,0.0,1,1,1,0.0,0.0,100.0,,,0,0,0,ncbi_only,Eukaryota,0.0
Klebsormidiaceae,0,0,0.0,0.0,1,1,1,0.0,0.0,100.0,,,0,0,0,ncbi_only,Eukaryota,0.0
Caudinidae,0,0,0.0,0.0,1,1,1,0.0,0.0,100.0,,,0,0,0,ncbi_only,Eukaryota,0.0
Lecudinidae,0,0,0.0,0.0,1,1,1,0.0,0.0,100.0,,,0,0,0,ncbi_only,Eukaryota,0.0
Spirogloeaceae,0,0,0.0,0.0,1,1,1,0.0,0.0,100.0,,,0,0,0,ncbi_only,Eukaryota,0.0
Leidyanidae,0,0,0.0,0.0,1,1,1,0.0,0.0,100.0,,,0,0,0,ncbi_only,Eukaryota,0.0
Cephalotaceae,0,0,0.0,0.0,1,1,1,0.0,0.0,100.0,,,0,0,0,ncbi_only,Eukaryota,0.0
Cavosteliaceae,0,0,0.0,0.0,1,1,1,0.0,0.0,100.0,,,0,0,0,ncbi_only,Eukaryota,0.0
Orthonychidae,0,0,0.0,0.0,1,1,1,0.0,0.0,100.0,,,0,0,0,ncbi_only,Eukaryota,0.0
Lembophyllaceae,0,0,0.0,0.0,1,1,1,0.0,0.0,100.0,,,0,0,0,ncbi_only,Eukaryota,0.0
Caulerpaceae,0,0,0.0,0.0,1,1,1,0.0,0.0,100.0,,,0,0,0,ncbi_only,Eukaryota,0.0
Lepadidae,0,0,0.0,0.0,1,1,1,0.0,0.0,100.0,,,0,0,0,ncbi_only,Eukaryota,0.0
Caryocaraceae,0,0,0.0,0.0,1,1,1,0.0,0.0,100.0,,,0,0,0,ncbi_only,Eukaryota,0.0
Carybdeidae,0,0,0.0,0.0,1,1,1,0.0,0.0,100.0,,,0,0,0,ncbi_only,Eukaryota,0.0
Chrysotrichaceae,0,0,0.0,0.0,1,1,0,0.0,0.0,0.0,,,0,0,0,ncbi_only,Eukaryota,0.0
Haemoproteidae,0,0,0.0,0.0,1,1,1,0.0,0.0,100.0,,,0,0,0,ncbi_only,Eukaryota,0.0
Physaraceae,0,0,0.0,0.0,1,1,1,0.0,0.0,100.0,,,0,0,0,ncbi_only,Eukaryota,0.0
Fissurellidae,0,0,0.0,0.0,1,1,1,0.0,0.0,100.0,,,0,0,0,ncbi_only,Eukaryota,0.0
Portulacaceae,0,0,0.0,0.0,1,1,1,0.0,0.0,100.0,,,0,0,0,ncbi_only,Eukaryota,0.0
Halimedaceae,0,0,0.0,0.0,1,1,1,0.0,0.0,100.0,,,0,0,0,ncbi_only,Eukaryota,0.0
Fabreidae,0,0,0.0,0.0,1,1,1,0.0,0.0,100.0,,,0,0,0,ncbi_only,Eukaryota,0.0
Prasinococcaceae,0,0,0.0,0.0,1,1,1,0.0,0.0,100.0,,,0,0,0,ncbi_only,Eukaryota,0.0
Prasiolaceae,0,0,0.0,0.0,1,1,1,0.0,0.0,100.0,,,0,0,0,ncbi_only,Eukaryota,0.0
Phyllophoridae,0,0,0.0,0.0,1,1,1,0.0,0.0,100.0,,,0,0,0,ncbi_only,Eukaryota,0.0
Priapulidae,0,0,0.0,0.0,1,1,1,0.0,0.0,100.0,,,0,0,0,ncbi_only,Eukaryota,0.0
Rhodymeniaceae,0,0,0.0,0.0,1,1,1,0.0,0.0,100.0,,,0,0,0,ncbi_only,Eukaryota,0.0
Oreohelicidae,0,0,0.0,0.0,1,1,1,0.0,0.0,100.0,,,0,0,0,ncbi_only,Eukaryota,0.0
Chromadoridae,0,0,0.0,0.0,1,1,1,0.0,0.0,100.0,,,0,0,0,ncbi_only,Eukaryota,0.0
Choristocarpaceae,0,0,0.0,0.0,1,1,1,0.0,0.0,100.0,,,0,0,0,ncbi_only,Eukaryota,0.0
Kallymeniaceae,0,0,0.0,0.0,1,1,1,0.0,0.0,100.0,,,0,0,0,ncbi_only,Eukaryota,0.0
Chroomonadaceae,0,0,0.0,0.0,1,1,1,0.0,0.0,100.0,,,0,0,0,ncbi_only,Eukaryota,0.0
Sinentomidae,0,0,0.0,0.0,1,1,1,0.0,0.0,100.0,,,0,0,0,ncbi_only,Eukaryota,0.0
Siphonodentaliidae,0,0,0.0,0.0,1,1,1,0.0,0.0,100.0,,,0,0,0,ncbi_only,Eukaryota,0.0
Sipunculidae,0,0,0.0,0.0,1,1,1,0.0,0.0,100.0,,,0,0,0,ncbi_only,Eukaryota,0.0
Chlorokybaceae,0,0,0.0,0.0,1,1,1,0.0,0.0,100.0,,,0,0,0,ncbi_only,Eukaryota,0.0
Pandanaceae,0,0,0.0,0.0,1,1,1,0.0,0.0,100.0,,,0,0,0,ncbi_only,Eukaryota,0.0
Chlorocystidaceae,0,0,0.0,0.0,1,1,1,0.0,0.0,100.0,,,0,0,0,ncbi_only,Eukaryota,0.0
Chlorococcaceae,0,0,0.0,0.0,1,1,1,0.0,0.0,100.0,,,0,0,0,ncbi_only,Eukaryota,0.0
Sigmoideomycetaceae,0,0,0.0,0.0,1,1,1,0.0,0.0,100.0,,,0,0,0,ncbi_only,Eukaryota,0.0
Kewaceae,0,0,0.0,0.0,1,1,1,0.0,0.0,100.0,,,0,0,0,ncbi_only,Eukaryota,0.0
Smilacaceae,0,0,0.0,0.0,1,1,1,0.0,0.0,100.0,,,0,0,0,ncbi_only,Eukaryota,0.0
Chirodropidae,0,0,0.0,0.0,1,1,0,0.0,0.0,0.0,,,0,0,0,ncbi_only,Eukaryota,0.0
Chiridotidae,0,0,0.0,0.0,1,1,1,0.0,0.0,100.0,,,0,0,0,ncbi_only,Eukaryota,0.0
Chionosphaeraceae,0,0,0.0,0.0,1,1,1,0.0,0.0,100.0,,,0,0,0,ncbi_only,Eukaryota,0.0
Soboliphymatidae,0,0,0.0,0.0,1,1,1,0.0,0.0,100.0,,,0,0,0,ncbi_only,Eukaryota,0.0
Chionididae,0,0,0.0,0.0,1,1,1,0.0,0.0,100.0,,,0,0,0,ncbi_only,Eukaryota,0.0
Chordariaceae,0,0,0.0,0.0,1,1,1,0.0,0.0,100.0,,,0,0,0,ncbi_only,Eukaryota,0.0
Corynidae,0,0,0.0,0.0,1,1,1,0.0,0.0,100.0,,,0,0,0,ncbi_only,Eukaryota,0.0
Corymorphidae,0,0,0.0,0.0,1,1,1,0.0,0.0,100.0,,,0,0,0,ncbi_only,Eukaryota,0.0
Icacinaceae,0,0,0.0,0.0,1,1,1,0.0,0.0,100.0,,,0,0,0,ncbi_only,Eukaryota,0.0
Cordiaceae,0,0,0.0,0.0,1,1,1,0.0,0.0,100.0,,,0,0,0,ncbi_only,Eukaryota,0.0
Corcoracidae,0,0,0.0,0.0,1,1,1,0.0,0.0,100.0,,,0,0,0,ncbi_only,Eukaryota,0.0
Schendylidae,0,0,0.0,0.0,1,1,1,0.0,0.0,100.0,,,0,0,0,ncbi_only,Eukaryota,0.0
Ichthyophonidae,0,0,0.0,0.0,1,1,1,0.0,0.0,100.0,,,0,0,0,ncbi_only,Eukaryota,0.0
Culicosporidae,0,0,0.0,0.0,1,1,1,0.0,0.0,100.0,,,0,0,0,ncbi_only,Eukaryota,0.0
Clytiidae,0,0,0.0,0.0,1,1,1,0.0,0.0,100.0,,,0,0,0,ncbi_only,Eukaryota,0.0
Pelagothuriidae,0,0,0.0,0.0,1,1,1,0.0,0.0,100.0,,,0,0,0,ncbi_only,Eukaryota,0.0
Cryptopidae,0,0,0.0,0.0,1,1,1,0.0,0.0,100.0,,,0,0,0,ncbi_only,Eukaryota,0.0
Pedionomidae,0,0,0.0,0.0,1,1,1,0.0,0.0,100.0,,,0,0,0,ncbi_only,Eukaryota,0.0
Hydrodictyaceae,0,0,0.0,0.0,1,1,1,0.0,0.0,100.0,,,0,0,0,ncbi_only,Eukaryota,0.0
Darwinulidae,0,0,0.0,0.0,1,1,1,0.0,0.0,100.0,,,0,0,0,ncbi_only,Eukaryota,0.0
Hyalidae,0,0,0.0,0.0,1,1,1,0.0,0.0,100.0,,,0,0,0,ncbi_only,Eukaryota,0.0
Squatinidae,0,0,0.0,0.0,1,1,1,0.0,0.0,100.0,,,0,0,0,ncbi_only,Eukaryota,0.0
Rhopaluridae,0,0,0.0,0.0,1,1,1,0.0,0.0,100.0,,,0,0,0,ncbi_only,Eukaryota,0.0
Hyalogyrinidae,0,0,0.0,0.0,1,1,1,0.0,0.0,100.0,,,0,0,0,ncbi_only,Eukaryota,0.0
Rhynchobatidae,0,0,0.0,0.0,1,1,1,0.0,0.0,100.0,,,0,0,0,ncbi_only,Eukaryota,0.0
Dermatemydidae,0,0,0.0,0.0,1,1,1,0.0,0.0,100.0,,,0,0,0,ncbi_only,Eukaryota,0.0
Pentaphylacaceae,0,0,0.0,0.0,1,1,1,0.0,0.0,100.0,,,0,0,0,ncbi_only,Eukaryota,0.0
Penicillidae,0,0,0.0,0.0,1,1,1,0.0,0.0,100.0,,,0,0,0,ncbi_only,Eukaryota,0.0
Dentaliidae,0,0,0.0,0.0,1,1,1,0.0,0.0,100.0,,,0,0,0,ncbi_only,Eukaryota,0.0
Paratrimastigidae,0,0,0.0,0.0,1,1,1,0.0,0.0,100.0,,,0,0,0,ncbi_only,Eukaryota,0.0
Clionidae,0,0,0.0,0.0,1,1,1,0.0,0.0,100.0,,,0,0,0,ncbi_only,Eukaryota,0.0
Zythiaceae,0,0,0.0,0.0,1,1,0,0.0,0.0,0.0,,,0,0,0,ncbi_only,Eukaryota,0.0
Scutigeridae,0,0,0.0,0.0,1,1,1,0.0,0.0,100.0,,,0,0,0,ncbi_only,Eukaryota,0.0
Cochliopodiidae,0,0,0.0,0.0,1,1,1,0.0,0.0,100.0,,,0,0,0,ncbi_only,Eukaryota,0.0
Comatulidae,0,0,0.0,0.0,1,1,1,0.0,0.0,100.0,,,0,0,0,ncbi_only,Eukaryota,0.0
Scolopendridae,0,0,0.0,0.0,1,1,1,0.0,0.0,100.0,,,0,0,0,ncbi_only,Eukaryota,0.0
Hydruraceae,0,0,0.0,0.0,1,1,1,0.0,0.0,100.0,,,0,0,0,ncbi_only,Eukaryota,0.0
Rhopalonematidae,0,0,0.0,0.0,1,1,1,0.0,0.0,100.0,,,0,0,0,ncbi_only,Eukaryota,0.0
Carukiidae,0,0,0.0,0.0,1,1,1,0.0,0.0,100.0,,,0,0,0,ncbi_only,Eukaryota,0.0
Staphyleaceae,0,0,0.0,0.0,1,1,1,0.0,0.0,100.0,,,0,0,0,ncbi_only,Eukaryota,0.0
Steatornithidae,0,0,0.0,0.0,1,1,1,0.0,0.0,100.0,,,0,0,0,ncbi_only,Eukaryota,0.0
Ostreobiaceae,0,0,0.0,0.0,1,1,1,0.0,0.0,100.0,,,0,0,0,ncbi_only,Eukaryota,0.0
Ceratodontidae,0,0,0.0,0.0,1,1,1,0.0,0.0,100.0,,,0,0,0,ncbi_only,Eukaryota,0.0
Lardizabalaceae,0,0,0.0,0.0,1,1,1,0.0,0.0,100.0,,,0,0,0,ncbi_only,Eukaryota,0.0
Chattonellaceae,0,0,0.0,0.0,1,1,1,0.0,0.0,100.0,,,0,0,0,ncbi_only,Eukaryota,0.0
Characiochloridaceae,0,0,0.0,0.0,1,1,1,0.0,0.0,100.0,,,0,0,0,ncbi_only,Eukaryota,0.0
Characeae,0,0,0.0,0.0,1,1,1,0.0,0.0,100.0,,,0,0,0,ncbi_only,Eukaryota,0.0
Paeoniaceae,0,0,0.0,0.0,1,1,1,0.0,0.0,100.0,,,0,0,0,ncbi_only,Eukaryota,0.0
Oxyuridae,0,0,0.0,0.0,1,1,1,0.0,0.0,100.0,,,0,0,0,ncbi_only,Eukaryota,0.0
Spengelidae,0,0,0.0,0.0,1,1,1,0.0,0.0,100.0,,,0,0,0,ncbi_only,Eukaryota,0.0
Sphacelariaceae,0,0,0.0,0.0,1,1,1,0.0,0.0,100.0,,,0,0,0,ncbi_only,Eukaryota,0.0
Labidiasteridae,0,0,0.0,0.0,1,1,1,0.0,0.0,100.0,,,0,0,0,ncbi_only,Eukaryota,0.0
Chaetophoraceae,0,0,0.0,0.0,1,1,1,0.0,0.0,100.0,,,0,0,0,ncbi_only,Eukaryota,0.0
Pauropodidae,0,0,0.0,0.0,1,1,1,0.0,0.0,100.0,,,0,0,0,ncbi_only,Eukaryota,0.0
Sphaerocystidaceae,0,0,0.0,0.0,1,1,1,0.0,0.0,100.0,,,0,0,0,ncbi_only,Eukaryota,0.0
Sphaeromyxidae,0,0,0.0,0.0,1,1,1,0.0,0.0,100.0,,,0,0,0,ncbi_only,Eukaryota,0.0
Sphaerosporidae,0,0,0.0,0.0,1,1,1,0.0,0.0,100.0,,,0,0,0,ncbi_only,Eukaryota,0.0
Certesiidae,0,0,0.0,0.0,1,1,1,0.0,0.0,100.0,,,0,0,0,ncbi_only,Eukaryota,0.0
Laodiceidae,0,0,0.0,0.0,1,1,1,0.0,0.0,100.0,,,0,0,0,ncbi_only,Eukaryota,0.0
Cletodidae,0,0,0.0,0.0,1,1,1,0.0,0.0,100.0,,,0,0,0,ncbi_only,Eukaryota,0.0
Cytherideidae,0,0,0.0,0.0,1,1,1,0.0,0.0,100.0,,,0,0,0,ncbi_only,Eukaryota,0.0
Pelomyxidae,0,0,0.0,0.0,1,1,1,0.0,0.0,100.0,,,0,0,0,ncbi_only,Eukaryota,0.0
Cyprididae,0,0,0.0,0.0,1,1,1,0.0,0.0,100.0,,,0,0,0,ncbi_only,Eukaryota,0.0
Cyclopidae,0,0,0.0,0.0,1,1,1,0.0,0.0,100.0,,,0,0,0,ncbi_only,Eukaryota,0.0
Cyclopettidae,0,0,0.0,0.0,1,1,1,0.0,0.0,100.0,,,0,0,0,ncbi_only,Eukaryota,0.0
Cycadaceae,0,0,0.0,0.0,1,1,1,0.0,0.0,100.0,,,0,0,0,ncbi_only,Eukaryota,0.0
Cyanophoraceae,0,0,0.0,0.0,1,1,1,0.0,0.0,100.0,,,0,0,0,ncbi_only,Eukaryota,0.0
Saccocirridae,0,0,0.0,0.0,1,1,1,0.0,0.0,100.0,,,0,0,0,ncbi_only,Eukaryota,0.0
Sagittidae,0,0,0.0,0.0,1,1,0,0.0,0.0,0.0,,,0,0,0,ncbi_only,Eukaryota,0.0
Chaetonotidae,0,0,0.0,0.0,1,1,1,0.0,0.0,100.0,,,0,0,0,ncbi_only,Eukaryota,0.0
Diplozoidae,0,0,0.0,0.0,1,1,1,0.0,0.0,100.0,,,0,0,0,ncbi_only,Eukaryota,0.0
Diplogasteroididae,0,0,0.0,0.0,1,1,0,0.0,0.0,0.0,,,0,0,0,ncbi_only,Eukaryota,0.0
Himantariidae,0,0,0.0,0.0,1,1,1,0.0,0.0,100.0,,,0,0,0,ncbi_only,Eukaryota,0.0
Rhinidae,0,0,0.0,0.0,1,1,1,0.0,0.0,100.0,,,0,0,0,ncbi_only,Eukaryota,0.0
Dinophilidae,0,0,0.0,0.0,1,1,1,0.0,0.0,100.0,,,0,0,0,ncbi_only,Eukaryota,0.0
Dimarcusidae,0,0,0.0,0.0,1,1,1,0.0,0.0,100.0,,,0,0,0,ncbi_only,Eukaryota,0.0
Rhinopomastidae,0,0,0.0,0.0,1,1,1,0.0,0.0,100.0,,,0,0,0,ncbi_only,Eukaryota,0.0
Histionidae,0,0,0.0,0.0,1,1,1,0.0,0.0,100.0,,,0,0,0,ncbi_only,Eukaryota,0.0
Dilepididae,0,0,0.0,0.0,1,1,1,0.0,0.0,100.0,,,0,0,0,ncbi_only,Eukaryota,0.0
Phaeothamniaceae,0,0,0.0,0.0,1,1,1,0.0,0.0,100.0,,,0,0,0,ncbi_only,Eukaryota,0.0
Histioteuthidae,0,0,0.0,0.0,1,1,1,0.0,0.0,100.0,,,0,0,0,ncbi_only,Eukaryota,0.0
Dicyemidae,0,0,0.0,0.0,1,1,1,0.0,0.0,100.0,,,0,0,0,ncbi_only,Eukaryota,0.0
Hoehnelomycetaceae,0,0,0.0,0.0,1,1,1,0.0,0.0,100.0,,,0,0,0,ncbi_only,Eukaryota,0.0
Peripatopsidae,0,0,0.0,0.0,1,1,1,0.0,0.0,100.0,,,0,0,0,ncbi_only,Eukaryota,0.0
Peripatidae,0,0,0.0,0.0,1,1,1,0.0,0.0,100.0,,,0,0,0,ncbi_only,Eukaryota,0.0
Porolithaceae,0,0,0.0,0.0,1,1,1,0.0,0.0,100.0,,,0,0,0,ncbi_only,Eukaryota,0.0
Rhabdornithidae,0,0,0.0,0.0,1,1,1,0.0,0.0,100.0,,,0,0,0,ncbi_only,Eukaryota,0.0
Dipteridaceae,0,0,0.0,0.0,1,1,1,0.0,0.0,100.0,,,0,0,0,ncbi_only,Eukaryota,0.0
Dipterocarpaceae,0,0,0.0,0.0,1,1,1,0.0,0.0,100.0,,,0,0,0,ncbi_only,Eukaryota,0.0
Radiomycetaceae,0,0,0.0,0.0,1,1,1,0.0,0.0,100.0,,,0,0,0,ncbi_only,Eukaryota,0.0
Dromadidae,0,0,0.0,0.0,1,1,1,0.0,0.0,100.0,,,0,0,0,ncbi_only,Eukaryota,0.0
Raillietiellidae,0,0,0.0,0.0,1,1,1,0.0,0.0,100.0,,,0,0,0,ncbi_only,Eukaryota,0.0
Dracunculidae,0,0,0.0,0.0,1,1,1,0.0,0.0,100.0,,,0,0,0,ncbi_only,Eukaryota,0.0
Phaeosacciaceae,0,0,0.0,0.0,1,1,1,0.0,0.0,100.0,,,0,0,0,ncbi_only,Eukaryota,0.0
Ramazzottiidae,0,0,0.0,0.0,1,1,1,0.0,0.0,100.0,,,0,0,0,ncbi_only,Eukaryota,0.0
Ramicandelaberaceae,0,0,0.0,0.0,1,1,1,0.0,0.0,100.0,,,0,0,0,ncbi_only,Eukaryota,0.0
Phaeophilaceae,0,0,0.0,0.0,1,1,1,0.0,0.0,100.0,,,0,0,0,ncbi_only,Eukaryota,0.0
Herbertaceae,0,0,0.0,0.0,1,1,1,0.0,0.0,100.0,,,0,0,0,ncbi_only,Eukaryota,0.0
Herpomycetaceae,0,0,0.0,0.0,1,1,1,0.0,0.0,100.0,,,0,0,0,ncbi_only,Eukaryota,0.0
Discosporangiaceae,0,0,0.0,0.0,1,1,1,0.0,0.0,100.0,,,0,0,0,ncbi_only,Eukaryota,0.0
Reticulomyxidae,0,0,0.0,0.0,1,1,1,0.0,0.0,100.0,,,0,0,0,ncbi_only,Eukaryota,0.0
Dicaeidae,0,0,0.0,0.0,1,1,1,0.0,0.0,100.0,,,0,0,0,ncbi_only,Eukaryota,0.0
Neckeraceae,0,0,0.0,0.0,1,1,1,0.0,0.0,100.0,,,0,0,0,ncbi_only,Eukaryota,0.0
Trichosidae,0,0,0.0,0.0,1,1,1,0.0,0.0,100.0,,,0,0,0,ncbi_only,Eukaryota,0.0
Heliornithidae,0,0,0.0,0.0,1,1,1,0.0,0.0,100.0,,,0,0,0,ncbi_only,Eukaryota,0.0
Elachuridae,0,0,0.0,0.0,1,1,1,0.0,0.0,100.0,,,0,0,0,ncbi_only,Eukaryota,0.0
Phascolosomatidae,0,0,0.0,0.0,1,1,1,0.0,0.0,100.0,,,0,0,0,ncbi_only,Eukaryota,0.0
Eirenidae,0,0,0.0,0.0,1,1,1,0.0,0.0,100.0,,,0,0,0,ncbi_only,Eukaryota,0.0
Pycnoraceae,0,0,0.0,0.0,1,1,0,0.0,0.0,0.0,,,0,0,0,ncbi_only,Eukaryota,0.0
Helwingiaceae,0,0,0.0,0.0,1,1,1,0.0,0.0,100.0,,,0,0,0,ncbi_only,Eukaryota,0.0
Philepittidae,0,0,0.0,0.0,1,1,1,0.0,0.0,100.0,,,0,0,0,ncbi_only,Eukaryota,0.0
Pyrocystaceae,0,0,0.0,0.0,1,1,1,0.0,0.0,100.0,,,0,0,0,ncbi_only,Eukaryota,0.0
Ecdeiocoleaceae,0,0,0.0,0.0,1,1,1,0.0,0.0,100.0,,,0,0,0,ncbi_only,Eukaryota,0.0
Hemiselmidaceae,0,0,0.0,0.0,1,1,1,0.0,0.0,100.0,,,0,0,0,ncbi_only,Eukaryota,0.0
Dryodoridae,0,0,0.0,0.0,1,1,1,0.0,0.0,100.0,,,0,0,0,ncbi_only,Eukaryota,0.0
Quaeritorhizaceae,0,0,0.0,0.0,1,1,1,0.0,0.0,100.0,,,0,0,0,ncbi_only,Eukaryota,0.0
Enoploteuthidae,0,0,0.0,0.0,1,1,1,0.0,0.0,100.0,,,0,0,0,ncbi_only,Eukaryota,0.0
Dignathodontidae,0,0,0.0,0.0,1,1,1,0.0,0.0,100.0,,,0,0,0,ncbi_only,Eukaryota,0.0
Epsilonematidae,0,0,0.0,0.0,1,1,1,0.0,0.0,100.0,,,0,0,0,ncbi_only,Eukaryota,0.0
Epimeniidae,0,0,0.0,0.0,1,1,1,0.0,0.0,100.0,,,0,0,0,ncbi_only,Eukaryota,0.0
Haplosporidiidae,0,0,0.0,0.0,1,1,1,0.0,0.0,100.0,,,0,0,0,ncbi_only,Eukaryota,0.0
Phoeniculidae,0,0,0.0,0.0,1,1,1,0.0,0.0,100.0,,,0,0,0,ncbi_only,Eukaryota,0.0
Enteromyxidae,0,0,0.0,0.0,1,1,1,0.0,0.0,100.0,,,0,0,0,ncbi_only,Eukaryota,0.0
Psolidae,0,0,0.0,0.0,1,1,1,0.0,0.0,100.0,,,0,0,0,ncbi_only,Eukaryota,0.0
Psophiidae,0,0,0.0,0.0,1,1,1,0.0,0.0,100.0,,,0,0,0,ncbi_only,Eukaryota,0.0
Endocladiaceae,0,0,0.0,0.0,1,1,1,0.0,0.0,100.0,,,0,0,0,ncbi_only,Eukaryota,0.0
Pterasteridae,0,0,0.0,0.0,1,1,1,0.0,0.0,100.0,,,0,0,0,ncbi_only,Eukaryota,0.0
Pterigynandraceae,0,0,0.0,0.0,1,1,1,0.0,0.0,100.0,,,0,0,0,ncbi_only,Eukaryota,0.0
Elpidiidae,0,0,0.0,0.0,1,1,1,0.0,0.0,100.0,,,0,0,0,ncbi_only,Eukaryota,0.0
Philomycidae,0,0,0.0,0.0,1,1,1,0.0,0.0,100.0,,,0,0,0,ncbi_only,Eukaryota,0.0
Ellobiidae,0,0,0.0,0.0,1,1,1,0.0,0.0,100.0,,,0,0,0,ncbi_only,Eukaryota,0.0
Qudsianematidae,0,0,0.0,0.0,1,1,1,0.0,0.0,100.0,,,0,0,0,ncbi_only,Eukaryota,0.0
Drosophyllaceae,0,0,0.0,0.0,1,1,1,0.0,0.0,100.0,,,0,0,0,ncbi_only,Eukaryota,0.0
Pseudocohnilembidae,0,0,0.0,0.0,1,1,1,0.0,0.0,100.0,,,0,0,0,ncbi_only,Eukaryota,0.0
Plagiogrammaceae,0,0,0.0,0.0,1,1,0,0.0,0.0,0.0,,,0,0,0,ncbi_only,Eukaryota,0.0
Pleurochloridaceae,0,0,0.0,0.0,1,1,1,0.0,0.0,100.0,,,0,0,0,ncbi_only,Eukaryota,0.0
Glaucidae,0,0,0.0,0.0,1,1,1,0.0,0.0,100.0,,,0,0,0,ncbi_only,Eukaryota,0.0
Pittosporaceae,0,0,0.0,0.0,1,1,1,0.0,0.0,100.0,,,0,0,0,ncbi_only,Eukaryota,0.0
Ginkgoaceae,0,0,0.0,0.0,1,1,1,0.0,0.0,100.0,,,0,0,0,ncbi_only,Eukaryota,0.0
Pittidae,0,0,0.0,0.0,1,1,1,0.0,0.0,100.0,,,0,0,0,ncbi_only,Eukaryota,0.0
Ginglymostomatidae,0,0,0.0,0.0,1,1,1,0.0,0.0,100.0,,,0,0,0,ncbi_only,Eukaryota,0.0
Gorgonomycetaceae,0,0,0.0,0.0,1,1,1,0.0,0.0,100.0,,,0,0,0,ncbi_only,Eukaryota,0.0
Pontoporeiidae,0,0,0.0,0.0,1,1,1,0.0,0.0,100.0,,,0,0,0,ncbi_only,Eukaryota,0.0
Prorocentraceae,0,0,0.0,0.0,1,1,1,0.0,0.0,100.0,,,0,0,0,ncbi_only,Eukaryota,0.0
Proalidae,0,0,0.0,0.0,1,1,1,0.0,0.0,100.0,,,0,0,0,ncbi_only,Eukaryota,0.0
Euryleptidae,0,0,0.0,0.0,1,1,1,0.0,0.0,100.0,,,0,0,0,ncbi_only,Eukaryota,0.0
Processidae,0,0,0.0,0.0,1,1,1,0.0,0.0,100.0,,,0,0,0,ncbi_only,Eukaryota,0.0
Eupteleaceae,0,0,0.0,0.0,1,1,1,0.0,0.0,100.0,,,0,0,0,ncbi_only,Eukaryota,0.0
Phyllidiidae,0,0,0.0,0.0,1,1,1,0.0,0.0,100.0,,,0,0,0,ncbi_only,Eukaryota,0.0
Discodorididae,0,0,0.0,0.0,1,1,1,0.0,0.0,100.0,,,0,0,0,ncbi_only,Eukaryota,0.0
Eudrilidae,0,0,0.0,0.0,1,1,1,0.0,0.0,100.0,,,0,0,0,ncbi_only,Eukaryota,0.0
Prosorhochmidae,0,0,0.0,0.0,1,1,1,0.0,0.0,100.0,,,0,0,0,ncbi_only,Eukaryota,0.0
Haematopodidae,0,0,0.0,0.0,1,1,1,0.0,0.0,100.0,,,0,0,0,ncbi_only,Eukaryota,0.0
Proteocephalidae,0,0,0.0,0.0,1,1,1,0.0,0.0,100.0,,,0,0,0,ncbi_only,Eukaryota,0.0
Proteromonadidae,0,0,0.0,0.0,1,1,1,0.0,0.0,100.0,,,0,0,0,ncbi_only,Eukaryota,0.0
Protosteliaceae,0,0,0.0,0.0,1,1,1,0.0,0.0,100.0,,,0,0,0,ncbi_only,Eukaryota,0.0
Haminoeidae,0,0,0.0,0.0,1,1,1,0.0,0.0,100.0,,,0,0,0,ncbi_only,Eukaryota,0.0
Phronimidae,0,0,0.0,0.0,1,1,1,0.0,0.0,100.0,,,0,0,0,ncbi_only,Eukaryota,0.0
Eriphiidae,0,0,0.0,0.0,1,1,1,0.0,0.0,100.0,,,0,0,0,ncbi_only,Eukaryota,0.0
Hanleyidae,0,0,0.0,0.0,1,1,1,0.0,0.0,100.0,,,0,0,0,ncbi_only,Eukaryota,0.0
Phyllophoraceae,0,0,0.0,0.0,1,1,1,0.0,0.0,100.0,,,0,0,0,ncbi_only,Eukaryota,0.0
Prismatolaimidae,0,0,0.0,0.0,1,1,1,0.0,0.0,100.0,,,0,0,0,ncbi_only,Eukaryota,0.0
Eurypygidae,0,0,0.0,0.0,1,1,1,0.0,0.0,100.0,,,0,0,0,ncbi_only,Eukaryota,0.0
Phytolaccaceae,0,0,0.0,0.0,1,1,1,0.0,0.0,100.0,,,0,0,0,ncbi_only,Eukaryota,0.0
Porcellionidae,0,0,0.0,0.0,1,1,1,0.0,0.0,100.0,,,0,0,0,ncbi_only,Eukaryota,0.0
Euphausiidae,0,0,0.0,0.0,1,1,1,0.0,0.0,100.0,,,0,0,0,ncbi_only,Eukaryota,0.0
Heteropediaceae,0,0,0.0,0.0,1,1,1,0.0,0.0,100.0,,,0,0,0,ncbi_only,Eukaryota,0.0
Pseudocerotidae,0,0,0.0,0.0,1,1,1,0.0,0.0,100.0,,,0,0,0,ncbi_only,Eukaryota,0.0
Eriocaulaceae,0,0,0.0,0.0,1,1,1,0.0,0.0,100.0,,,0,0,0,ncbi_only,Eukaryota,0.0
Polymastigidae,0,0,0.0,0.0,1,1,1,0.0,0.0,100.0,,,0,0,0,ncbi_only,Eukaryota,0.0
Poduridae,0,0,0.0,0.0,1,1,1,0.0,0.0,100.0,,,0,0,0,ncbi_only,Eukaryota,0.0
Gastropteridae,0,0,0.0,0.0,1,1,1,0.0,0.0,100.0,,,0,0,0,ncbi_only,Eukaryota,0.0
Polybiidae,0,0,0.0,0.0,1,1,1,0.0,0.0,100.0,,,0,0,0,ncbi_only,Eukaryota,0.0
Gammaridae,0,0,0.0,0.0,1,1,1,0.0,0.0,100.0,,,0,0,0,ncbi_only,Eukaryota,0.0
Pinguiochrysidaceae,0,0,0.0,0.0,1,1,1,0.0,0.0,100.0,,,0,0,0,ncbi_only,Eukaryota,0.0
Gymnomeniidae,0,0,0.0,0.0,1,1,1,0.0,0.0,100.0,,,0,0,0,ncbi_only,Eukaryota,0.0
Galeommatidae,0,0,0.0,0.0,1,1,1,0.0,0.0,100.0,,,0,0,0,ncbi_only,Eukaryota,0.0
Galbulidae,0,0,0.0,0.0,1,1,1,0.0,0.0,100.0,,,0,0,0,ncbi_only,Eukaryota,0.0
Fonticulaceae,0,0,0.0,0.0,1,1,1,0.0,0.0,100.0,,,0,0,0,ncbi_only,Eukaryota,0.0
Pilobolaceae,0,0,0.0,0.0,1,1,1,0.0,0.0,100.0,,,0,0,0,ncbi_only,Eukaryota,0.0
Fustiariidae,0,0,0.0,0.0,1,1,1,0.0,0.0,100.0,,,0,0,0,ncbi_only,Eukaryota,0.0
Goniomonadaceae,0,0,0.0,0.0,1,1,1,0.0,0.0,100.0,,,0,0,0,ncbi_only,Eukaryota,0.0
Goniodorididae,0,0,0.0,0.0,1,1,1,0.0,0.0,100.0,,,0,0,0,ncbi_only,Eukaryota,0.0
Gongylonematidae,0,0,0.0,0.0,1,1,1,0.0,0.0,100.0,,,0,0,0,ncbi_only,Eukaryota,0.0
Glyceridae,0,0,0.0,0.0,1,1,1,0.0,0.0,100.0,,,0,0,0,ncbi_only,Eukaryota,0.0
Gnathostomatidae,0,0,0.0,0.0,1,1,1,0.0,0.0,100.0,,,0,0,0,ncbi_only,Eukaryota,0.0
Gnetaceae,0,0,0.0,0.0,1,1,1,0.0,0.0,100.0,,,0,0,0,ncbi_only,Eukaryota,0.0
Platysternidae,0,0,0.0,0.0,1,1,1,0.0,0.0,100.0,,,0,0,0,ncbi_only,Eukaryota,0.0
Platydesmidae,0,0,0.0,0.0,1,1,1,0.0,0.0,100.0,,,0,0,0,ncbi_only,Eukaryota,0.0
Gymnuridae,0,0,0.0,0.0,1,1,1,0.0,0.0,100.0,,,0,0,0,ncbi_only,Eukaryota,0.0
Geomitridae,0,0,0.0,0.0,1,1,1,0.0,0.0,100.0,,,0,0,0,ncbi_only,Eukaryota,0.0
Geminibasidiaceae,0,0,0.0,0.0,1,1,1,0.0,0.0,100.0,,,0,0,0,ncbi_only,Eukaryota,0.0
Pomphorhynchidae,0,0,0.0,0.0,1,1,1,0.0,0.0,100.0,,,0,0,0,ncbi_only,Eukaryota,0.0
Haemadipsidae,0,0,0.0,0.0,1,1,1,0.0,0.0,100.0,,,0,0,0,ncbi_only,Eukaryota,0.0
Polyzoniidae,0,0,0.0,0.0,1,1,1,0.0,0.0,100.0,,,0,0,0,ncbi_only,Eukaryota,0.0
Polystomatidae,0,0,0.0,0.0,1,1,1,0.0,0.0,100.0,,,0,0,0,ncbi_only,Eukaryota,0.0
Fregatidae,0,0,0.0,0.0,1,1,0,0.0,0.0,0.0,,,0,0,0,ncbi_only,Eukaryota,0.0
Fritillariidae,0,0,0.0,0.0,1,1,1,0.0,0.0,100.0,,,0,0,0,ncbi_only,Eukaryota,0.0
Geosiphonaceae,0,0,0.0,0.0,1,1,1,0.0,0.0,100.0,,,0,0,0,ncbi_only,Eukaryota,0.0
Dinophyceae.U.family,1090,4487,1.54,1.12,0,0,0,0.0,0.0,0.0,inf,0.0,0,0,0,census_only,Unknown,0.0
Stramenopiles.U.family,1038,7804,1.46,1.94,0,0,0,0.0,0.0,0.0,inf,0.0,0,0,0,census_only,Unknown,0.0
Pezizomycotina.U.family,987,5074,1.39,1.26,0,0,0,0.0,0.0,0.0,inf,0.0,0,0,0,census_only,Unknown,0.0
Heterolobosea.U.family,896,4751,1.26,1.18,0,0,0,0.0,0.0,0.0,inf,0.0,0,0,0,census_only,Unknown,0.0
Platyhelminthes.U.family,851,2920,1.2,0.73,0,0,0,0.0,0.0,0.0,inf,0.0,0,0,0,census_only,Unknown,0.0
Gyrista.U.family,833,3060,1.17,0.76,0,0,0,0.0,0.0,0.0,inf,0.0,0,0,0,census_only,Unknown,0.0
Ciliophora.U.family,803,4342,1.13,1.08,0,0,0,0.0,0.0,0.0,inf,0.0,0,0,0,census_only,Unknown,0.0
Chromadorea_X,778,4386,1.1,1.09,0,0,0,0.0,0.0,0.0,inf,0.0,0,0,0,census_only,Unknown,0.0
Fungi.U.family,1112,2638,1.57,0.66,0,0,0,0.0,0.0,0.0,inf,0.0,0,0,0,census_only,Unknown,0.0
Opisthokonta.U.family,687,3638,0.97,0.91,0,0,0,0.0,0.0,0.0,inf,0.0,0,0,0,census_only,Unknown,0.0
Dino-Group-II.U.family,657,2568,0.93,0.64,0,0,0,0.0,0.0,0.0,inf,0.0,0,0,0,census_only,Unknown,0.0
Sandonidae,645,3733,0.91,0.93,0,0,0,0.0,0.0,0.0,inf,0.0,0,0,0,census_only,Unknown,0.0
Dino-Group-II-Clade-7,547,1828,0.77,0.46,0,0,0,0.0,0.0,0.0,inf,0.0,0,0,0,census_only,Unknown,0.0
Chytridiomycota.U.family,530,1528,0.75,0.38,0,0,0,0.0,0.0,0.0,inf,0.0,0,0,0,census_only,Unknown,0.0
TSAR.U.family,509,1675,0.72,0.42,0,0,0,0.0,0.0,0.0,inf,0.0,0,0,0,census_only,Unknown,0.0
Monothalamids_X.U.family,507,2233,0.72,0.56,0,0,0,0.0,0.0,0.0,inf,0.0,0,0,0,census_only,Unknown,0.0
Chlorophyta_X.U.family,499,2267,0.7,0.56,0,0,0,0.0,0.0,0.0,inf,0.0,0,0,0,census_only,Unknown,0.0
Hartmannellidae,472,2106,0.67,0.52,0,0,0,0.0,0.0,0.0,inf,0.0,0,0,0,census_only,Unknown,0.0
Thoracosphaeraceae,468,2008,0.66,0.5,0,0,0,0.0,0.0,0.0,inf,0.0,0,0,0,census_only,Unknown,0.0
Kinetoplastea.U.family,451,1621,0.64,0.4,0,0,0,0.0,0.0,0.0,inf,0.0,0,0,0,census_only,Unknown,0.0
Crustacea.U.family,436,2433,0.61,0.61,0,0,0,0.0,0.0,0.0,inf,0.0,0,0,0,census_only,Unknown,0.0
Petalomonadida.U.family,422,1103,0.6,0.27,0,0,0,0.0,0.0,0.0,inf,0.0,0,0,0,census_only,Unknown,0.0
Dino-Group-II-Clade-10-and-11,415,1595,0.59,0.4,0,0,0,0.0,0.0,0.0,inf,0.0,0,0,0,census_only,Unknown,0.0
Alveolata.U.family,393,8253,0.55,2.06,0,0,0,0.0,0.0,0.0,inf,0.0,0,0,0,census_only,Unknown,0.0
Polycystinea.U.family,391,4253,0.55,1.06,0,0,0,0.0,0.0,0.0,inf,0.0,0,0,0,census_only,Unknown,0.0
Mollusca.U.family,353,2354,0.5,0.59,0,0,0,0.0,0.0,0.0,inf,0.0,0,0,0,census_only,Unknown,0.0
Archaeplastida.U.family,342,1480,0.48,0.37,0,0,0,0.0,0.0,0.0,inf,0.0,0,0,0,census_only,Unknown,0.0
Oligohymenophorea.U.family,339,1781,0.48,0.44,0,0,0,0.0,0.0,0.0,inf,0.0,0,0,0,census_only,Unknown,0.0
Agaricomycotina.U.family,328,2666,0.46,0.66,0,0,0,0.0,0.0,0.0,inf,0.0,0,0,0,census_only,Unknown,0.0
Craniata_X.U.family,326,2470,0.46,0.62,0,0,0,0.0,0.0,0.0,inf,0.0,0,0,0,census_only,Unknown,0.0
Foraminifera.U.family,322,2196,0.45,0.55,0,0,0,0.0,0.0,0.0,inf,0.0,0,0,0,census_only,Unknown,0.0
Chlorellales_X,315,3348,0.44,0.83,0,0,0,0.0,0.0,0.0,inf,0.0,0,0,0,census_only,Unknown,0.0
Vampyrellida.U.family,315,1110,0.44,0.28,0,0,0,0.0,0.0,0.0,inf,0.0,0,0,0,census_only,Unknown,0.0
Maxillopoda,290,3923,0.41,0.98,0,0,0,0.0,0.0,0.0,inf,0.0,0,0,0,census_only,Unknown,0.0
Ascomycota.U.family,288,3632,0.41,0.9,0,0,0,0.0,0.0,0.0,inf,0.0,0,0,0,census_only,Unknown,0.0
Dino-Group-II-Clade-6,286,4127,0.4,1.03,0,0,0,0.0,0.0,0.0,inf,0.0,0,0,0,census_only,Unknown,0.0
Bicoecea.U.family,280,1227,0.39,0.31,0,0,0,0.0,0.0,0.0,inf,0.0,0,0,0,census_only,Unknown,0.0
Radiolaria.U.family,272,1717,0.38,0.43,0,0,0,0.0,0.0,0.0,inf,0.0,0,0,0,census_only,Unknown,0.0
Rozellomycota_XX,268,757,0.38,0.19,0,0,0,0.0,0.0,0.0,inf,0.0,0,0,0,census_only,Unknown,0.0
Saccharomycotina.U.family,259,3098,0.37,0.77,0,0,0,0.0,0.0,0.0,inf,0.0,0,0,0,census_only,Unknown,0.0
Dileptidae,253,2935,0.36,0.73,0,0,0,0.0,0.0,0.0,inf,0.0,0,0,0,census_only,Unknown,0.0
Scytomonadidae,240,549,0.34,0.14,0,0,0,0.0,0.0,0.0,inf,0.0,0,0,0,census_only,Unknown,0.0
Neobodonida.U.family,221,929,0.31,0.23,0,0,0,0.0,0.0,0.0,inf,0.0,0,0,0,census_only,Unknown,0.0
Perkinsida_XX,221,1396,0.31,0.35,0,0,0,0.0,0.0,0.0,inf,0.0,0,0,0,census_only,Unknown,0.0
Opalozoa.U.family,218,1086,0.31,0.27,0,0,0,0.0,0.0,0.0,inf,0.0,0,0,0,census_only,Unknown,0.0
Chlamydomonadales_X,217,1479,0.31,0.37,0,0,0,0.0,0.0,0.0,inf,0.0,0,0,0,census_only,Unknown,0.0
Nassellaria.U.family,209,918,0.29,0.23,0,0,0,0.0,0.0,0.0,inf,0.0,0,0,0,census_only,Unknown,0.0
Acantharea_3a,208,1225,0.29,0.31,0,0,0,0.0,0.0,0.0,inf,0.0,0,0,0,census_only,Unknown,0.0
Tetramitia_I.U.family,200,796,0.28,0.2,0,0,0,0.0,0.0,0.0,inf,0.0,0,0,0,census_only,Unknown,0.0
Dino-Group-I.U.family,197,907,0.28,0.23,0,0,0,0.0,0.0,0.0,inf,0.0,0,0,0,census_only,Unknown,0.0
Flamellidae.U.family,197,567,0.28,0.14,0,0,0,0.0,0.0,0.0,inf,0.0,0,0,0,census_only,Unknown,0.0
Dino-Group-I-Clade-5,196,1050,0.28,0.26,0,0,0,0.0,0.0,0.0,inf,0.0,0,0,0,census_only,Unknown,0.0
Eupetalomonads_X,192,534,0.27,0.13,0,0,0,0.0,0.0,0.0,inf,0.0,0,0,0,census_only,Unknown,0.0
Fungi_XXX,190,809,0.27,0.2,0,0,0,0.0,0.0,0.0,inf,0.0,0,0,0,census_only,Unknown,0.0
Phyllopharyngea.U.family,186,686,0.26,0.17,0,0,0,0.0,0.0,0.0,inf,0.0,0,0,0,census_only,Unknown,0.0
Kinetoplastea_XX,183,428,0.26,0.11,0,0,0,0.0,0.0,0.0,inf,0.0,0,0,0,census_only,Unknown,0.0
Dino-Group-I-Clade-4,182,1189,0.26,0.3,0,0,0,0.0,0.0,0.0,inf,0.0,0,0,0,census_only,Unknown,0.0
Sessilida,174,1759,0.25,0.44,0,0,0,0.0,0.0,0.0,inf,0.0,0,0,0,census_only,Unknown,0.0
WIM80-lineage,173,656,0.24,0.16,0,0,0,0.0,0.0,0.0,inf,0.0,0,0,0,census_only,Unknown,0.0
Actinocephalidae,172,567,0.24,0.14,0,0,0,0.0,0.0,0.0,inf,0.0,0,0,0,census_only,Unknown,0.0
Rhizophydiales_X,157,593,0.22,0.15,0,0,0,0.0,0.0,0.0,inf,0.0,0,0,0,census_only,Unknown,0.0
Cercomonadidae,154,294,0.22,0.07,0,0,0,0.0,0.0,0.0,inf,0.0,0,0,0,census_only,Unknown,0.0
Turbellaria.U.family,153,634,0.22,0.16,0,0,0,0.0,0.0,0.0,inf,0.0,0,0,0,census_only,Unknown,0.0
Centroplasthelida_X.U.family,151,475,0.21,0.12,0,0,0,0.0,0.0,0.0,inf,0.0,0,0,0,census_only,Unknown,0.0
Difflugina,151,397,0.21,0.1,0,0,0,0.0,0.0,0.0,inf,0.0,0,0,0,census_only,Unknown,0.0
Salpingoecidae_Group_C1,148,357,0.21,0.09,0,0,0,0.0,0.0,0.0,inf,0.0,0,0,0,census_only,Unknown,0.0
Nolandellidae,142,405,0.2,0.1,0,0,0,0.0,0.0,0.0,inf,0.0,0,0,0,census_only,Unknown,0.0
Arthropoda.U.family,138,741,0.19,0.18,0,0,0,0.0,0.0,0.0,inf,0.0,0,0,0,census_only,Unknown,0.0
Rotifera_XX,135,1684,0.19,0.42,0,0,0,0.0,0.0,0.0,inf,0.0,0,0,0,census_only,Unknown,0.0
Rhogostoma-lineage,134,853,0.19,0.21,0,0,0,0.0,0.0,0.0,inf,0.0,0,0,0,census_only,Unknown,0.0
Schizoplasmodiidae,124,320,0.17,0.08,0,0,0,0.0,0.0,0.0,inf,0.0,0,0,0,census_only,Unknown,0.0
Tubulinea_X.U.family,121,492,0.17,0.12,0,0,0,0.0,0.0,0.0,inf,0.0,0,0,0,census_only,Unknown,0.0
Dino-Group-I-Clade-1,116,2072,0.16,0.52,0,0,0,0.0,0.0,0.0,inf,0.0,0,0,0,census_only,Unknown,0.0
Psalteriomonadidae,108,544,0.15,0.14,0,0,0,0.0,0.0,0.0,inf,0.0,0,0,0,census_only,Unknown,0.0
Gastrotricha_XX,99,612,0.14,0.15,0,0,0,0.0,0.0,0.0,inf,0.0,0,0,0,census_only,Unknown,0.0
Dino-Group-II-Clade-3,92,284,0.13,0.07,0,0,0,0.0,0.0,0.0,inf,0.0,0,0,0,census_only,Unknown,0.0
Monothalamids_XX,92,231,0.13,0.06,0,0,0,0.0,0.0,0.0,inf,0.0,0,0,0,census_only,Unknown,0.0
Thaumatomonadida.U.family,88,597,0.12,0.15,0,0,0,0.0,0.0,0.0,inf,0.0,0,0,0,census_only,Unknown,0.0
Euamoebida.U.family,86,246,0.12,0.06,0,0,0,0.0,0.0,0.0,inf,0.0,0,0,0,census_only,Unknown,0.0
Suctoria_X,83,403,0.12,0.1,0,0,0,0.0,0.0,0.0,inf,0.0,0,0,0,census_only,Unknown,0.0
Endostelium-lineage,82,179,0.12,0.04,0,0,0,0.0,0.0,0.0,inf,0.0,0,0,0,census_only,Unknown,0.0
Dino-Group-II-Clade-1,80,328,0.11,0.08,0,0,0,0.0,0.0,0.0,inf,0.0,0,0,0,census_only,Unknown,0.0
Cyclotrichium_like_organism_XX,79,227,0.11,0.06,0,0,0,0.0,0.0,0.0,inf,0.0,0,0,0,census_only,Unknown,0.0
Rigifilida_XXXX,79,246,0.11,0.06,0,0,0,0.0,0.0,0.0,inf,0.0,0,0,0,census_only,Unknown,0.0
Phaeophyceae_XX,77,666,0.11,0.17,0,0,0,0.0,0.0,0.0,inf,0.0,0,0,0,census_only,Unknown,0.0
AND16-lineage,75,194,0.11,0.05,0,0,0,0.0,0.0,0.0,inf,0.0,0,0,0,census_only,Unknown,0.0
Arcellinida.U.family,75,271,0.11,0.07,0,0,0,0.0,0.0,0.0,inf,0.0,0,0,0,census_only,Unknown,0.0
Mucoromycotina_X,75,977,0.11,0.24,0,0,0,0.0,0.0,0.0,inf,0.0,0,0,0,census_only,Unknown,0.0
Blastocystis-Group,72,618,0.1,0.15,0,0,0,0.0,0.0,0.0,inf,0.0,0,0,0,census_only,Unknown,0.0
Flamella-lineage,62,262,0.09,0.07,0,0,0,0.0,0.0,0.0,inf,0.0,0,0,0,census_only,Unknown,0.0
Phryganellina,62,148,0.09,0.04,0,0,0,0.0,0.0,0.0,inf,0.0,0,0,0,census_only,Unknown,0.0
Coccidiomorphea.U.family,61,404,0.09,0.1,0,0,0,0.0,0.0,0.0,inf,0.0,0,0,0,census_only,Unknown,0.0
LOS7N/I-lineage,60,299,0.08,0.07,0,0,0,0.0,0.0,0.0,inf,0.0,0,0,0,census_only,Unknown,0.0
Archamoebea.U.family,58,216,0.08,0.05,0,0,0,0.0,0.0,0.0,inf,0.0,0,0,0,census_only,Unknown,0.0
Tetramitia_I_X,58,319,0.08,0.08,0,0,0,0.0,0.0,0.0,inf,0.0,0,0,0,census_only,Unknown,0.0
Bicoecaceae,57,469,0.08,0.12,0,0,0,0.0,0.0,0.0,inf,0.0,0,0,0,census_only,Unknown,0.0
Mucoromycotina.U.family,57,363,0.08,0.09,0,0,0,0.0,0.0,0.0,inf,0.0,0,0,0,census_only,Unknown,0.0
Sphaeropleales.U.family,56,214,0.08,0.05,0,0,0,0.0,0.0,0.0,inf,0.0,0,0,0,census_only,Unknown,0.0
Ulvales-relatives_X,55,176,0.08,0.04,0,0,0,0.0,0.0,0.0,inf,0.0,0,0,0,census_only,Unknown,0.0
Neocallimastigomycota_XX,54,78,0.08,0.02,0,0,0,0.0,0.0,0.0,inf,0.0,0,0,0,census_only,Unknown,0.0
Peritrichia_2.U.family,53,322,0.07,0.08,0,0,0,0.0,0.0,0.0,inf,0.0,0,0,0,census_only,Unknown,0.0
Thalassiosirales.U.family,53,222,0.07,0.06,0,0,0,0.0,0.0,0.0,inf,0.0,0,0,0,census_only,Unknown,0.0
Picomonadidae,51,366,0.07,0.09,0,0,0,0.0,0.0,0.0,inf,0.0,0,0,0,census_only,Unknown,0.0
Euglenozoa.U.family,50,204,0.07,0.05,0,0,0,0.0,0.0,0.0,inf,0.0,0,0,0,census_only,Unknown,0.0
Mariager-Fjord-lineage,50,198,0.07,0.05,0,0,0,0.0,0.0,0.0,inf,0.0,0,0,0,census_only,Unknown,0.0
Sey055-lineage,50,123,0.07,0.03,0,0,0,0.0,0.0,0.0,inf,0.0,0,0,0,census_only,Unknown,0.0
Annelida_XX,49,237,0.07,0.06,0,0,0,0.0,0.0,0.0,inf,0.0,0,0,0,census_only,Unknown,0.0
Echinodermata_XX,48,349,0.07,0.09,0,0,0,0.0,0.0,0.0,inf,0.0,0,0,0,census_only,Unknown,0.0
NPK2-lineage,48,137,0.07,0.03,0,0,0,0.0,0.0,0.0,inf,0.0,0,0,0,census_only,Unknown,0.0
Protaspa-lineage,48,92,0.07,0.02,0,0,0,0.0,0.0,0.0,inf,0.0,0,0,0,census_only,Unknown,0.0
Mb5C-lineage,46,111,0.06,0.03,0,0,0,0.0,0.0,0.0,inf,0.0,0,0,0,census_only,Unknown,0.0
Saccharomycotina_X,46,237,0.06,0.06,0,0,0,0.0,0.0,0.0,inf,0.0,0,0,0,census_only,Unknown,0.0
Vermamoebidae,46,155,0.06,0.04,0,0,0,0.0,0.0,0.0,inf,0.0,0,0,0,census_only,Unknown,0.0
Peronosporomycetes_X.U.family,44,130,0.06,0.03,0,0,0,0.0,0.0,0.0,inf,0.0,0,0,0,census_only,Unknown,0.0
Neobodonidae,43,74,0.06,0.02,0,0,0,0.0,0.0,0.0,inf,0.0,0,0,0,census_only,Unknown,0.0
Ustilaginomycotina.U.family,43,1134,0.06,0.28,0,0,0,0.0,0.0,0.0,inf,0.0,0,0,0,census_only,Unknown,0.0
Collophidiidae,42,87,0.06,0.02,0,0,0,0.0,0.0,0.0,inf,0.0,0,0,0,census_only,Unknown,0.0
Novel-Gran-6,42,142,0.06,0.04,0,0,0,0.0,0.0,0.0,inf,0.0,0,0,0,census_only,Unknown,0.0
Pseudocolliniidae,40,96,0.06,0.02,0,0,0,0.0,0.0,0.0,inf,0.0,0,0,0,census_only,Unknown,0.0
Eustigmatophyceae_XX,39,315,0.06,0.08,0,0,0,0.0,0.0,0.0,inf,0.0,0,0,0,census_only,Unknown,0.0
Novel-clade-10_X,38,48,0.05,0.01,0,0,0,0.0,0.0,0.0,inf,0.0,0,0,0,census_only,Unknown,0.0
Urotrichidae,38,128,0.05,0.03,0,0,0,0.0,0.0,0.0,inf,0.0,0,0,0,census_only,Unknown,0.0
Acinetidae_2,37,104,0.05,0.03,0,0,0,0.0,0.0,0.0,inf,0.0,0,0,0,census_only,Unknown,0.0
Stygamoebida_XX,37,120,0.05,0.03,0,0,0,0.0,0.0,0.0,inf,0.0,0,0,0,census_only,Unknown,0.0
Suctoria.U.family,36,87,0.05,0.02,0,0,0,0.0,0.0,0.0,inf,0.0,0,0,0,census_only,Unknown,0.0
Amoebidae,35,66,0.05,0.02,0,0,0,0.0,0.0,0.0,inf,0.0,0,0,0,census_only,Unknown,0.0
Filoretidae_X,34,52,0.05,0.01,0,0,0,0.0,0.0,0.0,inf,0.0,0,0,0,census_only,Unknown,0.0
Pelobiontida_X,34,67,0.05,0.02,0,0,0,0.0,0.0,0.0,inf,0.0,0,0,0,census_only,Unknown,0.0
Filosa-Thecofilosea.U.family,33,84,0.05,0.02,0,0,0,0.0,0.0,0.0,inf,0.0,0,0,0,census_only,Unknown,0.0
Gromiidae,33,56,0.05,0.01,0,0,0,0.0,0.0,0.0,inf,0.0,0,0,0,census_only,Unknown,0.0
Tokophryidae,33,176,0.05,0.04,0,0,0,0.0,0.0,0.0,inf,0.0,0,0,0,census_only,Unknown,0.0
Basidiomycota.U.family,32,88,0.05,0.02,0,0,0,0.0,0.0,0.0,inf,0.0,0,0,0,census_only,Unknown,0.0
Filosa-Sarcomonadea.U.family,31,82,0.04,0.02,0,0,0,0.0,0.0,0.0,inf,0.0,0,0,0,census_only,Unknown,0.0
Arcellinida_X,30,151,0.04,0.04,0,0,0,0.0,0.0,0.0,inf,0.0,0,0,0,census_only,Unknown,0.0
Bigyra.U.family,30,244,0.04,0.06,0,0,0,0.0,0.0,0.0,inf,0.0,0,0,0,census_only,Unknown,0.0
Perkinsida_X.U.family,29,74,0.04,0.02,0,0,0,0.0,0.0,0.0,inf,0.0,0,0,0,census_only,Unknown,0.0
Rhizophydiales.U.family,29,107,0.04,0.03,0,0,0,0.0,0.0,0.0,inf,0.0,0,0,0,census_only,Unknown,0.0
Discosea_X.U.family,28,93,0.04,0.02,0,0,0,0.0,0.0,0.0,inf,0.0,0,0,0,census_only,Unknown,0.0
Elardia.U.family,28,49,0.04,0.01,0,0,0,0.0,0.0,0.0,inf,0.0,0,0,0,census_only,Unknown,0.0
Paradinidae,27,43,0.04,0.01,0,0,0,0.0,0.0,0.0,inf,0.0,0,0,0,census_only,Unknown,0.0
Zoopagomycota_XX,27,72,0.04,0.02,0,0,0,0.0,0.0,0.0,inf,0.0,0,0,0,census_only,Unknown,0.0
Tholoniidae,26,77,0.04,0.02,0,0,0,0.0,0.0,0.0,inf,0.0,0,0,0,census_only,Unknown,0.0
Dysteriidae,25,115,0.04,0.03,0,0,0,0.0,0.0,0.0,inf,0.0,0,0,0,census_only,Unknown,0.0
Distigmidae,24,188,0.03,0.05,0,0,0,0.0,0.0,0.0,inf,0.0,0,0,0,census_only,Unknown,0.0
Dinoflagellata.U.family,22,28,0.03,0.01,0,0,0,0.0,0.0,0.0,inf,0.0,0,0,0,census_only,Unknown,0.0
NC12A-lineage,22,45,0.03,0.01,0,0,0,0.0,0.0,0.0,inf,0.0,0,0,0,census_only,Unknown,0.0
Enoplea_X,21,209,0.03,0.05,0,0,0,0.0,0.0,0.0,inf,0.0,0,0,0,census_only,Unknown,0.0
Glissomonadida.U.family,21,102,0.03,0.03,0,0,0,0.0,0.0,0.0,inf,0.0,0,0,0,census_only,Unknown,0.0
Rhabdocoela,21,58,0.03,0.01,0,0,0,0.0,0.0,0.0,inf,0.0,0,0,0,census_only,Unknown,0.0
Spironemidae,20,81,0.03,0.02,0,0,0,0.0,0.0,0.0,inf,0.0,0,0,0,census_only,Unknown,0.0
Stylocephalidae,20,39,0.03,0.01,0,0,0,0.0,0.0,0.0,inf,0.0,0,0,0,census_only,Unknown,0.0
Centroplasthelida_XXXX,19,25,0.03,0.01,0,0,0,0.0,0.0,0.0,inf,0.0,0,0,0,census_only,Unknown,0.0
Dino-Group-II-Clade-14,19,51,0.03,0.01,0,0,0,0.0,0.0,0.0,inf,0.0,0,0,0,census_only,Unknown,0.0
Labyrinthulomycetes.U.family,19,33,0.03,0.01,0,0,0,0.0,0.0,0.0,inf,0.0,0,0,0,census_only,Unknown,0.0
Ophryoglenida,19,444,0.03,0.11,0,0,0,0.0,0.0,0.0,inf,0.0,0,0,0,census_only,Unknown,0.0
Xcellidae,19,22,0.03,0.01,0,0,0,0.0,0.0,0.0,inf,0.0,0,0,0,census_only,Unknown,0.0
Colpodellida_CHR1,18,70,0.03,0.02,0,0,0,0.0,0.0,0.0,inf,0.0,0,0,0,census_only,Unknown,0.0
Lagynidae,18,66,0.03,0.02,0,0,0,0.0,0.0,0.0,inf,0.0,0,0,0,census_only,Unknown,0.0
Dino-Group-II-Clade-21,17,78,0.02,0.02,0,0,0,0.0,0.0,0.0,inf,0.0,0,0,0,census_only,Unknown,0.0
Diplophrydaceae,17,26,0.02,0.01,0,0,0,0.0,0.0,0.0,inf,0.0,0,0,0,census_only,Unknown,0.0
Taphrinomycotina.U.family,17,110,0.02,0.03,0,0,0,0.0,0.0,0.0,inf,0.0,0,0,0,census_only,Unknown,0.0
Amphitraemidae,16,60,0.02,0.01,0,0,0,0.0,0.0,0.0,inf,0.0,0,0,0,census_only,Unknown,0.0
Arthropoda_XX,16,24,0.02,0.01,0,0,0,0.0,0.0,0.0,inf,0.0,0,0,0,census_only,Unknown,0.0
Gregarinomorphea.U.family,15,80,0.02,0.02,0,0,0,0.0,0.0,0.0,inf,0.0,0,0,0,census_only,Unknown,0.0
MAST-12,15,27,0.02,0.01,0,0,0,0.0,0.0,0.0,inf,0.0,0,0,0,census_only,Unknown,0.0
Allobodonidae,14,30,0.02,0.01,0,0,0,0.0,0.0,0.0,inf,0.0,0,0,0,census_only,Unknown,0.0
Dinophyceae_XX,14,19,0.02,0.0,0,0,0,0.0,0.0,0.0,inf,0.0,0,0,0,census_only,Unknown,0.0
OLIGO2,13,158,0.02,0.04,0,0,0,0.0,0.0,0.0,inf,0.0,0,0,0,census_only,Unknown,0.0
Ostreoida,13,29,0.02,0.01,0,0,0,0.0,0.0,0.0,inf,0.0,0,0,0,census_only,Unknown,0.0
Cercozoa_XXX,12,21,0.02,0.01,0,0,0,0.0,0.0,0.0,inf,0.0,0,0,0,census_only,Unknown,0.0
Chytridiomycetaceae,12,82,0.02,0.02,0,0,0,0.0,0.0,0.0,inf,0.0,0,0,0,census_only,Unknown,0.0
Dino-Group-II_X,12,29,0.02,0.01,0,0,0,0.0,0.0,0.0,inf,0.0,0,0,0,census_only,Unknown,0.0
Prolecithophora,12,25,0.02,0.01,0,0,0,0.0,0.0,0.0,inf,0.0,0,0,0,census_only,Unknown,0.0
Microsporida_X,11,21,0.02,0.01,0,0,0,0.0,0.0,0.0,inf,0.0,0,0,0,census_only,Unknown,0.0
Nucleariidae_Nuclearia_2,11,30,0.02,0.01,0,0,0,0.0,0.0,0.0,inf,0.0,0,0,0,census_only,Unknown,0.0
Chlorophyceae.U.family,10,62,0.01,0.02,0,0,0,0.0,0.0,0.0,inf,0.0,0,0,0,census_only,Unknown,0.0
Pterocystida_XX,10,24,0.01,0.01,0,0,0,0.0,0.0,0.0,inf,0.0,0,0,0,census_only,Unknown,0.0
Reophacidae,10,34,0.01,0.01,0,0,0,0.0,0.0,0.0,inf,0.0,0,0,0,census_only,Unknown,0.0
Vampyrellidae,10,18,0.01,0.0,0,0,0,0.0,0.0,0.0,inf,0.0,0,0,0,census_only,Unknown,0.0
Evaginogenida,9,17,0.01,0.0,0,0,0,0.0,0.0,0.0,inf,0.0,0,0,0,census_only,Unknown,0.0
Ventrifissuridae,9,9,0.01,0.0,0,0,0,0.0,0.0,0.0,inf,0.0,0,0,0,census_only,Unknown,0.0
Bacillariophyceae_XX,8,29,0.01,0.01,0,0,0,0.0,0.0,0.0,inf,0.0,0,0,0,census_only,Unknown,0.0
LKM74-lineage,8,10,0.01,0.0,0,0,0,0.0,0.0,0.0,inf,0.0,0,0,0,census_only,Unknown,0.0
Thaumatomonadidae,8,9,0.01,0.0,0,0,0,0.0,0.0,0.0,inf,0.0,0,0,0,census_only,Unknown,0.0
Bicoecea_XX,7,9,0.01,0.0,0,0,0,0.0,0.0,0.0,inf,0.0,0,0,0,census_only,Unknown,0.0
Tubulinea_XXXX,7,15,0.01,0.0,0,0,0,0.0,0.0,0.0,inf,0.0,0,0,0,census_only,Unknown,0.0
ARMOP1,6,9,0.01,0.0,0,0,0,0.0,0.0,0.0,inf,0.0,0,0,0,census_only,Unknown,0.0
Eimeriida.U.family,6,20,0.01,0.0,0,0,0,0.0,0.0,0.0,inf,0.0,0,0,0,census_only,Unknown,0.0
Ichthyophonida_XX,6,11,0.01,0.0,0,0,0,0.0,0.0,0.0,inf,0.0,0,0,0,census_only,Unknown,0.0
Mortierellaceae_X,6,6,0.01,0.0,0,0,0,0.0,0.0,0.0,inf,0.0,0,0,0,census_only,Unknown,0.0
Choanocystidae,5,6,0.01,0.0,0,0,0,0.0,0.0,0.0,inf,0.0,0,0,0,census_only,Unknown,0.0
Cryomonadida.U.family,5,7,0.01,0.0,0,0,0,0.0,0.0,0.0,inf,0.0,0,0,0,census_only,Unknown,0.0
Leptomyxidae,5,6,0.01,0.0,0,0,0,0.0,0.0,0.0,inf,0.0,0,0,0,census_only,Unknown,0.0
Neogregarinorida.U.family,5,9,0.01,0.0,0,0,0,0.0,0.0,0.0,inf,0.0,0,0,0,census_only,Unknown,0.0
Novel-Clade-4,5,6,0.01,0.0,0,0,0,0.0,0.0,0.0,inf,0.0,0,0,0,census_only,Unknown,0.0
Nucleohelea,5,14,0.01,0.0,0,0,0,0.0,0.0,0.0,inf,0.0,0,0,0,census_only,Unknown,0.0
Polychytriales_X,5,6,0.01,0.0,0,0,0,0.0,0.0,0.0,inf,0.0,0,0,0,census_only,Unknown,0.0
Stramenopiles_XXXX,5,8,0.01,0.0,0,0,0,0.0,0.0,0.0,inf,0.0,0,0,0,census_only,Unknown,0.0
Trebouxiophyceae_XX,5,8,0.01,0.0,0,0,0,0.0,0.0,0.0,inf,0.0,0,0,0,census_only,Unknown,0.0
Allapsidae,4,6,0.01,0.0,0,0,0,0.0,0.0,0.0,inf,0.0,0,0,0,census_only,Unknown,0.0
CCW10-lineage,4,6,0.01,0.0,0,0,0,0.0,0.0,0.0,inf,0.0,0,0,0,census_only,Unknown,0.0
Endomyxa-Ascetosporea_XX,4,8,0.01,0.0,0,0,0,0.0,0.0,0.0,inf,0.0,0,0,0,census_only,Unknown,0.0
Limnofilidae,4,6,0.01,0.0,0,0,0,0.0,0.0,0.0,inf,0.0,0,0,0,census_only,Unknown,0.0
Mataza-lineage,4,5,0.01,0.0,0,0,0,0.0,0.0,0.0,inf,0.0,0,0,0,census_only,Unknown,0.0
OLIGO5_X,4,4,0.01,0.0,0,0,0,0.0,0.0,0.0,inf,0.0,0,0,0,census_only,Unknown,0.0
Paracercomonadidae,4,4,0.01,0.0,0,0,0,0.0,0.0,0.0,inf,0.0,0,0,0,census_only,Unknown,0.0
Paradinida_X,4,5,0.01,0.0,0,0,0,0.0,0.0,0.0,inf,0.0,0,0,0,census_only,Unknown,0.0
Rhynchomonadidae,4,14,0.01,0.0,0,0,0,0.0,0.0,0.0,inf,0.0,0,0,0,census_only,Unknown,0.0
Sphaeropleales_X,4,6,0.01,0.0,0,0,0,0.0,0.0,0.0,inf,0.0,0,0,0,census_only,Unknown,0.0
Streptophyta_XXXX,4,23,0.01,0.01,0,0,0,0.0,0.0,0.0,inf,0.0,0,0,0,census_only,Unknown,0.0
Acanthopodida.U.family,3,3,0.0,0.0,0,0,0,0.0,0.0,0.0,inf,0.0,0,0,0,census_only,Unknown,0.0
Adeleidae,3,3,0.0,0.0,0,0,0,0.0,0.0,0.0,inf,0.0,0,0,0,census_only,Unknown,0.0
Ceratiaceae,3,65,0.0,0.02,0,0,0,0.0,0.0,0.0,inf,0.0,0,0,0,census_only,Unknown,0.0
Chytridiomycota_XX,3,3,0.0,0.0,0,0,0,0.0,0.0,0.0,inf,0.0,0,0,0,census_only,Unknown,0.0
Filosa-Thecofilosea_XX,3,4,0.0,0.0,0,0,0,0.0,0.0,0.0,inf,0.0,0,0,0,census_only,Unknown,0.0
Hartmannulidae,3,6,0.0,0.0,0,0,0,0.0,0.0,0.0,inf,0.0,0,0,0,census_only,Unknown,0.0
MAST-3,3,7,0.0,0.0,0,0,0,0.0,0.0,0.0,inf,0.0,0,0,0,census_only,Unknown,0.0
NC12B-lineage,3,11,0.0,0.0,0,0,0,0.0,0.0,0.0,inf,0.0,0,0,0,census_only,Unknown,0.0
Nibbleridae,3,11,0.0,0.0,0,0,0,0.0,0.0,0.0,inf,0.0,0,0,0,census_only,Unknown,0.0
Rhizophydiaceae,3,45,0.0,0.01,0,0,0,0.0,0.0,0.0,inf,0.0,0,0,0,census_only,Unknown,0.0
Alphamonaceae,2,10,0.0,0.0,0,0,0,0.0,0.0,0.0,inf,0.0,0,0,0,census_only,Unknown,0.0
Corallicolidae,2,2,0.0,0.0,0,0,0,0.0,0.0,0.0,inf,0.0,0,0,0,census_only,Unknown,0.0
Cryothecomonas-lineage,2,3,0.0,0.0,0,0,0,0.0,0.0,0.0,inf,0.0,0,0,0,census_only,Unknown,0.0
Cyanidiales_X,2,21,0.0,0.01,0,0,0,0.0,0.0,0.0,inf,0.0,0,0,0,census_only,Unknown,0.0
Endomyxa_XX,2,2,0.0,0.0,0,0,0,0.0,0.0,0.0,inf,0.0,0,0,0,census_only,Unknown,0.0
Glissomonadida_X,2,2,0.0,0.0,0,0,0,0.0,0.0,0.0,inf,0.0,0,0,0,census_only,Unknown,0.0
Pelobiontida.U.family,2,3,0.0,0.0,0,0,0,0.0,0.0,0.0,inf,0.0,0,0,0,census_only,Unknown,0.0
Rhizaria.U.family,2,3,0.0,0.0,0,0,0,0.0,0.0,0.0,inf,0.0,0,0,0,census_only,Unknown,0.0
Sphaerozoidae,2,3,0.0,0.0,0,0,0,0.0,0.0,0.0,inf,0.0,0,0,0,census_only,Unknown,0.0
Thaumatomonadida_X,2,2,0.0,0.0,0,0,0,0.0,0.0,0.0,inf,0.0,0,0,0,census_only,Unknown,0.0
Tubulinea.U.family,2,2,0.0,0.0,0,0,0,0.0,0.0,0.0,inf,0.0,0,0,0,census_only,Unknown,0.0
Chytridiales_X,1,5,0.0,0.0,0,0,0,0.0,0.0,0.0,inf,0.0,0,0,0,census_only,Unknown,0.0
Craniata_XX,1,1,0.0,0.0,0,0,0,0.0,0.0,0.0,inf,0.0,0,0,0,census_only,Unknown,0.0
Cryomonadida_X,1,1,0.0,0.0,0,0,0,0.0,0.0,0.0,inf,0.0,0,0,0,census_only,Unknown,0.0
Echinamoebidae,1,2,0.0,0.0,0,0,0,0.0,0.0,0.0,inf,0.0,0,0,0,census_only,Unknown,0.0
Haliphthorales,1,2,0.0,0.0,0,0,0,0.0,0.0,0.0,inf,0.0,0,0,0,census_only,Unknown,0.0
Massiteriidae,1,2,0.0,0.0,0,0,0,0.0,0.0,0.0,inf,0.0,0,0,0,census_only,Unknown,0.0
Mastigamoebida.U.family,1,2,0.0,0.0,0,0,0,0.0,0.0,0.0,inf,0.0,0,0,0,census_only,Unknown,0.0
Nebulidae,1,3,0.0,0.0,0,0,0,0.0,0.0,0.0,inf,0.0,0,0,0,census_only,Unknown,0.0
Skeletonemaceae,1,1,0.0,0.0,0,0,0,0.0,0.0,0.0,inf,0.0,0,0,0,census_only,Unknown,0.0
Zoopagomycota.U.family,1,2,0.0,0.0,0,0,0,0.0,0.0,0.0,inf,0.0,0,0,0,census_only,Unknown,0.0
Cercozoa.U.family,1152,3275,1.62,0.82,0,0,0,0.0,0.0,0.0,inf,0.0,0,0,0,census_only,Unknown,0.0
Nematoda.U.family,1163,5960,1.64,1.49,0,0,0,0.0,0.0,0.0,inf,0.0,0,0,0,census_only,Unknown,0.0
Euglenida.U.family,1526,5350,2.15,1.33,0,0,0,0.0,0.0,0.0,inf,0.0,0,0,0,census_only,Unknown,0.0
Embryophyceae_XX,2248,16076,3.17,4.01,0,0,0,0.0,0.0,0.0,inf,0.0,0,0,0,census_only,Unknown,0.0
Amoebozoa.U.family,4214,15143,5.94,3.77,0,0,0,0.0,0.0,0.0,inf,0.0,0,0,0,census_only,Unknown,0.0
Metazoa.U.family,4480,25091,6.32,6.25,0,0,0,0.0,0.0,0.0,inf,0.0,0,0,0,census_only,Unknown,0.0
Eukaryota.U.family,9333,39360,13.16,9.81,0,0,0,0.0,0.0,0.0,inf,0.0,0,0,0,census_only,Unknown,0.0
