genus,census_otu_count,census_size_count,otu_percentage,size_percentage,ncbi_genome_count,ncbi_species_count,isolate_count,genome_pct_db,species_pct,isolate_percentage,novelty_factor,overrepresentation_factor,direct_matches,taxid_matches,lineage_matches,total_matches,match_status,domain,coverage_percentage
Salmonella,82,5721,0.03,0.48,589923,1258,589857,26.23,1.72,99.99,0.065,15.341,1,1,-1,1,matched,Bacteria,
Escherichia,169,7573,0.06,0.63,332100,299,331161,14.77,0.41,99.72,0.565,1.769,1,1,-1,1,matched,Bacteria,
Streptococcus,1316,9034,0.5,0.76,156178,590,154669,6.95,0.8,99.03,2.231,0.448,1,1,-1,1,matched,Bacteria,
Campylobacter,194,1558,0.07,0.13,138348,309,137814,6.15,0.42,99.61,0.628,1.593,1,1,-1,1,matched,Bacteria,
Staphylococcus,824,7225,0.31,0.6,126754,617,126170,5.64,0.84,99.54,1.335,0.749,1,1,-1,1,matched,Bacteria,
Klebsiella,308,3580,0.12,0.3,98371,658,97687,4.37,0.9,99.3,0.468,2.136,1,1,-1,1,matched,Bacteria,
Listeria,24,1275,0.01,0.11,68410,40,68409,3.04,0.05,100.0,0.6,1.667,1,1,-1,1,matched,Bacteria,
Neisseria,265,1963,0.1,0.16,57810,133,57444,2.57,0.18,99.37,1.992,0.502,1,1,-1,1,matched,Bacteria,
Pseudomonas,2357,13398,0.9,1.12,50935,2953,49819,2.27,4.03,97.81,0.798,1.253,1,1,-1,1,matched,Bacteria,
Enterococcus,405,2809,0.15,0.24,47205,413,46301,2.1,0.56,98.08,0.981,1.02,1,1,-1,1,matched,Bacteria,
Shigella,28,154,0.01,0.01,45495,148,45350,2.02,0.2,99.68,0.189,5.286,1,1,-1,1,matched,Bacteria,
Acinetobacter,749,4886,0.29,0.41,43964,868,42741,1.96,1.18,97.22,0.863,1.159,1,1,-1,1,matched,Bacteria,
Vibrio,684,4478,0.26,0.37,34377,877,34294,1.53,1.2,99.76,0.78,1.282,1,1,-1,1,matched,Bacteria,
Clostridioides,15,817,0.01,0.07,22509,44,22421,1.0,0.06,99.61,0.341,2.933,1,1,-1,1,matched,Bacteria,
Enterobacter,491,2388,0.19,0.2,15307,677,14839,0.68,0.92,96.94,0.725,1.379,1,1,-1,1,matched,Bacteria,
Bacillus,3741,18159,1.43,1.52,14294,1641,14131,0.64,2.24,98.86,2.28,0.439,1,0,0,1,matched,Bacteria,
Streptomyces,1322,7725,0.5,0.65,11850,6620,11761,0.53,9.03,99.25,0.2,5.008,1,1,-1,1,matched,Bacteria,
Mycobacterium,300,4298,0.11,0.36,11116,389,10672,0.49,0.53,96.01,0.771,1.297,1,1,-1,1,matched,Bacteria,
Bacteroides,1166,6061,0.44,0.51,10675,282,4979,0.47,0.38,46.64,4.135,0.242,1,1,-1,1,matched,Bacteria,
Clostridium,1127,6053,0.43,0.51,9809,635,5928,0.44,0.87,60.43,1.775,0.563,1,1,-1,1,matched,Bacteria,
Alistipes,424,1595,0.16,0.13,8527,85,481,0.38,0.12,5.64,4.988,0.2,1,1,-1,1,matched,Bacteria,
Legionella,405,1303,0.15,0.11,8385,93,8307,0.37,0.13,99.07,4.355,0.23,1,1,-1,1,matched,Bacteria,
Helicobacter,97,732,0.04,0.06,7937,98,6716,0.35,0.13,84.62,0.99,1.01,1,1,-1,1,matched,Bacteria,
Yersinia,31,906,0.01,0.08,7769,43,7760,0.35,0.06,99.88,0.721,1.387,1,0,0,1,matched,Bacteria,
Burkholderia,225,2918,0.09,0.24,7603,361,7523,0.34,0.49,98.95,0.623,1.604,1,1,-1,1,matched,Bacteria,
Bifidobacterium,129,1722,0.05,0.14,7271,213,4414,0.32,0.29,60.71,0.606,1.651,1,1,-1,1,matched,Bacteria,
Prevotella,1869,5499,0.71,0.46,6323,290,286,0.28,0.4,4.52,6.445,0.155,1,1,-1,1,matched,Bacteria,
Citrobacter,100,1786,0.04,0.15,5685,423,5518,0.25,0.58,97.06,0.236,4.23,1,1,-1,1,matched,Bacteria,
Lactobacillus,828,5707,0.32,0.48,5292,203,2680,0.24,0.28,50.64,4.079,0.245,1,1,-1,1,matched,Bacteria,
Xanthomonas,41,1292,0.02,0.11,5165,173,5109,0.23,0.24,98.92,0.237,4.22,1,1,-1,1,matched,Bacteria,
Proteus,70,381,0.03,0.03,5010,87,4952,0.22,0.12,98.84,0.805,1.243,1,0,0,1,matched,Bacteria,
Serratia,264,1508,0.1,0.13,4521,173,4420,0.2,0.24,97.77,1.526,0.655,1,0,0,1,matched,Bacteria,
Ruminococcus,1003,3172,0.38,0.27,4215,276,291,0.19,0.38,6.9,3.634,0.275,1,1,-1,1,matched,Bacteria,
Corynebacterium,735,4516,0.28,0.38,3845,558,3289,0.17,0.76,85.54,1.317,0.759,1,1,-1,1,matched,Bacteria,
Aeromonas,279,1791,0.11,0.15,3739,271,3630,0.17,0.37,97.08,1.03,0.971,1,1,-1,1,matched,Bacteria,
Phocaeicola,1,3,0.0,0.0,3414,39,1344,0.15,0.05,39.37,0.026,39.0,1,1,-1,1,matched,Bacteria,
Stenotrophomonas,220,1637,0.08,0.14,3270,309,2639,0.15,0.42,80.7,0.712,1.405,1,1,-1,1,matched,Bacteria,
Cronobacter,27,270,0.01,0.02,3208,12,3187,0.14,0.02,99.35,2.25,0.444,1,1,-1,1,matched,Bacteria,
Eubacterium,83,528,0.03,0.04,3169,118,140,0.14,0.16,4.42,0.703,1.422,1,1,-1,1,matched,Bacteria,
Collinsella,123,997,0.05,0.08,3079,146,456,0.14,0.2,14.81,0.842,1.187,1,1,-1,1,matched,Bacteria,
Parabacteroides,218,1565,0.08,0.13,2890,100,730,0.13,0.14,25.26,2.18,0.459,1,1,-1,1,matched,Bacteria,
Akkermansia,206,1200,0.08,0.1,2637,97,357,0.12,0.13,13.54,2.124,0.471,1,1,-1,1,matched,Bacteria,
Mannheimia,12,190,0.0,0.02,2480,14,2478,0.11,0.02,99.92,0.857,1.167,1,1,-1,1,matched,Bacteria,
Haemophilus,362,1988,0.14,0.17,2465,41,2056,0.11,0.06,83.41,8.829,0.113,1,1,-1,1,matched,Bacteria,
Bordetella,30,1700,0.01,0.14,2387,40,2115,0.11,0.05,88.6,0.75,1.333,1,1,-1,1,matched,Bacteria,
Cutibacterium,369,2216,0.14,0.19,2271,11,2134,0.1,0.02,93.97,33.545,0.03,1,1,-1,1,matched,Bacteria,
Treponema,980,2616,0.37,0.22,2161,127,712,0.1,0.17,32.95,7.717,0.13,1,1,-1,1,matched,Bacteria,
Muribaculum,10,37,0.0,0.0,2119,8,17,0.09,0.01,0.8,1.25,0.8,1,1,-1,1,matched,Bacteria,
Acetatifactor,18,25,0.01,0.0,2103,6,4,0.09,0.01,0.19,3.0,0.333,1,1,-1,1,matched,Bacteria,
Paenibacillus,874,3783,0.33,0.32,2090,916,1990,0.09,1.25,95.22,0.954,1.048,1,1,-1,1,matched,Bacteria,
Flavobacterium,1041,5992,0.4,0.5,2064,593,1199,0.09,0.81,58.09,1.755,0.57,1,1,-1,1,matched,Bacteria,
Faecalibacterium,733,2649,0.28,0.22,2009,77,220,0.09,0.11,10.95,9.519,0.105,1,1,-1,1,matched,Bacteria,
Blautia,1123,3402,0.43,0.28,1996,162,535,0.09,0.22,26.8,6.932,0.144,1,1,-1,1,matched,Bacteria,
Ligilactobacillus,63,109,0.02,0.01,1991,36,604,0.09,0.05,30.34,1.75,0.571,1,1,-1,1,matched,Bacteria,
Pasteurella,23,364,0.01,0.03,1936,14,1930,0.09,0.02,99.69,1.643,0.609,1,1,-1,1,matched,Bacteria,
Limosilactobacillus,109,229,0.04,0.02,1920,50,1054,0.09,0.07,54.9,2.18,0.459,1,1,-1,1,matched,Bacteria,
Lactococcus,168,904,0.06,0.08,1852,54,1245,0.08,0.07,67.22,3.111,0.321,1,1,-1,1,matched,Bacteria,
Providencia,57,303,0.02,0.03,1819,298,1792,0.08,0.41,98.52,0.191,5.228,1,1,-1,1,matched,Bacteria,
Rhizobium,249,1604,0.09,0.13,1812,508,1536,0.08,0.69,84.77,0.49,2.04,1,1,-1,1,matched,Bacteria,
Brucella,9,242,0.0,0.02,1729,108,1662,0.08,0.15,96.12,0.083,12.0,1,1,-1,1,matched,Bacteria,
Wolbachia,162,767,0.06,0.06,1715,352,481,0.08,0.48,28.05,0.46,2.173,1,1,-1,1,matched,Bacteria,
Mesorhizobium,146,976,0.06,0.08,1672,928,1056,0.07,1.27,63.16,0.157,6.356,1,1,-1,1,matched,Bacteria,
Dorea,178,614,0.07,0.05,1638,38,188,0.07,0.05,11.48,4.684,0.213,1,1,-1,1,matched,Bacteria,
Odoribacter,66,455,0.03,0.04,1609,21,75,0.07,0.03,4.66,3.143,0.318,1,1,-1,1,matched,Bacteria,
Bradyrhizobium,220,4000,0.08,0.33,1607,778,1314,0.07,1.06,81.77,0.283,3.536,1,1,-1,1,matched,Bacteria,
Lactiplantibacillus,17,24,0.01,0.0,1606,29,1555,0.07,0.04,96.82,0.586,1.706,1,1,-1,1,matched,Bacteria,
Lacticaseibacillus,22,32,0.01,0.0,1452,41,1285,0.06,0.06,88.5,0.537,1.864,1,1,-1,1,matched,Bacteria,
Roseburia,826,1909,0.31,0.16,1435,58,111,0.06,0.08,7.74,14.241,0.07,1,1,-1,1,matched,Bacteria,
Prochlorococcus,79,547,0.03,0.05,1377,752,819,0.06,1.03,59.48,0.105,9.519,1,1,-1,1,matched,Bacteria,
Francisella,24,332,0.01,0.03,1322,34,1269,0.06,0.05,95.99,0.706,1.417,1,1,-1,1,matched,Bacteria,
Microbacterium,326,1961,0.12,0.16,1321,674,955,0.06,0.92,72.29,0.484,2.067,1,1,-1,1,matched,Bacteria,
Pantoea,252,1423,0.1,0.12,1320,305,1089,0.06,0.42,82.5,0.826,1.21,1,1,-1,1,matched,Bacteria,
Oscillibacter,168,453,0.06,0.04,1279,25,22,0.06,0.03,1.72,6.72,0.149,1,1,-1,1,matched,Bacteria,
Sphingomonas,647,4097,0.25,0.34,1240,516,707,0.06,0.7,57.02,1.254,0.798,1,1,-1,1,matched,Bacteria,
Christensenella,4,16,0.0,0.0,1192,85,20,0.05,0.12,1.68,0.047,21.25,1,1,-1,1,matched,Bacteria,
Morganella,40,187,0.02,0.02,1137,17,1100,0.05,0.02,96.75,2.353,0.425,1,0,0,1,matched,Bacteria,
Desulfovibrio,462,1849,0.18,0.15,1031,78,89,0.05,0.11,8.63,5.923,0.169,1,1,-1,1,matched,Bacteria,
Leptospira,67,454,0.03,0.04,1029,94,1002,0.05,0.13,97.38,0.713,1.403,1,1,-1,1,matched,Bacteria,
Veillonella,245,1436,0.09,0.12,1029,66,160,0.05,0.09,15.55,3.712,0.269,1,1,-1,1,matched,Bacteria,
Ralstonia,106,904,0.04,0.08,1029,69,989,0.05,0.09,96.11,1.536,0.651,1,1,-1,1,matched,Bacteria,
Shewanella,210,1356,0.08,0.11,1001,302,907,0.04,0.41,90.61,0.695,1.438,1,1,-1,1,matched,Bacteria,
Elizabethkingia,11,195,0.0,0.02,1001,23,985,0.04,0.03,98.4,0.478,2.091,1,1,-1,1,matched,Bacteria,
Glaesserella,3,70,0.0,0.01,995,4,908,0.04,0.01,91.26,0.75,1.333,1,1,-1,1,matched,Bacteria,
Agathobacter,307,1075,0.12,0.09,992,4,135,0.04,0.01,13.61,76.75,0.013,1,1,-1,1,matched,Bacteria,
Rhodococcus,168,1105,0.06,0.09,959,452,843,0.04,0.62,87.9,0.372,2.69,1,0,0,1,matched,Bacteria,
Mycoplasmopsis,31,197,0.01,0.02,945,44,938,0.04,0.06,99.26,0.705,1.419,1,1,-1,1,matched,Bacteria,
Fusobacterium,361,2262,0.14,0.19,944,67,589,0.04,0.09,62.39,5.388,0.186,1,1,-1,1,matched,Bacteria,
Pseudoalteromonas,352,1854,0.13,0.16,918,508,745,0.04,0.69,81.15,0.693,1.443,1,1,-1,1,matched,Bacteria,
Chryseobacterium,246,1486,0.09,0.12,909,313,515,0.04,0.43,56.66,0.786,1.272,1,1,-1,1,matched,Bacteria,
Synechococcus,100,2018,0.04,0.17,904,453,379,0.04,0.62,41.92,0.221,4.53,1,1,-1,1,matched,Bacteria,
Raoultella,23,257,0.01,0.02,896,53,874,0.04,0.07,97.54,0.434,2.304,1,1,-1,1,matched,Bacteria,
Micromonospora,124,744,0.05,0.06,889,529,879,0.04,0.72,98.88,0.234,4.266,1,1,-1,1,matched,Bacteria,
Mucispirillum,21,40,0.01,0.0,853,4,5,0.04,0.01,0.59,5.25,0.19,1,1,-1,1,matched,Bacteria,
Porphyromonas,227,1122,0.09,0.09,848,37,192,0.04,0.05,22.64,6.135,0.163,1,1,-1,1,matched,Bacteria,
Mailhella,8,28,0.0,0.0,844,6,1,0.04,0.01,0.12,1.333,0.75,1,1,-1,1,matched,Bacteria,
Borreliella,3,61,0.0,0.01,817,23,816,0.04,0.03,99.88,0.13,7.667,1,1,-1,1,matched,Bacteria,
Nocardia,81,771,0.03,0.06,813,321,804,0.04,0.44,98.89,0.252,3.963,1,1,-1,1,matched,Bacteria,
Achromobacter,99,520,0.04,0.04,803,88,643,0.04,0.12,80.07,1.125,0.889,1,1,-1,1,matched,Bacteria,
Sinorhizobium,25,508,0.01,0.04,797,47,787,0.04,0.06,98.75,0.532,1.88,1,1,-1,1,matched,Bacteria,
Leuconostoc,78,546,0.03,0.05,790,32,604,0.04,0.04,76.46,2.438,0.41,1,1,-1,1,matched,Bacteria,
Coprococcus,183,639,0.07,0.05,781,63,185,0.03,0.09,23.69,2.905,0.344,1,1,-1,1,matched,Bacteria,
Chlamydia,5,47,0.0,0.0,776,28,746,0.03,0.04,96.13,0.179,5.6,1,1,-1,1,matched,Bacteria,
Phascolarctobacterium,115,806,0.04,0.07,766,10,39,0.03,0.01,5.09,11.5,0.087,1,1,-1,1,matched,Bacteria,
Sutterella,46,695,0.02,0.06,759,21,47,0.03,0.03,6.19,2.19,0.457,1,1,-1,1,matched,Bacteria,
Actinomyces,256,873,0.1,0.07,754,107,220,0.03,0.15,29.18,2.393,0.418,1,1,-1,1,matched,Bacteria,
Marinobacter,283,1489,0.11,0.12,743,203,274,0.03,0.28,36.88,1.394,0.717,1,1,-1,1,matched,Bacteria,
Methanobrevibacter,197,1481,0.08,0.12,733,49,163,0.03,0.07,22.24,4.02,0.249,1,1,-1,1,matched,Archaea,
Brevundimonas,234,1507,0.09,0.13,732,150,206,0.03,0.2,28.14,1.56,0.641,1,1,-1,1,matched,Bacteria,
Agrobacterium,82,664,0.03,0.06,720,114,618,0.03,0.16,85.83,0.719,1.39,1,1,-1,1,matched,Bacteria,
Arthrobacter,344,2225,0.13,0.19,717,462,592,0.03,0.63,82.57,0.745,1.343,1,1,-1,1,matched,Bacteria,
Lachnospira,76,278,0.03,0.02,714,26,39,0.03,0.04,5.46,2.923,0.342,1,1,-1,1,matched,Bacteria,
Pectobacterium,29,380,0.01,0.03,709,35,708,0.03,0.05,99.86,0.829,1.207,1,1,-1,1,matched,Bacteria,
Hungatella,35,141,0.01,0.01,706,21,52,0.03,0.03,7.37,1.667,0.6,1,1,-1,1,matched,Bacteria,
Paraburkholderia,65,641,0.02,0.05,692,246,619,0.03,0.34,89.45,0.264,3.785,1,1,-1,1,matched,Bacteria,
Lachnoclostridium,607,2035,0.23,0.17,685,62,159,0.03,0.08,23.21,9.79,0.102,1,1,-1,1,matched,Bacteria,
Nocardioides,533,2002,0.2,0.17,667,307,370,0.03,0.42,55.47,1.736,0.576,1,1,-1,1,matched,Bacteria,
Mycolicibacterium,4,101,0.0,0.01,665,164,584,0.03,0.22,87.82,0.024,41.0,1,1,-1,1,matched,Bacteria,
Dialister,185,841,0.07,0.07,651,19,13,0.03,0.03,2.0,9.737,0.103,1,1,-1,1,matched,Bacteria,
Psychrobacter,216,943,0.08,0.08,643,211,294,0.03,0.29,45.72,1.024,0.977,1,1,-1,1,matched,Bacteria,
Turicibacter,98,372,0.04,0.03,636,16,289,0.03,0.02,45.44,6.125,0.163,1,1,-1,1,matched,Bacteria,
Chitinophaga,71,319,0.03,0.03,635,85,114,0.03,0.12,17.95,0.835,1.197,1,1,-1,1,matched,Bacteria,
Novosphingobium,190,1341,0.07,0.11,618,173,191,0.03,0.24,30.91,1.098,0.911,1,1,-1,1,matched,Bacteria,
Rothia,159,920,0.06,0.08,611,86,268,0.03,0.12,43.86,1.849,0.541,1,0,0,1,matched,Bacteria,
Moraxella,98,547,0.04,0.05,608,67,386,0.03,0.09,63.49,1.463,0.684,1,1,-1,1,matched,Bacteria,
Pediococcus,68,349,0.03,0.03,591,16,551,0.03,0.02,93.23,4.25,0.235,1,1,-1,1,matched,Bacteria,
Sulfitobacter,123,741,0.05,0.06,571,188,353,0.03,0.26,61.82,0.654,1.528,1,1,-1,1,matched,Bacteria,
Parasutterella,59,435,0.02,0.04,561,6,31,0.02,0.01,5.53,9.833,0.102,1,1,-1,1,matched,Bacteria,
Bartonella,15,196,0.01,0.02,548,275,501,0.02,0.38,91.42,0.055,18.333,1,1,-1,1,matched,Bacteria,
Erwinia,54,338,0.02,0.03,547,78,526,0.02,0.11,96.16,0.692,1.444,1,1,-1,1,matched,Bacteria,
Micrococcus,120,396,0.05,0.03,541,61,495,0.02,0.08,91.5,1.967,0.508,1,1,-1,1,matched,Bacteria,
Weissella,82,664,0.03,0.06,538,27,381,0.02,0.04,70.82,3.037,0.329,1,1,-1,1,matched,Bacteria,
Nitrosopumilus,1,200,0.0,0.02,537,38,61,0.02,0.05,11.36,0.026,38.0,1,1,-1,1,matched,Archaea,
Halomonas,470,2049,0.18,0.17,537,272,343,0.02,0.37,63.87,1.728,0.579,1,1,-1,1,matched,Bacteria,
Oenococcus,8,30,0.0,0.0,537,9,512,0.02,0.01,95.34,0.889,1.125,1,1,-1,1,matched,Bacteria,
Sphingobacterium,213,1395,0.08,0.12,536,176,205,0.02,0.24,38.25,1.21,0.826,1,1,-1,1,matched,Bacteria,
Faecalibaculum,151,452,0.06,0.04,523,2,5,0.02,0.0,0.96,75.5,0.013,1,1,-1,1,matched,Bacteria,
Angelakisella,4,4,0.0,0.0,506,3,1,0.02,0.0,0.2,1.333,0.75,1,1,-1,1,matched,Bacteria,
Anaerostipes,201,716,0.08,0.06,498,21,129,0.02,0.03,25.9,9.571,0.104,1,1,-1,1,matched,Bacteria,
Photobacterium,97,458,0.04,0.04,495,74,476,0.02,0.1,96.16,1.311,0.763,1,1,-1,1,matched,Bacteria,
Alteromonas,275,1154,0.1,0.1,494,112,215,0.02,0.15,43.52,2.455,0.407,1,1,-1,1,matched,Bacteria,
Microcystis,31,588,0.01,0.05,485,163,94,0.02,0.22,19.38,0.19,5.258,1,0,0,1,matched,Bacteria,
Polynucleobacter,103,1584,0.04,0.13,483,142,273,0.02,0.19,56.52,0.725,1.379,1,1,-1,1,matched,Bacteria,
Megasphaera,62,408,0.02,0.03,482,46,79,0.02,0.06,16.39,1.348,0.742,1,1,-1,1,matched,Bacteria,
Acetobacter,52,481,0.02,0.04,473,68,237,0.02,0.09,50.11,0.765,1.308,1,1,-1,1,matched,Bacteria,
Leclercia,10,51,0.0,0.0,464,40,148,0.02,0.05,31.9,0.25,4.0,1,1,-1,1,matched,Bacteria,
Lysinibacillus,213,841,0.08,0.07,459,155,348,0.02,0.21,75.82,1.374,0.728,1,1,-1,1,matched,Bacteria,
Fusicatenibacter,155,528,0.06,0.04,459,9,51,0.02,0.01,11.11,17.222,0.058,1,1,-1,1,matched,Bacteria,
Rhodoferax,96,1407,0.04,0.12,454,36,35,0.02,0.05,7.71,2.667,0.375,1,1,-1,1,matched,Bacteria,
Comamonas,166,819,0.06,0.07,454,80,235,0.02,0.11,51.76,2.075,0.482,1,1,-1,1,matched,Bacteria,
Eggerthella,15,104,0.01,0.01,451,20,144,0.02,0.03,31.93,0.75,1.333,1,1,-1,1,matched,Bacteria,
Methylobacterium,105,723,0.04,0.06,451,243,344,0.02,0.33,76.27,0.432,2.314,1,1,-1,1,matched,Bacteria,
Riemerella,11,80,0.0,0.01,451,5,446,0.02,0.01,98.89,2.2,0.455,1,1,-1,1,matched,Bacteria,
Mycoplasma,254,734,0.1,0.06,451,135,282,0.02,0.18,62.53,1.881,0.531,1,1,-1,1,matched,Bacteria,
Polaribacter,77,656,0.03,0.05,449,70,151,0.02,0.1,33.63,1.1,0.909,1,1,-1,1,matched,Bacteria,
Tenacibaculum,98,311,0.04,0.03,448,75,396,0.02,0.1,88.39,1.307,0.765,1,1,-1,1,matched,Bacteria,
Barnesiella,61,397,0.02,0.03,442,17,36,0.02,0.02,8.14,3.588,0.279,1,1,-1,1,matched,Bacteria,
Sulfurimonas,493,1529,0.19,0.13,438,77,36,0.02,0.11,8.22,6.403,0.156,1,1,-1,1,matched,Bacteria,
Polaromonas,59,424,0.02,0.04,437,43,79,0.02,0.06,18.08,1.372,0.729,1,1,-1,1,matched,Bacteria,
Anaerotignum,5,104,0.0,0.01,433,9,14,0.02,0.01,3.23,0.556,1.8,1,1,-1,1,matched,Bacteria,
Luminiphilus,26,213,0.01,0.02,426,3,82,0.02,0.0,19.25,8.667,0.115,1,1,-1,1,matched,Bacteria,
Capnocytophaga,160,917,0.06,0.08,425,39,163,0.02,0.05,38.35,4.103,0.244,1,1,-1,1,matched,Bacteria,
Sphingobium,141,785,0.05,0.07,418,153,220,0.02,0.21,52.63,0.922,1.085,1,1,-1,1,matched,Bacteria,
Rickettsia,56,303,0.02,0.03,414,100,203,0.02,0.14,49.03,0.56,1.786,1,1,-1,1,matched,Bacteria,
uncultured_Rickettsia_sp.Mitochondria,24,168,0.01,0.01,414,100,203,0.02,0.14,49.03,0.24,4.167,0,1,0,1,matched,Bacteria,
Gardnerella,1,36,0.0,0.0,411,59,293,0.02,0.08,71.29,0.017,59.0,1,1,-1,1,matched,Bacteria,
Anaerotruncus,41,84,0.02,0.01,409,19,49,0.02,0.03,11.98,2.158,0.463,1,1,-1,1,matched,Bacteria,
Kitasatospora,24,254,0.01,0.02,408,288,405,0.02,0.39,99.26,0.083,12.0,1,1,-1,1,matched,Bacteria,
Adlercreutzia,11,60,0.0,0.01,402,24,57,0.02,0.03,14.18,0.458,2.182,1,1,-1,1,matched,Bacteria,
Ruegeria,60,218,0.02,0.02,398,105,371,0.02,0.14,93.22,0.571,1.75,1,1,-1,1,matched,Bacteria,
Subdoligranulum,423,1295,0.16,0.11,382,12,11,0.02,0.02,2.88,35.25,0.028,1,1,-1,1,matched,Bacteria,
Flavonifractor,26,159,0.01,0.01,378,27,119,0.02,0.04,31.48,0.963,1.038,1,1,-1,1,matched,Bacteria,
Exiguobacterium,136,638,0.05,0.05,377,207,255,0.02,0.28,67.64,0.657,1.522,1,1,-1,1,matched,Bacteria,
Paracoccus,191,712,0.07,0.06,377,165,250,0.02,0.23,66.31,1.158,0.864,1,0,0,1,matched,Bacteria,
Ruthenibacterium,2,40,0.0,0.0,375,8,35,0.02,0.01,9.33,0.25,4.0,1,1,-1,1,matched,Bacteria,
Clavibacter,5,59,0.0,0.0,375,22,355,0.02,0.03,94.67,0.227,4.4,1,1,-1,1,matched,Bacteria,
Brachyspira,24,90,0.01,0.01,374,17,253,0.02,0.02,67.65,1.412,0.708,1,1,-1,1,matched,Bacteria,
Bilophila,26,354,0.01,0.03,371,5,11,0.02,0.01,2.96,5.2,0.192,1,1,-1,1,matched,Bacteria,
Mycoplasmoides,2,4,0.0,0.0,369,9,369,0.02,0.01,100.0,0.222,4.5,1,1,-1,1,matched,Bacteria,
Butyricicoccus,93,399,0.04,0.03,367,41,42,0.02,0.06,11.44,2.268,0.441,1,1,-1,1,matched,Bacteria,
Dubosiella,20,103,0.01,0.01,361,3,4,0.02,0.0,1.11,6.667,0.15,1,1,-1,1,matched,Bacteria,
Curtobacterium,31,244,0.01,0.02,359,205,340,0.02,0.28,94.71,0.151,6.613,1,1,-1,1,matched,Bacteria,
Pedobacter,256,1566,0.1,0.13,356,174,245,0.02,0.24,68.82,1.471,0.68,1,1,-1,1,matched,Bacteria,
Variovorax,65,512,0.02,0.04,356,163,252,0.02,0.22,70.79,0.399,2.508,1,1,-1,1,matched,Bacteria,
Sulfurovum,631,1805,0.24,0.15,349,41,16,0.02,0.06,4.58,15.39,0.065,1,1,-1,1,matched,Bacteria,
Erythrobacter,93,549,0.04,0.05,349,88,87,0.02,0.12,24.93,1.057,0.946,1,1,-1,1,matched,Bacteria,
Ferruginibacter,194,873,0.07,0.07,347,7,6,0.02,0.01,1.73,27.714,0.036,1,1,-1,1,matched,Bacteria,
Roseobacter,100,267,0.04,0.02,342,245,245,0.02,0.33,71.64,0.408,2.45,1,1,-1,1,matched,Bacteria,
Microcoleus,28,108,0.01,0.01,339,300,242,0.02,0.41,71.39,0.093,10.714,1,1,-1,1,matched,Bacteria,
Planktomarina,36,489,0.01,0.04,337,4,192,0.01,0.01,56.97,9.0,0.111,1,1,-1,1,matched,Bacteria,
Ruminiclostridium,261,543,0.1,0.05,336,25,27,0.01,0.03,8.04,10.44,0.096,1,1,-1,1,matched,Bacteria,
Fibrobacter,96,342,0.04,0.03,335,53,39,0.01,0.07,11.64,1.811,0.552,1,1,-1,1,matched,Bacteria,
Acidovorax,217,1166,0.08,0.1,331,122,134,0.01,0.17,40.48,1.779,0.562,1,1,-1,1,matched,Bacteria,
Mesomycoplasma,8,39,0.0,0.0,329,13,329,0.01,0.02,100.0,0.615,1.625,1,1,-1,1,matched,Bacteria,
Phaeobacter,12,236,0.0,0.02,322,140,289,0.01,0.19,89.75,0.086,11.667,1,1,-1,1,matched,Bacteria,
Nostoc,73,389,0.03,0.03,322,150,131,0.01,0.2,40.68,0.487,2.055,1,1,-1,1,matched,Bacteria,
Phenylobacterium,109,1119,0.04,0.09,320,32,30,0.01,0.04,9.38,3.406,0.294,1,1,-1,1,matched,Bacteria,
Mucilaginibacter,195,1233,0.07,0.1,320,129,150,0.01,0.18,46.88,1.512,0.662,1,1,-1,1,matched,Bacteria,
Selenomonas,164,811,0.06,0.07,319,36,52,0.01,0.05,16.3,4.556,0.22,1,1,-1,1,matched,Bacteria,
Limnohabitans,79,818,0.03,0.07,315,41,40,0.01,0.06,12.7,1.927,0.519,1,1,-1,1,matched,Bacteria,
Amycolatopsis,82,399,0.03,0.03,313,221,296,0.01,0.3,94.57,0.371,2.695,1,1,-1,1,matched,Bacteria,
Gordonia,52,310,0.02,0.03,313,133,259,0.01,0.18,82.75,0.391,2.558,1,0,0,1,matched,Bacteria,
Erysipelothrix,151,459,0.06,0.04,312,22,253,0.01,0.03,81.09,6.864,0.146,1,1,-1,1,matched,Bacteria,
Aerococcus,39,172,0.01,0.01,310,34,250,0.01,0.05,80.65,1.147,0.872,1,1,-1,1,matched,Bacteria,
Alloprevotella,209,622,0.08,0.05,309,7,10,0.01,0.01,3.24,29.857,0.033,1,1,-1,1,matched,Bacteria,
Edwardsiella,9,176,0.0,0.01,307,9,303,0.01,0.01,98.7,1.0,1.0,1,0,0,1,matched,Bacteria,
Nitrosomonas,96,481,0.04,0.04,306,38,59,0.01,0.05,19.28,2.526,0.396,1,1,-1,1,matched,Bacteria,
Solobacterium,70,214,0.03,0.02,304,15,6,0.01,0.02,1.97,4.667,0.214,1,1,-1,1,matched,Bacteria,
Acidaminococcus,28,197,0.01,0.02,301,18,34,0.01,0.02,11.3,1.556,0.643,1,1,-1,1,matched,Bacteria,
Rubrivivax,7,134,0.0,0.01,299,14,22,0.01,0.02,7.36,0.5,2.0,1,1,-1,1,matched,Bacteria,
Olsenella,56,344,0.02,0.03,297,48,47,0.01,0.07,15.82,1.167,0.857,1,1,-1,1,matched,Bacteria,
Coxiella,431,955,0.16,0.08,296,18,165,0.01,0.02,55.74,23.944,0.042,1,0,0,1,matched,Bacteria,
Brevibacillus,123,587,0.05,0.05,296,92,276,0.01,0.13,93.24,1.337,0.748,1,1,-1,1,matched,Bacteria,
Gilliamella,16,74,0.01,0.01,295,154,221,0.01,0.21,74.92,0.104,9.625,1,1,-1,1,matched,Bacteria,
Aggregatibacter,55,323,0.02,0.03,295,11,235,0.01,0.02,79.66,5.0,0.2,1,1,-1,1,matched,Bacteria,
Amylibacter,32,94,0.01,0.01,295,6,198,0.01,0.01,67.12,5.333,0.188,1,1,-1,1,matched,Bacteria,
Kocuria,103,377,0.04,0.03,294,87,242,0.01,0.12,82.31,1.184,0.845,1,1,-1,1,matched,Bacteria,
Xylella,4,78,0.0,0.01,292,2,277,0.01,0.0,94.86,2.0,0.5,1,1,-1,1,matched,Bacteria,
Methanothrix,246,1914,0.09,0.16,290,31,3,0.01,0.04,1.03,7.935,0.126,1,1,-1,1,matched,Archaea,
Brevibacterium,80,386,0.03,0.03,290,98,207,0.01,0.13,71.38,0.816,1.225,1,1,-1,1,matched,Bacteria,
Hyphomonas,54,472,0.02,0.04,289,53,22,0.01,0.07,7.61,1.019,0.981,1,1,-1,1,matched,Bacteria,
Nonomuraea,51,227,0.02,0.02,288,186,278,0.01,0.25,96.53,0.274,3.647,1,1,-1,1,matched,Bacteria,
Cupriavidus,60,318,0.02,0.03,287,90,247,0.01,0.12,86.06,0.667,1.5,1,1,-1,1,matched,Bacteria,
Methylotenera,75,993,0.03,0.08,286,14,13,0.01,0.02,4.55,5.357,0.187,1,1,-1,1,matched,Bacteria,
Latilactobacillus,21,29,0.01,0.0,283,7,236,0.01,0.01,83.39,3.0,0.333,1,1,-1,1,matched,Bacteria,
Butyrivibrio,167,454,0.06,0.04,278,51,65,0.01,0.07,23.38,3.275,0.305,1,1,-1,1,matched,Bacteria,
Agathobaculum,2,14,0.0,0.0,275,18,22,0.01,0.02,8.0,0.111,9.0,1,1,-1,1,matched,Bacteria,
Levilactobacillus,6,7,0.0,0.0,274,40,261,0.01,0.05,95.26,0.15,6.667,1,1,-1,1,matched,Bacteria,
Salinibacter,647,2050,0.25,0.17,272,7,254,0.01,0.01,93.38,92.429,0.011,1,1,-1,1,matched,Bacteria,
Azospirillum,128,893,0.05,0.07,272,64,124,0.01,0.09,45.59,2.0,0.5,1,1,-1,1,matched,Bacteria,
Butyricimonas,30,149,0.01,0.01,271,18,50,0.01,0.02,18.45,1.667,0.6,1,1,-1,1,matched,Bacteria,
Alcanivorax,135,861,0.05,0.07,270,87,47,0.01,0.12,17.41,1.552,0.644,1,1,-1,1,matched,Bacteria,
Hydrogenophaga,80,420,0.03,0.04,267,45,53,0.01,0.06,19.85,1.778,0.562,1,1,-1,1,matched,Bacteria,
Acidithiobacillus,78,291,0.03,0.02,265,33,131,0.01,0.05,49.43,2.364,0.423,1,1,-1,1,matched,Bacteria,
Dolichospermum,12,151,0.0,0.01,260,45,45,0.01,0.06,17.31,0.267,3.75,1,1,-1,1,matched,Bacteria,
Carnobacterium,30,296,0.01,0.02,257,32,199,0.01,0.04,77.43,0.938,1.067,1,1,-1,1,matched,Bacteria,
Nitratireductor,54,182,0.02,0.02,254,28,48,0.01,0.04,18.9,1.929,0.519,1,1,-1,1,matched,Bacteria,
Paraprevotella,38,190,0.01,0.02,254,6,12,0.01,0.01,4.72,6.333,0.158,1,1,-1,1,matched,Bacteria,
Dickeya,43,233,0.02,0.02,251,26,250,0.01,0.04,99.6,1.654,0.605,1,1,-1,1,matched,Bacteria,
Thiolapillus,6,30,0.0,0.0,250,3,1,0.01,0.0,0.4,2.0,0.5,1,1,-1,1,matched,Bacteria,
Metamycoplasma,9,54,0.0,0.0,249,23,200,0.01,0.03,80.32,0.391,2.556,1,1,-1,1,matched,Bacteria,
Roseovarius,112,547,0.04,0.05,249,82,96,0.01,0.11,38.55,1.366,0.732,1,1,-1,1,matched,Bacteria,
Devosia,143,855,0.05,0.07,249,89,86,0.01,0.12,34.54,1.607,0.622,1,1,-1,1,matched,Bacteria,
Delftia,56,649,0.02,0.05,247,50,110,0.01,0.07,44.53,1.12,0.893,1,1,-1,1,matched,Bacteria,
Propionibacterium,22,258,0.01,0.02,246,40,165,0.01,0.05,67.07,0.55,1.818,1,1,-1,1,matched,Bacteria,
Acutalibacter,1,1,0.0,0.0,245,14,10,0.01,0.02,4.08,0.071,14.0,1,1,-1,1,matched,Bacteria,
Deinococcus,171,503,0.07,0.04,242,124,198,0.01,0.17,81.82,1.379,0.725,1,1,-1,1,matched,Bacteria,
Lentilactobacillus,7,9,0.0,0.0,242,25,185,0.01,0.03,76.45,0.28,3.571,1,1,-1,1,matched,Bacteria,
Hyphomicrobium,173,655,0.07,0.05,242,26,23,0.01,0.04,9.5,6.654,0.15,1,1,-1,1,matched,Bacteria,
Actinobacillus,68,497,0.03,0.04,240,20,204,0.01,0.03,85.0,3.4,0.294,1,1,-1,1,matched,Bacteria,
Sphingopyxis,73,369,0.03,0.03,239,104,110,0.01,0.14,46.03,0.702,1.425,1,1,-1,1,matched,Bacteria,
Oribacterium,103,251,0.04,0.02,239,21,16,0.01,0.03,6.69,4.905,0.204,1,1,-1,1,matched,Bacteria,
Sediminibacterium,88,1673,0.03,0.14,239,15,9,0.01,0.02,3.77,5.867,0.17,1,1,-1,1,matched,Bacteria,
Marinomonas,70,280,0.03,0.02,238,63,88,0.01,0.09,36.97,1.111,0.9,1,1,-1,1,matched,Bacteria,
Atopobium,43,290,0.02,0.02,238,32,13,0.01,0.04,5.46,1.344,0.744,1,1,-1,1,matched,Bacteria,
Sphingomicrobium,5,11,0.0,0.0,238,13,14,0.01,0.02,5.88,0.385,2.6,1,1,-1,1,matched,Bacteria,
Massilia,229,1802,0.09,0.15,234,130,143,0.01,0.18,61.11,1.762,0.568,1,1,-1,1,matched,Bacteria,
Kingella,32,152,0.01,0.01,232,10,158,0.01,0.01,68.1,3.2,0.312,1,1,-1,1,matched,Bacteria,
Anaerococcus,153,563,0.06,0.05,231,45,64,0.01,0.06,27.71,3.4,0.294,1,1,-1,1,matched,Bacteria,
Maribacter,58,220,0.02,0.02,230,67,82,0.01,0.09,35.65,0.866,1.155,1,1,-1,1,matched,Bacteria,
Cyanobium,60,698,0.02,0.06,229,89,45,0.01,0.12,19.65,0.674,1.483,1,1,-1,1,matched,Bacteria,
Pseudoxanthomonas,57,352,0.02,0.03,222,67,109,0.01,0.09,49.1,0.851,1.175,1,1,-1,1,matched,Bacteria,
Romboutsia,79,588,0.03,0.05,222,23,39,0.01,0.03,17.57,3.435,0.291,1,1,-1,1,matched,Bacteria,
Pseudonocardia,191,855,0.07,0.07,221,107,148,0.01,0.15,66.97,1.785,0.56,1,1,-1,1,matched,Bacteria,
Holdemanella,85,409,0.03,0.03,220,9,38,0.01,0.01,17.27,9.444,0.106,1,1,-1,1,matched,Bacteria,
Rhodobacter,136,921,0.05,0.08,220,30,40,0.01,0.04,18.18,4.533,0.221,1,1,-1,1,matched,Bacteria,
Cellulomonas,66,848,0.03,0.07,216,105,163,0.01,0.14,75.46,0.629,1.591,1,1,-1,1,matched,Bacteria,
Methanocorpusculum,25,149,0.01,0.01,215,14,6,0.01,0.02,2.79,1.786,0.56,1,1,-1,1,matched,Archaea,
Methanosarcina,105,977,0.04,0.08,214,58,110,0.01,0.08,51.4,1.81,0.552,1,1,-1,1,matched,Archaea,
Peptoniphilus,105,239,0.04,0.02,213,42,73,0.01,0.06,34.27,2.5,0.4,1,1,-1,1,matched,Bacteria,
Parahymenobacter,2,2,0.0,0.0,212,141,158,0.01,0.19,74.53,0.014,70.5,0,1,0,1,matched,Bacteria,
Siccationidurans,4,90,0.0,0.01,212,141,158,0.01,0.19,74.53,0.028,35.25,0,1,0,1,matched,Bacteria,
Hymenobacter,230,814,0.09,0.07,212,141,158,0.01,0.19,74.53,1.631,0.613,1,1,-1,1,matched,Bacteria,
Liberibacter,1,6,0.0,0.0,211,10,200,0.01,0.01,94.79,0.1,10.0,1,1,-1,1,matched,Bacteria,
Winogradskyella,72,215,0.03,0.02,211,65,89,0.01,0.09,42.18,1.108,0.903,1,1,-1,1,matched,Bacteria,
Xenorhabdus,36,157,0.01,0.01,210,51,209,0.01,0.07,99.52,0.706,1.417,1,1,-1,1,matched,Bacteria,
Apilactobacillus,6,9,0.0,0.0,210,16,206,0.01,0.02,98.1,0.375,2.667,1,1,-1,1,matched,Bacteria,
Ferrovum,29,155,0.01,0.01,207,8,5,0.01,0.01,2.42,3.625,0.276,1,1,-1,1,matched,Bacteria,
Aeromicrobium,30,200,0.01,0.02,203,65,76,0.01,0.09,37.44,0.462,2.167,1,1,-1,1,matched,Bacteria,
Rhodanobacter,106,987,0.04,0.08,203,71,87,0.01,0.1,42.86,1.493,0.67,1,1,-1,1,matched,Bacteria,
Thiobacillus,136,664,0.05,0.06,202,27,5,0.01,0.04,2.48,5.037,0.199,1,1,-1,1,matched,Bacteria,
Micavibrio,1,3,0.0,0.0,199,42,2,0.01,0.06,1.01,0.024,42.0,1,1,-1,1,matched,Bacteria,
Pseudanabaena,37,459,0.01,0.04,199,68,25,0.01,0.09,12.56,0.544,1.838,1,1,-1,1,matched,Bacteria,
Lysobacter,170,846,0.06,0.07,199,71,111,0.01,0.1,55.78,2.394,0.418,1,1,-1,1,matched,Bacteria,
Leptotrichia,185,699,0.07,0.06,197,24,37,0.01,0.03,18.78,7.708,0.13,1,1,-1,1,matched,Bacteria,
Colwellia,173,693,0.07,0.06,194,86,90,0.01,0.12,46.39,2.012,0.497,1,1,-1,1,matched,Bacteria,
Nonlabens,23,158,0.01,0.01,194,23,33,0.01,0.03,17.01,1.0,1.0,1,1,-1,1,matched,Bacteria,
Succinivibrio,49,236,0.02,0.02,193,5,7,0.01,0.01,3.63,9.8,0.102,1,1,-1,1,matched,Bacteria,
Methanobacterium,103,1186,0.04,0.1,193,80,33,0.01,0.11,17.1,1.288,0.777,1,1,-1,1,matched,Archaea,
Gluconobacter,12,156,0.0,0.01,192,41,150,0.01,0.06,78.12,0.293,3.417,1,1,-1,1,matched,Bacteria,
Elusimicrobium,28,92,0.01,0.01,192,4,2,0.01,0.01,1.04,7.0,0.143,1,1,-1,1,matched,Bacteria,
Geobacillus,99,791,0.04,0.07,187,63,183,0.01,0.09,97.86,1.571,0.636,1,1,-1,1,matched,Bacteria,
Rikenella,38,45,0.01,0.0,186,4,2,0.01,0.01,1.08,9.5,0.105,1,1,-1,1,matched,Bacteria,
Mitsuokella,17,94,0.01,0.01,186,9,19,0.01,0.01,10.22,1.889,0.529,1,1,-1,1,matched,Bacteria,
Sedimenticola,58,171,0.02,0.01,183,14,5,0.01,0.02,2.73,4.143,0.241,1,1,-1,1,matched,Bacteria,
Catenibacterium,87,232,0.03,0.02,183,14,49,0.01,0.02,26.78,6.214,0.161,1,1,-1,1,matched,Bacteria,
Vagococcus,24,69,0.01,0.01,182,30,154,0.01,0.04,84.62,0.8,1.25,1,1,-1,1,matched,Bacteria,
Rathayibacter,8,37,0.0,0.0,182,100,181,0.01,0.14,99.45,0.08,12.5,1,1,-1,1,matched,Bacteria,
Photorhabdus,45,196,0.02,0.02,181,45,181,0.01,0.06,100.0,1.0,1.0,1,1,-1,1,matched,Bacteria,
Gemmatimonas,432,2040,0.16,0.17,181,13,4,0.01,0.02,2.21,33.231,0.03,1,1,-1,1,matched,Bacteria,
Caulobacter,75,656,0.03,0.05,179,70,85,0.01,0.1,47.49,1.071,0.933,1,1,-1,1,matched,Bacteria,
Thermococcus,40,322,0.02,0.03,179,67,75,0.01,0.09,41.9,0.597,1.675,1,1,-1,1,matched,Archaea,
Pseudolabrys,89,751,0.03,0.06,179,4,3,0.01,0.01,1.68,22.25,0.045,1,1,-1,1,matched,Bacteria,
Buchnera,111,274,0.04,0.02,178,3,141,0.01,0.0,79.21,37.0,0.027,1,0,0,1,matched,Bacteria,
Slackia,26,101,0.01,0.01,177,11,24,0.01,0.02,13.56,2.364,0.423,1,1,-1,1,matched,Bacteria,
Nocardiopsis,70,346,0.03,0.03,176,97,167,0.01,0.13,94.89,0.722,1.386,1,1,-1,1,matched,Bacteria,
Coprobacillus,4,33,0.0,0.0,176,56,67,0.01,0.08,38.07,0.071,14.0,1,1,-1,1,matched,Bacteria,
Actinomadura,86,312,0.03,0.03,176,115,169,0.01,0.16,96.02,0.748,1.337,1,1,-1,1,matched,Bacteria,
Methanoculleus,72,370,0.03,0.03,173,52,32,0.01,0.07,18.5,1.385,0.722,1,1,-1,1,matched,Archaea,
Trueperella,14,40,0.01,0.0,172,13,148,0.01,0.02,86.05,1.077,0.929,1,1,-1,1,matched,Bacteria,
Paucibacter,17,177,0.01,0.01,172,85,98,0.01,0.12,56.98,0.2,5.0,0,1,0,1,matched,Bacteria,
Succinatimonas,5,12,0.0,0.0,172,19,4,0.01,0.03,2.33,0.263,3.8,1,1,-1,1,matched,Bacteria,
Kinneretia,2,9,0.0,0.0,172,85,98,0.01,0.12,56.98,0.024,42.5,0,1,0,1,matched,Bacteria,
Roseateles,4,39,0.0,0.0,172,85,98,0.01,0.12,56.98,0.047,21.25,1,1,-1,1,matched,Bacteria,
Pelomonas,26,68,0.01,0.01,172,85,98,0.01,0.12,56.98,0.306,3.269,0,1,0,1,matched,Bacteria,
Mitsuaria,10,80,0.0,0.01,172,85,98,0.01,0.12,56.98,0.118,8.5,0,1,0,1,matched,Bacteria,
Halorubrum,132,645,0.05,0.05,171,91,159,0.01,0.12,92.98,1.451,0.689,1,1,-1,1,matched,Archaea,
Qipengyuania,2,21,0.0,0.0,171,53,84,0.01,0.07,49.12,0.038,26.5,1,1,-1,1,matched,Bacteria,
Roseibium,4,6,0.0,0.0,171,32,57,0.01,0.04,33.33,0.125,8.0,1,1,-1,1,matched,Bacteria,
Thermus,77,852,0.03,0.07,170,36,126,0.01,0.05,74.12,2.139,0.468,1,1,-1,1,matched,Bacteria,
Thauera,98,347,0.04,0.03,170,33,41,0.01,0.05,24.12,2.97,0.337,1,1,-1,1,matched,Bacteria,
Roseomonas,192,1288,0.07,0.11,170,44,80,0.01,0.06,47.06,4.364,0.229,1,1,-1,1,matched,Bacteria,
Kluyvera,10,20,0.0,0.0,170,22,151,0.01,0.03,88.82,0.455,2.2,1,1,-1,1,matched,Bacteria,
Janthinobacterium,76,363,0.03,0.03,169,105,136,0.01,0.14,80.47,0.724,1.382,1,1,-1,1,matched,Bacteria,
Megamonas,47,185,0.02,0.02,168,10,47,0.01,0.01,27.98,4.7,0.213,1,1,-1,1,matched,Bacteria,
Rhizomicrobium,8,137,0.0,0.01,167,4,5,0.01,0.01,2.99,2.0,0.5,1,1,-1,1,matched,Bacteria,
Empedobacter,21,126,0.01,0.01,166,42,76,0.01,0.06,45.78,0.5,2.0,1,1,-1,1,matched,Bacteria,
Tetragenococcus,6,53,0.0,0.0,166,8,108,0.01,0.01,65.06,0.75,1.333,1,1,-1,1,matched,Bacteria,
Lentilitoribacter,4,11,0.0,0.0,166,3,2,0.01,0.0,1.2,1.333,0.75,1,1,-1,1,matched,Bacteria,
Thalassospira,51,247,0.02,0.02,166,50,74,0.01,0.07,44.58,1.02,0.98,1,1,-1,1,matched,Bacteria,
Ramlibacter,66,416,0.03,0.03,165,30,31,0.01,0.04,18.79,2.2,0.455,1,1,-1,1,matched,Bacteria,
Algoriphagus,111,1310,0.04,0.11,164,63,71,0.01,0.09,43.29,1.762,0.568,1,1,-1,1,matched,Bacteria,
Terracidiphilus,2,15,0.0,0.0,164,3,1,0.01,0.0,0.61,0.667,1.5,1,1,-1,1,matched,Bacteria,
Pseudarthrobacter,80,292,0.03,0.02,164,95,151,0.01,0.13,92.07,0.842,1.188,1,1,-1,1,matched,Bacteria,
Anaerolinea,168,566,0.06,0.05,164,6,2,0.01,0.01,1.22,28.0,0.036,1,1,-1,1,matched,Bacteria,
Draconibacterium,78,232,0.03,0.02,162,8,8,0.01,0.01,4.94,9.75,0.103,1,1,-1,1,matched,Bacteria,
Paraclostridium,21,84,0.01,0.01,162,12,127,0.01,0.02,78.4,1.75,0.571,1,1,-1,1,matched,Bacteria,
Aquimarina,34,80,0.01,0.01,162,56,82,0.01,0.08,50.62,0.607,1.647,1,1,-1,1,matched,Bacteria,
Cryobacterium,12,163,0.0,0.01,161,122,135,0.01,0.17,83.85,0.098,10.167,1,1,-1,1,matched,Bacteria,
Methanoregula,88,876,0.03,0.07,161,21,2,0.01,0.03,1.24,4.19,0.239,1,1,-1,1,matched,Archaea,
Eisenbergiella,43,63,0.02,0.01,160,15,20,0.01,0.02,12.5,2.867,0.349,1,1,-1,1,matched,Bacteria,
Paludibacter,160,760,0.06,0.06,160,11,3,0.01,0.02,1.88,14.545,0.069,1,1,-1,1,matched,Bacteria,
Leucobacter,100,337,0.04,0.03,159,87,108,0.01,0.12,67.92,1.149,0.87,1,1,-1,1,matched,Bacteria,
Tannerella,63,130,0.02,0.01,159,10,26,0.01,0.01,16.35,6.3,0.159,1,1,-1,1,matched,Bacteria,
Hafnia,6,186,0.0,0.02,158,7,107,0.01,0.01,67.72,0.857,1.167,1,1,-1,1,matched,Bacteria,
Dietzia,40,187,0.02,0.02,158,53,122,0.01,0.07,77.22,0.755,1.325,1,1,-1,1,matched,Bacteria,
Idiomarina,72,327,0.03,0.03,158,53,55,0.01,0.07,34.81,1.358,0.736,1,1,-1,1,matched,Bacteria,
Nitrososphaera,4,123,0.0,0.01,156,13,7,0.01,0.02,4.49,0.308,3.25,1,1,-1,1,matched,Archaea,
Myroides,33,335,0.01,0.03,156,31,140,0.01,0.04,89.74,1.065,0.939,1,1,-1,1,matched,Bacteria,
Caballeronia,11,230,0.0,0.02,156,116,142,0.01,0.16,91.03,0.095,10.545,1,1,-1,1,matched,Bacteria,
Methylophaga,58,362,0.02,0.03,156,55,20,0.01,0.08,12.82,1.055,0.948,1,1,-1,1,matched,Bacteria,
Actinoplanes,59,504,0.02,0.04,156,90,129,0.01,0.12,82.69,0.656,1.525,1,1,-1,1,matched,Bacteria,
Spiroplasma,48,228,0.02,0.02,156,117,137,0.01,0.16,87.82,0.41,2.438,1,1,-1,1,matched,Bacteria,
Proteiniphilum,124,513,0.05,0.04,156,49,4,0.01,0.07,2.56,2.531,0.395,1,1,-1,1,matched,Bacteria,
Bdellovibrio,457,962,0.17,0.08,155,32,49,0.01,0.04,31.61,14.281,0.07,1,1,-1,1,matched,Bacteria,
Alcaligenes,99,629,0.04,0.05,154,27,115,0.01,0.04,74.68,3.667,0.273,1,1,-1,1,matched,Bacteria,
Gallionella,95,450,0.04,0.04,154,9,1,0.01,0.01,0.65,10.556,0.095,1,1,-1,1,matched,Bacteria,
Planococcus,58,273,0.02,0.02,153,59,90,0.01,0.08,58.82,0.983,1.017,1,0,0,1,matched,Bacteria,
Sphaerochaeta,203,981,0.08,0.08,152,21,8,0.01,0.03,5.26,9.667,0.103,1,1,-1,1,matched,Bacteria,
Luteimonas,103,449,0.04,0.04,151,83,91,0.01,0.11,60.26,1.241,0.806,1,1,-1,1,matched,Bacteria,
Liquorilactobacillus,7,8,0.0,0.0,151,14,42,0.01,0.02,27.81,0.5,2.0,1,1,-1,1,matched,Bacteria,
Brachybacterium,52,397,0.02,0.03,150,61,111,0.01,0.08,74.0,0.852,1.173,1,1,-1,1,matched,Bacteria,
Rhodoluna,9,380,0.0,0.03,150,6,7,0.01,0.01,4.67,1.5,0.667,1,1,-1,1,matched,Bacteria,
Microvirga,78,400,0.03,0.03,149,58,72,0.01,0.08,48.32,1.345,0.744,1,1,-1,1,matched,Bacteria,
Thiomonas,19,96,0.01,0.01,149,24,18,0.01,0.03,12.08,0.792,1.263,1,1,-1,1,matched,Bacteria,
Atlantibacter,5,10,0.0,0.0,149,5,50,0.01,0.01,33.56,1.0,1.0,1,1,-1,1,matched,Bacteria,
Acidimicrobium,5,14,0.0,0.0,149,13,3,0.01,0.02,2.01,0.385,2.6,1,1,-1,1,matched,Bacteria,
Agromyces,76,291,0.03,0.02,148,90,127,0.01,0.12,85.81,0.844,1.184,1,1,-1,1,matched,Bacteria,
Bosea,53,286,0.02,0.02,148,73,75,0.01,0.1,50.68,0.726,1.377,1,0,0,1,matched,Bacteria,
Finegoldia,50,226,0.02,0.02,148,9,6,0.01,0.01,4.05,5.556,0.18,1,1,-1,1,matched,Bacteria,
Thalassolituus,7,65,0.0,0.01,146,38,17,0.01,0.05,11.64,0.184,5.429,1,1,-1,1,matched,Bacteria,
Oleibacter,25,70,0.01,0.01,146,38,17,0.01,0.05,11.64,0.658,1.52,0,1,0,1,matched,Bacteria,
Pirellula,418,1770,0.16,0.15,146,4,2,0.01,0.01,1.37,104.5,0.01,1,1,-1,1,matched,Bacteria,
Opitutus,137,1548,0.05,0.13,144,5,3,0.01,0.01,2.08,27.4,0.036,1,1,-1,1,matched,Bacteria,
Paenarthrobacter,15,49,0.01,0.0,144,68,136,0.01,0.09,94.44,0.221,4.533,1,1,-1,1,matched,Bacteria,
Ottowia,41,146,0.02,0.01,144,14,18,0.01,0.02,12.5,2.929,0.341,1,1,-1,1,matched,Bacteria,
Pseudoflavonifractor,2,9,0.0,0.0,143,39,51,0.01,0.05,35.66,0.051,19.5,1,1,-1,1,matched,Bacteria,
Sphingorhabdus,39,730,0.01,0.06,143,19,18,0.01,0.03,12.59,2.053,0.487,1,1,-1,1,matched,Bacteria,
Peptostreptococcus,38,145,0.01,0.01,142,11,43,0.01,0.02,30.28,3.455,0.289,1,1,-1,1,matched,Bacteria,
Senegalimassilia,13,68,0.0,0.01,141,4,4,0.01,0.01,2.84,3.25,0.308,1,1,-1,1,matched,Bacteria,
Aliivibrio,13,117,0.0,0.01,140,25,135,0.01,0.03,96.43,0.52,1.923,1,1,-1,1,matched,Bacteria,
Sporosarcina,76,386,0.03,0.03,140,93,114,0.01,0.13,81.43,0.817,1.224,1,1,-1,1,matched,Bacteria,
Glaciecola,42,223,0.02,0.02,140,20,16,0.01,0.03,11.43,2.1,0.476,1,1,-1,1,matched,Bacteria,
Thioalkalivibrio,23,72,0.01,0.01,140,75,77,0.01,0.1,55.0,0.307,3.261,1,1,-1,1,matched,Bacteria,
Snodgrassella,3,35,0.0,0.0,139,25,114,0.01,0.03,82.01,0.12,8.333,1,1,-1,1,matched,Bacteria,
Companilactobacillus,5,8,0.0,0.0,138,44,110,0.01,0.06,79.71,0.114,8.8,1,1,-1,1,matched,Bacteria,
Rahnella,24,83,0.01,0.01,138,39,113,0.01,0.05,81.88,0.615,1.625,1,1,-1,1,matched,Bacteria,
Avibacterium,5,32,0.0,0.0,136,14,135,0.01,0.02,99.26,0.357,2.8,1,1,-1,1,matched,Bacteria,
Methyloceanibacter,19,184,0.01,0.02,135,8,6,0.01,0.01,4.44,2.375,0.421,1,1,-1,1,matched,Bacteria,
Herbaspirillum,48,293,0.02,0.02,135,58,99,0.01,0.08,73.33,0.828,1.208,1,1,-1,1,matched,Bacteria,
Arcobacter,49,485,0.02,0.04,135,49,52,0.01,0.07,38.52,1.0,1.0,1,1,-1,1,matched,Bacteria,
Geobacter,153,940,0.06,0.08,132,35,27,0.01,0.05,20.45,4.371,0.229,1,1,-1,1,matched,Bacteria,
Ureaplasma,22,128,0.01,0.01,132,13,55,0.01,0.02,41.67,1.692,0.591,1,1,-1,1,matched,Bacteria,
Chromobacterium,20,144,0.01,0.01,132,29,130,0.01,0.04,98.48,0.69,1.45,1,1,-1,1,matched,Bacteria,
Virgibacillus,92,237,0.04,0.02,130,53,118,0.01,0.07,90.77,1.736,0.576,1,1,-1,1,matched,Bacteria,
Gallibacterium,8,40,0.0,0.0,129,9,124,0.01,0.01,96.12,0.889,1.125,1,1,-1,1,matched,Bacteria,
Aquabacterium,107,486,0.04,0.04,129,20,15,0.01,0.03,11.63,5.35,0.187,1,1,-1,1,matched,Bacteria,
Kosakonia,26,373,0.01,0.03,128,37,104,0.01,0.05,81.25,0.703,1.423,1,1,-1,1,matched,Bacteria,
Dechloromonas,77,454,0.03,0.04,128,21,16,0.01,0.03,12.5,3.667,0.273,1,1,-1,1,matched,Bacteria,
Anaerovibrio,35,119,0.01,0.01,127,6,7,0.01,0.01,5.51,5.833,0.171,1,1,-1,1,matched,Bacteria,
Granulicella,71,801,0.03,0.07,127,23,21,0.01,0.03,16.54,3.087,0.324,1,1,-1,1,matched,Bacteria,
Pandoraea,13,212,0.0,0.02,127,45,111,0.01,0.06,87.4,0.289,3.462,1,1,-1,1,matched,Bacteria,
Acidiphilium,118,248,0.04,0.02,125,24,17,0.01,0.03,13.6,4.917,0.203,1,1,-1,1,matched,Bacteria,
Kribbella,33,294,0.01,0.02,124,99,110,0.01,0.14,88.71,0.333,3.0,1,1,-1,1,matched,Bacteria,
Gemella,151,597,0.06,0.05,124,22,45,0.01,0.03,36.29,6.864,0.146,1,1,-1,1,matched,Bacteria,
Aequorivita,35,72,0.01,0.01,124,45,37,0.01,0.06,29.84,0.778,1.286,1,1,-1,1,matched,Bacteria,
Ignisphaera,47,168,0.02,0.01,123,4,2,0.01,0.01,1.63,11.75,0.085,1,1,-1,1,matched,Archaea,
Dysgonomonas,115,227,0.04,0.02,122,41,45,0.01,0.06,36.89,2.805,0.357,1,1,-1,1,matched,Bacteria,
Thermomonas,55,262,0.02,0.02,122,17,19,0.01,0.02,15.57,3.235,0.309,1,1,-1,1,matched,Bacteria,
Salipiger,5,23,0.0,0.0,121,22,38,0.01,0.03,31.4,0.227,4.4,1,1,-1,1,matched,Bacteria,
Bulleidia,3,5,0.0,0.0,120,5,4,0.01,0.01,3.33,0.6,1.667,1,1,-1,1,matched,Bacteria,
Lonsdalea,4,26,0.0,0.0,120,4,119,0.01,0.01,99.17,1.0,1.0,1,1,-1,1,matched,Bacteria,
Leifsonia,29,198,0.01,0.02,119,67,85,0.01,0.09,71.43,0.433,2.31,1,1,-1,1,matched,Bacteria,
Sulfuricurvum,84,438,0.03,0.04,118,21,2,0.01,0.03,1.69,4.0,0.25,1,1,-1,1,matched,Bacteria,
Pseudobutyrivibrio,38,117,0.01,0.01,117,22,22,0.01,0.03,18.8,1.727,0.579,1,1,-1,1,matched,Bacteria,
Gordonibacter,13,51,0.0,0.0,116,14,36,0.01,0.02,31.03,0.929,1.077,1,1,-1,1,matched,Bacteria,
Tateyamaria,15,61,0.01,0.01,116,10,12,0.01,0.01,10.34,1.5,0.667,1,1,-1,1,matched,Bacteria,
Jeotgalibaca,8,62,0.0,0.01,116,9,9,0.01,0.01,7.76,0.889,1.125,1,1,-1,1,matched,Bacteria,
Ilumatobacter,66,761,0.03,0.06,116,8,5,0.01,0.01,4.31,8.25,0.121,1,1,-1,1,matched,Bacteria,
Methylobacter,54,713,0.02,0.06,116,21,22,0.01,0.03,18.97,2.571,0.389,1,1,-1,1,matched,Bacteria,
Mogibacterium,105,374,0.04,0.03,115,8,7,0.01,0.01,6.09,13.125,0.076,1,1,-1,1,matched,Bacteria,
Kaistella,1,1,0.0,0.0,115,28,38,0.01,0.04,33.04,0.036,28.0,1,1,-1,1,matched,Bacteria,
Giesbergeria,4,15,0.0,0.0,115,5,2,0.01,0.01,1.74,0.8,1.25,1,1,-1,1,matched,Bacteria,
Nitrospina,194,828,0.07,0.07,115,9,5,0.01,0.01,4.35,21.556,0.046,1,1,-1,1,matched,Bacteria,
Ensifer,41,65,0.02,0.01,114,67,104,0.01,0.09,91.23,0.612,1.634,1,1,-1,1,matched,Bacteria,
Saccharolobus,12,87,0.0,0.01,114,7,46,0.01,0.01,40.35,1.714,0.583,1,1,-1,1,matched,Archaea,
Desulfobulbus,150,599,0.06,0.05,114,25,24,0.01,0.03,21.05,6.0,0.167,1,1,-1,1,matched,Bacteria,
Syntrophomonas,152,447,0.06,0.04,114,45,10,0.01,0.06,8.77,3.378,0.296,1,1,-1,1,matched,Bacteria,
Smithella,89,687,0.03,0.06,114,15,4,0.01,0.02,3.51,5.933,0.169,1,1,-1,1,matched,Bacteria,
Xanthobacter,10,61,0.0,0.01,113,60,100,0.01,0.08,88.5,0.167,6.0,1,1,-1,1,matched,Bacteria,
Parvibaculum,29,157,0.01,0.01,113,5,4,0.01,0.01,3.54,5.8,0.172,1,1,-1,1,matched,Bacteria,
Schaalia,16,219,0.01,0.02,113,25,57,0.01,0.03,50.44,0.64,1.562,1,1,-1,1,matched,Bacteria,
Pararheinheimera,4,19,0.0,0.0,112,40,55,0.0,0.05,49.11,0.1,10.0,0,1,0,1,matched,Bacteria,
Rhizobacter,54,587,0.02,0.05,112,13,11,0.0,0.02,9.82,4.154,0.241,1,1,-1,1,matched,Bacteria,
Rheinheimera,77,478,0.03,0.04,112,40,55,0.0,0.05,49.11,1.925,0.519,1,1,-1,1,matched,Bacteria,
Metallosphaera,24,128,0.01,0.01,112,11,19,0.0,0.02,16.96,2.182,0.458,1,1,-1,1,matched,Archaea,
Granulicatella,62,467,0.02,0.04,111,19,25,0.0,0.03,22.52,3.263,0.306,1,1,-1,1,matched,Bacteria,
Intestinimonas,41,65,0.02,0.01,111,16,47,0.0,0.02,42.34,2.562,0.39,1,1,-1,1,matched,Bacteria,
Luteolibacter,221,1928,0.08,0.16,111,16,16,0.0,0.02,14.41,13.812,0.072,1,1,-1,1,matched,Bacteria,
Halioglobus,105,416,0.04,0.03,111,7,10,0.0,0.01,9.01,15.0,0.067,1,1,-1,1,matched,Bacteria,
Arenimonas,170,928,0.06,0.08,111,16,14,0.0,0.02,12.61,10.625,0.094,1,1,-1,1,matched,Bacteria,
Pontimonas,1,27,0.0,0.0,110,3,17,0.0,0.0,15.45,0.333,3.0,1,1,-1,1,matched,Bacteria,
Oceanobacillus,67,260,0.03,0.02,110,61,104,0.0,0.08,94.55,1.098,0.91,1,1,-1,1,matched,Bacteria,
Leptolyngbya,141,479,0.05,0.04,109,75,63,0.0,0.1,57.8,1.88,0.532,1,1,-1,1,matched,Bacteria,
Mesotoga,22,232,0.01,0.02,109,24,19,0.0,0.03,17.43,0.917,1.091,1,1,-1,1,matched,Bacteria,
Intestinibacter,8,377,0.0,0.03,109,4,32,0.0,0.01,29.36,2.0,0.5,1,1,-1,1,matched,Bacteria,
Reyranella,76,1632,0.03,0.14,108,7,5,0.0,0.01,4.63,10.857,0.092,1,1,-1,1,matched,Bacteria,
Nitrosospira,11,171,0.0,0.01,108,18,24,0.0,0.02,22.22,0.611,1.636,1,1,-1,1,matched,Bacteria,
Glutamicibacter,45,158,0.02,0.01,106,39,72,0.0,0.05,67.92,1.154,0.867,1,1,-1,1,matched,Bacteria,
Streptosporangium,18,126,0.01,0.01,106,65,106,0.0,0.09,100.0,0.277,3.611,1,1,-1,1,matched,Bacteria,
Prosthecobacter,51,510,0.02,0.04,106,9,7,0.0,0.01,6.6,5.667,0.176,1,1,-1,1,matched,Bacteria,
Spirosoma,100,247,0.04,0.02,104,38,37,0.0,0.05,35.58,2.632,0.38,1,1,-1,1,matched,Bacteria,
Leptospirillum,110,418,0.04,0.03,104,8,10,0.0,0.01,9.62,13.75,0.073,1,1,-1,1,matched,Bacteria,
Ochrobactrum,99,783,0.04,0.07,103,84,90,0.0,0.11,87.38,1.179,0.848,1,1,-1,1,matched,Bacteria,
Muricauda,63,244,0.02,0.02,103,40,34,0.0,0.05,33.01,1.575,0.635,0,1,0,1,matched,Bacteria,
Azonexus,13,53,0.0,0.0,102,7,9,0.0,0.01,8.82,1.857,0.538,1,1,-1,1,matched,Bacteria,
Paraglaciecola,29,187,0.01,0.02,101,20,30,0.0,0.03,29.7,1.45,0.69,1,1,-1,1,matched,Bacteria,
Yoonia,7,41,0.0,0.0,101,26,37,0.0,0.04,36.63,0.269,3.714,1,1,-1,1,matched,Bacteria,
Planktothrix,21,207,0.01,0.02,101,18,62,0.0,0.02,61.39,1.167,0.857,1,1,-1,1,matched,Bacteria,
Dokdonella,64,239,0.02,0.02,100,7,8,0.0,0.01,8.0,9.143,0.109,1,1,-1,1,matched,Bacteria,
Sulfobacillus,45,92,0.02,0.01,100,7,14,0.0,0.01,14.0,6.429,0.156,1,1,-1,1,matched,Bacteria,
Borrelia,15,92,0.01,0.01,100,25,100,0.0,0.03,100.0,0.6,1.667,1,1,-1,1,matched,Bacteria,
Marinobacterium,74,364,0.03,0.03,98,44,47,0.0,0.06,47.96,1.682,0.595,1,1,-1,1,matched,Bacteria,
Dyella,35,296,0.01,0.02,98,56,77,0.0,0.08,78.57,0.625,1.6,1,1,-1,1,matched,Bacteria,
Lutibacter,53,272,0.02,0.02,97,21,19,0.0,0.03,19.59,2.524,0.396,1,1,-1,1,matched,Bacteria,
Chthoniobacter,328,1537,0.13,0.13,97,4,2,0.0,0.01,2.06,82.0,0.012,1,1,-1,1,matched,Bacteria,
Fructilactobacillus,4,4,0.0,0.0,97,11,96,0.0,0.02,98.97,0.364,2.75,1,1,-1,1,matched,Bacteria,
Lachnobacterium,3,16,0.0,0.0,97,3,5,0.0,0.0,5.15,1.0,1.0,1,1,-1,1,matched,Bacteria,
Chloracidobacterium,11,127,0.0,0.01,97,14,11,0.0,0.02,11.34,0.786,1.273,1,1,-1,1,matched,Bacteria,
Trichococcus,30,231,0.01,0.02,97,14,19,0.0,0.02,19.59,2.143,0.467,1,1,-1,1,matched,Bacteria,
Pedosphaera,32,64,0.01,0.01,97,4,1,0.0,0.01,1.03,8.0,0.125,1,1,-1,1,matched,Bacteria,
Haloarcula,48,276,0.02,0.02,96,64,92,0.0,0.09,95.83,0.75,1.333,1,1,-1,1,matched,Archaea,
Halomicroarcula,30,68,0.01,0.01,96,64,92,0.0,0.09,95.83,0.469,2.133,0,1,0,1,matched,Archaea,
Methylocystis,29,270,0.01,0.02,96,30,37,0.0,0.04,38.54,0.967,1.034,1,1,-1,1,matched,Bacteria,
Blattabacterium,12,54,0.0,0.0,95,12,94,0.0,0.02,98.95,1.0,1.0,1,1,-1,1,matched,Bacteria,
Microbulbifer,25,135,0.01,0.01,95,59,88,0.0,0.08,92.63,0.424,2.36,1,1,-1,1,matched,Bacteria,
Ferrimicrobium,3,17,0.0,0.0,94,4,3,0.0,0.01,3.19,0.75,1.333,1,1,-1,1,matched,Bacteria,
Komagataeibacter,13,185,0.0,0.02,94,20,0,0.0,0.03,0.0,0.65,1.538,1,1,-1,1,matched,Bacteria,
Chthonomonas,157,499,0.06,0.04,94,22,4,0.0,0.03,4.26,7.136,0.14,1,1,-1,1,matched,Bacteria,
Acidisphaera,32,105,0.01,0.01,94,5,3,0.0,0.01,3.19,6.4,0.156,1,1,-1,1,matched,Bacteria,
Planctomyces,19,54,0.01,0.0,93,6,4,0.0,0.01,4.3,3.167,0.316,1,1,-1,1,matched,Bacteria,
Cellulosimicrobium,25,119,0.01,0.01,93,31,84,0.0,0.04,90.32,0.806,1.24,1,1,-1,1,matched,Bacteria,
Succiniclasticum,102,258,0.04,0.02,92,3,2,0.0,0.0,2.17,34.0,0.029,1,1,-1,1,matched,Bacteria,
Anoxybacillus,119,853,0.05,0.07,92,36,83,0.0,0.05,90.22,3.306,0.303,1,1,-1,1,matched,Bacteria,
Oxalobacter,14,55,0.01,0.0,92,8,23,0.0,0.01,25.0,1.75,0.571,1,1,-1,1,matched,Bacteria,
Sedimentibacter,167,400,0.06,0.03,92,14,12,0.0,0.02,13.04,11.929,0.084,1,1,-1,1,matched,Bacteria,
Leeuwenhoekiella,4,60,0.0,0.01,92,21,21,0.0,0.03,22.83,0.19,5.25,1,1,-1,1,matched,Bacteria,
Pluralibacter,5,5,0.0,0.0,91,7,83,0.0,0.01,91.21,0.714,1.4,1,1,-1,1,matched,Bacteria,
Piscirickettsia,5,135,0.0,0.01,91,2,91,0.0,0.0,100.0,2.5,0.4,1,1,-1,1,matched,Bacteria,
Sulfurospirillum,94,540,0.04,0.05,90,29,23,0.0,0.04,25.56,3.241,0.309,1,1,-1,1,matched,Bacteria,
Flagellimonas,8,19,0.0,0.0,90,53,68,0.0,0.07,75.56,0.151,6.625,1,1,-1,1,matched,Bacteria,
Saccharopolyspora,38,104,0.01,0.01,90,52,84,0.0,0.07,93.33,0.731,1.368,1,1,-1,1,matched,Bacteria,
Rubrobacter,211,1322,0.08,0.11,90,12,14,0.0,0.02,15.56,17.583,0.057,1,1,-1,1,matched,Bacteria,
Wenzhouxiangella,16,61,0.01,0.01,89,13,12,0.0,0.02,13.48,1.231,0.812,1,1,-1,1,matched,Bacteria,
Corallococcus,9,222,0.0,0.02,89,43,66,0.0,0.06,74.16,0.209,4.778,1,1,-1,1,matched,Bacteria,
Methylomonas,43,402,0.02,0.03,89,35,47,0.0,0.05,52.81,1.229,0.814,1,1,-1,1,matched,Bacteria,
Cetobacterium,35,189,0.01,0.02,88,13,17,0.0,0.02,19.32,2.692,0.371,1,1,-1,1,matched,Bacteria,
Arcanobacterium,11,41,0.0,0.0,87,15,66,0.0,0.02,75.86,0.733,1.364,1,1,-1,1,matched,Bacteria,
Lelliottia,8,10,0.0,0.0,86,20,76,0.0,0.03,88.37,0.4,2.5,1,1,-1,1,matched,Bacteria,
Puia,121,777,0.05,0.07,86,3,1,0.0,0.0,1.16,40.333,0.025,1,1,-1,1,matched,Bacteria,
Pseudohongiella,217,1682,0.08,0.14,86,7,7,0.0,0.01,8.14,31.0,0.032,1,1,-1,1,matched,Bacteria,
Flexilinea,34,167,0.01,0.01,86,2,1,0.0,0.0,1.16,17.0,0.059,1,1,-1,1,matched,Bacteria,
Anaeromyxobacter,170,951,0.06,0.08,86,18,16,0.0,0.02,18.6,9.444,0.106,1,1,-1,1,matched,Bacteria,
Undibacterium,65,328,0.02,0.03,86,46,53,0.0,0.06,61.63,1.413,0.708,1,1,-1,1,matched,Bacteria,
Frankia,29,111,0.01,0.01,86,64,82,0.0,0.09,95.35,0.453,2.207,1,1,-1,1,matched,Bacteria,
Porticoccus,36,214,0.01,0.02,85,6,10,0.0,0.01,11.76,6.0,0.167,1,1,-1,1,matched,Bacteria,
Limnobacter,114,751,0.04,0.06,85,21,11,0.0,0.03,12.94,5.429,0.184,1,1,-1,1,matched,Bacteria,
Rhodopirellula,283,934,0.11,0.08,85,20,26,0.0,0.03,30.59,14.15,0.071,1,1,-1,1,matched,Bacteria,
Dehalococcoides,21,97,0.01,0.01,85,11,42,0.0,0.02,49.41,1.909,0.524,1,1,-1,1,matched,Bacteria,
Shinella,17,121,0.01,0.01,84,39,56,0.0,0.05,66.67,0.436,2.294,1,1,-1,1,matched,Bacteria,
Sellimonas,26,90,0.01,0.01,84,6,27,0.0,0.01,32.14,4.333,0.231,1,1,-1,1,matched,Bacteria,
Marmoricola,29,232,0.01,0.02,84,6,4,0.0,0.01,4.76,4.833,0.207,1,1,-1,1,matched,Bacteria,
Pseudooceanicola,20,39,0.01,0.0,84,19,28,0.0,0.03,33.33,1.053,0.95,1,1,-1,1,matched,Bacteria,
Mobiluncus,4,50,0.0,0.0,83,7,54,0.0,0.01,65.06,0.571,1.75,1,1,-1,1,matched,Bacteria,
Sulfolobus,13,47,0.0,0.0,83,21,77,0.0,0.03,92.77,0.619,1.615,1,1,-1,1,matched,Archaea,
Pontibacter,83,209,0.03,0.02,83,60,68,0.0,0.08,81.93,1.383,0.723,1,1,-1,1,matched,Bacteria,
Ekhidna,29,59,0.01,0.0,82,4,2,0.0,0.01,2.44,7.25,0.138,1,1,-1,1,matched,Bacteria,
Acidocella,23,180,0.01,0.02,82,16,11,0.0,0.02,13.41,1.438,0.696,1,1,-1,1,matched,Bacteria,
Thermoflexus,74,371,0.03,0.03,81,6,1,0.0,0.01,1.23,12.333,0.081,1,1,-1,1,matched,Bacteria,
Nitrosarchaeum,23,261,0.01,0.02,81,5,10,0.0,0.01,12.35,4.6,0.217,1,1,-1,1,matched,Archaea,
Lachnoanaerobaculum,25,104,0.01,0.01,81,11,14,0.0,0.02,17.28,2.273,0.44,1,1,-1,1,matched,Bacteria,
Acidiferrobacter,1,8,0.0,0.0,80,4,3,0.0,0.01,3.75,0.25,4.0,1,1,-1,1,matched,Bacteria,
Asaia,5,12,0.0,0.0,80,15,39,0.0,0.02,48.75,0.333,3.0,1,1,-1,1,matched,Bacteria,
Pyrobaculum,44,191,0.02,0.02,80,12,12,0.0,0.02,15.0,3.667,0.273,1,1,-1,1,matched,Archaea,
Dyadobacter,51,351,0.02,0.03,80,56,65,0.0,0.08,81.25,0.911,1.098,1,1,-1,1,matched,Bacteria,
Zoogloea,62,267,0.02,0.02,80,8,8,0.0,0.01,10.0,7.75,0.129,1,1,-1,1,matched,Bacteria,
Microbispora,12,67,0.0,0.01,79,39,78,0.0,0.05,98.73,0.308,3.25,1,1,-1,1,matched,Bacteria,
Lautropia,106,639,0.04,0.05,79,7,6,0.0,0.01,7.59,15.143,0.066,1,1,-1,1,matched,Bacteria,
Longicatena,1,1,0.0,0.0,78,17,35,0.0,0.02,44.87,0.059,17.0,1,1,-1,1,matched,Bacteria,
Roseivirga,15,90,0.01,0.01,78,21,23,0.0,0.03,29.49,0.714,1.4,1,1,-1,1,matched,Bacteria,
Thiothrix,113,315,0.04,0.03,77,21,16,0.0,0.03,20.78,5.381,0.186,1,1,-1,1,matched,Bacteria,
Parvimonas,51,197,0.02,0.02,77,17,43,0.0,0.02,55.84,3.0,0.333,1,1,-1,1,matched,Bacteria,
Blastococcus,54,387,0.02,0.03,77,45,48,0.0,0.06,62.34,1.2,0.833,1,1,-1,1,matched,Bacteria,
Desulfobacula,18,83,0.01,0.01,77,9,3,0.0,0.01,3.9,2.0,0.5,1,1,-1,1,matched,Bacteria,
Castellaniella,24,41,0.01,0.0,77,16,41,0.0,0.02,53.25,1.5,0.667,1,1,-1,1,matched,Bacteria,
Janibacter,14,82,0.01,0.01,77,27,60,0.0,0.04,77.92,0.519,1.929,1,1,-1,1,matched,Bacteria,
Haloferax,37,131,0.01,0.01,76,48,76,0.0,0.07,100.0,0.771,1.297,1,1,-1,1,matched,Archaea,
Methylorubrum,14,216,0.01,0.02,76,19,68,0.0,0.03,89.47,0.737,1.357,1,1,-1,1,matched,Bacteria,
Cobetia,19,95,0.01,0.01,76,35,58,0.0,0.05,76.32,0.543,1.842,1,1,-1,1,matched,Bacteria,
Actinotignum,5,21,0.0,0.0,76,5,61,0.0,0.01,80.26,1.0,1.0,1,1,-1,1,matched,Bacteria,
Afipia,29,310,0.01,0.03,76,26,28,0.0,0.04,36.84,1.115,0.897,1,1,-1,1,matched,Bacteria,
Pelistega,3,13,0.0,0.0,75,7,8,0.0,0.01,10.67,0.429,2.333,1,1,-1,1,matched,Bacteria,
Neorhizobium,7,52,0.0,0.0,75,37,63,0.0,0.05,84.0,0.189,5.286,1,1,-1,1,matched,Bacteria,
Pseudidiomarina,9,44,0.0,0.0,75,28,56,0.0,0.04,74.67,0.321,3.111,1,1,-1,1,matched,Bacteria,
Alicyclobacillus,63,229,0.02,0.02,75,33,61,0.0,0.05,81.33,1.909,0.524,1,1,-1,1,matched,Bacteria,
Hellea,8,128,0.0,0.01,74,3,12,0.0,0.0,16.22,2.667,0.375,1,1,-1,1,matched,Bacteria,
Woeseia,248,1483,0.09,0.12,74,3,1,0.0,0.0,1.35,82.667,0.012,1,1,-1,1,matched,Bacteria,
Duganella,26,219,0.01,0.02,74,53,58,0.0,0.07,78.38,0.491,2.038,1,1,-1,1,matched,Bacteria,
Altererythrobacter,175,600,0.07,0.05,74,31,31,0.0,0.04,41.89,5.645,0.177,1,1,-1,1,matched,Bacteria,
Cycloclasticus,12,89,0.0,0.01,74,14,6,0.0,0.02,8.11,0.857,1.167,1,1,-1,1,matched,Bacteria,
Myxococcus,20,75,0.01,0.01,74,43,71,0.0,0.06,95.95,0.465,2.15,1,1,-1,1,matched,Bacteria,
Methanomassiliicoccus,9,79,0.0,0.01,74,21,20,0.0,0.03,27.03,0.429,2.333,1,1,-1,1,matched,Archaea,
Thermofilum,41,181,0.02,0.02,74,8,3,0.0,0.01,4.05,5.125,0.195,1,1,-1,1,matched,Archaea,
Thermodesulfovibrio,49,250,0.02,0.02,74,13,11,0.0,0.02,14.86,3.769,0.265,1,1,-1,1,matched,Bacteria,
Marinovum,7,38,0.0,0.0,74,7,8,0.0,0.01,10.81,1.0,1.0,1,1,-1,1,matched,Bacteria,
Archangium,10,71,0.0,0.01,74,9,17,0.0,0.01,22.97,1.111,0.9,1,1,-1,1,matched,Bacteria,
Maricaulis,17,100,0.01,0.01,73,10,10,0.0,0.01,13.7,1.7,0.588,1,1,-1,1,matched,Bacteria,
Anaplasma,16,74,0.01,0.01,73,10,65,0.0,0.01,89.04,1.6,0.625,1,1,-1,1,matched,Bacteria,
Varibaculum,9,48,0.0,0.0,73,7,12,0.0,0.01,16.44,1.286,0.778,1,1,-1,1,matched,Bacteria,
Loktanella,22,107,0.01,0.01,73,25,24,0.0,0.03,32.88,0.88,1.136,1,1,-1,1,matched,Bacteria,
Gemmobacter,31,132,0.01,0.01,72,16,21,0.0,0.02,29.17,1.938,0.516,1,1,-1,1,matched,Bacteria,
Halanaerobium,85,454,0.03,0.04,72,16,30,0.0,0.02,41.67,5.312,0.188,1,1,-1,1,matched,Bacteria,
Fervidobacterium,28,176,0.01,0.01,72,16,13,0.0,0.02,18.06,1.75,0.571,1,1,-1,1,matched,Bacteria,
Saccharofermentans,126,474,0.05,0.04,71,2,0,0.0,0.0,0.0,63.0,0.016,1,1,-1,1,matched,Bacteria,
Allobaculum,13,25,0.0,0.0,71,7,6,0.0,0.01,8.45,1.857,0.538,1,1,-1,1,matched,Bacteria,
Niabella,36,158,0.01,0.01,71,18,18,0.0,0.02,25.35,2.0,0.5,1,1,-1,1,matched,Bacteria,
Gramella,15,71,0.01,0.01,70,29,32,0.0,0.04,45.71,0.517,1.933,0,1,0,1,matched,Bacteria,
Histophilus,3,68,0.0,0.01,70,1,69,0.0,0.0,98.57,3.0,0.333,1,1,-1,1,matched,Bacteria,
Rodentibacter,11,80,0.0,0.01,70,17,54,0.0,0.02,77.14,0.647,1.545,1,1,-1,1,matched,Bacteria,
Arenitalea,1,2,0.0,0.0,70,21,45,0.0,0.03,64.29,0.048,21.0,0,1,0,1,matched,Bacteria,
Isoptericola,23,75,0.01,0.01,70,44,54,0.0,0.06,77.14,0.523,1.913,1,1,-1,1,matched,Bacteria,
Algibacter,33,88,0.01,0.01,70,21,45,0.0,0.03,64.29,1.571,0.636,1,1,-1,1,matched,Bacteria,
Halobacterium,25,142,0.01,0.01,70,21,55,0.0,0.03,78.57,1.19,0.84,1,1,-1,1,matched,Archaea,
Propionivibrio,43,138,0.02,0.01,69,7,4,0.0,0.01,5.8,6.143,0.163,1,1,-1,1,matched,Bacteria,
Arenibacter,19,112,0.01,0.01,68,31,34,0.0,0.04,50.0,0.613,1.632,1,1,-1,1,matched,Bacteria,
Ferrithrix,5,16,0.0,0.0,68,3,1,0.0,0.0,1.47,1.667,0.6,1,1,-1,1,matched,Bacteria,
Arsenophonus,46,111,0.02,0.01,68,21,24,0.0,0.03,35.29,2.19,0.457,1,1,-1,1,matched,Bacteria,
Simonsiella,5,20,0.0,0.0,68,2,3,0.0,0.0,4.41,2.5,0.4,1,1,-1,1,matched,Bacteria,
Halobacillus,35,147,0.01,0.01,67,41,64,0.0,0.06,95.52,0.854,1.171,1,1,-1,1,matched,Bacteria,
Plesiomonas,24,145,0.01,0.01,67,5,56,0.0,0.01,83.58,4.8,0.208,1,1,-1,1,matched,Bacteria,
Faecalitalea,21,79,0.01,0.01,67,14,28,0.0,0.02,41.79,1.5,0.667,1,1,-1,1,matched,Bacteria,
Henriciella,4,34,0.0,0.0,67,10,12,0.0,0.01,17.91,0.4,2.5,1,1,-1,1,matched,Bacteria,
Roseibacillus,80,688,0.03,0.06,67,5,6,0.0,0.01,8.96,16.0,0.062,1,1,-1,1,matched,Bacteria,
Rhodovulum,33,92,0.01,0.01,67,24,50,0.0,0.03,74.63,1.375,0.727,1,1,-1,1,matched,Bacteria,
Faecalicatena,3,29,0.0,0.0,67,10,39,0.0,0.01,58.21,0.3,3.333,1,1,-1,1,matched,Bacteria,
Cohnella,91,261,0.03,0.02,67,52,59,0.0,0.07,88.06,1.75,0.571,1,1,-1,1,matched,Bacteria,
Nesterenkonia,27,81,0.01,0.01,67,45,57,0.0,0.06,85.07,0.6,1.667,1,1,-1,1,matched,Bacteria,
Cardiobacterium,54,252,0.02,0.02,67,6,13,0.0,0.01,19.4,9.0,0.111,1,1,-1,1,matched,Bacteria,
Endozoicomonas,107,366,0.04,0.03,66,41,48,0.0,0.06,72.73,2.61,0.383,1,1,-1,1,matched,Bacteria,
Demequina,21,171,0.01,0.01,66,40,49,0.0,0.05,74.24,0.525,1.905,1,1,-1,1,matched,Bacteria,
Acholeplasma,171,904,0.07,0.08,66,10,27,0.0,0.01,40.91,17.1,0.058,1,1,-1,1,matched,Bacteria,
Citromicrobium,1,20,0.0,0.0,66,13,39,0.0,0.02,59.09,0.077,13.0,1,1,-1,1,matched,Bacteria,
Halothiobacillus,17,91,0.01,0.01,65,16,4,0.0,0.02,6.15,1.062,0.941,1,1,-1,1,matched,Bacteria,
Aliiroseovarius,18,37,0.01,0.0,65,38,47,0.0,0.05,72.31,0.474,2.111,1,1,-1,1,matched,Bacteria,
Methanosphaera,104,281,0.04,0.02,65,16,10,0.0,0.02,15.38,6.5,0.154,1,1,-1,1,matched,Archaea,
Schlegelella,7,28,0.0,0.0,65,10,14,0.0,0.01,21.54,0.7,1.429,0,1,0,1,matched,Bacteria,
Enterovibrio,12,24,0.0,0.0,65,16,61,0.0,0.02,93.85,0.75,1.333,1,1,-1,1,matched,Bacteria,
Caldimonas,4,9,0.0,0.0,65,10,14,0.0,0.01,21.54,0.4,2.5,1,1,-1,1,matched,Bacteria,
Psychromonas,25,220,0.01,0.02,64,29,31,0.0,0.04,48.44,0.862,1.16,1,1,-1,1,matched,Bacteria,
Tabrizicola,40,131,0.02,0.01,64,13,13,0.0,0.02,20.31,3.077,0.325,1,1,-1,1,matched,Bacteria,
Spongiibacter,13,43,0.0,0.0,64,12,9,0.0,0.02,14.06,1.083,0.923,1,1,-1,1,matched,Bacteria,
Psychrobacillus,11,19,0.0,0.0,64,45,48,0.0,0.06,75.0,0.244,4.091,1,1,-1,1,matched,Bacteria,
Rhodopseudomonas,17,199,0.01,0.02,64,21,52,0.0,0.03,81.25,0.81,1.235,1,1,-1,1,matched,Bacteria,
Lentzea,12,47,0.0,0.0,64,50,59,0.0,0.07,92.19,0.24,4.167,1,1,-1,1,matched,Bacteria,
Ferroplasma,15,43,0.01,0.0,64,4,3,0.0,0.01,4.69,3.75,0.267,1,1,-1,1,matched,Archaea,
Sulfuritalea,68,384,0.03,0.03,63,3,1,0.0,0.0,1.59,22.667,0.044,1,1,-1,1,matched,Bacteria,
Phyllobacterium,35,141,0.01,0.01,63,38,49,0.0,0.05,77.78,0.921,1.086,1,1,-1,1,matched,Bacteria,
Cloacibacillus,10,42,0.0,0.0,63,6,11,0.0,0.01,17.46,1.667,0.6,1,1,-1,1,matched,Bacteria,
Commensalibacter,7,27,0.0,0.0,63,26,45,0.0,0.04,71.43,0.269,3.714,1,1,-1,1,matched,Bacteria,
Piscinibacter,8,29,0.0,0.0,63,11,14,0.0,0.02,22.22,0.727,1.375,1,1,-1,1,matched,Bacteria,
Rectinema,1,1,0.0,0.0,63,2,1,0.0,0.0,1.59,0.5,2.0,1,1,-1,1,matched,Bacteria,
Sarcina,47,182,0.02,0.02,63,5,9,0.0,0.01,14.29,9.4,0.106,1,1,-1,1,matched,Bacteria,
Frigoribacterium,7,60,0.0,0.01,63,49,52,0.0,0.07,82.54,0.143,7.0,1,1,-1,1,matched,Bacteria,
Desulfosporosinus,220,487,0.08,0.04,63,34,21,0.0,0.05,33.33,6.471,0.155,1,1,-1,1,matched,Bacteria,
Marivita,17,76,0.01,0.01,63,12,39,0.0,0.02,61.9,1.417,0.706,1,1,-1,1,matched,Bacteria,
Methylophilus,31,171,0.01,0.01,63,28,28,0.0,0.04,44.44,1.107,0.903,1,1,-1,1,matched,Bacteria,
Celeribacter,14,85,0.01,0.01,63,14,25,0.0,0.02,39.68,1.0,1.0,1,1,-1,1,matched,Bacteria,
Conexibacter,156,1734,0.06,0.15,63,14,14,0.0,0.02,22.22,11.143,0.09,1,1,-1,1,matched,Bacteria,
Rhodoblastus,11,118,0.0,0.01,63,6,14,0.0,0.01,22.22,1.833,0.545,1,1,-1,1,matched,Bacteria,
Halobacteriovorax,35,108,0.01,0.01,63,44,42,0.0,0.06,66.67,0.795,1.257,1,1,-1,1,matched,Bacteria,
Marinoscillum,74,755,0.03,0.06,63,7,5,0.0,0.01,7.94,10.571,0.095,1,1,-1,1,matched,Bacteria,
Shimia,9,29,0.0,0.0,62,29,38,0.0,0.04,61.29,0.31,3.222,1,1,-1,1,matched,Bacteria,
Eikenella,10,36,0.0,0.0,62,19,40,0.0,0.03,64.52,0.526,1.9,1,1,-1,1,matched,Bacteria,
Schlesneria,45,316,0.02,0.03,62,5,3,0.0,0.01,4.84,9.0,0.111,1,1,-1,1,matched,Bacteria,
Raoultibacter,12,21,0.0,0.0,62,5,6,0.0,0.01,9.68,2.4,0.417,1,1,-1,1,matched,Bacteria,
Salinibacterium,5,32,0.0,0.0,62,32,35,0.0,0.04,56.45,0.156,6.4,1,1,-1,1,matched,Bacteria,
Pelagicola,4,4,0.0,0.0,62,29,38,0.0,0.04,61.29,0.138,7.25,0,1,0,1,matched,Bacteria,
Salinivibrio,32,109,0.01,0.01,62,40,62,0.0,0.05,100.0,0.8,1.25,1,1,-1,1,matched,Bacteria,
Aminobacterium,20,49,0.01,0.0,62,23,3,0.0,0.03,4.84,0.87,1.15,1,1,-1,1,matched,Bacteria,
Meiothermus,53,234,0.02,0.02,62,13,21,0.0,0.02,33.87,4.077,0.245,1,1,-1,1,matched,Bacteria,
Sterolibacterium,20,49,0.01,0.0,62,3,2,0.0,0.0,3.23,6.667,0.15,1,1,-1,1,matched,Bacteria,
Hoeflea,8,109,0.0,0.01,61,23,24,0.0,0.03,39.34,0.348,2.875,1,1,-1,1,matched,Bacteria,
Thalassotalea,51,131,0.02,0.01,61,35,44,0.0,0.05,72.13,1.457,0.686,1,1,-1,1,matched,Bacteria,
Fluviicola,274,1623,0.1,0.14,61,9,3,0.0,0.01,4.92,30.444,0.033,1,1,-1,1,matched,Bacteria,
Candidatus Nitrosotalea,1,13,0.0,0.0,61,8,6,0.0,0.01,9.84,0.125,8.0,0,1,0,1,matched,Archaea,
Flavisolibacter,137,421,0.05,0.04,61,7,7,0.0,0.01,11.48,19.571,0.051,1,1,-1,1,matched,Bacteria,
Fournierella,16,31,0.01,0.0,61,11,12,0.0,0.02,19.67,1.455,0.688,0,1,0,1,matched,Bacteria,
Edaphobacter,11,53,0.0,0.0,60,12,14,0.0,0.02,23.33,0.917,1.091,1,1,-1,1,matched,Bacteria,
Dokdonia,18,83,0.01,0.01,60,19,19,0.0,0.03,31.67,0.947,1.056,1,1,-1,1,matched,Bacteria,
Ideonella,24,485,0.01,0.04,60,18,18,0.0,0.02,30.0,1.333,0.75,1,1,-1,1,matched,Bacteria,
Negativibacillus,40,143,0.02,0.01,60,4,1,0.0,0.01,1.67,10.0,0.1,1,1,-1,1,matched,Bacteria,
Pseudescherichia,1,1,0.0,0.0,59,4,14,0.0,0.01,23.73,0.25,4.0,1,1,-1,1,matched,Bacteria,
Zymomonas,6,58,0.0,0.0,59,2,30,0.0,0.0,50.85,3.0,0.333,1,1,-1,1,matched,Bacteria,
Leisingera,10,59,0.0,0.0,59,33,44,0.0,0.05,74.58,0.303,3.3,1,1,-1,1,matched,Bacteria,
Pseudorhodobacter,28,224,0.01,0.02,59,10,9,0.0,0.01,15.25,2.8,0.357,1,1,-1,1,matched,Bacteria,
Cellvibrio,67,437,0.03,0.04,59,20,21,0.0,0.03,35.59,3.35,0.299,1,1,-1,1,matched,Bacteria,
Taylorella,3,36,0.0,0.0,59,2,59,0.0,0.0,100.0,1.5,0.667,1,1,-1,1,matched,Bacteria,
Brachymonas,68,252,0.03,0.02,59,7,7,0.0,0.01,11.86,9.714,0.103,1,1,-1,1,matched,Bacteria,
Oceanicaulis,31,105,0.01,0.01,59,12,6,0.0,0.02,10.17,2.583,0.387,1,1,-1,1,matched,Bacteria,
Methyloversatilis,22,65,0.01,0.01,59,10,11,0.0,0.01,18.64,2.2,0.455,1,1,-1,1,matched,Bacteria,
Abiotrophia,21,83,0.01,0.01,59,4,5,0.0,0.01,8.47,5.25,0.19,1,1,-1,1,matched,Bacteria,
Solibacillus,46,157,0.02,0.01,58,30,36,0.0,0.04,62.07,1.533,0.652,1,1,-1,1,matched,Bacteria,
Enorma,7,12,0.0,0.0,58,8,16,0.0,0.01,27.59,0.875,1.143,1,1,-1,1,matched,Bacteria,
Methylibium,17,253,0.01,0.02,58,9,6,0.0,0.01,10.34,1.889,0.529,1,1,-1,1,matched,Bacteria,
Cellulophaga,18,128,0.01,0.01,58,27,45,0.0,0.04,77.59,0.667,1.5,1,1,-1,1,matched,Bacteria,
Neptunomonas,20,63,0.01,0.01,58,10,21,0.0,0.01,36.21,2.0,0.5,1,1,-1,1,matched,Bacteria,
Fischerella,21,94,0.01,0.01,58,12,49,0.0,0.02,84.48,1.75,0.571,1,1,-1,1,matched,Bacteria,
Curvibacter,25,114,0.01,0.01,58,16,11,0.0,0.02,18.97,1.562,0.64,1,1,-1,1,matched,Bacteria,
Azoarcus,64,247,0.02,0.02,58,14,14,0.0,0.02,24.14,4.571,0.219,1,1,-1,1,matched,Bacteria,
Merdibacter,2,6,0.0,0.0,58,6,1,0.0,0.01,1.72,0.333,3.0,1,1,-1,1,matched,Bacteria,
Sideroxydans,112,449,0.04,0.04,57,7,2,0.0,0.01,3.51,16.0,0.062,1,1,-1,1,matched,Bacteria,
Singulisphaera,71,276,0.03,0.02,57,5,4,0.0,0.01,7.02,14.2,0.07,1,1,-1,1,matched,Bacteria,
Mycolicibacter,1,4,0.0,0.0,57,21,53,0.0,0.03,92.98,0.048,21.0,1,1,-1,1,matched,Bacteria,
Terrisporobacter,20,123,0.01,0.01,57,8,24,0.0,0.01,42.11,2.5,0.4,1,1,-1,1,matched,Bacteria,
Aeriscardovia,3,24,0.0,0.0,57,3,2,0.0,0.0,3.51,1.0,1.0,1,1,-1,1,matched,Bacteria,
Phycicoccus,4,26,0.0,0.0,57,21,23,0.0,0.03,40.35,0.19,5.25,1,1,-1,1,matched,Bacteria,
Cereibacter,4,10,0.0,0.0,57,7,52,0.0,0.01,91.23,0.571,1.75,1,1,-1,1,matched,Bacteria,
Fictibacillus,21,95,0.01,0.01,57,31,52,0.0,0.04,91.23,0.677,1.476,1,1,-1,1,matched,Bacteria,
Acetivibrio,27,65,0.01,0.01,57,11,23,0.0,0.02,40.35,2.455,0.407,1,1,-1,1,matched,Bacteria,
Syntrophorhabdus,162,800,0.06,0.07,57,11,1,0.0,0.02,1.75,14.727,0.068,1,1,-1,1,matched,Bacteria,
Limimaricola,3,37,0.0,0.0,57,9,13,0.0,0.01,22.81,0.333,3.0,1,1,-1,1,matched,Bacteria,
Desulfomonile,62,228,0.02,0.02,57,3,1,0.0,0.0,1.75,20.667,0.048,1,1,-1,1,matched,Bacteria,
Tyzzerella,298,565,0.11,0.05,56,9,13,0.0,0.01,23.21,33.111,0.03,1,1,-1,1,matched,Bacteria,
Vampirovibrio,29,74,0.01,0.01,56,3,0,0.0,0.0,0.0,9.667,0.103,1,1,-1,1,matched,Bacteria,
Desulfuromonas,81,271,0.03,0.02,56,13,14,0.0,0.02,25.0,6.231,0.16,1,1,-1,1,matched,Bacteria,
Kurthia,27,101,0.01,0.01,56,22,31,0.0,0.03,55.36,1.227,0.815,1,1,-1,1,matched,Bacteria,
Robiginitomaculum,31,87,0.01,0.01,56,3,1,0.0,0.0,1.79,10.333,0.097,1,1,-1,1,matched,Bacteria,
Anabaena,37,363,0.01,0.03,56,42,44,0.0,0.06,78.57,0.881,1.135,1,1,-1,1,matched,Bacteria,
Anderseniella,12,67,0.0,0.01,56,3,1,0.0,0.0,1.79,4.0,0.25,1,1,-1,1,matched,Bacteria,
Methanolinea,50,311,0.02,0.03,55,16,1,0.0,0.02,1.82,3.125,0.32,1,1,-1,1,matched,Archaea,
Methanospirillum,58,314,0.02,0.03,55,6,8,0.0,0.01,14.55,9.667,0.103,1,1,-1,1,matched,Archaea,
Thermosynechococcus,2,21,0.0,0.0,55,45,36,0.0,0.06,65.45,0.044,22.5,1,1,-1,1,matched,Bacteria,
Nakamurella,50,430,0.02,0.04,55,17,17,0.0,0.02,30.91,2.941,0.34,1,1,-1,1,matched,Bacteria,
Bacteriovorax,95,416,0.04,0.03,55,11,9,0.0,0.02,16.36,8.636,0.116,1,1,-1,1,matched,Bacteria,
Mageeibacillus,6,11,0.0,0.0,55,27,0,0.0,0.04,0.0,0.222,4.5,1,1,-1,1,matched,Bacteria,
Rubripirellula,37,160,0.01,0.01,55,7,19,0.0,0.01,34.55,5.286,0.189,1,1,-1,1,matched,Bacteria,
Pusillimonas,21,124,0.01,0.01,55,25,14,0.0,0.03,25.45,0.84,1.19,1,1,-1,1,matched,Bacteria,
Saccharothrix,12,68,0.0,0.01,55,38,50,0.0,0.05,90.91,0.316,3.167,1,1,-1,1,matched,Bacteria,
Nodularia,3,21,0.0,0.0,55,10,41,0.0,0.01,74.55,0.3,3.333,1,0,0,1,matched,Bacteria,
Tissierella,102,232,0.04,0.02,55,17,22,0.0,0.02,40.0,6.0,0.167,1,1,-1,1,matched,Bacteria,
Blastomonas,12,55,0.0,0.0,55,32,30,0.0,0.04,54.55,0.375,2.667,1,1,-1,1,matched,Bacteria,
Pseudoclavibacter,23,245,0.01,0.02,54,33,46,0.0,0.05,85.19,0.697,1.435,1,1,-1,1,matched,Bacteria,
Luteibacter,35,194,0.01,0.02,54,32,39,0.0,0.04,72.22,1.094,0.914,1,1,-1,1,matched,Bacteria,
Mesonia,11,48,0.0,0.0,54,16,19,0.0,0.02,35.19,0.688,1.455,1,1,-1,1,matched,Bacteria,
Asticcacaulis,19,104,0.01,0.01,54,27,26,0.0,0.04,48.15,0.704,1.421,1,1,-1,1,matched,Bacteria,
Brenneria,11,47,0.0,0.0,54,21,54,0.0,0.03,100.0,0.524,1.909,1,1,-1,1,matched,Bacteria,
Malacoplasma,5,9,0.0,0.0,54,5,13,0.0,0.01,24.07,1.0,1.0,1,1,-1,1,matched,Bacteria,
Thiomicrorhabdus,47,195,0.02,0.02,54,17,16,0.0,0.02,29.63,2.765,0.362,1,1,-1,1,matched,Bacteria,
Octadecabacter,16,70,0.01,0.01,54,12,29,0.0,0.02,53.7,1.333,0.75,1,1,-1,1,matched,Bacteria,
Laribacter,2,31,0.0,0.0,54,2,50,0.0,0.0,92.59,1.0,1.0,1,1,-1,1,matched,Bacteria,
Haliea,11,52,0.0,0.0,53,7,5,0.0,0.01,9.43,1.571,0.636,1,1,-1,1,matched,Bacteria,
Bergeyella,68,376,0.03,0.03,53,6,12,0.0,0.01,22.64,11.333,0.088,1,1,-1,1,matched,Bacteria,
Parvibacter,4,9,0.0,0.0,53,2,4,0.0,0.0,7.55,2.0,0.5,1,1,-1,1,matched,Bacteria,
Psychroserpens,16,47,0.01,0.0,53,15,16,0.0,0.02,30.19,1.067,0.938,1,1,-1,1,matched,Bacteria,
Sediminicola,4,27,0.0,0.0,53,6,5,0.0,0.01,9.43,0.667,1.5,1,1,-1,1,matched,Bacteria,
Enterorhabdus,86,137,0.03,0.01,53,4,2,0.0,0.01,3.77,21.5,0.047,1,1,-1,1,matched,Bacteria,
Phycisphaera,34,85,0.01,0.01,53,7,2,0.0,0.01,3.77,4.857,0.206,1,1,-1,1,matched,Bacteria,
Methanothermobacter,14,137,0.01,0.01,53,15,20,0.0,0.02,37.74,0.933,1.071,1,1,-1,1,matched,Archaea,
Faecalicoccus,3,20,0.0,0.0,53,5,22,0.0,0.01,41.51,0.6,1.667,1,1,-1,1,matched,Bacteria,
Thermotoga,15,155,0.01,0.01,53,25,26,0.0,0.03,49.06,0.6,1.667,1,1,-1,1,matched,Bacteria,
Arcticiflavibacter,10,20,0.0,0.0,53,15,16,0.0,0.02,30.19,0.667,1.5,0,1,0,1,matched,Bacteria,
Holdemania,4,22,0.0,0.0,53,7,18,0.0,0.01,33.96,0.571,1.75,1,1,-1,1,matched,Bacteria,
Longimicrobium,23,88,0.01,0.01,53,2,3,0.0,0.0,5.66,11.5,0.087,1,1,-1,1,matched,Bacteria,
Noviherbaspirillum,92,436,0.04,0.04,53,23,22,0.0,0.03,41.51,4.0,0.25,1,1,-1,1,matched,Bacteria,
Zhongshania,10,55,0.0,0.0,53,10,13,0.0,0.01,24.53,1.0,1.0,1,1,-1,1,matched,Bacteria,
Formosa,56,287,0.02,0.02,52,14,15,0.0,0.02,28.85,4.0,0.25,1,1,-1,1,matched,Bacteria,
Mesocricetibacter,1,4,0.0,0.0,52,3,1,0.0,0.0,1.92,0.333,3.0,1,1,-1,1,matched,Bacteria,
Tsukamurella,9,59,0.0,0.0,52,22,50,0.0,0.03,96.15,0.409,2.444,1,1,-1,1,matched,Bacteria,
Desulfobacter,51,175,0.02,0.01,52,8,7,0.0,0.01,13.46,6.375,0.157,1,1,-1,1,matched,Bacteria,
Methylococcus,10,40,0.0,0.0,52,10,16,0.0,0.01,30.77,1.0,1.0,1,1,-1,1,matched,Bacteria,
Coprobacter,17,72,0.01,0.01,52,5,11,0.0,0.01,21.15,3.4,0.294,1,1,-1,1,matched,Bacteria,
Chryseolinea,81,250,0.03,0.02,51,7,5,0.0,0.01,9.8,11.571,0.086,1,1,-1,1,matched,Bacteria,
Arenicella,16,57,0.01,0.0,51,5,4,0.0,0.01,7.84,3.2,0.312,1,1,-1,1,matched,Bacteria,
Mixta,1,1,0.0,0.0,51,10,20,0.0,0.01,39.22,0.1,10.0,1,1,-1,1,matched,Bacteria,
Thiopseudomonas,12,43,0.0,0.0,51,14,16,0.0,0.02,31.37,0.857,1.167,1,1,-1,1,matched,Bacteria,
Buttiauxella,13,39,0.0,0.0,51,24,33,0.0,0.03,64.71,0.542,1.846,1,1,-1,1,matched,Bacteria,
Helcococcus,39,89,0.01,0.01,51,8,42,0.0,0.01,82.35,4.875,0.205,1,1,-1,1,matched,Bacteria,
Sneathiella,33,100,0.01,0.01,51,12,15,0.0,0.02,29.41,2.75,0.364,1,1,-1,1,matched,Bacteria,
Modestobacter,10,104,0.0,0.01,51,30,38,0.0,0.04,74.51,0.333,3.0,1,1,-1,1,matched,Bacteria,
Muriicola,7,35,0.0,0.0,51,8,7,0.0,0.01,13.73,0.875,1.143,1,1,-1,1,matched,Bacteria,
Bauldia,73,256,0.03,0.02,50,3,1,0.0,0.0,2.0,24.333,0.041,1,1,-1,1,matched,Bacteria,
Aneurinibacillus,26,96,0.01,0.01,50,14,45,0.0,0.02,90.0,1.857,0.538,1,1,-1,1,matched,Bacteria,
Glycomyces,25,97,0.01,0.01,50,36,44,0.0,0.05,88.0,0.694,1.44,1,1,-1,1,matched,Bacteria,
Haliscomenobacter,31,169,0.01,0.01,50,3,1,0.0,0.0,2.0,10.333,0.097,1,1,-1,1,matched,Bacteria,
Sporolactobacillus,19,102,0.01,0.01,50,22,33,0.0,0.03,66.0,0.864,1.158,1,1,-1,1,matched,Bacteria,
Ureibacillus,21,64,0.01,0.01,50,28,43,0.0,0.04,86.0,0.75,1.333,1,1,-1,1,matched,Bacteria,
Hylemonella,4,18,0.0,0.0,50,7,4,0.0,0.01,8.0,0.571,1.75,1,1,-1,1,matched,Bacteria,
Vulcanisaeta,31,181,0.01,0.02,50,16,15,0.0,0.02,30.0,1.938,0.516,1,1,-1,1,matched,Archaea,
Georgenia,29,78,0.01,0.01,50,31,40,0.0,0.04,80.0,0.935,1.069,1,1,-1,1,matched,Bacteria,
Methanolobus,28,150,0.01,0.01,49,25,20,0.0,0.03,40.82,1.12,0.893,1,1,-1,1,matched,Archaea,
Nannocystis,58,236,0.02,0.02,49,10,11,0.0,0.01,22.45,5.8,0.172,1,1,-1,1,matched,Bacteria,
Dactylosporangium,8,56,0.0,0.0,49,30,43,0.0,0.04,87.76,0.267,3.75,1,1,-1,1,matched,Bacteria,
Calothrix,69,209,0.03,0.02,49,35,35,0.0,0.05,71.43,1.971,0.507,1,1,-1,1,matched,Bacteria,
Mariniphaga,10,13,0.0,0.0,49,4,2,0.0,0.01,4.08,2.5,0.4,1,1,-1,1,matched,Bacteria,
Macrococcus,13,75,0.0,0.01,49,27,46,0.0,0.04,93.88,0.481,2.077,1,1,-1,1,matched,Bacteria,
Aurantimonas,15,54,0.01,0.0,49,22,25,0.0,0.03,51.02,0.682,1.467,1,1,-1,1,matched,Bacteria,
Archaeoglobus,22,132,0.01,0.01,49,30,7,0.0,0.04,14.29,0.733,1.364,1,1,-1,1,matched,Archaea,
Fructobacillus,10,24,0.0,0.0,49,16,45,0.0,0.02,91.84,0.625,1.6,1,1,-1,1,matched,Bacteria,
Stomatobaculum,5,6,0.0,0.0,49,4,2,0.0,0.01,4.08,1.25,0.8,1,1,-1,1,matched,Bacteria,
Salegentibacter,36,163,0.01,0.01,48,22,29,0.0,0.03,60.42,1.636,0.611,1,1,-1,1,matched,Bacteria,
Jatrophihabitans,63,513,0.02,0.04,48,7,5,0.0,0.01,10.42,9.0,0.111,1,1,-1,1,matched,Bacteria,
Diaphorobacter,64,247,0.02,0.02,48,18,19,0.0,0.02,39.58,3.556,0.281,1,1,-1,1,matched,Bacteria,
Salinicoccus,24,82,0.01,0.01,48,24,38,0.0,0.03,79.17,1.0,1.0,1,1,-1,1,matched,Bacteria,
Alloscardovia,6,17,0.0,0.0,48,8,31,0.0,0.01,64.58,0.75,1.333,1,1,-1,1,matched,Bacteria,
Terriglobus,12,53,0.0,0.0,48,10,13,0.0,0.01,27.08,1.2,0.833,1,1,-1,1,matched,Bacteria,
Ascidiaceihabitans,15,148,0.01,0.01,48,3,14,0.0,0.0,29.17,5.0,0.2,1,1,-1,1,matched,Bacteria,
Natrinema,12,50,0.0,0.0,48,33,48,0.0,0.05,100.0,0.364,2.75,1,1,-1,1,matched,Archaea,
Gimesia,10,120,0.0,0.01,48,10,18,0.0,0.01,37.5,1.0,1.0,1,1,-1,1,matched,Bacteria,
Aureimonas,29,131,0.01,0.01,48,30,46,0.0,0.04,95.83,0.967,1.034,1,1,-1,1,matched,Bacteria,
Geothrix,28,447,0.01,0.04,47,21,18,0.0,0.03,38.3,1.333,0.75,1,1,-1,1,matched,Bacteria,
Desulfocapsa,122,389,0.05,0.03,47,5,3,0.0,0.01,6.38,24.4,0.041,1,1,-1,1,matched,Bacteria,
Tardiphaga,4,26,0.0,0.0,47,14,15,0.0,0.02,31.91,0.286,3.5,1,1,-1,1,matched,Bacteria,
Syntrophus,153,702,0.06,0.06,47,13,3,0.0,0.02,6.38,11.769,0.085,1,0,0,1,matched,Bacteria,
Sandarakinorhabdus,6,131,0.0,0.01,47,7,5,0.0,0.01,10.64,0.857,1.167,1,1,-1,1,matched,Bacteria,
Granulosicoccus,25,98,0.01,0.01,47,3,3,0.0,0.0,6.38,8.333,0.12,1,1,-1,1,matched,Bacteria,
Ehrlichia,25,98,0.01,0.01,47,8,47,0.0,0.01,100.0,3.125,0.32,1,1,-1,1,matched,Bacteria,
Acetobacterium,36,320,0.01,0.03,47,17,23,0.0,0.02,48.94,2.118,0.472,1,1,-1,1,matched,Bacteria,
Pyramidobacter,19,59,0.01,0.0,47,7,8,0.0,0.01,17.02,2.714,0.368,1,1,-1,1,matched,Bacteria,
Porphyrobacter,33,372,0.01,0.03,46,17,12,0.0,0.02,26.09,1.941,0.515,1,1,-1,1,matched,Bacteria,
Kangiella,15,56,0.01,0.0,46,16,15,0.0,0.02,32.61,0.938,1.067,1,1,-1,1,matched,Bacteria,
Fretibacterium,76,200,0.03,0.02,46,4,3,0.0,0.01,6.52,19.0,0.053,1,1,-1,1,matched,Bacteria,
Ornithobacterium,11,46,0.0,0.0,46,2,43,0.0,0.0,93.48,5.5,0.182,1,1,-1,1,matched,Bacteria,
Dermatophilus,3,8,0.0,0.0,46,2,43,0.0,0.0,93.48,1.5,0.667,1,1,-1,1,matched,Bacteria,
Anaerocolumna,37,110,0.01,0.01,46,12,14,0.0,0.02,30.43,3.083,0.324,1,1,-1,1,matched,Bacteria,
Dermacoccus,6,39,0.0,0.0,46,18,34,0.0,0.02,73.91,0.333,3.0,1,1,-1,1,matched,Bacteria,
Ornithinimicrobium,18,57,0.01,0.0,46,26,38,0.0,0.04,82.61,0.692,1.444,1,1,-1,1,matched,Bacteria,
Aphanizomenon,11,402,0.0,0.03,46,10,16,0.0,0.01,34.78,1.1,0.909,1,1,-1,1,matched,Bacteria,
Tessaracoccus,36,234,0.01,0.02,45,28,33,0.0,0.04,73.33,1.286,0.778,1,1,-1,1,matched,Bacteria,
Natronomonas,42,171,0.02,0.01,45,13,13,0.0,0.02,28.89,3.231,0.31,1,1,-1,1,matched,Archaea,
Cedecea,4,9,0.0,0.0,45,26,41,0.0,0.04,91.11,0.154,6.5,1,1,-1,1,matched,Bacteria,
Moorella,36,94,0.01,0.01,45,13,35,0.0,0.02,77.78,2.769,0.361,1,1,-1,1,matched,Bacteria,
Coleofasciculus,67,330,0.03,0.03,45,30,16,0.0,0.04,35.56,2.233,0.448,1,1,-1,1,matched,Bacteria,
Dinoroseobacter,17,38,0.01,0.0,45,4,8,0.0,0.01,17.78,4.25,0.235,1,1,-1,1,matched,Bacteria,
Salinimicrobium,33,100,0.01,0.01,45,19,18,0.0,0.03,40.0,1.737,0.576,1,1,-1,1,matched,Bacteria,
Lewinella,157,417,0.06,0.03,45,9,7,0.0,0.01,15.56,17.444,0.057,1,1,-1,1,matched,Bacteria,
Albidovulum,31,86,0.01,0.01,45,8,5,0.0,0.01,11.11,3.875,0.258,1,1,-1,1,matched,Bacteria,
Persephonella,21,112,0.01,0.01,45,6,5,0.0,0.01,11.11,3.5,0.286,1,1,-1,1,matched,Bacteria,
Thermoanaerobacter,43,157,0.02,0.01,44,19,28,0.0,0.03,63.64,2.263,0.442,1,1,-1,1,matched,Bacteria,
Maritimibacter,12,50,0.0,0.0,44,13,10,0.0,0.02,22.73,0.923,1.083,1,1,-1,1,matched,Bacteria,
Roseibacterium,11,39,0.0,0.0,44,10,12,0.0,0.01,27.27,1.1,0.909,0,1,0,1,matched,Bacteria,
Roseicyclus,5,16,0.0,0.0,44,10,12,0.0,0.01,27.27,0.5,2.0,1,1,-1,1,matched,Bacteria,
Parageobacillus,19,158,0.01,0.01,44,10,41,0.0,0.01,93.18,1.9,0.526,1,1,-1,1,matched,Bacteria,
Kandleria,2,15,0.0,0.0,44,21,8,0.0,0.03,18.18,0.095,10.5,1,1,-1,1,matched,Bacteria,
Secundilactobacillus,4,8,0.0,0.0,44,17,39,0.0,0.02,88.64,0.235,4.25,1,1,-1,1,matched,Bacteria,
Cloacibacterium,58,357,0.02,0.03,44,8,11,0.0,0.01,25.0,7.25,0.138,1,1,-1,1,matched,Bacteria,
Metallibacterium,6,25,0.0,0.0,43,2,2,0.0,0.0,4.65,3.0,0.333,1,1,-1,1,matched,Bacteria,
Pseudocitrobacter,4,15,0.0,0.0,43,9,42,0.0,0.01,97.67,0.444,2.25,1,1,-1,1,matched,Bacteria,
Roseiarcus,58,854,0.02,0.07,43,3,1,0.0,0.0,2.33,19.333,0.052,1,1,-1,1,matched,Bacteria,
Pseudodesulfovibrio,9,96,0.0,0.01,43,23,23,0.0,0.03,53.49,0.391,2.556,1,1,-1,1,matched,Bacteria,
Agrococcus,23,87,0.01,0.01,43,31,35,0.0,0.04,81.4,0.742,1.348,1,1,-1,1,matched,Bacteria,
Chloroflexus,22,137,0.01,0.01,43,8,6,0.0,0.01,13.95,2.75,0.364,1,1,-1,1,matched,Bacteria,
Ancylobacter,6,44,0.0,0.0,43,29,38,0.0,0.04,88.37,0.207,4.833,1,1,-1,1,matched,Bacteria,
Leptolinea,143,650,0.05,0.05,43,10,3,0.0,0.01,6.98,14.3,0.07,1,1,-1,1,matched,Bacteria,
Sodalis,54,107,0.02,0.01,43,34,34,0.0,0.05,79.07,1.588,0.63,1,1,-1,1,matched,Bacteria,
Metakosakonia,1,5,0.0,0.0,43,9,33,0.0,0.01,76.74,0.111,9.0,0,1,0,1,matched,Bacteria,
Micropruina,3,4,0.0,0.0,43,4,3,0.0,0.01,6.98,0.75,1.333,1,1,-1,1,matched,Bacteria,
Endomicrobium,137,354,0.05,0.03,43,8,2,0.0,0.01,4.65,17.125,0.058,1,1,-1,1,matched,Bacteria,
Cylindrospermopsis,3,6,0.0,0.0,43,3,37,0.0,0.0,86.05,1.0,1.0,1,1,-1,1,matched,Bacteria,
Geodermatophilus,35,180,0.01,0.02,43,29,35,0.0,0.04,81.4,1.207,0.829,1,1,-1,1,matched,Bacteria,
Rhodopila,17,26,0.01,0.0,43,3,1,0.0,0.0,2.33,5.667,0.176,1,1,-1,1,matched,Bacteria,
Gluconacetobacter,4,68,0.0,0.01,43,15,36,0.0,0.02,83.72,0.267,3.75,1,1,-1,1,matched,Bacteria,
Owenweeksia,33,72,0.01,0.01,43,4,1,0.0,0.01,2.33,8.25,0.121,1,1,-1,1,matched,Bacteria,
Methylorhabdus,1,1,0.0,0.0,43,29,38,0.0,0.04,88.37,0.034,29.0,0,1,0,1,matched,Bacteria,
Dermabacter,8,25,0.0,0.0,43,12,30,0.0,0.02,69.77,0.667,1.5,1,1,-1,1,matched,Bacteria,
Chromohalobacter,26,90,0.01,0.01,43,14,38,0.0,0.02,88.37,1.857,0.538,1,1,-1,1,matched,Bacteria,
Petrimonas,26,87,0.01,0.01,43,5,2,0.0,0.01,4.65,5.2,0.192,1,1,-1,1,matched,Bacteria,
Thioclava,16,34,0.01,0.0,43,35,34,0.0,0.05,79.07,0.457,2.188,1,1,-1,1,matched,Bacteria,
Emticicia,21,161,0.01,0.01,42,17,22,0.0,0.02,52.38,1.235,0.81,1,1,-1,1,matched,Bacteria,
Schwartzia,9,68,0.0,0.01,42,3,1,0.0,0.0,2.38,3.0,0.333,1,0,0,1,matched,Bacteria,
Chamaesiphon,8,42,0.0,0.0,42,27,2,0.0,0.04,4.76,0.296,3.375,1,1,-1,1,matched,Bacteria,
Spirochaeta,791,2833,0.3,0.24,42,12,6,0.0,0.02,14.29,65.917,0.015,1,1,-1,1,matched,Bacteria,
Mesoflavibacter,20,47,0.01,0.0,42,9,11,0.0,0.01,26.19,2.222,0.45,1,1,-1,1,matched,Bacteria,
Aurantimicrobium,11,58,0.0,0.0,42,6,14,0.0,0.01,33.33,1.833,0.545,1,1,-1,1,matched,Bacteria,
Microlunatus,33,623,0.01,0.05,42,19,20,0.0,0.03,47.62,1.737,0.576,1,1,-1,1,matched,Bacteria,
Caldilinea,5,57,0.0,0.0,42,5,1,0.0,0.01,2.38,1.0,1.0,1,1,-1,1,matched,Bacteria,
Pelotomaculum,61,196,0.02,0.02,41,23,10,0.0,0.03,24.39,2.652,0.377,1,1,-1,1,matched,Bacteria,
Mariprofundus,111,409,0.04,0.03,41,14,16,0.0,0.02,39.02,7.929,0.126,1,1,-1,1,matched,Bacteria,
Segetibacter,76,241,0.03,0.02,41,5,3,0.0,0.01,7.32,15.2,0.066,1,1,-1,1,matched,Bacteria,
Gaiella,186,1814,0.07,0.15,41,4,3,0.0,0.01,7.32,46.5,0.022,1,1,-1,1,matched,Bacteria,
Desulfosarcina,26,153,0.01,0.01,41,12,14,0.0,0.02,34.15,2.167,0.462,1,1,-1,1,matched,Bacteria,
Filifactor,10,29,0.0,0.0,41,4,2,0.0,0.01,4.88,2.5,0.4,1,1,-1,1,matched,Bacteria,
Jeotgalicoccus,17,72,0.01,0.01,41,16,22,0.0,0.02,53.66,1.062,0.941,1,1,-1,1,matched,Bacteria,
Rudaea,5,26,0.0,0.0,41,4,2,0.0,0.01,4.88,1.25,0.8,1,1,-1,1,matched,Bacteria,
Aridibacter,22,71,0.01,0.01,41,2,0,0.0,0.0,0.0,11.0,0.091,1,1,-1,1,matched,Bacteria,
Acidobacterium,6,23,0.0,0.0,41,4,2,0.0,0.01,4.88,1.5,0.667,1,1,-1,1,matched,Bacteria,
Litorivivens,5,12,0.0,0.0,41,2,1,0.0,0.0,2.44,2.5,0.4,1,1,-1,1,matched,Bacteria,
Pseudothermotoga,11,123,0.0,0.01,40,6,8,0.0,0.01,20.0,1.833,0.545,1,1,-1,1,matched,Bacteria,
Anaerobiospirillum,13,21,0.0,0.0,40,12,7,0.0,0.02,17.5,1.083,0.923,1,1,-1,1,matched,Bacteria,
Mesoplasma,6,15,0.0,0.0,40,20,40,0.0,0.03,100.0,0.3,3.333,1,1,-1,1,matched,Bacteria,
Gillisia,14,70,0.01,0.01,40,14,13,0.0,0.02,32.5,1.0,1.0,1,1,-1,1,matched,Bacteria,
Propionicimonas,11,72,0.0,0.01,40,3,2,0.0,0.0,5.0,3.667,0.273,1,1,-1,1,matched,Bacteria,
Planctomicrobium,67,134,0.03,0.01,40,3,4,0.0,0.0,10.0,22.333,0.045,1,1,-1,1,matched,Bacteria,
Syntrophobacter,115,559,0.04,0.05,40,6,1,0.0,0.01,2.5,19.167,0.052,1,1,-1,1,matched,Bacteria,
Ulvibacter,55,243,0.02,0.02,40,6,9,0.0,0.01,22.5,9.167,0.109,1,1,-1,1,matched,Bacteria,
Cocleimonas,40,124,0.02,0.01,40,6,5,0.0,0.01,12.5,6.667,0.15,1,1,-1,1,matched,Bacteria,
Azotobacter,27,127,0.01,0.01,40,7,39,0.0,0.01,97.5,3.857,0.259,1,1,-1,1,matched,Bacteria,
Dolosigranulum,46,164,0.02,0.01,40,2,38,0.0,0.0,95.0,23.0,0.043,1,1,-1,1,matched,Bacteria,
Flavihumibacter,12,74,0.0,0.01,40,15,11,0.0,0.02,27.5,0.8,1.25,1,1,-1,1,matched,Bacteria,
Salinicola,10,27,0.0,0.0,40,25,31,0.0,0.03,77.5,0.4,2.5,1,1,-1,1,matched,Bacteria,
Lentibacter,18,54,0.01,0.0,40,4,7,0.0,0.01,17.5,4.5,0.222,1,1,-1,1,matched,Bacteria,
Promicromonospora,15,92,0.01,0.01,40,29,39,0.0,0.04,97.5,0.517,1.933,1,1,-1,1,matched,Bacteria,
Negativicoccus,5,21,0.0,0.0,39,3,3,0.0,0.0,7.69,1.667,0.6,1,1,-1,1,matched,Bacteria,
Loigolactobacillus,10,11,0.0,0.0,39,8,37,0.0,0.01,94.87,1.25,0.8,1,1,-1,1,matched,Bacteria,
Neptuniibacter,18,57,0.01,0.0,39,24,20,0.0,0.03,51.28,0.75,1.333,1,1,-1,1,matched,Bacteria,
Lentimicrobium,191,1117,0.07,0.09,39,5,3,0.0,0.01,7.69,38.2,0.026,1,1,-1,1,matched,Bacteria,
Nitratifractor,83,152,0.03,0.01,39,3,1,0.0,0.0,2.56,27.667,0.036,1,1,-1,1,matched,Bacteria,
Apibacter,7,10,0.0,0.0,39,25,27,0.0,0.03,69.23,0.28,3.571,1,1,-1,1,matched,Bacteria,
Methanococcus,12,65,0.0,0.01,39,5,30,0.0,0.01,76.92,2.4,0.417,1,1,-1,1,matched,Archaea,
Alicycliphilus,20,38,0.01,0.0,39,12,9,0.0,0.02,23.08,1.667,0.6,1,1,-1,1,matched,Bacteria,
Agitococcus,1,2,0.0,0.0,39,3,1,0.0,0.0,2.56,0.333,3.0,1,1,-1,1,matched,Bacteria,
Streptobacillus,14,43,0.01,0.0,39,6,35,0.0,0.01,89.74,2.333,0.429,1,1,-1,1,matched,Bacteria,
Desulfotignum,26,130,0.01,0.01,38,4,2,0.0,0.01,5.26,6.5,0.154,1,1,-1,1,matched,Bacteria,
Hydrotalea,3,21,0.0,0.0,38,6,9,0.0,0.01,23.68,0.5,2.0,1,1,-1,1,matched,Bacteria,
Brochothrix,7,124,0.0,0.01,38,3,34,0.0,0.0,89.47,2.333,0.429,1,1,-1,1,matched,Bacteria,
Litoreibacter,5,23,0.0,0.0,38,10,12,0.0,0.01,31.58,0.5,2.0,1,1,-1,1,matched,Bacteria,
Phaeodactylibacter,136,437,0.05,0.04,38,4,2,0.0,0.01,5.26,34.0,0.029,1,1,-1,1,matched,Bacteria,
Parafilimonas,18,45,0.01,0.0,38,3,1,0.0,0.0,2.63,6.0,0.167,1,1,-1,1,matched,Bacteria,
Marivivens,8,38,0.0,0.0,38,9,9,0.0,0.01,23.68,0.889,1.125,1,1,-1,1,matched,Bacteria,
Moritella,12,106,0.0,0.01,38,14,27,0.0,0.02,71.05,0.857,1.167,1,1,-1,1,matched,Bacteria,
Pseudovibrio,13,74,0.0,0.01,38,26,33,0.0,0.04,86.84,0.5,2.0,1,1,-1,1,matched,Bacteria,
Kordiimonas,77,166,0.03,0.01,38,14,15,0.0,0.02,39.47,5.5,0.182,1,1,-1,1,matched,Bacteria,
Synechocystis,37,130,0.01,0.01,38,18,33,0.0,0.02,86.84,2.056,0.486,1,1,-1,1,matched,Bacteria,
Rhodoplanes,64,480,0.02,0.04,38,12,14,0.0,0.02,36.84,5.333,0.188,1,1,-1,1,matched,Bacteria,
Methylovirgula,9,23,0.0,0.0,38,5,5,0.0,0.01,13.16,1.8,0.556,1,1,-1,1,matched,Bacteria,
Lacunisphaera,122,949,0.05,0.08,37,2,1,0.0,0.0,2.7,61.0,0.016,1,1,-1,1,matched,Bacteria,
Thiohalobacter,10,13,0.0,0.0,37,5,4,0.0,0.01,10.81,2.0,0.5,1,1,-1,1,matched,Bacteria,
Oscillochloris,7,9,0.0,0.0,37,5,3,0.0,0.01,8.11,1.4,0.714,1,1,-1,1,matched,Bacteria,
Jannaschia,23,68,0.01,0.01,37,25,28,0.0,0.03,75.68,0.92,1.087,1,1,-1,1,matched,Bacteria,
Tepidimonas,20,53,0.01,0.0,37,11,13,0.0,0.02,35.14,1.818,0.55,1,1,-1,1,matched,Bacteria,
Acidipropionibacterium,4,62,0.0,0.01,37,6,17,0.0,0.01,45.95,0.667,1.5,1,1,-1,1,matched,Bacteria,
Methylobacillus,13,58,0.0,0.0,37,12,12,0.0,0.02,32.43,1.083,0.923,1,1,-1,1,matched,Bacteria,
Oleiphilus,29,85,0.01,0.01,37,30,29,0.0,0.04,78.38,0.967,1.034,1,1,-1,1,matched,Bacteria,
Eudoraea,4,71,0.0,0.01,37,4,2,0.0,0.01,5.41,1.0,1.0,1,1,-1,1,matched,Bacteria,
Labrenzia,34,157,0.01,0.01,37,34,31,0.0,0.05,83.78,1.0,1.0,1,1,-1,1,matched,Bacteria,
Fimbriiglobus,84,195,0.03,0.02,37,3,1,0.0,0.0,2.7,28.0,0.036,1,1,-1,1,matched,Bacteria,
Wohlfahrtiimonas,1,8,0.0,0.0,37,6,32,0.0,0.01,86.49,0.167,6.0,1,1,-1,1,matched,Bacteria,
Magnetospirillum,24,125,0.01,0.01,37,16,0,0.0,0.02,0.0,1.5,0.667,1,1,-1,1,matched,Bacteria,
Acetomicrobium,21,128,0.01,0.01,37,10,6,0.0,0.01,16.22,2.1,0.476,1,1,-1,1,matched,Bacteria,
Spiribacter,8,53,0.0,0.0,37,14,27,0.0,0.02,72.97,0.571,1.75,1,1,-1,1,matched,Bacteria,
Crenothrix,65,234,0.02,0.02,37,4,2,0.0,0.01,5.41,16.25,0.062,1,1,-1,1,matched,Bacteria,
Pleurocapsa,26,80,0.01,0.01,37,13,4,0.0,0.02,10.81,2.0,0.5,1,1,-1,1,matched,Bacteria,
Sneathia,3,15,0.0,0.0,37,5,12,0.0,0.01,32.43,0.6,1.667,1,1,-1,1,matched,Bacteria,
Psychroflexus,62,350,0.02,0.03,36,21,22,0.0,0.03,61.11,2.952,0.339,1,1,-1,1,matched,Bacteria,
Nitratiruptor,28,46,0.01,0.0,36,9,8,0.0,0.01,22.22,3.111,0.321,1,1,-1,1,matched,Bacteria,
Williamsia,12,53,0.0,0.0,36,18,28,0.0,0.02,77.78,0.667,1.5,1,1,-1,1,matched,Bacteria,
Aminobacter,21,92,0.01,0.01,36,21,36,0.0,0.03,100.0,1.0,1.0,1,1,-1,1,matched,Bacteria,
Motiliproteus,20,122,0.01,0.01,36,5,4,0.0,0.01,11.11,4.0,0.25,1,1,-1,1,matched,Bacteria,
Pseudophaeobacter,9,15,0.0,0.0,36,13,13,0.0,0.02,36.11,0.692,1.444,1,1,-1,1,matched,Bacteria,
Croceicoccus,3,13,0.0,0.0,36,17,19,0.0,0.02,52.78,0.176,5.667,1,1,-1,1,matched,Bacteria,
Ohtaekwangia,54,131,0.02,0.01,36,4,2,0.0,0.01,5.56,13.5,0.074,1,1,-1,1,matched,Bacteria,
Monoglobus,345,844,0.13,0.07,36,3,2,0.0,0.0,5.56,115.0,0.009,1,1,-1,1,matched,Bacteria,
Yonghaparkia,3,16,0.0,0.0,36,13,20,0.0,0.02,55.56,0.231,4.333,0,1,0,1,matched,Bacteria,
Microcella,3,37,0.0,0.0,36,13,20,0.0,0.02,55.56,0.231,4.333,1,1,-1,1,matched,Bacteria,
Chryseoglobus,2,47,0.0,0.0,36,13,20,0.0,0.02,55.56,0.154,6.5,0,1,0,1,matched,Bacteria,
Halobellus,26,80,0.01,0.01,36,19,23,0.0,0.03,63.89,1.368,0.731,1,1,-1,1,matched,Archaea,
Pauljensenia,2,7,0.0,0.0,36,18,17,0.0,0.02,47.22,0.111,9.0,1,1,-1,1,matched,Bacteria,
Pelolinea,53,376,0.02,0.03,35,3,2,0.0,0.0,5.71,17.667,0.057,1,1,-1,1,matched,Bacteria,
Terribacillus,7,32,0.0,0.0,35,10,35,0.0,0.01,100.0,0.7,1.429,1,1,-1,1,matched,Bacteria,
Phormidium,48,204,0.02,0.02,35,21,17,0.0,0.03,48.57,2.286,0.438,1,1,-1,1,matched,Bacteria,
Gulosibacter,5,10,0.0,0.0,35,12,19,0.0,0.02,54.29,0.417,2.4,1,1,-1,1,matched,Bacteria,
Cohaesibacter,33,133,0.01,0.01,35,9,7,0.0,0.01,20.0,3.667,0.273,1,1,-1,1,matched,Bacteria,
Caldithrix,41,128,0.02,0.01,35,4,3,0.0,0.01,8.57,10.25,0.098,1,1,-1,1,matched,Bacteria,
Actinomycetospora,6,97,0.0,0.01,35,24,27,0.0,0.03,77.14,0.25,4.0,1,1,-1,1,matched,Bacteria,
Caldicellulosiruptor,76,234,0.03,0.02,35,13,35,0.0,0.02,100.0,5.846,0.171,1,1,-1,1,matched,Bacteria,
Boseongicola,7,21,0.0,0.0,35,14,3,0.0,0.02,8.57,0.5,2.0,1,1,-1,1,matched,Bacteria,
Actinobaculum,5,29,0.0,0.0,34,6,12,0.0,0.01,35.29,0.833,1.2,1,1,-1,1,matched,Bacteria,
Actinotalea,12,134,0.0,0.01,34,16,19,0.0,0.02,55.88,0.75,1.333,1,1,-1,1,matched,Bacteria,
Mameliella,6,10,0.0,0.0,34,11,26,0.0,0.02,76.47,0.545,1.833,1,1,-1,1,matched,Bacteria,
Aeribacillus,7,86,0.0,0.01,34,15,34,0.0,0.02,100.0,0.467,2.143,1,1,-1,1,matched,Bacteria,
Thermoproteus,10,57,0.0,0.0,34,8,3,0.0,0.01,8.82,1.25,0.8,1,1,-1,1,matched,Archaea,
Sphingosinicella,12,61,0.0,0.01,34,15,16,0.0,0.02,47.06,0.8,1.25,1,1,-1,1,matched,Bacteria,
Plantibacter,4,24,0.0,0.0,34,27,31,0.0,0.04,91.18,0.148,6.75,1,1,-1,1,matched,Bacteria,
Acidilobus,19,128,0.01,0.01,34,9,4,0.0,0.01,11.76,2.111,0.474,1,1,-1,1,matched,Archaea,
Herminiimonas,41,159,0.02,0.01,34,12,11,0.0,0.02,32.35,3.417,0.293,1,1,-1,1,matched,Bacteria,
Methylocella,9,45,0.0,0.0,34,5,7,0.0,0.01,20.59,1.8,0.556,1,1,-1,1,matched,Bacteria,
Sulfuricella,11,125,0.0,0.01,34,5,2,0.0,0.01,5.88,2.2,0.455,1,1,-1,1,matched,Bacteria,
Sharpea,2,22,0.0,0.0,34,3,5,0.0,0.0,14.71,0.667,1.5,1,1,-1,1,matched,Bacteria,
Oerskovia,9,45,0.0,0.0,34,20,31,0.0,0.03,91.18,0.45,2.222,1,1,-1,1,matched,Bacteria,
Parapedobacter,28,70,0.01,0.01,34,17,17,0.0,0.02,50.0,1.647,0.607,1,1,-1,1,matched,Bacteria,
Ornithinibacter,1,1,0.0,0.0,34,2,2,0.0,0.0,5.88,0.5,2.0,1,1,-1,1,matched,Bacteria,
Steroidobacter,60,459,0.02,0.04,34,7,6,0.0,0.01,17.65,8.571,0.117,1,1,-1,1,matched,Bacteria,
Salinispora,22,65,0.01,0.01,34,9,34,0.0,0.01,100.0,2.444,0.409,1,1,-1,1,matched,Bacteria,
Fulvivirga,30,58,0.01,0.0,34,14,13,0.0,0.02,38.24,2.143,0.467,1,1,-1,1,matched,Bacteria,
Halarcobacter,20,89,0.01,0.01,34,5,10,0.0,0.01,29.41,4.0,0.25,1,1,-1,1,matched,Bacteria,
Ignatzschineria,3,18,0.0,0.0,34,10,16,0.0,0.01,47.06,0.3,3.333,1,1,-1,1,matched,Bacteria,
Thermodesulfatator,6,11,0.0,0.0,33,5,3,0.0,0.01,9.09,1.2,0.833,1,1,-1,1,matched,Bacteria,
Enhydrobacter,45,74,0.02,0.01,33,17,6,0.0,0.02,18.18,2.647,0.378,1,1,-1,1,matched,Bacteria,
Pseudochrobactrum,15,171,0.01,0.01,33,12,23,0.0,0.02,69.7,1.25,0.8,1,1,-1,1,matched,Bacteria,
Reinekea,19,114,0.01,0.01,33,8,9,0.0,0.01,27.27,2.375,0.421,1,1,-1,1,matched,Bacteria,
Sagittula,10,26,0.0,0.0,33,9,0,0.0,0.01,0.0,1.111,0.9,1,1,-1,1,matched,Bacteria,
Citricoccus,8,41,0.0,0.0,33,17,23,0.0,0.02,69.7,0.471,2.125,1,1,-1,1,matched,Bacteria,
Ferrovibrio,6,31,0.0,0.0,33,5,3,0.0,0.01,9.09,1.2,0.833,1,1,-1,1,matched,Bacteria,
Sphaerisporangium,25,52,0.01,0.0,33,26,32,0.0,0.04,96.97,0.962,1.04,1,1,-1,1,matched,Bacteria,
Taibaiella,94,251,0.04,0.02,33,8,6,0.0,0.01,18.18,11.75,0.085,1,1,-1,1,matched,Bacteria,
Thermosphaera,4,19,0.0,0.0,33,4,2,0.0,0.01,6.06,1.0,1.0,1,1,-1,1,matched,Archaea,
Marvinbryantia,154,269,0.06,0.02,33,3,4,0.0,0.0,12.12,51.333,0.019,1,1,-1,1,matched,Bacteria,
Alkalibacterium,16,45,0.01,0.0,33,13,15,0.0,0.02,45.45,1.231,0.812,1,1,-1,1,matched,Bacteria,
Amphritea,10,46,0.0,0.0,33,9,14,0.0,0.01,42.42,1.111,0.9,1,1,-1,1,matched,Bacteria,
Mucinivorans,5,7,0.0,0.0,33,2,1,0.0,0.0,3.03,2.5,0.4,1,1,-1,1,matched,Bacteria,
Rufibacter,13,52,0.0,0.0,32,16,32,0.0,0.02,100.0,0.812,1.231,1,1,-1,1,matched,Bacteria,
Schleiferilactobacillus,1,1,0.0,0.0,32,3,15,0.0,0.0,46.88,0.333,3.0,1,1,-1,1,matched,Bacteria,
Marinicaulis,14,45,0.01,0.0,32,3,3,0.0,0.0,9.38,4.667,0.214,1,1,-1,1,matched,Bacteria,
Thermodesulfobacterium,9,102,0.0,0.01,32,10,7,0.0,0.01,21.88,0.9,1.111,1,1,-1,1,matched,Bacteria,
Ruminobacter,28,74,0.01,0.01,32,4,2,0.0,0.01,6.25,7.0,0.143,1,1,-1,1,matched,Bacteria,
Thiomicrospira,15,304,0.01,0.03,32,13,10,0.0,0.02,31.25,1.154,0.867,1,1,-1,1,matched,Bacteria,
Pelagibacterium,27,104,0.01,0.01,32,20,17,0.0,0.03,53.12,1.35,0.741,1,1,-1,1,matched,Bacteria,
Nisaea,6,21,0.0,0.0,32,6,4,0.0,0.01,12.5,1.0,1.0,1,1,-1,1,matched,Bacteria,
Robiginitalea,27,138,0.01,0.01,32,11,10,0.0,0.02,31.25,2.455,0.407,1,1,-1,1,matched,Bacteria,
Lishizhenia,3,28,0.0,0.0,32,3,1,0.0,0.0,3.12,1.0,1.0,1,1,-1,1,matched,Bacteria,
Parvularcula,15,44,0.01,0.0,32,12,10,0.0,0.02,31.25,1.25,0.8,1,1,-1,1,matched,Bacteria,
Nodosilinea,17,169,0.01,0.01,32,18,10,0.0,0.02,31.25,0.944,1.059,1,1,-1,1,matched,Bacteria,
Runella,24,115,0.01,0.01,32,11,10,0.0,0.02,31.25,2.182,0.458,1,1,-1,1,matched,Bacteria,
Streptacidiphilus,18,220,0.01,0.02,32,26,32,0.0,0.04,100.0,0.692,1.444,1,1,-1,1,matched,Bacteria,
Reichenbachiella,25,48,0.01,0.0,32,10,10,0.0,0.01,31.25,2.5,0.4,1,1,-1,1,matched,Bacteria,
Scardovia,4,7,0.0,0.0,32,3,12,0.0,0.0,37.5,1.333,0.75,1,1,-1,1,matched,Bacteria,
Guyparkeria,5,19,0.0,0.0,32,12,13,0.0,0.02,40.62,0.417,2.4,1,1,-1,1,matched,Bacteria,
Gracilibacillus,18,49,0.01,0.0,32,26,30,0.0,0.04,93.75,0.692,1.444,1,1,-1,1,matched,Bacteria,
Cryptobacterium,1,5,0.0,0.0,32,4,1,0.0,0.01,3.12,0.25,4.0,1,1,-1,1,matched,Bacteria,
Thalassobius,24,62,0.01,0.01,32,13,16,0.0,0.02,50.0,1.846,0.542,0,1,0,1,matched,Bacteria,
Youngimonas,1,1,0.0,0.0,32,13,16,0.0,0.02,50.0,0.077,13.0,0,1,0,1,matched,Bacteria,
Saccharomonospora,21,85,0.01,0.01,32,17,26,0.0,0.02,81.25,1.235,0.81,1,1,-1,1,matched,Bacteria,
Oleispira,22,135,0.01,0.01,32,4,1,0.0,0.01,3.12,5.5,0.182,1,1,-1,1,matched,Bacteria,
Roseitalea,7,21,0.0,0.0,32,6,4,0.0,0.01,12.5,1.167,0.857,1,1,-1,1,matched,Bacteria,
Actinokineospora,10,38,0.0,0.0,32,21,30,0.0,0.03,93.75,0.476,2.1,1,1,-1,1,matched,Bacteria,
Salinisphaera,37,84,0.01,0.01,32,19,19,0.0,0.03,59.38,1.947,0.514,1,1,-1,1,matched,Bacteria,
Olleya,9,31,0.0,0.0,32,18,21,0.0,0.02,65.62,0.5,2.0,1,1,-1,1,matched,Bacteria,
Desulfomicrobium,46,410,0.02,0.03,31,10,7,0.0,0.01,22.58,4.6,0.217,1,1,-1,1,matched,Bacteria,
Vogesella,21,107,0.01,0.01,31,19,25,0.0,0.03,80.65,1.105,0.905,1,1,-1,1,matched,Bacteria,
Azospira,28,106,0.01,0.01,31,8,10,0.0,0.01,32.26,3.5,0.286,1,1,-1,1,matched,Bacteria,
Orientia,12,40,0.0,0.0,31,2,31,0.0,0.0,100.0,6.0,0.167,1,1,-1,1,matched,Bacteria,
Nevskia,24,140,0.01,0.01,31,4,3,0.0,0.01,9.68,6.0,0.167,1,1,-1,1,matched,Bacteria,
Lentimonas,60,561,0.02,0.05,31,8,8,0.0,0.01,25.81,7.5,0.133,1,1,-1,1,matched,Bacteria,
Allorhizobium,5,14,0.0,0.0,31,12,17,0.0,0.02,54.84,0.417,2.4,1,1,-1,1,matched,Bacteria,
Mycetocola,6,39,0.0,0.0,31,14,20,0.0,0.02,64.52,0.429,2.333,1,1,-1,1,matched,Bacteria,
Halorhodospira,22,64,0.01,0.01,31,11,16,0.0,0.02,51.61,2.0,0.5,1,1,-1,1,matched,Bacteria,
Neomegalonema,2,9,0.0,0.0,31,3,1,0.0,0.0,3.23,0.667,1.5,1,1,-1,1,matched,Bacteria,
Thermoactinomyces,11,32,0.0,0.0,31,19,29,0.0,0.03,93.55,0.579,1.727,1,1,-1,1,matched,Bacteria,
Fimbriimonas,16,42,0.01,0.0,30,3,1,0.0,0.0,3.33,5.333,0.188,1,1,-1,1,matched,Bacteria,
Rosenbergiella,9,12,0.0,0.0,30,7,29,0.0,0.01,96.67,1.286,0.778,1,1,-1,1,matched,Bacteria,
Defluviicoccus,81,267,0.03,0.02,30,5,1,0.0,0.01,3.33,16.2,0.062,1,1,-1,1,matched,Bacteria,
Sphaerospermopsis,3,29,0.0,0.0,30,11,10,0.0,0.02,33.33,0.273,3.667,1,1,-1,1,matched,Bacteria,
Magnetovibrio,31,100,0.01,0.01,30,4,0,0.0,0.01,0.0,7.75,0.129,1,1,-1,1,matched,Bacteria,
Trichodesmium,5,50,0.0,0.0,30,26,1,0.0,0.04,3.33,0.192,5.2,1,1,-1,1,matched,Bacteria,
Oligella,4,27,0.0,0.0,30,6,19,0.0,0.01,63.33,0.667,1.5,1,1,-1,1,matched,Bacteria,
Pigmentiphaga,5,50,0.0,0.0,30,15,16,0.0,0.02,53.33,0.333,3.0,1,1,-1,1,matched,Bacteria,
Tolumonas,13,66,0.0,0.01,30,5,3,0.0,0.01,10.0,2.6,0.385,1,1,-1,1,matched,Bacteria,
Facklamia,22,47,0.01,0.0,30,9,16,0.0,0.01,53.33,2.444,0.409,1,1,-1,1,matched,Bacteria,
Prauserella,8,24,0.0,0.0,30,18,30,0.0,0.02,100.0,0.444,2.25,1,1,-1,1,matched,Bacteria,
Zunongwangia,12,48,0.0,0.0,30,12,12,0.0,0.02,40.0,1.0,1.0,1,1,-1,1,matched,Bacteria,
Sinomonas,9,66,0.0,0.01,30,19,27,0.0,0.03,90.0,0.474,2.111,1,1,-1,1,matched,Bacteria,
Paenisporosarcina,9,76,0.0,0.01,30,12,13,0.0,0.02,43.33,0.75,1.333,1,1,-1,1,matched,Bacteria,
Mariniflexile,6,33,0.0,0.0,30,17,20,0.0,0.02,66.67,0.353,2.833,1,1,-1,1,matched,Bacteria,
Herbiconiux,2,5,0.0,0.0,30,23,26,0.0,0.03,86.67,0.087,11.5,1,1,-1,1,matched,Bacteria,
Amaricoccus,29,73,0.01,0.01,30,7,5,0.0,0.01,16.67,4.143,0.241,1,1,-1,1,matched,Bacteria,
Haladaptatus,15,48,0.01,0.0,29,25,28,0.0,0.03,96.55,0.6,1.667,1,1,-1,1,matched,Archaea,
Frisingicoccus,21,42,0.01,0.0,29,2,2,0.0,0.0,6.9,10.5,0.095,1,1,-1,1,matched,Bacteria,
Pannonibacter,8,41,0.0,0.0,29,12,20,0.0,0.02,68.97,0.667,1.5,1,1,-1,1,matched,Bacteria,
Thermosipho,9,87,0.0,0.01,29,13,20,0.0,0.02,68.97,0.692,1.444,1,0,0,1,matched,Bacteria,
Tistrella,14,48,0.01,0.0,29,5,24,0.0,0.01,82.76,2.8,0.357,1,1,-1,1,matched,Bacteria,
Xanthomarina,4,8,0.0,0.0,29,7,5,0.0,0.01,17.24,0.571,1.75,1,1,-1,1,matched,Bacteria,
Marinilactibacillus,10,43,0.0,0.0,29,7,29,0.0,0.01,100.0,1.429,0.7,1,1,-1,1,matched,Bacteria,
Telluria,2,2,0.0,0.0,29,8,9,0.0,0.01,31.03,0.25,4.0,1,1,-1,1,matched,Bacteria,
Thermoanaerobacterium,12,54,0.0,0.0,29,11,23,0.0,0.02,79.31,1.091,0.917,1,1,-1,1,matched,Bacteria,
Robinsoniella,17,33,0.01,0.0,29,5,6,0.0,0.01,20.69,3.4,0.294,1,1,-1,1,matched,Bacteria,
Chelatococcus,11,66,0.0,0.01,29,15,22,0.0,0.02,75.86,0.733,1.364,1,1,-1,1,matched,Bacteria,
Paeniglutamicibacter,5,10,0.0,0.0,29,15,26,0.0,0.02,89.66,0.333,3.0,1,1,-1,1,matched,Bacteria,
Kaistia,16,74,0.01,0.01,29,16,19,0.0,0.02,65.52,1.0,1.0,1,1,-1,1,matched,Bacteria,
Johnsonella,15,41,0.01,0.0,28,3,1,0.0,0.0,3.57,5.0,0.2,1,1,-1,1,matched,Bacteria,
Hydrogenovibrio,2,4,0.0,0.0,28,14,10,0.0,0.02,35.71,0.143,7.0,1,1,-1,1,matched,Bacteria,
Zobellia,7,22,0.0,0.0,28,14,26,0.0,0.02,92.86,0.5,2.0,1,1,-1,1,matched,Bacteria,
Propioniciclava,34,82,0.01,0.01,28,9,11,0.0,0.01,39.29,3.778,0.265,1,1,-1,1,matched,Bacteria,
Anaerorhabdus,1,2,0.0,0.0,28,2,1,0.0,0.0,3.57,0.5,2.0,1,1,-1,1,matched,Bacteria,
Desulfuromusa,40,176,0.02,0.01,28,3,1,0.0,0.0,3.57,13.333,0.075,1,1,-1,1,matched,Bacteria,
Lacibacter,9,101,0.0,0.01,28,8,6,0.0,0.01,21.43,1.125,0.889,1,1,-1,1,matched,Bacteria,
Oceanococcus,7,15,0.0,0.0,28,4,1,0.0,0.01,3.57,1.75,0.571,1,1,-1,1,matched,Bacteria,
Gilvibacter,7,13,0.0,0.0,28,3,2,0.0,0.0,7.14,2.333,0.429,1,1,-1,1,matched,Bacteria,
Desulfofustis,14,48,0.01,0.0,28,5,2,0.0,0.01,7.14,2.8,0.357,1,1,-1,1,matched,Bacteria,
Arcicella,20,142,0.01,0.01,28,11,11,0.0,0.02,39.29,1.818,0.55,1,1,-1,1,matched,Bacteria,
Gelidibacter,14,36,0.01,0.0,28,12,13,0.0,0.02,46.43,1.167,0.857,1,1,-1,1,matched,Bacteria,
Bermanella,4,7,0.0,0.0,28,7,5,0.0,0.01,17.86,0.571,1.75,1,1,-1,1,matched,Bacteria,
Winkia,1,7,0.0,0.0,28,14,20,0.0,0.02,71.43,0.071,14.0,1,1,-1,1,matched,Bacteria,
Ferrimonas,18,44,0.01,0.0,28,15,24,0.0,0.02,85.71,1.2,0.833,1,1,-1,1,matched,Bacteria,
Saccharicrinis,3,8,0.0,0.0,28,9,8,0.0,0.01,28.57,0.333,3.0,1,1,-1,1,matched,Bacteria,
Caldivirga,5,12,0.0,0.0,28,7,2,0.0,0.01,7.14,0.714,1.4,1,1,-1,1,matched,Archaea,
Aureispira,32,119,0.01,0.01,28,5,4,0.0,0.01,14.29,6.4,0.156,1,1,-1,1,matched,Bacteria,
Verminephrobacter,6,38,0.0,0.0,28,5,24,0.0,0.01,85.71,1.2,0.833,1,1,-1,1,matched,Bacteria,
Caldimicrobium,27,114,0.01,0.01,28,3,1,0.0,0.0,3.57,9.0,0.111,1,1,-1,1,matched,Bacteria,
Melissococcus,1,22,0.0,0.0,28,2,26,0.0,0.0,92.86,0.5,2.0,1,1,-1,1,matched,Bacteria,
Rouxiella,1,6,0.0,0.0,28,9,24,0.0,0.01,85.71,0.111,9.0,1,1,-1,1,matched,Bacteria,
Stappia,12,40,0.0,0.0,28,16,21,0.0,0.02,75.0,0.75,1.333,1,1,-1,1,matched,Bacteria,
Allisonella,4,36,0.0,0.0,27,2,5,0.0,0.0,18.52,2.0,0.5,1,1,-1,1,matched,Bacteria,
Petrotoga,7,44,0.0,0.0,27,19,17,0.0,0.03,62.96,0.368,2.714,1,1,-1,1,matched,Bacteria,
Hydrogenoanaerobacterium,24,63,0.01,0.01,27,3,3,0.0,0.0,11.11,8.0,0.125,1,1,-1,1,matched,Bacteria,
Pedococcus,2,29,0.0,0.0,27,10,10,0.0,0.01,37.04,0.2,5.0,1,1,-1,1,matched,Bacteria,
Paenalcaligenes,7,20,0.0,0.0,27,8,12,0.0,0.01,44.44,0.875,1.143,1,1,-1,1,matched,Bacteria,
Algimonas,5,29,0.0,0.0,27,4,5,0.0,0.01,18.52,1.25,0.8,1,1,-1,1,matched,Bacteria,
Haloplanus,21,83,0.01,0.01,27,16,21,0.0,0.02,77.78,1.312,0.762,1,1,-1,1,matched,Archaea,
Collimonas,4,98,0.0,0.01,27,15,19,0.0,0.02,70.37,0.267,3.75,1,1,-1,1,matched,Bacteria,
Auritidibacter,2,5,0.0,0.0,27,6,16,0.0,0.01,59.26,0.333,3.0,1,1,-1,1,matched,Bacteria,
Yaniella,4,12,0.0,0.0,27,5,2,0.0,0.01,7.41,0.8,1.25,1,1,-1,1,matched,Bacteria,
Actinophytocola,28,65,0.01,0.01,27,8,9,0.0,0.01,33.33,3.5,0.286,1,1,-1,1,matched,Bacteria,
Oceanisphaera,16,55,0.01,0.0,27,14,13,0.0,0.02,48.15,1.143,0.875,1,1,-1,1,matched,Bacteria,
Terrabacter,8,51,0.0,0.0,27,22,22,0.0,0.03,81.48,0.364,2.75,1,1,-1,1,matched,Bacteria,
Crocosphaera,1,17,0.0,0.0,27,7,17,0.0,0.01,62.96,0.143,7.0,1,1,-1,1,matched,Bacteria,
Catellatospora,6,28,0.0,0.0,27,16,27,0.0,0.02,100.0,0.375,2.667,1,1,-1,1,matched,Bacteria,
Ectothiorhodospira,10,27,0.0,0.0,27,12,22,0.0,0.02,81.48,0.833,1.2,1,1,-1,1,matched,Bacteria,
Bellilinea,17,115,0.01,0.01,27,3,2,0.0,0.0,7.41,5.667,0.176,1,1,-1,1,matched,Bacteria,
Lacinutrix,12,48,0.0,0.0,27,16,14,0.0,0.02,51.85,0.75,1.333,1,1,-1,1,matched,Bacteria,
Prosthecochloris,2,3,0.0,0.0,27,13,14,0.0,0.02,51.85,0.154,6.5,1,1,-1,1,matched,Bacteria,
Knoellia,9,40,0.0,0.0,27,21,22,0.0,0.03,81.48,0.429,2.333,1,1,-1,1,matched,Bacteria,
Fermentimonas,59,167,0.02,0.01,27,2,1,0.0,0.0,3.7,29.5,0.034,1,1,-1,1,matched,Bacteria,
Sphaerotilus,27,140,0.01,0.01,27,10,13,0.0,0.01,48.15,2.7,0.37,1,1,-1,1,matched,Bacteria,
Bombilactobacillus,6,14,0.0,0.0,26,7,18,0.0,0.01,69.23,0.857,1.167,1,1,-1,1,matched,Bacteria,
Advenella,8,62,0.0,0.01,26,12,13,0.0,0.02,50.0,0.667,1.5,1,1,-1,1,matched,Bacteria,
Sulfuriferula,33,85,0.01,0.01,26,7,7,0.0,0.01,26.92,4.714,0.212,1,1,-1,1,matched,Bacteria,
Lentibacillus,17,31,0.01,0.0,26,23,24,0.0,0.03,92.31,0.739,1.353,1,1,-1,1,matched,Bacteria,
Turneriella,42,124,0.02,0.01,26,3,1,0.0,0.0,3.85,14.0,0.071,1,1,-1,1,matched,Bacteria,
Arthrospira,8,43,0.0,0.0,26,9,21,0.0,0.01,80.77,0.889,1.125,1,1,-1,1,matched,Bacteria,
Desulfotomaculum,52,113,0.02,0.01,26,11,7,0.0,0.02,26.92,4.727,0.212,1,1,-1,1,matched,Bacteria,
Cyclobacterium,17,136,0.01,0.01,26,13,16,0.0,0.02,61.54,1.308,0.765,1,1,-1,1,matched,Bacteria,
Nioella,11,35,0.0,0.0,26,6,4,0.0,0.01,15.38,1.833,0.545,1,1,-1,1,matched,Bacteria,
Desulfitobacterium,51,111,0.02,0.01,26,12,17,0.0,0.02,65.38,4.25,0.235,1,1,-1,1,matched,Bacteria,
Gloeomargarita,1,16,0.0,0.0,26,26,1,0.0,0.04,3.85,0.038,26.0,1,1,-1,1,matched,Bacteria,
Marivirga,20,137,0.01,0.01,26,11,13,0.0,0.02,50.0,1.818,0.55,1,1,-1,1,matched,Bacteria,
Marinicella,30,143,0.01,0.01,26,10,12,0.0,0.01,46.15,3.0,0.333,1,1,-1,1,matched,Bacteria,
Desulfonatronovibrio,4,12,0.0,0.0,26,4,2,0.0,0.01,7.69,1.0,1.0,1,1,-1,1,matched,Bacteria,
Psychrosphaera,2,4,0.0,0.0,26,12,15,0.0,0.02,57.69,0.167,6.0,1,1,-1,1,matched,Bacteria,
Rugosibacter,1,5,0.0,0.0,26,2,1,0.0,0.0,3.85,0.5,2.0,1,1,-1,1,matched,Bacteria,
Sandaracinus,78,237,0.03,0.02,26,3,2,0.0,0.0,7.69,26.0,0.038,1,1,-1,1,matched,Bacteria,
Dellaglioa,1,1,0.0,0.0,26,3,26,0.0,0.0,100.0,0.333,3.0,1,1,-1,1,matched,Bacteria,
Lapillicoccus,12,462,0.0,0.04,26,2,2,0.0,0.0,7.69,6.0,0.167,1,1,-1,1,matched,Bacteria,
Caldibacillus,9,53,0.0,0.0,26,6,20,0.0,0.01,76.92,1.5,0.667,1,1,-1,1,matched,Bacteria,
Pseudogracilibacillus,12,21,0.0,0.0,26,8,7,0.0,0.01,26.92,1.5,0.667,1,1,-1,1,matched,Bacteria,
Acidiplasma,2,6,0.0,0.0,26,4,5,0.0,0.01,19.23,0.5,2.0,1,1,-1,1,matched,Archaea,
Hydrogenobacter,14,86,0.01,0.01,26,8,7,0.0,0.01,26.92,1.75,0.571,1,1,-1,1,matched,Bacteria,
Pseudorhodoplanes,10,69,0.0,0.01,26,3,2,0.0,0.0,7.69,3.333,0.3,1,1,-1,1,matched,Bacteria,
Sporomusa,36,119,0.01,0.01,25,13,17,0.0,0.02,68.0,2.769,0.361,1,1,-1,1,matched,Bacteria,
Nitrobacter,7,26,0.0,0.0,25,9,9,0.0,0.01,36.0,0.778,1.286,1,1,-1,1,matched,Bacteria,
Herbinix,30,71,0.01,0.01,25,6,5,0.0,0.01,20.0,5.0,0.2,1,1,-1,1,matched,Bacteria,
Martelella,11,44,0.0,0.0,25,14,18,0.0,0.02,72.0,0.786,1.273,1,1,-1,1,matched,Bacteria,
Sinimarinibacterium,1,1,0.0,0.0,25,5,6,0.0,0.01,24.0,0.2,5.0,1,1,-1,1,matched,Bacteria,
Roseiflexus,29,160,0.01,0.01,25,5,3,0.0,0.01,12.0,5.8,0.172,1,1,-1,1,matched,Bacteria,
Tepidanaerobacter,32,108,0.01,0.01,25,9,6,0.0,0.01,24.0,3.556,0.281,1,1,-1,1,matched,Bacteria,
Gemmata,211,614,0.08,0.05,25,7,10,0.0,0.01,40.0,30.143,0.033,1,1,-1,1,matched,Bacteria,
Bizionia,14,38,0.01,0.0,25,15,13,0.0,0.02,52.0,0.933,1.071,1,1,-1,1,matched,Bacteria,
Actinosynnema,4,52,0.0,0.0,25,19,25,0.0,0.03,100.0,0.211,4.75,1,1,-1,1,matched,Bacteria,
Niameybacter,1,10,0.0,0.0,25,4,1,0.0,0.01,4.0,0.25,4.0,1,1,-1,1,matched,Bacteria,
Sorangium,33,184,0.01,0.02,25,5,15,0.0,0.01,60.0,6.6,0.152,1,1,-1,1,matched,Bacteria,
Alishewanella,15,49,0.01,0.0,25,14,11,0.0,0.02,44.0,1.071,0.933,1,1,-1,1,matched,Bacteria,
Silicimonas,18,34,0.01,0.0,25,4,3,0.0,0.01,12.0,4.5,0.222,1,1,-1,1,matched,Bacteria,
Rhodobaca,5,47,0.0,0.0,25,10,13,0.0,0.01,52.0,0.5,2.0,0,1,0,1,matched,Bacteria,
Croceitalea,12,20,0.0,0.0,25,10,8,0.0,0.01,32.0,1.2,0.833,1,1,-1,1,matched,Bacteria,
Roseibaca,8,14,0.0,0.0,25,10,13,0.0,0.01,52.0,0.8,1.25,0,1,0,1,matched,Bacteria,
Kineococcus,12,66,0.0,0.01,25,21,25,0.0,0.03,100.0,0.571,1.75,1,1,-1,1,matched,Bacteria,
Dehalobacter,24,63,0.01,0.01,25,15,15,0.0,0.02,60.0,1.6,0.625,1,1,-1,1,matched,Bacteria,
Roseinatronobacter,1,1,0.0,0.0,25,10,13,0.0,0.01,52.0,0.1,10.0,1,1,-1,1,matched,Bacteria,
Rickettsiella,31,154,0.01,0.01,25,13,11,0.0,0.02,44.0,2.385,0.419,1,1,-1,1,matched,Bacteria,
Coraliomargarita,31,117,0.01,0.01,25,8,4,0.0,0.01,16.0,3.875,0.258,1,1,-1,1,matched,Bacteria,
Spirillospora,3,4,0.0,0.0,25,23,22,0.0,0.03,88.0,0.13,7.667,1,1,-1,1,matched,Bacteria,
Atopostipes,32,70,0.01,0.01,25,4,1,0.0,0.01,4.0,8.0,0.125,1,1,-1,1,matched,Bacteria,
Defluviitoga,12,106,0.0,0.01,24,2,1,0.0,0.0,4.17,6.0,0.167,1,1,-1,1,matched,Bacteria,
Kerstersia,9,37,0.0,0.0,24,2,21,0.0,0.0,87.5,4.5,0.222,1,1,-1,1,matched,Bacteria,
Plantactinospora,12,54,0.0,0.0,24,20,24,0.0,0.03,100.0,0.6,1.667,1,1,-1,1,matched,Bacteria,
Solimonas,12,40,0.0,0.0,24,11,9,0.0,0.02,37.5,1.091,0.917,1,1,-1,1,matched,Bacteria,
Proteiniclasticum,34,144,0.01,0.01,24,7,7,0.0,0.01,29.17,4.857,0.206,1,1,-1,1,matched,Bacteria,
Nitrosovibrio,2,2,0.0,0.0,24,4,5,0.0,0.01,20.83,0.5,2.0,1,1,-1,1,matched,Bacteria,
Aquitalea,6,51,0.0,0.0,24,16,15,0.0,0.02,62.5,0.375,2.667,1,1,-1,1,matched,Bacteria,
Labilithrix,5,13,0.0,0.0,24,3,1,0.0,0.0,4.17,1.667,0.6,1,1,-1,1,matched,Bacteria,
Terrimonas,158,831,0.06,0.07,24,7,6,0.0,0.01,25.0,22.571,0.044,1,1,-1,1,matched,Bacteria,
Aquamicrobium,20,129,0.01,0.01,24,11,13,0.0,0.02,54.17,1.818,0.55,1,1,-1,1,matched,Bacteria,
Halorussus,34,58,0.01,0.0,24,20,24,0.0,0.03,100.0,1.7,0.588,1,1,-1,1,matched,Archaea,
Blastopirellula,629,2154,0.24,0.18,24,7,10,0.0,0.01,41.67,89.857,0.011,1,1,-1,1,matched,Bacteria,
Tatumella,7,49,0.0,0.0,24,17,22,0.0,0.02,91.67,0.412,2.429,1,1,-1,1,matched,Bacteria,
Lawsonella,42,207,0.02,0.02,24,3,4,0.0,0.0,16.67,14.0,0.071,1,1,-1,1,matched,Bacteria,
Halobaculum,8,26,0.0,0.0,24,16,20,0.0,0.02,83.33,0.5,2.0,1,1,-1,1,matched,Archaea,
Pararhizobium,6,18,0.0,0.0,24,15,13,0.0,0.02,54.17,0.4,2.5,1,1,-1,1,matched,Bacteria,
Rhizorhabdus,1,26,0.0,0.0,24,6,13,0.0,0.01,54.17,0.167,6.0,1,1,-1,1,matched,Bacteria,
Arsenicicoccus,3,12,0.0,0.0,24,10,11,0.0,0.01,45.83,0.3,3.333,1,1,-1,1,matched,Bacteria,
Alkaliphilus,63,123,0.02,0.01,24,14,11,0.0,0.02,45.83,4.5,0.222,1,1,-1,1,matched,Bacteria,
Halolamina,29,191,0.01,0.02,24,9,12,0.0,0.01,50.0,3.222,0.31,1,1,-1,1,matched,Archaea,
Methanohalophilus,6,72,0.0,0.01,23,12,16,0.0,0.02,69.57,0.5,2.0,1,1,-1,1,matched,Archaea,
Thermobifida,16,51,0.01,0.0,23,6,13,0.0,0.01,56.52,2.667,0.375,1,1,-1,1,matched,Bacteria,
Actibacterium,18,40,0.01,0.0,23,13,11,0.0,0.02,47.83,1.385,0.722,1,1,-1,1,matched,Bacteria,
Elioraea,4,80,0.0,0.01,23,7,5,0.0,0.01,21.74,0.571,1.75,1,1,-1,1,matched,Bacteria,
Alsobacter,6,125,0.0,0.01,23,6,4,0.0,0.01,17.39,1.0,1.0,1,1,-1,1,matched,Bacteria,
Pyrococcus,3,29,0.0,0.0,23,8,21,0.0,0.01,91.3,0.375,2.667,1,1,-1,1,matched,Archaea,
Malaciobacter,17,90,0.01,0.01,23,6,20,0.0,0.01,86.96,2.833,0.353,1,1,-1,1,matched,Bacteria,
Luteococcus,10,20,0.0,0.0,23,10,12,0.0,0.01,52.17,1.0,1.0,1,1,-1,1,matched,Bacteria,
Haloferula,32,92,0.01,0.01,23,9,8,0.0,0.01,34.78,3.556,0.281,1,1,-1,1,matched,Bacteria,
Stakelama,3,5,0.0,0.0,23,6,7,0.0,0.01,30.43,0.5,2.0,1,1,-1,1,matched,Bacteria,
Bombella,2,2,0.0,0.0,23,14,17,0.0,0.02,73.91,0.143,7.0,1,1,-1,1,matched,Bacteria,
Ktedonobacter,29,118,0.01,0.01,23,12,4,0.0,0.02,17.39,2.417,0.414,1,1,-1,1,matched,Bacteria,
Rubritalea,45,158,0.02,0.01,23,8,8,0.0,0.01,34.78,5.625,0.178,1,1,-1,1,matched,Bacteria,
Tangfeifania,22,57,0.01,0.0,23,3,1,0.0,0.0,4.35,7.333,0.136,1,1,-1,1,matched,Bacteria,
Thermomicrobium,9,125,0.0,0.01,23,5,3,0.0,0.01,13.04,1.8,0.556,1,1,-1,1,matched,Bacteria,
Rhodomicrobium,57,416,0.02,0.03,23,7,9,0.0,0.01,39.13,8.143,0.123,1,1,-1,1,matched,Bacteria,
Thiomargarita,8,17,0.0,0.0,23,3,1,0.0,0.0,4.35,2.667,0.375,1,1,-1,1,matched,Bacteria,
Crocinitomix,70,337,0.03,0.03,23,5,5,0.0,0.01,21.74,14.0,0.071,1,1,-1,1,matched,Bacteria,
Methylomarinum,9,12,0.0,0.0,23,4,2,0.0,0.01,8.7,2.25,0.444,1,1,-1,1,matched,Bacteria,
Anaerofustis,41,98,0.02,0.01,22,5,10,0.0,0.01,45.45,8.2,0.122,1,1,-1,1,matched,Bacteria,
Polymorphobacter,15,149,0.01,0.01,22,8,9,0.0,0.01,40.91,1.875,0.533,1,1,-1,1,matched,Bacteria,
Anaerofilum,11,37,0.0,0.0,22,6,2,0.0,0.01,9.09,1.833,0.545,1,1,-1,1,matched,Bacteria,
Methyloprofundus,24,175,0.01,0.01,22,2,1,0.0,0.0,4.55,12.0,0.083,1,1,-1,1,matched,Bacteria,
Dethiobacter,76,179,0.03,0.01,22,3,2,0.0,0.0,9.09,25.333,0.039,1,1,-1,1,matched,Bacteria,
Truepera,189,620,0.07,0.05,22,4,2,0.0,0.01,9.09,47.25,0.021,1,1,-1,1,matched,Bacteria,
Saccharospirillum,9,78,0.0,0.01,22,8,11,0.0,0.01,50.0,1.125,0.889,1,1,-1,1,matched,Bacteria,
Trichormus,4,7,0.0,0.0,22,7,16,0.0,0.01,72.73,0.571,1.75,1,1,-1,1,matched,Bacteria,
Methanomethylovorans,9,107,0.0,0.01,22,5,1,0.0,0.01,4.55,1.8,0.556,1,1,-1,1,matched,Archaea,
Thiocapsa,8,50,0.0,0.0,22,14,7,0.0,0.02,31.82,0.571,1.75,1,1,-1,1,matched,Bacteria,
Agarivorans,8,45,0.0,0.0,22,17,22,0.0,0.02,100.0,0.471,2.125,1,1,-1,1,matched,Bacteria,
Rummeliibacillus,10,75,0.0,0.01,22,11,15,0.0,0.02,68.18,0.909,1.1,1,1,-1,1,matched,Bacteria,
Methylosinus,15,47,0.01,0.0,22,15,19,0.0,0.02,86.36,1.0,1.0,1,1,-1,1,matched,Bacteria,
Methanococcoides,17,97,0.01,0.01,22,12,14,0.0,0.02,63.64,1.417,0.706,1,1,-1,1,matched,Archaea,
Halodesulfurarchaeum,5,19,0.0,0.0,22,3,3,0.0,0.0,13.64,1.667,0.6,1,1,-1,1,matched,Archaea,
Amnibacterium,7,39,0.0,0.0,22,8,8,0.0,0.01,36.36,0.875,1.143,1,1,-1,1,matched,Bacteria,
Pelosinus,53,234,0.02,0.02,22,9,11,0.0,0.01,50.0,5.889,0.17,1,1,-1,1,matched,Bacteria,
Halovenus,24,46,0.01,0.0,22,6,8,0.0,0.01,36.36,4.0,0.25,1,1,-1,1,matched,Archaea,
Mangrovimonas,6,8,0.0,0.0,22,12,15,0.0,0.02,68.18,0.5,2.0,1,1,-1,1,matched,Bacteria,
Niastella,38,152,0.01,0.01,22,10,11,0.0,0.01,50.0,3.8,0.263,1,1,-1,1,matched,Bacteria,
Ezakiella,21,46,0.01,0.0,22,5,4,0.0,0.01,18.18,4.2,0.238,1,1,-1,1,matched,Bacteria,
Coprothermobacter,56,278,0.02,0.02,22,4,4,0.0,0.01,18.18,14.0,0.071,1,1,-1,1,matched,Bacteria,
Dongia,55,564,0.02,0.05,22,7,6,0.0,0.01,27.27,7.857,0.127,1,1,-1,1,matched,Bacteria,
Actinoallomurus,7,70,0.0,0.01,22,15,16,0.0,0.02,72.73,0.467,2.143,1,1,-1,1,matched,Bacteria,
Kytococcus,2,14,0.0,0.0,22,7,15,0.0,0.01,68.18,0.286,3.5,1,1,-1,1,matched,Bacteria,
Sanguibacter,14,97,0.01,0.01,22,14,16,0.0,0.02,72.73,1.0,1.0,1,1,-1,1,matched,Bacteria,
Polyangium,13,50,0.0,0.0,22,11,10,0.0,0.02,45.45,1.182,0.846,1,1,-1,1,matched,Bacteria,
Thermaerobacter,13,38,0.0,0.0,22,6,6,0.0,0.01,27.27,2.167,0.462,1,1,-1,1,matched,Bacteria,
Plasticicumulans,8,24,0.0,0.0,21,3,2,0.0,0.0,9.52,2.667,0.375,1,1,-1,1,matched,Bacteria,
Pseudorhizobium,1,1,0.0,0.0,21,8,13,0.0,0.01,61.9,0.125,8.0,1,1,-1,1,matched,Bacteria,
Silvibacterium,1,7,0.0,0.0,21,4,4,0.0,0.01,19.05,0.25,4.0,1,1,-1,1,matched,Bacteria,
Tropheryma,1,4,0.0,0.0,21,1,19,0.0,0.0,90.48,1.0,1.0,1,1,-1,1,matched,Bacteria,
Subtercola,6,20,0.0,0.0,21,10,18,0.0,0.01,85.71,0.6,1.667,1,1,-1,1,matched,Bacteria,
Aquimonas,15,82,0.01,0.01,21,3,1,0.0,0.0,4.76,5.0,0.2,1,1,-1,1,matched,Bacteria,
Desulfatitalea,23,81,0.01,0.01,21,6,2,0.0,0.01,9.52,3.833,0.261,1,1,-1,1,matched,Bacteria,
Desulfovermiculus,65,261,0.02,0.02,21,2,1,0.0,0.0,4.76,32.5,0.031,1,1,-1,1,matched,Bacteria,
Marinifilum,68,294,0.03,0.02,21,10,10,0.0,0.01,47.62,6.8,0.147,1,1,-1,1,matched,Bacteria,
Kutzneria,3,18,0.0,0.0,21,10,17,0.0,0.01,80.95,0.3,3.333,1,1,-1,1,matched,Bacteria,
Vitreoscilla,6,30,0.0,0.0,21,6,7,0.0,0.01,33.33,1.0,1.0,1,1,-1,1,matched,Bacteria,
Richelia,3,4,0.0,0.0,21,12,5,0.0,0.02,23.81,0.25,4.0,1,1,-1,1,matched,Bacteria,
Desulfonatronospira,6,13,0.0,0.0,21,3,1,0.0,0.0,4.76,2.0,0.5,1,1,-1,1,matched,Bacteria,
Kineosporia,20,169,0.01,0.01,21,14,16,0.0,0.02,76.19,1.429,0.7,1,1,-1,1,matched,Bacteria,
Flavitalea,22,66,0.01,0.01,21,3,2,0.0,0.0,9.52,7.333,0.136,1,1,-1,1,matched,Bacteria,
Methanomicrobium,25,69,0.01,0.01,21,4,3,0.0,0.01,14.29,6.25,0.16,1,1,-1,1,matched,Archaea,
Franconibacter,2,2,0.0,0.0,21,5,16,0.0,0.01,76.19,0.4,2.5,1,1,-1,1,matched,Bacteria,
Macellibacteroides,50,192,0.02,0.02,21,3,3,0.0,0.0,14.29,16.667,0.06,1,1,-1,1,matched,Bacteria,
Caproiciproducens,76,255,0.03,0.02,21,7,8,0.0,0.01,38.1,10.857,0.092,1,1,-1,1,matched,Bacteria,
Roseococcus,5,58,0.0,0.0,20,9,9,0.0,0.01,45.0,0.556,1.8,1,1,-1,1,matched,Bacteria,
Tolypothrix,11,83,0.0,0.01,20,14,16,0.0,0.02,80.0,0.786,1.273,1,1,-1,1,matched,Bacteria,
Paenirhodobacter,5,8,0.0,0.0,20,9,14,0.0,0.01,70.0,0.556,1.8,1,1,-1,1,matched,Bacteria,
Methanothermococcus,5,43,0.0,0.0,20,10,9,0.0,0.01,45.0,0.5,2.0,1,1,-1,1,matched,Archaea,
Aphanothece,5,8,0.0,0.0,20,8,6,0.0,0.01,30.0,0.625,1.6,1,1,-1,1,matched,Bacteria,
Oceanospirillum,24,62,0.01,0.01,20,8,9,0.0,0.01,45.0,3.0,0.333,1,1,-1,1,matched,Bacteria,
Methylovulum,11,35,0.0,0.0,20,3,4,0.0,0.0,20.0,3.667,0.273,1,1,-1,1,matched,Bacteria,
Desulfopila,46,110,0.02,0.01,20,6,4,0.0,0.01,20.0,7.667,0.13,1,1,-1,1,matched,Bacteria,
Scytonema,47,205,0.02,0.02,20,15,14,0.0,0.02,70.0,3.133,0.319,1,1,-1,1,matched,Bacteria,
Domibacillus,9,48,0.0,0.0,20,14,17,0.0,0.02,85.0,0.643,1.556,1,1,-1,1,matched,Bacteria,
Kordia,18,59,0.01,0.0,20,10,8,0.0,0.01,40.0,1.8,0.556,1,1,-1,1,matched,Bacteria,
Grimontia,3,31,0.0,0.0,20,9,20,0.0,0.01,100.0,0.333,3.0,1,1,-1,1,matched,Bacteria,
Leadbetterella,16,39,0.01,0.0,20,5,3,0.0,0.01,15.0,3.2,0.312,1,1,-1,1,matched,Bacteria,
Catenulispora,6,62,0.0,0.01,20,13,14,0.0,0.02,70.0,0.462,2.167,1,1,-1,1,matched,Bacteria,
Intrasporangium,9,42,0.0,0.0,20,8,8,0.0,0.01,40.0,1.125,0.889,1,1,-1,1,matched,Bacteria,
Telmatospirillum,30,156,0.01,0.01,20,4,2,0.0,0.01,10.0,7.5,0.133,1,1,-1,1,matched,Bacteria,
Uliginosibacterium,23,88,0.01,0.01,20,13,13,0.0,0.02,65.0,1.769,0.565,1,1,-1,1,matched,Bacteria,
Synergistes,9,17,0.0,0.0,20,5,7,0.0,0.01,35.0,1.8,0.556,1,1,-1,1,matched,Bacteria,
Bryobacter,520,1850,0.2,0.15,20,4,1,0.0,0.01,5.0,130.0,0.008,1,1,-1,1,matched,Bacteria,
Simplicispira,20,89,0.01,0.01,20,10,9,0.0,0.01,45.0,2.0,0.5,1,1,-1,1,matched,Bacteria,
Hydrocarboniphaga,10,58,0.0,0.0,20,4,2,0.0,0.01,10.0,2.5,0.4,1,1,-1,1,matched,Bacteria,
Phormidesmis,19,99,0.01,0.01,20,8,4,0.0,0.01,20.0,2.375,0.421,1,1,-1,1,matched,Bacteria,
Sinirhodobacter,1,9,0.0,0.0,20,9,14,0.0,0.01,70.0,0.111,9.0,0,1,0,1,matched,Bacteria,
Oscillatoria,27,82,0.01,0.01,20,19,10,0.0,0.03,50.0,1.421,0.704,1,1,-1,1,matched,Bacteria,
Anaeroglobus,1,4,0.0,0.0,20,4,2,0.0,0.01,10.0,0.25,4.0,1,1,-1,1,matched,Bacteria,
Acidianus,10,51,0.0,0.0,20,10,11,0.0,0.01,55.0,1.0,1.0,1,1,-1,1,matched,Archaea,
Sunxiuqinia,19,50,0.01,0.0,19,5,5,0.0,0.01,26.32,3.8,0.263,1,1,-1,1,matched,Bacteria,
Algiphilus,6,20,0.0,0.0,19,3,2,0.0,0.0,10.53,2.0,0.5,1,1,-1,1,matched,Bacteria,
Embleya,1,11,0.0,0.0,19,18,19,0.0,0.02,100.0,0.056,18.0,1,1,-1,1,matched,Bacteria,
Sulfurihydrogenibium,19,240,0.01,0.02,19,5,4,0.0,0.01,21.05,3.8,0.263,1,1,-1,1,matched,Bacteria,
Holophaga,21,129,0.01,0.01,19,3,1,0.0,0.0,5.26,7.0,0.143,1,1,-1,1,matched,Bacteria,
Hydrogenimonas,22,70,0.01,0.01,19,5,7,0.0,0.01,36.84,4.4,0.227,1,1,-1,1,matched,Bacteria,
Mycoavidus,1,5,0.0,0.0,19,4,5,0.0,0.01,26.32,0.25,4.0,1,1,-1,1,matched,Bacteria,
Modicisalibacter,1,3,0.0,0.0,19,11,18,0.0,0.02,94.74,0.091,11.0,1,1,-1,1,matched,Bacteria,
Xylophilus,3,120,0.0,0.01,19,9,10,0.0,0.01,52.63,0.333,3.0,1,0,0,1,matched,Bacteria,
Ahrensia,5,16,0.0,0.0,19,7,7,0.0,0.01,36.84,0.714,1.4,1,1,-1,1,matched,Bacteria,
Planktotalea,14,75,0.01,0.01,19,4,4,0.0,0.01,21.05,3.5,0.286,1,1,-1,1,matched,Bacteria,
Emcibacter,4,11,0.0,0.0,19,3,3,0.0,0.0,15.79,1.333,0.75,1,1,-1,1,matched,Bacteria,
Cognatishimia,10,19,0.0,0.0,19,10,11,0.0,0.01,57.89,1.0,1.0,1,1,-1,1,matched,Bacteria,
Defluviimonas,29,107,0.01,0.01,19,11,9,0.0,0.02,47.37,2.636,0.379,1,1,-1,1,matched,Bacteria,
Desulfosalsimonas,7,20,0.0,0.0,19,2,1,0.0,0.0,5.26,3.5,0.286,1,1,-1,1,matched,Bacteria,
Euzebya,5,22,0.0,0.0,19,4,3,0.0,0.01,15.79,1.25,0.8,1,1,-1,1,matched,Bacteria,
Saccharibacillus,7,21,0.0,0.0,19,13,18,0.0,0.02,94.74,0.538,1.857,1,1,-1,1,matched,Bacteria,
Aliidiomarina,25,62,0.01,0.01,19,15,15,0.0,0.02,78.95,1.667,0.6,1,1,-1,1,matched,Bacteria,
Oricola,2,3,0.0,0.0,19,5,5,0.0,0.01,26.32,0.4,2.5,1,1,-1,1,matched,Bacteria,
Leptothrix,36,395,0.01,0.03,19,4,3,0.0,0.01,15.79,9.0,0.111,1,0,0,1,matched,Bacteria,
Methylacidiphilum,1,10,0.0,0.0,19,7,15,0.0,0.01,78.95,0.143,7.0,0,1,0,1,matched,Bacteria,
Geoglobus,8,29,0.0,0.0,19,5,4,0.0,0.01,21.05,1.6,0.625,1,1,-1,1,matched,Archaea,
Rhodospirillum,8,55,0.0,0.0,19,6,8,0.0,0.01,42.11,1.333,0.75,1,1,-1,1,matched,Bacteria,
Streptomonospora,8,23,0.0,0.0,19,10,19,0.0,0.01,100.0,0.8,1.25,1,1,-1,1,matched,Bacteria,
Terasakiella,12,57,0.0,0.0,19,6,4,0.0,0.01,21.05,2.0,0.5,1,1,-1,1,matched,Bacteria,
Paucilactobacillus,2,3,0.0,0.0,18,8,13,0.0,0.01,72.22,0.25,4.0,1,1,-1,1,matched,Bacteria,
Dehalogenimonas,9,52,0.0,0.0,18,10,10,0.0,0.01,55.56,0.9,1.111,1,1,-1,1,matched,Bacteria,
Anaeroplasma,80,367,0.03,0.03,18,3,1,0.0,0.0,5.56,26.667,0.038,1,1,-1,1,matched,Bacteria,
Carboxylicivirga,43,90,0.02,0.01,18,8,6,0.0,0.01,33.33,5.375,0.186,1,1,-1,1,matched,Bacteria,
Chelativorans,13,40,0.0,0.0,18,16,16,0.0,0.02,88.89,0.812,1.231,1,1,-1,1,matched,Bacteria,
Pseudacidovorax,3,3,0.0,0.0,18,6,6,0.0,0.01,33.33,0.5,2.0,1,1,-1,1,matched,Bacteria,
Ciceribacter,3,3,0.0,0.0,18,13,18,0.0,0.02,100.0,0.231,4.333,1,1,-1,1,matched,Bacteria,
Aquihabitans,1,2,0.0,0.0,18,4,2,0.0,0.01,11.11,0.25,4.0,1,1,-1,1,matched,Bacteria,
Pectinatus,8,25,0.0,0.0,18,6,16,0.0,0.01,88.89,1.333,0.75,1,1,-1,1,matched,Bacteria,
Thalassobaculum,10,66,0.0,0.01,18,6,4,0.0,0.01,22.22,1.667,0.6,1,1,-1,1,matched,Bacteria,
Thiodictyon,2,10,0.0,0.0,18,3,1,0.0,0.0,5.56,0.667,1.5,1,1,-1,1,matched,Bacteria,
Desulfurococcus,9,48,0.0,0.0,18,3,5,0.0,0.0,27.78,3.0,0.333,1,1,-1,1,matched,Archaea,
Desulfobacca,99,653,0.04,0.05,18,6,1,0.0,0.01,5.56,16.5,0.061,1,1,-1,1,matched,Bacteria,
Rubellimicrobium,51,253,0.02,0.02,18,9,9,0.0,0.01,50.0,5.667,0.176,1,1,-1,1,matched,Bacteria,
Nosocomiicoccus,5,18,0.0,0.0,18,7,12,0.0,0.01,66.67,0.714,1.4,1,1,-1,1,matched,Bacteria,
Thermoclostridium,16,47,0.01,0.0,18,4,7,0.0,0.01,38.89,4.0,0.25,1,1,-1,1,matched,Bacteria,
Brumimicrobium,17,99,0.01,0.01,18,7,5,0.0,0.01,27.78,2.429,0.412,1,1,-1,1,matched,Bacteria,
Lachnotalea,6,13,0.0,0.0,18,4,4,0.0,0.01,22.22,1.5,0.667,1,1,-1,1,matched,Bacteria,
Oceanimonas,9,32,0.0,0.0,18,11,17,0.0,0.02,94.44,0.818,1.222,1,1,-1,1,matched,Bacteria,
Ornithinibacillus,16,22,0.01,0.0,18,17,17,0.0,0.02,94.44,0.941,1.062,1,1,-1,1,matched,Bacteria,
Aminivibrio,10,18,0.0,0.0,18,2,1,0.0,0.0,5.56,5.0,0.2,1,1,-1,1,matched,Bacteria,
Natronorubrum,17,36,0.01,0.0,18,12,15,0.0,0.02,83.33,1.417,0.706,1,1,-1,1,matched,Archaea,
Pygmaiobacter,11,13,0.0,0.0,18,4,1,0.0,0.01,5.56,2.75,0.364,1,1,-1,1,matched,Bacteria,
Rhodothermus,13,103,0.0,0.01,18,5,11,0.0,0.01,61.11,2.6,0.385,1,1,-1,1,matched,Bacteria,
Desulforhopalus,49,152,0.02,0.01,18,5,3,0.0,0.01,16.67,9.8,0.102,1,1,-1,1,matched,Bacteria,
Tagaea,5,10,0.0,0.0,18,2,0,0.0,0.0,0.0,2.5,0.4,1,1,-1,1,matched,Bacteria,
Jeotgalibacillus,4,23,0.0,0.0,18,14,18,0.0,0.02,100.0,0.286,3.5,1,1,-1,1,matched,Bacteria,
Labrys,24,79,0.01,0.01,18,12,12,0.0,0.02,66.67,2.0,0.5,1,0,0,1,matched,Bacteria,
Teredinibacter,7,24,0.0,0.0,18,6,18,0.0,0.01,100.0,1.167,0.857,1,1,-1,1,matched,Bacteria,
Fastidiosipila,146,484,0.06,0.04,18,3,1,0.0,0.0,5.56,48.667,0.021,1,1,-1,1,matched,Bacteria,
Azorhizobium,4,24,0.0,0.0,18,10,8,0.0,0.01,44.44,0.4,2.5,1,1,-1,1,matched,Bacteria,
Denitromonas,9,41,0.0,0.0,18,4,4,0.0,0.01,22.22,2.25,0.444,1,1,-1,1,matched,Bacteria,
Planomicrobium,40,185,0.02,0.02,18,9,14,0.0,0.01,77.78,4.444,0.225,1,1,-1,1,matched,Bacteria,
Acaryochloris,8,25,0.0,0.0,17,11,7,0.0,0.02,41.18,0.727,1.375,1,1,-1,1,matched,Bacteria,
Aquifex,6,14,0.0,0.0,17,3,1,0.0,0.0,5.88,2.0,0.5,1,1,-1,1,matched,Bacteria,
Longilinea,202,426,0.08,0.04,17,3,1,0.0,0.0,5.88,67.333,0.015,1,1,-1,1,matched,Bacteria,
Kiloniella,3,8,0.0,0.0,17,9,10,0.0,0.01,58.82,0.333,3.0,1,1,-1,1,matched,Bacteria,
Serinicoccus,4,17,0.0,0.0,17,9,13,0.0,0.01,76.47,0.444,2.25,1,1,-1,1,matched,Bacteria,
Croceibacter,2,36,0.0,0.0,17,3,3,0.0,0.0,17.65,0.667,1.5,1,1,-1,1,matched,Bacteria,
Enterovirga,1,3,0.0,0.0,17,5,3,0.0,0.01,17.65,0.2,5.0,1,1,-1,1,matched,Bacteria,
Filomicrobium,50,227,0.02,0.02,17,4,3,0.0,0.01,17.65,12.5,0.08,1,1,-1,1,matched,Bacteria,
Breznakia,8,18,0.0,0.0,17,16,15,0.0,0.02,88.24,0.5,2.0,1,1,-1,1,matched,Bacteria,
Paraperlucidibaca,2,23,0.0,0.0,17,4,2,0.0,0.01,11.76,0.5,2.0,1,1,-1,1,matched,Bacteria,
Hippea,18,44,0.01,0.0,17,6,4,0.0,0.01,23.53,3.0,0.333,1,1,-1,1,matched,Bacteria,
Ponticaulis,6,18,0.0,0.0,17,4,2,0.0,0.01,11.76,1.5,0.667,1,1,-1,1,matched,Bacteria,
Methanocaldococcus,37,137,0.01,0.01,17,9,10,0.0,0.01,58.82,4.111,0.243,1,1,-1,1,matched,Archaea,
Patulibacter,12,34,0.0,0.0,17,9,7,0.0,0.01,41.18,1.333,0.75,1,1,-1,1,matched,Bacteria,
Immundisolibacter,11,95,0.0,0.01,17,2,1,0.0,0.0,5.88,5.5,0.182,1,1,-1,1,matched,Bacteria,
Chitinimonas,24,56,0.01,0.0,17,10,11,0.0,0.01,64.71,2.4,0.417,1,1,-1,1,matched,Bacteria,
Thermocrinis,13,214,0.0,0.02,17,6,4,0.0,0.01,23.53,2.167,0.462,1,1,-1,1,matched,Bacteria,
Halorientalis,14,23,0.01,0.0,17,10,12,0.0,0.01,70.59,1.4,0.714,1,1,-1,1,matched,Archaea,
Roseivivax,37,130,0.01,0.01,17,13,14,0.0,0.02,82.35,2.846,0.351,1,1,-1,1,matched,Bacteria,
Absiella,4,27,0.0,0.0,17,10,13,0.0,0.01,76.47,0.4,2.5,0,1,0,1,matched,Bacteria,
Desulfonema,101,282,0.04,0.02,17,4,2,0.0,0.01,11.76,25.25,0.04,1,1,-1,1,matched,Bacteria,
Chiayiivirga,4,7,0.0,0.0,17,3,1,0.0,0.0,5.88,1.333,0.75,1,1,-1,1,matched,Bacteria,
Fusibacter,192,682,0.07,0.06,17,9,8,0.0,0.01,47.06,21.333,0.047,1,1,-1,1,matched,Bacteria,
Cellulosilyticum,36,77,0.01,0.01,17,8,5,0.0,0.01,29.41,4.5,0.222,1,1,-1,1,matched,Bacteria,
Yokenella,5,34,0.0,0.0,17,1,12,0.0,0.0,70.59,5.0,0.2,1,1,-1,1,matched,Bacteria,
Frischella,3,14,0.0,0.0,17,3,5,0.0,0.0,29.41,1.0,1.0,1,1,-1,1,matched,Bacteria,
Congregibacter,7,13,0.0,0.0,17,5,4,0.0,0.01,23.53,1.4,0.714,1,1,-1,1,matched,Bacteria,
Catonella,29,90,0.01,0.01,16,4,2,0.0,0.01,12.5,7.25,0.138,1,1,-1,1,matched,Bacteria,
Flaviramulus,5,6,0.0,0.0,16,6,5,0.0,0.01,31.25,0.833,1.2,1,1,-1,1,matched,Bacteria,
Cyanobacterium,8,34,0.0,0.0,16,8,13,0.0,0.01,81.25,1.0,1.0,1,1,-1,1,matched,Bacteria,
Chroococcidiopsis,43,120,0.02,0.01,16,12,8,0.0,0.02,50.0,3.583,0.279,1,1,-1,1,matched,Bacteria,
Nitrincola,6,17,0.0,0.0,16,12,10,0.0,0.02,62.5,0.5,2.0,1,1,-1,1,matched,Bacteria,
Aliicoccus,2,4,0.0,0.0,16,2,2,0.0,0.0,12.5,1.0,1.0,1,1,-1,1,matched,Bacteria,
Desulfobacterium,32,134,0.01,0.01,16,3,0,0.0,0.0,0.0,10.667,0.094,1,1,-1,1,matched,Bacteria,
Litorilinea,32,58,0.01,0.0,16,3,2,0.0,0.0,12.5,10.667,0.094,1,1,-1,1,matched,Bacteria,
Thiohalocapsa,37,128,0.01,0.01,16,6,4,0.0,0.01,25.0,6.167,0.162,1,1,-1,1,matched,Bacteria,
Frateuria,6,56,0.0,0.0,16,9,9,0.0,0.01,56.25,0.667,1.5,1,1,-1,1,matched,Bacteria,
Mumia,3,21,0.0,0.0,16,11,15,0.0,0.02,93.75,0.273,3.667,1,1,-1,1,matched,Bacteria,
Silanimonas,19,126,0.01,0.01,16,2,1,0.0,0.0,6.25,9.5,0.105,1,1,-1,1,matched,Bacteria,
Pleomorphomonas,12,49,0.0,0.0,16,11,10,0.0,0.02,62.5,1.091,0.917,1,1,-1,1,matched,Bacteria,
Parasporobacterium,1,1,0.0,0.0,16,3,1,0.0,0.0,6.25,0.333,3.0,1,1,-1,1,matched,Bacteria,
Verrucomicrobium,26,79,0.01,0.01,16,7,6,0.0,0.01,37.5,3.714,0.269,1,1,-1,1,matched,Bacteria,
Haloquadratum,26,93,0.01,0.01,16,3,2,0.0,0.0,12.5,8.667,0.115,1,1,-1,1,matched,Archaea,
Asanoa,13,34,0.0,0.0,16,11,13,0.0,0.02,81.25,1.182,0.846,1,1,-1,1,matched,Bacteria,
Tepidiphilus,11,70,0.0,0.01,16,7,8,0.0,0.01,50.0,1.571,0.636,1,1,-1,1,matched,Bacteria,
Methylomagnum,9,29,0.0,0.0,16,2,0,0.0,0.0,0.0,4.5,0.222,1,1,-1,1,matched,Bacteria,
Sabulilitoribacter,2,8,0.0,0.0,16,6,5,0.0,0.01,31.25,0.333,3.0,0,1,0,1,matched,Bacteria,
Pontibacillus,10,26,0.0,0.0,16,10,16,0.0,0.01,100.0,1.0,1.0,1,1,-1,1,matched,Bacteria,
Inhella,2,25,0.0,0.0,16,5,5,0.0,0.01,31.25,0.4,2.5,1,1,-1,1,matched,Bacteria,
Marinospirillum,10,38,0.0,0.0,16,8,8,0.0,0.01,50.0,1.25,0.8,1,1,-1,1,matched,Bacteria,
Parasaccharibacter,2,11,0.0,0.0,16,8,13,0.0,0.01,81.25,0.25,4.0,1,1,-1,1,matched,Bacteria,
Aquincola,5,48,0.0,0.0,16,6,5,0.0,0.01,31.25,0.833,1.2,1,1,-1,1,matched,Bacteria,
Ewingella,3,121,0.0,0.01,16,4,9,0.0,0.01,56.25,0.75,1.333,1,1,-1,1,matched,Bacteria,
Desemzia,10,30,0.0,0.0,16,8,10,0.0,0.01,62.5,1.25,0.8,1,1,-1,1,matched,Bacteria,
Viridibacillus,3,13,0.0,0.0,16,11,16,0.0,0.02,100.0,0.273,3.667,1,1,-1,1,matched,Bacteria,
Ursidibacter,3,6,0.0,0.0,16,2,16,0.0,0.0,100.0,1.5,0.667,1,1,-1,1,matched,Bacteria,
Pseudobacillus,1,1,0.0,0.0,16,5,15,0.0,0.01,93.75,0.2,5.0,1,1,-1,1,matched,Bacteria,
Thermogutta,22,141,0.01,0.01,16,3,1,0.0,0.0,6.25,7.333,0.136,1,1,-1,1,matched,Bacteria,
Halococcus,29,97,0.01,0.01,15,13,14,0.0,0.02,93.33,2.231,0.448,1,1,-1,1,matched,Archaea,
Beggiatoa,30,118,0.01,0.01,15,8,11,0.0,0.01,73.33,3.75,0.267,1,1,-1,1,matched,Bacteria,
Spirulina,12,38,0.0,0.0,15,11,9,0.0,0.02,60.0,1.091,0.917,1,0,0,1,matched,Bacteria,
Halalkalicoccus,2,14,0.0,0.0,15,10,13,0.0,0.01,86.67,0.2,5.0,1,1,-1,1,matched,Archaea,
Inquilinus,25,156,0.01,0.01,15,8,9,0.0,0.01,60.0,3.125,0.32,1,1,-1,1,matched,Bacteria,
Flammeovirga,5,44,0.0,0.0,15,11,15,0.0,0.02,100.0,0.455,2.2,1,1,-1,1,matched,Bacteria,
Halochromatium,26,86,0.01,0.01,15,5,3,0.0,0.01,20.0,5.2,0.192,1,1,-1,1,matched,Bacteria,
Halapricum,29,60,0.01,0.01,15,5,9,0.0,0.01,60.0,5.8,0.172,1,1,-1,1,matched,Archaea,
Hyphobacterium,5,28,0.0,0.0,15,9,8,0.0,0.01,53.33,0.556,1.8,1,1,-1,1,matched,Bacteria,
Pelagibius,27,128,0.01,0.01,15,7,5,0.0,0.01,33.33,3.857,0.259,1,1,-1,1,matched,Bacteria,
Galbibacter,6,10,0.0,0.0,15,9,10,0.0,0.01,66.67,0.667,1.5,1,1,-1,1,matched,Bacteria,
Agreia,2,12,0.0,0.0,15,10,11,0.0,0.01,73.33,0.2,5.0,1,1,-1,1,matched,Bacteria,
Thiogranum,64,242,0.02,0.02,15,3,1,0.0,0.0,6.67,21.333,0.047,1,1,-1,1,matched,Bacteria,
Nitrospirillum,4,19,0.0,0.0,15,7,15,0.0,0.01,100.0,0.571,1.75,1,1,-1,1,matched,Bacteria,
Methanofollis,6,113,0.0,0.01,15,10,7,0.0,0.01,46.67,0.6,1.667,1,1,-1,1,matched,Archaea,
Caloramator,33,114,0.01,0.01,15,11,10,0.0,0.02,66.67,3.0,0.333,1,1,-1,1,matched,Bacteria,
Azohydromonas,4,25,0.0,0.0,15,8,8,0.0,0.01,53.33,0.5,2.0,1,1,-1,1,matched,Bacteria,
Lactonifactor,1,6,0.0,0.0,15,8,14,0.0,0.01,93.33,0.125,8.0,1,1,-1,1,matched,Bacteria,
Haematospirillum,2,12,0.0,0.0,15,5,15,0.0,0.01,100.0,0.4,2.5,1,1,-1,1,matched,Bacteria,
Kibdelosporangium,3,24,0.0,0.0,15,7,13,0.0,0.01,86.67,0.429,2.333,1,1,-1,1,matched,Bacteria,
Pontibacterium,3,6,0.0,0.0,15,3,2,0.0,0.0,13.33,1.0,1.0,1,1,-1,1,matched,Bacteria,
Catenuloplanes,3,20,0.0,0.0,15,10,14,0.0,0.01,93.33,0.3,3.333,1,1,-1,1,matched,Bacteria,
Alkalispirochaeta,19,55,0.01,0.0,15,5,4,0.0,0.01,26.67,3.8,0.263,1,1,-1,1,matched,Bacteria,
Olivibacter,18,33,0.01,0.0,15,13,13,0.0,0.02,86.67,1.385,0.722,1,1,-1,1,matched,Bacteria,
Aliiglaciecola,10,17,0.0,0.0,15,12,12,0.0,0.02,80.0,0.833,1.2,1,1,-1,1,matched,Bacteria,
Oceanobacter,18,81,0.01,0.01,15,10,8,0.0,0.01,53.33,1.8,0.556,1,1,-1,1,matched,Bacteria,
Ilyobacter,3,22,0.0,0.0,15,3,1,0.0,0.0,6.67,1.0,1.0,1,1,-1,1,matched,Bacteria,
Wenyingzhuangia,6,22,0.0,0.0,15,8,8,0.0,0.01,53.33,0.75,1.333,1,1,-1,1,matched,Bacteria,
Planomonospora,1,6,0.0,0.0,15,8,15,0.0,0.01,100.0,0.125,8.0,1,1,-1,1,matched,Bacteria,
Bythopirellula,21,31,0.01,0.0,15,4,2,0.0,0.01,13.33,5.25,0.19,1,1,-1,1,matched,Bacteria,
Rugamonas,1,1,0.0,0.0,15,14,13,0.0,0.02,86.67,0.071,14.0,1,1,-1,1,matched,Bacteria,
Aestuariivita,1,2,0.0,0.0,15,3,1,0.0,0.0,6.67,0.333,3.0,1,1,-1,1,matched,Bacteria,
Gilvimarinus,8,21,0.0,0.0,15,11,13,0.0,0.02,86.67,0.727,1.375,1,1,-1,1,matched,Bacteria,
Trichlorobacter,8,83,0.0,0.01,15,4,4,0.0,0.01,26.67,2.0,0.5,1,1,-1,1,matched,Bacteria,
Natronohydrobacter,1,4,0.0,0.0,15,3,1,0.0,0.0,6.67,0.333,3.0,1,1,-1,1,matched,Bacteria,
Caldanaerobacter,28,105,0.01,0.01,14,2,7,0.0,0.0,50.0,14.0,0.071,1,1,-1,1,matched,Bacteria,
Fibrella,12,34,0.0,0.0,14,10,8,0.0,0.01,57.14,1.2,0.833,1,1,-1,1,matched,Bacteria,
Iodobacter,1,1,0.0,0.0,14,8,12,0.0,0.01,85.71,0.125,8.0,1,1,-1,1,matched,Bacteria,
Bhargavaea,9,32,0.0,0.0,14,7,14,0.0,0.01,100.0,1.286,0.778,1,1,-1,1,matched,Bacteria,
Deefgea,6,55,0.0,0.0,14,7,8,0.0,0.01,57.14,0.857,1.167,1,1,-1,1,matched,Bacteria,
Imperialibacter,17,31,0.01,0.0,14,6,4,0.0,0.01,28.57,2.833,0.353,1,1,-1,1,matched,Bacteria,
Kouleothrix,22,76,0.01,0.01,14,4,1,0.0,0.01,7.14,5.5,0.182,1,1,-1,1,matched,Bacteria,
Succinimonas,3,21,0.0,0.0,14,2,1,0.0,0.0,7.14,1.5,0.667,1,1,-1,1,matched,Bacteria,
Echinicola,10,27,0.0,0.0,14,11,14,0.0,0.02,100.0,0.909,1.1,1,1,-1,1,matched,Bacteria,
Hydrogenobaculum,18,136,0.01,0.01,14,6,5,0.0,0.01,35.71,3.0,0.333,1,1,-1,1,matched,Bacteria,
Naasia,3,11,0.0,0.0,14,6,4,0.0,0.01,28.57,0.5,2.0,1,1,-1,1,matched,Bacteria,
Halodesulfovibrio,10,74,0.0,0.01,14,5,8,0.0,0.01,57.14,2.0,0.5,1,1,-1,1,matched,Bacteria,
Maribius,3,15,0.0,0.0,14,12,13,0.0,0.02,92.86,0.25,4.0,0,1,0,1,matched,Bacteria,
Propionimicrobium,3,7,0.0,0.0,14,5,5,0.0,0.01,35.71,0.6,1.667,1,1,-1,1,matched,Bacteria,
Palleronia,3,9,0.0,0.0,14,12,13,0.0,0.02,92.86,0.25,4.0,1,1,-1,1,matched,Bacteria,
Sulfuricaulis,6,78,0.0,0.01,14,2,1,0.0,0.0,7.14,3.0,0.333,1,1,-1,1,matched,Bacteria,
Rivicola,4,12,0.0,0.0,14,1,1,0.0,0.0,7.14,4.0,0.25,0,1,0,1,matched,Bacteria,
Salinarchaeum,14,47,0.01,0.0,14,5,3,0.0,0.01,21.43,2.8,0.357,1,1,-1,1,matched,Archaea,
Lutimonas,14,95,0.01,0.01,14,5,4,0.0,0.01,28.57,2.8,0.357,1,1,-1,1,matched,Bacteria,
Kushneria,5,28,0.0,0.0,14,10,13,0.0,0.01,92.86,0.5,2.0,1,1,-1,1,matched,Bacteria,
Syntrophaceticus,24,94,0.01,0.01,14,3,1,0.0,0.0,7.14,8.0,0.125,1,1,-1,1,matched,Bacteria,
Leucothrix,12,61,0.0,0.01,14,6,4,0.0,0.01,28.57,2.0,0.5,1,0,0,1,matched,Bacteria,
Rivularia,12,24,0.0,0.0,14,8,3,0.0,0.01,21.43,1.5,0.667,1,0,0,1,matched,Bacteria,
Dictyoglomus,7,133,0.0,0.01,14,5,3,0.0,0.01,21.43,1.4,0.714,1,1,-1,1,matched,Bacteria,
Mesoaciditoga,12,26,0.0,0.0,14,3,1,0.0,0.0,7.14,4.0,0.25,1,1,-1,1,matched,Bacteria,
Donghicola,12,33,0.0,0.0,14,7,8,0.0,0.01,57.14,1.714,0.583,1,1,-1,1,matched,Bacteria,
Sedimentitalea,9,55,0.0,0.0,14,8,7,0.0,0.01,50.0,1.125,0.889,1,1,-1,1,matched,Bacteria,
Hwanghaeicola,2,2,0.0,0.0,14,12,13,0.0,0.02,92.86,0.167,6.0,0,1,0,1,matched,Bacteria,
Peptococcus,34,102,0.01,0.01,14,4,4,0.0,0.01,28.57,8.5,0.118,1,1,-1,1,matched,Bacteria,
Methylocapsa,5,17,0.0,0.0,14,8,6,0.0,0.01,42.86,0.625,1.6,1,1,-1,1,matched,Bacteria,
Actinopolyspora,7,42,0.0,0.0,14,12,14,0.0,0.02,100.0,0.583,1.714,1,1,-1,1,matched,Bacteria,
Hydrogenophilus,11,86,0.0,0.01,14,3,4,0.0,0.0,28.57,3.667,0.273,1,1,-1,1,matched,Bacteria,
Gaetbulibacter,16,62,0.01,0.01,14,11,12,0.0,0.02,85.71,1.455,0.688,1,1,-1,1,matched,Bacteria,
Natronococcus,11,47,0.0,0.0,14,11,10,0.0,0.02,71.43,1.0,1.0,1,1,-1,1,matched,Archaea,
Afifella,11,22,0.0,0.0,14,8,11,0.0,0.01,78.57,1.375,0.727,1,1,-1,1,matched,Bacteria,
Snowella,11,236,0.0,0.02,14,3,0,0.0,0.0,0.0,3.667,0.273,1,1,-1,1,matched,Bacteria,
Pseudoglutamicibacter,2,5,0.0,0.0,14,2,11,0.0,0.0,78.57,1.0,1.0,1,1,-1,1,matched,Bacteria,
Roseofilum,4,19,0.0,0.0,14,12,5,0.0,0.02,35.71,0.333,3.0,1,1,-1,1,matched,Bacteria,
Mordavella,2,8,0.0,0.0,14,2,4,0.0,0.0,28.57,1.0,1.0,1,1,-1,1,matched,Bacteria,
Jiangella,9,26,0.0,0.0,14,12,14,0.0,0.02,100.0,0.75,1.333,1,1,-1,1,matched,Bacteria,
Desulfococcus,9,31,0.0,0.0,14,5,4,0.0,0.01,28.57,1.8,0.556,1,1,-1,1,matched,Bacteria,
Galbitalea,9,185,0.0,0.02,14,3,3,0.0,0.0,21.43,3.0,0.333,1,1,-1,1,matched,Bacteria,
Marinimicrobium,22,52,0.01,0.0,14,12,8,0.0,0.02,57.14,1.833,0.545,1,1,-1,1,matched,Bacteria,
Dictyobacter,3,3,0.0,0.0,13,9,7,0.0,0.01,53.85,0.333,3.0,1,1,-1,1,matched,Bacteria,
Adhaeribacter,90,328,0.03,0.03,13,12,10,0.0,0.02,76.92,7.5,0.133,1,1,-1,1,matched,Bacteria,
Parascardovia,1,5,0.0,0.0,13,2,4,0.0,0.0,30.77,0.5,2.0,1,1,-1,1,matched,Bacteria,
Frondihabitans,6,84,0.0,0.01,13,13,11,0.0,0.02,84.62,0.462,2.167,1,1,-1,1,matched,Bacteria,
Enteractinococcus,6,14,0.0,0.0,13,5,6,0.0,0.01,46.15,1.2,0.833,1,1,-1,1,matched,Bacteria,
Glaciimonas,2,13,0.0,0.0,13,8,9,0.0,0.01,69.23,0.25,4.0,1,1,-1,1,matched,Bacteria,
Ketobacter,23,85,0.01,0.01,13,5,2,0.0,0.01,15.38,4.6,0.217,1,1,-1,1,matched,Bacteria,
Limnothrix,22,85,0.01,0.01,13,12,7,0.0,0.02,53.85,1.833,0.545,1,1,-1,1,matched,Bacteria,
Marinitoga,9,28,0.0,0.0,13,13,12,0.0,0.02,92.31,0.692,1.444,1,1,-1,1,matched,Bacteria,
Epibacterium,7,75,0.0,0.01,13,5,9,0.0,0.01,69.23,1.4,0.714,1,1,-1,1,matched,Bacteria,
Paraliobacillus,9,38,0.0,0.0,13,8,13,0.0,0.01,100.0,1.125,0.889,1,1,-1,1,matched,Bacteria,
Methanocalculus,22,73,0.01,0.01,13,9,5,0.0,0.01,38.46,2.444,0.409,1,1,-1,1,matched,Archaea,
Acetoanaerobium,22,80,0.01,0.01,13,4,3,0.0,0.01,23.08,5.5,0.182,1,1,-1,1,matched,Bacteria,
Niveibacterium,6,33,0.0,0.0,13,7,8,0.0,0.01,61.54,0.857,1.167,1,1,-1,1,matched,Bacteria,
Halomicrobium,33,91,0.01,0.01,13,9,13,0.0,0.01,100.0,3.667,0.273,1,1,-1,1,matched,Archaea,
Halogeometricum,10,37,0.0,0.0,13,8,13,0.0,0.01,100.0,1.25,0.8,1,1,-1,1,matched,Archaea,
Halorhabdus,6,23,0.0,0.0,13,10,10,0.0,0.01,76.92,0.6,1.667,1,1,-1,1,matched,Archaea,
Oceanithermus,3,21,0.0,0.0,13,3,3,0.0,0.0,23.08,1.0,1.0,1,1,-1,1,matched,Bacteria,
Ruania,3,6,0.0,0.0,13,9,8,0.0,0.01,61.54,0.333,3.0,1,1,-1,1,matched,Bacteria,
Savagea,2,3,0.0,0.0,13,3,2,0.0,0.0,15.38,0.667,1.5,1,1,-1,1,matched,Bacteria,
Lawsonia,2,9,0.0,0.0,13,2,9,0.0,0.0,69.23,1.0,1.0,1,0,0,1,matched,Bacteria,
Larkinella,19,30,0.01,0.0,13,11,11,0.0,0.02,84.62,1.727,0.579,1,1,-1,1,matched,Bacteria,
Pseudoramibacter,10,90,0.0,0.01,13,6,3,0.0,0.01,23.08,1.667,0.6,1,1,-1,1,matched,Bacteria,
Geminicoccus,6,29,0.0,0.0,13,5,4,0.0,0.01,30.77,1.2,0.833,1,1,-1,1,matched,Bacteria,
Phreatobacter,45,144,0.02,0.01,13,6,5,0.0,0.01,38.46,7.5,0.133,1,1,-1,1,matched,Bacteria,
Fenollaria,12,25,0.0,0.0,13,5,5,0.0,0.01,38.46,2.4,0.417,1,1,-1,1,matched,Bacteria,
Caldisphaera,8,36,0.0,0.0,13,2,1,0.0,0.0,7.69,4.0,0.25,1,1,-1,1,matched,Archaea,
Desulfatibacillum,8,21,0.0,0.0,13,4,3,0.0,0.01,23.08,2.0,0.5,1,1,-1,1,matched,Bacteria,
Halosiccatus,1,1,0.0,0.0,13,9,13,0.0,0.01,100.0,0.111,9.0,0,1,0,1,matched,Archaea,
Aminipila,1,1,0.0,0.0,13,5,3,0.0,0.01,23.08,0.2,5.0,1,1,-1,1,matched,Bacteria,
Byssovorax,1,2,0.0,0.0,13,2,1,0.0,0.0,7.69,0.5,2.0,1,1,-1,1,matched,Bacteria,
Lamprocystis,6,13,0.0,0.0,13,3,1,0.0,0.0,7.69,2.0,0.5,1,0,0,1,matched,Bacteria,
Halocynthiibacter,4,18,0.0,0.0,13,8,6,0.0,0.01,46.15,0.5,2.0,1,1,-1,1,matched,Bacteria,
Pelobium,4,6,0.0,0.0,13,2,2,0.0,0.0,15.38,2.0,0.5,1,1,-1,1,matched,Bacteria,
Austwickia,2,6,0.0,0.0,13,4,4,0.0,0.01,30.77,0.5,2.0,1,1,-1,1,matched,Bacteria,
Flavivirga,2,4,0.0,0.0,13,10,13,0.0,0.01,100.0,0.2,5.0,1,1,-1,1,matched,Bacteria,
Dielma,22,39,0.01,0.0,13,1,8,0.0,0.0,61.54,22.0,0.045,1,1,-1,1,matched,Bacteria,
Saccharophagus,4,15,0.0,0.0,13,3,11,0.0,0.0,84.62,1.333,0.75,1,1,-1,1,matched,Bacteria,
Planotetraspora,1,5,0.0,0.0,13,7,13,0.0,0.01,100.0,0.143,7.0,1,1,-1,1,matched,Bacteria,
Anaerobacillus,23,47,0.01,0.0,13,10,8,0.0,0.01,61.54,2.3,0.435,1,1,-1,1,matched,Bacteria,
Mobilibacterium,1,3,0.0,0.0,13,2,1,0.0,0.0,7.69,0.5,2.0,1,1,-1,1,matched,Bacteria,
Friedmanniella,14,80,0.01,0.01,13,3,1,0.0,0.0,7.69,4.667,0.214,1,1,-1,1,matched,Bacteria,
Tahibacter,14,56,0.01,0.0,13,7,6,0.0,0.01,46.15,2.0,0.5,1,1,-1,1,matched,Bacteria,
Paraeggerthella,1,8,0.0,0.0,13,4,5,0.0,0.01,38.46,0.25,4.0,1,1,-1,1,matched,Bacteria,
Polycyclovorans,34,176,0.01,0.01,13,3,1,0.0,0.0,7.69,11.333,0.088,1,1,-1,1,matched,Bacteria,
Elstera,4,38,0.0,0.0,13,4,3,0.0,0.01,23.08,1.0,1.0,1,1,-1,1,matched,Bacteria,
Halanaeroarchaeum,4,22,0.0,0.0,13,3,3,0.0,0.0,23.08,1.333,0.75,1,1,-1,1,matched,Archaea,
Shuttleworthia,57,111,0.02,0.01,13,4,2,0.0,0.01,15.38,14.25,0.07,0,1,0,1,matched,Bacteria,
Actinospica,53,303,0.02,0.03,13,5,8,0.0,0.01,61.54,10.6,0.094,1,1,-1,1,matched,Bacteria,
Cysteiniphilum,5,11,0.0,0.0,13,7,13,0.0,0.01,100.0,0.714,1.4,1,1,-1,1,matched,Bacteria,
Brooklawnia,4,11,0.0,0.0,13,4,4,0.0,0.01,30.77,1.0,1.0,1,1,-1,1,matched,Bacteria,
Thiohalophilus,62,144,0.02,0.01,13,3,1,0.0,0.0,7.69,20.667,0.048,1,1,-1,1,matched,Bacteria,
Limibaculum,77,214,0.03,0.02,13,2,0,0.0,0.0,0.0,38.5,0.026,1,1,-1,1,matched,Bacteria,
Belliella,5,16,0.0,0.0,13,9,12,0.0,0.01,92.31,0.556,1.8,1,1,-1,1,matched,Bacteria,
Thalassococcus,13,27,0.0,0.0,13,7,6,0.0,0.01,46.15,1.857,0.538,1,1,-1,1,matched,Bacteria,
Candidimonas,7,36,0.0,0.0,13,5,4,0.0,0.01,30.77,1.4,0.714,1,1,-1,1,matched,Bacteria,
Symbiobacterium,26,68,0.01,0.01,13,3,3,0.0,0.0,23.08,8.667,0.115,1,1,-1,1,matched,Bacteria,
Actinopolymorpha,7,38,0.0,0.0,13,9,13,0.0,0.01,100.0,0.778,1.286,1,1,-1,1,matched,Bacteria,
Marinagarivorans,4,7,0.0,0.0,13,6,5,0.0,0.01,38.46,0.667,1.5,1,1,-1,1,matched,Bacteria,
Oceanicoccus,4,6,0.0,0.0,13,4,1,0.0,0.01,7.69,1.0,1.0,1,1,-1,1,matched,Bacteria,
Desulfurivibrio,35,196,0.01,0.02,13,6,4,0.0,0.01,30.77,5.833,0.171,1,1,-1,1,matched,Bacteria,
Pyruvatibacter,5,14,0.0,0.0,13,3,4,0.0,0.0,30.77,1.667,0.6,1,1,-1,1,matched,Bacteria,
Salipaludibacillus,12,26,0.0,0.0,13,8,13,0.0,0.01,100.0,1.5,0.667,1,1,-1,1,matched,Bacteria,
Tropicimonas,35,110,0.01,0.01,13,11,9,0.0,0.02,69.23,3.182,0.314,1,1,-1,1,matched,Bacteria,
Parasphingopyxis,9,25,0.0,0.0,13,6,4,0.0,0.01,30.77,1.5,0.667,1,1,-1,1,matched,Bacteria,
Solirubrobacter,112,668,0.04,0.06,13,9,8,0.0,0.01,61.54,12.444,0.08,1,1,-1,1,matched,Bacteria,
Quadrisphaera,29,89,0.01,0.01,13,8,7,0.0,0.01,53.85,3.625,0.276,1,1,-1,1,matched,Bacteria,
Pelagimonas,2,5,0.0,0.0,13,5,5,0.0,0.01,38.46,0.4,2.5,1,1,-1,1,matched,Bacteria,
Caldisericum,42,404,0.02,0.03,13,5,2,0.0,0.01,15.38,8.4,0.119,1,1,-1,1,matched,Bacteria,
Xenophilus,3,29,0.0,0.0,12,8,9,0.0,0.01,75.0,0.375,2.667,1,1,-1,1,matched,Bacteria,
Desulfarculus,3,5,0.0,0.0,12,3,1,0.0,0.0,8.33,1.0,1.0,1,1,-1,1,matched,Bacteria,
Tomitella,3,6,0.0,0.0,12,5,10,0.0,0.01,83.33,0.6,1.667,1,1,-1,1,matched,Bacteria,
Blastochloris,3,28,0.0,0.0,12,5,5,0.0,0.01,41.67,0.6,1.667,1,1,-1,1,matched,Bacteria,
Vicingus,69,359,0.03,0.03,12,3,1,0.0,0.0,8.33,23.0,0.043,1,1,-1,1,matched,Bacteria,
Anaerovorax,194,591,0.07,0.05,12,4,4,0.0,0.01,33.33,48.5,0.021,1,1,-1,1,matched,Bacteria,
Klenkia,3,8,0.0,0.0,12,8,11,0.0,0.01,91.67,0.375,2.667,1,1,-1,1,matched,Bacteria,
Brasilonema,3,18,0.0,0.0,12,6,10,0.0,0.01,83.33,0.5,2.0,1,1,-1,1,matched,Bacteria,
Methyloglobulus,15,71,0.01,0.01,12,2,1,0.0,0.0,8.33,7.5,0.133,1,1,-1,1,matched,Bacteria,
Paracraurococcus,4,11,0.0,0.0,12,4,3,0.0,0.01,25.0,1.0,1.0,1,1,-1,1,matched,Bacteria,
Anaerosalibacter,11,24,0.0,0.0,12,4,11,0.0,0.01,91.67,2.75,0.364,1,1,-1,1,matched,Bacteria,
Umezawaea,1,22,0.0,0.0,12,6,7,0.0,0.01,58.33,0.167,6.0,1,1,-1,1,matched,Bacteria,
Desulfatiglans,371,1445,0.14,0.12,12,3,1,0.0,0.0,8.33,123.667,0.008,1,1,-1,1,matched,Bacteria,
Litorimonas,6,27,0.0,0.0,12,5,5,0.0,0.01,41.67,1.2,0.833,1,1,-1,1,matched,Bacteria,
Kosmotoga,6,48,0.0,0.0,12,5,4,0.0,0.01,33.33,1.2,0.833,1,1,-1,1,matched,Bacteria,
Moheibacter,32,74,0.01,0.01,12,5,3,0.0,0.01,25.0,6.4,0.156,1,1,-1,1,matched,Bacteria,
Panacagrimonas,6,20,0.0,0.0,12,3,2,0.0,0.0,16.67,2.0,0.5,1,1,-1,1,matched,Bacteria,
Ancylomarina,1,6,0.0,0.0,12,7,8,0.0,0.01,66.67,0.143,7.0,1,1,-1,1,matched,Bacteria,
Pelagicoccus,32,197,0.01,0.02,12,8,9,0.0,0.01,75.0,4.0,0.25,1,1,-1,1,matched,Bacteria,
Silvanigrella,34,110,0.01,0.01,12,4,2,0.0,0.01,16.67,8.5,0.118,1,1,-1,1,matched,Bacteria,
Globicatella,7,16,0.0,0.0,12,4,7,0.0,0.01,58.33,1.75,0.571,1,1,-1,1,matched,Bacteria,
Breoghania,7,13,0.0,0.0,12,4,3,0.0,0.01,25.0,1.75,0.571,1,1,-1,1,matched,Bacteria,
Alkalilimnicola,2,9,0.0,0.0,12,4,7,0.0,0.01,58.33,0.5,2.0,1,1,-1,1,matched,Bacteria,
Flectobacillus,13,67,0.0,0.01,12,6,8,0.0,0.01,66.67,2.167,0.462,1,1,-1,1,matched,Bacteria,
Oligoflexus,22,130,0.01,0.01,12,3,1,0.0,0.0,8.33,7.333,0.136,1,1,-1,1,matched,Bacteria,
Brevifollis,5,57,0.0,0.0,12,2,1,0.0,0.0,8.33,2.5,0.4,1,1,-1,1,matched,Bacteria,
Haematobacter,5,20,0.0,0.0,12,5,8,0.0,0.01,66.67,1.0,1.0,1,1,-1,1,matched,Bacteria,
Hyunsoonleella,5,7,0.0,0.0,12,9,10,0.0,0.01,83.33,0.556,1.8,1,1,-1,1,matched,Bacteria,
Oxalicibacterium,5,24,0.0,0.0,12,5,3,0.0,0.01,25.0,1.0,1.0,1,1,-1,1,matched,Bacteria,
Obesumbacterium,2,2,0.0,0.0,12,1,9,0.0,0.0,75.0,2.0,0.5,1,1,-1,1,matched,Bacteria,
Lyngbya,21,56,0.01,0.0,12,8,5,0.0,0.01,41.67,2.625,0.381,1,1,-1,1,matched,Bacteria,
Seonamhaeicola,9,12,0.0,0.0,12,10,10,0.0,0.01,83.33,0.9,1.111,1,1,-1,1,matched,Bacteria,
Microtetraspora,1,10,0.0,0.0,12,8,11,0.0,0.01,91.67,0.125,8.0,1,1,-1,1,matched,Bacteria,
Halomarina,15,41,0.01,0.0,12,7,12,0.0,0.01,100.0,2.143,0.467,1,1,-1,1,matched,Archaea,
Methanocella,38,142,0.01,0.01,12,6,4,0.0,0.01,33.33,6.333,0.158,1,1,-1,1,matched,Archaea,
Methanimicrococcus,17,91,0.01,0.01,12,8,7,0.0,0.01,58.33,2.125,0.471,1,1,-1,1,matched,Archaea,
Hydromonas,3,22,0.0,0.0,12,3,1,0.0,0.0,8.33,1.0,1.0,1,1,-1,1,matched,Bacteria,
Thermoanaerobaculum,42,318,0.02,0.03,12,3,1,0.0,0.0,8.33,14.0,0.071,1,1,-1,1,matched,Bacteria,
Acidaminobacter,43,104,0.02,0.01,12,4,2,0.0,0.01,16.67,10.75,0.093,1,1,-1,1,matched,Bacteria,
Acidihalobacter,10,20,0.0,0.0,12,6,4,0.0,0.01,33.33,1.667,0.6,1,1,-1,1,matched,Bacteria,
Thioploca,1,4,0.0,0.0,12,2,1,0.0,0.0,8.33,0.5,2.0,1,1,-1,1,matched,Bacteria,
Abditibacterium,257,816,0.1,0.07,12,3,1,0.0,0.0,8.33,85.667,0.012,1,1,-1,1,matched,Bacteria,
Saccharococcus,1,4,0.0,0.0,12,3,12,0.0,0.0,100.0,0.333,3.0,1,1,-1,1,matched,Bacteria,
Aquaticitalea,1,20,0.0,0.0,12,2,1,0.0,0.0,8.33,0.5,2.0,1,1,-1,1,matched,Bacteria,
Magnetococcus,140,250,0.05,0.02,12,12,0,0.0,0.02,0.0,11.667,0.086,1,1,-1,1,matched,Bacteria,
Actinoalloteichus,5,115,0.0,0.01,12,7,12,0.0,0.01,100.0,0.714,1.4,1,1,-1,1,matched,Bacteria,
Siphonobacter,11,17,0.0,0.0,12,8,7,0.0,0.01,58.33,1.375,0.727,1,1,-1,1,matched,Bacteria,
Natrialba,9,42,0.0,0.0,12,10,10,0.0,0.01,83.33,0.9,1.111,1,1,-1,1,matched,Archaea,
Poseidonibacter,1,16,0.0,0.0,12,6,10,0.0,0.01,83.33,0.167,6.0,1,1,-1,1,matched,Bacteria,
Desulfurella,9,59,0.0,0.0,12,4,4,0.0,0.01,33.33,2.25,0.444,1,1,-1,1,matched,Bacteria,
Aestuariibacter,29,62,0.01,0.01,11,4,3,0.0,0.01,27.27,7.25,0.138,1,1,-1,1,matched,Bacteria,
Geminocystis,8,79,0.0,0.01,11,6,3,0.0,0.01,27.27,1.333,0.75,1,1,-1,1,matched,Bacteria,
Xylanimonas,3,18,0.0,0.0,11,7,8,0.0,0.01,72.73,0.429,2.333,1,1,-1,1,matched,Bacteria,
Syntrophothermus,15,70,0.01,0.01,11,6,1,0.0,0.01,9.09,2.5,0.4,1,1,-1,1,matched,Bacteria,
Sandaracinobacter,18,78,0.01,0.01,11,3,1,0.0,0.0,9.09,6.0,0.167,1,1,-1,1,matched,Bacteria,
Thermodesulfobium,3,21,0.0,0.0,11,4,3,0.0,0.01,27.27,0.75,1.333,1,1,-1,1,matched,Bacteria,
Thermacetogenium,18,80,0.01,0.01,11,6,2,0.0,0.01,18.18,3.0,0.333,1,1,-1,1,matched,Bacteria,
Methylomicrobium,18,48,0.01,0.0,11,7,7,0.0,0.01,63.64,2.571,0.389,1,1,-1,1,matched,Bacteria,
Paucimonas,3,13,0.0,0.0,11,2,2,0.0,0.0,18.18,1.5,0.667,1,1,-1,1,matched,Bacteria,
Seohaeicola,3,5,0.0,0.0,11,7,9,0.0,0.01,81.82,0.429,2.333,1,1,-1,1,matched,Bacteria,
Orrella,1,6,0.0,0.0,11,7,5,0.0,0.01,45.45,0.143,7.0,1,1,-1,1,matched,Bacteria,
Vallitalea,10,15,0.0,0.0,11,6,6,0.0,0.01,54.55,1.667,0.6,1,1,-1,1,matched,Bacteria,
Phoenicibacter,6,9,0.0,0.0,11,2,2,0.0,0.0,18.18,3.0,0.333,1,1,-1,1,matched,Bacteria,
Phytohabitans,11,13,0.0,0.0,11,7,11,0.0,0.01,100.0,1.571,0.636,1,1,-1,1,matched,Bacteria,
Symploca,4,9,0.0,0.0,11,11,0,0.0,0.02,0.0,0.364,2.75,1,1,-1,1,matched,Bacteria,
Methylopila,3,21,0.0,0.0,11,9,9,0.0,0.01,81.82,0.333,3.0,1,1,-1,1,matched,Bacteria,
Caenispirillum,4,19,0.0,0.0,11,4,4,0.0,0.01,36.36,1.0,1.0,1,1,-1,1,matched,Bacteria,
Oceanibaculum,8,19,0.0,0.0,11,4,4,0.0,0.01,36.36,2.0,0.5,1,1,-1,1,matched,Bacteria,
Exilispira,17,156,0.01,0.01,11,1,0,0.0,0.0,0.0,17.0,0.059,1,1,-1,1,matched,Bacteria,
Zhihengliuella,3,13,0.0,0.0,11,6,6,0.0,0.01,54.55,0.5,2.0,1,1,-1,1,matched,Bacteria,
Niveispirillum,10,59,0.0,0.0,11,8,8,0.0,0.01,72.73,1.25,0.8,1,1,-1,1,matched,Bacteria,
Cytophaga,94,386,0.04,0.03,11,5,4,0.0,0.01,36.36,18.8,0.053,1,1,-1,1,matched,Bacteria,
Salinigranum,10,78,0.0,0.01,11,6,7,0.0,0.01,63.64,1.667,0.6,1,1,-1,1,matched,Archaea,
Xylanimicrobium,1,3,0.0,0.0,11,7,8,0.0,0.01,72.73,0.143,7.0,0,1,0,1,matched,Bacteria,
Pyrodictium,6,31,0.0,0.0,11,4,4,0.0,0.01,36.36,1.5,0.667,1,1,-1,1,matched,Archaea,
Aquisalimonas,5,10,0.0,0.0,11,5,4,0.0,0.01,36.36,1.0,1.0,1,1,-1,1,matched,Bacteria,
Humibacillus,5,13,0.0,0.0,11,3,5,0.0,0.0,45.45,1.667,0.6,1,1,-1,1,matched,Bacteria,
Xylanibacterium,2,13,0.0,0.0,11,7,8,0.0,0.01,72.73,0.286,3.5,0,1,0,1,matched,Bacteria,
Centipeda,5,17,0.0,0.0,11,3,1,0.0,0.0,9.09,1.667,0.6,1,0,0,1,matched,Bacteria,
Armatimonas,23,511,0.01,0.04,11,2,1,0.0,0.0,9.09,11.5,0.087,1,1,-1,1,matched,Bacteria,
Sulfurirhabdus,12,26,0.0,0.0,11,2,2,0.0,0.0,18.18,6.0,0.167,1,1,-1,1,matched,Bacteria,
Hamadaea,2,10,0.0,0.0,11,5,5,0.0,0.01,45.45,0.4,2.5,1,1,-1,1,matched,Bacteria,
Actinocrinis,2,2,0.0,0.0,11,2,1,0.0,0.0,9.09,1.0,1.0,1,1,-1,1,matched,Bacteria,
Maritalea,9,27,0.0,0.0,11,6,8,0.0,0.01,72.73,1.5,0.667,1,1,-1,1,matched,Bacteria,
Haliangium,748,3124,0.29,0.26,11,4,2,0.0,0.01,18.18,187.0,0.005,1,1,-1,1,matched,Bacteria,
Povalibacter,2,2,0.0,0.0,11,2,1,0.0,0.0,9.09,1.0,1.0,1,1,-1,1,matched,Bacteria,
Geitlerinema,22,104,0.01,0.01,11,10,7,0.0,0.01,63.64,2.2,0.455,1,1,-1,1,matched,Bacteria,
Pseudobacteriovorax,11,48,0.0,0.0,11,2,2,0.0,0.0,18.18,5.5,0.182,1,1,-1,1,matched,Bacteria,
Luteitalea,35,158,0.01,0.01,11,4,2,0.0,0.01,18.18,8.75,0.114,1,1,-1,1,matched,Bacteria,
Thalassobacillus,7,25,0.0,0.0,11,7,11,0.0,0.01,100.0,1.0,1.0,1,1,-1,1,matched,Bacteria,
Alkalibacillus,7,17,0.0,0.0,11,8,11,0.0,0.01,100.0,0.875,1.143,1,1,-1,1,matched,Bacteria,
Flavicella,14,31,0.01,0.0,11,3,4,0.0,0.0,36.36,4.667,0.214,1,1,-1,1,matched,Bacteria,
Halosimplex,19,49,0.01,0.0,11,9,10,0.0,0.01,90.91,2.111,0.474,1,1,-1,1,matched,Archaea,
Mangrovibacterium,4,15,0.0,0.0,11,4,3,0.0,0.01,27.27,1.0,1.0,1,1,-1,1,matched,Bacteria,
Hydrogenibacillus,4,7,0.0,0.0,11,3,7,0.0,0.0,63.64,1.333,0.75,1,1,-1,1,matched,Bacteria,
Pelobacter,19,121,0.01,0.01,11,7,2,0.0,0.01,18.18,2.714,0.368,1,1,-1,1,matched,Bacteria,
Methanogenium,14,75,0.01,0.01,11,6,5,0.0,0.01,45.45,2.333,0.429,1,1,-1,1,matched,Archaea,
Sediminispirochaeta,181,522,0.07,0.04,11,4,2,0.0,0.01,18.18,45.25,0.022,1,1,-1,1,matched,Bacteria,
Beijerinckia,9,49,0.0,0.0,11,7,5,0.0,0.01,45.45,1.286,0.778,1,1,-1,1,matched,Bacteria,
Thermocladium,6,37,0.0,0.0,11,4,2,0.0,0.01,18.18,1.5,0.667,1,1,-1,1,matched,Archaea,
Saprospira,25,94,0.01,0.01,11,3,4,0.0,0.0,36.36,8.333,0.12,1,1,-1,1,matched,Bacteria,
Tychonema,25,246,0.01,0.02,11,7,9,0.0,0.01,81.82,3.571,0.28,1,1,-1,1,matched,Bacteria,
Thiohalospira,2,7,0.0,0.0,11,2,1,0.0,0.0,9.09,1.0,1.0,1,1,-1,1,matched,Bacteria,
Desulfurobacterium,12,41,0.0,0.0,11,7,6,0.0,0.01,54.55,1.714,0.583,1,1,-1,1,matched,Bacteria,
Gleimia,1,1,0.0,0.0,11,6,9,0.0,0.01,81.82,0.167,6.0,1,1,-1,1,matched,Bacteria,
Thermovibrio,9,33,0.0,0.0,11,3,2,0.0,0.0,18.18,3.0,0.333,1,1,-1,1,matched,Bacteria,
Stackebrandtia,5,11,0.0,0.0,11,7,6,0.0,0.01,54.55,0.714,1.4,1,1,-1,1,matched,Bacteria,
Desulfofundulus,17,47,0.01,0.0,10,8,9,0.0,0.01,90.0,2.125,0.471,1,1,-1,1,matched,Bacteria,
Desulfonatronum,15,74,0.01,0.01,10,7,6,0.0,0.01,60.0,2.143,0.467,1,1,-1,1,matched,Bacteria,
Siccibacter,1,1,0.0,0.0,10,2,9,0.0,0.0,90.0,0.5,2.0,1,1,-1,1,matched,Bacteria,
Jiella,1,4,0.0,0.0,10,9,10,0.0,0.01,100.0,0.111,9.0,1,1,-1,1,matched,Bacteria,
Azovibrio,16,30,0.01,0.0,10,2,1,0.0,0.0,10.0,8.0,0.125,1,1,-1,1,matched,Bacteria,
Mycoplana,4,15,0.0,0.0,10,7,8,0.0,0.01,80.0,0.571,1.75,1,1,-1,1,matched,Bacteria,
Hahella,18,55,0.01,0.0,10,9,9,0.0,0.01,90.0,2.0,0.5,1,1,-1,1,matched,Bacteria,
Thermincola,48,97,0.02,0.01,10,3,2,0.0,0.0,20.0,16.0,0.062,1,1,-1,1,matched,Bacteria,
Haloarchaeobius,3,7,0.0,0.0,10,6,10,0.0,0.01,100.0,0.5,2.0,1,1,-1,1,matched,Archaea,
Halofilum,15,61,0.01,0.01,10,2,1,0.0,0.0,10.0,7.5,0.133,1,0,0,1,matched,Bacteria,
Pseudaminobacter,19,46,0.01,0.0,10,5,7,0.0,0.01,70.0,3.8,0.263,1,1,-1,1,matched,Bacteria,
Hansschlegelia,4,18,0.0,0.0,10,5,7,0.0,0.01,70.0,0.8,1.25,1,1,-1,1,matched,Bacteria,
Halothece,3,34,0.0,0.0,10,4,1,0.0,0.01,10.0,0.75,1.333,1,1,-1,1,matched,Bacteria,
Chitinibacter,4,21,0.0,0.0,10,9,8,0.0,0.01,80.0,0.444,2.25,1,1,-1,1,matched,Bacteria,
Pseudoruegeria,15,34,0.01,0.0,10,7,5,0.0,0.01,50.0,2.143,0.467,1,1,-1,1,matched,Bacteria,
Salinarimonas,9,74,0.0,0.01,10,6,4,0.0,0.01,40.0,1.5,0.667,1,1,-1,1,matched,Bacteria,
Limnoraphis,3,4,0.0,0.0,10,2,6,0.0,0.0,60.0,1.5,0.667,1,1,-1,1,matched,Bacteria,
Trabulsiella,4,23,0.0,0.0,10,2,10,0.0,0.0,100.0,2.0,0.5,1,1,-1,1,matched,Bacteria,
Herpetosiphon,20,114,0.01,0.01,10,7,6,0.0,0.01,60.0,2.857,0.35,1,1,-1,1,matched,Bacteria,
Mobilicoccus,4,17,0.0,0.0,10,4,4,0.0,0.01,40.0,1.0,1.0,1,1,-1,1,matched,Bacteria,
Acidibacter,166,2558,0.06,0.21,10,2,0,0.0,0.0,0.0,83.0,0.012,1,1,-1,1,matched,Bacteria,
Marichromatium,4,19,0.0,0.0,10,7,9,0.0,0.01,90.0,0.571,1.75,1,1,-1,1,matched,Bacteria,
Flaviflexus,7,15,0.0,0.0,10,6,8,0.0,0.01,80.0,1.167,0.857,1,1,-1,1,matched,Bacteria,
Actinocorallia,7,105,0.0,0.01,10,10,10,0.0,0.01,100.0,0.7,1.429,1,1,-1,1,matched,Bacteria,
Alkalimonas,5,18,0.0,0.0,10,7,6,0.0,0.01,60.0,0.714,1.4,1,1,-1,1,matched,Bacteria,
Laceyella,5,30,0.0,0.0,10,4,9,0.0,0.01,90.0,1.25,0.8,1,1,-1,1,matched,Bacteria,
Acidithrix,5,14,0.0,0.0,10,3,2,0.0,0.0,20.0,1.667,0.6,1,1,-1,1,matched,Bacteria,
Pseudokineococcus,2,2,0.0,0.0,10,6,7,0.0,0.01,70.0,0.333,3.0,1,1,-1,1,matched,Bacteria,
Lonepinella,2,5,0.0,0.0,10,5,9,0.0,0.01,90.0,0.4,2.5,1,1,-1,1,matched,Bacteria,
Gibbsiella,2,17,0.0,0.0,10,3,8,0.0,0.0,80.0,0.667,1.5,1,1,-1,1,matched,Bacteria,
Methylocaldum,13,50,0.0,0.0,10,7,7,0.0,0.01,70.0,1.857,0.538,1,1,-1,1,matched,Bacteria,
Syntrophotalea,21,64,0.01,0.01,10,5,4,0.0,0.01,40.0,4.2,0.238,1,1,-1,1,matched,Bacteria,
Pricia,13,19,0.0,0.0,10,3,2,0.0,0.0,20.0,4.333,0.231,1,1,-1,1,matched,Bacteria,
Anaerospora,36,104,0.01,0.01,10,2,1,0.0,0.0,10.0,18.0,0.056,1,1,-1,1,matched,Bacteria,
Macromonas,2,9,0.0,0.0,10,4,2,0.0,0.01,20.0,0.5,2.0,1,1,-1,1,matched,Bacteria,
Allobacillus,5,7,0.0,0.0,10,8,8,0.0,0.01,80.0,0.625,1.6,1,1,-1,1,matched,Bacteria,
Granulibacter,9,62,0.0,0.01,10,1,10,0.0,0.0,100.0,9.0,0.111,1,1,-1,1,matched,Bacteria,
Planobispora,2,4,0.0,0.0,10,4,10,0.0,0.01,100.0,0.5,2.0,1,1,-1,1,matched,Bacteria,
Lutimaribacter,11,20,0.0,0.0,10,6,5,0.0,0.01,50.0,1.833,0.545,1,1,-1,1,matched,Bacteria,
Rubritepida,10,49,0.0,0.0,10,3,1,0.0,0.0,10.0,3.333,0.3,1,1,-1,1,matched,Bacteria,
Methyloligella,2,4,0.0,0.0,10,6,4,0.0,0.01,40.0,0.333,3.0,1,1,-1,1,matched,Bacteria,
Haloterrigena,25,132,0.01,0.01,10,7,10,0.0,0.01,100.0,3.571,0.28,1,1,-1,1,matched,Archaea,
Oceanihabitans,1,2,0.0,0.0,10,5,6,0.0,0.01,60.0,0.2,5.0,1,1,-1,1,matched,Bacteria,
Halarchaeum,11,49,0.0,0.0,10,8,9,0.0,0.01,90.0,1.375,0.727,1,1,-1,1,matched,Archaea,
Ethanoligenens,10,27,0.0,0.0,10,3,5,0.0,0.0,50.0,3.333,0.3,1,1,-1,1,matched,Bacteria,
Peptoanaerobacter,1,6,0.0,0.0,10,2,6,0.0,0.0,60.0,0.5,2.0,1,1,-1,1,matched,Bacteria,
Salimicrobium,6,31,0.0,0.0,10,7,10,0.0,0.01,100.0,0.857,1.167,1,1,-1,1,matched,Bacteria,
Acuticoccus,11,27,0.0,0.0,10,8,9,0.0,0.01,90.0,1.375,0.727,1,1,-1,1,matched,Bacteria,
Perlucidibaca,6,59,0.0,0.0,10,4,2,0.0,0.01,20.0,1.5,0.667,1,1,-1,1,matched,Bacteria,
Thermovirga,89,366,0.03,0.03,10,3,1,0.0,0.0,10.0,29.667,0.034,1,1,-1,1,matched,Bacteria,
Pseudorhodoferax,6,33,0.0,0.0,10,7,5,0.0,0.01,50.0,0.857,1.167,1,1,-1,1,matched,Bacteria,
Oceanispirochaeta,3,3,0.0,0.0,10,4,4,0.0,0.01,40.0,0.75,1.333,1,1,-1,1,matched,Bacteria,
Leminorella,3,11,0.0,0.0,10,2,9,0.0,0.0,90.0,1.5,0.667,1,1,-1,1,matched,Bacteria,
Paludibacterium,17,140,0.01,0.01,10,7,8,0.0,0.01,80.0,2.429,0.412,1,1,-1,1,matched,Bacteria,
Marinilabilia,8,47,0.0,0.0,10,4,5,0.0,0.01,50.0,2.0,0.5,1,1,-1,1,matched,Bacteria,
Enteroscipio,1,1,0.0,0.0,10,3,2,0.0,0.0,20.0,0.333,3.0,1,1,-1,1,matched,Bacteria,
Testudinibacter,1,3,0.0,0.0,9,2,9,0.0,0.0,100.0,0.5,2.0,1,1,-1,1,matched,Bacteria,
Denitrobacterium,3,24,0.0,0.0,9,3,2,0.0,0.0,22.22,1.0,1.0,1,1,-1,1,matched,Bacteria,
Schumannella,3,39,0.0,0.0,9,5,4,0.0,0.01,44.44,0.6,1.667,1,1,-1,1,matched,Bacteria,
Panacibacter,1,3,0.0,0.0,9,3,2,0.0,0.0,22.22,0.333,3.0,1,1,-1,1,matched,Bacteria,
Kroppenstedtia,7,15,0.0,0.0,9,5,8,0.0,0.01,88.89,1.4,0.714,1,1,-1,1,matched,Bacteria,
Tamlana,10,24,0.0,0.0,9,7,9,0.0,0.01,100.0,1.429,0.7,1,1,-1,1,matched,Bacteria,
Gryllotalpicola,6,22,0.0,0.0,9,7,6,0.0,0.01,66.67,0.857,1.167,1,1,-1,1,matched,Bacteria,
Dethiosulfovibrio,6,31,0.0,0.0,9,8,6,0.0,0.01,66.67,0.75,1.333,1,1,-1,1,matched,Bacteria,
Gallaecimonas,6,19,0.0,0.0,9,6,7,0.0,0.01,77.78,1.0,1.0,1,1,-1,1,matched,Bacteria,
Sporobacter,10,48,0.0,0.0,9,4,3,0.0,0.01,33.33,2.5,0.4,1,1,-1,1,matched,Bacteria,
Robbsia,6,16,0.0,0.0,9,4,8,0.0,0.01,88.89,1.5,0.667,1,1,-1,1,matched,Bacteria,
Cuniculiplasma,6,23,0.0,0.0,9,3,2,0.0,0.0,22.22,2.0,0.5,1,1,-1,1,matched,Archaea,
Halopenitus,3,8,0.0,0.0,9,6,7,0.0,0.01,77.78,0.5,2.0,1,1,-1,1,matched,Archaea,
Zeaxanthinibacter,11,72,0.0,0.01,9,3,2,0.0,0.0,22.22,3.667,0.273,1,1,-1,1,matched,Bacteria,
Fulvimarina,3,14,0.0,0.0,9,7,7,0.0,0.01,77.78,0.429,2.333,1,1,-1,1,matched,Bacteria,
Aestuariibaculum,4,7,0.0,0.0,9,7,8,0.0,0.01,88.89,0.571,1.75,1,1,-1,1,matched,Bacteria,
Amphibacillus,10,28,0.0,0.0,9,9,7,0.0,0.01,77.78,1.111,0.9,1,1,-1,1,matched,Bacteria,
Thermogemmatispora,4,8,0.0,0.0,9,5,4,0.0,0.01,44.44,0.8,1.25,1,1,-1,1,matched,Bacteria,
Caloranaerobacter,6,20,0.0,0.0,9,3,5,0.0,0.0,55.56,2.0,0.5,1,1,-1,1,matched,Bacteria,
Yimella,1,6,0.0,0.0,9,6,6,0.0,0.01,66.67,0.167,6.0,1,1,-1,1,matched,Bacteria,
Zavarzinia,3,9,0.0,0.0,9,4,4,0.0,0.01,44.44,0.75,1.333,1,1,-1,1,matched,Bacteria,
Anaerosporobacter,42,112,0.02,0.01,9,4,2,0.0,0.01,22.22,10.5,0.095,1,1,-1,1,matched,Bacteria,
Conchiformibius,11,45,0.0,0.0,9,3,6,0.0,0.0,66.67,3.667,0.273,1,1,-1,1,matched,Bacteria,
Arachidicoccus,12,29,0.0,0.0,9,6,5,0.0,0.01,55.56,2.0,0.5,1,1,-1,1,matched,Bacteria,
Marinococcus,22,48,0.01,0.0,9,5,8,0.0,0.01,88.89,4.4,0.227,1,1,-1,1,matched,Bacteria,
Mobilitalea,11,23,0.0,0.0,9,2,1,0.0,0.0,11.11,5.5,0.182,1,1,-1,1,matched,Bacteria,
Proteocatella,9,43,0.0,0.0,9,2,1,0.0,0.0,11.11,4.5,0.222,1,1,-1,1,matched,Bacteria,
Paludisphaera,11,73,0.0,0.01,9,5,5,0.0,0.01,55.56,2.2,0.455,1,1,-1,1,matched,Bacteria,
Tumebacillus,66,414,0.03,0.03,9,8,8,0.0,0.01,88.89,8.25,0.121,1,1,-1,1,matched,Bacteria,
Actinocatenispora,2,9,0.0,0.0,9,5,8,0.0,0.01,88.89,0.4,2.5,1,1,-1,1,matched,Bacteria,
Algoriella,2,5,0.0,0.0,9,2,2,0.0,0.0,22.22,1.0,1.0,1,1,-1,1,matched,Bacteria,
Nitrosococcus,5,18,0.0,0.0,9,4,9,0.0,0.01,100.0,1.25,0.8,1,1,-1,1,matched,Bacteria,
Arcticibacter,21,61,0.01,0.01,9,6,7,0.0,0.01,77.78,3.5,0.286,1,1,-1,1,matched,Bacteria,
Aquiflexum,9,58,0.0,0.0,9,6,5,0.0,0.01,55.56,1.5,0.667,1,1,-1,1,matched,Bacteria,
Pseudogulbenkiania,5,151,0.0,0.01,9,6,5,0.0,0.01,55.56,0.833,1.2,1,1,-1,1,matched,Bacteria,
Altibacter,5,14,0.0,0.0,9,4,2,0.0,0.01,22.22,1.25,0.8,1,1,-1,1,matched,Bacteria,
Rhodovarius,14,87,0.01,0.01,9,4,2,0.0,0.01,22.22,3.5,0.286,1,1,-1,1,matched,Bacteria,
Halonotius,52,129,0.02,0.01,9,9,6,0.0,0.01,66.67,5.778,0.173,1,1,-1,1,matched,Archaea,
Sanguibacteroides,7,10,0.0,0.0,9,3,5,0.0,0.0,55.56,2.333,0.429,1,1,-1,1,matched,Bacteria,
Thermomonospora,19,56,0.01,0.0,9,9,6,0.0,0.01,66.67,2.111,0.474,1,1,-1,1,matched,Bacteria,
Rubinisphaera,20,41,0.01,0.0,9,6,4,0.0,0.01,44.44,3.333,0.3,1,1,-1,1,matched,Bacteria,
Bryocella,11,60,0.0,0.01,9,3,1,0.0,0.0,11.11,3.667,0.273,1,1,-1,1,matched,Bacteria,
Aquibacillus,5,10,0.0,0.0,9,8,9,0.0,0.01,100.0,0.625,1.6,1,1,-1,1,matched,Bacteria,
Malikia,4,92,0.0,0.01,9,3,3,0.0,0.0,33.33,1.333,0.75,1,1,-1,1,matched,Bacteria,
Weeksella,7,16,0.0,0.0,9,4,8,0.0,0.01,88.89,1.75,0.571,1,1,-1,1,matched,Bacteria,
Cystobacter,8,85,0.0,0.01,9,4,6,0.0,0.01,66.67,2.0,0.5,1,1,-1,1,matched,Bacteria,
Oleiagrimonas,4,10,0.0,0.0,9,5,5,0.0,0.01,55.56,0.8,1.25,1,1,-1,1,matched,Bacteria,
Herbidospora,2,24,0.0,0.0,9,8,9,0.0,0.01,100.0,0.25,4.0,1,1,-1,1,matched,Bacteria,
Sinomicrobium,5,11,0.0,0.0,9,6,7,0.0,0.01,77.78,0.833,1.2,1,1,-1,1,matched,Bacteria,
Prolixibacter,13,33,0.0,0.0,9,6,7,0.0,0.01,77.78,2.167,0.462,1,1,-1,1,matched,Bacteria,
Kyrpidia,4,28,0.0,0.0,9,3,6,0.0,0.0,66.67,1.333,0.75,1,1,-1,1,matched,Bacteria,
Buchananella,1,1,0.0,0.0,9,2,7,0.0,0.0,77.78,0.5,2.0,1,1,-1,1,matched,Bacteria,
Roseimaritima,4,7,0.0,0.0,8,4,4,0.0,0.01,50.0,1.0,1.0,1,1,-1,1,matched,Bacteria,
Alkalicoccus,2,11,0.0,0.0,8,7,7,0.0,0.01,87.5,0.286,3.5,1,1,-1,1,matched,Bacteria,
Aestuariivivens,2,4,0.0,0.0,8,5,8,0.0,0.01,100.0,0.4,2.5,1,1,-1,1,matched,Bacteria,
Skermanella,43,189,0.02,0.02,8,7,7,0.0,0.01,87.5,6.143,0.163,1,1,-1,1,matched,Bacteria,
Cuspidothrix,1,5,0.0,0.0,8,2,2,0.0,0.0,25.0,0.5,2.0,1,1,-1,1,matched,Bacteria,
Simiduia,3,11,0.0,0.0,8,5,7,0.0,0.01,87.5,0.6,1.667,1,1,-1,1,matched,Bacteria,
Bibersteinia,3,45,0.0,0.0,8,1,8,0.0,0.0,100.0,3.0,0.333,1,1,-1,1,matched,Bacteria,
Zobellella,6,31,0.0,0.0,8,7,8,0.0,0.01,100.0,0.857,1.167,1,1,-1,1,matched,Bacteria,
Saccharibacter,1,5,0.0,0.0,8,7,8,0.0,0.01,100.0,0.143,7.0,1,1,-1,1,matched,Bacteria,
Caenimonas,19,103,0.01,0.01,8,7,6,0.0,0.01,75.0,2.714,0.368,1,1,-1,1,matched,Bacteria,
Camelimonas,4,18,0.0,0.0,8,3,6,0.0,0.0,75.0,1.333,0.75,1,1,-1,1,matched,Bacteria,
Halolactibacillus,7,45,0.0,0.0,8,4,8,0.0,0.01,100.0,1.75,0.571,1,1,-1,1,matched,Bacteria,
Caldalkalibacillus,7,16,0.0,0.0,8,5,8,0.0,0.01,100.0,1.4,0.714,1,1,-1,1,matched,Bacteria,
Geoalkalibacter,18,66,0.01,0.01,8,4,5,0.0,0.01,62.5,4.5,0.222,1,1,-1,1,matched,Bacteria,
Pseudoxanthobacter,4,16,0.0,0.0,8,3,2,0.0,0.0,25.0,1.333,0.75,1,1,-1,1,matched,Bacteria,
Desulfosoma,1,18,0.0,0.0,8,3,1,0.0,0.0,12.5,0.333,3.0,1,1,-1,1,matched,Bacteria,
Nereida,1,10,0.0,0.0,8,3,7,0.0,0.0,87.5,0.333,3.0,1,1,-1,1,matched,Bacteria,
Marinicauda,4,7,0.0,0.0,8,4,7,0.0,0.01,87.5,1.0,1.0,1,1,-1,1,matched,Bacteria,
Amphiplicatus,42,330,0.02,0.03,8,2,2,0.0,0.0,25.0,21.0,0.048,1,1,-1,1,matched,Bacteria,
Paenochrobactrum,9,17,0.0,0.0,8,6,7,0.0,0.01,87.5,1.5,0.667,1,1,-1,1,matched,Bacteria,
Nitriliruptor,3,7,0.0,0.0,8,2,1,0.0,0.0,12.5,1.5,0.667,1,1,-1,1,matched,Bacteria,
Eoetvoesia,3,6,0.0,0.0,8,2,5,0.0,0.0,62.5,1.5,0.667,0,1,0,1,matched,Bacteria,
Lacihabitans,16,231,0.01,0.02,8,6,5,0.0,0.01,62.5,2.667,0.375,1,1,-1,1,matched,Bacteria,
Jonquetella,1,1,0.0,0.0,8,3,3,0.0,0.0,37.5,0.333,3.0,1,1,-1,1,matched,Bacteria,
Athalassotoga,1,2,0.0,0.0,8,2,1,0.0,0.0,12.5,0.5,2.0,1,1,-1,1,matched,Bacteria,
Halohasta,10,139,0.0,0.01,8,4,5,0.0,0.01,62.5,2.5,0.4,1,1,-1,1,matched,Archaea,
Thiohalomonas,8,14,0.0,0.0,8,3,1,0.0,0.0,12.5,2.667,0.375,1,1,-1,1,matched,Bacteria,
Belnapia,7,34,0.0,0.0,8,6,6,0.0,0.01,75.0,1.167,0.857,1,1,-1,1,matched,Bacteria,
Intestinibacillus,2,3,0.0,0.0,8,5,4,0.0,0.01,50.0,0.4,2.5,1,1,-1,1,matched,Bacteria,
Salibacterium,3,10,0.0,0.0,8,5,8,0.0,0.01,100.0,0.6,1.667,1,1,-1,1,matched,Bacteria,
Thiocystis,8,24,0.0,0.0,8,4,4,0.0,0.01,50.0,2.0,0.5,1,1,-1,1,matched,Bacteria,
Nitrolancea,34,80,0.01,0.01,8,2,1,0.0,0.0,12.5,17.0,0.059,1,1,-1,1,matched,Bacteria,
Crossiella,64,243,0.02,0.02,8,6,8,0.0,0.01,100.0,10.667,0.094,1,1,-1,1,matched,Bacteria,
Marisediminicola,5,15,0.0,0.0,8,7,5,0.0,0.01,62.5,0.714,1.4,1,1,-1,1,matched,Bacteria,
Kamptonema,5,6,0.0,0.0,8,8,5,0.0,0.01,62.5,0.625,1.6,1,1,-1,1,matched,Bacteria,
Psychrilyobacter,13,100,0.0,0.01,8,4,5,0.0,0.01,62.5,3.25,0.308,1,1,-1,1,matched,Bacteria,
Flexivirga,2,14,0.0,0.0,8,7,7,0.0,0.01,87.5,0.286,3.5,1,1,-1,1,matched,Bacteria,
Hathewaya,2,7,0.0,0.0,8,4,8,0.0,0.01,100.0,0.5,2.0,1,1,-1,1,matched,Bacteria,
Helcobacillus,7,13,0.0,0.0,8,2,8,0.0,0.0,100.0,3.5,0.286,1,1,-1,1,matched,Bacteria,
Telluribacter,2,2,0.0,0.0,8,3,2,0.0,0.0,25.0,0.667,1.5,1,1,-1,1,matched,Bacteria,
Methylovorus,4,51,0.0,0.0,8,7,6,0.0,0.01,75.0,0.571,1.75,1,1,-1,1,matched,Bacteria,
Antarcticibacterium,14,32,0.01,0.0,8,6,4,0.0,0.01,50.0,2.333,0.429,1,1,-1,1,matched,Bacteria,
Pilimelia,2,6,0.0,0.0,8,4,4,0.0,0.01,50.0,0.5,2.0,1,1,-1,1,matched,Bacteria,
Gloeocapsopsis,2,10,0.0,0.0,8,3,8,0.0,0.0,100.0,0.667,1.5,1,1,-1,1,matched,Bacteria,
Natronobacterium,14,23,0.01,0.0,8,4,8,0.0,0.01,100.0,3.5,0.286,1,1,-1,1,matched,Archaea,
Oceanicola,13,51,0.0,0.0,8,7,5,0.0,0.01,62.5,1.857,0.538,1,1,-1,1,matched,Bacteria,
Glycocaulis,2,73,0.0,0.01,8,5,6,0.0,0.01,75.0,0.4,2.5,1,1,-1,1,matched,Bacteria,
Tepidibacillus,4,6,0.0,0.0,8,7,6,0.0,0.01,75.0,0.571,1.75,1,1,-1,1,matched,Bacteria,
Crenobacter,8,30,0.0,0.0,8,5,8,0.0,0.01,100.0,1.6,0.625,1,1,-1,1,matched,Bacteria,
Desulfocurvus,5,14,0.0,0.0,8,3,1,0.0,0.0,12.5,1.667,0.6,1,1,-1,1,matched,Bacteria,
Arcticibacterium,4,32,0.0,0.0,8,3,1,0.0,0.0,12.5,1.333,0.75,1,1,-1,1,matched,Bacteria,
Halovivax,7,24,0.0,0.0,8,6,6,0.0,0.01,75.0,1.167,0.857,1,1,-1,1,matched,Archaea,
Corticibacterium,1,11,0.0,0.0,8,5,6,0.0,0.01,75.0,0.2,5.0,0,1,0,1,matched,Bacteria,
Saliphagus,3,4,0.0,0.0,8,6,7,0.0,0.01,87.5,0.5,2.0,1,1,-1,1,matched,Archaea,
Brevinema,61,292,0.02,0.02,8,3,1,0.0,0.0,12.5,20.333,0.049,1,1,-1,1,matched,Bacteria,
Bernardetia,5,84,0.0,0.01,8,6,5,0.0,0.01,62.5,0.833,1.2,1,1,-1,1,matched,Bacteria,
Lutispora,82,148,0.03,0.01,8,3,2,0.0,0.0,25.0,27.333,0.037,1,1,-1,1,matched,Bacteria,
Permianibacter,5,10,0.0,0.0,8,3,3,0.0,0.0,37.5,1.667,0.6,1,1,-1,1,matched,Bacteria,
Catenibacillus,5,9,0.0,0.0,8,3,1,0.0,0.0,12.5,1.667,0.6,1,1,-1,1,matched,Bacteria,
Humibacter,5,14,0.0,0.0,8,6,4,0.0,0.01,50.0,0.833,1.2,1,1,-1,1,matched,Bacteria,
Chlorogloeopsis,5,21,0.0,0.0,8,3,7,0.0,0.0,87.5,1.667,0.6,1,1,-1,1,matched,Bacteria,
Ventosimonas,7,16,0.0,0.0,8,2,1,0.0,0.0,12.5,3.5,0.286,1,1,-1,1,matched,Bacteria,
Filimonas,12,30,0.0,0.0,8,4,6,0.0,0.01,75.0,3.0,0.333,1,1,-1,1,matched,Bacteria,
Halomicronema,8,14,0.0,0.0,8,4,2,0.0,0.01,25.0,2.0,0.5,1,1,-1,1,matched,Bacteria,
Microbacter,12,81,0.0,0.01,8,4,3,0.0,0.01,37.5,3.0,0.333,1,1,-1,1,matched,Bacteria,
Pseudactinotalea,4,9,0.0,0.0,8,6,4,0.0,0.01,50.0,0.667,1.5,1,1,-1,1,matched,Bacteria,
Acidisoma,7,45,0.0,0.0,8,6,5,0.0,0.01,62.5,1.167,0.857,1,1,-1,1,matched,Bacteria,
Cryptosporangium,2,37,0.0,0.0,8,7,8,0.0,0.01,100.0,0.286,3.5,1,1,-1,1,matched,Bacteria,
Iodidimonas,11,95,0.0,0.01,8,7,8,0.0,0.01,100.0,1.571,0.636,1,1,-1,1,matched,Bacteria,
Thermodiscus,6,12,0.0,0.0,8,2,0,0.0,0.0,0.0,3.0,0.333,1,1,-1,1,matched,Archaea,
Wolinella,4,15,0.0,0.0,7,2,2,0.0,0.0,28.57,2.0,0.5,1,1,-1,1,matched,Bacteria,
Fervidicoccus,10,33,0.0,0.0,7,2,2,0.0,0.0,28.57,5.0,0.2,1,1,-1,1,matched,Archaea,
Longispora,28,58,0.01,0.0,7,5,6,0.0,0.01,85.71,5.6,0.179,1,0,0,1,matched,Bacteria,
Thiohalorhabdus,27,52,0.01,0.0,7,3,3,0.0,0.0,42.86,9.0,0.111,1,1,-1,1,matched,Bacteria,
Geomicrobium,7,11,0.0,0.0,7,7,7,0.0,0.01,100.0,1.0,1.0,1,1,-1,1,matched,Bacteria,
Thermosulfurimonas,3,12,0.0,0.0,7,4,3,0.0,0.01,42.86,0.75,1.333,1,1,-1,1,matched,Bacteria,
Aquipuribacter,3,13,0.0,0.0,7,3,7,0.0,0.0,100.0,1.0,1.0,1,1,-1,1,matched,Bacteria,
Catenovulum,10,26,0.0,0.0,7,5,7,0.0,0.01,100.0,2.0,0.5,1,1,-1,1,matched,Bacteria,
Rhodovibrio,16,75,0.01,0.01,7,4,3,0.0,0.01,42.86,4.0,0.25,1,1,-1,1,matched,Bacteria,
Cephaloticoccus,54,650,0.02,0.05,7,3,2,0.0,0.0,28.57,18.0,0.056,1,1,-1,1,matched,Bacteria,
Pseudoteredinibacter,3,5,0.0,0.0,7,2,4,0.0,0.0,57.14,1.5,0.667,1,1,-1,1,matched,Bacteria,
Planosporangium,6,19,0.0,0.0,7,4,6,0.0,0.01,85.71,1.5,0.667,1,1,-1,1,matched,Bacteria,
Melaminivora,3,37,0.0,0.0,7,4,5,0.0,0.01,71.43,0.75,1.333,1,1,-1,1,matched,Bacteria,
Bowmanella,3,5,0.0,0.0,7,5,7,0.0,0.01,100.0,0.6,1.667,1,1,-1,1,matched,Bacteria,
Asaccharobacter,1,1,0.0,0.0,7,1,0,0.0,0.0,0.0,1.0,1.0,1,1,-1,1,matched,Bacteria,
Cognatiyoonia,4,41,0.0,0.0,7,6,4,0.0,0.01,57.14,0.667,1.5,1,1,-1,1,matched,Bacteria,
Aliikangiella,16,37,0.01,0.0,7,5,5,0.0,0.01,71.43,3.2,0.312,1,1,-1,1,matched,Bacteria,
Puniceibacterium,1,4,0.0,0.0,7,6,5,0.0,0.01,71.43,0.167,6.0,1,1,-1,1,matched,Bacteria,
Lebetimonas,9,16,0.0,0.0,7,7,7,0.0,0.01,100.0,1.286,0.778,1,1,-1,1,matched,Bacteria,
Aquisalinus,3,6,0.0,0.0,7,3,5,0.0,0.0,71.43,1.0,1.0,1,1,-1,1,matched,Bacteria,
Prochloron,6,21,0.0,0.0,7,4,0,0.0,0.01,0.0,1.5,0.667,1,1,-1,1,matched,Bacteria,
Aquabacter,1,1,0.0,0.0,7,7,5,0.0,0.01,71.43,0.143,7.0,1,1,-1,1,matched,Bacteria,
Thermoplasma,6,12,0.0,0.0,7,4,3,0.0,0.01,42.86,1.5,0.667,1,1,-1,1,matched,Archaea,
Iamia,97,519,0.04,0.04,7,3,2,0.0,0.0,28.57,32.333,0.031,1,1,-1,1,matched,Bacteria,
Primorskyibacter,6,10,0.0,0.0,7,5,6,0.0,0.01,85.71,1.2,0.833,1,1,-1,1,matched,Bacteria,
Peptoclostridium,54,193,0.02,0.02,7,6,4,0.0,0.01,57.14,9.0,0.111,1,1,-1,1,matched,Bacteria,
Pseudomaricurvus,3,3,0.0,0.0,7,5,5,0.0,0.01,71.43,0.6,1.667,1,1,-1,1,matched,Bacteria,
Mangrovibacter,3,8,0.0,0.0,7,5,7,0.0,0.01,100.0,0.6,1.667,1,1,-1,1,matched,Bacteria,
Mizugakiibacter,6,21,0.0,0.0,7,3,1,0.0,0.0,14.29,2.0,0.5,1,1,-1,1,matched,Bacteria,
Sulfurisphaera,4,23,0.0,0.0,7,3,6,0.0,0.0,85.71,1.333,0.75,1,1,-1,1,matched,Archaea,
Cecembia,5,12,0.0,0.0,7,4,3,0.0,0.01,42.86,1.25,0.8,1,1,-1,1,matched,Bacteria,
Chryseomicrobium,11,32,0.0,0.0,7,5,7,0.0,0.01,100.0,2.2,0.455,1,1,-1,1,matched,Bacteria,
Halothermothrix,5,9,0.0,0.0,7,5,1,0.0,0.01,14.29,1.0,1.0,1,1,-1,1,matched,Bacteria,
Chromatium,9,35,0.0,0.0,7,3,3,0.0,0.0,42.86,3.0,0.333,1,1,-1,1,matched,Bacteria,
Roseospira,3,4,0.0,0.0,7,5,6,0.0,0.01,85.71,0.6,1.667,1,1,-1,1,matched,Bacteria,
Thermogladius,14,50,0.01,0.0,7,2,1,0.0,0.0,14.29,7.0,0.143,1,1,-1,1,matched,Archaea,
Tropicibacter,11,19,0.0,0.0,7,6,7,0.0,0.01,100.0,1.833,0.545,1,1,-1,1,matched,Bacteria,
Aestuariicella,11,19,0.0,0.0,7,5,5,0.0,0.01,71.43,2.2,0.455,0,1,0,1,matched,Bacteria,
Variibacter,2,4,0.0,0.0,7,2,3,0.0,0.0,42.86,1.0,1.0,1,1,-1,1,matched,Bacteria,
Hirschia,37,274,0.01,0.02,7,5,3,0.0,0.01,42.86,7.4,0.135,1,1,-1,1,matched,Bacteria,
Rhodocyclus,1,2,0.0,0.0,7,3,7,0.0,0.0,100.0,0.333,3.0,1,1,-1,1,matched,Bacteria,
Gloeocapsa,7,10,0.0,0.0,7,6,4,0.0,0.01,57.14,1.167,0.857,1,1,-1,1,matched,Bacteria,
Halostella,2,4,0.0,0.0,7,6,7,0.0,0.01,100.0,0.333,3.0,1,1,-1,1,matched,Archaea,
Luteimicrobium,2,7,0.0,0.0,7,5,5,0.0,0.01,71.43,0.4,2.5,1,1,-1,1,matched,Bacteria,
Solitalea,34,356,0.01,0.03,7,7,6,0.0,0.01,85.71,4.857,0.206,1,1,-1,1,matched,Bacteria,
Acidipila,2,4,0.0,0.0,7,4,2,0.0,0.01,28.57,0.5,2.0,1,1,-1,1,matched,Bacteria,
Ketogulonicigenium,2,35,0.0,0.0,7,2,7,0.0,0.0,100.0,1.0,1.0,1,1,-1,1,matched,Bacteria,
Haloechinothrix,1,1,0.0,0.0,7,5,7,0.0,0.01,100.0,0.2,5.0,1,1,-1,1,matched,Bacteria,
Sediminibacillus,4,5,0.0,0.0,7,6,7,0.0,0.01,100.0,0.667,1.5,1,1,-1,1,matched,Bacteria,
Alysiella,9,26,0.0,0.0,7,3,6,0.0,0.0,85.71,3.0,0.333,1,1,-1,1,matched,Bacteria,
Allofrancisella,2,9,0.0,0.0,7,3,7,0.0,0.0,100.0,0.667,1.5,1,1,-1,1,matched,Bacteria,
Levilinea,24,105,0.01,0.01,7,3,2,0.0,0.0,28.57,8.0,0.125,1,1,-1,1,matched,Bacteria,
Rhodobium,4,9,0.0,0.0,7,3,4,0.0,0.0,57.14,1.333,0.75,1,0,0,1,matched,Bacteria,
Geopsychrobacter,11,79,0.0,0.01,7,3,1,0.0,0.0,14.29,3.667,0.273,1,1,-1,1,matched,Bacteria,
Agarilytica,5,9,0.0,0.0,7,3,1,0.0,0.0,14.29,1.667,0.6,1,1,-1,1,matched,Bacteria,
Thiorhodovibrio,5,7,0.0,0.0,7,4,5,0.0,0.01,71.43,1.25,0.8,1,1,-1,1,matched,Bacteria,
Asinibacterium,5,19,0.0,0.0,7,4,2,0.0,0.01,28.57,1.25,0.8,1,1,-1,1,matched,Bacteria,
Tepidibacter,11,26,0.0,0.0,7,7,6,0.0,0.01,85.71,1.571,0.636,1,1,-1,1,matched,Bacteria,
Alteribacillus,4,4,0.0,0.0,7,6,7,0.0,0.01,100.0,0.667,1.5,1,1,-1,1,matched,Bacteria,
Thermanaerothrix,2,17,0.0,0.0,7,4,2,0.0,0.01,28.57,0.5,2.0,1,1,-1,1,matched,Bacteria,
Aeropyrum,23,90,0.01,0.01,7,3,4,0.0,0.0,57.14,7.667,0.13,1,1,-1,1,matched,Archaea,
Allochromatium,7,27,0.0,0.0,7,5,6,0.0,0.01,85.71,1.4,0.714,1,1,-1,1,matched,Bacteria,
Falsirhodobacter,12,24,0.0,0.0,7,7,7,0.0,0.01,100.0,1.714,0.583,1,1,-1,1,matched,Bacteria,
Jejuia,7,16,0.0,0.0,7,4,6,0.0,0.01,85.71,1.75,0.571,1,1,-1,1,matched,Bacteria,
Homoserinimonas,1,1,0.0,0.0,7,3,2,0.0,0.0,28.57,0.333,3.0,1,1,-1,1,matched,Bacteria,
Meridianimaribacter,2,6,0.0,0.0,7,2,3,0.0,0.0,42.86,1.0,1.0,1,1,-1,1,matched,Bacteria,
Silvimonas,2,12,0.0,0.0,7,6,5,0.0,0.01,71.43,0.333,3.0,1,1,-1,1,matched,Bacteria,
Aliidongia,12,70,0.0,0.01,7,2,1,0.0,0.0,14.29,6.0,0.167,1,1,-1,1,matched,Bacteria,
Hyalangium,2,31,0.0,0.0,7,5,4,0.0,0.01,57.14,0.4,2.5,1,1,-1,1,matched,Bacteria,
Alkalimarinus,2,11,0.0,0.0,7,3,7,0.0,0.0,100.0,0.667,1.5,1,1,-1,1,matched,Bacteria,
Caldicoprobacter,150,447,0.06,0.04,7,6,5,0.0,0.01,71.43,25.0,0.04,1,1,-1,1,matched,Bacteria,
Enhygromyxa,13,27,0.0,0.0,7,3,3,0.0,0.0,42.86,4.333,0.231,1,1,-1,1,matched,Bacteria,
Aquaspirillum,13,88,0.0,0.01,7,4,2,0.0,0.01,28.57,3.25,0.308,1,1,-1,1,matched,Bacteria,
Siccirubricoccus,1,2,0.0,0.0,7,4,7,0.0,0.01,100.0,0.25,4.0,1,1,-1,1,matched,Bacteria,
Pontivivens,5,11,0.0,0.0,7,4,6,0.0,0.01,85.71,1.25,0.8,1,1,-1,1,matched,Bacteria,
Microterricola,2,25,0.0,0.0,7,4,4,0.0,0.01,57.14,0.5,2.0,1,1,-1,1,matched,Bacteria,
Ornithinicoccus,12,56,0.0,0.0,7,4,4,0.0,0.01,57.14,3.0,0.333,1,1,-1,1,matched,Bacteria,
Stygiolobus,7,36,0.0,0.0,7,7,6,0.0,0.01,85.71,1.0,1.0,1,1,-1,1,matched,Archaea,
Alloiococcus,9,29,0.0,0.0,7,2,3,0.0,0.0,42.86,4.5,0.222,1,1,-1,1,matched,Bacteria,
Natronoarchaeum,8,36,0.0,0.0,7,5,6,0.0,0.01,85.71,1.6,0.625,1,1,-1,1,matched,Archaea,
Ferroglobus,8,22,0.0,0.0,7,2,1,0.0,0.0,14.29,4.0,0.25,1,1,-1,1,matched,Archaea,
Paeniclostridium,8,90,0.0,0.01,6,3,2,0.0,0.0,33.33,2.667,0.375,1,1,-1,1,matched,Bacteria,
Soehngenia,17,110,0.01,0.01,6,4,2,0.0,0.01,33.33,4.25,0.235,1,1,-1,1,matched,Bacteria,
Gracilibacter,42,184,0.02,0.02,6,5,2,0.0,0.01,33.33,8.4,0.119,1,1,-1,1,matched,Bacteria,
Dasania,8,11,0.0,0.0,6,4,4,0.0,0.01,66.67,2.0,0.5,1,1,-1,1,matched,Bacteria,
Rhodonellum,1,1,0.0,0.0,6,3,3,0.0,0.0,50.0,0.333,3.0,1,1,-1,1,matched,Bacteria,
Pleionea,1,9,0.0,0.0,6,5,4,0.0,0.01,66.67,0.2,5.0,1,1,-1,1,matched,Bacteria,
Neomicrococcus,1,8,0.0,0.0,6,3,5,0.0,0.0,83.33,0.333,3.0,1,1,-1,1,matched,Bacteria,
Pacificimonas,1,1,0.0,0.0,6,4,5,0.0,0.01,83.33,0.25,4.0,1,1,-1,1,matched,Bacteria,
Caedibacter,16,57,0.01,0.0,6,4,1,0.0,0.01,16.67,4.0,0.25,1,1,-1,1,matched,Bacteria,
Desertifilum,1,3,0.0,0.0,6,6,4,0.0,0.01,66.67,0.167,6.0,1,1,-1,1,matched,Bacteria,
Chitiniphilus,1,2,0.0,0.0,6,3,6,0.0,0.0,100.0,0.333,3.0,1,1,-1,1,matched,Bacteria,
Alkalibaculum,2,8,0.0,0.0,6,4,3,0.0,0.01,50.0,0.5,2.0,1,1,-1,1,matched,Bacteria,
Pseudoscardovia,2,7,0.0,0.0,6,2,5,0.0,0.0,83.33,1.0,1.0,1,1,-1,1,matched,Bacteria,
Eggerthia,2,11,0.0,0.0,6,1,3,0.0,0.0,50.0,2.0,0.5,1,1,-1,1,matched,Bacteria,
Budvicia,2,6,0.0,0.0,6,3,5,0.0,0.0,83.33,0.667,1.5,1,1,-1,1,matched,Bacteria,
Calditerrivibrio,12,59,0.0,0.0,6,2,1,0.0,0.0,16.67,6.0,0.167,1,1,-1,1,matched,Bacteria,
Thiovulum,12,37,0.0,0.0,6,5,1,0.0,0.01,16.67,2.4,0.417,1,1,-1,1,matched,Bacteria,
Flexistipes,4,28,0.0,0.0,6,2,1,0.0,0.0,16.67,2.0,0.5,1,1,-1,1,matched,Bacteria,
Hoyosella,2,9,0.0,0.0,6,4,6,0.0,0.01,100.0,0.5,2.0,1,1,-1,1,matched,Bacteria,
Motilimonas,5,18,0.0,0.0,6,6,6,0.0,0.01,100.0,0.833,1.2,1,1,-1,1,matched,Bacteria,
Hormoscilla,2,20,0.0,0.0,6,6,0,0.0,0.01,0.0,0.333,3.0,1,1,-1,1,matched,Bacteria,
Seleniivibrio,2,7,0.0,0.0,6,2,2,0.0,0.0,33.33,1.0,1.0,1,1,-1,1,matched,Bacteria,
Desulfoplanes,13,36,0.0,0.0,6,2,1,0.0,0.0,16.67,6.5,0.154,1,1,-1,1,matched,Bacteria,
Murdochiella,9,18,0.0,0.0,6,4,5,0.0,0.01,83.33,2.25,0.444,1,1,-1,1,matched,Bacteria,
Pragia,2,22,0.0,0.0,6,1,6,0.0,0.0,100.0,2.0,0.5,1,1,-1,1,matched,Bacteria,
Chishuiella,5,8,0.0,0.0,6,2,2,0.0,0.0,33.33,2.5,0.4,1,1,-1,1,matched,Bacteria,
Parahaliea,24,35,0.01,0.0,6,4,4,0.0,0.01,66.67,6.0,0.167,1,1,-1,1,matched,Bacteria,
Chromatocurvus,4,26,0.0,0.0,6,2,2,0.0,0.0,33.33,2.0,0.5,1,1,-1,1,matched,Bacteria,
Zavarzinella,5,10,0.0,0.0,6,2,1,0.0,0.0,16.67,2.5,0.4,1,1,-1,1,matched,Bacteria,
Prochlorothrix,7,23,0.0,0.0,6,3,1,0.0,0.0,16.67,2.333,0.429,1,1,-1,1,matched,Bacteria,
Granulicoccus,2,3,0.0,0.0,6,2,3,0.0,0.0,50.0,1.0,1.0,1,1,-1,1,matched,Bacteria,
Sporanaerobacter,12,34,0.0,0.0,6,4,3,0.0,0.01,50.0,3.0,0.333,1,1,-1,1,matched,Bacteria,
Verticiella,12,36,0.0,0.0,6,3,3,0.0,0.0,50.0,4.0,0.25,1,1,-1,1,matched,Bacteria,
Larsenimonas,1,3,0.0,0.0,6,3,6,0.0,0.0,100.0,0.333,3.0,1,1,-1,1,matched,Bacteria,
Gorillibacterium,2,3,0.0,0.0,6,4,4,0.0,0.01,66.67,0.5,2.0,1,1,-1,1,matched,Bacteria,
Pseudarcicella,35,912,0.01,0.08,6,3,4,0.0,0.0,66.67,11.667,0.086,1,1,-1,1,matched,Bacteria,
Robertkochia,5,10,0.0,0.0,6,4,6,0.0,0.01,100.0,1.25,0.8,1,1,-1,1,matched,Bacteria,
Phytoactinopolyspora,5,10,0.0,0.0,6,6,6,0.0,0.01,100.0,0.833,1.2,1,1,-1,1,matched,Bacteria,
Rhizorhapis,21,70,0.01,0.01,6,3,2,0.0,0.0,33.33,7.0,0.143,1,1,-1,1,matched,Bacteria,
Sporichthya,17,137,0.01,0.01,6,3,2,0.0,0.0,33.33,5.667,0.176,1,1,-1,1,matched,Bacteria,
Thalassomonas,10,22,0.0,0.0,6,6,5,0.0,0.01,83.33,1.667,0.6,1,1,-1,1,matched,Bacteria,
Kistimonas,10,18,0.0,0.0,6,5,2,0.0,0.01,33.33,2.0,0.5,1,1,-1,1,matched,Bacteria,
Algicola,6,18,0.0,0.0,6,2,0,0.0,0.0,0.0,3.0,0.333,1,1,-1,1,matched,Bacteria,
Vulgatibacter,30,85,0.01,0.01,6,2,1,0.0,0.0,16.67,15.0,0.067,1,1,-1,1,matched,Bacteria,
Dichelobacter,1,9,0.0,0.0,6,1,5,0.0,0.0,83.33,1.0,1.0,1,1,-1,1,matched,Bacteria,
Timonella,10,26,0.0,0.0,6,2,1,0.0,0.0,16.67,5.0,0.2,1,1,-1,1,matched,Bacteria,
Gemmatirosa,18,50,0.01,0.0,6,2,1,0.0,0.0,16.67,9.0,0.111,1,1,-1,1,matched,Bacteria,
Salinimonas,18,33,0.01,0.0,6,6,6,0.0,0.01,100.0,3.0,0.333,1,1,-1,1,matched,Bacteria,
Soonwooa,3,7,0.0,0.0,6,2,1,0.0,0.0,16.67,1.5,0.667,1,1,-1,1,matched,Bacteria,
Rugosimonospora,3,22,0.0,0.0,6,3,2,0.0,0.0,33.33,1.0,1.0,1,1,-1,1,matched,Bacteria,
Kozakia,3,38,0.0,0.0,6,1,6,0.0,0.0,100.0,3.0,0.333,1,1,-1,1,matched,Bacteria,
Haloprofundus,1,1,0.0,0.0,6,6,6,0.0,0.01,100.0,0.167,6.0,1,1,-1,1,matched,Archaea,
Geothermobacter,32,119,0.01,0.01,6,3,3,0.0,0.0,50.0,10.667,0.094,1,1,-1,1,matched,Bacteria,
Stigmatella,6,32,0.0,0.0,6,4,6,0.0,0.01,100.0,1.5,0.667,1,1,-1,1,matched,Bacteria,
Ammoniphilus,6,126,0.0,0.01,6,6,5,0.0,0.01,83.33,1.0,1.0,1,1,-1,1,matched,Bacteria,
Flavimaricola,10,14,0.0,0.0,6,2,2,0.0,0.0,33.33,5.0,0.2,1,1,-1,1,matched,Bacteria,
Paraferrimonas,1,4,0.0,0.0,6,3,6,0.0,0.0,100.0,0.333,3.0,1,1,-1,1,matched,Bacteria,
Papillibacter,60,134,0.02,0.01,6,3,1,0.0,0.0,16.67,20.0,0.05,1,1,-1,1,matched,Bacteria,
Pseudopedobacter,11,18,0.0,0.0,6,3,2,0.0,0.0,33.33,3.667,0.273,1,1,-1,1,matched,Bacteria,
Orbus,6,9,0.0,0.0,6,5,6,0.0,0.01,100.0,1.2,0.833,1,1,-1,1,matched,Bacteria,
Proteiniborus,9,18,0.0,0.0,6,4,3,0.0,0.01,50.0,2.25,0.444,1,1,-1,1,matched,Bacteria,
Flavimobilis,1,3,0.0,0.0,6,4,4,0.0,0.01,66.67,0.25,4.0,1,1,-1,1,matched,Bacteria,
Bowdeniella,3,5,0.0,0.0,6,2,3,0.0,0.0,50.0,1.5,0.667,1,1,-1,1,matched,Bacteria,
Halostagnicola,4,13,0.0,0.0,6,6,6,0.0,0.01,100.0,0.667,1.5,1,1,-1,1,matched,Archaea,
Fodinicurvata,3,20,0.0,0.0,6,4,6,0.0,0.01,100.0,0.75,1.333,1,1,-1,1,matched,Bacteria,
Salisediminibacterium,1,7,0.0,0.0,6,3,6,0.0,0.0,100.0,0.333,3.0,1,1,-1,1,matched,Bacteria,
Hyphococcus,3,10,0.0,0.0,6,4,4,0.0,0.01,66.67,0.75,1.333,1,1,-1,1,matched,Bacteria,
Aliihoeflea,5,15,0.0,0.0,6,4,3,0.0,0.01,50.0,1.25,0.8,1,1,-1,1,matched,Bacteria,
Brevirhabdus,1,5,0.0,0.0,6,2,3,0.0,0.0,50.0,0.5,2.0,1,1,-1,1,matched,Bacteria,
Fontimonas,9,20,0.0,0.0,6,3,2,0.0,0.0,33.33,3.0,0.333,1,1,-1,1,matched,Bacteria,
Anaerophaga,14,28,0.01,0.0,6,2,2,0.0,0.0,33.33,7.0,0.143,1,1,-1,1,matched,Bacteria,
Egicoccus,4,14,0.0,0.0,6,4,4,0.0,0.01,66.67,1.0,1.0,1,1,-1,1,matched,Bacteria,
Celerinatantimonas,4,6,0.0,0.0,6,5,5,0.0,0.01,83.33,0.8,1.25,1,1,-1,1,matched,Bacteria,
Yeosuana,4,15,0.0,0.0,6,4,2,0.0,0.01,33.33,1.0,1.0,1,1,-1,1,matched,Bacteria,
Raineyella,4,15,0.0,0.0,6,6,4,0.0,0.01,66.67,0.667,1.5,1,1,-1,1,matched,Bacteria,
Acidomonas,1,10,0.0,0.0,6,1,6,0.0,0.0,100.0,1.0,1.0,1,1,-1,1,matched,Bacteria,
Tindallia,9,24,0.0,0.0,6,4,1,0.0,0.01,16.67,2.25,0.444,1,1,-1,1,matched,Bacteria,
Cryomorpha,34,106,0.01,0.01,6,2,1,0.0,0.0,16.67,17.0,0.059,1,1,-1,1,matched,Bacteria,
Falsochrobactrum,2,56,0.0,0.0,6,3,6,0.0,0.0,100.0,0.667,1.5,1,1,-1,1,matched,Bacteria,
Allokutzneria,4,25,0.0,0.0,6,5,6,0.0,0.01,100.0,0.8,1.25,1,1,-1,1,matched,Bacteria,
Cerasicoccus,51,212,0.02,0.02,6,4,6,0.0,0.01,100.0,12.75,0.078,1,1,-1,1,matched,Bacteria,
Flaviaesturariibacter,14,24,0.01,0.0,6,4,3,0.0,0.01,50.0,3.5,0.286,1,1,-1,1,matched,Bacteria,
Actimicrobium,2,13,0.0,0.0,6,4,6,0.0,0.01,100.0,0.5,2.0,1,1,-1,1,matched,Bacteria,
Myceligenerans,8,15,0.0,0.0,6,5,6,0.0,0.01,100.0,1.6,0.625,1,1,-1,1,matched,Bacteria,
Vulcaniibacterium,8,24,0.0,0.0,6,3,6,0.0,0.0,100.0,2.667,0.375,1,1,-1,1,matched,Bacteria,
Microvirgula,1,16,0.0,0.0,6,2,3,0.0,0.0,50.0,0.5,2.0,1,1,-1,1,matched,Bacteria,
Labedella,1,11,0.0,0.0,6,5,5,0.0,0.01,83.33,0.2,5.0,1,1,-1,1,matched,Bacteria,
Leptonema,9,35,0.0,0.0,6,2,2,0.0,0.0,33.33,4.5,0.222,1,0,0,1,matched,Bacteria,
Desulfatirhabdium,26,244,0.01,0.02,6,2,1,0.0,0.0,16.67,13.0,0.077,1,1,-1,1,matched,Bacteria,
Planifilum,15,47,0.01,0.0,6,3,2,0.0,0.0,33.33,5.0,0.2,1,1,-1,1,matched,Bacteria,
Thermobispora,15,160,0.01,0.01,6,2,3,0.0,0.0,50.0,7.5,0.133,1,1,-1,1,matched,Bacteria,
Couchioplanes,2,2,0.0,0.0,6,1,6,0.0,0.0,100.0,2.0,0.5,1,1,-1,1,matched,Bacteria,
Dactylococcopsis,26,80,0.01,0.01,6,2,1,0.0,0.0,16.67,13.0,0.077,1,1,-1,1,matched,Bacteria,
Anabaenopsis,2,2,0.0,0.0,6,5,6,0.0,0.01,100.0,0.4,2.5,1,1,-1,1,matched,Bacteria,
Thermobaculum,15,55,0.01,0.0,6,2,1,0.0,0.0,16.67,7.5,0.133,1,1,-1,1,matched,Bacteria,
Neokomagataea,1,2,0.0,0.0,6,4,0,0.0,0.01,0.0,0.25,4.0,1,1,-1,1,matched,Bacteria,
Malonomonas,8,25,0.0,0.0,6,2,1,0.0,0.0,16.67,4.0,0.25,1,1,-1,1,matched,Bacteria,
Thiorhodococcus,3,14,0.0,0.0,6,5,4,0.0,0.01,66.67,0.6,1.667,1,1,-1,1,matched,Bacteria,
Desulfonauticus,3,13,0.0,0.0,6,4,1,0.0,0.01,16.67,0.75,1.333,1,1,-1,1,matched,Bacteria,
Arhodomonas,5,10,0.0,0.0,5,4,4,0.0,0.01,80.0,1.25,0.8,1,1,-1,1,matched,Bacteria,
Angustibacter,11,74,0.0,0.01,5,4,4,0.0,0.01,80.0,2.75,0.364,1,1,-1,1,matched,Bacteria,
Thermopolyspora,11,45,0.0,0.0,5,3,3,0.0,0.0,60.0,3.667,0.273,1,1,-1,1,matched,Bacteria,
Methylacidimicrobium,2,6,0.0,0.0,5,5,4,0.0,0.01,80.0,0.4,2.5,1,1,-1,1,matched,Bacteria,
Effusibacillus,13,29,0.0,0.0,5,4,5,0.0,0.01,100.0,3.25,0.308,1,1,-1,1,matched,Bacteria,
Cuneatibacter,1,1,0.0,0.0,5,4,2,0.0,0.01,40.0,0.25,4.0,1,1,-1,1,matched,Bacteria,
Leeia,13,34,0.0,0.0,5,4,3,0.0,0.01,60.0,3.25,0.308,1,1,-1,1,matched,Bacteria,
Salirhabdus,4,5,0.0,0.0,5,4,4,0.0,0.01,80.0,1.0,1.0,1,1,-1,1,matched,Bacteria,
Virgisporangium,5,17,0.0,0.0,5,3,5,0.0,0.0,100.0,1.667,0.6,1,1,-1,1,matched,Bacteria,
Canibacter,1,1,0.0,0.0,5,3,5,0.0,0.0,100.0,0.333,3.0,1,1,-1,1,matched,Bacteria,
Hanstruepera,2,5,0.0,0.0,5,4,5,0.0,0.01,100.0,0.5,2.0,1,1,-1,1,matched,Bacteria,
Gloeotrichia,2,14,0.0,0.0,5,1,0,0.0,0.0,0.0,2.0,0.5,1,1,-1,1,matched,Bacteria,
Acidothermus,153,2296,0.06,0.19,5,2,1,0.0,0.0,20.0,76.5,0.013,1,1,-1,1,matched,Bacteria,
Albimonas,13,73,0.0,0.01,5,4,3,0.0,0.01,60.0,3.25,0.308,1,1,-1,1,matched,Bacteria,
Planktosalinus,12,74,0.0,0.01,5,3,1,0.0,0.0,20.0,4.0,0.25,1,1,-1,1,matched,Bacteria,
Aliterella,11,25,0.0,0.0,5,4,2,0.0,0.01,40.0,2.75,0.364,1,1,-1,1,matched,Bacteria,
Tistlia,21,44,0.01,0.0,5,2,3,0.0,0.0,60.0,10.5,0.095,1,1,-1,1,matched,Bacteria,
Cruoricaptor,2,2,0.0,0.0,5,2,3,0.0,0.0,60.0,1.0,1.0,1,1,-1,1,matched,Bacteria,
Citreicella,1,6,0.0,0.0,5,4,3,0.0,0.01,60.0,0.25,4.0,1,1,-1,1,matched,Bacteria,
Entomoplasma,8,44,0.0,0.0,5,4,5,0.0,0.01,100.0,2.0,0.5,1,1,-1,1,matched,Bacteria,
Marixanthomonas,8,17,0.0,0.0,5,4,3,0.0,0.01,60.0,2.0,0.5,1,1,-1,1,matched,Bacteria,
Desulfoluna,3,9,0.0,0.0,5,4,4,0.0,0.01,80.0,0.75,1.333,1,1,-1,1,matched,Bacteria,
Kandeliimicrobium,1,1,0.0,0.0,5,5,4,0.0,0.01,80.0,0.2,5.0,0,1,0,1,matched,Bacteria,
Yinghuangia,1,1,0.0,0.0,5,5,4,0.0,0.01,80.0,0.2,5.0,1,1,-1,1,matched,Bacteria,
Thalassobium,1,1,0.0,0.0,5,2,1,0.0,0.0,20.0,0.5,2.0,1,1,-1,1,matched,Bacteria,
Stella,10,46,0.0,0.0,5,4,4,0.0,0.01,80.0,2.5,0.4,1,1,-1,1,matched,Bacteria,
Pyrinomonas,3,7,0.0,0.0,5,3,1,0.0,0.0,20.0,1.0,1.0,1,1,-1,1,matched,Bacteria,
Minicystis,16,54,0.01,0.0,5,2,1,0.0,0.0,20.0,8.0,0.125,1,1,-1,1,matched,Bacteria,
Sulfuriflexus,2,4,0.0,0.0,5,2,1,0.0,0.0,20.0,1.0,1.0,1,1,-1,1,matched,Bacteria,
Balneatrix,2,2,0.0,0.0,5,2,4,0.0,0.0,80.0,1.0,1.0,1,1,-1,1,matched,Bacteria,
Haloimpatiens,5,23,0.0,0.0,5,4,5,0.0,0.01,100.0,1.25,0.8,1,1,-1,1,matched,Bacteria,
Persicobacter,2,12,0.0,0.0,5,5,4,0.0,0.01,80.0,0.4,2.5,1,1,-1,1,matched,Bacteria,
Garciella,4,8,0.0,0.0,5,2,2,0.0,0.0,40.0,2.0,0.5,1,1,-1,1,matched,Bacteria,
Limnochorda,7,20,0.0,0.0,5,2,1,0.0,0.0,20.0,3.5,0.286,1,1,-1,1,matched,Bacteria,
Muribacter,2,27,0.0,0.0,5,1,4,0.0,0.0,80.0,2.0,0.5,1,1,-1,1,matched,Bacteria,
Amylolactobacillus,2,2,0.0,0.0,5,2,5,0.0,0.0,100.0,1.0,1.0,1,1,-1,1,matched,Bacteria,
Limisphaera,12,84,0.0,0.01,5,2,1,0.0,0.0,20.0,6.0,0.167,1,1,-1,1,matched,Bacteria,
Shimwellia,9,24,0.0,0.0,5,2,5,0.0,0.0,100.0,4.5,0.222,1,1,-1,1,matched,Bacteria,
Pleomorphochaeta,3,14,0.0,0.0,5,2,1,0.0,0.0,20.0,1.5,0.667,1,1,-1,1,matched,Bacteria,
Sphaerobacter,12,93,0.0,0.01,5,2,1,0.0,0.0,20.0,6.0,0.167,1,1,-1,1,matched,Bacteria,
Desmonostoc,16,109,0.01,0.01,5,3,3,0.0,0.0,60.0,5.333,0.188,1,1,-1,1,matched,Bacteria,
Renibacterium,1,5,0.0,0.0,5,2,3,0.0,0.0,60.0,0.5,2.0,1,1,-1,1,matched,Bacteria,
Jonesia,4,189,0.0,0.02,5,2,5,0.0,0.0,100.0,2.0,0.5,1,1,-1,1,matched,Bacteria,
Alkanindiges,23,84,0.01,0.01,5,4,4,0.0,0.01,80.0,5.75,0.174,1,1,-1,1,matched,Bacteria,
Aetokthonos,1,3,0.0,0.0,5,1,4,0.0,0.0,80.0,1.0,1.0,1,1,-1,1,matched,Bacteria,
Aphanocapsa,2,5,0.0,0.0,5,3,0,0.0,0.0,0.0,0.667,1.5,1,1,-1,1,matched,Bacteria,
Halopelagius,2,9,0.0,0.0,5,3,4,0.0,0.0,80.0,0.667,1.5,1,1,-1,1,matched,Archaea,
Hwangdonia,2,2,0.0,0.0,5,3,3,0.0,0.0,60.0,0.667,1.5,1,1,-1,1,matched,Bacteria,
Ferribacterium,15,73,0.01,0.01,5,1,4,0.0,0.0,80.0,15.0,0.067,1,1,-1,1,matched,Bacteria,
Zooshikella,1,5,0.0,0.0,5,2,5,0.0,0.0,100.0,0.5,2.0,1,1,-1,1,matched,Bacteria,
Halovibrio,3,4,0.0,0.0,5,4,3,0.0,0.01,60.0,0.75,1.333,1,1,-1,1,matched,Bacteria,
Extensimonas,3,3,0.0,0.0,5,3,5,0.0,0.0,100.0,1.0,1.0,1,1,-1,1,matched,Bacteria,
Salinirussus,3,18,0.0,0.0,5,2,1,0.0,0.0,20.0,1.5,0.667,1,1,-1,1,matched,Archaea,
Cribrihabitans,6,10,0.0,0.0,5,4,5,0.0,0.01,100.0,1.5,0.667,1,1,-1,1,matched,Bacteria,
Glaciibacter,1,5,0.0,0.0,5,3,2,0.0,0.0,40.0,0.333,3.0,1,1,-1,1,matched,Bacteria,
Fluviicoccus,1,12,0.0,0.0,5,2,1,0.0,0.0,20.0,0.5,2.0,1,1,-1,1,matched,Bacteria,
Cyanothece,11,41,0.0,0.0,5,4,2,0.0,0.01,40.0,2.75,0.364,1,1,-1,1,matched,Bacteria,
Cucumibacter,5,10,0.0,0.0,5,2,1,0.0,0.0,20.0,2.5,0.4,1,1,-1,1,matched,Bacteria,
Atopococcus,8,12,0.0,0.0,5,3,1,0.0,0.0,20.0,2.667,0.375,1,1,-1,1,matched,Bacteria,
Dichotomicrobium,20,169,0.01,0.01,5,2,1,0.0,0.0,20.0,10.0,0.1,1,1,-1,1,matched,Bacteria,
Limibacillus,11,66,0.0,0.01,5,3,2,0.0,0.0,40.0,3.667,0.273,1,1,-1,1,matched,Bacteria,
Oceaniglobus,2,6,0.0,0.0,5,5,4,0.0,0.01,80.0,0.4,2.5,1,1,-1,1,matched,Bacteria,
Paralcaligenes,1,4,0.0,0.0,5,3,2,0.0,0.0,40.0,0.333,3.0,1,1,-1,1,matched,Bacteria,
Carboxydothermus,7,22,0.0,0.0,5,4,5,0.0,0.01,100.0,1.75,0.571,1,1,-1,1,matched,Bacteria,
Fulvimonas,4,14,0.0,0.0,5,4,4,0.0,0.01,80.0,1.0,1.0,1,1,-1,1,matched,Bacteria,
Dehalobacterium,19,50,0.01,0.0,5,2,2,0.0,0.0,40.0,9.5,0.105,1,1,-1,1,matched,Bacteria,
Lampropedia,4,14,0.0,0.0,5,4,5,0.0,0.01,100.0,1.0,1.0,1,1,-1,1,matched,Bacteria,
Jiulongibacter,1,1,0.0,0.0,5,2,2,0.0,0.0,40.0,0.5,2.0,1,1,-1,1,matched,Bacteria,
Zhouia,2,2,0.0,0.0,5,3,5,0.0,0.0,100.0,0.667,1.5,1,1,-1,1,matched,Bacteria,
Scopulibacillus,2,3,0.0,0.0,5,3,5,0.0,0.0,100.0,0.667,1.5,1,1,-1,1,matched,Bacteria,
Starkeya,2,25,0.0,0.0,5,4,2,0.0,0.01,40.0,0.5,2.0,1,1,-1,1,matched,Bacteria,
Quinella,65,90,0.02,0.01,5,5,0,0.0,0.01,0.0,13.0,0.077,1,1,-1,1,matched,Bacteria,
Neorickettsia,20,55,0.01,0.0,5,5,5,0.0,0.01,100.0,4.0,0.25,1,1,-1,1,matched,Bacteria,
Desulfotalea,14,32,0.01,0.0,5,2,4,0.0,0.0,80.0,7.0,0.143,1,1,-1,1,matched,Bacteria,
Alkalibacter,14,94,0.01,0.01,5,5,5,0.0,0.01,100.0,2.8,0.357,1,1,-1,1,matched,Bacteria,
Aureitalea,7,23,0.0,0.0,5,4,2,0.0,0.01,40.0,1.75,0.571,1,1,-1,1,matched,Bacteria,
Pseudofulvimonas,20,55,0.01,0.0,5,1,5,0.0,0.0,100.0,20.0,0.05,1,1,-1,1,matched,Bacteria,
Orenia,20,46,0.01,0.0,5,2,5,0.0,0.0,100.0,10.0,0.1,1,1,-1,1,matched,Bacteria,
Sebaldella,4,9,0.0,0.0,5,3,3,0.0,0.0,60.0,1.333,0.75,1,1,-1,1,matched,Bacteria,
Hespellia,4,7,0.0,0.0,5,2,1,0.0,0.0,20.0,2.0,0.5,1,1,-1,1,matched,Bacteria,
Melghirimyces,5,8,0.0,0.0,5,3,3,0.0,0.0,60.0,1.667,0.6,1,1,-1,1,matched,Bacteria,
Marinibacterium,9,15,0.0,0.0,5,3,2,0.0,0.0,40.0,3.0,0.333,1,1,-1,1,matched,Bacteria,
Terrilactibacillus,1,4,0.0,0.0,5,3,5,0.0,0.0,100.0,0.333,3.0,1,1,-1,1,matched,Bacteria,
Branchiibius,1,2,0.0,0.0,5,4,3,0.0,0.01,60.0,0.25,4.0,1,1,-1,1,matched,Bacteria,
Aminiphilus,6,17,0.0,0.0,5,3,1,0.0,0.0,20.0,2.0,0.5,1,1,-1,1,matched,Bacteria,
Pseudochelatococcus,6,19,0.0,0.0,5,3,5,0.0,0.0,100.0,2.0,0.5,1,1,-1,1,matched,Bacteria,
Confluentibacter,6,12,0.0,0.0,5,5,4,0.0,0.01,80.0,1.2,0.833,1,1,-1,1,matched,Bacteria,
Carboxydocella,1,16,0.0,0.0,5,4,5,0.0,0.01,100.0,0.25,4.0,1,1,-1,1,matched,Bacteria,
Alkalinema,1,1,0.0,0.0,5,5,1,0.0,0.01,20.0,0.2,5.0,1,1,-1,1,matched,Bacteria,
Jeongeupia,1,8,0.0,0.0,5,4,5,0.0,0.01,100.0,0.25,4.0,1,1,-1,1,matched,Bacteria,
Corallibacter,1,4,0.0,0.0,5,2,1,0.0,0.0,20.0,0.5,2.0,1,1,-1,1,matched,Bacteria,
Ignavigranum,10,15,0.0,0.0,5,1,3,0.0,0.0,60.0,10.0,0.1,1,1,-1,1,matched,Bacteria,
Raineya,15,72,0.01,0.01,5,2,1,0.0,0.0,20.0,7.5,0.133,1,1,-1,1,matched,Bacteria,
Rhodothalassium,2,7,0.0,0.0,5,1,5,0.0,0.0,100.0,2.0,0.5,1,1,-1,1,matched,Bacteria,
Antarctobacter,2,9,0.0,0.0,5,2,3,0.0,0.0,60.0,1.0,1.0,1,1,-1,1,matched,Bacteria,
Desulfovirgula,2,3,0.0,0.0,5,3,1,0.0,0.0,20.0,0.667,1.5,1,1,-1,1,matched,Bacteria,
Rubrimonas,9,130,0.0,0.01,5,2,1,0.0,0.0,20.0,4.5,0.222,1,1,-1,1,matched,Bacteria,
Chitinivorax,6,41,0.0,0.0,5,4,3,0.0,0.01,60.0,1.5,0.667,1,1,-1,1,matched,Bacteria,
Diaminobutyricimonas,3,9,0.0,0.0,5,4,3,0.0,0.01,60.0,0.75,1.333,1,1,-1,1,matched,Bacteria,
Defluviitalea,30,91,0.01,0.01,5,3,4,0.0,0.0,80.0,10.0,0.1,1,1,-1,1,matched,Bacteria,
Halorubellus,9,86,0.0,0.01,5,4,5,0.0,0.01,100.0,2.25,0.444,1,1,-1,1,matched,Archaea,
Euzebyella,6,18,0.0,0.0,5,2,5,0.0,0.0,100.0,3.0,0.333,1,1,-1,1,matched,Bacteria,
Nitrococcus,3,7,0.0,0.0,5,2,1,0.0,0.0,20.0,1.5,0.667,1,1,-1,1,matched,Bacteria,
Piscibacillus,3,10,0.0,0.0,5,2,4,0.0,0.0,80.0,1.5,0.667,1,1,-1,1,matched,Bacteria,
Geovibrio,3,7,0.0,0.0,5,3,2,0.0,0.0,40.0,1.0,1.0,1,1,-1,1,matched,Bacteria,
Geotalea,3,9,0.0,0.0,5,4,5,0.0,0.01,100.0,0.75,1.333,1,1,-1,1,matched,Bacteria,
Anseongella,3,13,0.0,0.0,5,2,2,0.0,0.0,40.0,1.5,0.667,1,1,-1,1,matched,Bacteria,
Marihabitans,1,1,0.0,0.0,5,2,2,0.0,0.0,40.0,0.5,2.0,1,1,-1,1,matched,Bacteria,
Anaeromusa,1,1,0.0,0.0,5,3,1,0.0,0.0,20.0,0.333,3.0,1,1,-1,1,matched,Bacteria,
Roseimicrobium,43,124,0.02,0.01,5,3,2,0.0,0.0,40.0,14.333,0.07,1,1,-1,1,matched,Bacteria,
Persicitalea,17,51,0.01,0.0,5,3,2,0.0,0.0,40.0,5.667,0.176,1,1,-1,1,matched,Bacteria,
Hyperthermus,1,1,0.0,0.0,5,3,1,0.0,0.0,20.0,0.333,3.0,1,1,-1,1,matched,Archaea,
Lunatimonas,5,10,0.0,0.0,4,3,2,0.0,0.0,50.0,1.667,0.6,1,1,-1,1,matched,Bacteria,
Oceanotoga,2,11,0.0,0.0,4,3,3,0.0,0.0,75.0,0.667,1.5,1,1,-1,1,matched,Bacteria,
Marseilla,2,3,0.0,0.0,4,1,4,0.0,0.0,100.0,2.0,0.5,1,1,-1,1,matched,Bacteria,
Mastigocladus,1,1,0.0,0.0,4,3,2,0.0,0.0,50.0,0.333,3.0,1,1,-1,1,matched,Bacteria,
Desulforhabdus,11,36,0.0,0.0,4,3,2,0.0,0.0,50.0,3.667,0.273,1,1,-1,1,matched,Bacteria,
Acidicapsa,5,85,0.0,0.01,4,3,4,0.0,0.0,100.0,1.667,0.6,1,1,-1,1,matched,Bacteria,
Suttonella,8,10,0.0,0.0,4,3,4,0.0,0.0,100.0,2.667,0.375,1,1,-1,1,matched,Bacteria,
Novibacillus,4,15,0.0,0.0,4,1,1,0.0,0.0,25.0,4.0,0.25,1,1,-1,1,matched,Bacteria,
Anaerosolibacter,2,11,0.0,0.0,4,3,1,0.0,0.0,25.0,0.667,1.5,1,1,-1,1,matched,Bacteria,
Sphaerimonospora,3,4,0.0,0.0,4,3,4,0.0,0.0,100.0,1.0,1.0,1,1,-1,1,matched,Bacteria,
Oceanicella,9,13,0.0,0.0,4,2,4,0.0,0.0,100.0,4.5,0.222,1,1,-1,1,matched,Bacteria,
Geotoga,7,101,0.0,0.01,4,2,3,0.0,0.0,75.0,3.5,0.286,1,1,-1,1,matched,Bacteria,
Denitratisoma,42,168,0.02,0.01,4,3,3,0.0,0.0,75.0,14.0,0.071,1,1,-1,1,matched,Bacteria,
Sporocytophaga,42,124,0.02,0.01,4,2,2,0.0,0.0,50.0,21.0,0.048,1,1,-1,1,matched,Bacteria,
Pseudooctadecabacter,1,2,0.0,0.0,4,2,1,0.0,0.0,25.0,0.5,2.0,1,1,-1,1,matched,Bacteria,
Boudabousia,1,3,0.0,0.0,4,3,4,0.0,0.0,100.0,0.333,3.0,1,1,-1,1,matched,Bacteria,
Schleiferia,45,112,0.02,0.01,4,1,3,0.0,0.0,75.0,45.0,0.022,1,1,-1,1,matched,Bacteria,
Oryzihumus,24,352,0.01,0.03,4,2,2,0.0,0.0,50.0,12.0,0.083,1,1,-1,1,matched,Bacteria,
Conyzicola,2,18,0.0,0.0,4,3,3,0.0,0.0,75.0,0.667,1.5,1,1,-1,1,matched,Bacteria,
Anaerobranca,11,23,0.0,0.0,4,4,4,0.0,0.01,100.0,2.75,0.364,1,1,-1,1,matched,Bacteria,
Acetanaerobacterium,11,12,0.0,0.0,4,3,2,0.0,0.0,50.0,3.667,0.273,1,1,-1,1,matched,Bacteria,
Methanosalsum,2,8,0.0,0.0,4,3,2,0.0,0.0,50.0,0.667,1.5,1,1,-1,1,matched,Archaea,
Fortiea,2,5,0.0,0.0,4,3,3,0.0,0.0,75.0,0.667,1.5,1,1,-1,1,matched,Bacteria,
Salarchaeum,2,5,0.0,0.0,4,3,4,0.0,0.0,100.0,0.667,1.5,1,1,-1,1,matched,Archaea,
Thermopetrobacter,12,26,0.0,0.0,4,2,1,0.0,0.0,25.0,6.0,0.167,1,1,-1,1,matched,Bacteria,
Rhodovastum,37,138,0.01,0.01,4,1,2,0.0,0.0,50.0,37.0,0.027,1,1,-1,1,matched,Bacteria,
Maledivibacter,1,1,0.0,0.0,4,2,1,0.0,0.0,25.0,0.5,2.0,1,1,-1,1,matched,Bacteria,
Skermania,1,4,0.0,0.0,4,2,4,0.0,0.0,100.0,0.5,2.0,1,1,-1,1,matched,Bacteria,
Calditerricola,7,43,0.0,0.0,4,2,2,0.0,0.0,50.0,3.5,0.286,1,1,-1,1,matched,Bacteria,
Pullulanibacillus,7,37,0.0,0.0,4,3,4,0.0,0.0,100.0,2.333,0.429,1,1,-1,1,matched,Bacteria,
Deferrisoma,48,92,0.02,0.01,4,1,1,0.0,0.0,25.0,48.0,0.021,1,1,-1,1,matched,Bacteria,
Desulfobaculum,2,2,0.0,0.0,4,3,4,0.0,0.0,100.0,0.667,1.5,1,1,-1,1,matched,Bacteria,
Aestuariimicrobium,25,164,0.01,0.01,4,4,4,0.0,0.01,100.0,6.25,0.16,1,1,-1,1,matched,Bacteria,
Chondromyces,5,20,0.0,0.0,4,3,2,0.0,0.0,50.0,1.667,0.6,1,1,-1,1,matched,Bacteria,
Sulfurifustis,76,390,0.03,0.03,4,2,1,0.0,0.0,25.0,38.0,0.026,1,1,-1,1,matched,Bacteria,
Terrimicrobium,76,675,0.03,0.06,4,2,1,0.0,0.0,25.0,38.0,0.026,1,1,-1,1,matched,Bacteria,
Caryophanon,4,10,0.0,0.0,4,3,2,0.0,0.0,50.0,1.333,0.75,1,1,-1,1,matched,Bacteria,
Aidingimonas,4,6,0.0,0.0,4,2,4,0.0,0.0,100.0,2.0,0.5,1,1,-1,1,matched,Bacteria,
Paludibaculum,130,779,0.05,0.07,4,3,1,0.0,0.0,25.0,43.333,0.023,1,1,-1,1,matched,Bacteria,
Barrientosiimonas,1,4,0.0,0.0,4,2,4,0.0,0.0,100.0,0.5,2.0,1,1,-1,1,matched,Bacteria,
Pseudobacteroides,7,28,0.0,0.0,4,2,2,0.0,0.0,50.0,3.5,0.286,1,1,-1,1,matched,Bacteria,
Haloplasma,34,70,0.01,0.01,4,3,3,0.0,0.0,75.0,11.333,0.088,1,1,-1,1,matched,Bacteria,
Methanopyrus,3,16,0.0,0.0,4,3,3,0.0,0.0,75.0,1.0,1.0,1,1,-1,1,matched,Archaea,
Thermanaerovibrio,3,28,0.0,0.0,4,2,2,0.0,0.0,50.0,1.5,0.667,1,1,-1,1,matched,Bacteria,
Fontibacillus,3,8,0.0,0.0,4,4,4,0.0,0.01,100.0,0.75,1.333,1,1,-1,1,matched,Bacteria,
Rarobacter,3,6,0.0,0.0,4,2,4,0.0,0.0,100.0,1.5,0.667,1,1,-1,1,matched,Bacteria,
Brockia,7,15,0.0,0.0,4,1,1,0.0,0.0,25.0,7.0,0.143,1,1,-1,1,matched,Bacteria,
Catalinimonas,7,29,0.0,0.0,4,3,4,0.0,0.0,100.0,2.333,0.429,1,1,-1,1,matched,Bacteria,
Pseudozobellia,2,2,0.0,0.0,4,3,2,0.0,0.0,50.0,0.667,1.5,1,1,-1,1,matched,Bacteria,
Desulfospira,2,2,0.0,0.0,4,2,1,0.0,0.0,25.0,1.0,1.0,1,1,-1,1,matched,Bacteria,
Gallicola,14,25,0.01,0.0,4,2,0,0.0,0.0,0.0,7.0,0.143,1,1,-1,1,matched,Bacteria,
Sinobacterium,4,22,0.0,0.0,4,3,2,0.0,0.0,50.0,1.333,0.75,1,1,-1,1,matched,Bacteria,
Ardenticatena,4,8,0.0,0.0,4,2,2,0.0,0.0,50.0,2.0,0.5,1,1,-1,1,matched,Bacteria,
Psychromicrobium,2,10,0.0,0.0,4,4,4,0.0,0.01,100.0,0.5,2.0,1,1,-1,1,matched,Bacteria,
Bacterioplanes,2,6,0.0,0.0,4,2,2,0.0,0.0,50.0,1.0,1.0,1,1,-1,1,matched,Bacteria,
Desulfacinum,2,16,0.0,0.0,4,3,2,0.0,0.0,50.0,0.667,1.5,1,1,-1,1,matched,Bacteria,
Lacimicrobium,2,7,0.0,0.0,4,2,4,0.0,0.0,100.0,1.0,1.0,1,1,-1,1,matched,Bacteria,
Geosporobacter,5,20,0.0,0.0,4,3,2,0.0,0.0,50.0,1.667,0.6,1,1,-1,1,matched,Bacteria,
Gulbenkiania,1,2,0.0,0.0,4,2,4,0.0,0.0,100.0,0.5,2.0,1,1,-1,1,matched,Bacteria,
Neiella,1,2,0.0,0.0,4,3,4,0.0,0.0,100.0,0.333,3.0,1,1,-1,1,matched,Bacteria,
Harryflintia,7,8,0.0,0.0,4,2,3,0.0,0.0,75.0,3.5,0.286,1,1,-1,1,matched,Bacteria,
Mastigocoleus,3,14,0.0,0.0,4,3,2,0.0,0.0,50.0,1.0,1.0,1,1,-1,1,matched,Bacteria,
Holospora,75,420,0.03,0.04,4,4,4,0.0,0.01,100.0,18.75,0.053,1,1,-1,1,matched,Bacteria,
Prosthecomicrobium,7,22,0.0,0.0,4,3,2,0.0,0.0,50.0,2.333,0.429,1,1,-1,1,matched,Bacteria,
Planctobacterium,1,8,0.0,0.0,4,1,4,0.0,0.0,100.0,1.0,1.0,1,1,-1,1,matched,Bacteria,
Desulfoprunum,5,46,0.0,0.0,4,2,2,0.0,0.0,50.0,2.5,0.4,1,1,-1,1,matched,Bacteria,
Ereboglobus,10,20,0.0,0.0,4,4,3,0.0,0.01,75.0,2.5,0.4,1,1,-1,1,matched,Bacteria,
Jhaorihella,6,12,0.0,0.0,4,2,3,0.0,0.0,75.0,3.0,0.333,1,1,-1,1,matched,Bacteria,
Oceanivirga,11,37,0.0,0.0,4,3,3,0.0,0.0,75.0,3.667,0.273,1,1,-1,1,matched,Bacteria,
Krasilnikovia,14,30,0.01,0.0,4,4,4,0.0,0.01,100.0,3.5,0.286,1,1,-1,1,matched,Bacteria,
Williamwhitmania,4,36,0.0,0.0,4,2,1,0.0,0.0,25.0,2.0,0.5,1,1,-1,1,matched,Bacteria,
Cerasibacillus,4,6,0.0,0.0,4,3,3,0.0,0.0,75.0,1.333,0.75,1,1,-1,1,matched,Bacteria,
Desulfobotulus,9,44,0.0,0.0,4,4,3,0.0,0.01,75.0,2.25,0.444,1,1,-1,1,matched,Bacteria,
Wenxinia,7,10,0.0,0.0,4,2,4,0.0,0.0,100.0,3.5,0.286,1,1,-1,1,matched,Bacteria,
Salinibacillus,3,4,0.0,0.0,4,3,4,0.0,0.0,100.0,1.0,1.0,1,1,-1,1,matched,Bacteria,
Raphidiopsis,3,44,0.0,0.0,4,3,3,0.0,0.0,75.0,1.0,1.0,1,1,-1,1,matched,Bacteria,
Tepidamorphus,15,22,0.01,0.0,4,4,2,0.0,0.01,50.0,3.75,0.267,1,1,-1,1,matched,Bacteria,
Rivibacter,2,2,0.0,0.0,4,3,1,0.0,0.0,25.0,0.667,1.5,1,1,-1,1,matched,Bacteria,
Planktothricoides,6,25,0.0,0.0,4,2,4,0.0,0.0,100.0,3.0,0.333,1,1,-1,1,matched,Bacteria,
Halopiger,11,27,0.0,0.0,4,4,4,0.0,0.01,100.0,2.75,0.364,1,1,-1,1,matched,Archaea,
Thermobacillus,59,339,0.02,0.03,4,4,2,0.0,0.01,50.0,14.75,0.068,1,1,-1,1,matched,Bacteria,
Ammonifex,1,3,0.0,0.0,4,3,2,0.0,0.0,50.0,0.333,3.0,1,1,-1,1,matched,Bacteria,
Algisphaera,20,33,0.01,0.0,4,3,1,0.0,0.0,25.0,6.667,0.15,1,1,-1,1,matched,Bacteria,
Basfia,1,9,0.0,0.0,4,2,4,0.0,0.0,100.0,0.5,2.0,1,1,-1,1,matched,Bacteria,
Peredibacter,257,845,0.1,0.07,4,3,2,0.0,0.0,50.0,85.667,0.012,1,1,-1,1,matched,Bacteria,
Alkaliflexus,10,29,0.0,0.0,4,3,1,0.0,0.0,25.0,3.333,0.3,1,1,-1,1,matched,Bacteria,
Rehaibacterium,10,87,0.0,0.01,4,2,1,0.0,0.0,25.0,5.0,0.2,1,1,-1,1,matched,Bacteria,
Motilibacter,3,10,0.0,0.0,4,4,4,0.0,0.01,100.0,0.75,1.333,1,1,-1,1,matched,Bacteria,
Staphylothermus,14,33,0.01,0.0,4,3,2,0.0,0.0,50.0,4.667,0.214,1,1,-1,1,matched,Archaea,
Auraticoccus,1,6,0.0,0.0,4,4,4,0.0,0.01,100.0,0.25,4.0,1,1,-1,1,matched,Bacteria,
Caminibacter,33,394,0.01,0.03,4,2,4,0.0,0.0,100.0,16.5,0.061,1,1,-1,1,matched,Bacteria,
Imtechella,1,2,0.0,0.0,4,1,2,0.0,0.0,50.0,1.0,1.0,1,1,-1,1,matched,Bacteria,
Thermosyntropha,9,17,0.0,0.0,4,4,3,0.0,0.01,75.0,2.25,0.444,1,1,-1,1,matched,Bacteria,
Natribaculum,3,9,0.0,0.0,4,3,4,0.0,0.0,100.0,1.0,1.0,1,1,-1,1,matched,Archaea,
Myxosarcina,10,15,0.0,0.0,4,4,1,0.0,0.01,25.0,2.5,0.4,1,1,-1,1,matched,Bacteria,
Phytomonospora,1,2,0.0,0.0,4,3,3,0.0,0.0,75.0,0.333,3.0,1,1,-1,1,matched,Bacteria,
Zymobacter,1,5,0.0,0.0,4,3,4,0.0,0.0,100.0,0.333,3.0,1,1,-1,1,matched,Bacteria,
Portibacter,55,98,0.02,0.01,4,3,3,0.0,0.0,75.0,18.333,0.055,1,1,-1,1,matched,Bacteria,
Uruburuella,1,24,0.0,0.0,4,2,3,0.0,0.0,75.0,0.5,2.0,1,1,-1,1,matched,Bacteria,
Luteipulveratus,1,4,0.0,0.0,4,3,4,0.0,0.0,100.0,0.333,3.0,1,1,-1,1,matched,Bacteria,
Halobium,3,6,0.0,0.0,4,2,4,0.0,0.0,100.0,1.5,0.667,1,1,-1,1,matched,Archaea,
Otariodibacter,3,100,0.0,0.01,4,2,2,0.0,0.0,50.0,1.5,0.667,1,1,-1,1,matched,Bacteria,
Cnuibacter,1,8,0.0,0.0,4,2,4,0.0,0.0,100.0,0.5,2.0,1,1,-1,1,matched,Bacteria,
Halogranum,5,20,0.0,0.0,4,3,4,0.0,0.0,100.0,1.667,0.6,1,1,-1,1,matched,Archaea,
Thermocrispum,3,37,0.0,0.0,4,3,2,0.0,0.0,50.0,1.0,1.0,1,1,-1,1,matched,Bacteria,
Crenalkalicoccus,2,4,0.0,0.0,4,2,1,0.0,0.0,25.0,1.0,1.0,1,1,-1,1,matched,Bacteria,
Naumannella,2,5,0.0,0.0,4,3,4,0.0,0.0,100.0,0.667,1.5,1,1,-1,1,matched,Bacteria,
Dolosicoccus,2,2,0.0,0.0,4,2,3,0.0,0.0,75.0,1.0,1.0,1,1,-1,1,matched,Bacteria,
Zhengella,1,1,0.0,0.0,4,3,2,0.0,0.0,50.0,0.333,3.0,1,1,-1,1,matched,Bacteria,
Sediminimonas,17,28,0.01,0.0,4,2,1,0.0,0.0,25.0,8.5,0.118,1,1,-1,1,matched,Bacteria,
Achromatium,17,35,0.01,0.0,4,4,4,0.0,0.01,100.0,4.25,0.235,1,1,-1,1,matched,Bacteria,
Litorilituus,1,1,0.0,0.0,3,3,2,0.0,0.0,66.67,0.333,3.0,1,1,-1,1,matched,Bacteria,
Tranquillimonas,1,2,0.0,0.0,3,2,2,0.0,0.0,66.67,0.5,2.0,1,1,-1,1,matched,Bacteria,
Fodinicola,1,3,0.0,0.0,3,2,3,0.0,0.0,100.0,0.5,2.0,1,1,-1,1,matched,Bacteria,
Natroniella,3,5,0.0,0.0,3,3,3,0.0,0.0,100.0,1.0,1.0,1,1,-1,1,matched,Bacteria,
Alkalitalea,3,9,0.0,0.0,3,2,2,0.0,0.0,66.67,1.5,0.667,1,1,-1,1,matched,Bacteria,
Coralloluteibacterium,1,2,0.0,0.0,3,2,3,0.0,0.0,100.0,0.5,2.0,1,1,-1,1,matched,Bacteria,
Natranaerobius,11,70,0.0,0.01,3,2,3,0.0,0.0,100.0,5.5,0.182,1,1,-1,1,matched,Bacteria,
Salinispirillum,2,2,0.0,0.0,3,2,3,0.0,0.0,100.0,1.0,1.0,1,1,-1,1,matched,Bacteria,
Joostella,2,14,0.0,0.0,3,3,2,0.0,0.0,66.67,0.667,1.5,1,1,-1,1,matched,Bacteria,
Microscilla,12,38,0.0,0.0,3,3,1,0.0,0.0,33.33,4.0,0.25,1,1,-1,1,matched,Bacteria,
Microbaculum,1,1,0.0,0.0,3,2,3,0.0,0.0,100.0,0.5,2.0,1,1,-1,1,matched,Bacteria,
Necropsobacter,1,2,0.0,0.0,3,2,3,0.0,0.0,100.0,0.5,2.0,1,1,-1,1,matched,Bacteria,
Neoasaia,1,1,0.0,0.0,3,1,3,0.0,0.0,100.0,1.0,1.0,1,1,-1,1,matched,Bacteria,
Desmospora,3,5,0.0,0.0,3,3,3,0.0,0.0,100.0,1.0,1.0,1,1,-1,1,matched,Bacteria,
Sulfuritortus,3,9,0.0,0.0,3,2,2,0.0,0.0,66.67,1.5,0.667,1,1,-1,1,matched,Bacteria,
Thermocatellispora,3,5,0.0,0.0,3,1,3,0.0,0.0,100.0,3.0,0.333,1,1,-1,1,matched,Bacteria,
Marinisporobacter,3,16,0.0,0.0,3,2,1,0.0,0.0,33.33,1.5,0.667,1,1,-1,1,matched,Bacteria,
Pistricoccus,1,3,0.0,0.0,3,1,2,0.0,0.0,66.67,1.0,1.0,1,1,-1,1,matched,Bacteria,
Pontibaca,2,12,0.0,0.0,3,2,2,0.0,0.0,66.67,1.0,1.0,1,1,-1,1,matched,Bacteria,
Smaragdicoccus,2,8,0.0,0.0,3,1,3,0.0,0.0,100.0,2.0,0.5,1,1,-1,1,matched,Bacteria,
Aquisphaera,64,308,0.02,0.03,3,3,2,0.0,0.0,66.67,21.333,0.047,1,1,-1,1,matched,Bacteria,
Tepidimicrobium,64,144,0.02,0.01,3,2,2,0.0,0.0,66.67,32.0,0.031,1,1,-1,1,matched,Bacteria,
Rhodoligotrophos,5,16,0.0,0.0,3,3,3,0.0,0.0,100.0,1.667,0.6,1,1,-1,1,matched,Bacteria,
Serpentinicella,8,21,0.0,0.0,3,2,3,0.0,0.0,100.0,4.0,0.25,1,1,-1,1,matched,Bacteria,
Sulfurisoma,1,14,0.0,0.0,3,2,2,0.0,0.0,66.67,0.5,2.0,1,1,-1,1,matched,Bacteria,
Dinghuibacter,54,906,0.02,0.08,3,2,1,0.0,0.0,33.33,27.0,0.037,1,1,-1,1,matched,Bacteria,
Methylocucumis,1,1,0.0,0.0,3,2,1,0.0,0.0,33.33,0.5,2.0,1,1,-1,1,matched,Bacteria,
Acetobacteroides,10,61,0.0,0.01,3,2,1,0.0,0.0,33.33,5.0,0.2,1,1,-1,1,matched,Bacteria,
Sulfurivirga,6,17,0.0,0.0,3,2,1,0.0,0.0,33.33,3.0,0.333,1,1,-1,1,matched,Bacteria,
Derxia,3,7,0.0,0.0,3,3,2,0.0,0.0,66.67,1.0,1.0,1,1,-1,1,matched,Bacteria,
Methanolacinia,3,13,0.0,0.0,3,2,2,0.0,0.0,66.67,1.5,0.667,1,1,-1,1,matched,Archaea,
Halovulum,15,27,0.01,0.0,3,3,2,0.0,0.0,66.67,5.0,0.2,1,1,-1,1,matched,Bacteria,
Dethiosulfatibacter,31,151,0.01,0.01,3,2,1,0.0,0.0,33.33,15.5,0.065,1,1,-1,1,matched,Bacteria,
Salinispira,29,100,0.01,0.01,3,3,1,0.0,0.0,33.33,9.667,0.103,1,1,-1,1,matched,Bacteria,
Kallipyga,1,3,0.0,0.0,3,2,2,0.0,0.0,66.67,0.5,2.0,1,1,-1,1,matched,Bacteria,
Salibacter,1,4,0.0,0.0,3,2,1,0.0,0.0,33.33,0.5,2.0,1,1,-1,1,matched,Bacteria,
Nautilia,10,79,0.0,0.01,3,3,2,0.0,0.0,66.67,3.333,0.3,1,1,-1,1,matched,Bacteria,
Methermicoccus,3,8,0.0,0.0,3,2,1,0.0,0.0,33.33,1.5,0.667,1,1,-1,1,matched,Archaea,
Anaerosporomusa,15,25,0.01,0.0,3,2,1,0.0,0.0,33.33,7.5,0.133,1,1,-1,1,matched,Bacteria,
Amorphus,4,15,0.0,0.0,3,3,3,0.0,0.0,100.0,1.333,0.75,1,1,-1,1,matched,Bacteria,
Natronincola,9,15,0.0,0.0,3,3,2,0.0,0.0,66.67,3.0,0.333,1,1,-1,1,matched,Bacteria,
Kineosphaera,1,5,0.0,0.0,3,2,2,0.0,0.0,66.67,0.5,2.0,1,1,-1,1,matched,Bacteria,
Ferriphaselus,6,13,0.0,0.0,3,2,3,0.0,0.0,100.0,3.0,0.333,1,1,-1,1,matched,Bacteria,
Parapusillimonas,10,48,0.0,0.0,3,2,3,0.0,0.0,100.0,5.0,0.2,1,1,-1,1,matched,Bacteria,
Rudanella,4,17,0.0,0.0,3,3,2,0.0,0.0,66.67,1.333,0.75,1,1,-1,1,matched,Bacteria,
Pseudaestuariivita,3,6,0.0,0.0,3,3,2,0.0,0.0,66.67,1.0,1.0,1,1,-1,1,matched,Bacteria,
Spongiivirga,3,3,0.0,0.0,3,3,2,0.0,0.0,66.67,1.0,1.0,1,1,-1,1,matched,Bacteria,
Poseidonocella,3,4,0.0,0.0,3,3,3,0.0,0.0,100.0,1.0,1.0,1,1,-1,1,matched,Bacteria,
Haloactinopolyspora,10,30,0.0,0.0,3,2,2,0.0,0.0,66.67,5.0,0.2,1,1,-1,1,matched,Bacteria,
Aquicella,261,371,0.1,0.03,3,2,3,0.0,0.0,100.0,130.5,0.008,1,1,-1,1,matched,Bacteria,
Methylomusa,1,5,0.0,0.0,3,1,1,0.0,0.0,33.33,1.0,1.0,1,1,-1,1,matched,Bacteria,
Chania,1,7,0.0,0.0,3,2,2,0.0,0.0,66.67,0.5,2.0,1,1,-1,1,matched,Bacteria,
Caminicella,20,69,0.01,0.01,3,1,3,0.0,0.0,100.0,20.0,0.05,1,1,-1,1,matched,Bacteria,
Methanotorris,15,35,0.01,0.0,3,2,3,0.0,0.0,100.0,7.5,0.133,1,1,-1,1,matched,Archaea,
Crassaminicella,4,6,0.0,0.0,3,3,3,0.0,0.0,100.0,1.333,0.75,1,1,-1,1,matched,Bacteria,
Youngiibacter,4,30,0.0,0.0,3,3,2,0.0,0.0,66.67,1.333,0.75,1,1,-1,1,matched,Bacteria,
Salana,4,8,0.0,0.0,3,1,1,0.0,0.0,33.33,4.0,0.25,1,1,-1,1,matched,Bacteria,
Bavariicoccus,1,4,0.0,0.0,3,1,1,0.0,0.0,33.33,1.0,1.0,1,1,-1,1,matched,Bacteria,
Abyssicoccus,1,9,0.0,0.0,3,1,3,0.0,0.0,100.0,1.0,1.0,1,1,-1,1,matched,Bacteria,
Planctopirus,58,160,0.02,0.01,3,3,3,0.0,0.0,100.0,19.333,0.052,1,1,-1,1,matched,Bacteria,
Cesiribacter,6,9,0.0,0.0,3,3,2,0.0,0.0,66.67,2.0,0.5,1,1,-1,1,matched,Bacteria,
Antricoccus,6,14,0.0,0.0,3,2,1,0.0,0.0,33.33,3.0,0.333,1,1,-1,1,matched,Bacteria,
Thermithiobacillus,1,2,0.0,0.0,3,2,3,0.0,0.0,100.0,0.5,2.0,1,1,-1,1,matched,Bacteria,
Rhodospira,3,26,0.0,0.0,3,3,1,0.0,0.0,33.33,1.0,1.0,1,1,-1,1,matched,Bacteria,
Halioxenophilus,3,6,0.0,0.0,3,2,3,0.0,0.0,100.0,1.5,0.667,1,1,-1,1,matched,Bacteria,
Marivibrio,3,11,0.0,0.0,3,2,2,0.0,0.0,66.67,1.5,0.667,1,1,-1,1,matched,Bacteria,
Rhodocytophaga,34,61,0.01,0.01,3,2,3,0.0,0.0,100.0,17.0,0.059,1,1,-1,1,matched,Bacteria,
Samsonia,1,1,0.0,0.0,3,1,3,0.0,0.0,100.0,1.0,1.0,1,1,-1,1,matched,Bacteria,
Miniimonas,1,6,0.0,0.0,3,2,2,0.0,0.0,66.67,0.5,2.0,1,1,-1,1,matched,Bacteria,
Aciditerrimonas,9,54,0.0,0.0,3,1,3,0.0,0.0,100.0,9.0,0.111,1,1,-1,1,matched,Bacteria,
Propionispora,6,20,0.0,0.0,3,3,3,0.0,0.0,100.0,2.0,0.5,1,1,-1,1,matched,Bacteria,
Phaeospirillum,7,31,0.0,0.0,3,2,1,0.0,0.0,33.33,3.5,0.286,1,1,-1,1,matched,Bacteria,
Thermosulfidibacter,9,29,0.0,0.0,3,2,1,0.0,0.0,33.33,4.5,0.222,1,1,-1,1,matched,Bacteria,
Aestuariibius,2,3,0.0,0.0,3,3,3,0.0,0.0,100.0,0.667,1.5,1,1,-1,1,matched,Bacteria,
Wigglesworthia,2,6,0.0,0.0,3,1,2,0.0,0.0,66.67,2.0,0.5,1,1,-1,1,matched,Bacteria,
Tibeticola,2,16,0.0,0.0,3,2,1,0.0,0.0,33.33,1.0,1.0,1,1,-1,1,matched,Bacteria,
Heliobacterium,4,20,0.0,0.0,3,3,2,0.0,0.0,66.67,1.333,0.75,1,1,-1,1,matched,Bacteria,
Halospina,4,86,0.0,0.01,3,3,2,0.0,0.0,66.67,1.333,0.75,1,1,-1,1,matched,Bacteria,
Paraoerskovia,4,13,0.0,0.0,3,2,3,0.0,0.0,100.0,2.0,0.5,1,1,-1,1,matched,Bacteria,
Hasllibacter,2,2,0.0,0.0,3,3,2,0.0,0.0,66.67,0.667,1.5,1,1,-1,1,matched,Bacteria,
Oculatella,5,18,0.0,0.0,3,2,3,0.0,0.0,100.0,2.5,0.4,1,1,-1,1,matched,Bacteria,
Natronolimnobius,6,19,0.0,0.0,3,2,3,0.0,0.0,100.0,3.0,0.333,1,1,-1,1,matched,Archaea,
Sinosporangium,1,3,0.0,0.0,3,2,3,0.0,0.0,100.0,0.5,2.0,1,1,-1,1,matched,Bacteria,
Sediminivirga,1,1,0.0,0.0,3,1,3,0.0,0.0,100.0,1.0,1.0,1,1,-1,1,matched,Bacteria,
Citrifermentans,75,272,0.03,0.02,3,2,3,0.0,0.0,100.0,37.5,0.027,1,1,-1,1,matched,Bacteria,
Thermanaeromonas,15,52,0.01,0.0,3,3,2,0.0,0.0,66.67,5.0,0.2,1,1,-1,1,matched,Bacteria,
Tepidicaulis,3,4,0.0,0.0,3,2,1,0.0,0.0,33.33,1.5,0.667,1,1,-1,1,matched,Bacteria,
Aminicella,3,8,0.0,0.0,3,1,1,0.0,0.0,33.33,3.0,0.333,1,1,-1,1,matched,Bacteria,
Gloeobacter,7,23,0.0,0.0,3,3,3,0.0,0.0,100.0,2.333,0.429,1,1,-1,1,matched,Bacteria,
Sciscionella,1,3,0.0,0.0,3,3,2,0.0,0.0,66.67,0.333,3.0,1,1,-1,1,matched,Bacteria,
Caedimonas,1,1,0.0,0.0,3,2,1,0.0,0.0,33.33,0.5,2.0,1,1,-1,1,matched,Bacteria,
Paucisalibacillus,2,14,0.0,0.0,3,2,3,0.0,0.0,100.0,1.0,1.0,1,1,-1,1,matched,Bacteria,
Pseudohaliea,21,68,0.01,0.01,3,2,1,0.0,0.0,33.33,10.5,0.095,1,1,-1,1,matched,Bacteria,
Jaaginema,5,10,0.0,0.0,3,3,0,0.0,0.0,0.0,1.667,0.6,1,1,-1,1,matched,Bacteria,
Lactovum,11,15,0.0,0.0,3,2,1,0.0,0.0,33.33,5.5,0.182,1,1,-1,1,matched,Bacteria,
Chitinilyticum,2,2,0.0,0.0,3,3,3,0.0,0.0,100.0,0.667,1.5,1,1,-1,1,matched,Bacteria,
Psychromarinibacter,2,3,0.0,0.0,3,2,3,0.0,0.0,100.0,1.0,1.0,1,1,-1,1,matched,Bacteria,
Thaumasiovibrio,9,14,0.0,0.0,3,3,3,0.0,0.0,100.0,3.0,0.333,1,1,-1,1,matched,Bacteria,
Formivibrio,7,18,0.0,0.0,3,2,1,0.0,0.0,33.33,3.5,0.286,1,1,-1,1,matched,Bacteria,
Subsaximicrobium,3,5,0.0,0.0,3,1,3,0.0,0.0,100.0,3.0,0.333,1,1,-1,1,matched,Bacteria,
Serinibacter,1,4,0.0,0.0,3,2,3,0.0,0.0,100.0,0.5,2.0,1,1,-1,1,matched,Bacteria,
Polycladomyces,1,4,0.0,0.0,3,3,3,0.0,0.0,100.0,0.333,3.0,1,1,-1,1,matched,Bacteria,
Egibacter,9,37,0.0,0.0,3,2,1,0.0,0.0,33.33,4.5,0.222,1,1,-1,1,matched,Bacteria,
Bergeriella,1,5,0.0,0.0,3,1,3,0.0,0.0,100.0,1.0,1.0,1,0,0,1,matched,Bacteria,
Magnetospira,62,299,0.02,0.03,3,2,0,0.0,0.0,0.0,31.0,0.032,1,1,-1,1,matched,Bacteria,
Anditalea,2,5,0.0,0.0,3,2,1,0.0,0.0,33.33,1.0,1.0,1,1,-1,1,matched,Bacteria,
Thermoleophilum,4,20,0.0,0.0,3,2,2,0.0,0.0,66.67,2.0,0.5,1,1,-1,1,matched,Bacteria,
Floricoccus,4,5,0.0,0.0,3,2,3,0.0,0.0,100.0,2.0,0.5,1,1,-1,1,matched,Bacteria,
Aminomonas,4,8,0.0,0.0,3,1,1,0.0,0.0,33.33,4.0,0.25,1,1,-1,1,matched,Bacteria,
Thermicanus,11,35,0.0,0.0,3,2,1,0.0,0.0,33.33,5.5,0.182,1,1,-1,1,matched,Bacteria,
Pseudaeromonas,2,3,0.0,0.0,3,3,3,0.0,0.0,100.0,0.667,1.5,1,1,-1,1,matched,Bacteria,
Mongoliitalea,2,7,0.0,0.0,3,2,3,0.0,0.0,100.0,1.0,1.0,1,1,-1,1,matched,Bacteria,
Eremococcus,3,9,0.0,0.0,3,2,2,0.0,0.0,66.67,1.5,0.667,1,0,0,1,matched,Bacteria,
Ruficoccus,3,13,0.0,0.0,3,3,2,0.0,0.0,66.67,1.0,1.0,1,1,-1,1,matched,Bacteria,
Euryhalocaulis,9,27,0.0,0.0,3,3,1,0.0,0.0,33.33,3.0,0.333,1,1,-1,1,matched,Bacteria,
Dendrosporobacter,8,11,0.0,0.0,3,2,3,0.0,0.0,100.0,4.0,0.25,1,1,-1,1,matched,Bacteria,
Picrophilus,1,2,0.0,0.0,3,2,2,0.0,0.0,66.67,0.5,2.0,1,1,-1,1,matched,Archaea,
Oharaeibacter,1,3,0.0,0.0,3,1,3,0.0,0.0,100.0,1.0,1.0,1,1,-1,1,matched,Bacteria,
Desulfurispora,37,73,0.01,0.01,3,2,1,0.0,0.0,33.33,18.5,0.054,1,1,-1,1,matched,Bacteria,
Shimazuella,9,31,0.0,0.0,3,3,3,0.0,0.0,100.0,3.0,0.333,1,1,-1,1,matched,Bacteria,
Methanohalobium,1,11,0.0,0.0,3,2,1,0.0,0.0,33.33,0.5,2.0,1,1,-1,1,matched,Archaea,
Drouetiella,1,6,0.0,0.0,3,2,0,0.0,0.0,0.0,0.5,2.0,1,1,-1,1,matched,Bacteria,
Sedimentisphaera,2,11,0.0,0.0,3,2,3,0.0,0.0,100.0,1.0,1.0,1,1,-1,1,matched,Bacteria,
Pseudobowmanella,2,3,0.0,0.0,3,1,3,0.0,0.0,100.0,2.0,0.5,1,1,-1,1,matched,Bacteria,
Methylohalobius,2,5,0.0,0.0,3,2,1,0.0,0.0,33.33,1.0,1.0,1,1,-1,1,matched,Bacteria,
Luedemannella,22,105,0.01,0.01,3,2,3,0.0,0.0,100.0,11.0,0.091,1,1,-1,1,matched,Bacteria,
Streptoalloteichus,2,5,0.0,0.0,3,2,3,0.0,0.0,100.0,1.0,1.0,1,1,-1,1,matched,Bacteria,
Marinicrinis,2,2,0.0,0.0,3,2,3,0.0,0.0,100.0,1.0,1.0,1,1,-1,1,matched,Bacteria,
Crinalium,2,17,0.0,0.0,3,2,1,0.0,0.0,33.33,1.0,1.0,1,1,-1,1,matched,Bacteria,
Agaribacter,11,15,0.0,0.0,3,2,3,0.0,0.0,100.0,5.5,0.182,1,1,-1,1,matched,Bacteria,
Chlorogloea,5,16,0.0,0.0,3,2,2,0.0,0.0,66.67,2.5,0.4,1,1,-1,1,matched,Bacteria,
Denitrovibrio,8,40,0.0,0.0,3,2,1,0.0,0.0,33.33,4.0,0.25,1,1,-1,1,matched,Bacteria,
Endobacter,8,32,0.0,0.0,3,1,3,0.0,0.0,100.0,8.0,0.125,1,1,-1,1,matched,Bacteria,
Limimonas,8,18,0.0,0.0,3,2,1,0.0,0.0,33.33,4.0,0.25,1,1,-1,1,matched,Bacteria,
Iningainema,1,1,0.0,0.0,3,2,2,0.0,0.0,66.67,0.5,2.0,1,1,-1,1,matched,Bacteria,
Criibacterium,1,1,0.0,0.0,3,2,2,0.0,0.0,66.67,0.5,2.0,1,1,-1,1,matched,Bacteria,
Merismopedia,7,10,0.0,0.0,3,2,2,0.0,0.0,66.67,3.5,0.286,1,1,-1,1,matched,Bacteria,
Anaerosphaera,3,4,0.0,0.0,3,3,3,0.0,0.0,100.0,1.0,1.0,1,1,-1,1,matched,Bacteria,
Psychrobium,11,33,0.0,0.0,3,3,2,0.0,0.0,66.67,3.667,0.273,1,1,-1,1,matched,Bacteria,
Phaeocystidibacter,5,14,0.0,0.0,3,2,3,0.0,0.0,100.0,2.5,0.4,1,1,-1,1,matched,Bacteria,
Andreprevotia,2,4,0.0,0.0,3,3,3,0.0,0.0,100.0,0.667,1.5,1,1,-1,1,matched,Bacteria,
Chitinolyticbacter,2,6,0.0,0.0,3,3,2,0.0,0.0,66.67,0.667,1.5,1,1,-1,1,matched,Bacteria,
Parafrigoribacterium,22,70,0.01,0.01,3,3,3,0.0,0.0,100.0,7.333,0.136,1,1,-1,1,matched,Bacteria,
Fangia,4,6,0.0,0.0,3,1,2,0.0,0.0,66.67,4.0,0.25,1,1,-1,1,matched,Bacteria,
Ignicoccus,4,13,0.0,0.0,3,3,3,0.0,0.0,100.0,1.333,0.75,1,1,-1,1,matched,Archaea,
Gabonibacter,1,1,0.0,0.0,3,3,2,0.0,0.0,66.67,0.333,3.0,1,1,-1,1,matched,Bacteria,
Stigonema,8,36,0.0,0.0,3,2,0,0.0,0.0,0.0,4.0,0.25,1,1,-1,1,matched,Bacteria,
Cylindrospermum,8,18,0.0,0.0,3,3,3,0.0,0.0,100.0,2.667,0.375,1,1,-1,1,matched,Bacteria,
Litoribacter,1,2,0.0,0.0,3,2,3,0.0,0.0,100.0,0.5,2.0,1,1,-1,1,matched,Bacteria,
Methylogaea,1,1,0.0,0.0,3,1,3,0.0,0.0,100.0,1.0,1.0,1,1,-1,1,matched,Bacteria,
Aerosakkonema,1,2,0.0,0.0,3,2,3,0.0,0.0,100.0,0.5,2.0,1,1,-1,1,matched,Bacteria,
Palaeococcus,5,18,0.0,0.0,3,3,2,0.0,0.0,66.67,1.667,0.6,1,1,-1,1,matched,Archaea,
Enterobacillus,1,2,0.0,0.0,3,1,2,0.0,0.0,66.67,1.0,1.0,1,1,-1,1,matched,Bacteria,
Thermonema,2,9,0.0,0.0,3,3,2,0.0,0.0,66.67,0.667,1.5,1,1,-1,1,matched,Bacteria,
Homoserinibacter,1,1,0.0,0.0,3,3,3,0.0,0.0,100.0,0.333,3.0,1,1,-1,1,matched,Bacteria,
Isosphaera,23,58,0.01,0.0,3,2,1,0.0,0.0,33.33,11.5,0.087,1,1,-1,1,matched,Bacteria,
Roseisolibacter,23,49,0.01,0.0,3,3,2,0.0,0.0,66.67,7.667,0.13,1,1,-1,1,matched,Bacteria,
Falsarthrobacter,1,2,0.0,0.0,3,1,3,0.0,0.0,100.0,1.0,1.0,1,1,-1,1,matched,Bacteria,
Colidextribacter,237,554,0.09,0.05,3,3,2,0.0,0.0,66.67,79.0,0.013,1,1,-1,1,matched,Bacteria,
Bombiscardovia,1,3,0.0,0.0,3,3,3,0.0,0.0,100.0,0.333,3.0,1,1,-1,1,matched,Bacteria,
Daeguia,1,1,0.0,0.0,2,1,2,0.0,0.0,100.0,1.0,1.0,1,1,-1,1,matched,Bacteria,
Telmatocola,8,20,0.0,0.0,2,2,1,0.0,0.0,50.0,4.0,0.25,1,1,-1,1,matched,Bacteria,
Galliscardovia,1,1,0.0,0.0,2,1,1,0.0,0.0,50.0,1.0,1.0,1,1,-1,1,matched,Bacteria,
Ectothiorhodosinus,1,1,0.0,0.0,2,1,2,0.0,0.0,100.0,1.0,1.0,1,1,-1,1,matched,Bacteria,
Leptobacterium,1,2,0.0,0.0,2,2,2,0.0,0.0,100.0,0.5,2.0,1,1,-1,1,matched,Bacteria,
Chroococcus,8,13,0.0,0.0,2,2,1,0.0,0.0,50.0,4.0,0.25,1,1,-1,1,matched,Bacteria,
Acaricomes,2,5,0.0,0.0,2,1,2,0.0,0.0,100.0,2.0,0.5,1,1,-1,1,matched,Bacteria,
Arsenicibacter,2,4,0.0,0.0,2,2,1,0.0,0.0,50.0,1.0,1.0,1,1,-1,1,matched,Bacteria,
Aureivirga,2,2,0.0,0.0,2,2,2,0.0,0.0,100.0,1.0,1.0,1,1,-1,1,matched,Bacteria,
Nicoletella,1,17,0.0,0.0,2,1,2,0.0,0.0,100.0,1.0,1.0,1,1,-1,1,matched,Bacteria,
Piscinibacterium,1,1,0.0,0.0,2,1,2,0.0,0.0,100.0,1.0,1.0,1,1,-1,1,matched,Bacteria,
Nordella,43,211,0.02,0.02,2,2,1,0.0,0.0,50.0,21.5,0.047,1,1,-1,1,matched,Bacteria,
Alpinimonas,1,1,0.0,0.0,2,2,1,0.0,0.0,50.0,0.5,2.0,1,1,-1,1,matched,Bacteria,
Marinibactrum,1,1,0.0,0.0,2,1,2,0.0,0.0,100.0,1.0,1.0,1,1,-1,1,matched,Bacteria,
Citreimonas,1,6,0.0,0.0,2,2,1,0.0,0.0,50.0,0.5,2.0,1,1,-1,1,matched,Bacteria,
Spinactinospora,1,1,0.0,0.0,2,1,2,0.0,0.0,100.0,1.0,1.0,1,1,-1,1,matched,Bacteria,
Haematomicrobium,1,1,0.0,0.0,2,1,1,0.0,0.0,50.0,1.0,1.0,1,1,-1,1,matched,Bacteria,
Bradymonas,3,10,0.0,0.0,2,1,2,0.0,0.0,100.0,3.0,0.333,1,1,-1,1,matched,Bacteria,
Nanoarchaeum,17,55,0.01,0.0,2,2,1,0.0,0.0,50.0,8.5,0.118,1,1,-1,1,matched,Archaea,
Phocoenobacter,18,134,0.01,0.01,2,1,2,0.0,0.0,100.0,18.0,0.056,1,1,-1,1,matched,Bacteria,
Anoxynatronum,12,34,0.0,0.0,2,2,2,0.0,0.0,100.0,6.0,0.167,1,1,-1,1,matched,Bacteria,
Proteinivorax,2,3,0.0,0.0,2,2,2,0.0,0.0,100.0,1.0,1.0,1,1,-1,1,matched,Bacteria,
Anaeromicrobium,2,3,0.0,0.0,2,2,1,0.0,0.0,50.0,1.0,1.0,1,1,-1,1,matched,Bacteria,
Agaribacterium,3,4,0.0,0.0,2,2,2,0.0,0.0,100.0,1.5,0.667,1,1,-1,1,matched,Bacteria,
Umboniibacter,3,13,0.0,0.0,2,2,1,0.0,0.0,50.0,1.5,0.667,1,1,-1,1,matched,Bacteria,
Salsuginibacillus,3,6,0.0,0.0,2,2,2,0.0,0.0,100.0,1.5,0.667,1,1,-1,1,matched,Bacteria,
Vespertiliibacter,1,2,0.0,0.0,2,1,2,0.0,0.0,100.0,1.0,1.0,1,1,-1,1,matched,Bacteria,
Pseudosphingobacterium,1,1,0.0,0.0,2,1,0,0.0,0.0,0.0,1.0,1.0,1,1,-1,1,matched,Bacteria,
Risungbinella,1,4,0.0,0.0,2,1,2,0.0,0.0,100.0,1.0,1.0,1,1,-1,1,matched,Bacteria,
Venenivibrio,9,19,0.0,0.0,2,1,2,0.0,0.0,100.0,9.0,0.111,1,1,-1,1,matched,Bacteria,
Caldovatus,3,7,0.0,0.0,2,2,2,0.0,0.0,100.0,1.5,0.667,1,1,-1,1,matched,Bacteria,
Gynuella,3,10,0.0,0.0,2,2,1,0.0,0.0,50.0,1.5,0.667,1,1,-1,1,matched,Bacteria,
Halotalea,3,16,0.0,0.0,2,1,2,0.0,0.0,100.0,3.0,0.333,1,1,-1,1,matched,Bacteria,
Okibacterium,3,11,0.0,0.0,2,2,2,0.0,0.0,100.0,1.5,0.667,1,1,-1,1,matched,Bacteria,
Tuberibacillus,3,34,0.0,0.0,2,2,2,0.0,0.0,100.0,1.5,0.667,1,1,-1,1,matched,Bacteria,
Volucribacter,1,5,0.0,0.0,2,2,2,0.0,0.0,100.0,0.5,2.0,1,1,-1,1,matched,Bacteria,
Flavimarina,5,13,0.0,0.0,2,2,1,0.0,0.0,50.0,2.5,0.4,1,1,-1,1,matched,Bacteria,
Asaccharospora,2,3,0.0,0.0,2,1,2,0.0,0.0,100.0,2.0,0.5,1,1,-1,1,matched,Bacteria,
Pisciglobus,2,4,0.0,0.0,2,1,1,0.0,0.0,50.0,2.0,0.5,1,1,-1,1,matched,Bacteria,
Klugiella,2,5,0.0,0.0,2,1,2,0.0,0.0,100.0,2.0,0.5,1,1,-1,1,matched,Bacteria,
Nibrella,5,6,0.0,0.0,2,2,2,0.0,0.0,100.0,2.5,0.4,1,1,-1,1,matched,Bacteria,
Dissulfurirhabdus,2,2,0.0,0.0,2,1,2,0.0,0.0,100.0,2.0,0.5,1,1,-1,1,matched,Bacteria,
Lihuaxuella,2,5,0.0,0.0,2,2,1,0.0,0.0,50.0,1.0,1.0,1,1,-1,1,matched,Bacteria,
Deferribacter,7,13,0.0,0.0,2,2,2,0.0,0.0,100.0,3.5,0.286,1,1,-1,1,matched,Bacteria,
Xenococcus,9,37,0.0,0.0,2,2,1,0.0,0.0,50.0,4.5,0.222,1,0,0,1,matched,Bacteria,
Calidifontibacter,1,1,0.0,0.0,2,2,2,0.0,0.0,100.0,0.5,2.0,1,1,-1,1,matched,Bacteria,
Tamilnaduibacter,1,1,0.0,0.0,2,1,2,0.0,0.0,100.0,1.0,1.0,1,1,-1,1,matched,Bacteria,
Polymorphum,1,3,0.0,0.0,2,2,1,0.0,0.0,50.0,0.5,2.0,1,1,-1,1,matched,Bacteria,
Novispirillum,1,11,0.0,0.0,2,1,2,0.0,0.0,100.0,1.0,1.0,1,1,-1,1,matched,Bacteria,
Actinocrispum,1,6,0.0,0.0,2,2,2,0.0,0.0,100.0,0.5,2.0,1,1,-1,1,matched,Bacteria,
Azomonas,7,14,0.0,0.0,2,2,2,0.0,0.0,100.0,3.5,0.286,1,1,-1,1,matched,Bacteria,
Heliorestis,3,5,0.0,0.0,2,2,2,0.0,0.0,100.0,1.5,0.667,1,1,-1,1,matched,Bacteria,
Acetonema,3,7,0.0,0.0,2,2,2,0.0,0.0,100.0,1.5,0.667,1,1,-1,1,matched,Bacteria,
Thorsellia,3,7,0.0,0.0,2,2,2,0.0,0.0,100.0,1.5,0.667,1,1,-1,1,matched,Bacteria,
Garicola,5,7,0.0,0.0,2,1,2,0.0,0.0,100.0,5.0,0.2,1,1,-1,1,matched,Bacteria,
Desulfallas,11,32,0.0,0.0,2,2,2,0.0,0.0,100.0,5.5,0.182,1,1,-1,1,matched,Bacteria,
Marinactinospora,2,4,0.0,0.0,2,2,2,0.0,0.0,100.0,1.0,1.0,1,1,-1,1,matched,Bacteria,
Spirobacillus,2,8,0.0,0.0,2,1,1,0.0,0.0,50.0,2.0,0.5,1,1,-1,1,matched,Bacteria,
Tenggerimyces,2,3,0.0,0.0,2,1,2,0.0,0.0,100.0,2.0,0.5,1,1,-1,1,matched,Bacteria,
Haloparvum,16,43,0.01,0.0,2,2,1,0.0,0.0,50.0,8.0,0.125,1,1,-1,1,matched,Archaea,
Parasediminibacterium,16,69,0.01,0.01,2,2,2,0.0,0.0,100.0,8.0,0.125,1,1,-1,1,matched,Bacteria,
Izhakiella,16,24,0.01,0.0,2,2,2,0.0,0.0,100.0,8.0,0.125,1,1,-1,1,matched,Bacteria,
Xylanibacillus,7,12,0.0,0.0,2,1,2,0.0,0.0,100.0,7.0,0.143,1,1,-1,1,matched,Bacteria,
Caldora,1,8,0.0,0.0,2,2,0,0.0,0.0,0.0,0.5,2.0,1,1,-1,1,matched,Bacteria,
Roholtiella,1,4,0.0,0.0,2,1,2,0.0,0.0,100.0,1.0,1.0,1,1,-1,1,matched,Bacteria,
Aureibacter,1,3,0.0,0.0,2,1,2,0.0,0.0,100.0,1.0,1.0,1,1,-1,1,matched,Bacteria,
Gelatiniphilus,1,1,0.0,0.0,2,1,2,0.0,0.0,100.0,1.0,1.0,1,1,-1,1,matched,Bacteria,
Thermophagus,1,2,0.0,0.0,2,1,2,0.0,0.0,100.0,1.0,1.0,1,1,-1,1,matched,Bacteria,
Thermoflavimicrobium,7,9,0.0,0.0,2,2,2,0.0,0.0,100.0,3.5,0.286,1,1,-1,1,matched,Bacteria,
Natranaerovirga,7,8,0.0,0.0,2,2,2,0.0,0.0,100.0,3.5,0.286,1,1,-1,1,matched,Bacteria,
Lipingzhangella,2,3,0.0,0.0,2,2,2,0.0,0.0,100.0,1.0,1.0,1,1,-1,1,matched,Bacteria,
Halalkalibacillus,2,3,0.0,0.0,2,2,2,0.0,0.0,100.0,1.0,1.0,1,1,-1,1,matched,Bacteria,
Desulfurispirillum,2,7,0.0,0.0,2,1,2,0.0,0.0,100.0,2.0,0.5,1,1,-1,1,matched,Bacteria,
Pararhodospirillum,2,9,0.0,0.0,2,2,2,0.0,0.0,100.0,1.0,1.0,1,1,-1,1,matched,Bacteria,
Salinirubrum,2,25,0.0,0.0,2,1,2,0.0,0.0,100.0,2.0,0.5,1,1,-1,1,matched,Archaea,
Snuella,2,2,0.0,0.0,2,2,2,0.0,0.0,100.0,1.0,1.0,1,1,-1,1,matched,Bacteria,
Propioniferax,2,3,0.0,0.0,2,1,2,0.0,0.0,100.0,2.0,0.5,1,1,-1,1,matched,Bacteria,
Plectonema,2,6,0.0,0.0,2,1,2,0.0,0.0,100.0,2.0,0.5,1,1,-1,1,matched,Bacteria,
Luteibaculum,9,15,0.0,0.0,2,2,1,0.0,0.0,50.0,4.5,0.222,1,1,-1,1,matched,Bacteria,
Salininema,1,1,0.0,0.0,2,1,2,0.0,0.0,100.0,1.0,1.0,1,1,-1,1,matched,Bacteria,
Oceanirhabdus,3,14,0.0,0.0,2,2,2,0.0,0.0,100.0,1.5,0.667,1,1,-1,1,matched,Bacteria,
Fibrisoma,7,15,0.0,0.0,2,2,2,0.0,0.0,100.0,3.5,0.286,1,1,-1,1,matched,Bacteria,
Halanaerobacter,7,45,0.0,0.0,2,2,1,0.0,0.0,50.0,3.5,0.286,1,1,-1,1,matched,Bacteria,
Caviibacter,1,3,0.0,0.0,2,1,2,0.0,0.0,100.0,1.0,1.0,1,1,-1,1,matched,Bacteria,
Heliophilum,1,3,0.0,0.0,2,1,2,0.0,0.0,100.0,1.0,1.0,1,1,-1,1,matched,Bacteria,
Tunicatimonas,15,21,0.01,0.0,2,2,1,0.0,0.0,50.0,7.5,0.133,1,1,-1,1,matched,Bacteria,
Flexibacter,19,69,0.01,0.01,2,2,1,0.0,0.0,50.0,9.5,0.105,1,1,-1,1,matched,Bacteria,
Pasteuria,19,34,0.01,0.0,2,2,2,0.0,0.0,100.0,9.5,0.105,1,1,-1,1,matched,Bacteria,
Catellicoccus,5,7,0.0,0.0,2,1,2,0.0,0.0,100.0,5.0,0.2,1,1,-1,1,matched,Bacteria,
Labilibacter,11,21,0.0,0.0,2,2,2,0.0,0.0,100.0,5.5,0.182,1,1,-1,1,matched,Bacteria,
Propionicicella,11,49,0.0,0.0,2,2,1,0.0,0.0,50.0,5.5,0.182,1,1,-1,1,matched,Bacteria,
Methanoplanus,2,20,0.0,0.0,2,2,2,0.0,0.0,100.0,1.0,1.0,1,1,-1,1,matched,Archaea,
Thiococcus,2,9,0.0,0.0,2,1,2,0.0,0.0,100.0,2.0,0.5,1,1,-1,1,matched,Bacteria,
Thermosporothrix,13,45,0.0,0.0,2,1,2,0.0,0.0,100.0,13.0,0.077,1,1,-1,1,matched,Bacteria,
Thermodesulforhabdus,12,48,0.0,0.0,2,1,1,0.0,0.0,50.0,12.0,0.083,1,1,-1,1,matched,Bacteria,
Microseira,5,16,0.0,0.0,2,2,2,0.0,0.0,100.0,2.5,0.4,1,1,-1,1,matched,Bacteria,
Paraphotobacterium,3,17,0.0,0.0,2,1,2,0.0,0.0,100.0,3.0,0.333,1,1,-1,1,matched,Bacteria,
Segniliparus,1,6,0.0,0.0,2,2,2,0.0,0.0,100.0,0.5,2.0,1,1,-1,1,matched,Bacteria,
Thermorudis,1,6,0.0,0.0,2,1,1,0.0,0.0,50.0,1.0,1.0,1,1,-1,1,matched,Bacteria,
Ndongobacter,1,4,0.0,0.0,2,2,1,0.0,0.0,50.0,0.5,2.0,1,1,-1,1,matched,Bacteria,
Parasegetibacter,14,30,0.01,0.0,2,2,1,0.0,0.0,50.0,7.0,0.143,1,1,-1,1,matched,Bacteria,
Roseicitreum,2,4,0.0,0.0,2,1,2,0.0,0.0,100.0,2.0,0.5,1,1,-1,1,matched,Bacteria,
Halotia,2,8,0.0,0.0,2,2,2,0.0,0.0,100.0,1.0,1.0,1,1,-1,1,matched,Bacteria,
Gloeothece,2,4,0.0,0.0,2,2,2,0.0,0.0,100.0,1.0,1.0,1,1,-1,1,matched,Bacteria,
Gelria,24,55,0.01,0.0,2,2,1,0.0,0.0,50.0,12.0,0.083,1,1,-1,1,matched,Bacteria,
Ahniella,61,326,0.02,0.03,2,2,1,0.0,0.0,50.0,30.5,0.033,1,1,-1,1,matched,Bacteria,
Hydrogenispora,127,336,0.05,0.03,2,2,1,0.0,0.0,50.0,63.5,0.016,1,1,-1,1,matched,Bacteria,
Aggregicoccus,2,5,0.0,0.0,2,2,1,0.0,0.0,50.0,1.0,1.0,1,1,-1,1,matched,Bacteria,
Sinobaca,2,4,0.0,0.0,2,2,2,0.0,0.0,100.0,1.0,1.0,1,1,-1,1,matched,Bacteria,
Falsibacillus,2,3,0.0,0.0,2,2,2,0.0,0.0,100.0,1.0,1.0,1,1,-1,1,matched,Bacteria,
Desulfohalobium,4,9,0.0,0.0,2,2,1,0.0,0.0,50.0,2.0,0.5,1,1,-1,1,matched,Bacteria,
Atopobacter,1,1,0.0,0.0,2,2,2,0.0,0.0,100.0,0.5,2.0,1,1,-1,1,matched,Bacteria,
Mongoliibacter,1,2,0.0,0.0,2,2,1,0.0,0.0,50.0,0.5,2.0,1,1,-1,1,matched,Bacteria,
Halopolyspora,1,3,0.0,0.0,2,1,2,0.0,0.0,100.0,1.0,1.0,1,1,-1,1,matched,Bacteria,
Nibribacter,4,6,0.0,0.0,2,2,2,0.0,0.0,100.0,2.0,0.5,1,1,-1,1,matched,Bacteria,
Euhalothece,3,81,0.0,0.01,2,2,2,0.0,0.0,100.0,1.5,0.667,1,1,-1,1,matched,Bacteria,
Neptunitalea,3,4,0.0,0.0,2,2,2,0.0,0.0,100.0,1.5,0.667,1,1,-1,1,matched,Bacteria,
Thermobrachium,15,54,0.01,0.0,2,1,2,0.0,0.0,100.0,15.0,0.067,1,1,-1,1,matched,Bacteria,
Georgfuchsia,4,9,0.0,0.0,2,2,1,0.0,0.0,50.0,2.0,0.5,1,1,-1,1,matched,Bacteria,
Spongiimicrobium,4,6,0.0,0.0,2,2,2,0.0,0.0,100.0,2.0,0.5,1,1,-1,1,matched,Bacteria,
Thermolongibacillus,2,2,0.0,0.0,2,1,2,0.0,0.0,100.0,2.0,0.5,1,1,-1,1,matched,Bacteria,
Agaricicola,2,3,0.0,0.0,2,1,1,0.0,0.0,50.0,2.0,0.5,1,1,-1,1,matched,Bacteria,
Methylobrevis,2,2,0.0,0.0,2,2,2,0.0,0.0,100.0,1.0,1.0,1,1,-1,1,matched,Bacteria,
Ascidiimonas,2,2,0.0,0.0,2,2,2,0.0,0.0,100.0,1.0,1.0,1,1,-1,1,matched,Bacteria,
Marinirhabdus,2,4,0.0,0.0,2,2,1,0.0,0.0,50.0,1.0,1.0,1,1,-1,1,matched,Bacteria,
Thermosediminibacter,5,9,0.0,0.0,2,2,2,0.0,0.0,100.0,2.5,0.4,1,1,-1,1,matched,Bacteria,
Thermoflexibacter,13,64,0.0,0.01,2,2,1,0.0,0.0,50.0,6.5,0.154,1,1,-1,1,matched,Bacteria,
Hydrogenothermus,4,14,0.0,0.0,2,2,1,0.0,0.0,50.0,2.0,0.5,1,1,-1,1,matched,Bacteria,
Propionispira,15,188,0.01,0.02,2,2,2,0.0,0.0,100.0,7.5,0.133,1,1,-1,1,matched,Bacteria,
Caldanaerobius,4,11,0.0,0.0,2,2,2,0.0,0.0,100.0,2.0,0.5,1,1,-1,1,matched,Bacteria,
Acetitomaculum,121,249,0.05,0.02,2,2,1,0.0,0.0,50.0,60.5,0.017,1,1,-1,1,matched,Bacteria,
Hydrogenivirga,6,14,0.0,0.0,2,2,2,0.0,0.0,100.0,3.0,0.333,1,1,-1,1,matched,Bacteria,
Pelagibaca,6,46,0.0,0.0,2,1,0,0.0,0.0,0.0,6.0,0.167,1,1,-1,1,matched,Bacteria,
Tepidicella,1,5,0.0,0.0,2,2,2,0.0,0.0,100.0,0.5,2.0,1,1,-1,1,matched,Bacteria,
Thermodesulfitimonas,10,18,0.0,0.0,2,1,1,0.0,0.0,50.0,10.0,0.1,1,1,-1,1,matched,Bacteria,
Craurococcus,6,29,0.0,0.0,2,2,1,0.0,0.0,50.0,3.0,0.333,1,1,-1,1,matched,Bacteria,
Pantanalinema,1,4,0.0,0.0,2,2,0,0.0,0.0,0.0,0.5,2.0,1,1,-1,1,matched,Bacteria,
Frederiksenia,2,5,0.0,0.0,2,1,2,0.0,0.0,100.0,2.0,0.5,1,1,-1,1,matched,Bacteria,
Spelaeicoccus,2,2,0.0,0.0,2,1,2,0.0,0.0,100.0,2.0,0.5,1,1,-1,1,matched,Bacteria,
Puniceicoccus,65,219,0.02,0.02,2,1,2,0.0,0.0,100.0,65.0,0.015,1,1,-1,1,matched,Bacteria,
Allohahella,1,4,0.0,0.0,2,2,2,0.0,0.0,100.0,0.5,2.0,1,1,-1,1,matched,Bacteria,
Pseudoflavitalea,6,36,0.0,0.0,2,2,2,0.0,0.0,100.0,3.0,0.333,1,1,-1,1,matched,Bacteria,
Dissulfuribacter,6,11,0.0,0.0,2,1,1,0.0,0.0,50.0,6.0,0.167,1,1,-1,1,matched,Bacteria,
Arsenicitalea,10,32,0.0,0.0,2,2,1,0.0,0.0,50.0,5.0,0.2,1,1,-1,1,matched,Bacteria,
Varunaivibrio,3,4,0.0,0.0,2,1,2,0.0,0.0,100.0,3.0,0.333,1,1,-1,1,matched,Bacteria,
Oceaniovalibus,3,3,0.0,0.0,2,2,2,0.0,0.0,100.0,1.5,0.667,1,1,-1,1,matched,Bacteria,
Bisgaardia,3,11,0.0,0.0,2,1,2,0.0,0.0,100.0,3.0,0.333,1,1,-1,1,matched,Bacteria,
Cnuella,15,39,0.01,0.0,2,1,2,0.0,0.0,100.0,15.0,0.067,1,1,-1,1,matched,Bacteria,
Kallotenue,4,6,0.0,0.0,2,2,2,0.0,0.0,100.0,2.0,0.5,1,1,-1,1,matched,Bacteria,
Mariniradius,4,15,0.0,0.0,2,2,2,0.0,0.0,100.0,2.0,0.5,1,1,-1,1,matched,Bacteria,
Goodfellowiella,4,9,0.0,0.0,2,1,2,0.0,0.0,100.0,4.0,0.25,1,1,-1,1,matched,Bacteria,
Basilea,1,5,0.0,0.0,2,1,2,0.0,0.0,100.0,1.0,1.0,1,1,-1,1,matched,Bacteria,
Mobilisporobacter,1,1,0.0,0.0,2,2,1,0.0,0.0,50.0,0.5,2.0,1,1,-1,1,matched,Bacteria,
Swaminathania,1,51,0.0,0.0,2,1,2,0.0,0.0,100.0,1.0,1.0,1,1,-1,1,matched,Bacteria,
Desulfitibacter,58,126,0.02,0.01,2,2,1,0.0,0.0,50.0,29.0,0.034,1,1,-1,1,matched,Bacteria,
Oxobacter,58,102,0.02,0.01,2,2,2,0.0,0.0,100.0,29.0,0.034,1,1,-1,1,matched,Bacteria,
Acidibacillus,27,42,0.01,0.0,2,1,0,0.0,0.0,0.0,27.0,0.037,1,1,-1,1,matched,Bacteria,
Haoranjiania,4,7,0.0,0.0,2,1,2,0.0,0.0,100.0,4.0,0.25,1,1,-1,1,matched,Bacteria,
Thermosulfuriphilus,1,1,0.0,0.0,2,1,2,0.0,0.0,100.0,1.0,1.0,1,1,-1,1,matched,Bacteria,
Thermoactinospora,1,1,0.0,0.0,2,2,1,0.0,0.0,50.0,0.5,2.0,1,1,-1,1,matched,Bacteria,
Occallatibacter,55,678,0.02,0.06,2,2,2,0.0,0.0,100.0,27.5,0.036,1,1,-1,1,matched,Bacteria,
Keratinibaculum,6,13,0.0,0.0,2,1,2,0.0,0.0,100.0,6.0,0.167,1,1,-1,1,matched,Bacteria,
Sporosalibacterium,6,18,0.0,0.0,2,2,1,0.0,0.0,50.0,3.0,0.333,1,1,-1,1,matched,Bacteria,
Corticibacter,4,6,0.0,0.0,2,1,2,0.0,0.0,100.0,4.0,0.25,1,1,-1,1,matched,Bacteria,
Stanieria,14,62,0.01,0.01,2,2,2,0.0,0.0,100.0,7.0,0.143,1,1,-1,1,matched,Bacteria,
Chelonobacter,3,5,0.0,0.0,2,1,2,0.0,0.0,100.0,3.0,0.333,1,1,-1,1,matched,Bacteria,
Oxynema,3,3,0.0,0.0,2,2,2,0.0,0.0,100.0,1.5,0.667,1,1,-1,1,matched,Bacteria,
Methylomarinovum,10,17,0.0,0.0,2,2,2,0.0,0.0,100.0,5.0,0.2,1,1,-1,1,matched,Bacteria,
Desulfuribacillus,10,14,0.0,0.0,2,2,2,0.0,0.0,100.0,5.0,0.2,1,1,-1,1,matched,Bacteria,
Tenuibacillus,1,4,0.0,0.0,2,1,2,0.0,0.0,100.0,1.0,1.0,1,1,-1,1,matched,Bacteria,
Paludicola,27,43,0.01,0.0,2,2,1,0.0,0.0,50.0,13.5,0.074,0,1,0,1,matched,Bacteria,
Ornatilinea,28,90,0.01,0.01,2,2,1,0.0,0.0,50.0,14.0,0.071,1,1,-1,1,matched,Bacteria,
Marininema,1,2,0.0,0.0,2,2,2,0.0,0.0,100.0,0.5,2.0,1,1,-1,1,matched,Bacteria,
Aestuariispira,3,5,0.0,0.0,2,2,2,0.0,0.0,100.0,1.5,0.667,1,1,-1,1,matched,Bacteria,
Litoribrevibacter,3,8,0.0,0.0,2,2,2,0.0,0.0,100.0,1.5,0.667,1,1,-1,1,matched,Bacteria,
Mahella,3,35,0.0,0.0,2,2,1,0.0,0.0,50.0,1.5,0.667,1,1,-1,1,matched,Bacteria,
Telmatobacter,1,1,0.0,0.0,2,2,2,0.0,0.0,100.0,0.5,2.0,1,1,-1,1,matched,Bacteria,
Aliagarivorans,2,4,0.0,0.0,2,2,2,0.0,0.0,100.0,1.0,1.0,1,1,-1,1,matched,Bacteria,
Gottschalkia,12,28,0.0,0.0,2,2,2,0.0,0.0,100.0,6.0,0.167,1,1,-1,1,matched,Bacteria,
Chthonobacter,5,10,0.0,0.0,2,2,2,0.0,0.0,100.0,2.5,0.4,1,1,-1,1,matched,Bacteria,
Insolitispirillum,5,57,0.0,0.0,2,1,2,0.0,0.0,100.0,5.0,0.2,1,1,-1,1,matched,Bacteria,
Labedaea,1,1,0.0,0.0,2,2,1,0.0,0.0,50.0,0.5,2.0,1,1,-1,1,matched,Bacteria,
Marimonas,1,2,0.0,0.0,2,2,2,0.0,0.0,100.0,0.5,2.0,1,1,-1,1,matched,Bacteria,
Casaltella,1,5,0.0,0.0,2,1,2,0.0,0.0,100.0,1.0,1.0,1,1,-1,1,matched,Bacteria,
Tanticharoenia,1,3,0.0,0.0,2,1,2,0.0,0.0,100.0,1.0,1.0,1,1,-1,1,matched,Bacteria,
Pseudoroseicyclus,1,2,0.0,0.0,2,2,2,0.0,0.0,100.0,0.5,2.0,1,1,-1,1,matched,Bacteria,
Thermogymnomonas,1,1,0.0,0.0,2,1,2,0.0,0.0,100.0,1.0,1.0,1,1,-1,1,matched,Archaea,
Chitinispirillum,1,1,0.0,0.0,2,2,1,0.0,0.0,50.0,0.5,2.0,1,1,-1,1,matched,Bacteria,
Kriegella,1,2,0.0,0.0,2,2,1,0.0,0.0,50.0,0.5,2.0,1,1,-1,1,matched,Bacteria,
Litorisediminicola,1,2,0.0,0.0,1,1,1,0.0,0.0,100.0,1.0,1.0,1,1,-1,1,matched,Bacteria,
Pseudofulvibacter,43,138,0.02,0.01,1,1,1,0.0,0.0,100.0,43.0,0.023,1,1,-1,1,matched,Bacteria,
Murinocardiopsis,1,1,0.0,0.0,1,1,1,0.0,0.0,100.0,1.0,1.0,1,1,-1,1,matched,Bacteria,
Rubricella,1,6,0.0,0.0,1,1,1,0.0,0.0,100.0,1.0,1.0,1,1,-1,1,matched,Bacteria,
Microaerobacter,1,1,0.0,0.0,1,1,1,0.0,0.0,100.0,1.0,1.0,1,1,-1,1,matched,Bacteria,
Geojedonia,1,1,0.0,0.0,1,1,1,0.0,0.0,100.0,1.0,1.0,1,1,-1,1,matched,Bacteria,
Bacilliculturomica,1,2,0.0,0.0,1,1,1,0.0,0.0,100.0,1.0,1.0,1,1,-1,1,matched,Bacteria,
Hazenella,1,3,0.0,0.0,1,1,1,0.0,0.0,100.0,1.0,1.0,1,1,-1,1,matched,Bacteria,
Haloglycomyces,1,1,0.0,0.0,1,1,1,0.0,0.0,100.0,1.0,1.0,1,1,-1,1,matched,Bacteria,
Pustulibacterium,1,1,0.0,0.0,1,1,1,0.0,0.0,100.0,1.0,1.0,1,1,-1,1,matched,Bacteria,
Selenihalanaerobacter,1,1,0.0,0.0,1,1,1,0.0,0.0,100.0,1.0,1.0,1,1,-1,1,matched,Bacteria,
Biostraticola,1,1,0.0,0.0,1,1,1,0.0,0.0,100.0,1.0,1.0,1,1,-1,1,matched,Bacteria,
Caldanaerovirga,1,1,0.0,0.0,1,1,1,0.0,0.0,100.0,1.0,1.0,1,1,-1,1,matched,Bacteria,
Halobiforma,5,16,0.0,0.0,1,1,1,0.0,0.0,100.0,5.0,0.2,1,1,-1,1,matched,Archaea,
Microchaete,1,2,0.0,0.0,1,1,1,0.0,0.0,100.0,1.0,1.0,1,1,-1,1,matched,Bacteria,
Fretibacter,1,2,0.0,0.0,1,1,1,0.0,0.0,100.0,1.0,1.0,1,1,-1,1,matched,Bacteria,
Seminibacterium,1,1,0.0,0.0,1,1,1,0.0,0.0,100.0,1.0,1.0,1,1,-1,1,matched,Bacteria,
Roseisalinus,3,4,0.0,0.0,1,1,1,0.0,0.0,100.0,3.0,0.333,1,1,-1,1,matched,Bacteria,
Anaerovirgula,3,3,0.0,0.0,1,1,1,0.0,0.0,100.0,3.0,0.333,1,1,-1,1,matched,Bacteria,
Westiellopsis,3,3,0.0,0.0,1,1,1,0.0,0.0,100.0,3.0,0.333,1,1,-1,1,matched,Bacteria,
Actinorugispora,1,1,0.0,0.0,1,1,1,0.0,0.0,100.0,1.0,1.0,1,1,-1,1,matched,Bacteria,
Rurimicrobium,10,48,0.0,0.0,1,1,1,0.0,0.0,100.0,10.0,0.1,1,1,-1,1,matched,Bacteria,
Salinihabitans,3,3,0.0,0.0,1,1,1,0.0,0.0,100.0,3.0,0.333,1,1,-1,1,matched,Bacteria,
Melittangium,3,4,0.0,0.0,1,1,1,0.0,0.0,100.0,3.0,0.333,1,1,-1,1,matched,Bacteria,
Postechiella,3,3,0.0,0.0,1,1,1,0.0,0.0,100.0,3.0,0.333,1,1,-1,1,matched,Bacteria,
Terasakiispira,4,5,0.0,0.0,1,1,1,0.0,0.0,100.0,4.0,0.25,1,1,-1,1,matched,Bacteria,
Pseudenhygromyxa,4,5,0.0,0.0,1,1,1,0.0,0.0,100.0,4.0,0.25,1,1,-1,1,matched,Bacteria,
Coriobacterium,4,9,0.0,0.0,1,1,1,0.0,0.0,100.0,4.0,0.25,1,1,-1,1,matched,Bacteria,
Methylosarcina,6,36,0.0,0.0,1,1,1,0.0,0.0,100.0,6.0,0.167,1,1,-1,1,matched,Bacteria,
Methylonatrum,6,14,0.0,0.0,1,1,1,0.0,0.0,100.0,6.0,0.167,1,1,-1,1,matched,Bacteria,
Methyloterricola,10,46,0.0,0.0,1,1,1,0.0,0.0,100.0,10.0,0.1,1,1,-1,1,matched,Bacteria,
Propionigenium,10,78,0.0,0.01,1,1,1,0.0,0.0,100.0,10.0,0.1,1,1,-1,1,matched,Bacteria,
Thioalbus,10,29,0.0,0.0,1,1,1,0.0,0.0,100.0,10.0,0.1,1,1,-1,1,matched,Bacteria,
Krasilnikoviella,1,8,0.0,0.0,1,1,1,0.0,0.0,100.0,1.0,1.0,1,1,-1,1,matched,Bacteria,
Pelagirhabdus,1,5,0.0,0.0,1,1,1,0.0,0.0,100.0,1.0,1.0,1,1,-1,1,matched,Bacteria,
Compostibacillus,1,1,0.0,0.0,1,1,1,0.0,0.0,100.0,1.0,1.0,1,1,-1,1,matched,Bacteria,
Herbihabitans,4,4,0.0,0.0,1,1,1,0.0,0.0,100.0,4.0,0.25,1,1,-1,1,matched,Bacteria,
Constrictibacter,15,97,0.01,0.01,1,1,1,0.0,0.0,100.0,15.0,0.067,1,1,-1,1,matched,Bacteria,
Aetherobacter,19,147,0.01,0.01,1,1,1,0.0,0.0,100.0,19.0,0.053,1,1,-1,1,matched,Bacteria,
Lacimonas,3,3,0.0,0.0,1,1,1,0.0,0.0,100.0,3.0,0.333,1,1,-1,1,matched,Bacteria,
Rhodocista,4,7,0.0,0.0,1,1,1,0.0,0.0,100.0,4.0,0.25,1,1,-1,1,matched,Bacteria,
Rhabdobacter,4,4,0.0,0.0,1,1,1,0.0,0.0,100.0,4.0,0.25,1,1,-1,1,matched,Bacteria,
Algivirga,4,5,0.0,0.0,1,1,1,0.0,0.0,100.0,4.0,0.25,1,1,-1,1,matched,Bacteria,
Lyticum,3,4,0.0,0.0,1,1,1,0.0,0.0,100.0,3.0,0.333,1,1,-1,1,matched,Bacteria,
Profundibacterium,3,7,0.0,0.0,1,1,1,0.0,0.0,100.0,3.0,0.333,1,1,-1,1,matched,Bacteria,
Fervidicola,1,8,0.0,0.0,1,1,1,0.0,0.0,100.0,1.0,1.0,1,1,-1,1,matched,Bacteria,
Caldisalinibacter,1,1,0.0,0.0,1,1,1,0.0,0.0,100.0,1.0,1.0,1,1,-1,1,matched,Bacteria,
Vulcanibacillus,20,43,0.01,0.0,1,1,1,0.0,0.0,100.0,20.0,0.05,1,1,-1,1,matched,Bacteria,
Thermotalea,2,3,0.0,0.0,1,1,1,0.0,0.0,100.0,2.0,0.5,1,1,-1,1,matched,Bacteria,
Aureibacillus,2,4,0.0,0.0,1,1,1,0.0,0.0,100.0,2.0,0.5,1,1,-1,1,matched,Bacteria,
Syntrophobotulus,2,5,0.0,0.0,1,1,1,0.0,0.0,100.0,2.0,0.5,1,1,-1,1,matched,Bacteria,
Prolinoborus,2,2,0.0,0.0,1,1,1,0.0,0.0,100.0,2.0,0.5,1,1,-1,1,matched,Bacteria,
Fervidicella,2,3,0.0,0.0,1,1,1,0.0,0.0,100.0,2.0,0.5,1,1,-1,1,matched,Bacteria,
Aquimixticola,2,2,0.0,0.0,1,1,1,0.0,0.0,100.0,2.0,0.5,1,1,-1,1,matched,Bacteria,
Shivajiella,2,2,0.0,0.0,1,1,1,0.0,0.0,100.0,2.0,0.5,1,1,-1,1,matched,Bacteria,
Phorcysia,2,4,0.0,0.0,1,1,1,0.0,0.0,100.0,2.0,0.5,1,1,-1,1,matched,Bacteria,
Eisenibacter,2,13,0.0,0.0,1,1,1,0.0,0.0,100.0,2.0,0.5,1,1,-1,1,matched,Bacteria,
Marinithermofilum,1,3,0.0,0.0,1,1,1,0.0,0.0,100.0,1.0,1.0,1,1,-1,1,matched,Bacteria,
Thermohalobacter,1,3,0.0,0.0,1,1,1,0.0,0.0,100.0,1.0,1.0,1,1,-1,1,matched,Bacteria,
Millisia,1,2,0.0,0.0,1,1,1,0.0,0.0,100.0,1.0,1.0,1,1,-1,1,matched,Bacteria,
Litoribacillus,1,3,0.0,0.0,1,1,1,0.0,0.0,100.0,1.0,1.0,1,1,-1,1,matched,Bacteria,
Chungangia,1,1,0.0,0.0,1,1,1,0.0,0.0,100.0,1.0,1.0,1,1,-1,1,matched,Bacteria,
Haloactinomyces,1,2,0.0,0.0,1,1,1,0.0,0.0,100.0,1.0,1.0,1,1,-1,1,matched,Bacteria,
Beutenbergia,1,3,0.0,0.0,1,1,1,0.0,0.0,100.0,1.0,1.0,1,1,-1,1,matched,Bacteria,
Methyloferula,9,56,0.0,0.0,1,1,1,0.0,0.0,100.0,9.0,0.111,1,1,-1,1,matched,Bacteria,
Thermosinus,9,34,0.0,0.0,1,1,1,0.0,0.0,100.0,9.0,0.111,1,1,-1,1,matched,Bacteria,
Desulfothermus,6,14,0.0,0.0,1,1,1,0.0,0.0,100.0,6.0,0.167,1,1,-1,1,matched,Bacteria,
Plesiocystis,2,5,0.0,0.0,1,1,1,0.0,0.0,100.0,2.0,0.5,1,1,-1,1,matched,Bacteria,
Melghiribacillus,2,3,0.0,0.0,1,1,1,0.0,0.0,100.0,2.0,0.5,1,1,-1,1,matched,Bacteria,
Thiofaba,13,27,0.0,0.0,1,1,1,0.0,0.0,100.0,13.0,0.077,1,1,-1,1,matched,Bacteria,
Ichthyobacterium,25,43,0.01,0.0,1,1,1,0.0,0.0,100.0,25.0,0.04,1,1,-1,1,matched,Bacteria,
Desulfocucumis,2,3,0.0,0.0,1,1,1,0.0,0.0,100.0,2.0,0.5,1,1,-1,1,matched,Bacteria,
Thermotomaculum,20,72,0.01,0.01,1,1,1,0.0,0.0,100.0,20.0,0.05,1,1,-1,1,matched,Bacteria,
Acidicaldus,19,68,0.01,0.01,1,1,1,0.0,0.0,100.0,19.0,0.053,1,1,-1,1,matched,Bacteria,
Stenoxybacter,3,3,0.0,0.0,1,1,1,0.0,0.0,100.0,3.0,0.333,1,1,-1,1,matched,Bacteria,
Scytolyngbya,3,7,0.0,0.0,1,1,0,0.0,0.0,0.0,3.0,0.333,1,1,-1,1,matched,Bacteria,
Chroococcopsis,3,22,0.0,0.0,1,1,0,0.0,0.0,0.0,3.0,0.333,1,1,-1,1,matched,Bacteria,
Methanothermus,3,6,0.0,0.0,1,1,1,0.0,0.0,100.0,3.0,0.333,1,1,-1,1,matched,Archaea,
Roseospirillum,4,9,0.0,0.0,1,1,1,0.0,0.0,100.0,4.0,0.25,1,1,-1,1,matched,Bacteria,
Isobaculum,1,1,0.0,0.0,1,1,1,0.0,0.0,100.0,1.0,1.0,1,1,-1,1,matched,Bacteria,
Aureicoccus,1,3,0.0,0.0,1,1,1,0.0,0.0,100.0,1.0,1.0,1,1,-1,1,matched,Bacteria,
Salinithrix,1,2,0.0,0.0,1,1,1,0.0,0.0,100.0,1.0,1.0,1,1,-1,1,matched,Bacteria,
Caldinitratiruptor,4,8,0.0,0.0,1,1,1,0.0,0.0,100.0,4.0,0.25,1,1,-1,1,matched,Bacteria,
Lacticigenium,4,5,0.0,0.0,1,1,1,0.0,0.0,100.0,4.0,0.25,1,1,-1,1,matched,Bacteria,
Gomphosphaeria,2,2,0.0,0.0,1,1,0,0.0,0.0,0.0,2.0,0.5,1,1,-1,1,matched,Bacteria,
Temperatibacter,2,2,0.0,0.0,1,1,1,0.0,0.0,100.0,2.0,0.5,1,1,-1,1,matched,Bacteria,
Succinispira,4,7,0.0,0.0,1,1,1,0.0,0.0,100.0,4.0,0.25,1,1,-1,1,matched,Bacteria,
Aestuariicoccus,10,12,0.0,0.0,1,1,1,0.0,0.0,100.0,10.0,0.1,1,1,-1,1,matched,Bacteria,
Hugenholtzia,9,39,0.0,0.0,1,1,1,0.0,0.0,100.0,9.0,0.111,1,1,-1,1,matched,Bacteria,
Gayadomonas,1,2,0.0,0.0,1,1,1,0.0,0.0,100.0,1.0,1.0,1,1,-1,1,matched,Bacteria,
Thermohydrogenium,1,41,0.0,0.0,1,1,1,0.0,0.0,100.0,1.0,1.0,1,1,-1,1,matched,Bacteria,
Alloactinosynnema,1,10,0.0,0.0,1,1,1,0.0,0.0,100.0,1.0,1.0,1,1,-1,1,matched,Bacteria,
Balneicella,1,1,0.0,0.0,1,1,1,0.0,0.0,100.0,1.0,1.0,1,1,-1,1,matched,Bacteria,
Calderihabitans,1,1,0.0,0.0,1,1,1,0.0,0.0,100.0,1.0,1.0,1,1,-1,1,matched,Bacteria,
Nitritalea,1,2,0.0,0.0,1,1,1,0.0,0.0,100.0,1.0,1.0,1,1,-1,1,matched,Bacteria,
Hapalosiphon,4,7,0.0,0.0,1,1,1,0.0,0.0,100.0,4.0,0.25,1,1,-1,1,matched,Bacteria,
Cronbergia,3,23,0.0,0.0,1,1,1,0.0,0.0,100.0,3.0,0.333,1,1,-1,1,matched,Bacteria,
Ancylothrix,3,7,0.0,0.0,1,1,1,0.0,0.0,100.0,3.0,0.333,1,1,-1,1,matched,Bacteria,
Caviibacterium,3,4,0.0,0.0,1,1,1,0.0,0.0,100.0,3.0,0.333,1,1,-1,1,matched,Bacteria,
Pilibacter,5,7,0.0,0.0,1,1,1,0.0,0.0,100.0,5.0,0.2,1,1,-1,1,matched,Bacteria,
Saliterribacillus,2,2,0.0,0.0,1,1,1,0.0,0.0,100.0,2.0,0.5,1,1,-1,1,matched,Bacteria,
Methanosphaerula,2,14,0.0,0.0,1,1,1,0.0,0.0,100.0,2.0,0.5,1,1,-1,1,matched,Archaea,
Plectolyngbya,2,4,0.0,0.0,1,1,0,0.0,0.0,0.0,2.0,0.5,1,1,-1,1,matched,Bacteria,
Pseudospirillum,2,4,0.0,0.0,1,1,1,0.0,0.0,100.0,2.0,0.5,0,1,0,1,matched,Bacteria,
Nubsella,11,28,0.0,0.0,1,1,1,0.0,0.0,100.0,11.0,0.091,1,1,-1,1,matched,Bacteria,
Dissulfurimicrobium,13,56,0.0,0.0,1,1,1,0.0,0.0,100.0,13.0,0.077,1,1,-1,1,matched,Bacteria,
Fuchsiella,4,24,0.0,0.0,1,1,1,0.0,0.0,100.0,4.0,0.25,1,1,-1,1,matched,Bacteria,
Catenisphaera,19,61,0.01,0.01,1,1,1,0.0,0.0,100.0,19.0,0.053,1,1,-1,1,matched,Bacteria,
Flexithrix,19,52,0.01,0.0,1,1,1,0.0,0.0,100.0,19.0,0.053,1,1,-1,1,matched,Bacteria,
Fonticella,52,116,0.02,0.01,1,1,1,0.0,0.0,100.0,52.0,0.019,1,1,-1,1,matched,Bacteria,
Pseudahrensia,51,128,0.02,0.01,1,1,1,0.0,0.0,100.0,51.0,0.02,1,1,-1,1,matched,Bacteria,
Rhabdochromatium,1,2,0.0,0.0,1,1,1,0.0,0.0,100.0,1.0,1.0,1,1,-1,1,matched,Bacteria,
Anoxybacter,1,1,0.0,0.0,1,1,1,0.0,0.0,100.0,1.0,1.0,1,1,-1,1,matched,Bacteria,
Bogoriella,7,8,0.0,0.0,1,1,1,0.0,0.0,100.0,7.0,0.143,1,0,0,1,matched,Bacteria,
Jejudonia,3,5,0.0,0.0,1,1,1,0.0,0.0,100.0,3.0,0.333,1,1,-1,1,matched,Bacteria,
Sporotomaculum,3,3,0.0,0.0,1,1,1,0.0,0.0,100.0,3.0,0.333,1,1,-1,1,matched,Bacteria,
Maricurvus,3,5,0.0,0.0,1,1,1,0.0,0.0,100.0,3.0,0.333,1,1,-1,1,matched,Bacteria,
Potamolinea,3,9,0.0,0.0,1,1,0,0.0,0.0,0.0,3.0,0.333,1,1,-1,1,matched,Bacteria,
Baia,3,5,0.0,0.0,1,1,1,0.0,0.0,100.0,3.0,0.333,1,1,-1,1,matched,Bacteria,
Changchengzhania,3,5,0.0,0.0,1,1,1,0.0,0.0,100.0,3.0,0.333,1,1,-1,1,matched,Bacteria,
Allocatelliglobosispora,3,4,0.0,0.0,1,1,1,0.0,0.0,100.0,3.0,0.333,1,1,-1,1,matched,Bacteria,
Arboricoccus,4,4,0.0,0.0,1,1,1,0.0,0.0,100.0,4.0,0.25,1,1,-1,1,matched,Bacteria,
Nautella,4,15,0.0,0.0,1,1,1,0.0,0.0,100.0,4.0,0.25,1,1,-1,1,matched,Bacteria,
Gangjinia,7,9,0.0,0.0,1,1,1,0.0,0.0,100.0,7.0,0.143,1,1,-1,1,matched,Bacteria,
Devriesea,1,3,0.0,0.0,1,1,1,0.0,0.0,100.0,1.0,1.0,1,1,-1,1,matched,Bacteria,
Desulfoglaeba,1,4,0.0,0.0,1,1,1,0.0,0.0,100.0,1.0,1.0,1,1,-1,1,matched,Bacteria,
Aquisalibacillus,1,5,0.0,0.0,1,1,1,0.0,0.0,100.0,1.0,1.0,1,1,-1,1,matched,Bacteria,
Lutibaculum,1,3,0.0,0.0,1,1,1,0.0,0.0,100.0,1.0,1.0,1,1,-1,1,matched,Bacteria,
Magnetofaba,1,1,0.0,0.0,1,1,0,0.0,0.0,0.0,1.0,1.0,1,1,-1,1,matched,Bacteria,
Lysinimonas,5,117,0.0,0.01,1,1,1,0.0,0.0,100.0,5.0,0.2,1,1,-1,1,matched,Bacteria,
Iphinoe,2,5,0.0,0.0,1,1,0,0.0,0.0,0.0,2.0,0.5,1,0,0,1,matched,Bacteria,
Lacibacterium,2,8,0.0,0.0,1,1,1,0.0,0.0,100.0,2.0,0.5,1,1,-1,1,matched,Bacteria,
Haloactinospora,2,2,0.0,0.0,1,1,1,0.0,0.0,100.0,2.0,0.5,1,1,-1,1,matched,Bacteria,
Rhodobaculum,22,42,0.01,0.0,1,1,1,0.0,0.0,100.0,22.0,0.045,1,1,-1,1,matched,Bacteria,
Allosalinactinospora,2,2,0.0,0.0,1,1,1,0.0,0.0,100.0,2.0,0.5,1,1,-1,1,matched,Bacteria,
Allofustis,2,4,0.0,0.0,1,1,1,0.0,0.0,100.0,2.0,0.5,1,1,-1,1,matched,Bacteria,
Sporohalobacter,2,4,0.0,0.0,1,1,1,0.0,0.0,100.0,2.0,0.5,1,1,-1,1,matched,Bacteria,
Rapidithrix,9,15,0.0,0.0,1,1,1,0.0,0.0,100.0,9.0,0.111,1,1,-1,1,matched,Bacteria,
Sediminibacter,9,15,0.0,0.0,1,1,1,0.0,0.0,100.0,9.0,0.111,1,1,-1,1,matched,Bacteria,
Wandonia,7,67,0.0,0.01,1,1,1,0.0,0.0,100.0,7.0,0.143,1,1,-1,1,matched,Bacteria,
Salinactinospora,1,1,0.0,0.0,1,1,1,0.0,0.0,100.0,1.0,1.0,1,1,-1,1,matched,Bacteria,
Conservatibacter,1,2,0.0,0.0,1,1,1,0.0,0.0,100.0,1.0,1.0,1,1,-1,1,matched,Bacteria,
Desulfonispora,2,3,0.0,0.0,1,1,1,0.0,0.0,100.0,2.0,0.5,1,1,-1,1,matched,Bacteria,
Thiorhodospira,2,6,0.0,0.0,1,1,1,0.0,0.0,100.0,2.0,0.5,1,1,-1,1,matched,Bacteria,
Desulfofarcimen,249,289,0.09,0.02,1,1,1,0.0,0.0,100.0,249.0,0.004,1,1,-1,1,matched,Bacteria,
Thermovenabulum,5,15,0.0,0.0,1,1,1,0.0,0.0,100.0,5.0,0.2,1,1,-1,1,matched,Bacteria,
Inmirania,11,19,0.0,0.0,1,1,1,0.0,0.0,100.0,11.0,0.091,1,1,-1,1,matched,Bacteria,
Vitiosangium,5,89,0.0,0.01,1,1,1,0.0,0.0,100.0,5.0,0.2,1,1,-1,1,matched,Bacteria,
Thiobacter,5,17,0.0,0.0,1,1,1,0.0,0.0,100.0,5.0,0.2,1,1,-1,1,matched,Bacteria,
Carnimonas,5,8,0.0,0.0,1,1,1,0.0,0.0,100.0,5.0,0.2,1,1,-1,1,matched,Bacteria,
Halocella,24,57,0.01,0.0,1,1,1,0.0,0.0,100.0,24.0,0.042,1,1,-1,1,matched,Bacteria,
Chondrocystis,2,11,0.0,0.0,1,1,1,0.0,0.0,100.0,2.0,0.5,1,1,-1,1,matched,Bacteria,
Symplocastrum,2,7,0.0,0.0,1,1,0,0.0,0.0,0.0,2.0,0.5,1,1,-1,1,matched,Bacteria,
Natribacillus,3,3,0.0,0.0,1,1,1,0.0,0.0,100.0,3.0,0.333,1,1,-1,1,matched,Bacteria,
Pajaroellobacter,195,888,0.07,0.07,1,1,1,0.0,0.0,100.0,195.0,0.005,1,1,-1,1,matched,Bacteria,
Indibacter,3,4,0.0,0.0,1,1,1,0.0,0.0,100.0,3.0,0.333,1,1,-1,1,matched,Bacteria,
Fontibacter,3,6,0.0,0.0,1,1,1,0.0,0.0,100.0,3.0,0.333,1,1,-1,1,matched,Bacteria,
Ichthyenterobacterium,3,6,0.0,0.0,1,1,0,0.0,0.0,0.0,3.0,0.333,1,1,-1,1,matched,Bacteria,
Thermostaphylospora,7,23,0.0,0.0,1,1,1,0.0,0.0,100.0,7.0,0.143,1,1,-1,1,matched,Bacteria,
Compostimonas,1,3,0.0,0.0,1,1,1,0.0,0.0,100.0,1.0,1.0,1,1,-1,1,matched,Bacteria,
Cyanomargarita,1,3,0.0,0.0,1,1,0,0.0,0.0,0.0,1.0,1.0,1,1,-1,1,matched,Bacteria,
Pegethrix,1,5,0.0,0.0,1,1,0,0.0,0.0,0.0,1.0,1.0,1,1,-1,1,matched,Bacteria,
Mechercharimyces,1,5,0.0,0.0,1,1,1,0.0,0.0,100.0,1.0,1.0,1,1,-1,1,matched,Bacteria,
Streptohalobacillus,1,3,0.0,0.0,1,1,1,0.0,0.0,100.0,1.0,1.0,1,1,-1,1,matched,Bacteria,
Humitalea,1,1,0.0,0.0,1,1,1,0.0,0.0,100.0,1.0,1.0,1,1,-1,1,matched,Bacteria,
Scytonematopsis,1,4,0.0,0.0,1,1,0,0.0,0.0,0.0,1.0,1.0,1,1,-1,1,matched,Bacteria,
Allonocardiopsis,1,1,0.0,0.0,1,1,1,0.0,0.0,100.0,1.0,1.0,1,1,-1,1,matched,Bacteria,
Desertibacillus,1,3,0.0,0.0,1,1,1,0.0,0.0,100.0,1.0,1.0,1,1,-1,1,matched,Bacteria,
Halocalculus,1,1,0.0,0.0,1,1,1,0.0,0.0,100.0,1.0,1.0,1,1,-1,1,matched,Archaea,
Brackiella,1,1,0.0,0.0,1,1,1,0.0,0.0,100.0,1.0,1.0,1,1,-1,1,matched,Bacteria,
Natronobacillus,1,1,0.0,0.0,1,1,1,0.0,0.0,100.0,1.0,1.0,1,1,-1,1,matched,Bacteria,
Moryella,49,92,0.02,0.01,1,1,1,0.0,0.0,100.0,49.0,0.02,1,1,-1,1,matched,Bacteria,
Longivirga,9,121,0.0,0.01,1,1,1,0.0,0.0,100.0,9.0,0.111,1,1,-1,1,matched,Bacteria,
Tuwongella,9,15,0.0,0.0,1,1,1,0.0,0.0,100.0,9.0,0.111,1,1,-1,1,matched,Bacteria,
Thermasporomyces,2,14,0.0,0.0,1,1,1,0.0,0.0,100.0,2.0,0.5,1,1,-1,1,matched,Bacteria,
Marinithermus,2,8,0.0,0.0,1,1,1,0.0,0.0,100.0,2.0,0.5,1,1,-1,1,matched,Bacteria,
Eilatimonas,2,4,0.0,0.0,1,1,1,0.0,0.0,100.0,2.0,0.5,1,1,-1,1,matched,Bacteria,
Chitinivibrio,2,2,0.0,0.0,1,1,1,0.0,0.0,100.0,2.0,0.5,1,1,-1,1,matched,Bacteria,
Neosynechococcus,2,5,0.0,0.0,1,1,1,0.0,0.0,100.0,2.0,0.5,1,1,-1,1,matched,Bacteria,
Methylohalomonas,5,6,0.0,0.0,1,1,1,0.0,0.0,100.0,5.0,0.2,1,1,-1,1,matched,Bacteria,
Marimicrobium,4,4,0.0,0.0,1,1,1,0.0,0.0,100.0,4.0,0.25,1,1,-1,1,matched,Bacteria,
Balnearium,4,21,0.0,0.0,1,1,1,0.0,0.0,100.0,4.0,0.25,1,1,-1,1,matched,Bacteria,
Thioflavicoccus,2,14,0.0,0.0,1,1,1,0.0,0.0,100.0,2.0,0.5,1,1,-1,1,matched,Bacteria,
Persicirhabdus,38,257,0.01,0.02,1,1,1,0.0,0.0,100.0,38.0,0.026,1,1,-1,1,matched,Bacteria,
Hartmannibacter,1,4,0.0,0.0,1,1,1,0.0,0.0,100.0,1.0,1.0,1,1,-1,1,matched,Bacteria,
Desulfurispira,1,2,0.0,0.0,1,1,1,0.0,0.0,100.0,1.0,1.0,1,1,-1,1,matched,Bacteria,
Hyella,1,1,0.0,0.0,1,1,1,0.0,0.0,100.0,1.0,1.0,1,1,-1,1,matched,Bacteria,
Limibacter,1,1,0.0,0.0,1,1,1,0.0,0.0,100.0,1.0,1.0,1,1,-1,1,matched,Bacteria,
Anaerobium,3,7,0.0,0.0,1,1,1,0.0,0.0,100.0,3.0,0.333,1,1,-1,1,matched,Bacteria,
Halobacteroides,3,19,0.0,0.0,1,1,1,0.0,0.0,100.0,3.0,0.333,1,1,-1,1,matched,Bacteria,
Hypnocyclicus,16,139,0.01,0.01,1,1,1,0.0,0.0,100.0,16.0,0.062,1,1,-1,1,matched,Bacteria,
Thioalkalicoccus,3,8,0.0,0.0,1,1,1,0.0,0.0,100.0,3.0,0.333,1,1,-1,1,matched,Bacteria,
Kribbia,3,4,0.0,0.0,1,1,1,0.0,0.0,100.0,3.0,0.333,1,1,-1,1,matched,Bacteria,
Halonatronum,3,5,0.0,0.0,1,1,1,0.0,0.0,100.0,3.0,0.333,1,1,-1,1,matched,Bacteria,
Aureisphaera,3,7,0.0,0.0,1,1,1,0.0,0.0,100.0,3.0,0.333,1,1,-1,1,matched,Bacteria,
Halodurantibacterium,9,33,0.0,0.0,1,1,1,0.0,0.0,100.0,9.0,0.111,1,1,-1,1,matched,Bacteria,
Marinibaculum,1,1,0.0,0.0,1,1,1,0.0,0.0,100.0,1.0,1.0,1,1,-1,1,matched,Bacteria,
Nemorincola,1,1,0.0,0.0,1,1,1,0.0,0.0,100.0,1.0,1.0,1,1,-1,1,matched,Bacteria,
Deinobacterium,1,1,0.0,0.0,1,1,1,0.0,0.0,100.0,1.0,1.0,1,1,-1,1,matched,Bacteria,
Imhoffiella,1,1,0.0,0.0,1,1,1,0.0,0.0,100.0,1.0,1.0,1,1,-1,1,matched,Bacteria,
Falsiporphyromonas,1,1,0.0,0.0,1,1,1,0.0,0.0,100.0,1.0,1.0,1,1,-1,1,matched,Bacteria,
Acetohalobium,3,8,0.0,0.0,1,1,1,0.0,0.0,100.0,3.0,0.333,1,1,-1,1,matched,Bacteria,
Seinonella,2,3,0.0,0.0,1,1,1,0.0,0.0,100.0,2.0,0.5,1,1,-1,1,matched,Bacteria,
Chrysiogenes,2,4,0.0,0.0,1,1,1,0.0,0.0,100.0,2.0,0.5,1,1,-1,1,matched,Bacteria,
Catelliglobosispora,2,4,0.0,0.0,1,1,1,0.0,0.0,100.0,2.0,0.5,1,1,-1,1,matched,Bacteria,
Ihubacter,2,2,0.0,0.0,1,1,1,0.0,0.0,100.0,2.0,0.5,1,1,-1,1,matched,Bacteria,
Demetria,2,4,0.0,0.0,1,1,1,0.0,0.0,100.0,2.0,0.5,1,1,-1,1,matched,Bacteria,
Costertonia,2,3,0.0,0.0,1,1,1,0.0,0.0,100.0,2.0,0.5,1,1,-1,1,matched,Bacteria,
Tepidisphaera,24,59,0.01,0.0,1,1,0,0.0,0.0,0.0,24.0,0.042,1,1,-1,1,matched,Bacteria,
Irregularibacter,11,24,0.0,0.0,1,1,1,0.0,0.0,100.0,11.0,0.091,1,1,-1,1,matched,Bacteria,
Nafulsella,5,8,0.0,0.0,1,1,1,0.0,0.0,100.0,5.0,0.2,1,1,-1,1,matched,Bacteria,
Negadavirga,5,6,0.0,0.0,1,1,1,0.0,0.0,100.0,5.0,0.2,1,1,-1,1,matched,Bacteria,
Albirhodobacter,5,24,0.0,0.0,1,1,1,0.0,0.0,100.0,5.0,0.2,1,1,-1,1,matched,Bacteria,
Mastigocladopsis,5,5,0.0,0.0,1,1,1,0.0,0.0,100.0,5.0,0.2,1,1,-1,1,matched,Bacteria,
Phaseolibacter,2,5,0.0,0.0,1,1,1,0.0,0.0,100.0,2.0,0.5,1,1,-1,1,matched,Bacteria,
Salicola,3,17,0.0,0.0,1,1,1,0.0,0.0,100.0,3.0,0.333,1,1,-1,1,matched,Bacteria,
Sphingoaurantiacus,17,44,0.01,0.0,1,1,1,0.0,0.0,100.0,17.0,0.059,1,1,-1,1,matched,Bacteria,
Desulforegula,3,7,0.0,0.0,1,1,1,0.0,0.0,100.0,3.0,0.333,1,1,-1,1,matched,Bacteria,
Fastidiosibacter,3,3,0.0,0.0,1,1,1,0.0,0.0,100.0,3.0,0.333,1,1,-1,1,matched,Bacteria,
Saonia,1,1,0.0,0.0,1,1,1,0.0,0.0,100.0,1.0,1.0,1,1,-1,1,matched,Bacteria,
Thiobaca,1,3,0.0,0.0,1,1,1,0.0,0.0,100.0,1.0,1.0,1,1,-1,1,matched,Bacteria,
Rhizocola,1,3,0.0,0.0,1,1,1,0.0,0.0,100.0,1.0,1.0,1,1,-1,1,matched,Bacteria,
Phaeovibrio,1,1,0.0,0.0,1,1,1,0.0,0.0,100.0,1.0,1.0,1,1,-1,1,matched,Bacteria,
Longimycelium,8,21,0.0,0.0,1,1,1,0.0,0.0,100.0,8.0,0.125,1,1,-1,1,matched,Bacteria,
Oceanibacterium,1,1,0.0,0.0,1,1,1,0.0,0.0,100.0,1.0,1.0,1,1,-1,1,matched,Bacteria,
Ochrovirga,1,1,0.0,0.0,1,1,1,0.0,0.0,100.0,1.0,1.0,1,1,-1,1,matched,Bacteria,
Acanthopleuribacter,45,72,0.02,0.01,1,1,1,0.0,0.0,100.0,45.0,0.022,1,1,-1,1,matched,Bacteria,
Rubidibacter,1,1,0.0,0.0,1,1,1,0.0,0.0,100.0,1.0,1.0,1,1,-1,1,matched,Bacteria,
Fulvitalea,1,1,0.0,0.0,1,1,1,0.0,0.0,100.0,1.0,1.0,1,1,-1,1,matched,Bacteria,
Parvibium,8,14,0.0,0.0,1,1,1,0.0,0.0,100.0,8.0,0.125,1,1,-1,1,matched,Bacteria,
Dethiosulfatarculus,2,2,0.0,0.0,1,1,1,0.0,0.0,100.0,2.0,0.5,1,1,-1,1,matched,Bacteria,
Namhaeicola,2,5,0.0,0.0,1,1,1,0.0,0.0,100.0,2.0,0.5,1,1,-1,1,matched,Bacteria,
Filobacillus,2,3,0.0,0.0,1,1,1,0.0,0.0,100.0,2.0,0.5,1,1,-1,1,matched,Bacteria,
Paramaledivibacter,8,12,0.0,0.0,1,1,1,0.0,0.0,100.0,8.0,0.125,1,1,-1,1,matched,Bacteria,
Actinorhabdospora,1,1,0.0,0.0,1,1,1,0.0,0.0,100.0,1.0,1.0,1,1,-1,1,matched,Bacteria,
Sediminitomix,1,2,0.0,0.0,1,1,1,0.0,0.0,100.0,1.0,1.0,1,1,-1,1,matched,Bacteria,
Litoribaculum,1,1,0.0,0.0,1,1,1,0.0,0.0,100.0,1.0,1.0,1,1,-1,1,matched,Bacteria,
Natronobiforma,1,2,0.0,0.0,1,1,1,0.0,0.0,100.0,1.0,1.0,1,1,-1,1,matched,Archaea,
Tamaricihabitans,1,1,0.0,0.0,1,1,1,0.0,0.0,100.0,1.0,1.0,1,1,-1,1,matched,Bacteria,
Fodinibacter,1,1,0.0,0.0,1,1,1,0.0,0.0,100.0,1.0,1.0,1,1,-1,1,matched,Bacteria,
Echinimonas,1,2,0.0,0.0,1,1,1,0.0,0.0,100.0,1.0,1.0,1,1,-1,1,matched,Bacteria,
Subsaxibacter,8,11,0.0,0.0,1,1,1,0.0,0.0,100.0,8.0,0.125,1,1,-1,1,matched,Bacteria,
Halarsenatibacter,8,15,0.0,0.0,1,1,1,0.0,0.0,100.0,8.0,0.125,1,1,-1,1,matched,Bacteria,
Faucicola,1,1,0.0,0.0,1,1,1,0.0,0.0,100.0,1.0,1.0,1,1,-1,1,matched,Bacteria,
Luethyella,1,1,0.0,0.0,1,1,1,0.0,0.0,100.0,1.0,1.0,1,1,-1,1,matched,Bacteria,
Woodsholea,1,3,0.0,0.0,1,1,1,0.0,0.0,100.0,1.0,1.0,1,1,-1,1,matched,Bacteria,
Oceaniserpentilla,3,9,0.0,0.0,1,1,1,0.0,0.0,100.0,3.0,0.333,1,1,-1,1,matched,Bacteria,
Siansivirga,3,5,0.0,0.0,1,1,1,0.0,0.0,100.0,3.0,0.333,1,1,-1,1,matched,Bacteria,
Anaerobacterium,17,19,0.01,0.0,1,1,1,0.0,0.0,100.0,17.0,0.059,1,1,-1,1,matched,Bacteria,
Desulfocarbo,17,46,0.01,0.0,1,1,1,0.0,0.0,100.0,17.0,0.059,1,1,-1,1,matched,Bacteria,
Clostridiisalibacter,17,28,0.01,0.0,1,1,1,0.0,0.0,100.0,17.0,0.059,1,1,-1,1,matched,Bacteria,
Rudaeicoccus,1,1,0.0,0.0,1,1,1,0.0,0.0,100.0,1.0,1.0,1,1,-1,1,matched,Bacteria,
Ravibacter,1,1,0.0,0.0,1,1,1,0.0,0.0,100.0,1.0,1.0,1,1,-1,1,matched,Bacteria,
Sungkyunkwania,1,1,0.0,0.0,1,1,1,0.0,0.0,100.0,1.0,1.0,1,1,-1,1,matched,Bacteria,
Plastorhodobacter,1,3,0.0,0.0,1,1,1,0.0,0.0,100.0,1.0,1.0,1,1,-1,1,matched,Bacteria,
Hydrocoleum,1,2,0.0,0.0,1,1,1,0.0,0.0,100.0,1.0,1.0,1,1,-1,1,matched,Bacteria,
Duncaniella,0,0,0.0,0.0,2999,8,8,0.13,0.01,0.27,,,0,0,0,0,ncbi_only,Bacteria,0.0
Mycobacteroides,0,0,0.0,0.0,2537,23,2537,0.11,0.03,100.0,,,0,0,0,0,ncbi_only,Bacteria,0.0
Mediterraneibacter,0,0,0.0,0.0,1057,49,384,0.05,0.07,36.33,,,0,0,0,0,ncbi_only,Bacteria,0.0
Stutzerimonas,0,0,0.0,0.0,1041,24,323,0.05,0.03,31.03,,,0,0,0,0,ncbi_only,Bacteria,0.0
Segatella,0,0,0.0,0.0,943,20,317,0.04,0.03,33.62,,,0,0,0,0,ncbi_only,Bacteria,0.0
Gemmiger,0,0,0.0,0.0,916,20,23,0.04,0.03,2.51,,,0,0,0,0,ncbi_only,Bacteria,0.0
Kineothrix,0,0,0.0,0.0,853,6,5,0.04,0.01,0.59,,,0,0,0,0,ncbi_only,Bacteria,0.0
Priestia,0,0,0.0,0.0,692,50,678,0.03,0.07,97.98,,,0,0,0,0,ncbi_only,Bacteria,0.0
Aliarcobacter,0,0,0.0,0.0,654,11,576,0.03,0.02,88.07,,,0,0,0,0,ncbi_only,Bacteria,0.0
Nitrospira,0,0,0.0,0.0,627,65,17,0.03,0.09,2.71,,,0,0,0,0,ncbi_only,Bacteria,0.0
Paramuribaculum,0,0,0.0,0.0,581,2,3,0.03,0.0,0.52,,,0,0,0,0,ncbi_only,Bacteria,0.0
Enterocloster,0,0,0.0,0.0,542,18,158,0.02,0.02,29.15,,,0,0,0,0,ncbi_only,Bacteria,0.0
Mammaliicoccus,0,0,0.0,0.0,515,74,492,0.02,0.1,95.53,,,0,0,0,0,ncbi_only,Bacteria,0.0
Thomasclavelia,0,0,0.0,0.0,503,14,156,0.02,0.02,31.01,,,0,0,0,0,ncbi_only,Bacteria,0.0
Prevotellamassilia,0,0,0.0,0.0,489,3,2,0.02,0.0,0.41,,,0,0,0,0,ncbi_only,Bacteria,0.0
Dysosmobacter,0,0,0.0,0.0,348,7,9,0.02,0.01,2.59,,,0,0,0,0,ncbi_only,Bacteria,0.0
Faecousia,0,0,0.0,0.0,342,10,1,0.02,0.01,0.29,,,0,0,0,0,ncbi_only,Bacteria,0.0
Turicimonas,0,0,0.0,0.0,327,2,4,0.01,0.0,1.22,,,0,0,0,0,ncbi_only,Bacteria,0.0
Peribacillus,0,0,0.0,0.0,280,77,274,0.01,0.11,97.86,,,0,0,0,0,ncbi_only,Bacteria,0.0
Prescottella,0,0,0.0,0.0,280,7,272,0.01,0.01,97.14,,,0,0,0,0,ncbi_only,Bacteria,0.0
Parasphingorhabdus,0,0,0.0,0.0,270,8,7,0.01,0.01,2.59,,,0,0,0,0,ncbi_only,Bacteria,0.0
Duodenibacillus,0,0,0.0,0.0,240,5,1,0.01,0.01,0.42,,,0,0,0,0,ncbi_only,Bacteria,0.0
Rhodococcoides,0,0,0.0,0.0,230,6,225,0.01,0.01,97.83,,,0,0,0,0,ncbi_only,Bacteria,0.0
Anaerobutyricum,0,0,0.0,0.0,222,8,28,0.01,0.01,12.61,,,0,0,0,0,ncbi_only,Bacteria,0.0
Heyndrickxia,0,0,0.0,0.0,199,23,189,0.01,0.03,94.97,,,0,0,0,0,ncbi_only,Bacteria,0.0
Xylanibacter,0,0,0.0,0.0,188,7,19,0.01,0.01,10.11,,,0,0,0,0,ncbi_only,Bacteria,0.0
Sodaliphilus,0,0,0.0,0.0,176,5,2,0.01,0.01,1.14,,,0,0,0,0,ncbi_only,Bacteria,0.0
Pseudosulfitobacter,0,0,0.0,0.0,174,5,171,0.01,0.01,98.28,,,0,0,0,0,ncbi_only,Bacteria,0.0
Schaedlerella,0,0,0.0,0.0,169,3,3,0.01,0.0,1.78,,,0,0,0,0,ncbi_only,Bacteria,0.0
Hominenteromicrobium,0,0,0.0,0.0,162,2,7,0.01,0.0,4.32,,,0,0,0,0,ncbi_only,Bacteria,0.0
Hoylesella,0,0,0.0,0.0,155,10,41,0.01,0.01,26.45,,,0,0,0,0,ncbi_only,Bacteria,0.0
Cytobacillus,0,0,0.0,0.0,154,41,146,0.01,0.06,94.81,,,0,0,0,0,ncbi_only,Bacteria,0.0
Aquiluna,0,0,0.0,0.0,153,8,23,0.01,0.01,15.03,,,0,0,0,0,ncbi_only,Bacteria,0.0
Faecalibacillus,0,0,0.0,0.0,150,9,59,0.01,0.01,39.33,,,0,0,0,0,ncbi_only,Bacteria,0.0
Vreelandella,0,0,0.0,0.0,147,41,129,0.01,0.06,87.76,,,0,0,0,0,ncbi_only,Bacteria,0.0
Tidjanibacter,0,0,0.0,0.0,147,5,1,0.01,0.01,0.68,,,0,0,0,0,ncbi_only,Bacteria,0.0
Evtepia,0,0,0.0,0.0,144,5,2,0.01,0.01,1.39,,,0,0,0,0,ncbi_only,Bacteria,0.0
Waltera,0,0,0.0,0.0,144,4,6,0.01,0.01,4.17,,,0,0,0,0,ncbi_only,Bacteria,0.0
Ectopseudomonas,0,0,0.0,0.0,135,9,116,0.01,0.01,85.93,,,0,0,0,0,ncbi_only,Bacteria,0.0
Neobacillus,0,0,0.0,0.0,134,59,127,0.01,0.08,94.78,,,0,0,0,0,ncbi_only,Bacteria,0.0
Allosphingosinicella,0,0,0.0,0.0,120,4,2,0.01,0.01,1.67,,,0,0,0,0,ncbi_only,Bacteria,0.0
Leyella,0,0,0.0,0.0,115,2,11,0.01,0.0,9.57,,,0,0,0,0,ncbi_only,Bacteria,0.0
Macrococcoides,0,0,0.0,0.0,110,4,98,0.0,0.01,89.09,,,0,0,0,0,ncbi_only,Bacteria,0.0
Lacrimispora,0,0,0.0,0.0,104,18,40,0.0,0.02,38.46,,,0,0,0,0,ncbi_only,Bacteria,0.0
Halopseudomonas,0,0,0.0,0.0,103,24,64,0.0,0.03,62.14,,,0,0,0,0,ncbi_only,Bacteria,0.0
Lawsonibacter,0,0,0.0,0.0,102,10,12,0.0,0.01,11.76,,,0,0,0,0,ncbi_only,Bacteria,0.0
Paratractidigestivibacter,0,0,0.0,0.0,101,2,2,0.0,0.0,1.98,,,0,0,0,0,ncbi_only,Bacteria,0.0
Methanomethylophilus,0,0,0.0,0.0,98,5,45,0.0,0.01,45.92,,,0,0,0,0,ncbi_only,Archaea,0.0
Balneola,0,0,0.0,0.0,95,5,3,0.0,0.01,3.16,,,0,0,0,0,ncbi_only,Bacteria,0.0
Aestuariivirga,0,0,0.0,0.0,92,3,2,0.0,0.0,2.17,,,0,0,0,0,ncbi_only,Bacteria,0.0
Faecalimonas,0,0,0.0,0.0,89,3,16,0.0,0.0,17.98,,,0,0,0,0,ncbi_only,Bacteria,0.0
Shouchella,0,0,0.0,0.0,86,14,85,0.0,0.02,98.84,,,0,0,0,0,ncbi_only,Bacteria,0.0
Tritonibacter,0,0,0.0,0.0,86,8,73,0.0,0.01,84.88,,,0,0,0,0,ncbi_only,Bacteria,0.0
Rossellomorea,0,0,0.0,0.0,85,22,76,0.0,0.03,89.41,,,0,0,0,0,ncbi_only,Bacteria,0.0
Niallia,0,0,0.0,0.0,84,27,78,0.0,0.04,92.86,,,0,0,0,0,ncbi_only,Bacteria,0.0
Anaeromassilibacillus,0,0,0.0,0.0,83,12,11,0.0,0.02,13.25,,,0,0,0,0,ncbi_only,Bacteria,0.0
Alloalcanivorax,0,0,0.0,0.0,81,11,28,0.0,0.02,34.57,,,0,0,0,0,ncbi_only,Bacteria,0.0
Victivallis,0,0,0.0,0.0,81,6,6,0.0,0.01,7.41,,,0,0,0,0,ncbi_only,Bacteria,0.0
Ignavibacterium,0,0,0.0,0.0,79,3,1,0.0,0.0,1.27,,,0,0,0,0,ncbi_only,Bacteria,0.0
Ginsengibacter,0,0,0.0,0.0,79,3,1,0.0,0.0,1.27,,,0,0,0,0,ncbi_only,Bacteria,0.0
Trebonia,0,0,0.0,0.0,78,3,1,0.0,0.0,1.28,,,0,0,0,0,ncbi_only,Bacteria,0.0
Denitrificimonas,0,0,0.0,0.0,77,2,4,0.0,0.0,5.19,,,0,0,0,0,ncbi_only,Bacteria,0.0
Aquirufa,0,0,0.0,0.0,75,16,32,0.0,0.02,42.67,,,0,0,0,0,ncbi_only,Bacteria,0.0
Neglectibacter,0,0,0.0,0.0,73,9,12,0.0,0.01,16.44,,,0,0,0,0,ncbi_only,Bacteria,0.0
Flavipsychrobacter,0,0,0.0,0.0,72,3,1,0.0,0.0,1.39,,,0,0,0,0,ncbi_only,Bacteria,0.0
Eshraghiella,0,0,0.0,0.0,72,1,3,0.0,0.0,4.17,,,0,0,0,0,ncbi_only,Bacteria,0.0
Paenimyroides,0,0,0.0,0.0,72,7,7,0.0,0.01,9.72,,,0,0,0,0,ncbi_only,Bacteria,0.0
Ileibacterium,0,0,0.0,0.0,70,3,2,0.0,0.0,2.86,,,0,0,0,0,ncbi_only,Bacteria,0.0
Metabacillus,0,0,0.0,0.0,68,30,64,0.0,0.04,94.12,,,0,0,0,0,ncbi_only,Bacteria,0.0
Emergencia,0,0,0.0,0.0,66,5,11,0.0,0.01,16.67,,,0,0,0,0,ncbi_only,Bacteria,0.0
Alteriqipengyuania,0,0,0.0,0.0,66,6,8,0.0,0.01,12.12,,,0,0,0,0,ncbi_only,Bacteria,0.0
Parolsenella,0,0,0.0,0.0,63,4,8,0.0,0.01,12.7,,,0,0,0,0,ncbi_only,Bacteria,0.0
Ellagibacter,0,0,0.0,0.0,63,3,1,0.0,0.0,1.59,,,0,0,0,0,ncbi_only,Bacteria,0.0
Arachnia,0,0,0.0,0.0,62,5,16,0.0,0.01,25.81,,,0,0,0,0,ncbi_only,Bacteria,0.0
Paracidovorax,0,0,0.0,0.0,61,9,59,0.0,0.01,96.72,,,0,0,0,0,ncbi_only,Bacteria,0.0
Melioribacter,0,0,0.0,0.0,61,4,1,0.0,0.01,1.64,,,0,0,0,0,ncbi_only,Bacteria,0.0
Sangeribacter,0,0,0.0,0.0,61,2,2,0.0,0.0,3.28,,,0,0,0,0,ncbi_only,Bacteria,0.0
Chlorobium,0,0,0.0,0.0,59,11,12,0.0,0.02,20.34,,,0,0,0,0,ncbi_only,Bacteria,0.0
Zestosphaera,0,0,0.0,0.0,57,2,0,0.0,0.0,0.0,,,0,0,0,0,ncbi_only,Archaea,0.0
Vulcanococcus,0,0,0.0,0.0,55,20,4,0.0,0.03,7.27,,,0,0,0,0,ncbi_only,Bacteria,0.0
Usitatibacter,0,0,0.0,0.0,55,3,2,0.0,0.0,3.64,,,0,0,0,0,ncbi_only,Bacteria,0.0
Metapseudomonas,0,0,0.0,0.0,54,5,54,0.0,0.01,100.0,,,0,0,0,0,ncbi_only,Bacteria,0.0
Hallerella,0,0,0.0,0.0,53,3,2,0.0,0.0,3.77,,,0,0,0,0,ncbi_only,Bacteria,0.0
Pararhodobacter,0,0,0.0,0.0,52,7,8,0.0,0.01,15.38,,,0,0,0,0,ncbi_only,Bacteria,0.0
Vescimonas,0,0,0.0,0.0,51,4,3,0.0,0.01,5.88,,,0,0,0,0,ncbi_only,Bacteria,0.0
Mediterranea,0,0,0.0,0.0,49,5,7,0.0,0.01,14.29,,,0,0,0,0,ncbi_only,Bacteria,0.0
Brevefilum,0,0,0.0,0.0,49,3,1,0.0,0.0,2.04,,,0,0,0,0,ncbi_only,Bacteria,0.0
Marinosulfonomonas,0,0,0.0,0.0,48,3,1,0.0,0.0,2.08,,,0,0,0,0,ncbi_only,Bacteria,0.0
Mariniblastus,0,0,0.0,0.0,48,2,25,0.0,0.0,52.08,,,0,0,0,0,ncbi_only,Bacteria,0.0
Epilithonimonas,0,0,0.0,0.0,47,18,27,0.0,0.02,57.45,,,0,0,0,0,ncbi_only,Bacteria,0.0
Oliverpabstia,0,0,0.0,0.0,47,3,12,0.0,0.0,25.53,,,0,0,0,0,ncbi_only,Bacteria,0.0
Lancefieldella,0,0,0.0,0.0,46,4,5,0.0,0.01,10.87,,,0,0,0,0,ncbi_only,Bacteria,0.0
Cypionkella,0,0,0.0,0.0,44,5,5,0.0,0.01,11.36,,,0,0,0,0,ncbi_only,Bacteria,0.0
Massilimicrobiota,0,0,0.0,0.0,43,9,11,0.0,0.01,25.58,,,0,0,0,0,ncbi_only,Bacteria,0.0
Mesobacillus,0,0,0.0,0.0,43,17,39,0.0,0.02,90.7,,,0,0,0,0,ncbi_only,Bacteria,0.0
Pseudoduganella,0,0,0.0,0.0,43,24,34,0.0,0.03,79.07,,,0,0,0,0,ncbi_only,Bacteria,0.0
Nostocoides,0,0,0.0,0.0,42,10,8,0.0,0.01,19.05,,,0,0,0,0,ncbi_only,Bacteria,0.0
Litorivicinus,0,0,0.0,0.0,41,3,18,0.0,0.0,43.9,,,0,0,0,0,ncbi_only,Bacteria,0.0
Actinacidiphila,0,0,0.0,0.0,41,18,40,0.0,0.02,97.56,,,0,0,0,0,ncbi_only,Bacteria,0.0
Terricaulis,0,0,0.0,0.0,40,3,1,0.0,0.0,2.5,,,0,0,0,0,ncbi_only,Bacteria,0.0
Limnospira,0,0,0.0,0.0,40,32,6,0.0,0.04,15.0,,,0,0,0,0,ncbi_only,Bacteria,0.0
Daejeonella,0,0,0.0,0.0,39,6,6,0.0,0.01,15.38,,,0,0,0,0,ncbi_only,Bacteria,0.0
Ponticoccus,0,0,0.0,0.0,39,39,37,0.0,0.05,94.87,,,0,0,0,0,ncbi_only,Bacteria,0.0
Gallintestinimicrobium,0,0,0.0,0.0,39,2,4,0.0,0.0,10.26,,,0,0,0,0,ncbi_only,Bacteria,0.0
Butyribacter,0,0,0.0,0.0,38,2,4,0.0,0.0,10.53,,,0,0,0,0,ncbi_only,Bacteria,0.0
Rhodoglobus,0,0,0.0,0.0,36,5,4,0.0,0.01,11.11,,,0,0,0,0,ncbi_only,Bacteria,0.0
Hallella,0,0,0.0,0.0,35,8,11,0.0,0.01,31.43,,,0,0,0,0,ncbi_only,Bacteria,0.0
Aquipseudomonas,0,0,0.0,0.0,35,4,29,0.0,0.01,82.86,,,0,0,0,0,ncbi_only,Bacteria,0.0
Furfurilactobacillus,0,0,0.0,0.0,34,7,21,0.0,0.01,61.76,,,0,0,0,0,ncbi_only,Bacteria,0.0
Pseudolysinimonas,0,0,0.0,0.0,34,3,3,0.0,0.0,8.82,,,0,0,0,0,ncbi_only,Bacteria,0.0
Trinickia,0,0,0.0,0.0,34,14,26,0.0,0.02,76.47,,,0,0,0,0,ncbi_only,Bacteria,0.0
Moellerella,0,0,0.0,0.0,32,2,31,0.0,0.0,96.88,,,0,0,0,0,ncbi_only,Bacteria,0.0
Ghiorsea,0,0,0.0,0.0,32,2,1,0.0,0.0,3.12,,,0,0,0,0,ncbi_only,Bacteria,0.0
Billgrantia,0,0,0.0,0.0,31,18,27,0.0,0.02,87.1,,,0,0,0,0,ncbi_only,Bacteria,0.0
Rhodohalobacter,0,0,0.0,0.0,30,9,9,0.0,0.01,30.0,,,0,0,0,0,ncbi_only,Bacteria,0.0
Bariatricus,0,0,0.0,0.0,30,5,8,0.0,0.01,26.67,,,0,0,0,0,ncbi_only,Bacteria,0.0
Moorena,0,0,0.0,0.0,30,27,5,0.0,0.04,16.67,,,0,0,0,0,ncbi_only,Bacteria,0.0
Alkalihalobacillus,0,0,0.0,0.0,30,20,28,0.0,0.03,93.33,,,0,0,0,0,ncbi_only,Bacteria,0.0
Sutcliffiella,0,0,0.0,0.0,28,10,28,0.0,0.01,100.0,,,0,0,0,0,ncbi_only,Bacteria,0.0
Mesosutterella,0,0,0.0,0.0,28,4,4,0.0,0.01,14.29,,,0,0,0,0,ncbi_only,Bacteria,0.0
Paractinoplanes,0,0,0.0,0.0,28,19,28,0.0,0.03,100.0,,,0,0,0,0,ncbi_only,Bacteria,0.0
Siminovitchia,0,0,0.0,0.0,28,10,26,0.0,0.01,92.86,,,0,0,0,0,ncbi_only,Bacteria,0.0
Okeania,0,0,0.0,0.0,28,25,5,0.0,0.03,17.86,,,0,0,0,0,ncbi_only,Bacteria,0.0
Croceibacterium,0,0,0.0,0.0,27,10,11,0.0,0.01,40.74,,,0,0,0,0,ncbi_only,Bacteria,0.0
Novacetimonas,0,0,0.0,0.0,27,5,23,0.0,0.01,85.19,,,0,0,0,0,ncbi_only,Bacteria,0.0
Fannyhessea,0,0,0.0,0.0,26,1,14,0.0,0.0,53.85,,,0,0,0,0,ncbi_only,Bacteria,0.0
Pseudoruminococcus,0,0,0.0,0.0,26,3,2,0.0,0.0,7.69,,,0,0,0,0,ncbi_only,Bacteria,0.0
Geomonas,0,0,0.0,0.0,26,20,21,0.0,0.03,80.77,,,0,0,0,0,ncbi_only,Bacteria,0.0
Pontiella,0,0,0.0,0.0,26,4,3,0.0,0.01,11.54,,,0,0,0,0,ncbi_only,Bacteria,0.0
Gracilimonas,0,0,0.0,0.0,26,9,7,0.0,0.01,26.92,,,0,0,0,0,ncbi_only,Bacteria,0.0
Halalkalibacter,0,0,0.0,0.0,26,16,24,0.0,0.02,92.31,,,0,0,0,0,ncbi_only,Bacteria,0.0
Maribellus,0,0,0.0,0.0,25,8,8,0.0,0.01,32.0,,,0,0,0,0,ncbi_only,Bacteria,0.0
Neolewinella,0,0,0.0,0.0,25,11,12,0.0,0.02,48.0,,,0,0,0,0,ncbi_only,Bacteria,0.0
Aurantiacibacter,0,0,0.0,0.0,25,20,25,0.0,0.03,100.0,,,0,0,0,0,ncbi_only,Bacteria,0.0
Parafannyhessea,0,0,0.0,0.0,25,2,9,0.0,0.0,36.0,,,0,0,0,0,ncbi_only,Bacteria,0.0
Caldifermentibacillus,0,0,0.0,0.0,25,1,25,0.0,0.0,100.0,,,0,0,0,0,ncbi_only,Bacteria,0.0
Lichenihabitans,0,0,0.0,0.0,25,5,4,0.0,0.01,16.0,,,0,0,0,0,ncbi_only,Bacteria,0.0
Absicoccus,0,0,0.0,0.0,25,4,2,0.0,0.01,8.0,,,0,0,0,0,ncbi_only,Bacteria,0.0
Fodinibius,0,0,0.0,0.0,25,12,11,0.0,0.02,44.0,,,0,0,0,0,ncbi_only,Bacteria,0.0
Trichocoleus,0,0,0.0,0.0,25,20,21,0.0,0.03,84.0,,,0,0,0,0,ncbi_only,Bacteria,0.0
Wujia,0,0,0.0,0.0,25,2,1,0.0,0.0,4.0,,,0,0,0,0,ncbi_only,Bacteria,0.0
Aromatoleum,0,0,0.0,0.0,25,12,18,0.0,0.02,72.0,,,0,0,0,0,ncbi_only,Bacteria,0.0
Fuerstiella,0,0,0.0,0.0,25,2,1,0.0,0.0,4.0,,,0,0,0,0,ncbi_only,Bacteria,0.0
Merdimonas,0,0,0.0,0.0,24,2,3,0.0,0.0,12.5,,,0,0,0,0,ncbi_only,Bacteria,0.0
Maridesulfovibrio,0,0,0.0,0.0,24,7,7,0.0,0.01,29.17,,,0,0,0,0,ncbi_only,Bacteria,0.0
Picosynechococcus,0,0,0.0,0.0,24,12,24,0.0,0.02,100.0,,,0,0,0,0,ncbi_only,Bacteria,0.0
Schinkia,0,0,0.0,0.0,24,1,24,0.0,0.0,100.0,,,0,0,0,0,ncbi_only,Bacteria,0.0
Amedibacillus,0,0,0.0,0.0,24,3,13,0.0,0.0,54.17,,,0,0,0,0,ncbi_only,Bacteria,0.0
Baekduia,0,0,0.0,0.0,23,3,2,0.0,0.0,8.7,,,0,0,0,0,ncbi_only,Bacteria,0.0
Chakrabartia,0,0,0.0,0.0,23,3,2,0.0,0.0,8.7,,,0,0,0,0,ncbi_only,Bacteria,0.0
Patiriisocius,0,0,0.0,0.0,23,6,6,0.0,0.01,26.09,,,0,0,0,0,ncbi_only,Bacteria,0.0
Lederbergia,0,0,0.0,0.0,22,10,22,0.0,0.01,100.0,,,0,0,0,0,ncbi_only,Bacteria,0.0
Drancourtella,0,0,0.0,0.0,22,8,7,0.0,0.01,31.82,,,0,0,0,0,ncbi_only,Bacteria,0.0
Marisediminitalea,0,0,0.0,0.0,22,2,2,0.0,0.0,9.09,,,0,0,0,0,ncbi_only,Bacteria,0.0
Halalkalibacterium (ex Joshi et al. 2022),0,0,0.0,0.0,22,2,22,0.0,0.0,100.0,,,0,0,0,0,ncbi_only,Bacteria,0.0
Caecibacter,0,0,0.0,0.0,22,5,4,0.0,0.01,18.18,,,0,0,0,0,ncbi_only,Bacteria,0.0
Terrimesophilobacter,0,0,0.0,0.0,22,2,3,0.0,0.0,13.64,,,0,0,0,0,ncbi_only,Bacteria,0.0
Ancrocorticia,0,0,0.0,0.0,22,3,1,0.0,0.0,4.55,,,0,0,0,0,ncbi_only,Bacteria,0.0
Rubrivirga,0,0,0.0,0.0,22,8,6,0.0,0.01,27.27,,,0,0,0,0,ncbi_only,Bacteria,0.0
Gottfriedia,0,0,0.0,0.0,21,9,21,0.0,0.01,100.0,,,0,0,0,0,ncbi_only,Bacteria,0.0
Labilibaculum,0,0,0.0,0.0,21,6,8,0.0,0.01,38.1,,,0,0,0,0,ncbi_only,Bacteria,0.0
Hominilimicola,0,0,0.0,0.0,20,2,2,0.0,0.0,10.0,,,0,0,0,0,ncbi_only,Bacteria,0.0
Scandinavium,0,0,0.0,0.0,20,9,17,0.0,0.01,85.0,,,0,0,0,0,ncbi_only,Bacteria,0.0
Congzhengia,0,0,0.0,0.0,20,2,1,0.0,0.0,5.0,,,0,0,0,0,ncbi_only,Bacteria,0.0
Salinivenus,0,0,0.0,0.0,20,4,2,0.0,0.01,10.0,,,0,0,0,0,ncbi_only,Bacteria,0.0
Cognaticolwellia,0,0,0.0,0.0,20,5,5,0.0,0.01,25.0,,,0,0,0,0,ncbi_only,Bacteria,0.0
Hanamia,0,0,0.0,0.0,20,2,1,0.0,0.0,5.0,,,0,0,0,0,ncbi_only,Bacteria,0.0
Lacisediminihabitans,0,0,0.0,0.0,19,4,3,0.0,0.01,15.79,,,0,0,0,0,ncbi_only,Bacteria,0.0
Pseudalkalibacillus,0,0,0.0,0.0,19,10,19,0.0,0.01,100.0,,,0,0,0,0,ncbi_only,Bacteria,0.0
Mycetohabitans,0,0,0.0,0.0,19,10,19,0.0,0.01,100.0,,,0,0,0,0,ncbi_only,Bacteria,0.0
Pseudobdellovibrio,0,0,0.0,0.0,19,3,3,0.0,0.0,15.79,,,0,0,0,0,ncbi_only,Bacteria,0.0
Ructibacterium,0,0,0.0,0.0,19,3,1,0.0,0.0,5.26,,,0,0,0,0,ncbi_only,Bacteria,0.0
Peptacetobacter,0,0,0.0,0.0,18,5,7,0.0,0.01,38.89,,,0,0,0,0,ncbi_only,Bacteria,0.0
Agriterribacter,0,0,0.0,0.0,18,2,1,0.0,0.0,5.56,,,0,0,0,0,ncbi_only,Bacteria,0.0
Ectobacillus,0,0,0.0,0.0,18,8,14,0.0,0.01,77.78,,,0,0,0,0,ncbi_only,Bacteria,0.0
Tsuneonella,0,0,0.0,0.0,18,12,13,0.0,0.02,72.22,,,0,0,0,0,ncbi_only,Bacteria,0.0
Robertmurraya,0,0,0.0,0.0,18,14,16,0.0,0.02,88.89,,,0,0,0,0,ncbi_only,Bacteria,0.0
Parasynechococcus,0,0,0.0,0.0,18,2,1,0.0,0.0,5.56,,,0,0,0,0,ncbi_only,Bacteria,0.0
Desulfamplus,0,0,0.0,0.0,18,2,0,0.0,0.0,0.0,,,0,0,0,0,ncbi_only,Bacteria,0.0
Oleiharenicola,0,0,0.0,0.0,18,4,2,0.0,0.01,11.11,,,0,0,0,0,ncbi_only,Bacteria,0.0
Fluoribacter,0,0,0.0,0.0,18,2,18,0.0,0.0,100.0,,,0,0,0,0,ncbi_only,Bacteria,0.0
Falsiroseomonas,0,0,0.0,0.0,17,11,12,0.0,0.02,70.59,,,0,0,0,0,ncbi_only,Bacteria,0.0
Anoxybacteroides,0,0,0.0,0.0,17,4,17,0.0,0.01,100.0,,,0,0,0,0,ncbi_only,Bacteria,0.0
Nitratidesulfovibrio,0,0,0.0,0.0,17,8,12,0.0,0.01,70.59,,,0,0,0,0,ncbi_only,Bacteria,0.0
Acetofilamentum,0,0,0.0,0.0,17,1,0,0.0,0.0,0.0,,,0,0,0,0,ncbi_only,Bacteria,0.0
Sakamotonia,0,0,0.0,0.0,17,4,2,0.0,0.01,11.76,,,0,0,0,0,ncbi_only,Bacteria,0.0
Arsukibacterium,0,0,0.0,0.0,17,11,5,0.0,0.02,29.41,,,0,0,0,0,ncbi_only,Bacteria,0.0
Alteraurantiacibacter,0,0,0.0,0.0,17,5,4,0.0,0.01,23.53,,,0,0,0,0,ncbi_only,Bacteria,0.0
Frigidibacter,0,0,0.0,0.0,16,10,12,0.0,0.01,75.0,,,0,0,0,0,ncbi_only,Bacteria,0.0
Phytopseudomonas,0,0,0.0,0.0,16,7,16,0.0,0.01,100.0,,,0,0,0,0,ncbi_only,Bacteria,0.0
Umezakia,0,0,0.0,0.0,16,1,16,0.0,0.0,100.0,,,0,0,0,0,ncbi_only,Bacteria,0.0
Gudongella,0,0,0.0,0.0,16,5,3,0.0,0.01,18.75,,,0,0,0,0,ncbi_only,Bacteria,0.0
Thermophilibacter,0,0,0.0,0.0,16,6,6,0.0,0.01,37.5,,,0,0,0,0,ncbi_only,Bacteria,0.0
Lentihominibacter,0,0,0.0,0.0,16,3,2,0.0,0.0,12.5,,,0,0,0,0,ncbi_only,Bacteria,0.0
Casimicrobium,0,0,0.0,0.0,15,2,1,0.0,0.0,6.67,,,0,0,0,0,ncbi_only,Bacteria,0.0
Solidesulfovibrio,0,0,0.0,0.0,15,8,6,0.0,0.01,40.0,,,0,0,0,0,ncbi_only,Bacteria,0.0
Tenuifilum,0,0,0.0,0.0,15,3,2,0.0,0.0,13.33,,,0,0,0,0,ncbi_only,Bacteria,0.0
Quisquiliibacterium,0,0,0.0,0.0,15,2,2,0.0,0.0,13.33,,,0,0,0,0,ncbi_only,Bacteria,0.0
Croceivirga,0,0,0.0,0.0,15,6,6,0.0,0.01,40.0,,,0,0,0,0,ncbi_only,Bacteria,0.0
Pontixanthobacter,0,0,0.0,0.0,15,7,9,0.0,0.01,60.0,,,0,0,0,0,ncbi_only,Bacteria,0.0
Mariniplasma,0,0,0.0,0.0,15,2,1,0.0,0.0,6.67,,,0,0,0,0,ncbi_only,Bacteria,0.0
Sporofaciens,0,0,0.0,0.0,15,2,2,0.0,0.0,13.33,,,0,0,0,0,ncbi_only,Bacteria,0.0
Lapidilactobacillus,0,0,0.0,0.0,15,8,14,0.0,0.01,93.33,,,0,0,0,0,ncbi_only,Bacteria,0.0
Aedoeadaptatus,0,0,0.0,0.0,15,7,10,0.0,0.01,66.67,,,0,0,0,0,ncbi_only,Bacteria,0.0
Exercitatus,0,0,0.0,0.0,15,1,15,0.0,0.0,100.0,,,0,0,0,0,ncbi_only,Bacteria,0.0
Glaciihabitans,0,0,0.0,0.0,15,7,6,0.0,0.01,40.0,,,0,0,0,0,ncbi_only,Bacteria,0.0
Chlorobaculum,0,0,0.0,0.0,15,7,6,0.0,0.01,40.0,,,0,0,0,0,ncbi_only,Bacteria,0.0
Rariglobus,0,0,0.0,0.0,15,2,2,0.0,0.0,13.33,,,0,0,0,0,ncbi_only,Bacteria,0.0
Paenacidovorax,0,0,0.0,0.0,15,3,3,0.0,0.0,20.0,,,0,0,0,0,ncbi_only,Bacteria,0.0
Pimelobacter,0,0,0.0,0.0,15,3,13,0.0,0.0,86.67,,,0,0,0,0,ncbi_only,Bacteria,0.0
Minwuia,0,0,0.0,0.0,14,6,6,0.0,0.01,42.86,,,0,0,0,0,ncbi_only,Bacteria,0.0
Bremerella,0,0,0.0,0.0,14,8,11,0.0,0.01,78.57,,,0,0,0,0,ncbi_only,Bacteria,0.0
Culturomica,0,0,0.0,0.0,14,3,2,0.0,0.0,14.29,,,0,0,0,0,ncbi_only,Bacteria,0.0
Rhodosalinus,0,0,0.0,0.0,14,6,5,0.0,0.01,35.71,,,0,0,0,0,ncbi_only,Bacteria,0.0
Desulforamulus,0,0,0.0,0.0,14,8,11,0.0,0.01,78.57,,,0,0,0,0,ncbi_only,Bacteria,0.0
Traorella,0,0,0.0,0.0,14,2,1,0.0,0.0,7.14,,,0,0,0,0,ncbi_only,Bacteria,0.0
Jutongia,0,0,0.0,0.0,14,4,2,0.0,0.01,14.29,,,0,0,0,0,ncbi_only,Bacteria,0.0
Heliomicrobium,0,0,0.0,0.0,14,5,4,0.0,0.01,28.57,,,0,0,0,0,ncbi_only,Bacteria,0.0
Novilysobacter,0,0,0.0,0.0,13,10,11,0.0,0.01,84.62,,,0,0,0,0,ncbi_only,Bacteria,0.0
Pilosibacter,0,0,0.0,0.0,13,3,2,0.0,0.0,15.38,,,0,0,0,0,ncbi_only,Bacteria,0.0
Muricomes,0,0,0.0,0.0,13,3,2,0.0,0.0,15.38,,,0,0,0,0,ncbi_only,Bacteria,0.0
Neoroseomonas,0,0,0.0,0.0,13,10,12,0.0,0.01,92.31,,,0,0,0,0,ncbi_only,Bacteria,0.0
Fredinandcohnia,0,0,0.0,0.0,13,9,10,0.0,0.01,76.92,,,0,0,0,0,ncbi_only,Bacteria,0.0
Urechidicola,0,0,0.0,0.0,13,3,2,0.0,0.0,15.38,,,0,0,0,0,ncbi_only,Bacteria,0.0
Fluviibacter,0,0,0.0,0.0,13,2,3,0.0,0.0,23.08,,,0,0,0,0,ncbi_only,Bacteria,0.0
Hominisplanchenecus,0,0,0.0,0.0,13,3,4,0.0,0.0,30.77,,,0,0,0,0,ncbi_only,Bacteria,0.0
Dakarella,0,0,0.0,0.0,13,2,2,0.0,0.0,15.38,,,0,0,0,0,ncbi_only,Bacteria,0.0
Protofrankia,0,0,0.0,0.0,13,6,13,0.0,0.01,100.0,,,0,0,0,0,ncbi_only,Bacteria,0.0
Aquidulcibacter,0,0,0.0,0.0,13,2,2,0.0,0.0,15.38,,,0,0,0,0,ncbi_only,Bacteria,0.0
Limnoglobus,0,0,0.0,0.0,13,2,1,0.0,0.0,7.69,,,0,0,0,0,ncbi_only,Bacteria,0.0
Faecalispora,0,0,0.0,0.0,13,3,7,0.0,0.0,53.85,,,0,0,0,0,ncbi_only,Bacteria,0.0
Ventrimonas,0,0,0.0,0.0,13,4,2,0.0,0.01,15.38,,,0,0,0,0,ncbi_only,Bacteria,0.0
Stygiobacter,0,0,0.0,0.0,13,9,1,0.0,0.01,7.69,,,0,0,0,0,ncbi_only,Bacteria,0.0
Galactobacillus,0,0,0.0,0.0,13,2,1,0.0,0.0,7.69,,,0,0,0,0,ncbi_only,Bacteria,0.0
Longibaculum,0,0,0.0,0.0,13,3,7,0.0,0.0,53.85,,,0,0,0,0,ncbi_only,Bacteria,0.0
Simkania,0,0,0.0,0.0,12,2,2,0.0,0.0,16.67,,,0,0,0,0,ncbi_only,Bacteria,0.0
Symbiopectobacterium,0,0,0.0,0.0,12,12,7,0.0,0.02,58.33,,,0,0,0,0,ncbi_only,Bacteria,0.0
Flintibacter,0,0,0.0,0.0,12,7,6,0.0,0.01,50.0,,,0,0,0,0,ncbi_only,Bacteria,0.0
Thiolinea,0,0,0.0,0.0,12,2,1,0.0,0.0,8.33,,,0,0,0,0,ncbi_only,Bacteria,0.0
Phaeovulum,0,0,0.0,0.0,12,4,6,0.0,0.01,50.0,,,0,0,0,0,ncbi_only,Bacteria,0.0
Evansella,0,0,0.0,0.0,12,10,12,0.0,0.01,100.0,,,0,0,0,0,ncbi_only,Bacteria,0.0
Caenibius,0,0,0.0,0.0,12,4,3,0.0,0.01,25.0,,,0,0,0,0,ncbi_only,Bacteria,0.0
Stieleria,0,0,0.0,0.0,12,11,10,0.0,0.02,83.33,,,0,0,0,0,ncbi_only,Bacteria,0.0
Chryseotalea,0,0,0.0,0.0,12,3,1,0.0,0.0,8.33,,,0,0,0,0,ncbi_only,Bacteria,0.0
Chryseosolibacter,0,0,0.0,0.0,12,3,2,0.0,0.0,16.67,,,0,0,0,0,ncbi_only,Bacteria,0.0
Solwaraspora,0,0,0.0,0.0,12,12,12,0.0,0.02,100.0,,,0,0,0,0,ncbi_only,Bacteria,0.0
Edaphocola,0,0,0.0,0.0,12,4,2,0.0,0.01,16.67,,,0,0,0,0,ncbi_only,Bacteria,0.0
Streptantibioticus,0,0,0.0,0.0,12,6,11,0.0,0.01,91.67,,,0,0,0,0,ncbi_only,Bacteria,0.0
Atribacter,0,0,0.0,0.0,12,6,1,0.0,0.01,8.33,,,0,0,0,0,ncbi_only,Bacteria,0.0
Pseudotabrizicola,0,0,0.0,0.0,12,7,6,0.0,0.01,50.0,,,0,0,0,0,ncbi_only,Bacteria,0.0
Serpentinimonas,0,0,0.0,0.0,12,5,4,0.0,0.01,33.33,,,0,0,0,0,ncbi_only,Bacteria,0.0
Thermostichus,0,0,0.0,0.0,12,11,2,0.0,0.02,16.67,,,0,0,0,0,ncbi_only,Bacteria,0.0
Beduini,0,0,0.0,0.0,12,3,3,0.0,0.0,25.0,,,0,0,0,0,ncbi_only,Bacteria,0.0
Parafrankia,0,0,0.0,0.0,12,11,12,0.0,0.02,100.0,,,0,0,0,0,ncbi_only,Bacteria,0.0
Alkalihalophilus,0,0,0.0,0.0,12,4,12,0.0,0.01,100.0,,,0,0,0,0,ncbi_only,Bacteria,0.0
Alkalicoccobacillus,0,0,0.0,0.0,12,4,12,0.0,0.01,100.0,,,0,0,0,0,ncbi_only,Bacteria,0.0
Ruoffia,0,0,0.0,0.0,11,7,10,0.0,0.01,90.91,,,0,0,0,0,ncbi_only,Bacteria,0.0
Olegusella,0,0,0.0,0.0,11,3,2,0.0,0.0,18.18,,,0,0,0,0,ncbi_only,Bacteria,0.0
Duffyella,0,0,0.0,0.0,11,1,10,0.0,0.0,90.91,,,0,0,0,0,ncbi_only,Bacteria,0.0
Enemella,0,0,0.0,0.0,11,3,9,0.0,0.0,81.82,,,0,0,0,0,ncbi_only,Bacteria,0.0
Limnobaculum,0,0,0.0,0.0,11,6,10,0.0,0.01,90.91,,,0,0,0,0,ncbi_only,Bacteria,0.0
Sulfurimicrobium,0,0,0.0,0.0,11,2,1,0.0,0.0,9.09,,,0,0,0,0,ncbi_only,Bacteria,0.0
Anaerosacchariphilus,0,0,0.0,0.0,11,4,2,0.0,0.01,18.18,,,0,0,0,0,ncbi_only,Bacteria,0.0
Nigerium,0,0,0.0,0.0,11,3,2,0.0,0.0,18.18,,,0,0,0,0,ncbi_only,Bacteria,0.0
Tepidiforma,0,0,0.0,0.0,11,4,3,0.0,0.01,27.27,,,0,0,0,0,ncbi_only,Bacteria,0.0
Bullifex,0,0,0.0,0.0,11,2,1,0.0,0.0,9.09,,,0,0,0,0,ncbi_only,Bacteria,0.0
Halosegnis,0,0,0.0,0.0,10,4,9,0.0,0.01,90.0,,,0,0,0,0,ncbi_only,Archaea,0.0
Pacificibacter,0,0,0.0,0.0,10,5,7,0.0,0.01,70.0,,,0,0,0,0,ncbi_only,Bacteria,0.0
Protaetiibacter,0,0,0.0,0.0,10,5,4,0.0,0.01,40.0,,,0,0,0,0,ncbi_only,Bacteria,0.0
Vandammella,0,0,0.0,0.0,10,1,10,0.0,0.0,100.0,,,0,0,0,0,ncbi_only,Bacteria,0.0
Rhabdaerophilum,0,0,0.0,0.0,10,3,2,0.0,0.0,20.0,,,0,0,0,0,ncbi_only,Bacteria,0.0
Novipirellula,0,0,0.0,0.0,10,9,7,0.0,0.01,70.0,,,0,0,0,0,ncbi_only,Bacteria,0.0
Pelagerythrobacter,0,0,0.0,0.0,10,5,8,0.0,0.01,80.0,,,0,0,0,0,ncbi_only,Bacteria,0.0
Tunturiibacter,0,0,0.0,0.0,10,4,10,0.0,0.01,100.0,,,0,0,0,0,ncbi_only,Bacteria,0.0
Alloyangia,0,0,0.0,0.0,10,2,9,0.0,0.0,90.0,,,0,0,0,0,ncbi_only,Bacteria,0.0
Oceaniferula,0,0,0.0,0.0,10,3,3,0.0,0.0,30.0,,,0,0,0,0,ncbi_only,Bacteria,0.0
Periweissella,0,0,0.0,0.0,10,5,10,0.0,0.01,100.0,,,0,0,0,0,ncbi_only,Bacteria,0.0
Pollutimonas,0,0,0.0,0.0,10,7,8,0.0,0.01,80.0,,,0,0,0,0,ncbi_only,Bacteria,0.0
Caproicibacter,0,0,0.0,0.0,10,3,3,0.0,0.0,30.0,,,0,0,0,0,ncbi_only,Bacteria,0.0
Frigoriglobus,0,0,0.0,0.0,10,3,1,0.0,0.0,10.0,,,0,0,0,0,ncbi_only,Bacteria,0.0
Salaquimonas,0,0,0.0,0.0,10,3,1,0.0,0.0,10.0,,,0,0,0,0,ncbi_only,Bacteria,0.0
Stenomitos,0,0,0.0,0.0,10,3,3,0.0,0.0,30.0,,,0,0,0,0,ncbi_only,Bacteria,0.0
Igneacidithiobacillus,0,0,0.0,0.0,10,5,1,0.0,0.01,10.0,,,0,0,0,0,ncbi_only,Bacteria,0.0
Aureibaculum,0,0,0.0,0.0,10,8,6,0.0,0.01,60.0,,,0,0,0,0,ncbi_only,Bacteria,0.0
Mesoterricola,0,0,0.0,0.0,10,3,2,0.0,0.0,20.0,,,0,0,0,0,ncbi_only,Bacteria,0.0
Hornefia,0,0,0.0,0.0,10,3,2,0.0,0.0,20.0,,,0,0,0,0,ncbi_only,Bacteria,0.0
Paracholeplasma,0,0,0.0,0.0,9,6,5,0.0,0.01,55.56,,,0,0,0,0,ncbi_only,Bacteria,0.0
Rosistilla,0,0,0.0,0.0,9,3,4,0.0,0.0,44.44,,,0,0,0,0,ncbi_only,Bacteria,0.0
Acrocarpospora,0,0,0.0,0.0,9,6,9,0.0,0.01,100.0,,,0,0,0,0,ncbi_only,Bacteria,0.0
Phnomibacter,0,0,0.0,0.0,9,3,2,0.0,0.0,22.22,,,0,0,0,0,ncbi_only,Bacteria,0.0
Parablautia,0,0,0.0,0.0,9,3,3,0.0,0.0,33.33,,,0,0,0,0,ncbi_only,Bacteria,0.0
Sideroxyarcus,0,0,0.0,0.0,9,2,1,0.0,0.0,11.11,,,0,0,0,0,ncbi_only,Bacteria,0.0
Humidesulfovibrio,0,0,0.0,0.0,9,2,1,0.0,0.0,11.11,,,0,0,0,0,ncbi_only,Bacteria,0.0
Laspinema,0,0,0.0,0.0,9,4,8,0.0,0.01,88.89,,,0,0,0,0,ncbi_only,Bacteria,0.0
Terracoccus,0,0,0.0,0.0,9,3,4,0.0,0.0,44.44,,,0,0,0,0,ncbi_only,Bacteria,0.0
Mycolicibacillus,0,0,0.0,0.0,9,3,8,0.0,0.0,88.89,,,0,0,0,0,ncbi_only,Bacteria,0.0
Vitreimonas,0,0,0.0,0.0,9,2,1,0.0,0.0,11.11,,,0,0,0,0,ncbi_only,Bacteria,0.0
Pyxidicoccus,0,0,0.0,0.0,9,8,9,0.0,0.01,100.0,,,0,0,0,0,ncbi_only,Bacteria,0.0
Litchfieldia,0,0,0.0,0.0,9,5,9,0.0,0.01,100.0,,,0,0,0,0,ncbi_only,Bacteria,0.0
Undibacter,0,0,0.0,0.0,9,2,1,0.0,0.0,11.11,,,0,0,0,0,ncbi_only,Bacteria,0.0
Parachlamydia,0,0,0.0,0.0,9,3,5,0.0,0.0,55.56,,,0,0,0,0,ncbi_only,Bacteria,0.0
Merdimmobilis,0,0,0.0,0.0,9,2,6,0.0,0.0,66.67,,,0,0,0,0,ncbi_only,Bacteria,0.0
Hydrogeniiclostridium,0,0,0.0,0.0,8,2,2,0.0,0.0,25.0,,,0,0,0,0,ncbi_only,Bacteria,0.0
Humisphaera,0,0,0.0,0.0,8,2,1,0.0,0.0,12.5,,,0,0,0,0,ncbi_only,Bacteria,0.0
Bittarella (ex Durand et al. 2017),0,0,0.0,0.0,8,1,7,0.0,0.0,87.5,,,0,0,0,0,ncbi_only,Bacteria,0.0
Chimaeribacter,0,0,0.0,0.0,8,3,8,0.0,0.0,100.0,,,0,0,0,0,ncbi_only,Bacteria,0.0
Metaclostridioides,0,0,0.0,0.0,8,1,6,0.0,0.0,75.0,,,0,0,0,0,ncbi_only,Bacteria,0.0
Pelodictyon,0,0,0.0,0.0,8,3,2,0.0,0.0,25.0,,,0,0,0,0,ncbi_only,Bacteria,0.0
Pelovirga,0,0,0.0,0.0,8,2,1,0.0,0.0,12.5,,,0,0,0,0,ncbi_only,Bacteria,0.0
Porcincola,0,0,0.0,0.0,8,2,1,0.0,0.0,12.5,,,0,0,0,0,ncbi_only,Bacteria,0.0
Polymorphospora,0,0,0.0,0.0,8,5,8,0.0,0.01,100.0,,,0,0,0,0,ncbi_only,Bacteria,0.0
Entomospira,0,0,0.0,0.0,8,3,8,0.0,0.0,100.0,,,0,0,0,0,ncbi_only,Bacteria,0.0
Abyssibacter,0,0,0.0,0.0,8,3,1,0.0,0.0,12.5,,,0,0,0,0,ncbi_only,Bacteria,0.0
Oceaniradius,0,0,0.0,0.0,8,2,4,0.0,0.0,50.0,,,0,0,0,0,ncbi_only,Bacteria,0.0
Methylicorpusculum,0,0,0.0,0.0,8,2,1,0.0,0.0,12.5,,,0,0,0,0,ncbi_only,Bacteria,0.0
Ligaoa,0,0,0.0,0.0,8,1,8,0.0,0.0,100.0,,,0,0,0,0,ncbi_only,Bacteria,0.0
Lactimicrobium,0,0,0.0,0.0,8,2,1,0.0,0.0,12.5,,,0,0,0,0,ncbi_only,Bacteria,0.0
Massilibacteroides,0,0,0.0,0.0,8,2,1,0.0,0.0,12.5,,,0,0,0,0,ncbi_only,Bacteria,0.0
Marispirochaeta,0,0,0.0,0.0,8,3,2,0.0,0.0,25.0,,,0,0,0,0,ncbi_only,Bacteria,0.0
Lentisphaera,0,0,0.0,0.0,8,5,3,0.0,0.01,37.5,,,0,0,0,0,ncbi_only,Bacteria,0.0
Notoacmeibacter,0,0,0.0,0.0,8,4,4,0.0,0.01,50.0,,,0,0,0,0,ncbi_only,Bacteria,0.0
Aquirhabdus,0,0,0.0,0.0,8,2,1,0.0,0.0,12.5,,,0,0,0,0,ncbi_only,Bacteria,0.0
Thermosynergistes,0,0,0.0,0.0,8,1,0,0.0,0.0,0.0,,,0,0,0,0,ncbi_only,Bacteria,0.0
Antrihabitans,0,0,0.0,0.0,8,6,7,0.0,0.01,87.5,,,0,0,0,0,ncbi_only,Bacteria,0.0
Taishania,0,0,0.0,0.0,8,2,1,0.0,0.0,12.5,,,0,0,0,0,ncbi_only,Bacteria,0.0
Aureliella,0,0,0.0,0.0,8,2,1,0.0,0.0,12.5,,,0,0,0,0,ncbi_only,Bacteria,0.0
Halocatena,0,0,0.0,0.0,8,3,8,0.0,0.0,100.0,,,0,0,0,0,ncbi_only,Archaea,0.0
Specibacter,0,0,0.0,0.0,8,5,4,0.0,0.01,50.0,,,0,0,0,0,ncbi_only,Bacteria,0.0
Hydrococcus,0,0,0.0,0.0,8,8,1,0.0,0.01,12.5,,,0,0,0,0,ncbi_only,Bacteria,0.0
Parerythrobacter,0,0,0.0,0.0,7,5,5,0.0,0.01,71.43,,,0,0,0,0,ncbi_only,Bacteria,0.0
Methylotuvimicrobium,0,0,0.0,0.0,7,4,7,0.0,0.01,100.0,,,0,0,0,0,ncbi_only,Bacteria,0.0
Desertimonas,0,0,0.0,0.0,7,2,1,0.0,0.0,14.29,,,0,0,0,0,ncbi_only,Bacteria,0.0
Suilimivivens,0,0,0.0,0.0,7,2,1,0.0,0.0,14.29,,,0,0,0,0,ncbi_only,Bacteria,0.0
Dryocola,0,0,0.0,0.0,7,3,7,0.0,0.0,100.0,,,0,0,0,0,ncbi_only,Bacteria,0.0
Winslowiella,0,0,0.0,0.0,7,3,7,0.0,0.0,100.0,,,0,0,0,0,ncbi_only,Bacteria,0.0
Gemelliphila,0,0,0.0,0.0,7,2,3,0.0,0.0,42.86,,,0,0,0,0,ncbi_only,Bacteria,0.0
Paramicrobacterium,0,0,0.0,0.0,7,4,7,0.0,0.01,100.0,,,0,0,0,0,ncbi_only,Bacteria,0.0
Massilicoli,0,0,0.0,0.0,7,1,2,0.0,0.0,28.57,,,0,0,0,0,ncbi_only,Bacteria,0.0
Paraconexibacter,0,0,0.0,0.0,7,4,3,0.0,0.01,42.86,,,0,0,0,0,ncbi_only,Bacteria,0.0
Alloacidobacterium,0,0,0.0,0.0,7,2,1,0.0,0.0,14.29,,,0,0,0,0,ncbi_only,Bacteria,0.0
Zwartia,0,0,0.0,0.0,7,4,3,0.0,0.01,42.86,,,0,0,0,0,ncbi_only,Bacteria,0.0
Thalassobacter,0,0,0.0,0.0,7,3,6,0.0,0.0,85.71,,,0,0,0,0,ncbi_only,Bacteria,0.0
Rhabdothermincola,0,0,0.0,0.0,7,4,2,0.0,0.01,28.57,,,0,0,0,0,ncbi_only,Bacteria,0.0
Desulfoscipio,0,0,0.0,0.0,7,3,3,0.0,0.0,42.86,,,0,0,0,0,ncbi_only,Bacteria,0.0
Williamsoniiplasma,0,0,0.0,0.0,7,3,6,0.0,0.0,85.71,,,0,0,0,0,ncbi_only,Bacteria,0.0
Propylenella,0,0,0.0,0.0,7,3,1,0.0,0.0,14.29,,,0,0,0,0,ncbi_only,Bacteria,0.0
Sulfuracidifex,0,0,0.0,0.0,7,2,6,0.0,0.0,85.71,,,0,0,0,0,ncbi_only,Archaea,0.0
Aulosira,0,0,0.0,0.0,7,7,3,0.0,0.01,42.86,,,0,0,0,0,ncbi_only,Bacteria,0.0
Ruminococcoides,0,0,0.0,0.0,7,3,7,0.0,0.0,100.0,,,0,0,0,0,ncbi_only,Bacteria,0.0
Corallincola,0,0,0.0,0.0,7,6,5,0.0,0.01,71.43,,,0,0,0,0,ncbi_only,Bacteria,0.0
Tautonia,0,0,0.0,0.0,7,5,7,0.0,0.01,100.0,,,0,0,0,0,ncbi_only,Bacteria,0.0
Marilutibacter,0,0,0.0,0.0,7,6,7,0.0,0.01,100.0,,,0,0,0,0,ncbi_only,Bacteria,0.0
Anthropogastromicrobium,0,0,0.0,0.0,7,2,3,0.0,0.0,42.86,,,0,0,0,0,ncbi_only,Bacteria,0.0
Ilyomonas,0,0,0.0,0.0,7,3,1,0.0,0.0,14.29,,,0,0,0,0,ncbi_only,Bacteria,0.0
Rubneribacter,0,0,0.0,0.0,7,2,1,0.0,0.0,14.29,,,0,0,0,0,ncbi_only,Bacteria,0.0
Botrimarina,0,0,0.0,0.0,7,4,4,0.0,0.01,57.14,,,0,0,0,0,ncbi_only,Bacteria,0.0
Superficieibacter,0,0,0.0,0.0,7,5,5,0.0,0.01,71.43,,,0,0,0,0,ncbi_only,Bacteria,0.0
Caproicibacterium,0,0,0.0,0.0,7,6,7,0.0,0.01,100.0,,,0,0,0,0,ncbi_only,Bacteria,0.0
Murimonas,0,0,0.0,0.0,7,1,5,0.0,0.0,71.43,,,0,0,0,0,ncbi_only,Bacteria,0.0
Muricoccus,0,0,0.0,0.0,7,7,7,0.0,0.01,100.0,,,0,0,0,0,ncbi_only,Bacteria,0.0
Thermoflavifilum,0,0,0.0,0.0,7,3,2,0.0,0.0,28.57,,,0,0,0,0,ncbi_only,Bacteria,0.0
Aquibium,0,0,0.0,0.0,7,6,7,0.0,0.01,100.0,,,0,0,0,0,ncbi_only,Bacteria,0.0
Wielerella,0,0,0.0,0.0,7,1,7,0.0,0.0,100.0,,,0,0,0,0,ncbi_only,Bacteria,0.0
Chloroherpeton,0,0,0.0,0.0,7,2,1,0.0,0.0,14.29,,,0,0,0,0,ncbi_only,Bacteria,0.0
Pseudogemmobacter,0,0,0.0,0.0,7,6,7,0.0,0.01,100.0,,,0,0,0,0,ncbi_only,Bacteria,0.0
Novosphingopyxis,0,0,0.0,0.0,7,4,3,0.0,0.01,42.86,,,0,0,0,0,ncbi_only,Bacteria,0.0
Tractidigestivibacter,0,0,0.0,0.0,7,3,2,0.0,0.0,28.57,,,0,0,0,0,ncbi_only,Bacteria,0.0
Thermoleptolyngbya,0,0,0.0,0.0,7,6,4,0.0,0.01,57.14,,,0,0,0,0,ncbi_only,Bacteria,0.0
Roseiconus,0,0,0.0,0.0,7,4,5,0.0,0.01,71.43,,,0,0,0,0,ncbi_only,Bacteria,0.0
Pseudofrankia,0,0,0.0,0.0,7,7,7,0.0,0.01,100.0,,,0,0,0,0,ncbi_only,Bacteria,0.0
Promethearchaeum,0,0,0.0,0.0,7,2,1,0.0,0.0,14.29,,,0,0,0,0,ncbi_only,Archaea,0.0
Acidisarcina,0,0,0.0,0.0,7,2,1,0.0,0.0,14.29,,,0,0,0,0,ncbi_only,Bacteria,0.0
Colibacter,0,0,0.0,0.0,7,1,2,0.0,0.0,28.57,,,0,0,0,0,ncbi_only,Bacteria,0.0
Oceanipulchritudo,0,0,0.0,0.0,7,2,1,0.0,0.0,14.29,,,0,0,0,0,ncbi_only,Bacteria,0.0
Thermohalobaculum,0,0,0.0,0.0,7,3,2,0.0,0.0,28.57,,,0,0,0,0,ncbi_only,Bacteria,0.0
Aurantibacter,0,0,0.0,0.0,7,3,2,0.0,0.0,28.57,,,0,0,0,0,ncbi_only,Bacteria,0.0
Vannielia,0,0,0.0,0.0,7,2,5,0.0,0.0,71.43,,,0,0,0,0,ncbi_only,Bacteria,0.0
Neoaquamicrobium,0,0,0.0,0.0,7,2,4,0.0,0.0,57.14,,,0,0,0,0,ncbi_only,Bacteria,0.0
Neptunicoccus,0,0,0.0,0.0,7,3,3,0.0,0.0,42.86,,,0,0,0,0,ncbi_only,Bacteria,0.0
Parasedimentitalea,0,0,0.0,0.0,7,5,7,0.0,0.01,100.0,,,0,0,0,0,ncbi_only,Bacteria,0.0
Fundidesulfovibrio,0,0,0.0,0.0,7,6,4,0.0,0.01,57.14,,,0,0,0,0,ncbi_only,Bacteria,0.0
Trichloromonas,0,0,0.0,0.0,7,1,0,0.0,0.0,0.0,,,0,0,0,0,ncbi_only,Bacteria,0.0
Parashewanella,0,0,0.0,0.0,7,5,6,0.0,0.01,85.71,,,0,0,0,0,ncbi_only,Bacteria,0.0
Albibacterium,0,0,0.0,0.0,7,3,2,0.0,0.0,28.57,,,0,0,0,0,ncbi_only,Bacteria,0.0
Metasolibacillus,0,0,0.0,0.0,7,5,5,0.0,0.01,71.43,,,0,0,0,0,ncbi_only,Bacteria,0.0
Meridianimarinicoccus,0,0,0.0,0.0,7,6,5,0.0,0.01,71.43,,,0,0,0,0,ncbi_only,Bacteria,0.0
Neochlamydia,0,0,0.0,0.0,6,6,6,0.0,0.01,100.0,,,0,0,0,0,ncbi_only,Bacteria,0.0
Pulveribacter,0,0,0.0,0.0,6,2,1,0.0,0.0,16.67,,,0,0,0,0,ncbi_only,Bacteria,0.0
Psittacicella,0,0,0.0,0.0,6,4,5,0.0,0.01,83.33,,,0,0,0,0,ncbi_only,Bacteria,0.0
Natronosalvus,0,0,0.0,0.0,6,6,6,0.0,0.01,100.0,,,0,0,0,0,ncbi_only,Archaea,0.0
Elainella,0,0,0.0,0.0,6,4,0,0.0,0.01,0.0,,,0,0,0,0,ncbi_only,Bacteria,0.0
Claveliimonas,0,0,0.0,0.0,6,3,5,0.0,0.0,83.33,,,0,0,0,0,ncbi_only,Bacteria,0.0
Mergibacter,0,0,0.0,0.0,6,1,6,0.0,0.0,100.0,,,0,0,0,0,ncbi_only,Bacteria,0.0
Salinirubellus,0,0,0.0,0.0,6,4,6,0.0,0.01,100.0,,,0,0,0,0,ncbi_only,Archaea,0.0
Zhenhengia,0,0,0.0,0.0,6,2,1,0.0,0.0,16.67,,,0,0,0,0,ncbi_only,Bacteria,0.0
Natronospira,0,0,0.0,0.0,6,4,3,0.0,0.01,50.0,,,0,0,0,0,ncbi_only,Bacteria,0.0
Metalysinibacillus,0,0,0.0,0.0,6,3,2,0.0,0.0,33.33,,,0,0,0,0,ncbi_only,Bacteria,0.0
Tatlockia,0,0,0.0,0.0,6,1,0,0.0,0.0,0.0,,,0,0,0,0,ncbi_only,Bacteria,0.0
Convivina,0,0,0.0,0.0,6,2,6,0.0,0.0,100.0,,,0,0,0,0,ncbi_only,Bacteria,0.0
Natronosporangium,0,0,0.0,0.0,6,2,1,0.0,0.0,16.67,,,0,0,0,0,ncbi_only,Bacteria,0.0
Membranihabitans,0,0,0.0,0.0,6,3,4,0.0,0.0,66.67,,,0,0,0,0,ncbi_only,Bacteria,0.0
Vermiphilus,0,0,0.0,0.0,6,2,1,0.0,0.0,16.67,,,0,0,0,0,ncbi_only,Bacteria,0.0
Phocicoccus,0,0,0.0,0.0,6,2,6,0.0,0.0,100.0,,,0,0,0,0,ncbi_only,Bacteria,0.0
Peptidiphaga,0,0,0.0,0.0,6,2,1,0.0,0.0,16.67,,,0,0,0,0,ncbi_only,Bacteria,0.0
Allocoleopsis,0,0,0.0,0.0,6,2,1,0.0,0.0,16.67,,,0,0,0,0,ncbi_only,Bacteria,0.0
Haloglomus,0,0,0.0,0.0,6,5,4,0.0,0.01,66.67,,,0,0,0,0,ncbi_only,Archaea,0.0
Allopontixanthobacter,0,0,0.0,0.0,6,3,2,0.0,0.0,33.33,,,0,0,0,0,ncbi_only,Bacteria,0.0
Limoniibacter,0,0,0.0,0.0,6,2,2,0.0,0.0,33.33,,,0,0,0,0,ncbi_only,Bacteria,0.0
Autumnicola,0,0,0.0,0.0,6,6,6,0.0,0.01,100.0,,,0,0,0,0,ncbi_only,Bacteria,0.0
Parazoarcus,0,0,0.0,0.0,6,1,5,0.0,0.0,83.33,,,0,0,0,0,ncbi_only,Bacteria,0.0
Allobranchiibius,0,0,0.0,0.0,6,5,4,0.0,0.01,66.67,,,0,0,0,0,ncbi_only,Bacteria,0.0
Alteribacter,0,0,0.0,0.0,6,6,6,0.0,0.01,100.0,,,0,0,0,0,ncbi_only,Bacteria,0.0
Galactobacter,0,0,0.0,0.0,6,3,4,0.0,0.0,66.67,,,0,0,0,0,ncbi_only,Bacteria,0.0
Gymnodinialimonas,0,0,0.0,0.0,6,6,6,0.0,0.01,100.0,,,0,0,0,0,ncbi_only,Bacteria,0.0
Extibacter,0,0,0.0,0.0,6,2,6,0.0,0.0,100.0,,,0,0,0,0,ncbi_only,Bacteria,0.0
Ferrigenium,0,0,0.0,0.0,6,5,2,0.0,0.01,33.33,,,0,0,0,0,ncbi_only,Bacteria,0.0
Lujinxingia,0,0,0.0,0.0,6,3,4,0.0,0.0,66.67,,,0,0,0,0,ncbi_only,Bacteria,0.0
Persicimonas,0,0,0.0,0.0,6,2,2,0.0,0.0,33.33,,,0,0,0,0,ncbi_only,Bacteria,0.0
Ferroacidibacillus,0,0,0.0,0.0,6,1,4,0.0,0.0,66.67,,,0,0,0,0,ncbi_only,Bacteria,0.0
Pallidibacillus,0,0,0.0,0.0,6,2,5,0.0,0.0,83.33,,,0,0,0,0,ncbi_only,Bacteria,0.0
Leptothoe,0,0,0.0,0.0,6,6,6,0.0,0.01,100.0,,,0,0,0,0,ncbi_only,Bacteria,0.0
Agrilactobacillus,0,0,0.0,0.0,6,3,6,0.0,0.0,100.0,,,0,0,0,0,ncbi_only,Bacteria,0.0
Waterburya,0,0,0.0,0.0,6,2,1,0.0,0.0,16.67,,,0,0,0,0,ncbi_only,Bacteria,0.0
Falsihalocynthiibacter,0,0,0.0,0.0,6,5,5,0.0,0.01,83.33,,,0,0,0,0,ncbi_only,Bacteria,0.0
Alkalihalobacterium,0,0,0.0,0.0,6,6,6,0.0,0.01,100.0,,,0,0,0,0,ncbi_only,Bacteria,0.0
Floridanema,0,0,0.0,0.0,6,6,6,0.0,0.01,100.0,,,0,0,0,0,ncbi_only,Bacteria,0.0
Atopomonas,0,0,0.0,0.0,6,2,3,0.0,0.0,50.0,,,0,0,0,0,ncbi_only,Bacteria,0.0
Morococcus,0,0,0.0,0.0,6,1,6,0.0,0.0,100.0,,,0,0,0,0,ncbi_only,Bacteria,0.0
Massilioclostridium,0,0,0.0,0.0,6,2,3,0.0,0.0,50.0,,,0,0,0,0,ncbi_only,Bacteria,0.0
Thermaurantiacus,0,0,0.0,0.0,6,2,2,0.0,0.0,33.33,,,0,0,0,0,ncbi_only,Bacteria,0.0
Thalassoglobus,0,0,0.0,0.0,6,4,3,0.0,0.01,50.0,,,0,0,0,0,ncbi_only,Bacteria,0.0
Mangrovicoccus,0,0,0.0,0.0,6,5,3,0.0,0.01,50.0,,,0,0,0,0,ncbi_only,Bacteria,0.0
Urbifossiella,0,0,0.0,0.0,6,2,1,0.0,0.0,16.67,,,0,0,0,0,ncbi_only,Bacteria,0.0
Cognatilysobacter,0,0,0.0,0.0,6,6,6,0.0,0.01,100.0,,,0,0,0,0,ncbi_only,Bacteria,0.0
Cognatiluteimonas,0,0,0.0,0.0,6,5,6,0.0,0.01,100.0,,,0,0,0,0,ncbi_only,Bacteria,0.0
Hwanghaeella,0,0,0.0,0.0,6,5,3,0.0,0.01,50.0,,,0,0,0,0,ncbi_only,Bacteria,0.0
Levyella,0,0,0.0,0.0,6,2,1,0.0,0.0,16.67,,,0,0,0,0,ncbi_only,Bacteria,0.0
Paragemmobacter,0,0,0.0,0.0,6,5,6,0.0,0.01,100.0,,,0,0,0,0,ncbi_only,Bacteria,0.0
Faecalibacter,0,0,0.0,0.0,6,5,4,0.0,0.01,66.67,,,0,0,0,0,ncbi_only,Bacteria,0.0
Paradevosia,0,0,0.0,0.0,6,2,6,0.0,0.0,100.0,,,0,0,0,0,ncbi_only,Bacteria,0.0
Aquicoccus,0,0,0.0,0.0,6,4,4,0.0,0.01,66.67,,,0,0,0,0,ncbi_only,Bacteria,0.0
Occultella,0,0,0.0,0.0,6,4,6,0.0,0.01,100.0,,,0,0,0,0,ncbi_only,Bacteria,0.0
Alteripontixanthobacter,0,0,0.0,0.0,6,4,2,0.0,0.01,33.33,,,0,0,0,0,ncbi_only,Bacteria,0.0
Fluviispira,0,0,0.0,0.0,5,3,3,0.0,0.0,60.0,,,0,0,0,0,ncbi_only,Bacteria,0.0
Lentisalinibacter,0,0,0.0,0.0,5,3,5,0.0,0.0,100.0,,,0,0,0,0,ncbi_only,Bacteria,0.0
Salibaculum,0,0,0.0,0.0,5,3,2,0.0,0.0,40.0,,,0,0,0,0,ncbi_only,Bacteria,0.0
Desulfocurvibacter,0,0,0.0,0.0,5,1,4,0.0,0.0,80.0,,,0,0,0,0,ncbi_only,Bacteria,0.0
Anatilimnocola,0,0,0.0,0.0,5,3,2,0.0,0.0,40.0,,,0,0,0,0,ncbi_only,Bacteria,0.0
Mesohalobacter,0,0,0.0,0.0,5,2,1,0.0,0.0,20.0,,,0,0,0,0,ncbi_only,Bacteria,0.0
Canicola,0,0,0.0,0.0,5,1,5,0.0,0.0,100.0,,,0,0,0,0,ncbi_only,Bacteria,0.0
Chlamydiifrater,0,0,0.0,0.0,5,2,5,0.0,0.0,100.0,,,0,0,0,0,ncbi_only,Bacteria,0.0
Algihabitans,0,0,0.0,0.0,5,2,2,0.0,0.0,40.0,,,0,0,0,0,ncbi_only,Bacteria,0.0
Antarcticimicrobium,0,0,0.0,0.0,5,3,2,0.0,0.0,40.0,,,0,0,0,0,ncbi_only,Bacteria,0.0
Solilutibacter,0,0,0.0,0.0,5,4,4,0.0,0.01,80.0,,,0,0,0,0,ncbi_only,Bacteria,0.0
Litchfieldella,0,0,0.0,0.0,5,4,5,0.0,0.01,100.0,,,0,0,0,0,ncbi_only,Bacteria,0.0
Desulfolutivibrio,0,0,0.0,0.0,5,3,4,0.0,0.0,80.0,,,0,0,0,0,ncbi_only,Bacteria,0.0
Aliirhizobium,0,0,0.0,0.0,5,3,5,0.0,0.0,100.0,,,0,0,0,0,ncbi_only,Bacteria,0.0
Infirmifilum,0,0,0.0,0.0,5,4,3,0.0,0.01,60.0,,,0,0,0,0,ncbi_only,Archaea,0.0
Salinibaculum,0,0,0.0,0.0,5,5,5,0.0,0.01,100.0,,,0,0,0,0,ncbi_only,Archaea,0.0
Hominifimenecus,0,0,0.0,0.0,5,2,3,0.0,0.0,60.0,,,0,0,0,0,ncbi_only,Bacteria,0.0
Lascolabacillus,0,0,0.0,0.0,5,2,1,0.0,0.0,20.0,,,0,0,0,0,ncbi_only,Bacteria,0.0
Zeimonas,0,0,0.0,0.0,5,3,2,0.0,0.0,40.0,,,0,0,0,0,ncbi_only,Bacteria,0.0
Pseudolysobacter,0,0,0.0,0.0,5,2,1,0.0,0.0,20.0,,,0,0,0,0,ncbi_only,Bacteria,0.0
Rhodophyticola,0,0,0.0,0.0,5,4,4,0.0,0.01,80.0,,,0,0,0,0,ncbi_only,Bacteria,0.0
Lysinibacter,0,0,0.0,0.0,5,3,3,0.0,0.0,60.0,,,0,0,0,0,ncbi_only,Bacteria,0.0
Pseudodonghicola,0,0,0.0,0.0,5,3,3,0.0,0.0,60.0,,,0,0,0,0,ncbi_only,Bacteria,0.0
Pseudothauera,0,0,0.0,0.0,5,4,4,0.0,0.01,80.0,,,0,0,0,0,ncbi_only,Bacteria,0.0
Paramagnetospirillum,0,0,0.0,0.0,5,5,0,0.0,0.01,0.0,,,0,0,0,0,ncbi_only,Bacteria,0.0
Paremcibacter,0,0,0.0,0.0,5,2,2,0.0,0.0,40.0,,,0,0,0,0,ncbi_only,Bacteria,0.0
Massiliimalia,0,0,0.0,0.0,5,3,4,0.0,0.0,80.0,,,0,0,0,0,ncbi_only,Bacteria,0.0
Pengzhenrongella,0,0,0.0,0.0,5,4,3,0.0,0.01,60.0,,,0,0,0,0,ncbi_only,Bacteria,0.0
Caecibacteroides,0,0,0.0,0.0,5,1,4,0.0,0.0,80.0,,,0,0,0,0,ncbi_only,Bacteria,0.0
Pararobbsia,0,0,0.0,0.0,5,3,3,0.0,0.0,60.0,,,0,0,0,0,ncbi_only,Bacteria,0.0
Funiculus,0,0,0.0,0.0,5,1,5,0.0,0.0,100.0,,,0,0,0,0,ncbi_only,Bacteria,0.0
Fuscovulum,0,0,0.0,0.0,5,3,1,0.0,0.0,20.0,,,0,0,0,0,ncbi_only,Bacteria,0.0
Paraneptunicella,0,0,0.0,0.0,5,2,1,0.0,0.0,20.0,,,0,0,0,0,ncbi_only,Bacteria,0.0
Massilistercora,0,0,0.0,0.0,5,1,1,0.0,0.0,20.0,,,0,0,0,0,ncbi_only,Bacteria,0.0
Saliniramus,0,0,0.0,0.0,5,2,1,0.0,0.0,20.0,,,0,0,0,0,ncbi_only,Bacteria,0.0
Amygdalobacter,0,0,0.0,0.0,5,2,5,0.0,0.0,100.0,,,0,0,0,0,ncbi_only,Bacteria,0.0
Formosimonas,0,0,0.0,0.0,5,2,1,0.0,0.0,20.0,,,0,0,0,0,ncbi_only,Bacteria,0.0
Breznakibacter,0,0,0.0,0.0,5,2,1,0.0,0.0,20.0,,,0,0,0,0,ncbi_only,Bacteria,0.0
Thiosulfatimonas,0,0,0.0,0.0,5,2,1,0.0,0.0,20.0,,,0,0,0,0,ncbi_only,Bacteria,0.0
Calidithermus,0,0,0.0,0.0,5,5,4,0.0,0.01,80.0,,,0,0,0,0,ncbi_only,Bacteria,0.0
Pikeienuella,0,0,0.0,0.0,5,2,1,0.0,0.0,20.0,,,0,0,0,0,ncbi_only,Bacteria,0.0
Pseudacidobacterium,0,0,0.0,0.0,5,2,1,0.0,0.0,20.0,,,0,0,0,0,ncbi_only,Bacteria,0.0
Waddlia,0,0,0.0,0.0,5,2,3,0.0,0.0,60.0,,,0,0,0,0,ncbi_only,Bacteria,0.0
Oleidesulfovibrio,0,0,0.0,0.0,5,2,2,0.0,0.0,40.0,,,0,0,0,0,ncbi_only,Bacteria,0.0
Goekera,0,0,0.0,0.0,5,1,5,0.0,0.0,100.0,,,0,0,0,0,ncbi_only,Bacteria,0.0
Peteryoungia,0,0,0.0,0.0,5,4,5,0.0,0.01,100.0,,,0,0,0,0,ncbi_only,Bacteria,0.0
Arenibacterium,0,0,0.0,0.0,5,3,2,0.0,0.0,40.0,,,0,0,0,0,ncbi_only,Bacteria,0.0
Lagierella,0,0,0.0,0.0,5,3,3,0.0,0.0,60.0,,,0,0,0,0,ncbi_only,Bacteria,0.0
Nibricoccus,0,0,0.0,0.0,5,3,2,0.0,0.0,40.0,,,0,0,0,0,ncbi_only,Bacteria,0.0
Haploplasma,0,0,0.0,0.0,5,3,4,0.0,0.0,80.0,,,0,0,0,0,ncbi_only,Bacteria,0.0
Baileyella,0,0,0.0,0.0,5,1,2,0.0,0.0,40.0,,,0,0,0,0,ncbi_only,Bacteria,0.0
Natronospirillum,0,0,0.0,0.0,5,2,1,0.0,0.0,20.0,,,0,0,0,0,ncbi_only,Bacteria,0.0
Stagnimonas,0,0,0.0,0.0,5,2,1,0.0,0.0,20.0,,,0,0,0,0,ncbi_only,Bacteria,0.0
Zestomonas,0,0,0.0,0.0,5,3,4,0.0,0.0,80.0,,,0,0,0,0,ncbi_only,Bacteria,0.0
Crateriforma,0,0,0.0,0.0,5,2,5,0.0,0.0,100.0,,,0,0,0,0,ncbi_only,Bacteria,0.0
Bacterioplanoides,0,0,0.0,0.0,5,3,2,0.0,0.0,40.0,,,0,0,0,0,ncbi_only,Bacteria,0.0
Berryella,0,0,0.0,0.0,5,2,3,0.0,0.0,60.0,,,0,0,0,0,ncbi_only,Bacteria,0.0
Urinicoccus,0,0,0.0,0.0,5,3,3,0.0,0.0,60.0,,,0,0,0,0,ncbi_only,Bacteria,0.0
Capsulimonas,0,0,0.0,0.0,5,2,1,0.0,0.0,20.0,,,0,0,0,0,ncbi_only,Bacteria,0.0
Falsiruegeria,0,0,0.0,0.0,5,2,5,0.0,0.0,100.0,,,0,0,0,0,ncbi_only,Bacteria,0.0
Synoicihabitans,0,0,0.0,0.0,5,3,2,0.0,0.0,40.0,,,0,0,0,0,ncbi_only,Bacteria,0.0
Aestuarium,0,0,0.0,0.0,5,3,1,0.0,0.0,20.0,,,0,0,0,0,ncbi_only,Bacteria,0.0
Pokkaliibacter,0,0,0.0,0.0,5,3,5,0.0,0.0,100.0,,,0,0,0,0,ncbi_only,Bacteria,0.0
Pseudobacter,0,0,0.0,0.0,5,3,2,0.0,0.0,40.0,,,0,0,0,0,ncbi_only,Bacteria,0.0
Schnuerera,0,0,0.0,0.0,5,3,4,0.0,0.0,80.0,,,0,0,0,0,ncbi_only,Bacteria,0.0
Pseudoleptotrichia,0,0,0.0,0.0,5,1,3,0.0,0.0,60.0,,,0,0,0,0,ncbi_only,Bacteria,0.0
Paraflavitalea,0,0,0.0,0.0,5,5,5,0.0,0.01,100.0,,,0,0,0,0,ncbi_only,Bacteria,0.0
Diplocloster,0,0,0.0,0.0,5,3,5,0.0,0.0,100.0,,,0,0,0,0,ncbi_only,Bacteria,0.0
Allopusillimonas,0,0,0.0,0.0,5,2,5,0.0,0.0,100.0,,,0,0,0,0,ncbi_only,Bacteria,0.0
Entomomonas,0,0,0.0,0.0,5,4,4,0.0,0.01,80.0,,,0,0,0,0,ncbi_only,Bacteria,0.0
Xaviernesmea,0,0,0.0,0.0,5,2,5,0.0,0.0,100.0,,,0,0,0,0,ncbi_only,Bacteria,0.0
Paracandidimonas,0,0,0.0,0.0,5,3,3,0.0,0.0,60.0,,,0,0,0,0,ncbi_only,Bacteria,0.0
Pinirhizobacter,0,0,0.0,0.0,5,2,3,0.0,0.0,60.0,,,0,0,0,0,ncbi_only,Bacteria,0.0
Putridiphycobacter,0,0,0.0,0.0,5,2,2,0.0,0.0,40.0,,,0,0,0,0,ncbi_only,Bacteria,0.0
Tersicoccus,0,0,0.0,0.0,4,4,4,0.0,0.01,100.0,,,0,0,0,0,ncbi_only,Bacteria,0.0
Tichowtungia,0,0,0.0,0.0,4,2,1,0.0,0.0,25.0,,,0,0,0,0,ncbi_only,Bacteria,0.0
Thermogemmata,0,0,0.0,0.0,4,2,1,0.0,0.0,25.0,,,0,0,0,0,ncbi_only,Bacteria,0.0
Thiofilum,0,0,0.0,0.0,4,2,1,0.0,0.0,25.0,,,0,0,0,0,ncbi_only,Bacteria,0.0
Carbonactinospora,0,0,0.0,0.0,4,1,4,0.0,0.0,100.0,,,0,0,0,0,ncbi_only,Bacteria,0.0
Capillimicrobium,0,0,0.0,0.0,4,2,1,0.0,0.0,25.0,,,0,0,0,0,ncbi_only,Bacteria,0.0
Thermaurantimonas,0,0,0.0,0.0,4,2,1,0.0,0.0,25.0,,,0,0,0,0,ncbi_only,Bacteria,0.0
Ulvibacterium,0,0,0.0,0.0,4,2,2,0.0,0.0,50.0,,,0,0,0,0,ncbi_only,Bacteria,0.0
Xinfangfangia,0,0,0.0,0.0,4,2,1,0.0,0.0,25.0,,,0,0,0,0,ncbi_only,Bacteria,0.0
Xanthocytophaga,0,0,0.0,0.0,4,2,4,0.0,0.0,100.0,,,0,0,0,0,ncbi_only,Bacteria,0.0
Suipraeoptans,0,0,0.0,0.0,4,2,1,0.0,0.0,25.0,,,0,0,0,0,ncbi_only,Bacteria,0.0
Desulfocicer,0,0,0.0,0.0,4,2,1,0.0,0.0,25.0,,,0,0,0,0,ncbi_only,Bacteria,0.0
Desulfogranum,0,0,0.0,0.0,4,3,3,0.0,0.0,75.0,,,0,0,0,0,ncbi_only,Bacteria,0.0
Allorhizocola,0,0,0.0,0.0,4,2,1,0.0,0.0,25.0,,,0,0,0,0,ncbi_only,Bacteria,0.0
Spongiactinospora,0,0,0.0,0.0,4,4,4,0.0,0.01,100.0,,,0,0,0,0,ncbi_only,Bacteria,0.0
Zhenpiania,0,0,0.0,0.0,4,2,1,0.0,0.0,25.0,,,0,0,0,0,ncbi_only,Bacteria,0.0
Aestuariirhabdus,0,0,0.0,0.0,4,3,3,0.0,0.0,75.0,,,0,0,0,0,ncbi_only,Bacteria,0.0
Acerihabitans,0,0,0.0,0.0,4,4,3,0.0,0.01,75.0,,,0,0,0,0,ncbi_only,Bacteria,0.0
Stecheria,0,0,0.0,0.0,4,1,1,0.0,0.0,25.0,,,0,0,0,0,ncbi_only,Bacteria,0.0
Chengkuizengella,0,0,0.0,0.0,4,4,4,0.0,0.01,100.0,,,0,0,0,0,ncbi_only,Bacteria,0.0
Thalassocella,0,0,0.0,0.0,4,2,1,0.0,0.0,25.0,,,0,0,0,0,ncbi_only,Bacteria,0.0
Brumicola,0,0,0.0,0.0,4,3,4,0.0,0.0,100.0,,,0,0,0,0,ncbi_only,Bacteria,0.0
Desulfosudis,0,0,0.0,0.0,4,1,1,0.0,0.0,25.0,,,0,0,0,0,ncbi_only,Bacteria,0.0
Altericroceibacterium,0,0,0.0,0.0,4,4,4,0.0,0.01,100.0,,,0,0,0,0,ncbi_only,Bacteria,0.0
Pelomicrobium,0,0,0.0,0.0,4,2,1,0.0,0.0,25.0,,,0,0,0,0,ncbi_only,Bacteria,0.0
Roseicella,0,0,0.0,0.0,4,4,4,0.0,0.01,100.0,,,0,0,0,0,ncbi_only,Bacteria,0.0
Lichenicola,0,0,0.0,0.0,4,2,1,0.0,0.0,25.0,,,0,0,0,0,ncbi_only,Bacteria,0.0
Pinisolibacter,0,0,0.0,0.0,4,2,2,0.0,0.0,50.0,,,0,0,0,0,ncbi_only,Bacteria,0.0
Exilibacterium,0,0,0.0,0.0,4,2,1,0.0,0.0,25.0,,,0,0,0,0,ncbi_only,Bacteria,0.0
Solibaculum,0,0,0.0,0.0,4,3,3,0.0,0.0,75.0,,,0,0,0,0,ncbi_only,Bacteria,0.0
Pseudotamlana,0,0,0.0,0.0,4,3,4,0.0,0.0,100.0,,,0,0,0,0,ncbi_only,Bacteria,0.0
Maioricimonas,0,0,0.0,0.0,4,4,2,0.0,0.01,50.0,,,0,0,0,0,ncbi_only,Bacteria,0.0
Segeticoccus,0,0,0.0,0.0,4,2,2,0.0,0.0,50.0,,,0,0,0,0,ncbi_only,Bacteria,0.0
Neotamlana,0,0,0.0,0.0,4,4,4,0.0,0.01,100.0,,,0,0,0,0,ncbi_only,Bacteria,0.0
Neopusillimonas,0,0,0.0,0.0,4,2,4,0.0,0.0,100.0,,,0,0,0,0,ncbi_only,Bacteria,0.0
Natrarchaeobius,0,0,0.0,0.0,4,3,4,0.0,0.0,100.0,,,0,0,0,0,ncbi_only,Archaea,0.0
Hominicoprocola,0,0,0.0,0.0,4,1,4,0.0,0.0,100.0,,,0,0,0,0,ncbi_only,Bacteria,0.0
Natrarchaeobaculum,0,0,0.0,0.0,4,3,4,0.0,0.0,100.0,,,0,0,0,0,ncbi_only,Archaea,0.0
Schauerella,0,0,0.0,0.0,4,2,4,0.0,0.0,100.0,,,0,0,0,0,ncbi_only,Bacteria,0.0
Flavilitoribacter,0,0,0.0,0.0,4,2,1,0.0,0.0,25.0,,,0,0,0,0,ncbi_only,Bacteria,0.0
Perlabentimonas,0,0,0.0,0.0,4,2,1,0.0,0.0,25.0,,,0,0,0,0,ncbi_only,Bacteria,0.0
Lichenibacterium,0,0,0.0,0.0,4,4,3,0.0,0.01,75.0,,,0,0,0,0,ncbi_only,Bacteria,0.0
Pendulispora,0,0,0.0,0.0,4,3,4,0.0,0.0,100.0,,,0,0,0,0,ncbi_only,Bacteria,0.0
Phragmitibacter,0,0,0.0,0.0,4,2,1,0.0,0.0,25.0,,,0,0,0,0,ncbi_only,Bacteria,0.0
Falsigemmobacter,0,0,0.0,0.0,4,2,4,0.0,0.0,100.0,,,0,0,0,0,ncbi_only,Bacteria,0.0
Spartinivicinus,0,0,0.0,0.0,4,3,4,0.0,0.0,100.0,,,0,0,0,0,ncbi_only,Bacteria,0.0
Parendozoicomonas,0,0,0.0,0.0,4,3,4,0.0,0.0,100.0,,,0,0,0,0,ncbi_only,Bacteria,0.0
Geopseudomonas,0,0,0.0,0.0,4,3,2,0.0,0.0,50.0,,,0,0,0,0,ncbi_only,Bacteria,0.0
Oryzomonas,0,0,0.0,0.0,4,4,2,0.0,0.01,50.0,,,0,0,0,0,ncbi_only,Bacteria,0.0
Prosthecodimorpha,0,0,0.0,0.0,4,2,4,0.0,0.0,100.0,,,0,0,0,0,ncbi_only,Bacteria,0.0
Pacificispira,0,0,0.0,0.0,4,2,1,0.0,0.0,25.0,,,0,0,0,0,ncbi_only,Bacteria,0.0
Gaopeijia,0,0,0.0,0.0,4,1,4,0.0,0.0,100.0,,,0,0,0,0,ncbi_only,Bacteria,0.0
Pradoshia,0,0,0.0,0.0,4,4,2,0.0,0.01,50.0,,,0,0,0,0,ncbi_only,Bacteria,0.0
Gellertiella,0,0,0.0,0.0,4,2,2,0.0,0.0,50.0,,,0,0,0,0,ncbi_only,Bacteria,0.0
Miniphocaeibacter,0,0,0.0,0.0,4,3,2,0.0,0.0,50.0,,,0,0,0,0,ncbi_only,Bacteria,0.0
Miltoncostaea,0,0,0.0,0.0,4,3,2,0.0,0.0,50.0,,,0,0,0,0,ncbi_only,Bacteria,0.0
Millionella,0,0,0.0,0.0,4,1,1,0.0,0.0,25.0,,,0,0,0,0,ncbi_only,Bacteria,0.0
Lacipirellula,0,0,0.0,0.0,4,3,2,0.0,0.0,50.0,,,0,0,0,0,ncbi_only,Bacteria,0.0
Salicibibacter,0,0,0.0,0.0,4,4,4,0.0,0.01,100.0,,,0,0,0,0,ncbi_only,Bacteria,0.0
Musicola,0,0,0.0,0.0,4,2,4,0.0,0.0,100.0,,,0,0,0,0,ncbi_only,Bacteria,0.0
Hephaestia,0,0,0.0,0.0,4,4,4,0.0,0.01,100.0,,,0,0,0,0,ncbi_only,Bacteria,0.0
Scrofimicrobium,0,0,0.0,0.0,4,3,2,0.0,0.0,50.0,,,0,0,0,0,ncbi_only,Bacteria,0.0
Provencibacterium,0,0,0.0,0.0,4,2,2,0.0,0.0,50.0,,,0,0,0,0,ncbi_only,Bacteria,0.0
Nitrosophilus,0,0,0.0,0.0,4,4,3,0.0,0.01,75.0,,,0,0,0,0,ncbi_only,Bacteria,0.0
Nitrogeniibacter,0,0,0.0,0.0,4,3,3,0.0,0.0,75.0,,,0,0,0,0,ncbi_only,Bacteria,0.0
Halosolutus,0,0,0.0,0.0,4,3,4,0.0,0.0,100.0,,,0,0,0,0,ncbi_only,Archaea,0.0
Pseudohalocynthiibacter,0,0,0.0,0.0,4,2,4,0.0,0.0,100.0,,,0,0,0,0,ncbi_only,Bacteria,0.0
Oceanomicrobium,0,0,0.0,0.0,4,2,1,0.0,0.0,25.0,,,0,0,0,0,ncbi_only,Bacteria,0.0
Oceanidesulfovibrio,0,0,0.0,0.0,4,3,3,0.0,0.0,75.0,,,0,0,0,0,ncbi_only,Bacteria,0.0
Halalkalibaculum,0,0,0.0,0.0,4,4,3,0.0,0.01,75.0,,,0,0,0,0,ncbi_only,Bacteria,0.0
Noviluteimonas,0,0,0.0,0.0,4,4,4,0.0,0.01,100.0,,,0,0,0,0,ncbi_only,Bacteria,0.0
Porcipelethomonas,0,0,0.0,0.0,4,2,1,0.0,0.0,25.0,,,0,0,0,0,ncbi_only,Bacteria,0.0
Porifericola,0,0,0.0,0.0,4,2,1,0.0,0.0,25.0,,,0,0,0,0,ncbi_only,Bacteria,0.0
Parasulfuritortus,0,0,0.0,0.0,4,2,1,0.0,0.0,25.0,,,0,0,0,0,ncbi_only,Bacteria,0.0
Fumia,0,0,0.0,0.0,4,3,1,0.0,0.0,25.0,,,0,0,0,0,ncbi_only,Bacteria,0.0
Fundicoccus,0,0,0.0,0.0,4,2,4,0.0,0.0,100.0,,,0,0,0,0,ncbi_only,Bacteria,0.0
Parvicella,0,0,0.0,0.0,4,2,1,0.0,0.0,25.0,,,0,0,0,0,ncbi_only,Bacteria,0.0
Floccifex,0,0,0.0,0.0,4,2,1,0.0,0.0,25.0,,,0,0,0,0,ncbi_only,Bacteria,0.0
Agrilutibacter,0,0,0.0,0.0,4,3,4,0.0,0.0,100.0,,,0,0,0,0,ncbi_only,Bacteria,0.0
Aldersonia,0,0,0.0,0.0,4,3,2,0.0,0.0,50.0,,,0,0,0,0,ncbi_only,Bacteria,0.0
Allomeiothermus,0,0,0.0,0.0,4,1,1,0.0,0.0,25.0,,,0,0,0,0,ncbi_only,Bacteria,0.0
Aliamphritea,0,0,0.0,0.0,4,3,4,0.0,0.0,100.0,,,0,0,0,0,ncbi_only,Bacteria,0.0
Aliishimia,0,0,0.0,0.0,4,3,1,0.0,0.0,25.0,,,0,0,0,0,ncbi_only,Bacteria,0.0
Vineibacter,0,0,0.0,0.0,4,2,1,0.0,0.0,25.0,,,0,0,0,0,ncbi_only,Bacteria,0.0
Aristaeella,0,0,0.0,0.0,4,2,4,0.0,0.0,100.0,,,0,0,0,0,ncbi_only,Bacteria,0.0
Venatoribacter,0,0,0.0,0.0,4,2,2,0.0,0.0,50.0,,,0,0,0,0,ncbi_only,Bacteria,0.0
Symmachiella,0,0,0.0,0.0,4,2,3,0.0,0.0,75.0,,,0,0,0,0,ncbi_only,Bacteria,0.0
Winogradskya,0,0,0.0,0.0,4,2,4,0.0,0.0,100.0,,,0,0,0,0,ncbi_only,Bacteria,0.0
Wocania,0,0,0.0,0.0,4,4,2,0.0,0.01,50.0,,,0,0,0,0,ncbi_only,Bacteria,0.0
Deferrimonas,0,0,0.0,0.0,4,1,0,0.0,0.0,0.0,,,0,0,0,0,ncbi_only,Bacteria,0.0
Lacicoccus,0,0,0.0,0.0,4,2,3,0.0,0.0,75.0,,,0,0,0,0,ncbi_only,Bacteria,0.0
Pseudaquabacterium,0,0,0.0,0.0,4,4,4,0.0,0.01,100.0,,,0,0,0,0,ncbi_only,Bacteria,0.0
Pseudenterobacter,0,0,0.0,0.0,4,1,4,0.0,0.0,100.0,,,0,0,0,0,ncbi_only,Bacteria,0.0
Onishia,0,0,0.0,0.0,4,2,4,0.0,0.0,100.0,,,0,0,0,0,ncbi_only,Bacteria,0.0
Longimonas,0,0,0.0,0.0,3,2,1,0.0,0.0,33.33,,,0,0,0,0,ncbi_only,Bacteria,0.0
Pararcticibacter,0,0,0.0,0.0,3,2,1,0.0,0.0,33.33,,,0,0,0,0,ncbi_only,Bacteria,0.0
Xiamenia,0,0,0.0,0.0,3,1,3,0.0,0.0,100.0,,,0,0,0,0,ncbi_only,Bacteria,0.0
Gracilinema,0,0,0.0,0.0,3,1,1,0.0,0.0,33.33,,,0,0,0,0,ncbi_only,Bacteria,0.0
Oryzomicrobium,0,0,0.0,0.0,3,2,1,0.0,0.0,33.33,,,0,0,0,0,ncbi_only,Bacteria,0.0
Oryzobacter,0,0,0.0,0.0,3,3,3,0.0,0.0,100.0,,,0,0,0,0,ncbi_only,Bacteria,0.0
Massilibacterium,0,0,0.0,0.0,3,2,2,0.0,0.0,66.67,,,0,0,0,0,ncbi_only,Bacteria,0.0
Peristeroidobacter,0,0,0.0,0.0,3,2,2,0.0,0.0,66.67,,,0,0,0,0,ncbi_only,Bacteria,0.0
Petroclostridium,0,0,0.0,0.0,3,3,2,0.0,0.0,66.67,,,0,0,0,0,ncbi_only,Bacteria,0.0
Peterkaempfera,0,0,0.0,0.0,3,3,3,0.0,0.0,100.0,,,0,0,0,0,ncbi_only,Bacteria,0.0
Wenjunlia,0,0,0.0,0.0,3,2,3,0.0,0.0,100.0,,,0,0,0,0,ncbi_only,Bacteria,0.0
Aggregatilinea,0,0,0.0,0.0,3,2,1,0.0,0.0,33.33,,,0,0,0,0,ncbi_only,Bacteria,0.0
Prodigiosinella,0,0,0.0,0.0,3,2,3,0.0,0.0,100.0,,,0,0,0,0,ncbi_only,Bacteria,0.0
Paenactinomyces,0,0,0.0,0.0,3,1,3,0.0,0.0,100.0,,,0,0,0,0,ncbi_only,Bacteria,0.0
Lichenicoccus,0,0,0.0,0.0,3,2,1,0.0,0.0,33.33,,,0,0,0,0,ncbi_only,Bacteria,0.0
Marinitenerispora,0,0,0.0,0.0,3,1,3,0.0,0.0,100.0,,,0,0,0,0,ncbi_only,Bacteria,0.0
Azorhizophilus,0,0,0.0,0.0,3,1,3,0.0,0.0,100.0,,,0,0,0,0,ncbi_only,Bacteria,0.0
Methylotetracoccus,0,0,0.0,0.0,3,2,1,0.0,0.0,33.33,,,0,0,0,0,ncbi_only,Bacteria,0.0
Natranaeroarchaeum,0,0,0.0,0.0,3,3,2,0.0,0.0,66.67,,,0,0,0,0,ncbi_only,Archaea,0.0
Trujillonella,0,0,0.0,0.0,3,2,3,0.0,0.0,100.0,,,0,0,0,0,ncbi_only,Bacteria,0.0
Cognataquiflexum,0,0,0.0,0.0,3,3,3,0.0,0.0,100.0,,,0,0,0,0,ncbi_only,Bacteria,0.0
Hypericibacter,0,0,0.0,0.0,3,2,2,0.0,0.0,66.67,,,0,0,0,0,ncbi_only,Bacteria,0.0
Pelagovum,0,0,0.0,0.0,3,2,3,0.0,0.0,100.0,,,0,0,0,0,ncbi_only,Bacteria,0.0
Alienimonas,0,0,0.0,0.0,3,3,3,0.0,0.0,100.0,,,0,0,0,0,ncbi_only,Bacteria,0.0
Desertivirga,0,0,0.0,0.0,3,3,3,0.0,0.0,100.0,,,0,0,0,0,ncbi_only,Bacteria,0.0
Paracerasibacillus,0,0,0.0,0.0,3,1,3,0.0,0.0,100.0,,,0,0,0,0,ncbi_only,Bacteria,0.0
Pedomonas,0,0,0.0,0.0,3,2,1,0.0,0.0,33.33,,,0,0,0,0,ncbi_only,Bacteria,0.0
Ameyamaea,0,0,0.0,0.0,3,1,3,0.0,0.0,100.0,,,0,0,0,0,ncbi_only,Bacteria,0.0
Planctomonas,0,0,0.0,0.0,3,3,3,0.0,0.0,100.0,,,0,0,0,0,ncbi_only,Bacteria,0.0
Geoanaerobacter,0,0,0.0,0.0,3,2,2,0.0,0.0,66.67,,,0,0,0,0,ncbi_only,Bacteria,0.0
Spirilliplanes,0,0,0.0,0.0,3,1,3,0.0,0.0,100.0,,,0,0,0,0,ncbi_only,Bacteria,0.0
Desulforapulum,0,0,0.0,0.0,3,2,1,0.0,0.0,33.33,,,0,0,0,0,ncbi_only,Bacteria,0.0
Desulfosediminicola,0,0,0.0,0.0,3,3,2,0.0,0.0,66.67,,,0,0,0,0,ncbi_only,Bacteria,0.0
Siculibacillus,0,0,0.0,0.0,3,2,1,0.0,0.0,33.33,,,0,0,0,0,ncbi_only,Bacteria,0.0
Falseniella,0,0,0.0,0.0,3,1,2,0.0,0.0,66.67,,,0,0,0,0,ncbi_only,Bacteria,0.0
Anaeromicropila,0,0,0.0,0.0,3,3,2,0.0,0.0,66.67,,,0,0,0,0,ncbi_only,Bacteria,0.0
Denitrobaculum,0,0,0.0,0.0,3,2,1,0.0,0.0,33.33,,,0,0,0,0,ncbi_only,Bacteria,0.0
Dendronalium,0,0,0.0,0.0,3,2,2,0.0,0.0,66.67,,,0,0,0,0,ncbi_only,Bacteria,0.0
Rhizonema,0,0,0.0,0.0,3,3,0,0.0,0.0,0.0,,,0,0,0,0,ncbi_only,Bacteria,0.0
Allgaiera,0,0,0.0,0.0,3,2,2,0.0,0.0,66.67,,,0,0,0,0,ncbi_only,Bacteria,0.0
Alkalithermobacter,0,0,0.0,0.0,3,2,3,0.0,0.0,100.0,,,0,0,0,0,ncbi_only,Bacteria,0.0
Plastoroseomonas,0,0,0.0,0.0,3,2,3,0.0,0.0,100.0,,,0,0,0,0,ncbi_only,Bacteria,0.0
Pontimicrobium,0,0,0.0,0.0,3,3,3,0.0,0.0,100.0,,,0,0,0,0,ncbi_only,Bacteria,0.0
Allofranklinella,0,0,0.0,0.0,3,1,3,0.0,0.0,100.0,,,0,0,0,0,ncbi_only,Bacteria,0.0
Lolliginicoccus,0,0,0.0,0.0,3,3,3,0.0,0.0,100.0,,,0,0,0,0,ncbi_only,Bacteria,0.0
Alitiscatomonas,0,0,0.0,0.0,3,2,1,0.0,0.0,33.33,,,0,0,0,0,ncbi_only,Bacteria,0.0
Tigheibacillus,0,0,0.0,0.0,3,2,3,0.0,0.0,100.0,,,0,0,0,0,ncbi_only,Bacteria,0.0
Diaminobutyricibacter,0,0,0.0,0.0,3,3,2,0.0,0.0,66.67,,,0,0,0,0,ncbi_only,Bacteria,0.0
Caulifigura,0,0,0.0,0.0,3,2,1,0.0,0.0,33.33,,,0,0,0,0,ncbi_only,Bacteria,0.0
Calidifontibacillus,0,0,0.0,0.0,3,2,2,0.0,0.0,66.67,,,0,0,0,0,ncbi_only,Bacteria,0.0
Herbivorax,0,0,0.0,0.0,3,2,1,0.0,0.0,33.33,,,0,0,0,0,ncbi_only,Bacteria,0.0
Lamprobacter,0,0,0.0,0.0,3,2,2,0.0,0.0,66.67,,,0,0,0,0,ncbi_only,Bacteria,0.0
Sedimentimonas,0,0,0.0,0.0,3,1,3,0.0,0.0,100.0,,,0,0,0,0,ncbi_only,Bacteria,0.0
Pseudocolwellia,0,0,0.0,0.0,3,2,3,0.0,0.0,100.0,,,0,0,0,0,ncbi_only,Bacteria,0.0
Novimethylophilus,0,0,0.0,0.0,3,2,1,0.0,0.0,33.33,,,0,0,0,0,ncbi_only,Bacteria,0.0
Lacisediminimonas,0,0,0.0,0.0,3,2,1,0.0,0.0,33.33,,,0,0,0,0,ncbi_only,Bacteria,0.0
Pseudoprimorskyibacter,0,0,0.0,0.0,3,2,1,0.0,0.0,33.33,,,0,0,0,0,ncbi_only,Bacteria,0.0
Holzapfeliella,0,0,0.0,0.0,3,2,3,0.0,0.0,100.0,,,0,0,0,0,ncbi_only,Bacteria,0.0
Neptunicella,0,0,0.0,0.0,3,3,2,0.0,0.0,66.67,,,0,0,0,0,ncbi_only,Bacteria,0.0
Nguyenibacter,0,0,0.0,0.0,3,2,3,0.0,0.0,100.0,,,0,0,0,0,ncbi_only,Bacteria,0.0
Nissabacter,0,0,0.0,0.0,3,2,3,0.0,0.0,100.0,,,0,0,0,0,ncbi_only,Bacteria,0.0
Veronia,0,0,0.0,0.0,3,2,3,0.0,0.0,100.0,,,0,0,0,0,ncbi_only,Bacteria,0.0
Pseudoneobacillus,0,0,0.0,0.0,3,2,1,0.0,0.0,33.33,,,0,0,0,0,ncbi_only,Bacteria,0.0
Methanorbis,0,0,0.0,0.0,3,3,2,0.0,0.0,66.67,,,0,0,0,0,ncbi_only,Archaea,0.0
Methanonatronarchaeum,0,0,0.0,0.0,3,3,3,0.0,0.0,100.0,,,0,0,0,0,ncbi_only,Archaea,0.0
Methanolapillus,0,0,0.0,0.0,3,3,3,0.0,0.0,100.0,,,0,0,0,0,ncbi_only,Archaea,0.0
Senimuribacter,0,0,0.0,0.0,3,2,2,0.0,0.0,66.67,,,0,0,0,0,ncbi_only,Bacteria,0.0
Cumulibacter,0,0,0.0,0.0,3,3,2,0.0,0.0,66.67,,,0,0,0,0,ncbi_only,Bacteria,0.0
Halococcoides,0,0,0.0,0.0,3,2,1,0.0,0.0,33.33,,,0,0,0,0,ncbi_only,Archaea,0.0
Caniella,0,0,0.0,0.0,3,1,3,0.0,0.0,100.0,,,0,0,0,0,ncbi_only,Bacteria,0.0
Seongchinamella,0,0,0.0,0.0,3,3,3,0.0,0.0,100.0,,,0,0,0,0,ncbi_only,Bacteria,0.0
Megalodesulfovibrio,0,0,0.0,0.0,3,2,2,0.0,0.0,66.67,,,0,0,0,0,ncbi_only,Bacteria,0.0
Halalkaliarchaeum,0,0,0.0,0.0,3,3,3,0.0,0.0,100.0,,,0,0,0,0,ncbi_only,Archaea,0.0
Argonema,0,0,0.0,0.0,3,2,3,0.0,0.0,100.0,,,0,0,0,0,ncbi_only,Bacteria,0.0
Croceimicrobium,0,0,0.0,0.0,3,2,1,0.0,0.0,33.33,,,0,0,0,0,ncbi_only,Bacteria,0.0
Arenibaculum,0,0,0.0,0.0,3,2,1,0.0,0.0,33.33,,,0,0,0,0,ncbi_only,Bacteria,0.0
Halospeciosus,0,0,0.0,0.0,3,1,3,0.0,0.0,100.0,,,0,0,0,0,ncbi_only,Archaea,0.0
Taklimakanibacter,0,0,0.0,0.0,3,3,3,0.0,0.0,100.0,,,0,0,0,0,ncbi_only,Bacteria,0.0
Oecophyllibacter,0,0,0.0,0.0,3,1,3,0.0,0.0,100.0,,,0,0,0,0,ncbi_only,Bacteria,0.0
Ohessyouella,0,0,0.0,0.0,3,2,2,0.0,0.0,66.67,,,0,0,0,0,ncbi_only,Bacteria,0.0
Halpernia,0,0,0.0,0.0,3,3,2,0.0,0.0,66.67,,,0,0,0,0,ncbi_only,Bacteria,0.0
Pueribacillus,0,0,0.0,0.0,3,3,2,0.0,0.0,66.67,,,0,0,0,0,ncbi_only,Bacteria,0.0
Salidesulfovibrio,0,0,0.0,0.0,3,3,2,0.0,0.0,66.67,,,0,0,0,0,ncbi_only,Bacteria,0.0
Terrihabitans,0,0,0.0,0.0,3,2,2,0.0,0.0,66.67,,,0,0,0,0,ncbi_only,Bacteria,0.0
Inconstantimicrobium,0,0,0.0,0.0,3,1,1,0.0,0.0,33.33,,,0,0,0,0,ncbi_only,Bacteria,0.0
Intestinibaculum,0,0,0.0,0.0,3,1,1,0.0,0.0,33.33,,,0,0,0,0,ncbi_only,Bacteria,0.0
Myxacorys,0,0,0.0,0.0,3,3,1,0.0,0.0,33.33,,,0,0,0,0,ncbi_only,Bacteria,0.0
Kineobactrum,0,0,0.0,0.0,3,3,2,0.0,0.0,66.67,,,0,0,0,0,ncbi_only,Bacteria,0.0
Microvenator,0,0,0.0,0.0,3,2,1,0.0,0.0,33.33,,,0,0,0,0,ncbi_only,Bacteria,0.0
Urmitella,0,0,0.0,0.0,3,2,1,0.0,0.0,33.33,,,0,0,0,0,ncbi_only,Bacteria,0.0
Bilifractor,0,0,0.0,0.0,3,2,1,0.0,0.0,33.33,,,0,0,0,0,ncbi_only,Bacteria,0.0
Isoalcanivorax,0,0,0.0,0.0,3,3,3,0.0,0.0,100.0,,,0,0,0,0,ncbi_only,Bacteria,0.0
Acidimangrovimonas,0,0,0.0,0.0,3,3,2,0.0,0.0,66.67,,,0,0,0,0,ncbi_only,Bacteria,0.0
Bisbaumannia,0,0,0.0,0.0,3,1,3,0.0,0.0,100.0,,,0,0,0,0,ncbi_only,Bacteria,0.0
Sandaracinobacteroides,0,0,0.0,0.0,3,3,3,0.0,0.0,100.0,,,0,0,0,0,ncbi_only,Bacteria,0.0
Hominimerdicola,0,0,0.0,0.0,3,1,3,0.0,0.0,100.0,,,0,0,0,0,ncbi_only,Bacteria,0.0
Sphingosinithalassobacter,0,0,0.0,0.0,3,3,3,0.0,0.0,100.0,,,0,0,0,0,ncbi_only,Bacteria,0.0
Ktedonosporobacter,0,0,0.0,0.0,3,2,1,0.0,0.0,33.33,,,0,0,0,0,ncbi_only,Bacteria,0.0
Pseudostreptobacillus,0,0,0.0,0.0,3,1,2,0.0,0.0,66.67,,,0,0,0,0,ncbi_only,Bacteria,0.0
Radiobacillus,0,0,0.0,0.0,3,3,3,0.0,0.0,100.0,,,0,0,0,0,ncbi_only,Bacteria,0.0
Thermaerobacillus,0,0,0.0,0.0,3,1,3,0.0,0.0,100.0,,,0,0,0,0,ncbi_only,Bacteria,0.0
Neorhodopirellula,0,0,0.0,0.0,3,2,3,0.0,0.0,100.0,,,0,0,0,0,ncbi_only,Bacteria,0.0
Hominiventricola,0,0,0.0,0.0,3,2,3,0.0,0.0,100.0,,,0,0,0,0,ncbi_only,Bacteria,0.0
Methyloradius,0,0,0.0,0.0,3,2,1,0.0,0.0,33.33,,,0,0,0,0,ncbi_only,Bacteria,0.0
Aliiruegeria,0,0,0.0,0.0,3,3,3,0.0,0.0,100.0,,,0,0,0,0,ncbi_only,Bacteria,0.0
Aeoliella,0,0,0.0,0.0,3,3,2,0.0,0.0,66.67,,,0,0,0,0,ncbi_only,Bacteria,0.0
Stygibacter,0,0,0.0,0.0,3,2,0,0.0,0.0,0.0,,,0,0,0,0,ncbi_only,Bacteria,0.0
Alkalilacustris,0,0,0.0,0.0,3,2,1,0.0,0.0,33.33,,,0,0,0,0,ncbi_only,Bacteria,0.0
Pararoseomonas,0,0,0.0,0.0,3,3,3,0.0,0.0,100.0,,,0,0,0,0,ncbi_only,Bacteria,0.0
Spirabiliibacterium,0,0,0.0,0.0,3,3,3,0.0,0.0,100.0,,,0,0,0,0,ncbi_only,Bacteria,0.0
Marnyiella,0,0,0.0,0.0,3,1,3,0.0,0.0,100.0,,,0,0,0,0,ncbi_only,Bacteria,0.0
Segnochrobactrum,0,0,0.0,0.0,2,2,1,0.0,0.0,50.0,,,0,0,0,0,ncbi_only,Bacteria,0.0
Sediminihabitans,0,0,0.0,0.0,2,1,2,0.0,0.0,100.0,,,0,0,0,0,ncbi_only,Bacteria,0.0
Pseudomarimonas,0,0,0.0,0.0,2,2,2,0.0,0.0,100.0,,,0,0,0,0,ncbi_only,Bacteria,0.0
Ningiella,0,0,0.0,0.0,2,2,2,0.0,0.0,100.0,,,0,0,0,0,ncbi_only,Bacteria,0.0
Nicoliella,0,0,0.0,0.0,2,2,2,0.0,0.0,100.0,,,0,0,0,0,ncbi_only,Bacteria,0.0
Pseudoluteimonas,0,0,0.0,0.0,2,1,2,0.0,0.0,100.0,,,0,0,0,0,ncbi_only,Bacteria,0.0
Neotabrizicola,0,0,0.0,0.0,2,2,2,0.0,0.0,100.0,,,0,0,0,0,ncbi_only,Bacteria,0.0
Avrilella,0,0,0.0,0.0,2,1,1,0.0,0.0,50.0,,,0,0,0,0,ncbi_only,Bacteria,0.0
Phycobacter,0,0,0.0,0.0,2,2,2,0.0,0.0,100.0,,,0,0,0,0,ncbi_only,Bacteria,0.0
Pseudoroseomonas,0,0,0.0,0.0,2,1,2,0.0,0.0,100.0,,,0,0,0,0,ncbi_only,Bacteria,0.0
Neomesorhizobium,0,0,0.0,0.0,2,1,2,0.0,0.0,100.0,,,0,0,0,0,ncbi_only,Bacteria,0.0
Velocimicrobium,0,0,0.0,0.0,2,2,1,0.0,0.0,50.0,,,0,0,0,0,ncbi_only,Bacteria,0.0
Venteria,0,0,0.0,0.0,2,1,2,0.0,0.0,100.0,,,0,0,0,0,ncbi_only,Bacteria,0.0
Dissulfurispira,0,0,0.0,0.0,2,2,1,0.0,0.0,50.0,,,0,0,0,0,ncbi_only,Bacteria,0.0
Halomontanus,0,0,0.0,0.0,2,1,2,0.0,0.0,100.0,,,0,0,0,0,ncbi_only,Archaea,0.0
Senegalia,0,0,0.0,0.0,2,1,2,0.0,0.0,100.0,,,0,0,0,0,ncbi_only,Bacteria,0.0
Curvivirga,0,0,0.0,0.0,2,2,1,0.0,0.0,50.0,,,0,0,0,0,ncbi_only,Bacteria,0.0
Halegenticoccus,0,0,0.0,0.0,2,2,2,0.0,0.0,100.0,,,0,0,0,0,ncbi_only,Archaea,0.0
Curtanaerobium,0,0,0.0,0.0,2,1,2,0.0,0.0,100.0,,,0,0,0,0,ncbi_only,Bacteria,0.0
Granulimonas,0,0,0.0,0.0,2,1,2,0.0,0.0,100.0,,,0,0,0,0,ncbi_only,Bacteria,0.0
Dankookia,0,0,0.0,0.0,2,2,2,0.0,0.0,100.0,,,0,0,0,0,ncbi_only,Bacteria,0.0
Sessilibacter,0,0,0.0,0.0,2,1,2,0.0,0.0,100.0,,,0,0,0,0,ncbi_only,Bacteria,0.0
Corticimicrobacter,0,0,0.0,0.0,2,2,1,0.0,0.0,50.0,,,0,0,0,0,ncbi_only,Bacteria,0.0
Craterilacuibacter,0,0,0.0,0.0,2,2,2,0.0,0.0,100.0,,,0,0,0,0,ncbi_only,Bacteria,0.0
Sediminicoccus,0,0,0.0,0.0,2,2,2,0.0,0.0,100.0,,,0,0,0,0,ncbi_only,Bacteria,0.0
Heminiphilus,0,0,0.0,0.0,2,1,2,0.0,0.0,100.0,,,0,0,0,0,ncbi_only,Bacteria,0.0
Sediminihaliea,0,0,0.0,0.0,2,2,1,0.0,0.0,50.0,,,0,0,0,0,ncbi_only,Bacteria,0.0
Aristophania,0,0,0.0,0.0,2,1,2,0.0,0.0,100.0,,,0,0,0,0,ncbi_only,Bacteria,0.0
Neobittarella (ex Bilen et al. 2018),0,0,0.0,0.0,2,1,2,0.0,0.0,100.0,,,0,0,0,0,ncbi_only,Bacteria,0.0
Pseudothioclava,0,0,0.0,0.0,2,2,2,0.0,0.0,100.0,,,0,0,0,0,ncbi_only,Bacteria,0.0
Pseudotenacibaculum,0,0,0.0,0.0,2,2,2,0.0,0.0,100.0,,,0,0,0,0,ncbi_only,Bacteria,0.0
Nanchangia,0,0,0.0,0.0,2,1,2,0.0,0.0,100.0,,,0,0,0,0,ncbi_only,Bacteria,0.0
Natronolimnohabitans,0,0,0.0,0.0,2,2,2,0.0,0.0,100.0,,,0,0,0,0,ncbi_only,Archaea,0.0
Natronoglomus,0,0,0.0,0.0,2,1,2,0.0,0.0,100.0,,,0,0,0,0,ncbi_only,Archaea,0.0
Vaginella,0,0,0.0,0.0,2,1,2,0.0,0.0,100.0,,,0,0,0,0,ncbi_only,Bacteria,0.0
Aquibaculum,0,0,0.0,0.0,2,2,2,0.0,0.0,100.0,,,0,0,0,0,ncbi_only,Bacteria,0.0
Aquariibacter,0,0,0.0,0.0,2,2,2,0.0,0.0,100.0,,,0,0,0,0,ncbi_only,Bacteria,0.0
Aequitasia,0,0,0.0,0.0,2,1,2,0.0,0.0,100.0,,,0,0,0,0,ncbi_only,Bacteria,0.0
Aerophototrophica,0,0,0.0,0.0,2,1,2,0.0,0.0,100.0,,,0,0,0,0,ncbi_only,Bacteria,0.0
Oceanibium,0,0,0.0,0.0,2,2,1,0.0,0.0,50.0,,,0,0,0,0,ncbi_only,Bacteria,0.0
Aquilutibacter,0,0,0.0,0.0,2,1,2,0.0,0.0,100.0,,,0,0,0,0,ncbi_only,Bacteria,0.0
Hassallia,0,0,0.0,0.0,2,2,1,0.0,0.0,50.0,,,0,0,0,0,ncbi_only,Bacteria,0.0
Arabiibacter,0,0,0.0,0.0,2,1,2,0.0,0.0,100.0,,,0,0,0,0,ncbi_only,Bacteria,0.0
Pseudazoarcus,0,0,0.0,0.0,2,1,1,0.0,0.0,50.0,,,0,0,0,0,ncbi_only,Bacteria,0.0
Pseudemcibacter,0,0,0.0,0.0,2,1,2,0.0,0.0,100.0,,,0,0,0,0,ncbi_only,Bacteria,0.0
Pseudohalioglobus,0,0,0.0,0.0,2,2,2,0.0,0.0,100.0,,,0,0,0,0,ncbi_only,Bacteria,0.0
Pseudohoeflea,0,0,0.0,0.0,2,2,2,0.0,0.0,100.0,,,0,0,0,0,ncbi_only,Bacteria,0.0
Phosphitispora,0,0,0.0,0.0,2,2,2,0.0,0.0,100.0,,,0,0,0,0,ncbi_only,Bacteria,0.0
Numidum,0,0,0.0,0.0,2,1,2,0.0,0.0,100.0,,,0,0,0,0,ncbi_only,Bacteria,0.0
Pseudogemmatithrix,0,0,0.0,0.0,2,1,2,0.0,0.0,100.0,,,0,0,0,0,ncbi_only,Bacteria,0.0
Arundinibacter,0,0,0.0,0.0,2,2,1,0.0,0.0,50.0,,,0,0,0,0,ncbi_only,Bacteria,0.0
Pseudofrancisella,0,0,0.0,0.0,2,1,2,0.0,0.0,100.0,,,0,0,0,0,ncbi_only,Bacteria,0.0
Pukyongia,0,0,0.0,0.0,2,2,1,0.0,0.0,50.0,,,0,0,0,0,ncbi_only,Bacteria,0.0
Puerhibacterium,0,0,0.0,0.0,2,2,2,0.0,0.0,100.0,,,0,0,0,0,ncbi_only,Bacteria,0.0
Pusillibacter,0,0,0.0,0.0,2,1,1,0.0,0.0,50.0,,,0,0,0,0,ncbi_only,Bacteria,0.0
Halorarius,0,0,0.0,0.0,2,2,2,0.0,0.0,100.0,,,0,0,0,0,ncbi_only,Archaea,0.0
Aquisediminimonas,0,0,0.0,0.0,2,2,2,0.0,0.0,100.0,,,0,0,0,0,ncbi_only,Bacteria,0.0
Faecalimicrobium,0,0,0.0,0.0,2,1,2,0.0,0.0,100.0,,,0,0,0,0,ncbi_only,Bacteria,0.0
Sorlinia,0,0,0.0,0.0,2,1,2,0.0,0.0,100.0,,,0,0,0,0,ncbi_only,Bacteria,0.0
Sheuella,0,0,0.0,0.0,2,2,1,0.0,0.0,50.0,,,0,0,0,0,ncbi_only,Bacteria,0.0
Huintestinicola,0,0,0.0,0.0,2,2,1,0.0,0.0,50.0,,,0,0,0,0,ncbi_only,Bacteria,0.0
Hufsiella,0,0,0.0,0.0,2,2,2,0.0,0.0,100.0,,,0,0,0,0,ncbi_only,Bacteria,0.0
Sulfuricystis,0,0,0.0,0.0,2,2,2,0.0,0.0,100.0,,,0,0,0,0,ncbi_only,Bacteria,0.0
Geminisphaera,0,0,0.0,0.0,2,2,1,0.0,0.0,50.0,,,0,0,0,0,ncbi_only,Bacteria,0.0
Desulfotruncus,0,0,0.0,0.0,2,2,2,0.0,0.0,100.0,,,0,0,0,0,ncbi_only,Bacteria,0.0
Denitratimonas,0,0,0.0,0.0,2,2,2,0.0,0.0,100.0,,,0,0,0,0,ncbi_only,Bacteria,0.0
Sulfodiicoccus,0,0,0.0,0.0,2,1,2,0.0,0.0,100.0,,,0,0,0,0,ncbi_only,Archaea,0.0
Sulfoacidibacillus,0,0,0.0,0.0,2,2,2,0.0,0.0,100.0,,,0,0,0,0,ncbi_only,Bacteria,0.0
Desertihabitans,0,0,0.0,0.0,2,2,2,0.0,0.0,100.0,,,0,0,0,0,ncbi_only,Bacteria,0.0
Georhizobium,0,0,0.0,0.0,2,2,2,0.0,0.0,100.0,,,0,0,0,0,ncbi_only,Bacteria,0.0
Selenobaculum,0,0,0.0,0.0,2,2,1,0.0,0.0,50.0,,,0,0,0,0,ncbi_only,Bacteria,0.0
Geofilum,0,0,0.0,0.0,2,2,2,0.0,0.0,100.0,,,0,0,0,0,ncbi_only,Bacteria,0.0
Silvania,0,0,0.0,0.0,2,2,2,0.0,0.0,100.0,,,0,0,0,0,ncbi_only,Bacteria,0.0
Endobacterium,0,0,0.0,0.0,2,1,2,0.0,0.0,100.0,,,0,0,0,0,ncbi_only,Bacteria,0.0
Engelhardtia,0,0,0.0,0.0,2,1,2,0.0,0.0,100.0,,,0,0,0,0,ncbi_only,Bacteria,0.0
Stenotrophobium,0,0,0.0,0.0,2,2,1,0.0,0.0,50.0,,,0,0,0,0,ncbi_only,Bacteria,0.0
Ferirhizobium,0,0,0.0,0.0,2,1,2,0.0,0.0,100.0,,,0,0,0,0,ncbi_only,Bacteria,0.0
Dulcicalothrix,0,0,0.0,0.0,2,1,2,0.0,0.0,100.0,,,0,0,0,0,ncbi_only,Bacteria,0.0
Leptothermofonsia,0,0,0.0,0.0,2,2,2,0.0,0.0,100.0,,,0,0,0,0,ncbi_only,Bacteria,0.0
Salifodinibacter,0,0,0.0,0.0,2,1,2,0.0,0.0,100.0,,,0,0,0,0,ncbi_only,Bacteria,0.0
Tildeniella,0,0,0.0,0.0,2,2,0,0.0,0.0,0.0,,,0,0,0,0,ncbi_only,Bacteria,0.0
Litorivita,0,0,0.0,0.0,2,2,2,0.0,0.0,100.0,,,0,0,0,0,ncbi_only,Bacteria,0.0
Chenggangzhangella,0,0,0.0,0.0,2,1,2,0.0,0.0,100.0,,,0,0,0,0,ncbi_only,Bacteria,0.0
Sinisalibacter,0,0,0.0,0.0,2,2,2,0.0,0.0,100.0,,,0,0,0,0,ncbi_only,Bacteria,0.0
Gallibacter,0,0,0.0,0.0,2,2,1,0.0,0.0,50.0,,,0,0,0,0,ncbi_only,Bacteria,0.0
Geomobilimonas,0,0,0.0,0.0,2,2,1,0.0,0.0,50.0,,,0,0,0,0,ncbi_only,Bacteria,0.0
Halosquirtibacter,0,0,0.0,0.0,2,2,2,0.0,0.0,100.0,,,0,0,0,0,ncbi_only,Bacteria,0.0
Halorarum,0,0,0.0,0.0,2,2,2,0.0,0.0,100.0,,,0,0,0,0,ncbi_only,Archaea,0.0
Horticoccus,0,0,0.0,0.0,2,2,2,0.0,0.0,100.0,,,0,0,0,0,ncbi_only,Bacteria,0.0
Tellurirhabdus,0,0,0.0,0.0,2,2,2,0.0,0.0,100.0,,,0,0,0,0,ncbi_only,Bacteria,0.0
Hoministercoradaptatus,0,0,0.0,0.0,2,2,1,0.0,0.0,50.0,,,0,0,0,0,ncbi_only,Bacteria,0.0
Consotaella,0,0,0.0,0.0,2,2,2,0.0,0.0,100.0,,,0,0,0,0,ncbi_only,Bacteria,0.0
Hominibacterium,0,0,0.0,0.0,2,1,2,0.0,0.0,100.0,,,0,0,0,0,ncbi_only,Bacteria,0.0
Histidinibacterium,0,0,0.0,0.0,2,2,2,0.0,0.0,100.0,,,0,0,0,0,ncbi_only,Bacteria,0.0
Terribium,0,0,0.0,0.0,2,1,2,0.0,0.0,100.0,,,0,0,0,0,ncbi_only,Bacteria,0.0
Citroniella,0,0,0.0,0.0,2,1,2,0.0,0.0,100.0,,,0,0,0,0,ncbi_only,Bacteria,0.0
Termitidicoccus,0,0,0.0,0.0,2,1,2,0.0,0.0,100.0,,,0,0,0,0,ncbi_only,Bacteria,0.0
Terrihalobacillus,0,0,0.0,0.0,2,1,2,0.0,0.0,100.0,,,0,0,0,0,ncbi_only,Bacteria,0.0
Sapientia,0,0,0.0,0.0,2,2,1,0.0,0.0,50.0,,,0,0,0,0,ncbi_only,Bacteria,0.0
Stagnihabitans,0,0,0.0,0.0,2,2,1,0.0,0.0,50.0,,,0,0,0,0,ncbi_only,Bacteria,0.0
Tenebrionicola,0,0,0.0,0.0,2,1,2,0.0,0.0,100.0,,,0,0,0,0,ncbi_only,Bacteria,0.0
Tepiditoga,0,0,0.0,0.0,2,2,1,0.0,0.0,50.0,,,0,0,0,0,ncbi_only,Bacteria,0.0
Cyclonatronum,0,0,0.0,0.0,2,2,1,0.0,0.0,50.0,,,0,0,0,0,ncbi_only,Bacteria,0.0
Cyanosarcina,0,0,0.0,0.0,2,2,1,0.0,0.0,50.0,,,0,0,0,0,ncbi_only,Bacteria,0.0
Solicola,0,0,0.0,0.0,2,2,2,0.0,0.0,100.0,,,0,0,0,0,ncbi_only,Bacteria,0.0
Solimicrobium,0,0,0.0,0.0,2,2,1,0.0,0.0,50.0,,,0,0,0,0,ncbi_only,Bacteria,0.0
Falsiroseicyclus,0,0,0.0,0.0,2,1,2,0.0,0.0,100.0,,,0,0,0,0,ncbi_only,Bacteria,0.0
Falcatimonas,0,0,0.0,0.0,2,2,1,0.0,0.0,50.0,,,0,0,0,0,ncbi_only,Bacteria,0.0
Sodalinema,0,0,0.0,0.0,2,2,1,0.0,0.0,50.0,,,0,0,0,0,ncbi_only,Bacteria,0.0
Filibacter,0,0,0.0,0.0,2,1,2,0.0,0.0,100.0,,,0,0,0,0,ncbi_only,Bacteria,0.0
Fervidibacillus,0,0,0.0,0.0,2,2,2,0.0,0.0,100.0,,,0,0,0,0,ncbi_only,Bacteria,0.0
Spectribacter,0,0,0.0,0.0,2,2,2,0.0,0.0,100.0,,,0,0,0,0,ncbi_only,Bacteria,0.0
Speluncibacter,0,0,0.0,0.0,2,1,2,0.0,0.0,100.0,,,0,0,0,0,ncbi_only,Bacteria,0.0
Edaphovirga,0,0,0.0,0.0,2,1,1,0.0,0.0,50.0,,,0,0,0,0,ncbi_only,Bacteria,0.0
Sansalvadorimonas,0,0,0.0,0.0,2,2,1,0.0,0.0,50.0,,,0,0,0,0,ncbi_only,Bacteria,0.0
Fluctibacter,0,0,0.0,0.0,2,2,2,0.0,0.0,100.0,,,0,0,0,0,ncbi_only,Bacteria,0.0
Stomatohabitans,0,0,0.0,0.0,2,1,2,0.0,0.0,100.0,,,0,0,0,0,ncbi_only,Bacteria,0.0
Acetilactobacillus,0,0,0.0,0.0,2,1,1,0.0,0.0,50.0,,,0,0,0,0,ncbi_only,Bacteria,0.0
Massilibacillus,0,0,0.0,0.0,2,2,1,0.0,0.0,50.0,,,0,0,0,0,ncbi_only,Bacteria,0.0
Piscicoccus,0,0,0.0,0.0,2,1,1,0.0,0.0,50.0,,,0,0,0,0,ncbi_only,Bacteria,0.0
Meinhardsimonia,0,0,0.0,0.0,2,1,2,0.0,0.0,100.0,,,0,0,0,0,ncbi_only,Bacteria,0.0
Marinilongibacter,0,0,0.0,0.0,2,2,1,0.0,0.0,50.0,,,0,0,0,0,ncbi_only,Bacteria,0.0
Mesobacterium,0,0,0.0,0.0,2,2,2,0.0,0.0,100.0,,,0,0,0,0,ncbi_only,Bacteria,0.0
Pigmentibacter,0,0,0.0,0.0,2,2,2,0.0,0.0,100.0,,,0,0,0,0,ncbi_only,Bacteria,0.0
Quatrionicoccus,0,0,0.0,0.0,2,1,2,0.0,0.0,100.0,,,0,0,0,0,ncbi_only,Bacteria,0.0
Pyrolobus,0,0,0.0,0.0,2,2,1,0.0,0.0,50.0,,,0,0,0,0,ncbi_only,Archaea,0.0
Qingshengfaniella,0,0,0.0,0.0,2,2,1,0.0,0.0,50.0,,,0,0,0,0,ncbi_only,Bacteria,0.0
Luxibacter,0,0,0.0,0.0,2,1,1,0.0,0.0,50.0,,,0,0,0,0,ncbi_only,Bacteria,0.0
Brytella,0,0,0.0,0.0,2,1,2,0.0,0.0,100.0,,,0,0,0,0,ncbi_only,Bacteria,0.0
Minisyncoccus,0,0,0.0,0.0,2,1,1,0.0,0.0,50.0,,,0,0,0,0,ncbi_only,Bacteria,0.0
Zongyangia,0,0,0.0,0.0,2,2,2,0.0,0.0,100.0,,,0,0,0,0,ncbi_only,Bacteria,0.0
Adonisia,0,0,0.0,0.0,2,1,2,0.0,0.0,100.0,,,0,0,0,0,ncbi_only,Bacteria,0.0
Andreesenia,0,0,0.0,0.0,2,1,1,0.0,0.0,50.0,,,0,0,0,0,ncbi_only,Bacteria,0.0
Profundicola,0,0,0.0,0.0,2,1,2,0.0,0.0,100.0,,,0,0,0,0,ncbi_only,Bacteria,0.0
Aquella,0,0,0.0,0.0,2,2,1,0.0,0.0,50.0,,,0,0,0,0,ncbi_only,Bacteria,0.0
Caenarcanum,0,0,0.0,0.0,2,2,0,0.0,0.0,0.0,,,0,0,0,0,ncbi_only,Bacteria,0.0
Methanofervidicoccus,0,0,0.0,0.0,2,2,2,0.0,0.0,100.0,,,0,0,0,0,ncbi_only,Archaea,0.0
Methanocrinis,0,0,0.0,0.0,2,2,2,0.0,0.0,100.0,,,0,0,0,0,ncbi_only,Archaea,0.0
Pinibacter,0,0,0.0,0.0,2,2,2,0.0,0.0,100.0,,,0,0,0,0,ncbi_only,Bacteria,0.0
Mangrovivirga,0,0,0.0,0.0,2,2,2,0.0,0.0,100.0,,,0,0,0,0,ncbi_only,Bacteria,0.0
Maribrevibacterium,0,0,0.0,0.0,2,2,1,0.0,0.0,50.0,,,0,0,0,0,ncbi_only,Bacteria,0.0
Metaplanococcus,0,0,0.0,0.0,2,1,2,0.0,0.0,100.0,,,0,0,0,0,ncbi_only,Bacteria,0.0
Plebeiibacterium,0,0,0.0,0.0,2,2,2,0.0,0.0,100.0,,,0,0,0,0,ncbi_only,Bacteria,0.0
Thermocaproicibacter,0,0,0.0,0.0,2,1,1,0.0,0.0,50.0,,,0,0,0,0,ncbi_only,Bacteria,0.0
Sabulicella,0,0,0.0,0.0,2,2,2,0.0,0.0,100.0,,,0,0,0,0,ncbi_only,Bacteria,0.0
Laedolimicola,0,0,0.0,0.0,2,2,2,0.0,0.0,100.0,,,0,0,0,0,ncbi_only,Bacteria,0.0
Changpingibacter,0,0,0.0,0.0,2,1,2,0.0,0.0,100.0,,,0,0,0,0,ncbi_only,Bacteria,0.0
Komarekiella,0,0,0.0,0.0,2,2,1,0.0,0.0,50.0,,,0,0,0,0,ncbi_only,Bacteria,0.0
Saezia,0,0,0.0,0.0,2,1,1,0.0,0.0,50.0,,,0,0,0,0,ncbi_only,Bacteria,0.0
Ruicaihuangia,0,0,0.0,0.0,2,1,2,0.0,0.0,100.0,,,0,0,0,0,ncbi_only,Bacteria,0.0
Chachezhania,0,0,0.0,0.0,2,2,2,0.0,0.0,100.0,,,0,0,0,0,ncbi_only,Bacteria,0.0
Kribbibacterium,0,0,0.0,0.0,2,1,2,0.0,0.0,100.0,,,0,0,0,0,ncbi_only,Bacteria,0.0
Chroogloeocystis,0,0,0.0,0.0,2,1,2,0.0,0.0,100.0,,,0,0,0,0,ncbi_only,Bacteria,0.0
Thiosulfatihalobacter,0,0,0.0,0.0,2,1,2,0.0,0.0,100.0,,,0,0,0,0,ncbi_only,Bacteria,0.0
Rubeoparvulum,0,0,0.0,0.0,2,1,2,0.0,0.0,100.0,,,0,0,0,0,ncbi_only,Bacteria,0.0
Luteirhabdus,0,0,0.0,0.0,2,2,2,0.0,0.0,100.0,,,0,0,0,0,ncbi_only,Bacteria,0.0
Frigoriflavimonas,0,0,0.0,0.0,2,1,2,0.0,0.0,100.0,,,0,0,0,0,ncbi_only,Bacteria,0.0
Rosettibacter,0,0,0.0,0.0,2,2,2,0.0,0.0,100.0,,,0,0,0,0,ncbi_only,Bacteria,0.0
Thalassobellus,0,0,0.0,0.0,2,1,2,0.0,0.0,100.0,,,0,0,0,0,ncbi_only,Bacteria,0.0
Dawidia,0,0,0.0,0.0,2,2,2,0.0,0.0,100.0,,,0,0,0,0,ncbi_only,Bacteria,0.0
Gilvirhabdus,0,0,0.0,0.0,2,1,2,0.0,0.0,100.0,,,0,0,0,0,ncbi_only,Bacteria,0.0
Glacieibacterium,0,0,0.0,0.0,2,2,1,0.0,0.0,50.0,,,0,0,0,0,ncbi_only,Bacteria,0.0
Sinanaerobacter,0,0,0.0,0.0,2,2,2,0.0,0.0,100.0,,,0,0,0,0,ncbi_only,Bacteria,0.0
Longitalea,0,0,0.0,0.0,2,2,2,0.0,0.0,100.0,,,0,0,0,0,ncbi_only,Bacteria,0.0
Thalassobacterium,0,0,0.0,0.0,2,2,2,0.0,0.0,100.0,,,0,0,0,0,ncbi_only,Bacteria,0.0
Salinivirga,0,0,0.0,0.0,2,2,1,0.0,0.0,50.0,,,0,0,0,0,ncbi_only,Bacteria,0.0
Thalassorhabdomicrobium,0,0,0.0,0.0,2,1,2,0.0,0.0,100.0,,,0,0,0,0,ncbi_only,Bacteria,0.0
Thalassorhabdus,0,0,0.0,0.0,2,1,2,0.0,0.0,100.0,,,0,0,0,0,ncbi_only,Bacteria,0.0
Leptogranulimonas,0,0,0.0,0.0,2,1,2,0.0,0.0,100.0,,,0,0,0,0,ncbi_only,Bacteria,0.0
Franzmannia,0,0,0.0,0.0,2,2,2,0.0,0.0,100.0,,,0,0,0,0,ncbi_only,Bacteria,0.0
Capillibacterium,0,0,0.0,0.0,2,2,1,0.0,0.0,50.0,,,0,0,0,0,ncbi_only,Bacteria,0.0
Aliibacillus,0,0,0.0,0.0,2,1,2,0.0,0.0,100.0,,,0,0,0,0,ncbi_only,Bacteria,0.0
Alkalidesulfovibrio,0,0,0.0,0.0,2,1,1,0.0,0.0,50.0,,,0,0,0,0,ncbi_only,Bacteria,0.0
Paucihalobacter,0,0,0.0,0.0,2,2,1,0.0,0.0,50.0,,,0,0,0,0,ncbi_only,Bacteria,0.0
Paucidesulfovibrio,0,0,0.0,0.0,2,2,2,0.0,0.0,100.0,,,0,0,0,0,ncbi_only,Bacteria,0.0
Xylocopilactobacillus,0,0,0.0,0.0,2,2,2,0.0,0.0,100.0,,,0,0,0,0,ncbi_only,Bacteria,0.0
Pelagibaculum,0,0,0.0,0.0,2,1,2,0.0,0.0,100.0,,,0,0,0,0,ncbi_only,Bacteria,0.0
Pelatocladus,0,0,0.0,0.0,2,2,1,0.0,0.0,50.0,,,0,0,0,0,ncbi_only,Bacteria,0.0
Allomesorhizobium,0,0,0.0,0.0,2,2,2,0.0,0.0,100.0,,,0,0,0,0,ncbi_only,Bacteria,0.0
Xylanivirga,0,0,0.0,0.0,2,1,1,0.0,0.0,50.0,,,0,0,0,0,ncbi_only,Bacteria,0.0
Allorhodopirellula,0,0,0.0,0.0,2,2,2,0.0,0.0,100.0,,,0,0,0,0,ncbi_only,Bacteria,0.0
Paroceanicella,0,0,0.0,0.0,2,2,1,0.0,0.0,50.0,,,0,0,0,0,ncbi_only,Bacteria,0.0
Allosediminivita,0,0,0.0,0.0,2,1,2,0.0,0.0,100.0,,,0,0,0,0,ncbi_only,Bacteria,0.0
Allotamlana,0,0,0.0,0.0,2,1,2,0.0,0.0,100.0,,,0,0,0,0,ncbi_only,Bacteria,0.0
Aliisedimentitalea,0,0,0.0,0.0,2,2,2,0.0,0.0,100.0,,,0,0,0,0,ncbi_only,Bacteria,0.0
Aequoribacter,0,0,0.0,0.0,2,1,2,0.0,0.0,100.0,,,0,0,0,0,ncbi_only,Bacteria,0.0
Pareuzebyella,0,0,0.0,0.0,2,1,2,0.0,0.0,100.0,,,0,0,0,0,ncbi_only,Bacteria,0.0
Parenemella,0,0,0.0,0.0,2,1,2,0.0,0.0,100.0,,,0,0,0,0,ncbi_only,Bacteria,0.0
Aerolutibacter,0,0,0.0,0.0,2,2,2,0.0,0.0,100.0,,,0,0,0,0,ncbi_only,Bacteria,0.0
Alterileibacterium,0,0,0.0,0.0,2,2,1,0.0,0.0,50.0,,,0,0,0,0,ncbi_only,Bacteria,0.0
Paraflavisolibacter,0,0,0.0,0.0,2,2,2,0.0,0.0,100.0,,,0,0,0,0,ncbi_only,Bacteria,0.0
Paradesertivirga,0,0,0.0,0.0,2,1,2,0.0,0.0,100.0,,,0,0,0,0,ncbi_only,Bacteria,0.0
Paracrocinitomix,0,0,0.0,0.0,2,2,1,0.0,0.0,50.0,,,0,0,0,0,ncbi_only,Bacteria,0.0
Amniculibacterium,0,0,0.0,0.0,2,2,2,0.0,0.0,100.0,,,0,0,0,0,ncbi_only,Bacteria,0.0
Acidiferrimicrobium,0,0,0.0,0.0,2,2,2,0.0,0.0,100.0,,,0,0,0,0,ncbi_only,Bacteria,0.0
Acididesulfobacillus,0,0,0.0,0.0,2,1,2,0.0,0.0,100.0,,,0,0,0,0,ncbi_only,Bacteria,0.0
Acidibrevibacterium,0,0,0.0,0.0,2,1,1,0.0,0.0,50.0,,,0,0,0,0,ncbi_only,Bacteria,0.0
Neofamilia (nom. nud.),0,0,0.0,0.0,2,2,1,0.0,0.0,50.0,,,0,0,0,0,ncbi_only,Bacteria,0.0
Aerobium,0,0,0.0,0.0,2,1,1,0.0,0.0,50.0,,,0,0,0,0,ncbi_only,Bacteria,0.0
Pumilibacter,0,0,0.0,0.0,2,2,2,0.0,0.0,100.0,,,0,0,0,0,ncbi_only,Bacteria,0.0
Brotocaccenecus,0,0,0.0,0.0,2,1,2,0.0,0.0,100.0,,,0,0,0,0,ncbi_only,Bacteria,0.0
Mangrovibacillus,0,0,0.0,0.0,2,2,2,0.0,0.0,100.0,,,0,0,0,0,ncbi_only,Bacteria,0.0
Mangrovibrevibacter,0,0,0.0,0.0,2,1,2,0.0,0.0,100.0,,,0,0,0,0,ncbi_only,Bacteria,0.0
Wansuia,0,0,0.0,0.0,2,1,2,0.0,0.0,100.0,,,0,0,0,0,ncbi_only,Bacteria,0.0
Antarcticirhabdus,0,0,0.0,0.0,2,1,2,0.0,0.0,100.0,,,0,0,0,0,ncbi_only,Bacteria,0.0
Antiquaquibacter,0,0,0.0,0.0,2,1,2,0.0,0.0,100.0,,,0,0,0,0,ncbi_only,Bacteria,0.0
Antribacter,0,0,0.0,0.0,2,2,2,0.0,0.0,100.0,,,0,0,0,0,ncbi_only,Bacteria,0.0
Aporhodopirellula,0,0,0.0,0.0,2,2,2,0.0,0.0,100.0,,,0,0,0,0,ncbi_only,Bacteria,0.0
Opacimonas,0,0,0.0,0.0,2,2,2,0.0,0.0,100.0,,,0,0,0,0,ncbi_only,Bacteria,0.0
Oryzisolibacter,0,0,0.0,0.0,2,2,2,0.0,0.0,100.0,,,0,0,0,0,ncbi_only,Bacteria,0.0
Anaerohalosphaera,0,0,0.0,0.0,2,2,1,0.0,0.0,50.0,,,0,0,0,0,ncbi_only,Bacteria,0.0
Anaerolactibacter,0,0,0.0,0.0,2,1,1,0.0,0.0,50.0,,,0,0,0,0,ncbi_only,Bacteria,0.0
Anaeromonas,0,0,0.0,0.0,2,2,2,0.0,0.0,100.0,,,0,0,0,0,ncbi_only,Bacteria,0.0
Brotaphodocola,0,0,0.0,0.0,2,1,2,0.0,0.0,100.0,,,0,0,0,0,ncbi_only,Bacteria,0.0
Zafaria,0,0,0.0,0.0,2,2,2,0.0,0.0,100.0,,,0,0,0,0,ncbi_only,Bacteria,0.0
Polycladospora,0,0,0.0,0.0,2,1,2,0.0,0.0,100.0,,,0,0,0,0,ncbi_only,Bacteria,0.0
Polycladidibacter,0,0,0.0,0.0,2,2,2,0.0,0.0,100.0,,,0,0,0,0,ncbi_only,Bacteria,0.0
Paramylibacter,0,0,0.0,0.0,2,2,2,0.0,0.0,100.0,,,0,0,0,0,ncbi_only,Bacteria,0.0
Paralysiella,0,0,0.0,0.0,2,1,2,0.0,0.0,100.0,,,0,0,0,0,ncbi_only,Bacteria,0.0
Posidoniimonas,0,0,0.0,0.0,2,2,2,0.0,0.0,100.0,,,0,0,0,0,ncbi_only,Bacteria,0.0
Paranoxybacillus,0,0,0.0,0.0,2,2,2,0.0,0.0,100.0,,,0,0,0,0,ncbi_only,Bacteria,0.0
Pacificitalea,0,0,0.0,0.0,2,1,2,0.0,0.0,100.0,,,0,0,0,0,ncbi_only,Bacteria,0.0
Ostreiculturibacter,0,0,0.0,0.0,2,1,2,0.0,0.0,100.0,,,0,0,0,0,ncbi_only,Bacteria,0.0
Anaeroarcus,0,0,0.0,0.0,2,2,1,0.0,0.0,50.0,,,0,0,0,0,ncbi_only,Bacteria,0.0
Paeniroseomonas,0,0,0.0,0.0,2,1,2,0.0,0.0,100.0,,,0,0,0,0,ncbi_only,Bacteria,0.0
Anaerocellum,0,0,0.0,0.0,2,1,2,0.0,0.0,100.0,,,0,0,0,0,ncbi_only,Bacteria,0.0
Petrocella,0,0,0.0,0.0,2,2,2,0.0,0.0,100.0,,,0,0,0,0,ncbi_only,Bacteria,0.0
Palleniella,0,0,0.0,0.0,2,2,2,0.0,0.0,100.0,,,0,0,0,0,ncbi_only,Bacteria,0.0
Mesobaculum,0,0,0.0,0.0,1,1,1,0.0,0.0,100.0,,,0,0,0,0,ncbi_only,Bacteria,0.0
Neopoerus,0,0,0.0,0.0,1,1,1,0.0,0.0,100.0,,,0,0,0,0,ncbi_only,Bacteria,0.0
Biomaibacter,0,0,0.0,0.0,1,1,1,0.0,0.0,100.0,,,0,0,0,0,ncbi_only,Bacteria,0.0
Biformimicrobium,0,0,0.0,0.0,1,1,1,0.0,0.0,100.0,,,0,0,0,0,ncbi_only,Bacteria,0.0
Mycovorax,0,0,0.0,0.0,1,1,1,0.0,0.0,100.0,,,0,0,0,0,ncbi_only,Bacteria,0.0
Muricoprocola,0,0,0.0,0.0,1,1,1,0.0,0.0,100.0,,,0,0,0,0,ncbi_only,Bacteria,0.0
Montanilutibacter,0,0,0.0,0.0,1,1,1,0.0,0.0,100.0,,,0,0,0,0,ncbi_only,Bacteria,0.0
Muricaecibacterium,0,0,0.0,0.0,1,1,1,0.0,0.0,100.0,,,0,0,0,0,ncbi_only,Bacteria,0.0
Mucisphaera,0,0,0.0,0.0,1,1,1,0.0,0.0,100.0,,,0,0,0,0,ncbi_only,Bacteria,0.0
Natranaerofaba,0,0,0.0,0.0,1,1,1,0.0,0.0,100.0,,,0,0,0,0,ncbi_only,Bacteria,0.0
Natronobeatus,0,0,0.0,0.0,1,1,1,0.0,0.0,100.0,,,0,0,0,0,ncbi_only,Archaea,0.0
Natronocalculus,0,0,0.0,0.0,1,1,1,0.0,0.0,100.0,,,0,0,0,0,ncbi_only,Archaea,0.0
Natronocella,0,0,0.0,0.0,1,1,1,0.0,0.0,100.0,,,0,0,0,0,ncbi_only,Bacteria,0.0
Natronoflexus,0,0,0.0,0.0,1,1,1,0.0,0.0,100.0,,,0,0,0,0,ncbi_only,Bacteria,0.0
Mediannikoviicoccus,0,0,0.0,0.0,1,1,1,0.0,0.0,100.0,,,0,0,0,0,ncbi_only,Bacteria,0.0
Natrononativus,0,0,0.0,0.0,1,1,1,0.0,0.0,100.0,,,0,0,0,0,ncbi_only,Archaea,0.0
Natronorarus,0,0,0.0,0.0,1,1,1,0.0,0.0,100.0,,,0,0,0,0,ncbi_only,Archaea,0.0
Natronogracilivirga,0,0,0.0,0.0,1,1,1,0.0,0.0,100.0,,,0,0,0,0,ncbi_only,Bacteria,0.0
Nanobdella,0,0,0.0,0.0,1,1,1,0.0,0.0,100.0,,,0,0,0,0,ncbi_only,Archaea,0.0
Ferranicluibacter,0,0,0.0,0.0,1,1,1,0.0,0.0,100.0,,,0,0,0,0,ncbi_only,Bacteria,0.0
Mangrovimicrobium,0,0,0.0,0.0,1,1,1,0.0,0.0,100.0,,,0,0,0,0,ncbi_only,Bacteria,0.0
Mangrovitalea,0,0,0.0,0.0,1,1,1,0.0,0.0,100.0,,,0,0,0,0,ncbi_only,Bacteria,0.0
Marinihelvus,0,0,0.0,0.0,1,1,1,0.0,0.0,100.0,,,0,0,0,0,ncbi_only,Bacteria,0.0
Marinigracilibium,0,0,0.0,0.0,1,1,1,0.0,0.0,100.0,,,0,0,0,0,ncbi_only,Bacteria,0.0
Marinifaba,0,0,0.0,0.0,1,1,1,0.0,0.0,100.0,,,0,0,0,0,ncbi_only,Bacteria,0.0
Marinicellulosiphila,0,0,0.0,0.0,1,1,1,0.0,0.0,100.0,,,0,0,0,0,ncbi_only,Bacteria,0.0
Mariluticola,0,0,0.0,0.0,1,1,1,0.0,0.0,100.0,,,0,0,0,0,ncbi_only,Bacteria,0.0
Marasmitruncus,0,0,0.0,0.0,1,1,1,0.0,0.0,100.0,,,0,0,0,0,ncbi_only,Bacteria,0.0
Natronoglycomyces,0,0,0.0,0.0,1,1,1,0.0,0.0,100.0,,,0,0,0,0,ncbi_only,Bacteria,0.0
Mangrovactinospora,0,0,0.0,0.0,1,1,1,0.0,0.0,100.0,,,0,0,0,0,ncbi_only,Bacteria,0.0
Mangrovicella,0,0,0.0,0.0,1,1,1,0.0,0.0,100.0,,,0,0,0,0,ncbi_only,Bacteria,0.0
Mangrovihabitans,0,0,0.0,0.0,1,1,1,0.0,0.0,100.0,,,0,0,0,0,ncbi_only,Bacteria,0.0
Perspicuibacillus,0,0,0.0,0.0,1,1,1,0.0,0.0,100.0,,,0,0,0,0,ncbi_only,Bacteria,0.0
Petrachloros,0,0,0.0,0.0,1,1,1,0.0,0.0,100.0,,,0,0,0,0,ncbi_only,Bacteria,0.0
Petralouisia,0,0,0.0,0.0,1,1,1,0.0,0.0,100.0,,,0,0,0,0,ncbi_only,Bacteria,0.0
Petropleomorpha,0,0,0.0,0.0,1,1,1,0.0,0.0,100.0,,,0,0,0,0,ncbi_only,Bacteria,0.0
Pelagihabitans,0,0,0.0,0.0,1,1,1,0.0,0.0,100.0,,,0,0,0,0,ncbi_only,Bacteria,0.0
Benzoatithermus,0,0,0.0,0.0,1,1,1,0.0,0.0,100.0,,,0,0,0,0,ncbi_only,Bacteria,0.0
Peloplasma,0,0,0.0,0.0,1,1,1,0.0,0.0,100.0,,,0,0,0,0,ncbi_only,Bacteria,0.0
Pelorhabdus,0,0,0.0,0.0,1,1,1,0.0,0.0,100.0,,,0,0,0,0,ncbi_only,Bacteria,0.0
Pelotalea,0,0,0.0,0.0,1,1,1,0.0,0.0,100.0,,,0,0,0,0,ncbi_only,Bacteria,0.0
Peiella,0,0,0.0,0.0,1,1,1,0.0,0.0,100.0,,,0,0,0,0,ncbi_only,Bacteria,0.0
Penaeicola,0,0,0.0,0.0,1,1,1,0.0,0.0,100.0,,,0,0,0,0,ncbi_only,Bacteria,0.0
Ferruginivarius,0,0,0.0,0.0,1,1,1,0.0,0.0,100.0,,,0,0,0,0,ncbi_only,Bacteria,0.0
Micrococcoides,0,0,0.0,0.0,1,1,1,0.0,0.0,100.0,,,0,0,0,0,ncbi_only,Bacteria,0.0
Methyloraptor,0,0,0.0,0.0,1,1,1,0.0,0.0,100.0,,,0,0,0,0,ncbi_only,Bacteria,0.0
Pelagivirga,0,0,0.0,0.0,1,1,1,0.0,0.0,100.0,,,0,0,0,0,ncbi_only,Bacteria,0.0
Neoactinobaculum,0,0,0.0,0.0,1,1,1,0.0,0.0,100.0,,,0,0,0,0,ncbi_only,Bacteria,0.0
Neogemmobacter,0,0,0.0,0.0,1,1,1,0.0,0.0,100.0,,,0,0,0,0,ncbi_only,Bacteria,0.0
Novisyntrophococcus,0,0,0.0,0.0,1,1,1,0.0,0.0,100.0,,,0,0,0,0,ncbi_only,Bacteria,0.0
Nucisporomicrobium,0,0,0.0,0.0,1,1,1,0.0,0.0,100.0,,,0,0,0,0,ncbi_only,Bacteria,0.0
Muriventricola,0,0,0.0,0.0,1,1,1,0.0,0.0,100.0,,,0,0,0,0,ncbi_only,Bacteria,0.0
Metallumcola,0,0,0.0,0.0,1,1,1,0.0,0.0,100.0,,,0,0,0,0,ncbi_only,Bacteria,0.0
Metaprevotella,0,0,0.0,0.0,1,1,1,0.0,0.0,100.0,,,0,0,0,0,ncbi_only,Bacteria,0.0
Methanochimaera,0,0,0.0,0.0,1,1,1,0.0,0.0,100.0,,,0,0,0,0,ncbi_only,Archaea,0.0
Manganibacter,0,0,0.0,0.0,1,1,1,0.0,0.0,100.0,,,0,0,0,0,ncbi_only,Bacteria,0.0
Methanovulcanius,0,0,0.0,0.0,1,1,1,0.0,0.0,100.0,,,0,0,0,0,ncbi_only,Archaea,0.0
Methylolobus,0,0,0.0,0.0,1,1,1,0.0,0.0,100.0,,,0,0,0,0,ncbi_only,Bacteria,0.0
Metarhizobium,0,0,0.0,0.0,1,1,1,0.0,0.0,100.0,,,0,0,0,0,ncbi_only,Bacteria,0.0
Mojavia,0,0,0.0,0.0,1,1,0,0.0,0.0,0.0,,,0,0,0,0,ncbi_only,Bacteria,0.0
Mongoliimonas,0,0,0.0,0.0,1,1,1,0.0,0.0,100.0,,,0,0,0,0,ncbi_only,Bacteria,0.0
Mesopusillimonas,0,0,0.0,0.0,1,1,1,0.0,0.0,100.0,,,0,0,0,0,ncbi_only,Bacteria,0.0
Marixanthotalea,0,0,0.0,0.0,1,1,1,0.0,0.0,100.0,,,0,0,0,0,ncbi_only,Bacteria,0.0
Marinimicrococcus,0,0,0.0,0.0,1,1,1,0.0,0.0,100.0,,,0,0,0,0,ncbi_only,Bacteria,0.0
Methanooceanicella,0,0,0.0,0.0,1,1,1,0.0,0.0,100.0,,,0,0,0,0,ncbi_only,Archaea,0.0
Amantichitinum,0,0,0.0,0.0,1,1,1,0.0,0.0,100.0,,,0,0,0,0,ncbi_only,Bacteria,0.0
Alterisphingorhabdus,0,0,0.0,0.0,1,1,1,0.0,0.0,100.0,,,0,0,0,0,ncbi_only,Bacteria,0.0
Alterinioella,0,0,0.0,0.0,1,1,1,0.0,0.0,100.0,,,0,0,0,0,ncbi_only,Bacteria,0.0
Altericista,0,0,0.0,0.0,1,1,1,0.0,0.0,100.0,,,0,0,0,0,ncbi_only,Bacteria,0.0
Alteracholeplasma,0,0,0.0,0.0,1,1,1,0.0,0.0,100.0,,,0,0,0,0,ncbi_only,Bacteria,0.0
Amnimonas,0,0,0.0,0.0,1,1,1,0.0,0.0,100.0,,,0,0,0,0,ncbi_only,Bacteria,0.0
Alexandriicola,0,0,0.0,0.0,1,1,1,0.0,0.0,100.0,,,0,0,0,0,ncbi_only,Bacteria,0.0
Albibacillus,0,0,0.0,0.0,1,1,1,0.0,0.0,100.0,,,0,0,0,0,ncbi_only,Bacteria,0.0
Algibacillus,0,0,0.0,0.0,1,1,1,0.0,0.0,100.0,,,0,0,0,0,ncbi_only,Bacteria,0.0
Almyronema,0,0,0.0,0.0,1,1,1,0.0,0.0,100.0,,,0,0,0,0,ncbi_only,Bacteria,0.0
Allostreptomyces,0,0,0.0,0.0,1,1,1,0.0,0.0,100.0,,,0,0,0,0,ncbi_only,Bacteria,0.0
Allosaccharopolyspora,0,0,0.0,0.0,1,1,1,0.0,0.0,100.0,,,0,0,0,0,ncbi_only,Bacteria,0.0
Adhaeretor,0,0,0.0,0.0,1,1,1,0.0,0.0,100.0,,,0,0,0,0,ncbi_only,Bacteria,0.0
Actomonas,0,0,0.0,0.0,1,1,1,0.0,0.0,100.0,,,0,0,0,0,ncbi_only,Bacteria,0.0
Aerosticca,0,0,0.0,0.0,1,1,1,0.0,0.0,100.0,,,0,0,0,0,ncbi_only,Bacteria,0.0
Microcosmobacter,0,0,0.0,0.0,1,1,1,0.0,0.0,100.0,,,0,0,0,0,ncbi_only,Bacteria,0.0
Atrimonas,0,0,0.0,0.0,1,1,1,0.0,0.0,100.0,,,0,0,0,0,ncbi_only,Bacteria,0.0
Anaerocaecibacter,0,0,0.0,0.0,1,1,1,0.0,0.0,100.0,,,0,0,0,0,ncbi_only,Bacteria,0.0
Anaerolentibacter,0,0,0.0,0.0,1,1,1,0.0,0.0,100.0,,,0,0,0,0,ncbi_only,Bacteria,0.0
Anaeropeptidivorans,0,0,0.0,0.0,1,1,1,0.0,0.0,100.0,,,0,0,0,0,ncbi_only,Bacteria,0.0
Aciduricibacillus,0,0,0.0,0.0,1,1,1,0.0,0.0,100.0,,,0,0,0,0,ncbi_only,Bacteria,0.0
Actinarchaeum,0,0,0.0,0.0,1,1,1,0.0,0.0,100.0,,,0,0,0,0,ncbi_only,Archaea,0.0
Actinomarinicola,0,0,0.0,0.0,1,1,1,0.0,0.0,100.0,,,0,0,0,0,ncbi_only,Bacteria,0.0
Agilicoccus,0,0,0.0,0.0,1,1,1,0.0,0.0,100.0,,,0,0,0,0,ncbi_only,Bacteria,0.0
Abyssalbus,0,0,0.0,0.0,1,1,1,0.0,0.0,100.0,,,0,0,0,0,ncbi_only,Bacteria,0.0
Abyssibius,0,0,0.0,0.0,1,1,1,0.0,0.0,100.0,,,0,0,0,0,ncbi_only,Bacteria,0.0
Abyssisolibacter,0,0,0.0,0.0,1,1,1,0.0,0.0,100.0,,,0,0,0,0,ncbi_only,Bacteria,0.0
Actirhodobacter,0,0,0.0,0.0,1,1,1,0.0,0.0,100.0,,,0,0,0,0,ncbi_only,Bacteria,0.0
Affinibrenneria,0,0,0.0,0.0,1,1,1,0.0,0.0,100.0,,,0,0,0,0,ncbi_only,Bacteria,0.0
Africanella,0,0,0.0,0.0,1,1,1,0.0,0.0,100.0,,,0,0,0,0,ncbi_only,Bacteria,0.0
Agaribacillus,0,0,0.0,0.0,1,1,1,0.0,0.0,100.0,,,0,0,0,0,ncbi_only,Bacteria,0.0
Aggregatimonas,0,0,0.0,0.0,1,1,1,0.0,0.0,100.0,,,0,0,0,0,ncbi_only,Bacteria,0.0
Aceticella,0,0,0.0,0.0,1,1,1,0.0,0.0,100.0,,,0,0,0,0,ncbi_only,Bacteria,0.0
Banduia,0,0,0.0,0.0,1,1,1,0.0,0.0,100.0,,,0,0,0,0,ncbi_only,Bacteria,0.0
Bengtsoniella,0,0,0.0,0.0,1,1,1,0.0,0.0,100.0,,,0,0,0,0,ncbi_only,Bacteria,0.0
Bailinhaonella,0,0,0.0,0.0,1,1,1,0.0,0.0,100.0,,,0,0,0,0,ncbi_only,Bacteria,0.0
Beduinella,0,0,0.0,0.0,1,1,1,0.0,0.0,100.0,,,0,0,0,0,ncbi_only,Bacteria,0.0
Brunnivagina,0,0,0.0,0.0,1,1,1,0.0,0.0,100.0,,,0,0,0,0,ncbi_only,Bacteria,0.0
Brucepastera,0,0,0.0,0.0,1,1,1,0.0,0.0,100.0,,,0,0,0,0,ncbi_only,Bacteria,0.0
Brotonthovivens,0,0,0.0,0.0,1,1,1,0.0,0.0,100.0,,,0,0,0,0,ncbi_only,Bacteria,0.0
Brotomerdimonas,0,0,0.0,0.0,1,1,1,0.0,0.0,100.0,,,0,0,0,0,ncbi_only,Bacteria,0.0
Caenibacillus,0,0,0.0,0.0,1,1,1,0.0,0.0,100.0,,,0,0,0,0,ncbi_only,Bacteria,0.0
Botryobacter,0,0,0.0,0.0,1,1,1,0.0,0.0,100.0,,,0,0,0,0,ncbi_only,Bacteria,0.0
Borborobacter,0,0,0.0,0.0,1,1,1,0.0,0.0,100.0,,,0,0,0,0,ncbi_only,Bacteria,0.0
Bovifimicola,0,0,0.0,0.0,1,1,1,0.0,0.0,100.0,,,0,0,0,0,ncbi_only,Bacteria,0.0
Breznakiella,0,0,0.0,0.0,1,1,1,0.0,0.0,100.0,,,0,0,0,0,ncbi_only,Bacteria,0.0
Allocoprobacillus,0,0,0.0,0.0,1,1,1,0.0,0.0,100.0,,,0,0,0,0,ncbi_only,Bacteria,0.0
Allocatenococcus,0,0,0.0,0.0,1,1,1,0.0,0.0,100.0,,,0,0,0,0,ncbi_only,Bacteria,0.0
Amazonocrinis,0,0,0.0,0.0,1,1,1,0.0,0.0,100.0,,,0,0,0,0,ncbi_only,Bacteria,0.0
Aminithiophilus,0,0,0.0,0.0,1,1,1,0.0,0.0,100.0,,,0,0,0,0,ncbi_only,Bacteria,0.0
Acidiluteibacter,0,0,0.0,0.0,1,1,1,0.0,0.0,100.0,,,0,0,0,0,ncbi_only,Bacteria,0.0
Acidilutibacter,0,0,0.0,0.0,1,1,1,0.0,0.0,100.0,,,0,0,0,0,ncbi_only,Bacteria,0.0
Bianquea,0,0,0.0,0.0,1,1,1,0.0,0.0,100.0,,,0,0,0,0,ncbi_only,Bacteria,0.0
Caldichromatium,0,0,0.0,0.0,1,1,1,0.0,0.0,100.0,,,0,0,0,0,ncbi_only,Bacteria,0.0
Camelliibacillus,0,0,0.0,0.0,1,1,1,0.0,0.0,100.0,,,0,0,0,0,ncbi_only,Bacteria,0.0
Calycomorphotria,0,0,0.0,0.0,1,1,1,0.0,0.0,100.0,,,0,0,0,0,ncbi_only,Bacteria,0.0
Algicella,0,0,0.0,0.0,1,1,1,0.0,0.0,100.0,,,0,0,0,0,ncbi_only,Bacteria,0.0
Alginatibacterium,0,0,0.0,0.0,1,1,1,0.0,0.0,100.0,,,0,0,0,0,ncbi_only,Bacteria,0.0
Algirhabdus,0,0,0.0,0.0,1,1,1,0.0,0.0,100.0,,,0,0,0,0,ncbi_only,Bacteria,0.0
Aliigemmobacter,0,0,0.0,0.0,1,1,1,0.0,0.0,100.0,,,0,0,0,0,ncbi_only,Bacteria,0.0
Aliitabrizicola,0,0,0.0,0.0,1,1,1,0.0,0.0,100.0,,,0,0,0,0,ncbi_only,Bacteria,0.0
Alkalicaulis,0,0,0.0,0.0,1,1,1,0.0,0.0,100.0,,,0,0,0,0,ncbi_only,Bacteria,0.0
Alkalicella,0,0,0.0,0.0,1,1,1,0.0,0.0,100.0,,,0,0,0,0,ncbi_only,Bacteria,0.0
Alkalisalibacterium,0,0,0.0,0.0,1,1,1,0.0,0.0,100.0,,,0,0,0,0,ncbi_only,Bacteria,0.0
Alkalispirillum,0,0,0.0,0.0,1,1,1,0.0,0.0,100.0,,,0,0,0,0,ncbi_only,Bacteria,0.0
Calorimonas,0,0,0.0,0.0,1,1,1,0.0,0.0,100.0,,,0,0,0,0,ncbi_only,Bacteria,0.0
Gaoshiqia,0,0,0.0,0.0,1,1,1,0.0,0.0,100.0,,,0,0,0,0,ncbi_only,Bacteria,0.0
Gandjariella,0,0,0.0,0.0,1,1,1,0.0,0.0,100.0,,,0,0,0,0,ncbi_only,Bacteria,0.0
Gynurincola,0,0,0.0,0.0,1,1,1,0.0,0.0,100.0,,,0,0,0,0,ncbi_only,Bacteria,0.0
Flagellatimonas,0,0,0.0,0.0,1,1,1,0.0,0.0,100.0,,,0,0,0,0,ncbi_only,Bacteria,0.0
Flaviflagellibacter,0,0,0.0,0.0,1,1,1,0.0,0.0,100.0,,,0,0,0,0,ncbi_only,Bacteria,0.0
Flavimaribacter,0,0,0.0,0.0,1,1,1,0.0,0.0,100.0,,,0,0,0,0,ncbi_only,Bacteria,0.0
Fidelibacter,0,0,0.0,0.0,1,1,1,0.0,0.0,100.0,,,0,0,0,0,ncbi_only,Bacteria,0.0
Fibrivirga,0,0,0.0,0.0,1,1,1,0.0,0.0,100.0,,,0,0,0,0,ncbi_only,Bacteria,0.0
Ferviditalea,0,0,0.0,0.0,1,1,1,0.0,0.0,100.0,,,0,0,0,0,ncbi_only,Bacteria,0.0
Fertoeibacter,0,0,0.0,0.0,1,1,1,0.0,0.0,100.0,,,0,0,0,0,ncbi_only,Bacteria,0.0
Formicincola,0,0,0.0,0.0,1,1,1,0.0,0.0,100.0,,,0,0,0,0,ncbi_only,Bacteria,0.0
Flocculibacter,0,0,0.0,0.0,1,1,1,0.0,0.0,100.0,,,0,0,0,0,ncbi_only,Bacteria,0.0
Fontisubflavum,0,0,0.0,0.0,1,1,1,0.0,0.0,100.0,,,0,0,0,0,ncbi_only,Bacteria,0.0
Fontisphaera,0,0,0.0,0.0,1,1,1,0.0,0.0,100.0,,,0,0,0,0,ncbi_only,Bacteria,0.0
Foetidibacter,0,0,0.0,0.0,1,1,1,0.0,0.0,100.0,,,0,0,0,0,ncbi_only,Bacteria,0.0
Anianabacter,0,0,0.0,0.0,1,1,1,0.0,0.0,100.0,,,0,0,0,0,ncbi_only,Bacteria,0.0
Hydrocarboniclastica,0,0,0.0,0.0,1,1,1,0.0,0.0,100.0,,,0,0,0,0,ncbi_only,Bacteria,0.0
Hujiaoplasma,0,0,0.0,0.0,1,1,1,0.0,0.0,100.0,,,0,0,0,0,ncbi_only,Bacteria,0.0
Hugonella,0,0,0.0,0.0,1,1,1,0.0,0.0,100.0,,,0,0,0,0,ncbi_only,Bacteria,0.0
Huaxiibacter,0,0,0.0,0.0,1,1,1,0.0,0.0,100.0,,,0,0,0,0,ncbi_only,Bacteria,0.0
Hydrosulfovibrio,0,0,0.0,0.0,1,1,1,0.0,0.0,100.0,,,0,0,0,0,ncbi_only,Bacteria,0.0
Heteroscytonema,0,0,0.0,0.0,1,1,0,0.0,0.0,0.0,,,0,0,0,0,ncbi_only,Bacteria,0.0
Hongsoonwoonella,0,0,0.0,0.0,1,1,1,0.0,0.0,100.0,,,0,0,0,0,ncbi_only,Bacteria,0.0
Hominicola,0,0,0.0,0.0,1,1,1,0.0,0.0,100.0,,,0,0,0,0,ncbi_only,Bacteria,0.0
Holtiella,0,0,0.0,0.0,1,1,1,0.0,0.0,100.0,,,0,0,0,0,ncbi_only,Bacteria,0.0
Hohaiivirga,0,0,0.0,0.0,1,1,1,0.0,0.0,100.0,,,0,0,0,0,ncbi_only,Bacteria,0.0
Gallalistipes,0,0,0.0,0.0,1,1,1,0.0,0.0,100.0,,,0,0,0,0,ncbi_only,Bacteria,0.0
Gabonia,0,0,0.0,0.0,1,1,1,0.0,0.0,100.0,,,0,0,0,0,ncbi_only,Bacteria,0.0
Futiania,0,0,0.0,0.0,1,1,1,0.0,0.0,100.0,,,0,0,0,0,ncbi_only,Bacteria,0.0
Fusibacillus,0,0,0.0,0.0,1,1,1,0.0,0.0,100.0,,,0,0,0,0,ncbi_only,Bacteria,0.0
Fuscibacter,0,0,0.0,0.0,1,1,1,0.0,0.0,100.0,,,0,0,0,0,ncbi_only,Bacteria,0.0
Fodinisporobacter,0,0,0.0,0.0,1,1,1,0.0,0.0,100.0,,,0,0,0,0,ncbi_only,Bacteria,0.0
Luteithermobacter,0,0,0.0,0.0,1,1,1,0.0,0.0,100.0,,,0,0,0,0,ncbi_only,Bacteria,0.0
Lusitaniella,0,0,0.0,0.0,1,1,1,0.0,0.0,100.0,,,0,0,0,0,ncbi_only,Bacteria,0.0
Luoshenia,0,0,0.0,0.0,1,1,1,0.0,0.0,100.0,,,0,0,0,0,ncbi_only,Bacteria,0.0
Lunatibacter,0,0,0.0,0.0,1,1,1,0.0,0.0,100.0,,,0,0,0,0,ncbi_only,Bacteria,0.0
Litoribacterium,0,0,0.0,0.0,1,1,1,0.0,0.0,100.0,,,0,0,0,0,ncbi_only,Bacteria,0.0
Litorihabitans,0,0,0.0,0.0,1,1,1,0.0,0.0,100.0,,,0,0,0,0,ncbi_only,Bacteria,0.0
Longibacter,0,0,0.0,0.0,1,1,1,0.0,0.0,100.0,,,0,0,0,0,ncbi_only,Bacteria,0.0
Lucifera,0,0,0.0,0.0,1,1,1,0.0,0.0,100.0,,,0,0,0,0,ncbi_only,Bacteria,0.0
Indioceanicola,0,0,0.0,0.0,1,1,1,0.0,0.0,100.0,,,0,0,0,0,ncbi_only,Bacteria,0.0
Indiicoccus,0,0,0.0,0.0,1,1,1,0.0,0.0,100.0,,,0,0,0,0,ncbi_only,Bacteria,0.0
Kumtagia,0,0,0.0,0.0,1,1,1,0.0,0.0,100.0,,,0,0,0,0,ncbi_only,Bacteria,0.0
Ktedonospora,0,0,0.0,0.0,1,1,1,0.0,0.0,100.0,,,0,0,0,0,ncbi_only,Bacteria,0.0
Kovacikia,0,0,0.0,0.0,1,1,1,0.0,0.0,100.0,,,0,0,0,0,ncbi_only,Bacteria,0.0
Konateibacter,0,0,0.0,0.0,1,1,1,0.0,0.0,100.0,,,0,0,0,0,ncbi_only,Bacteria,0.0
Kolteria,0,0,0.0,0.0,1,1,1,0.0,0.0,100.0,,,0,0,0,0,ncbi_only,Bacteria,0.0
Limnofasciculus,0,0,0.0,0.0,1,1,1,0.0,0.0,100.0,,,0,0,0,0,ncbi_only,Bacteria,0.0
Limnovirga,0,0,0.0,0.0,1,1,1,0.0,0.0,100.0,,,0,0,0,0,ncbi_only,Bacteria,0.0
Ihuprevotella,0,0,0.0,0.0,1,1,1,0.0,0.0,100.0,,,0,0,0,0,ncbi_only,Bacteria,0.0
Jejubacter,0,0,0.0,0.0,1,1,1,0.0,0.0,100.0,,,0,0,0,0,ncbi_only,Bacteria,0.0
Jezberella,0,0,0.0,0.0,1,1,1,0.0,0.0,100.0,,,0,0,0,0,ncbi_only,Bacteria,0.0
Jidongwangia,0,0,0.0,0.0,1,1,1,0.0,0.0,100.0,,,0,0,0,0,ncbi_only,Bacteria,0.0
Maccoya,0,0,0.0,0.0,1,1,1,0.0,0.0,100.0,,,0,0,0,0,ncbi_only,Bacteria,0.0
Mabikibacter,0,0,0.0,0.0,1,1,1,0.0,0.0,100.0,,,0,0,0,0,ncbi_only,Bacteria,0.0
Inediibacterium,0,0,0.0,0.0,1,1,1,0.0,0.0,100.0,,,0,0,0,0,ncbi_only,Bacteria,0.0
Lepagella,0,0,0.0,0.0,1,1,1,0.0,0.0,100.0,,,0,0,0,0,ncbi_only,Bacteria,0.0
Leadbettera,0,0,0.0,0.0,1,1,1,0.0,0.0,100.0,,,0,0,0,0,ncbi_only,Bacteria,0.0
Leekyejoonella,0,0,0.0,0.0,1,1,1,0.0,0.0,100.0,,,0,0,0,0,ncbi_only,Bacteria,0.0
Lentiprolixibacter,0,0,0.0,0.0,1,1,1,0.0,0.0,100.0,,,0,0,0,0,ncbi_only,Bacteria,0.0
Limibacterium,0,0,0.0,0.0,1,1,1,0.0,0.0,100.0,,,0,0,0,0,ncbi_only,Bacteria,0.0
Limihaloglobus,0,0,0.0,0.0,1,1,1,0.0,0.0,100.0,,,0,0,0,0,ncbi_only,Bacteria,0.0
Limisalsivibrio,0,0,0.0,0.0,1,1,1,0.0,0.0,100.0,,,0,0,0,0,ncbi_only,Bacteria,0.0
Insulibacter,0,0,0.0,0.0,1,1,1,0.0,0.0,100.0,,,0,0,0,0,ncbi_only,Bacteria,0.0
Leptodesmis,0,0,0.0,0.0,1,1,1,0.0,0.0,100.0,,,0,0,0,0,ncbi_only,Bacteria,0.0
Occidentia,0,0,0.0,0.0,1,1,1,0.0,0.0,100.0,,,0,0,0,0,ncbi_only,Bacteria,0.0
Ollibium,0,0,0.0,0.0,1,1,1,0.0,0.0,100.0,,,0,0,0,0,ncbi_only,Bacteria,0.0
Oligosphaera,0,0,0.0,0.0,1,1,1,0.0,0.0,100.0,,,0,0,0,0,ncbi_only,Bacteria,0.0
Oleomonas,0,0,0.0,0.0,1,1,1,0.0,0.0,100.0,,,0,0,0,0,ncbi_only,Bacteria,0.0
Oleispirillum,0,0,0.0,0.0,1,1,1,0.0,0.0,100.0,,,0,0,0,0,ncbi_only,Bacteria,0.0
Oleisolibacter,0,0,0.0,0.0,1,1,1,0.0,0.0,100.0,,,0,0,0,0,ncbi_only,Bacteria,0.0
Okeanomitos,0,0,0.0,0.0,1,1,1,0.0,0.0,100.0,,,0,0,0,0,ncbi_only,Bacteria,0.0
Oikeobacillus,0,0,0.0,0.0,1,1,1,0.0,0.0,100.0,,,0,0,0,0,ncbi_only,Bacteria,0.0
Ostreibacterium,0,0,0.0,0.0,1,1,1,0.0,0.0,100.0,,,0,0,0,0,ncbi_only,Bacteria,0.0
Parachitinimonas,0,0,0.0,0.0,1,1,1,0.0,0.0,100.0,,,0,0,0,0,ncbi_only,Bacteria,0.0
Parachryseolinea,0,0,0.0,0.0,1,1,1,0.0,0.0,100.0,,,0,0,0,0,ncbi_only,Bacteria,0.0
Paracidobacterium,0,0,0.0,0.0,1,1,1,0.0,0.0,100.0,,,0,0,0,0,ncbi_only,Bacteria,0.0
Paracnuella,0,0,0.0,0.0,1,1,1,0.0,0.0,100.0,,,0,0,0,0,ncbi_only,Bacteria,0.0
Pannus,0,0,0.0,0.0,1,1,1,0.0,0.0,100.0,,,0,0,0,0,ncbi_only,Bacteria,0.0
Paradesulfitobacterium,0,0,0.0,0.0,1,1,1,0.0,0.0,100.0,,,0,0,0,0,ncbi_only,Bacteria,0.0
Gehongia,0,0,0.0,0.0,1,1,1,0.0,0.0,100.0,,,0,0,0,0,ncbi_only,Bacteria,0.0
Metallococcus,0,0,0.0,0.0,1,1,1,0.0,0.0,100.0,,,0,0,0,0,ncbi_only,Bacteria,0.0
Oryzibacter,0,0,0.0,0.0,1,1,1,0.0,0.0,100.0,,,0,0,0,0,ncbi_only,Bacteria,0.0
Oryzicola,0,0,0.0,0.0,1,1,1,0.0,0.0,100.0,,,0,0,0,0,ncbi_only,Bacteria,0.0
Pararoseburia,0,0,0.0,0.0,1,1,0,0.0,0.0,0.0,,,0,0,0,0,ncbi_only,Bacteria,0.0
Philodulcilactobacillus,0,0,0.0,0.0,1,1,1,0.0,0.0,100.0,,,0,0,0,0,ncbi_only,Bacteria,0.0
Phototrophicus,0,0,0.0,0.0,1,1,1,0.0,0.0,100.0,,,0,0,0,0,ncbi_only,Bacteria,0.0
Pirellulimonas,0,0,0.0,0.0,1,1,1,0.0,0.0,100.0,,,0,0,0,0,ncbi_only,Bacteria,0.0
Phaeacidiphilus,0,0,0.0,0.0,1,1,1,0.0,0.0,100.0,,,0,0,0,0,ncbi_only,Bacteria,0.0
Phytohalomonas,0,0,0.0,0.0,1,1,1,0.0,0.0,100.0,,,0,0,0,0,ncbi_only,Bacteria,0.0
Parvivirga,0,0,0.0,0.0,1,1,1,0.0,0.0,100.0,,,0,0,0,0,ncbi_only,Bacteria,0.0
Parasphaerochaeta,0,0,0.0,0.0,1,1,1,0.0,0.0,100.0,,,0,0,0,0,ncbi_only,Bacteria,0.0
Parasulfitobacter,0,0,0.0,0.0,1,1,1,0.0,0.0,100.0,,,0,0,0,0,ncbi_only,Bacteria,0.0
Parathalassolituus,0,0,0.0,0.0,1,1,1,0.0,0.0,100.0,,,0,0,0,0,ncbi_only,Bacteria,0.0
Parathermosynechococcus,0,0,0.0,0.0,1,1,1,0.0,0.0,100.0,,,0,0,0,0,ncbi_only,Bacteria,0.0
Paratissierella,0,0,0.0,0.0,1,1,1,0.0,0.0,100.0,,,0,0,0,0,ncbi_only,Bacteria,0.0
Paraurantiacibacter,0,0,0.0,0.0,1,1,1,0.0,0.0,100.0,,,0,0,0,0,ncbi_only,Bacteria,0.0
Planctellipticum,0,0,0.0,0.0,1,1,1,0.0,0.0,100.0,,,0,0,0,0,ncbi_only,Bacteria,0.0
Helicovermis,0,0,0.0,0.0,1,1,1,0.0,0.0,100.0,,,0,0,0,0,ncbi_only,Bacteria,0.0
Heliomarina,0,0,0.0,0.0,1,1,1,0.0,0.0,100.0,,,0,0,0,0,ncbi_only,Bacteria,0.0
Halalkalirubrum,0,0,0.0,0.0,1,1,1,0.0,0.0,100.0,,,0,0,0,0,ncbi_only,Archaea,0.0
Haliovirga,0,0,0.0,0.0,1,1,1,0.0,0.0,100.0,,,0,0,0,0,ncbi_only,Bacteria,0.0
Harenicola,0,0,0.0,0.0,1,1,1,0.0,0.0,100.0,,,0,0,0,0,ncbi_only,Bacteria,0.0
Hankyongella,0,0,0.0,0.0,1,1,1,0.0,0.0,100.0,,,0,0,0,0,ncbi_only,Bacteria,0.0
Haloflavibacter,0,0,0.0,0.0,1,1,1,0.0,0.0,100.0,,,0,0,0,0,ncbi_only,Bacteria,0.0
Halovalidus,0,0,0.0,0.0,1,1,1,0.0,0.0,100.0,,,0,0,0,0,ncbi_only,Archaea,0.0
Halostreptopolyspora,0,0,0.0,0.0,1,1,1,0.0,0.0,100.0,,,0,0,0,0,ncbi_only,Bacteria,0.0
Halosaccharopolyspora,0,0,0.0,0.0,1,1,1,0.0,0.0,100.0,,,0,0,0,0,ncbi_only,Bacteria,0.0
Halorutilus,0,0,0.0,0.0,1,1,1,0.0,0.0,100.0,,,0,0,0,0,ncbi_only,Archaea,0.0
Halonatronomonas,0,0,0.0,0.0,1,1,1,0.0,0.0,100.0,,,0,0,0,0,ncbi_only,Bacteria,0.0
Halomicrococcus,0,0,0.0,0.0,1,1,1,0.0,0.0,100.0,,,0,0,0,0,ncbi_only,Archaea,0.0
Halomarinibacterium,0,0,0.0,0.0,1,1,1,0.0,0.0,100.0,,,0,0,0,0,ncbi_only,Bacteria,0.0
Hutsoniella,0,0,0.0,0.0,1,1,1,0.0,0.0,100.0,,,0,0,0,0,ncbi_only,Bacteria,0.0
Pararhodonellum,0,0,0.0,0.0,1,1,1,0.0,0.0,100.0,,,0,0,0,0,ncbi_only,Bacteria,0.0
Maliibacterium,0,0,0.0,0.0,1,1,1,0.0,0.0,100.0,,,0,0,0,0,ncbi_only,Bacteria,0.0
Maliponia,0,0,0.0,0.0,1,1,1,0.0,0.0,100.0,,,0,0,0,0,ncbi_only,Bacteria,0.0
Pacificoceanicola,0,0,0.0,0.0,1,1,1,0.0,0.0,100.0,,,0,0,0,0,ncbi_only,Bacteria,0.0
Paenalkalicoccus,0,0,0.0,0.0,1,1,1,0.0,0.0,100.0,,,0,0,0,0,ncbi_only,Bacteria,0.0
Paludibacillus,0,0,0.0,0.0,1,1,1,0.0,0.0,100.0,,,0,0,0,0,ncbi_only,Bacteria,0.0
Paludifilum,0,0,0.0,0.0,1,1,1,0.0,0.0,100.0,,,0,0,0,0,ncbi_only,Bacteria,0.0
Otoolea,0,0,0.0,0.0,1,1,1,0.0,0.0,100.0,,,0,0,0,0,ncbi_only,Bacteria,0.0
Hydrobacter,0,0,0.0,0.0,1,1,1,0.0,0.0,100.0,,,0,0,0,0,ncbi_only,Bacteria,0.0
Oxyplasma,0,0,0.0,0.0,1,1,1,0.0,0.0,100.0,,,0,0,0,0,ncbi_only,Archaea,0.0
Paraherbaspirillum,0,0,0.0,0.0,1,1,1,0.0,0.0,100.0,,,0,0,0,0,ncbi_only,Bacteria,0.0
Paralabilibaculum,0,0,0.0,0.0,1,1,1,0.0,0.0,100.0,,,0,0,0,0,ncbi_only,Bacteria,0.0
Paralimibaculum,0,0,0.0,0.0,1,1,1,0.0,0.0,100.0,,,0,0,0,0,ncbi_only,Bacteria,0.0
Paraliomyxa,0,0,0.0,0.0,1,1,1,0.0,0.0,100.0,,,0,0,0,0,ncbi_only,Bacteria,0.0
Paramixta,0,0,0.0,0.0,1,1,1,0.0,0.0,100.0,,,0,0,0,0,ncbi_only,Bacteria,0.0
Parapontixanthobacter,0,0,0.0,0.0,1,1,1,0.0,0.0,100.0,,,0,0,0,0,ncbi_only,Bacteria,0.0
Paramesorhizobium,0,0,0.0,0.0,1,1,1,0.0,0.0,100.0,,,0,0,0,0,ncbi_only,Bacteria,0.0
Owariibacterium,0,0,0.0,0.0,1,1,0,0.0,0.0,0.0,,,0,0,0,0,ncbi_only,Bacteria,0.0
Saliniradius,0,0,0.0,0.0,1,1,1,0.0,0.0,100.0,,,0,0,0,0,ncbi_only,Bacteria,0.0
Pseudosporangium,0,0,0.0,0.0,1,1,1,0.0,0.0,100.0,,,0,0,0,0,ncbi_only,Bacteria,0.0
Salinirarus,0,0,0.0,0.0,1,1,1,0.0,0.0,100.0,,,0,0,0,0,ncbi_only,Archaea,0.0
Variimorphobacter,0,0,0.0,0.0,1,1,1,0.0,0.0,100.0,,,0,0,0,0,ncbi_only,Bacteria,0.0
Thalassoroseus,0,0,0.0,0.0,1,1,1,0.0,0.0,100.0,,,0,0,0,0,ncbi_only,Bacteria,0.0
Vasconcelosia,0,0,0.0,0.0,1,1,1,0.0,0.0,100.0,,,0,0,0,0,ncbi_only,Bacteria,0.0
Salinilacihabitans,0,0,0.0,0.0,1,1,1,0.0,0.0,100.0,,,0,0,0,0,ncbi_only,Archaea,0.0
Polluticoccus,0,0,0.0,0.0,1,1,1,0.0,0.0,100.0,,,0,0,0,0,ncbi_only,Bacteria,0.0
Rohdeia,0,0,0.0,0.0,1,1,1,0.0,0.0,100.0,,,0,0,0,0,ncbi_only,Bacteria,0.0
Youxingia,0,0,0.0,0.0,1,1,1,0.0,0.0,100.0,,,0,0,0,0,ncbi_only,Bacteria,0.0
Romeriopsis,0,0,0.0,0.0,1,1,1,0.0,0.0,100.0,,,0,0,0,0,ncbi_only,Bacteria,0.0
Yanshouia,0,0,0.0,0.0,1,1,1,0.0,0.0,100.0,,,0,0,0,0,ncbi_only,Bacteria,0.0
Yanghanlia,0,0,0.0,0.0,1,1,1,0.0,0.0,100.0,,,0,0,0,0,ncbi_only,Bacteria,0.0
Yeguia,0,0,0.0,0.0,1,1,1,0.0,0.0,100.0,,,0,0,0,0,ncbi_only,Bacteria,0.0
Yunchengibacter,0,0,0.0,0.0,1,1,1,0.0,0.0,100.0,,,0,0,0,0,ncbi_only,Bacteria,0.0
Thermovorax,0,0,0.0,0.0,1,1,1,0.0,0.0,100.0,,,0,0,0,0,ncbi_only,Bacteria,0.0
Zemynaea,0,0,0.0,0.0,1,1,1,0.0,0.0,100.0,,,0,0,0,0,ncbi_only,Bacteria,0.0
Rhizohabitans,0,0,0.0,0.0,1,1,1,0.0,0.0,100.0,,,0,0,0,0,ncbi_only,Bacteria,0.0
Staphylospora,0,0,0.0,0.0,1,1,1,0.0,0.0,100.0,,,0,0,0,0,ncbi_only,Bacteria,0.0
Rippkaea,0,0,0.0,0.0,1,1,1,0.0,0.0,100.0,,,0,0,0,0,ncbi_only,Bacteria,0.0
Rhinopithecimicrobium,0,0,0.0,0.0,1,1,1,0.0,0.0,100.0,,,0,0,0,0,ncbi_only,Bacteria,0.0
Solihabitans,0,0,0.0,0.0,1,1,1,0.0,0.0,100.0,,,0,0,0,0,ncbi_only,Bacteria,0.0
Solirubrum,0,0,0.0,0.0,1,1,1,0.0,0.0,100.0,,,0,0,0,0,ncbi_only,Bacteria,0.0
Sphaerothrix,0,0,0.0,0.0,1,1,1,0.0,0.0,100.0,,,0,0,0,0,ncbi_only,Bacteria,0.0
Rhizomonospora,0,0,0.0,0.0,1,1,1,0.0,0.0,100.0,,,0,0,0,0,ncbi_only,Bacteria,0.0
Rhizosphaericola,0,0,0.0,0.0,1,1,1,0.0,0.0,100.0,,,0,0,0,0,ncbi_only,Bacteria,0.0
Zhaonella,0,0,0.0,0.0,1,1,1,0.0,0.0,100.0,,,0,0,0,0,ncbi_only,Bacteria,0.0
Rhizosaccharibacter,0,0,0.0,0.0,1,1,1,0.0,0.0,100.0,,,0,0,0,0,ncbi_only,Bacteria,0.0
Timaviella,0,0,0.0,0.0,1,1,0,0.0,0.0,0.0,,,0,0,0,0,ncbi_only,Bacteria,0.0
Zophobihabitans,0,0,0.0,0.0,1,1,1,0.0,0.0,100.0,,,0,0,0,0,ncbi_only,Bacteria,0.0
Splendidivirga,0,0,0.0,0.0,1,1,1,0.0,0.0,100.0,,,0,0,0,0,ncbi_only,Bacteria,0.0
Zarconia,0,0,0.0,0.0,1,1,1,0.0,0.0,100.0,,,0,0,0,0,ncbi_only,Bacteria,0.0
Vampirococcus,0,0,0.0,0.0,1,1,1,0.0,0.0,100.0,,,0,0,0,0,ncbi_only,Bacteria,0.0
Tenebrionibacter,0,0,0.0,0.0,1,1,1,0.0,0.0,100.0,,,0,0,0,0,ncbi_only,Bacteria,0.0
Salmonirosea,0,0,0.0,0.0,1,1,1,0.0,0.0,100.0,,,0,0,0,0,ncbi_only,Bacteria,0.0
Puteibacter,0,0,0.0,0.0,1,1,1,0.0,0.0,100.0,,,0,0,0,0,ncbi_only,Bacteria,0.0
Vaginimicrobium,0,0,0.0,0.0,1,1,1,0.0,0.0,100.0,,,0,0,0,0,ncbi_only,Bacteria,0.0
Tetzosporium,0,0,0.0,0.0,1,1,1,0.0,0.0,100.0,,,0,0,0,0,ncbi_only,Bacteria,0.0
Utexia,0,0,0.0,0.0,1,1,1,0.0,0.0,100.0,,,0,0,0,0,ncbi_only,Bacteria,0.0
Rasiella,0,0,0.0,0.0,1,1,1,0.0,0.0,100.0,,,0,0,0,0,ncbi_only,Bacteria,0.0
Pyrofollis,0,0,0.0,0.0,1,1,1,0.0,0.0,100.0,,,0,0,0,0,ncbi_only,Archaea,0.0
Taurinivorans,0,0,0.0,0.0,1,1,1,0.0,0.0,100.0,,,0,0,0,0,ncbi_only,Bacteria,0.0
Pseudokordiimonas,0,0,0.0,0.0,1,1,1,0.0,0.0,100.0,,,0,0,0,0,ncbi_only,Bacteria,0.0
Qingrenia,0,0,0.0,0.0,1,1,1,0.0,0.0,100.0,,,0,0,0,0,ncbi_only,Bacteria,0.0
Scleromatobacter,0,0,0.0,0.0,1,1,1,0.0,0.0,100.0,,,0,0,0,0,ncbi_only,Bacteria,0.0
Qiania,0,0,0.0,0.0,1,1,1,0.0,0.0,100.0,,,0,0,0,0,ncbi_only,Bacteria,0.0
Qaidamihabitans,0,0,0.0,0.0,1,1,1,0.0,0.0,100.0,,,0,0,0,0,ncbi_only,Bacteria,0.0
Pseudoseohaeicola,0,0,0.0,0.0,1,1,1,0.0,0.0,100.0,,,0,0,0,0,ncbi_only,Bacteria,0.0
Pseudopelagicola,0,0,0.0,0.0,1,1,0,0.0,0.0,0.0,,,0,0,0,0,ncbi_only,Bacteria,0.0
Salinibius,0,0,0.0,0.0,1,1,1,0.0,0.0,100.0,,,0,0,0,0,ncbi_only,Bacteria,0.0
Tumidithrix,0,0,0.0,0.0,1,1,1,0.0,0.0,100.0,,,0,0,0,0,ncbi_only,Bacteria,0.0
Pseudopontixanthobacter,0,0,0.0,0.0,1,1,1,0.0,0.0,100.0,,,0,0,0,0,ncbi_only,Bacteria,0.0
Pseudoponticoccus,0,0,0.0,0.0,1,1,1,0.0,0.0,100.0,,,0,0,0,0,ncbi_only,Bacteria,0.0
Salinadaptatus,0,0,0.0,0.0,1,1,1,0.0,0.0,100.0,,,0,0,0,0,ncbi_only,Archaea,0.0
Pseudoprevotella,0,0,0.0,0.0,1,1,1,0.0,0.0,100.0,,,0,0,0,0,ncbi_only,Bacteria,0.0
Tardibacter,0,0,0.0,0.0,1,1,1,0.0,0.0,100.0,,,0,0,0,0,ncbi_only,Bacteria,0.0
Terripilifer,0,0,0.0,0.0,1,1,1,0.0,0.0,100.0,,,0,0,0,0,ncbi_only,Bacteria,0.0
Terrirubrum,0,0,0.0,0.0,1,1,1,0.0,0.0,100.0,,,0,0,0,0,ncbi_only,Bacteria,0.0
Pukyongiella,0,0,0.0,0.0,1,1,1,0.0,0.0,100.0,,,0,0,0,0,ncbi_only,Bacteria,0.0
Teretinema,0,0,0.0,0.0,1,1,1,0.0,0.0,100.0,,,0,0,0,0,ncbi_only,Bacteria,0.0
Saltatorellus,0,0,0.0,0.0,1,1,1,0.0,0.0,100.0,,,0,0,0,0,ncbi_only,Bacteria,0.0
Salsipaludibacter,0,0,0.0,0.0,1,1,1,0.0,0.0,100.0,,,0,0,0,0,ncbi_only,Bacteria,0.0
Pseudomethylobacillus,0,0,0.0,0.0,1,1,1,0.0,0.0,100.0,,,0,0,0,0,ncbi_only,Bacteria,0.0
Vermiculatibacterium,0,0,0.0,0.0,1,1,1,0.0,0.0,100.0,,,0,0,0,0,ncbi_only,Bacteria,0.0
Solirhodobacter,0,0,0.0,0.0,1,1,1,0.0,0.0,100.0,,,0,0,0,0,ncbi_only,Bacteria,0.0
Khoudiadiopia,0,0,0.0,0.0,1,1,1,0.0,0.0,100.0,,,0,0,0,0,ncbi_only,Bacteria,0.0
Lottiidibacillus,0,0,0.0,0.0,1,1,1,0.0,0.0,100.0,,,0,0,0,0,ncbi_only,Bacteria,0.0
Longirhabdus,0,0,0.0,0.0,1,1,1,0.0,0.0,100.0,,,0,0,0,0,ncbi_only,Bacteria,0.0
Jacksonvillea,0,0,0.0,0.0,1,1,1,0.0,0.0,100.0,,,0,0,0,0,ncbi_only,Bacteria,0.0
Isachenkonia,0,0,0.0,0.0,1,1,1,0.0,0.0,100.0,,,0,0,0,0,ncbi_only,Bacteria,0.0
Jongsikchunia,0,0,0.0,0.0,1,1,1,0.0,0.0,100.0,,,0,0,0,0,ncbi_only,Bacteria,0.0
Kaiparowitsia,0,0,0.0,0.0,1,1,0,0.0,0.0,0.0,,,0,0,0,0,ncbi_only,Bacteria,0.0
Jingyaoa,0,0,0.0,0.0,1,1,1,0.0,0.0,100.0,,,0,0,0,0,ncbi_only,Bacteria,0.0
Jilunia,0,0,0.0,0.0,1,1,1,0.0,0.0,100.0,,,0,0,0,0,ncbi_only,Bacteria,0.0
Koleobacter,0,0,0.0,0.0,1,1,1,0.0,0.0,100.0,,,0,0,0,0,ncbi_only,Bacteria,0.0
Koinonema,0,0,0.0,0.0,1,1,1,0.0,0.0,100.0,,,0,0,0,0,ncbi_only,Bacteria,0.0
Keguizhuia,0,0,0.0,0.0,1,1,1,0.0,0.0,100.0,,,0,0,0,0,ncbi_only,Bacteria,0.0
Kaustia,0,0,0.0,0.0,1,1,1,0.0,0.0,100.0,,,0,0,0,0,ncbi_only,Bacteria,0.0
Kastovskya,0,0,0.0,0.0,1,1,0,0.0,0.0,0.0,,,0,0,0,0,ncbi_only,Bacteria,0.0
Kangsaoukella,0,0,0.0,0.0,1,1,1,0.0,0.0,100.0,,,0,0,0,0,ncbi_only,Bacteria,0.0
Spirirestis,0,0,0.0,0.0,1,1,0,0.0,0.0,0.0,,,0,0,0,0,ncbi_only,Bacteria,0.0
Limobrevibacterium,0,0,0.0,0.0,1,1,1,0.0,0.0,100.0,,,0,0,0,0,ncbi_only,Bacteria,0.0
Lignipirellula,0,0,0.0,0.0,1,1,1,0.0,0.0,100.0,,,0,0,0,0,ncbi_only,Bacteria,0.0
Lientehia,0,0,0.0,0.0,1,1,1,0.0,0.0,100.0,,,0,0,0,0,ncbi_only,Bacteria,0.0
Lichenifustis,0,0,0.0,0.0,1,1,1,0.0,0.0,100.0,,,0,0,0,0,ncbi_only,Bacteria,0.0
Goleter,0,0,0.0,0.0,1,1,0,0.0,0.0,0.0,,,0,0,0,0,ncbi_only,Bacteria,0.0
Gimibacter,0,0,0.0,0.0,1,1,1,0.0,0.0,100.0,,,0,0,0,0,ncbi_only,Bacteria,0.0
Geochorda,0,0,0.0,0.0,1,1,1,0.0,0.0,100.0,,,0,0,0,0,ncbi_only,Bacteria,0.0
Kiritimatiella,0,0,0.0,0.0,1,1,1,0.0,0.0,100.0,,,0,0,0,0,ncbi_only,Bacteria,0.0
Gephyromycinifex,0,0,0.0,0.0,1,1,1,0.0,0.0,100.0,,,0,0,0,0,ncbi_only,Bacteria,0.0
Grylomicrobium,0,0,0.0,0.0,1,1,1,0.0,0.0,100.0,,,0,0,0,0,ncbi_only,Bacteria,0.0
Guopingia,0,0,0.0,0.0,1,1,1,0.0,0.0,100.0,,,0,0,0,0,ncbi_only,Bacteria,0.0
Grimontella,0,0,0.0,0.0,1,1,1,0.0,0.0,100.0,,,0,0,0,0,ncbi_only,Bacteria,0.0
Gordoniibacillus,0,0,0.0,0.0,1,1,1,0.0,0.0,100.0,,,0,0,0,0,ncbi_only,Bacteria,0.0
Govania,0,0,0.0,0.0,1,1,1,0.0,0.0,100.0,,,0,0,0,0,ncbi_only,Bacteria,0.0
Intestinirhabdus,0,0,0.0,0.0,1,1,1,0.0,0.0,100.0,,,0,0,0,0,ncbi_only,Bacteria,0.0
Iocasia,0,0,0.0,0.0,1,1,1,0.0,0.0,100.0,,,0,0,0,0,ncbi_only,Bacteria,0.0
Geomesophilobacter,0,0,0.0,0.0,1,1,1,0.0,0.0,100.0,,,0,0,0,0,ncbi_only,Bacteria,0.0
Spiractinospora,0,0,0.0,0.0,1,1,1,0.0,0.0,100.0,,,0,0,0,0,ncbi_only,Bacteria,0.0
Sporolituus,0,0,0.0,0.0,1,1,1,0.0,0.0,100.0,,,0,0,0,0,ncbi_only,Bacteria,0.0
Spongisporangium,0,0,0.0,0.0,1,1,1,0.0,0.0,100.0,,,0,0,0,0,ncbi_only,Bacteria,0.0
Sporanaerobium,0,0,0.0,0.0,1,1,1,0.0,0.0,100.0,,,0,0,0,0,ncbi_only,Bacteria,0.0
Rhodoflexus,0,0,0.0,0.0,1,1,1,0.0,0.0,100.0,,,0,0,0,0,ncbi_only,Bacteria,0.0
Pollutibacter,0,0,0.0,0.0,1,1,1,0.0,0.0,100.0,,,0,0,0,0,ncbi_only,Bacteria,0.0
Polluticaenibacter,0,0,0.0,0.0,1,1,1,0.0,0.0,100.0,,,0,0,0,0,ncbi_only,Bacteria,0.0
Thiovibrio,0,0,0.0,0.0,1,1,1,0.0,0.0,100.0,,,0,0,0,0,ncbi_only,Bacteria,0.0
Poritiphilus,0,0,0.0,0.0,1,1,1,0.0,0.0,100.0,,,0,0,0,0,ncbi_only,Bacteria,0.0
Roseitranquillus,0,0,0.0,0.0,1,1,1,0.0,0.0,100.0,,,0,0,0,0,ncbi_only,Bacteria,0.0
Thiosulfativibrio,0,0,0.0,0.0,1,1,1,0.0,0.0,100.0,,,0,0,0,0,ncbi_only,Bacteria,0.0
Populibacterium,0,0,0.0,0.0,1,1,1,0.0,0.0,100.0,,,0,0,0,0,ncbi_only,Bacteria,0.0
Roseiterribacter,0,0,0.0,0.0,1,1,1,0.0,0.0,100.0,,,0,0,0,0,ncbi_only,Bacteria,0.0
Roseithermus,0,0,0.0,0.0,1,1,1,0.0,0.0,100.0,,,0,0,0,0,ncbi_only,Bacteria,0.0
Streptodolium,0,0,0.0,0.0,1,1,1,0.0,0.0,100.0,,,0,0,0,0,ncbi_only,Bacteria,0.0
Simiaoa,0,0,0.0,0.0,1,1,1,0.0,0.0,100.0,,,0,0,0,0,ncbi_only,Bacteria,0.0
Poriferisphaera,0,0,0.0,0.0,1,1,1,0.0,0.0,100.0,,,0,0,0,0,ncbi_only,Bacteria,0.0
Reticulibacter,0,0,0.0,0.0,1,1,1,0.0,0.0,100.0,,,0,0,0,0,ncbi_only,Bacteria,0.0
Polystyrenella,0,0,0.0,0.0,1,1,1,0.0,0.0,100.0,,,0,0,0,0,ncbi_only,Bacteria,0.0
Simulacricoccus,0,0,0.0,0.0,1,1,1,0.0,0.0,100.0,,,0,0,0,0,ncbi_only,Bacteria,0.0
Sulfidibacter,0,0,0.0,0.0,1,1,1,0.0,0.0,100.0,,,0,0,0,0,ncbi_only,Bacteria,0.0
Rubellicoccus,0,0,0.0,0.0,1,1,1,0.0,0.0,100.0,,,0,0,0,0,ncbi_only,Bacteria,0.0
Xiashengella,0,0,0.0,0.0,1,1,1,0.0,0.0,100.0,,,0,0,0,0,ncbi_only,Bacteria,0.0
Thiospirochaeta,0,0,0.0,0.0,1,1,1,0.0,0.0,100.0,,,0,0,0,0,ncbi_only,Bacteria,0.0
Xanthovirga,0,0,0.0,0.0,1,1,1,0.0,0.0,100.0,,,0,0,0,0,ncbi_only,Bacteria,0.0
Rhodocaloribacter,0,0,0.0,0.0,1,1,1,0.0,0.0,100.0,,,0,0,0,0,ncbi_only,Bacteria,0.0
Pleomorphovibrio,0,0,0.0,0.0,1,1,1,0.0,0.0,100.0,,,0,0,0,0,ncbi_only,Bacteria,0.0
Rhodalgimonas,0,0,0.0,0.0,1,1,1,0.0,0.0,100.0,,,0,0,0,0,ncbi_only,Bacteria,0.0
Rhabdonatronobacter,0,0,0.0,0.0,1,1,1,0.0,0.0,100.0,,,0,0,0,0,ncbi_only,Bacteria,0.0
Thiospirillum,0,0,0.0,0.0,1,1,1,0.0,0.0,100.0,,,0,0,0,0,ncbi_only,Bacteria,0.0
Suicoccus,0,0,0.0,0.0,1,1,1,0.0,0.0,100.0,,,0,0,0,0,ncbi_only,Bacteria,0.0
Thiosocius,0,0,0.0,0.0,1,1,1,0.0,0.0,100.0,,,0,0,0,0,ncbi_only,Bacteria,0.0
Stratiformator,0,0,0.0,0.0,1,1,1,0.0,0.0,100.0,,,0,0,0,0,ncbi_only,Bacteria,0.0
Desulforadius,0,0,0.0,0.0,1,1,1,0.0,0.0,100.0,,,0,0,0,0,ncbi_only,Bacteria,0.0
Desulfomarina,0,0,0.0,0.0,1,1,1,0.0,0.0,100.0,,,0,0,0,0,ncbi_only,Bacteria,0.0
Desulfolucanica,0,0,0.0,0.0,1,1,1,0.0,0.0,100.0,,,0,0,0,0,ncbi_only,Bacteria,0.0
Desulfolithobacter,0,0,0.0,0.0,1,1,1,0.0,0.0,100.0,,,0,0,0,0,ncbi_only,Bacteria,0.0
Desulfohalovibrio,0,0,0.0,0.0,1,1,1,0.0,0.0,100.0,,,0,0,0,0,ncbi_only,Bacteria,0.0
Desulfoferula,0,0,0.0,0.0,1,1,1,0.0,0.0,100.0,,,0,0,0,0,ncbi_only,Bacteria,0.0
Desulfoferrobacter,0,0,0.0,0.0,1,1,1,0.0,0.0,100.0,,,0,0,0,0,ncbi_only,Bacteria,0.0
Desulfofalx,0,0,0.0,0.0,1,1,1,0.0,0.0,100.0,,,0,0,0,0,ncbi_only,Bacteria,0.0
Desnuesiella,0,0,0.0,0.0,1,1,1,0.0,0.0,100.0,,,0,0,0,0,ncbi_only,Bacteria,0.0
Desertibaculum,0,0,0.0,0.0,1,1,1,0.0,0.0,100.0,,,0,0,0,0,ncbi_only,Bacteria,0.0
Chitinasiproducens,0,0,0.0,0.0,1,1,1,0.0,0.0,100.0,,,0,0,0,0,ncbi_only,Bacteria,0.0
Chondrinema,0,0,0.0,0.0,1,1,1,0.0,0.0,100.0,,,0,0,0,0,ncbi_only,Bacteria,0.0
Chordicoccus,0,0,0.0,0.0,1,1,1,0.0,0.0,100.0,,,0,0,0,0,ncbi_only,Bacteria,0.0
Cerina,0,0,0.0,0.0,1,1,1,0.0,0.0,100.0,,,0,0,0,0,ncbi_only,Bacteria,0.0
Chakrabartyella,0,0,0.0,0.0,1,1,1,0.0,0.0,100.0,,,0,0,0,0,ncbi_only,Bacteria,0.0
Scatolibacter,0,0,0.0,0.0,1,1,1,0.0,0.0,100.0,,,0,0,0,0,ncbi_only,Bacteria,0.0
Eleftheria,0,0,0.0,0.0,1,1,1,0.0,0.0,100.0,,,0,0,0,0,ncbi_only,Bacteria,0.0
Ephemeroptericola,0,0,0.0,0.0,1,1,1,0.0,0.0,100.0,,,0,0,0,0,ncbi_only,Bacteria,0.0
Entomohabitans,0,0,0.0,0.0,1,1,1,0.0,0.0,100.0,,,0,0,0,0,ncbi_only,Bacteria,0.0
Entomobacter,0,0,0.0,0.0,1,1,1,0.0,0.0,100.0,,,0,0,0,0,ncbi_only,Bacteria,0.0
Endosaccharibacter,0,0,0.0,0.0,1,1,1,0.0,0.0,100.0,,,0,0,0,0,ncbi_only,Bacteria,0.0
Egbenema,0,0,0.0,0.0,1,1,1,0.0,0.0,100.0,,,0,0,0,0,ncbi_only,Bacteria,0.0
Edaphobacillus,0,0,0.0,0.0,1,1,1,0.0,0.0,100.0,,,0,0,0,0,ncbi_only,Bacteria,0.0
Ectorhizobium,0,0,0.0,0.0,1,1,1,0.0,0.0,100.0,,,0,0,0,0,ncbi_only,Bacteria,0.0
Eupransor,0,0,0.0,0.0,1,1,1,0.0,0.0,100.0,,,0,0,0,0,ncbi_only,Bacteria,0.0
Feifania,0,0,0.0,0.0,1,1,1,0.0,0.0,100.0,,,0,0,0,0,ncbi_only,Bacteria,0.0
Chrysosporum,0,0,0.0,0.0,1,1,1,0.0,0.0,100.0,,,0,0,0,0,ncbi_only,Bacteria,0.0
Citreicoccus,0,0,0.0,0.0,1,1,1,0.0,0.0,100.0,,,0,0,0,0,ncbi_only,Bacteria,0.0
Constantimarinum,0,0,0.0,0.0,1,1,1,0.0,0.0,100.0,,,0,0,0,0,ncbi_only,Bacteria,0.0
Cryocola,0,0,0.0,0.0,1,1,1,0.0,0.0,100.0,,,0,0,0,0,ncbi_only,Bacteria,0.0
Croceifilum,0,0,0.0,0.0,1,1,1,0.0,0.0,100.0,,,0,0,0,0,ncbi_only,Bacteria,0.0
Elongatibacter,0,0,0.0,0.0,1,1,1,0.0,0.0,100.0,,,0,0,0,0,ncbi_only,Bacteria,0.0
Aurantibacillus,0,0,0.0,0.0,1,1,1,0.0,0.0,100.0,,,0,0,0,0,ncbi_only,Bacteria,0.0
Atlanticothrix,0,0,0.0,0.0,1,1,1,0.0,0.0,100.0,,,0,0,0,0,ncbi_only,Bacteria,0.0
Baaleninema,0,0,0.0,0.0,1,1,1,0.0,0.0,100.0,,,0,0,0,0,ncbi_only,Bacteria,0.0
Azotosporobacter,0,0,0.0,0.0,1,1,1,0.0,0.0,100.0,,,0,0,0,0,ncbi_only,Bacteria,0.0
Aridibaculum,0,0,0.0,0.0,1,1,1,0.0,0.0,100.0,,,0,0,0,0,ncbi_only,Bacteria,0.0
Arenivirga,0,0,0.0,0.0,1,1,1,0.0,0.0,100.0,,,0,0,0,0,ncbi_only,Bacteria,0.0
Asprobacillus,0,0,0.0,0.0,1,1,1,0.0,0.0,100.0,,,0,0,0,0,ncbi_only,Bacteria,0.0
Arthrospiribacter,0,0,0.0,0.0,1,1,1,0.0,0.0,100.0,,,0,0,0,0,ncbi_only,Bacteria,0.0
Arvimicrobium,0,0,0.0,0.0,1,1,1,0.0,0.0,100.0,,,0,0,0,0,ncbi_only,Bacteria,0.0
Anaerobaca,0,0,0.0,0.0,1,1,1,0.0,0.0,100.0,,,0,0,0,0,ncbi_only,Bacteria,0.0
Aegicerativicinus,0,0,0.0,0.0,1,1,1,0.0,0.0,100.0,,,0,0,0,0,ncbi_only,Bacteria,0.0
Dermatobacter,0,0,0.0,0.0,1,1,1,0.0,0.0,100.0,,,0,0,0,0,ncbi_only,Bacteria,0.0
Dentiradicibacter,0,0,0.0,0.0,1,1,1,0.0,0.0,100.0,,,0,0,0,0,ncbi_only,Bacteria,0.0
Deferrivibrio,0,0,0.0,0.0,1,1,1,0.0,0.0,100.0,,,0,0,0,0,ncbi_only,Bacteria,0.0
Danxiaibacter,0,0,0.0,0.0,1,1,1,0.0,0.0,100.0,,,0,0,0,0,ncbi_only,Bacteria,0.0
Deminuibacter,0,0,0.0,0.0,1,1,1,0.0,0.0,100.0,,,0,0,0,0,ncbi_only,Bacteria,0.0
Estrella,0,0,0.0,0.0,1,1,1,0.0,0.0,100.0,,,0,0,0,0,ncbi_only,Bacteria,0.0
Epidermidibacterium,0,0,0.0,0.0,1,1,1,0.0,0.0,100.0,,,0,0,0,0,ncbi_only,Bacteria,0.0
Facilibium,0,0,0.0,0.0,1,1,1,0.0,0.0,100.0,,,0,0,0,0,ncbi_only,Bacteria,0.0
Facivitalis,0,0,0.0,0.0,1,1,1,0.0,0.0,100.0,,,0,0,0,0,ncbi_only,Bacteria,0.0
Faunimonas,0,0,0.0,0.0,1,1,1,0.0,0.0,100.0,,,0,0,0,0,ncbi_only,Bacteria,0.0
Anaerophilus,0,0,0.0,0.0,1,1,1,0.0,0.0,100.0,,,0,0,0,0,ncbi_only,Bacteria,0.0
Anaerorudis,0,0,0.0,0.0,1,1,1,0.0,0.0,100.0,,,0,0,0,0,ncbi_only,Bacteria,0.0
Desulfovulcanus,0,0,0.0,0.0,1,1,1,0.0,0.0,100.0,,,0,0,0,0,ncbi_only,Bacteria,0.0
Anaerosoma,0,0,0.0,0.0,1,1,1,0.0,0.0,100.0,,,0,0,0,0,ncbi_only,Bacteria,0.0
Anaerotalea,0,0,0.0,0.0,1,1,1,0.0,0.0,100.0,,,0,0,0,0,ncbi_only,Bacteria,0.0
Anaerotardibacter,0,0,0.0,0.0,1,1,1,0.0,0.0,100.0,,,0,0,0,0,ncbi_only,Bacteria,0.0
Anoxybacterium,0,0,0.0,0.0,1,1,1,0.0,0.0,100.0,,,0,0,0,0,ncbi_only,Bacteria,0.0
Apirhabdus,0,0,0.0,0.0,1,1,1,0.0,0.0,100.0,,,0,0,0,0,ncbi_only,Bacteria,0.0
Aquipluma,0,0,0.0,0.0,1,1,1,0.0,0.0,100.0,,,0,0,0,0,ncbi_only,Bacteria,0.0
Anthocerotibacter,0,0,0.0,0.0,1,1,1,0.0,0.0,100.0,,,0,0,0,0,ncbi_only,Bacteria,0.0
Dongshaea,0,0,0.0,0.0,1,1,1,0.0,0.0,100.0,,,0,0,0,0,ncbi_only,Bacteria,0.0
Anaeroselena,0,0,0.0,0.0,1,1,1,0.0,0.0,100.0,,,0,0,0,0,ncbi_only,Bacteria,0.0
Thermocoleostomius,0,0,0.0,0.0,1,1,1,0.0,0.0,100.0,,,0,0,0,0,ncbi_only,Bacteria,0.0
Thermochromatium,0,0,0.0,0.0,1,1,1,0.0,0.0,100.0,,,0,0,0,0,ncbi_only,Bacteria,0.0
Sabulibacter,0,0,0.0,0.0,1,1,1,0.0,0.0,100.0,,,0,0,0,0,ncbi_only,Bacteria,0.0
Saccharobesus,0,0,0.0,0.0,1,1,1,0.0,0.0,100.0,,,0,0,0,0,ncbi_only,Bacteria,0.0
Thermatribacter,0,0,0.0,0.0,1,1,1,0.0,0.0,100.0,,,0,0,0,0,ncbi_only,Bacteria,0.0
Thermanaerosceptrum,0,0,0.0,0.0,1,1,1,0.0,0.0,100.0,,,0,0,0,0,ncbi_only,Bacteria,0.0
Thermalbibacter,0,0,0.0,0.0,1,1,1,0.0,0.0,100.0,,,0,0,0,0,ncbi_only,Bacteria,0.0
Tannockella,0,0,0.0,0.0,1,1,1,0.0,0.0,100.0,,,0,0,0,0,ncbi_only,Bacteria,0.0
Viridibacterium,0,0,0.0,0.0,1,1,1,0.0,0.0,100.0,,,0,0,0,0,ncbi_only,Bacteria,0.0
Symbioplanes,0,0,0.0,0.0,1,1,1,0.0,0.0,100.0,,,0,0,0,0,ncbi_only,Bacteria,0.0
Rarispira,0,0,0.0,0.0,1,1,1,0.0,0.0,100.0,,,0,0,0,0,ncbi_only,Bacteria,0.0
Shackletoniella,0,0,0.0,0.0,1,1,0,0.0,0.0,0.0,,,0,0,0,0,ncbi_only,Bacteria,0.0
Sandaracinomonas,0,0,0.0,0.0,1,1,1,0.0,0.0,100.0,,,0,0,0,0,ncbi_only,Bacteria,0.0
Shiella,0,0,0.0,0.0,1,1,1,0.0,0.0,100.0,,,0,0,0,0,ncbi_only,Bacteria,0.0
Swingsia,0,0,0.0,0.0,1,1,1,0.0,0.0,100.0,,,0,0,0,0,ncbi_only,Bacteria,0.0
Cyanocohniella,0,0,0.0,0.0,1,1,0,0.0,0.0,0.0,,,0,0,0,0,ncbi_only,Bacteria,0.0
Vaginisenegalia,0,0,0.0,0.0,1,1,1,0.0,0.0,100.0,,,0,0,0,0,ncbi_only,Bacteria,0.0
Saxibacter,0,0,0.0,0.0,1,1,1,0.0,0.0,100.0,,,0,0,0,0,ncbi_only,Bacteria,0.0
Texcoconibacillus,0,0,0.0,0.0,1,1,1,0.0,0.0,100.0,,,0,0,0,0,ncbi_only,Bacteria,0.0
Salisaeta,0,0,0.0,0.0,1,1,1,0.0,0.0,100.0,,,0,0,0,0,ncbi_only,Bacteria,0.0
Vallicoccus,0,0,0.0,0.0,1,1,1,0.0,0.0,100.0,,,0,0,0,0,ncbi_only,Bacteria,0.0
Tengunoibacter,0,0,0.0,0.0,1,1,0,0.0,0.0,0.0,,,0,0,0,0,ncbi_only,Bacteria,0.0
Sanyastnella,0,0,0.0,0.0,1,1,1,0.0,0.0,100.0,,,0,0,0,0,ncbi_only,Bacteria,0.0
Intestinicryptomonas,0,0,0.0,0.0,1,1,1,0.0,0.0,100.0,,,0,0,0,0,ncbi_only,Bacteria,0.0
Sulfurivermis,0,0,0.0,0.0,1,1,1,0.0,0.0,100.0,,,0,0,0,0,ncbi_only,Bacteria,0.0
Thioflexithrix,0,0,0.0,0.0,1,1,1,0.0,0.0,100.0,,,0,0,0,0,ncbi_only,Bacteria,0.0
Sulfuriroseicoccus,0,0,0.0,0.0,1,1,1,0.0,0.0,100.0,,,0,0,0,0,ncbi_only,Bacteria,0.0
Shumkonia,0,0,0.0,0.0,1,1,1,0.0,0.0,100.0,,,0,0,0,0,ncbi_only,Bacteria,0.0
Woronichinia,0,0,0.0,0.0,1,1,0,0.0,0.0,0.0,,,0,0,0,0,ncbi_only,Bacteria,0.0
Trichothermofontia,0,0,0.0,0.0,1,1,1,0.0,0.0,100.0,,,0,0,0,0,ncbi_only,Bacteria,0.0
Rappaport,0,0,0.0,0.0,1,1,1,0.0,0.0,100.0,,,0,0,0,0,ncbi_only,Bacteria,0.0
Thermospira,0,0,0.0,0.0,1,1,1,0.0,0.0,100.0,,,0,0,0,0,ncbi_only,Bacteria,0.0
Rubricoccus,0,0,0.0,0.0,1,1,1,0.0,0.0,100.0,,,0,0,0,0,ncbi_only,Bacteria,0.0
Culicoidibacter,0,0,0.0,0.0,1,1,1,0.0,0.0,100.0,,,0,0,0,0,ncbi_only,Bacteria,0.0
Cricetibacter,0,0,0.0,0.0,1,1,1,0.0,0.0,100.0,,,0,0,0,0,ncbi_only,Bacteria,0.0
Coralliovum,0,0,0.0,0.0,1,1,1,0.0,0.0,100.0,,,0,0,0,0,ncbi_only,Bacteria,0.0
Coraliihabitans,0,0,0.0,0.0,1,1,1,0.0,0.0,100.0,,,0,0,0,0,ncbi_only,Bacteria,0.0
Copranaerobaculum,0,0,0.0,0.0,1,1,1,0.0,0.0,100.0,,,0,0,0,0,ncbi_only,Bacteria,0.0
Criblamydia,0,0,0.0,0.0,1,1,1,0.0,0.0,100.0,,,0,0,0,0,ncbi_only,Bacteria,0.0
Corticicoccus,0,0,0.0,0.0,1,1,1,0.0,0.0,100.0,,,0,0,0,0,ncbi_only,Bacteria,0.0
Carideicomes,0,0,0.0,0.0,1,1,1,0.0,0.0,100.0,,,0,0,0,0,ncbi_only,Bacteria,0.0
Carboxydichorda,0,0,0.0,0.0,1,1,1,0.0,0.0,100.0,,,0,0,0,0,ncbi_only,Bacteria,0.0
Capilliphycus,0,0,0.0,0.0,1,1,1,0.0,0.0,100.0,,,0,0,0,0,ncbi_only,Bacteria,0.0
Pseudochryseolinea,0,0,0.0,0.0,1,1,1,0.0,0.0,100.0,,,0,0,0,0,ncbi_only,Bacteria,0.0
Pseudocnuella,0,0,0.0,0.0,1,1,1,0.0,0.0,100.0,,,0,0,0,0,ncbi_only,Bacteria,0.0
Thermodesulfomicrobium,0,0,0.0,0.0,1,1,1,0.0,0.0,100.0,,,0,0,0,0,ncbi_only,Bacteria,0.0
Seramator,0,0,0.0,0.0,1,1,1,0.0,0.0,100.0,,,0,0,0,0,ncbi_only,Bacteria,0.0
Ruixingdingia,0,0,0.0,0.0,1,1,1,0.0,0.0,100.0,,,0,0,0,0,ncbi_only,Bacteria,0.0
Pseudocalidococcus,0,0,0.0,0.0,1,1,1,0.0,0.0,100.0,,,0,0,0,0,ncbi_only,Bacteria,0.0
Pseudobythopirellula,0,0,0.0,0.0,1,1,1,0.0,0.0,100.0,,,0,0,0,0,ncbi_only,Bacteria,0.0
Svornostia,0,0,0.0,0.0,1,1,1,0.0,0.0,100.0,,,0,0,0,0,ncbi_only,Bacteria,0.0
Rubrolithibacter,0,0,0.0,0.0,1,1,1,0.0,0.0,100.0,,,0,0,0,0,ncbi_only,Bacteria,0.0
Profundirhabdus,0,0,0.0,0.0,1,1,1,0.0,0.0,100.0,,,0,0,0,0,ncbi_only,Bacteria,0.0
Thetidibacter,0,0,0.0,0.0,1,1,1,0.0,0.0,100.0,,,0,0,0,0,ncbi_only,Bacteria,0.0
Profundibacter,0,0,0.0,0.0,1,1,1,0.0,0.0,100.0,,,0,0,0,0,ncbi_only,Bacteria,0.0
Collibacillus,0,0,0.0,0.0,1,1,1,0.0,0.0,100.0,,,0,0,0,0,ncbi_only,Bacteria,0.0
Pseudalgibacter,0,0,0.0,0.0,1,1,1,0.0,0.0,100.0,,,0,0,0,0,ncbi_only,Bacteria,0.0
Compostibacter,0,0,0.0,0.0,1,1,1,0.0,0.0,100.0,,,0,0,0,0,ncbi_only,Bacteria,0.0
Conexivisphaera,0,0,0.0,0.0,1,1,1,0.0,0.0,100.0,,,0,0,0,0,ncbi_only,Archaea,0.0
Cognatazoarcus,0,0,0.0,0.0,1,1,1,0.0,0.0,100.0,,,0,0,0,0,ncbi_only,Bacteria,0.0
Cochleicola,0,0,0.0,0.0,1,1,1,0.0,0.0,100.0,,,0,0,0,0,ncbi_only,Bacteria,0.0
Cochlodiniinecator,0,0,0.0,0.0,1,1,1,0.0,0.0,100.0,,,0,0,0,0,ncbi_only,Bacteria,0.0
Szabonella,0,0,0.0,0.0,1,1,1,0.0,0.0,100.0,,,0,0,0,0,ncbi_only,Bacteria,0.0
Pseudaquidulcibacter,0,0,0.0,0.0,1,1,1,0.0,0.0,100.0,,,0,0,0,0,ncbi_only,Bacteria,0.0
Vulcanimicrobium,0,0,0.0,0.0,1,1,1,0.0,0.0,100.0,,,0,0,0,0,ncbi_only,Bacteria,0.0
Cognatitamlana,0,0,0.0,0.0,1,1,1,0.0,0.0,100.0,,,0,0,0,0,ncbi_only,Bacteria,0.0
Bacteroidota.U.genus,1736,9114,0.66,0.76,0,0,0,0.0,0.0,0.0,inf,0.0,0,0,0,0,census_only,Unknown,
Candidatus Nanoarchaeia.U.genus,3006,8477,1.15,0.71,0,0,0,0.0,0.0,0.0,inf,0.0,0,0,0,0,census_only,Unknown,
Lachnospiraceae.U.genus,7236,15395,2.76,1.29,0,0,0,0.0,0.0,0.0,inf,0.0,0,0,0,0,census_only,Unknown,
Candidatus Parcubacteria.U.genus,6968,21382,2.66,1.79,0,0,0,0.0,0.0,0.0,inf,0.0,0,0,0,0,census_only,Unknown,
Clostridia.U.genus,5378,13639,2.05,1.14,0,0,0,0.0,0.0,0.0,inf,0.0,0,0,0,0,census_only,Unknown,
Verrucomicrobiota.U.genus,5052,14632,1.93,1.22,0,0,0,0.0,0.0,0.0,inf,0.0,0,0,0,0,census_only,Unknown,
Phycisphaerae.U.genus,1714,4606,0.65,0.39,0,0,0,0.0,0.0,0.0,inf,0.0,0,0,0,0,census_only,Unknown,
Alphaproteobacteria.U.genus,4173,24436,1.59,2.05,0,0,0,0.0,0.0,0.0,inf,0.0,0,0,0,0,census_only,Unknown,
Burkholderiales.U.genus,827,4977,0.32,0.42,0,0,0,0.0,0.0,0.0,inf,0.0,0,0,0,0,census_only,Unknown,
Candidatus Aenigmarchaeota.U.genus,832,2134,0.32,0.18,0,0,0,0.0,0.0,0.0,inf,0.0,0,0,0,0,census_only,Unknown,
Gaiellales.U.genus,855,6562,0.33,0.55,0,0,0,0.0,0.0,0.0,inf,0.0,0,0,0,0,census_only,Unknown,
Tepidisphaerales.U.genus,870,2540,0.33,0.21,0,0,0,0.0,0.0,0.0,inf,0.0,0,0,0,0,census_only,Unknown,
Candidatus Latescibacteria.U.genus,889,3356,0.34,0.28,0,0,0,0.0,0.0,0.0,inf,0.0,0,0,0,0,census_only,Unknown,
Vicinamibacterales.U.genus,913,3855,0.35,0.32,0,0,0,0.0,0.0,0.0,inf,0.0,0,0,0,0,census_only,Unknown,
Myxococcota.U.genus,936,3460,0.36,0.29,0,0,0,0.0,0.0,0.0,inf,0.0,0,0,0,0,census_only,Unknown,
Rickettsiales.U.genus,1005,3115,0.38,0.26,0,0,0,0.0,0.0,0.0,inf,0.0,0,0,0,0,census_only,Unknown,
Saprospiraceae.U.genus,1011,4555,0.39,0.38,0,0,0,0.0,0.0,0.0,inf,0.0,0,0,0,0,census_only,Unknown,
Rhodospirillales.U.genus,1015,4712,0.39,0.39,0,0,0,0.0,0.0,0.0,inf,0.0,0,0,0,0,census_only,Unknown,
Gemmatimonadaceae.U.genus,1021,5987,0.39,0.5,0,0,0,0.0,0.0,0.0,inf,0.0,0,0,0,0,census_only,Unknown,
Pseudomonadales.U.genus,1109,8970,0.42,0.75,0,0,0,0.0,0.0,0.0,inf,0.0,0,0,0,0,census_only,Unknown,
Sphingobacteriales.U.genus,1120,7226,0.43,0.6,0,0,0,0.0,0.0,0.0,inf,0.0,0,0,0,0,census_only,Unknown,
Candidatus Babeliales.U.genus,1128,2661,0.43,0.22,0,0,0,0.0,0.0,0.0,inf,0.0,0,0,0,0,census_only,Unknown,
Nannochloropsis_salina:plas.Chloroplast,1,15,0.0,0.0,0,0,0,0.0,0.0,0.0,inf,0.0,0,0,0,0,census_only,Unknown,
Rudaibacter,1,1,0.0,0.0,0,0,0,0.0,0.0,0.0,inf,0.0,0,0,0,0,census_only,Unknown,
Pseudoroseobacter,1,1,0.0,0.0,0,0,0,0.0,0.0,0.0,inf,0.0,0,0,0,0,census_only,Unknown,
Thuretia_quercifolia.Chloroplast,1,2,0.0,0.0,0,0,0,0.0,0.0,0.0,inf,0.0,0,0,0,0,census_only,Unknown,
Algorimarina,1,1,0.0,0.0,0,0,0,0.0,0.0,0.0,inf,0.0,0,0,0,0,census_only,Unknown,
Pseudochlorella_pringsheimii.Chloroplast,1,2,0.0,0.0,0,0,0,0.0,0.0,0.0,inf,0.0,0,0,0,0,census_only,Unknown,
Licmophora_sp.Chloroplast,1,1,0.0,0.0,0,0,0,0.0,0.0,0.0,inf,0.0,0,0,0,0,census_only,Unknown,
Trachydiscus_minutus.Chloroplast,1,16,0.0,0.0,0,0,0,0.0,0.0,0.0,inf,0.0,0,0,0,0,census_only,Unknown,
Euglena_deses.Chloroplast,1,1,0.0,0.0,0,0,0,0.0,0.0,0.0,inf,0.0,0,0,0,0,census_only,Unknown,
Ancalomicrobium,1,11,0.0,0.0,0,0,0,0.0,0.0,0.0,inf,0.0,0,0,0,0,census_only,Unknown,
Oedogonium_cardiacum:plas.Chloroplast,1,11,0.0,0.0,0,0,0,0.0,0.0,0.0,inf,0.0,0,0,0,0,census_only,Unknown,
Haloarculaceae.U.genus,1,3,0.0,0.0,0,0,0,0.0,0.0,0.0,inf,0.0,0,0,0,0,census_only,Unknown,
Isochrysis_sp.:plas.Chloroplast,1,1,0.0,0.0,0,0,0,0.0,0.0,0.0,inf,0.0,0,0,0,0,census_only,Unknown,
Pseudo-nitzschia_multiseries.Chloroplast,1,6,0.0,0.0,0,0,0,0.0,0.0,0.0,inf,0.0,0,0,0,0,census_only,Unknown,
Prymnesium_parvum.Chloroplast,1,54,0.0,0.0,0,0,0,0.0,0.0,0.0,inf,0.0,0,0,0,0,census_only,Unknown,
Desulfarculales.U.genus,1,2,0.0,0.0,0,0,0,0.0,0.0,0.0,inf,0.0,0,0,0,0,census_only,Unknown,
Toxopsis,1,2,0.0,0.0,0,0,0,0.0,0.0,0.0,inf,0.0,0,0,0,0,census_only,Unknown,
Sediminitalea,1,1,0.0,0.0,0,0,0,0.0,0.0,0.0,inf,0.0,0,0,0,0,census_only,Unknown,
Bryopsis_hypnoides:plas.Chloroplast,1,4,0.0,0.0,0,0,0,0.0,0.0,0.0,inf,0.0,0,0,0,0,census_only,Unknown,
Ilumomonas,1,1,0.0,0.0,0,0,0,0.0,0.0,0.0,inf,0.0,0,0,0,0,census_only,Unknown,
Colacium_sp.:plas.Chloroplast,1,6,0.0,0.0,0,0,0,0.0,0.0,0.0,inf,0.0,0,0,0,0,census_only,Unknown,
Toxoplasma1_gondii:apic.Apicoplast,1,1,0.0,0.0,0,0,0,0.0,0.0,0.0,inf,0.0,0,0,0,0,census_only,Unknown,
Strombomonas_balvayi:plas.Chloroplast,1,2,0.0,0.0,0,0,0,0.0,0.0,0.0,inf,0.0,0,0,0,0,census_only,Unknown,
Dermocarpella,1,1,0.0,0.0,0,0,0,0.0,0.0,0.0,inf,0.0,0,0,0,0,census_only,Unknown,
Rhexinema_sarcinoideum.Chloroplast,1,1,0.0,0.0,0,0,0,0.0,0.0,0.0,inf,0.0,0,0,0,0,census_only,Unknown,
Riquetophycus_sp.Chloroplast,1,16,0.0,0.0,0,0,0,0.0,0.0,0.0,inf,0.0,0,0,0,0,census_only,Unknown,
Gloeochaete_wittrockiana:plas.Chloroplast,1,2,0.0,0.0,0,0,0,0.0,0.0,0.0,inf,0.0,0,0,0,0,census_only,Unknown,
Tetrabaena_socialis.Chloroplast,1,1,0.0,0.0,0,0,0,0.0,0.0,0.0,inf,0.0,0,0,0,0,census_only,Unknown,
Euglena_gymnodinioides:plas.Chloroplast,1,1,0.0,0.0,0,0,0,0.0,0.0,0.0,inf,0.0,0,0,0,0,census_only,Unknown,
Euglena_mutabilis.Chloroplast,1,18,0.0,0.0,0,0,0,0.0,0.0,0.0,inf,0.0,0,0,0,0,census_only,Unknown,
Caecibacterium,1,3,0.0,0.0,0,0,0,0.0,0.0,0.0,inf,0.0,0,0,0,0,census_only,Unknown,
Thiolamprovum,1,2,0.0,0.0,0,0,0,0.0,0.0,0.0,inf,0.0,0,0,0,0,census_only,Unknown,
Spongitalea,1,2,0.0,0.0,0,0,0,0.0,0.0,0.0,inf,0.0,0,0,0,0,census_only,Unknown,
Starria,1,1,0.0,0.0,0,0,0,0.0,0.0,0.0,inf,0.0,0,0,0,0,census_only,Unknown,
Wollea,1,1,0.0,0.0,0,0,0,0.0,0.0,0.0,inf,0.0,0,0,0,0,census_only,Unknown,
Ceanothus_prostratus:plas.Chloroplast,1,4,0.0,0.0,0,0,0,0.0,0.0,0.0,inf,0.0,0,0,0,0,census_only,Unknown,
Isochromatium,1,1,0.0,0.0,0,0,0,0.0,0.0,0.0,inf,0.0,0,0,0,0,census_only,Unknown,
Methylosphaera,1,1,0.0,0.0,0,0,0,0.0,0.0,0.0,inf,0.0,0,0,0,0,census_only,Unknown,
Botryococcus_braunii_Showa.Chloroplast,1,1,0.0,0.0,0,0,0,0.0,0.0,0.0,inf,0.0,0,0,0,0,census_only,Unknown,
Nanobacterium,1,1,0.0,0.0,0,0,0,0.0,0.0,0.0,inf,0.0,0,0,0,0,census_only,Unknown,
Desulfohalophilus,1,1,0.0,0.0,0,0,0,0.0,0.0,0.0,inf,0.0,0,0,0,0,census_only,Unknown,
Xanthobacillum,1,2,0.0,0.0,0,0,0,0.0,0.0,0.0,inf,0.0,0,0,0,0,census_only,Unknown,
Euglena_mainxi:plas.Chloroplast,1,3,0.0,0.0,0,0,0,0.0,0.0,0.0,inf,0.0,0,0,0,0,census_only,Unknown,
Phacus_ranula:plas.Chloroplast,1,4,0.0,0.0,0,0,0,0.0,0.0,0.0,inf,0.0,0,0,0,0,census_only,Unknown,
Colacium_mucronatum:plas.Chloroplast,1,5,0.0,0.0,0,0,0,0.0,0.0,0.0,inf,0.0,0,0,0,0,census_only,Unknown,
Chlorarachnion_reptans:plas.Chloroplast,1,2,0.0,0.0,0,0,0,0.0,0.0,0.0,inf,0.0,0,0,0,0,census_only,Unknown,
Exanthemachrysis_gayraliae:plas.Chloroplast,1,10,0.0,0.0,0,0,0,0.0,0.0,0.0,inf,0.0,0,0,0,0,census_only,Unknown,
Dermabacteraceae.U.genus,1,2,0.0,0.0,0,0,0,0.0,0.0,0.0,inf,0.0,0,0,0,0,census_only,Unknown,
Lepocinclis_fusca.Chloroplast,1,2,0.0,0.0,0,0,0,0.0,0.0,0.0,inf,0.0,0,0,0,0,census_only,Unknown,
Ascidianibacter,1,1,0.0,0.0,0,0,0,0.0,0.0,0.0,inf,0.0,0,0,0,0,census_only,Unknown,
Polysiphonia_sertularioides.Chloroplast,1,5,0.0,0.0,0,0,0,0.0,0.0,0.0,inf,0.0,0,0,0,0,census_only,Unknown,
Paraphaeobacter,1,1,0.0,0.0,0,0,0,0.0,0.0,0.0,inf,0.0,0,0,0,0,census_only,Unknown,
Huanghella,1,1,0.0,0.0,0,0,0,0.0,0.0,0.0,inf,0.0,0,0,0,0,census_only,Unknown,
Averyella,1,3,0.0,0.0,0,0,0,0.0,0.0,0.0,inf,0.0,0,0,0,0,census_only,Unknown,
Thioalkalispira,1,1,0.0,0.0,0,0,0,0.0,0.0,0.0,inf,0.0,0,0,0,0,census_only,Unknown,
Phaeochromatium,1,1,0.0,0.0,0,0,0,0.0,0.0,0.0,inf,0.0,0,0,0,0,census_only,Unknown,
Daejeonia,1,1,0.0,0.0,0,0,0,0.0,0.0,0.0,inf,0.0,0,0,0,0,census_only,Unknown,
Gymnochlora_stellata.Chloroplast,1,2,0.0,0.0,0,0,0,0.0,0.0,0.0,inf,0.0,0,0,0,0,census_only,Unknown,
Thermopallium,1,3,0.0,0.0,0,0,0,0.0,0.0,0.0,inf,0.0,0,0,0,0,census_only,Unknown,
Paralkalibacillus,1,1,0.0,0.0,0,0,0,0.0,0.0,0.0,inf,0.0,0,0,0,0,census_only,Unknown,
Aurantimonadaceae.U.genus,1,1,0.0,0.0,0,0,0,0.0,0.0,0.0,inf,0.0,0,0,0,0,census_only,Unknown,
Fulvibacter,1,2,0.0,0.0,0,0,0,0.0,0.0,0.0,inf,0.0,0,0,0,0,census_only,Unknown,
Monomorphina_aenigmatica:plas.Chloroplast,1,3,0.0,0.0,0,0,0,0.0,0.0,0.0,inf,0.0,0,0,0,0,census_only,Unknown,
Desulfosporomusa,1,4,0.0,0.0,0,0,0,0.0,0.0,0.0,inf,0.0,0,0,0,0,census_only,Unknown,
Salsuginimonas,1,1,0.0,0.0,0,0,0,0.0,0.0,0.0,inf,0.0,0,0,0,0,census_only,Unknown,
Campanula_americana.Chloroplast,1,30,0.0,0.0,0,0,0,0.0,0.0,0.0,inf,0.0,0,0,0,0,census_only,Unknown,
Nitzschia_sp._NIES-3576.Chloroplast,1,1,0.0,0.0,0,0,0,0.0,0.0,0.0,inf,0.0,0,0,0,0,census_only,Unknown,
Flindersiella,1,6,0.0,0.0,0,0,0,0.0,0.0,0.0,inf,0.0,0,0,0,0,census_only,Unknown,
Marseillibacter,1,4,0.0,0.0,0,0,0,0.0,0.0,0.0,inf,0.0,0,0,0,0,census_only,Unknown,
Ferrimonadaceae.U.genus,1,1,0.0,0.0,0,0,0,0.0,0.0,0.0,inf,0.0,0,0,0,0,census_only,Unknown,
Solanum_tuberosum:plas.Chloroplast,1,1,0.0,0.0,0,0,0,0.0,0.0,0.0,inf,0.0,0,0,0,0,census_only,Unknown,
Geopsychrobacteraceae.U.genus,1,1,0.0,0.0,0,0,0,0.0,0.0,0.0,inf,0.0,0,0,0,0,census_only,Unknown,
Roseibacula,1,1,0.0,0.0,0,0,0,0.0,0.0,0.0,inf,0.0,0,0,0,0,census_only,Unknown,
Trachelomonas_echinata:plas.Chloroplast,1,2,0.0,0.0,0,0,0,0.0,0.0,0.0,inf,0.0,0,0,0,0,census_only,Unknown,
Ewamiania,1,2,0.0,0.0,0,0,0,0.0,0.0,0.0,inf,0.0,0,0,0,0,census_only,Unknown,
Trachelomonas_rugulosa:plas.Chloroplast,1,3,0.0,0.0,0,0,0,0.0,0.0,0.0,inf,0.0,0,0,0,0,census_only,Unknown,
Reichenowia,1,1,0.0,0.0,0,0,0,0.0,0.0,0.0,inf,0.0,0,0,0,0,census_only,Unknown,
Cyanoarbor,1,1,0.0,0.0,0,0,0,0.0,0.0,0.0,inf,0.0,0,0,0,0,census_only,Unknown,
Foliisarcina,1,4,0.0,0.0,0,0,0,0.0,0.0,0.0,inf,0.0,0,0,0,0,census_only,Unknown,
Erythromicrobium,1,1,0.0,0.0,0,0,0,0.0,0.0,0.0,inf,0.0,0,0,0,0,census_only,Unknown,
Hahellaceae.U.genus,1,1,0.0,0.0,0,0,0,0.0,0.0,0.0,inf,0.0,0,0,0,0,census_only,Unknown,
Prasinococcus_sp._CCMP1194.Chloroplast,1,1,0.0,0.0,0,0,0,0.0,0.0,0.0,inf,0.0,0,0,0,0,census_only,Unknown,
Edaphochlorella_mirabilis.Chloroplast,1,1,0.0,0.0,0,0,0,0.0,0.0,0.0,inf,0.0,0,0,0,0,census_only,Unknown,
Chloroherpetonaceae.U.genus,1,1,0.0,0.0,0,0,0,0.0,0.0,0.0,inf,0.0,0,0,0,0,census_only,Unknown,
Aurantiacicella,1,1,0.0,0.0,0,0,0,0.0,0.0,0.0,inf,0.0,0,0,0,0,census_only,Unknown,
Pseudocapsa,1,1,0.0,0.0,0,0,0,0.0,0.0,0.0,inf,0.0,0,0,0,0,census_only,Unknown,
Nesiotobacter,1,2,0.0,0.0,0,0,0,0.0,0.0,0.0,inf,0.0,0,0,0,0,census_only,Unknown,
Cannabis_sativa:plas.Chloroplast,1,1,0.0,0.0,0,0,0,0.0,0.0,0.0,inf,0.0,0,0,0,0,census_only,Unknown,
Pseudomaribius,1,1,0.0,0.0,0,0,0,0.0,0.0,0.0,inf,0.0,0,0,0,0,census_only,Unknown,
Aestuariihabitans,1,2,0.0,0.0,0,0,0,0.0,0.0,0.0,inf,0.0,0,0,0,0,census_only,Unknown,
Litorisediminivivens,1,2,0.0,0.0,0,0,0,0.0,0.0,0.0,inf,0.0,0,0,0,0,census_only,Unknown,
Coetzeea,1,1,0.0,0.0,0,0,0,0.0,0.0,0.0,inf,0.0,0,0,0,0,census_only,Unknown,
Rarimicrobium,1,2,0.0,0.0,0,0,0,0.0,0.0,0.0,inf,0.0,0,0,0,0,census_only,Unknown,
Sirodotia_delicatula.Chloroplast,1,1,0.0,0.0,0,0,0,0.0,0.0,0.0,inf,0.0,0,0,0,0,census_only,Unknown,
Leahibacter,1,1,0.0,0.0,0,0,0,0.0,0.0,0.0,inf,0.0,0,0,0,0,census_only,Unknown,
Plasmodium_cynomolgi.Mitochondria,1,1,0.0,0.0,0,0,0,0.0,0.0,0.0,inf,0.0,0,0,0,0,census_only,Unknown,
Euglena_hiemalis.Chloroplast,1,6,0.0,0.0,0,0,0,0.0,0.0,0.0,inf,0.0,0,0,0,0,census_only,Unknown,
Colacium_vesiculosum:plas.Chloroplast,1,2,0.0,0.0,0,0,0,0.0,0.0,0.0,inf,0.0,0,0,0,0,census_only,Unknown,
Elaeis_guineensis_(African_oil_palm).Mitochondria,1,1,0.0,0.0,0,0,0,0.0,0.0,0.0,inf,0.0,0,0,0,0,census_only,Unknown,
Solanum_melongena_(eggplant).Chloroplast,1,11,0.0,0.0,0,0,0,0.0,0.0,0.0,inf,0.0,0,0,0,0,census_only,Unknown,
Pavlova_gyrans.Chloroplast,1,1,0.0,0.0,0,0,0,0.0,0.0,0.0,inf,0.0,0,0,0,0,census_only,Unknown,
Boyliae,1,1,0.0,0.0,0,0,0,0.0,0.0,0.0,inf,0.0,0,0,0,0,census_only,Unknown,
Komvophoron,1,1,0.0,0.0,0,0,0,0.0,0.0,0.0,inf,0.0,0,0,0,0,census_only,Unknown,
Micromonas_commoda_A1:plas.Chloroplast,1,26,0.0,0.0,0,0,0,0.0,0.0,0.0,inf,0.0,0,0,0,0,census_only,Unknown,
Pterocladiella_media.Mitochondria,1,1,0.0,0.0,0,0,0,0.0,0.0,0.0,inf,0.0,0,0,0,0,census_only,Unknown,
Schizotrichaceae.U.genus,1,1,0.0,0.0,0,0,0,0.0,0.0,0.0,inf,0.0,0,0,0,0,census_only,Unknown,
Clonothrix,1,1,0.0,0.0,0,0,0,0.0,0.0,0.0,inf,0.0,0,0,0,0,census_only,Unknown,
Vitis_vinifera:plas.Chloroplast,1,1,0.0,0.0,0,0,0,0.0,0.0,0.0,inf,0.0,0,0,0,0,census_only,Unknown,
Symphyonema,1,1,0.0,0.0,0,0,0,0.0,0.0,0.0,inf,0.0,0,0,0,0,census_only,Unknown,
Corallinales_XX_sp.:plas.Chloroplast,1,2,0.0,0.0,0,0,0,0.0,0.0,0.0,inf,0.0,0,0,0,0,census_only,Unknown,
Persicaria_minor.Mitochondria,1,3,0.0,0.0,0,0,0,0.0,0.0,0.0,inf,0.0,0,0,0,0,census_only,Unknown,
Chakia,1,1,0.0,0.0,0,0,0,0.0,0.0,0.0,inf,0.0,0,0,0,0,census_only,Unknown,
Chlorella_variabilis:plas.Chloroplast,1,1,0.0,0.0,0,0,0,0.0,0.0,0.0,inf,0.0,0,0,0,0,census_only,Unknown,
Lithodesmium_undulatum.Chloroplast,1,1,0.0,0.0,0,0,0,0.0,0.0,0.0,inf,0.0,0,0,0,0,census_only,Unknown,
Karenia_brevis:plas.Chloroplast,1,3,0.0,0.0,0,0,0,0.0,0.0,0.0,inf,0.0,0,0,0,0,census_only,Unknown,
Cynomorium_coccineum:plas.Chloroplast,1,2,0.0,0.0,0,0,0,0.0,0.0,0.0,inf,0.0,0,0,0,0,census_only,Unknown,
Cyanospira,1,2,0.0,0.0,0,0,0,0.0,0.0,0.0,inf,0.0,0,0,0,0,census_only,Unknown,
Camptylonemopsis,1,1,0.0,0.0,0,0,0,0.0,0.0,0.0,inf,0.0,0,0,0,0,census_only,Unknown,
Discoplastis_spathirhyncha:plas.Chloroplast,1,1,0.0,0.0,0,0,0,0.0,0.0,0.0,inf,0.0,0,0,0,0,census_only,Unknown,
Proboscia_sp.:plas.Chloroplast,1,2,0.0,0.0,0,0,0,0.0,0.0,0.0,inf,0.0,0,0,0,0,census_only,Unknown,
Sinorickettsia,1,1,0.0,0.0,0,0,0,0.0,0.0,0.0,inf,0.0,0,0,0,0,census_only,Unknown,
Oceanobacterium,1,1,0.0,0.0,0,0,0,0.0,0.0,0.0,inf,0.0,0,0,0,0,census_only,Unknown,
Haloleptolyngbya,1,1,0.0,0.0,0,0,0,0.0,0.0,0.0,inf,0.0,0,0,0,0,census_only,Unknown,
Stetteria,1,4,0.0,0.0,0,0,0,0.0,0.0,0.0,inf,0.0,0,0,0,0,census_only,Unknown,
Haslea_sp.:plas.Chloroplast,1,1,0.0,0.0,0,0,0,0.0,0.0,0.0,inf,0.0,0,0,0,0,census_only,Unknown,
Aspergillus_parasiticus:mito.Mitochondria,1,1,0.0,0.0,0,0,0,0.0,0.0,0.0,inf,0.0,0,0,0,0,census_only,Unknown,
Sodaleptolyngbya,1,1,0.0,0.0,0,0,0,0.0,0.0,0.0,inf,0.0,0,0,0,0,census_only,Unknown,
Pisum_sativum_(pea).Mitochondria,1,5,0.0,0.0,0,0,0,0.0,0.0,0.0,inf,0.0,0,0,0,0,census_only,Unknown,
Nitzschia_frustulum:plas.Chloroplast,1,2,0.0,0.0,0,0,0,0.0,0.0,0.0,inf,0.0,0,0,0,0,census_only,Unknown,
Hypseocharis_pimpinellifolia.Mitochondria,1,1,0.0,0.0,0,0,0,0.0,0.0,0.0,inf,0.0,0,0,0,0,census_only,Unknown,
Koukoulia,1,1,0.0,0.0,0,0,0,0.0,0.0,0.0,inf,0.0,0,0,0,0,census_only,Unknown,
Guillardia_theta:plas.Chloroplast,1,1,0.0,0.0,0,0,0,0.0,0.0,0.0,inf,0.0,0,0,0,0,census_only,Unknown,
Roundia_cardiophora.Chloroplast,1,1,0.0,0.0,0,0,0,0.0,0.0,0.0,inf,0.0,0,0,0,0,census_only,Unknown,
Sargassum_aquifolium.Mitochondria,1,4,0.0,0.0,0,0,0,0.0,0.0,0.0,inf,0.0,0,0,0,0,census_only,Unknown,
Babesia6_bovis:apic.Apicoplast,1,2,0.0,0.0,0,0,0,0.0,0.0,0.0,inf,0.0,0,0,0,0,census_only,Unknown,
Arachis_hypogaea_var._vulgaris.Chloroplast,1,1,0.0,0.0,0,0,0,0.0,0.0,0.0,inf,0.0,0,0,0,0,census_only,Unknown,
Grateloupia_catenata.Chloroplast,1,1,0.0,0.0,0,0,0,0.0,0.0,0.0,inf,0.0,0,0,0,0,census_only,Unknown,
Gelidium_isabelae.Mitochondria,1,57,0.0,0.0,0,0,0,0.0,0.0,0.0,inf,0.0,0,0,0,0,census_only,Unknown,
Silene_vulgaris:plas.Chloroplast,1,1,0.0,0.0,0,0,0,0.0,0.0,0.0,inf,0.0,0,0,0,0,census_only,Unknown,
Planktolyngbya,1,1,0.0,0.0,0,0,0,0.0,0.0,0.0,inf,0.0,0,0,0,0,census_only,Unknown,
Pelargonium_alternans:plas.Chloroplast,1,2,0.0,0.0,0,0,0,0.0,0.0,0.0,inf,0.0,0,0,0,0,census_only,Unknown,
Buxbaumia_punctata:plas.Chloroplast,1,2,0.0,0.0,0,0,0,0.0,0.0,0.0,inf,0.0,0,0,0,0,census_only,Unknown,
Oryza_sativa:plas.Chloroplast,1,11,0.0,0.0,0,0,0,0.0,0.0,0.0,inf,0.0,0,0,0,0,census_only,Unknown,
Cyperus_alternifolius:plas.Chloroplast,1,2,0.0,0.0,0,0,0,0.0,0.0,0.0,inf,0.0,0,0,0,0,census_only,Unknown,
Nicotiana_tabacum_(common_tobacco).Mitochondria,1,3,0.0,0.0,0,0,0,0.0,0.0,0.0,inf,0.0,0,0,0,0,census_only,Unknown,
Bracteacoccus_minor.Chloroplast,1,1,0.0,0.0,0,0,0,0.0,0.0,0.0,inf,0.0,0,0,0,0,census_only,Unknown,
Aucuba_japonica:plas.Chloroplast,1,1,0.0,0.0,0,0,0,0.0,0.0,0.0,inf,0.0,0,0,0,0,census_only,Unknown,
Simkaniaceae.U.genus,1,1,0.0,0.0,0,0,0,0.0,0.0,0.0,inf,0.0,0,0,0,0,census_only,Unknown,
Talaromyces_minioluteus.Mitochondria,1,6,0.0,0.0,0,0,0,0.0,0.0,0.0,inf,0.0,0,0,0,0,census_only,Unknown,
Trachelomonas_sp._Bakunji101709F.Chloroplast,1,5,0.0,0.0,0,0,0,0.0,0.0,0.0,inf,0.0,0,0,0,0,census_only,Unknown,
Apicomplexa_sp._WK-2018_Corallicola.Chloroplast,1,1,0.0,0.0,0,0,0,0.0,0.0,0.0,inf,0.0,0,0,0,0,census_only,Unknown,
Folsomia_candida.Chloroplast,1,4,0.0,0.0,0,0,0,0.0,0.0,0.0,inf,0.0,0,0,0,0,census_only,Unknown,
Hydnora_longicollis.Chloroplast,1,1,0.0,0.0,0,0,0,0.0,0.0,0.0,inf,0.0,0,0,0,0,census_only,Unknown,
Galaxaura_rugosa.Chloroplast,1,2,0.0,0.0,0,0,0,0.0,0.0,0.0,inf,0.0,0,0,0,0,census_only,Unknown,
Ehretia_acuminata:plas.Chloroplast,1,1,0.0,0.0,0,0,0,0.0,0.0,0.0,inf,0.0,0,0,0,0,census_only,Unknown,
Ulnaria_acus:plas.Chloroplast,1,2,0.0,0.0,0,0,0,0.0,0.0,0.0,inf,0.0,0,0,0,0,census_only,Unknown,
Chaetoceros_socialis:plas.Chloroplast,1,1,0.0,0.0,0,0,0,0.0,0.0,0.0,inf,0.0,0,0,0,0,census_only,Unknown,
Acorus_calamus:plas.Chloroplast,1,1,0.0,0.0,0,0,0,0.0,0.0,0.0,inf,0.0,0,0,0,0,census_only,Unknown,
Palmariaceae_X_sp.:plas.Chloroplast,1,2,0.0,0.0,0,0,0,0.0,0.0,0.0,inf,0.0,0,0,0,0,census_only,Unknown,
Gigartinales_XX_sp.:plas.Chloroplast,1,1,0.0,0.0,0,0,0,0.0,0.0,0.0,inf,0.0,0,0,0,0,census_only,Unknown,
Sporolithon_durum.Chloroplast,1,2,0.0,0.0,0,0,0,0.0,0.0,0.0,inf,0.0,0,0,0,0,census_only,Unknown,
Euglena_mutabilis:plas.Chloroplast,1,2,0.0,0.0,0,0,0,0.0,0.0,0.0,inf,0.0,0,0,0,0,census_only,Unknown,
Hesperaloe_parviflora:plas.Chloroplast,1,1,0.0,0.0,0,0,0,0.0,0.0,0.0,inf,0.0,0,0,0,0,census_only,Unknown,
Haslea_wawrikae:plas.Chloroplast,1,1,0.0,0.0,0,0,0,0.0,0.0,0.0,inf,0.0,0,0,0,0,census_only,Unknown,
Ostreobium_sp2:plas.Chloroplast,1,1,0.0,0.0,0,0,0,0.0,0.0,0.0,inf,0.0,0,0,0,0,census_only,Unknown,
Conticribra_weissflogii:plas.Chloroplast,1,2,0.0,0.0,0,0,0,0.0,0.0,0.0,inf,0.0,0,0,0,0,census_only,Unknown,
Diphasiastrum_digitatum.Mitochondria,1,1,0.0,0.0,0,0,0,0.0,0.0,0.0,inf,0.0,0,0,0,0,census_only,Unknown,
Wildemania_schizophylla.Mitochondria,1,2,0.0,0.0,0,0,0,0.0,0.0,0.0,inf,0.0,0,0,0,0,census_only,Unknown,
Picea_sitchensis:plas.Chloroplast,1,1,0.0,0.0,0,0,0,0.0,0.0,0.0,inf,0.0,0,0,0,0,census_only,Unknown,
Gelidium_kathyanniae.Mitochondria,1,1,0.0,0.0,0,0,0,0.0,0.0,0.0,inf,0.0,0,0,0,0,census_only,Unknown,
Acanthoceras_zachariasii.Chloroplast,1,2,0.0,0.0,0,0,0,0.0,0.0,0.0,inf,0.0,0,0,0,0,census_only,Unknown,
Polycephalomyces_prolificus.Mitochondria,1,17,0.0,0.0,0,0,0,0.0,0.0,0.0,inf,0.0,0,0,0,0,census_only,Unknown,
Trachelomonas_sp._Pungcheon093006C.Chloroplast,1,2,0.0,0.0,0,0,0,0.0,0.0,0.0,inf,0.0,0,0,0,0,census_only,Unknown,
Chenopodium_quinoa_(quinoa).Chloroplast,1,4,0.0,0.0,0,0,0,0.0,0.0,0.0,inf,0.0,0,0,0,0,census_only,Unknown,
Musa_acuminata_subsp._malaccensis.Mitochondria,1,1,0.0,0.0,0,0,0,0.0,0.0,0.0,inf,0.0,0,0,0,0,census_only,Unknown,
Nicotiana_otophora.Chloroplast,1,5,0.0,0.0,0,0,0,0.0,0.0,0.0,inf,0.0,0,0,0,0,census_only,Unknown,
Cheilotheca_macrocarpa.Mitochondria,1,1,0.0,0.0,0,0,0,0.0,0.0,0.0,inf,0.0,0,0,0,0,census_only,Unknown,
Dermonema_virens.Chloroplast,1,1,0.0,0.0,0,0,0,0.0,0.0,0.0,inf,0.0,0,0,0,0,census_only,Unknown,
Geminigera_cryophila:plas.Chloroplast,1,1,0.0,0.0,0,0,0,0.0,0.0,0.0,inf,0.0,0,0,0,0,census_only,Unknown,
Dioscorea_oppositifolia:plas.Chloroplast,1,1,0.0,0.0,0,0,0,0.0,0.0,0.0,inf,0.0,0,0,0,0,census_only,Unknown,
Hypolytrum_nemorum.Chloroplast,1,1,0.0,0.0,0,0,0,0.0,0.0,0.0,inf,0.0,0,0,0,0,census_only,Unknown,
Lepocinclis_spirogyroides.Chloroplast,1,2,0.0,0.0,0,0,0,0.0,0.0,0.0,inf,0.0,0,0,0,0,census_only,Unknown,
Taxus_mairei:plas.Chloroplast,1,1,0.0,0.0,0,0,0,0.0,0.0,0.0,inf,0.0,0,0,0,0,census_only,Unknown,
Rosa_chinensis.Mitochondria,1,1,0.0,0.0,0,0,0,0.0,0.0,0.0,inf,0.0,0,0,0,0,census_only,Unknown,
Auxenochlorella_sp.:plas.Chloroplast,1,1,0.0,0.0,0,0,0,0.0,0.0,0.0,inf,0.0,0,0,0,0,census_only,Unknown,
Theileria5_parva:apic.Apicoplast,1,3,0.0,0.0,0,0,0,0.0,0.0,0.0,inf,0.0,0,0,0,0,census_only,Unknown,
Potamogeton_berchtoldii.Mitochondria,1,2,0.0,0.0,0,0,0,0.0,0.0,0.0,inf,0.0,0,0,0,0,census_only,Unknown,
Glycine_soja.Chloroplast,1,1,0.0,0.0,0,0,0,0.0,0.0,0.0,inf,0.0,0,0,0,0,census_only,Unknown,
Populus_sp.:plas.Chloroplast,1,22,0.0,0.0,0,0,0,0.0,0.0,0.0,inf,0.0,0,0,0,0,census_only,Unknown,
Euglenaformis_proxima.Chloroplast,1,1,0.0,0.0,0,0,0,0.0,0.0,0.0,inf,0.0,0,0,0,0,census_only,Unknown,
Spongiobacter,1,1,0.0,0.0,0,0,0,0.0,0.0,0.0,inf,0.0,0,0,0,0,census_only,Unknown,
Lacunastrum_gracillimum.Chloroplast,1,2,0.0,0.0,0,0,0,0.0,0.0,0.0,inf,0.0,0,0,0,0,census_only,Unknown,
Morus_notabilis.Chloroplast,1,2,0.0,0.0,0,0,0,0.0,0.0,0.0,inf,0.0,0,0,0,0,census_only,Unknown,
Trachelomonas_sp._Yeonhwaji091109F.Chloroplast,1,3,0.0,0.0,0,0,0,0.0,0.0,0.0,inf,0.0,0,0,0,0,census_only,Unknown,
Treubaria_triappendiculata.Chloroplast,1,4,0.0,0.0,0,0,0,0.0,0.0,0.0,inf,0.0,0,0,0,0,census_only,Unknown,
Thalassionema_frauenfeldii:plas.Chloroplast,1,1,0.0,0.0,0,0,0,0.0,0.0,0.0,inf,0.0,0,0,0,0,census_only,Unknown,
Paeonia_brownii:plas.Chloroplast,1,1,0.0,0.0,0,0,0,0.0,0.0,0.0,inf,0.0,0,0,0,0,census_only,Unknown,
Monodopsis_sp._MarTras21.Chloroplast,1,1,0.0,0.0,0,0,0,0.0,0.0,0.0,inf,0.0,0,0,0,0,census_only,Unknown,
Azadirachta_indica:plas.Chloroplast,1,1,0.0,0.0,0,0,0,0.0,0.0,0.0,inf,0.0,0,0,0,0,census_only,Unknown,
Sesamum_indicum:plas.Chloroplast,1,2,0.0,0.0,0,0,0,0.0,0.0,0.0,inf,0.0,0,0,0,0,census_only,Unknown,
Colubraria_reticulata.Mitochondria,1,1,0.0,0.0,0,0,0,0.0,0.0,0.0,inf,0.0,0,0,0,0,census_only,Unknown,
Zoogloeaceae.U.genus,1,1,0.0,0.0,0,0,0,0.0,0.0,0.0,inf,0.0,0,0,0,0,census_only,Unknown,
Lepocinclis_playfairiana.Chloroplast,1,1,0.0,0.0,0,0,0,0.0,0.0,0.0,inf,0.0,0,0,0,0,census_only,Unknown,
Trichoderma_reesei.Mitochondria,1,4,0.0,0.0,0,0,0,0.0,0.0,0.0,inf,0.0,0,0,0,0,census_only,Unknown,
Trachelomonas_volvocina:plas.Chloroplast,1,2,0.0,0.0,0,0,0,0.0,0.0,0.0,inf,0.0,0,0,0,0,census_only,Unknown,
Micromonas_pusilla:plas.Chloroplast,1,2,0.0,0.0,0,0,0,0.0,0.0,0.0,inf,0.0,0,0,0,0,census_only,Unknown,
Spinacia_oleracea:plas.Chloroplast,1,2,0.0,0.0,0,0,0,0.0,0.0,0.0,inf,0.0,0,0,0,0,census_only,Unknown,
Trachelomonas_sp._LnE082603E.Chloroplast,1,6,0.0,0.0,0,0,0,0.0,0.0,0.0,inf,0.0,0,0,0,0,census_only,Unknown,
Thaumatella_adunca.Chloroplast,1,1,0.0,0.0,0,0,0,0.0,0.0,0.0,inf,0.0,0,0,0,0,census_only,Unknown,
Cedrus_deodara:plas.Chloroplast,1,1,0.0,0.0,0,0,0,0.0,0.0,0.0,inf,0.0,0,0,0,0,census_only,Unknown,
Scytosiphon_lomentaria.Chloroplast,1,1,0.0,0.0,0,0,0,0.0,0.0,0.0,inf,0.0,0,0,0,0,census_only,Unknown,
Penicillium_digitatum_Pd1.Mitochondria,1,1,0.0,0.0,0,0,0,0.0,0.0,0.0,inf,0.0,0,0,0,0,census_only,Unknown,
Ectocarpus_siliculosus:plas.Chloroplast,1,1,0.0,0.0,0,0,0,0.0,0.0,0.0,inf,0.0,0,0,0,0,census_only,Unknown,
Elysia_cornigera.Chloroplast,1,5,0.0,0.0,0,0,0,0.0,0.0,0.0,inf,0.0,0,0,0,0,census_only,Unknown,
Eimeria1_meleagrimitis:apic.Apicoplast,1,2,0.0,0.0,0,0,0,0.0,0.0,0.0,inf,0.0,0,0,0,0,census_only,Unknown,
Braarudosphaeraceae_X_sp.:plas.Chloroplast,1,1,0.0,0.0,0,0,0,0.0,0.0,0.0,inf,0.0,0,0,0,0,census_only,Unknown,
Fragilaria_zeilleri:plas.Chloroplast,1,1,0.0,0.0,0,0,0,0.0,0.0,0.0,inf,0.0,0,0,0,0,census_only,Unknown,
Isoetes_histrix.Mitochondria,1,1,0.0,0.0,0,0,0,0.0,0.0,0.0,inf,0.0,0,0,0,0,census_only,Unknown,
Paecilomyces_hepiali.Mitochondria,1,2,0.0,0.0,0,0,0,0.0,0.0,0.0,inf,0.0,0,0,0,0,census_only,Unknown,
Triticum_urartu.Mitochondria,1,1,0.0,0.0,0,0,0,0.0,0.0,0.0,inf,0.0,0,0,0,0,census_only,Unknown,
Saccharum_officinarum.Mitochondria,1,1,0.0,0.0,0,0,0,0.0,0.0,0.0,inf,0.0,0,0,0,0,census_only,Unknown,
Beauveria_malawiensis.Mitochondria,1,6,0.0,0.0,0,0,0,0.0,0.0,0.0,inf,0.0,0,0,0,0,census_only,Unknown,
Carludovica_palmata.Mitochondria,1,3,0.0,0.0,0,0,0,0.0,0.0,0.0,inf,0.0,0,0,0,0,census_only,Unknown,
Phacus_platyaulax:plas.Chloroplast,1,1,0.0,0.0,0,0,0,0.0,0.0,0.0,inf,0.0,0,0,0,0,census_only,Unknown,
Hypomyces_chrysospermus.Mitochondria,1,1,0.0,0.0,0,0,0,0.0,0.0,0.0,inf,0.0,0,0,0,0,census_only,Unknown,
Tiedjeia,1,1,0.0,0.0,0,0,0,0.0,0.0,0.0,inf,0.0,0,0,0,0,census_only,Unknown,
uncultured_Dunaliella_sp.Chloroplast,1,2,0.0,0.0,0,0,0,0.0,0.0,0.0,inf,0.0,0,0,0,0,census_only,Unknown,
Pseudochlorella_signiensis.Chloroplast,1,1,0.0,0.0,0,0,0,0.0,0.0,0.0,inf,0.0,0,0,0,0,census_only,Unknown,
Solanum_nigrum:plas.Chloroplast,1,2,0.0,0.0,0,0,0,0.0,0.0,0.0,inf,0.0,0,0,0,0,census_only,Unknown,
Ochrosphaera_neapolitana:plas.Chloroplast,1,1,0.0,0.0,0,0,0,0.0,0.0,0.0,inf,0.0,0,0,0,0,census_only,Unknown,
Cosmarium_botrytis:plas.Chloroplast,1,2,0.0,0.0,0,0,0,0.0,0.0,0.0,inf,0.0,0,0,0,0,census_only,Unknown,
Solanum_pennellii.Chloroplast,1,1,0.0,0.0,0,0,0,0.0,0.0,0.0,inf,0.0,0,0,0,0,census_only,Unknown,
Rhododendron_simsii:plas.Chloroplast,1,1,0.0,0.0,0,0,0,0.0,0.0,0.0,inf,0.0,0,0,0,0,census_only,Unknown,
Penicillium_sp._KCTC16081.Mitochondria,1,2,0.0,0.0,0,0,0,0.0,0.0,0.0,inf,0.0,0,0,0,0,census_only,Unknown,
Koshicola_spirodelophila.Chloroplast,1,2,0.0,0.0,0,0,0,0.0,0.0,0.0,inf,0.0,0,0,0,0,census_only,Unknown,
Vittaria_lineata:plas.Chloroplast,1,2,0.0,0.0,0,0,0,0.0,0.0,0.0,inf,0.0,0,0,0,0,census_only,Unknown,
Solanum_arcanum.Chloroplast,1,2,0.0,0.0,0,0,0,0.0,0.0,0.0,inf,0.0,0,0,0,0,census_only,Unknown,
Phaseolus_vulgaris.Mitochondria,1,1,0.0,0.0,0,0,0,0.0,0.0,0.0,inf,0.0,0,0,0,0,census_only,Unknown,
Sarcocystis10_muris:apic.Apicoplast,1,1,0.0,0.0,0,0,0,0.0,0.0,0.0,inf,0.0,0,0,0,0,census_only,Unknown,
Pseudoscourfieldia_marina:plas.Chloroplast,1,1,0.0,0.0,0,0,0,0.0,0.0,0.0,inf,0.0,0,0,0,0,census_only,Unknown,
Tetracentron_sinense:plas.Chloroplast,1,1,0.0,0.0,0,0,0,0.0,0.0,0.0,inf,0.0,0,0,0,0,census_only,Unknown,
Teleaulax_amphioxeia:plas.Chloroplast,1,1,0.0,0.0,0,0,0,0.0,0.0,0.0,inf,0.0,0,0,0,0,census_only,Unknown,
Capsicum_annuum.Chloroplast,1,3,0.0,0.0,0,0,0,0.0,0.0,0.0,inf,0.0,0,0,0,0,census_only,Unknown,
Frullania_dilatata:plas.Chloroplast,1,1,0.0,0.0,0,0,0,0.0,0.0,0.0,inf,0.0,0,0,0,0,census_only,Unknown,
Tetradesmus_obliquus.Chloroplast,1,1,0.0,0.0,0,0,0,0.0,0.0,0.0,inf,0.0,0,0,0,0,census_only,Unknown,
Porphyridium_sordidum.Chloroplast,1,2,0.0,0.0,0,0,0,0.0,0.0,0.0,inf,0.0,0,0,0,0,census_only,Unknown,
Chrysochromulina_sp.:plas.Chloroplast,1,1,0.0,0.0,0,0,0,0.0,0.0,0.0,inf,0.0,0,0,0,0,census_only,Unknown,
Lepocinclis_acus:plas.Chloroplast,1,1,0.0,0.0,0,0,0,0.0,0.0,0.0,inf,0.0,0,0,0,0,census_only,Unknown,
Equisetum_hyemale:plas.Chloroplast,1,1,0.0,0.0,0,0,0,0.0,0.0,0.0,inf,0.0,0,0,0,0,census_only,Unknown,
Phaeomonas_sp.:plas.Chloroplast,1,2,0.0,0.0,0,0,0,0.0,0.0,0.0,inf,0.0,0,0,0,0,census_only,Unknown,
Streptochaeta_angustifolia:plas.Chloroplast,1,2,0.0,0.0,0,0,0,0.0,0.0,0.0,inf,0.0,0,0,0,0,census_only,Unknown,
Frankiaceae.U.genus,1,1,0.0,0.0,0,0,0,0.0,0.0,0.0,inf,0.0,0,0,0,0,census_only,Unknown,
Phacus_similis:plas.Chloroplast,1,2,0.0,0.0,0,0,0,0.0,0.0,0.0,inf,0.0,0,0,0,0,census_only,Unknown,
Nitella_mirabilis.Chloroplast,1,1,0.0,0.0,0,0,0,0.0,0.0,0.0,inf,0.0,0,0,0,0,census_only,Unknown,
Fusarium_mangiferae.Mitochondria,1,1,0.0,0.0,0,0,0,0.0,0.0,0.0,inf,0.0,0,0,0,0,census_only,Unknown,
Hydrocoryne,1,1,0.0,0.0,0,0,0,0.0,0.0,0.0,inf,0.0,0,0,0,0,census_only,Unknown,
Pedinomonas_sp.:plas.Chloroplast,1,1,0.0,0.0,0,0,0,0.0,0.0,0.0,inf,0.0,0,0,0,0,census_only,Unknown,
Capsicum_annuum.Mitochondria,1,1,0.0,0.0,0,0,0,0.0,0.0,0.0,inf,0.0,0,0,0,0,census_only,Unknown,
Rhodomela_confervoides.Chloroplast,1,1,0.0,0.0,0,0,0,0.0,0.0,0.0,inf,0.0,0,0,0,0,census_only,Unknown,
Prasinococcales_XX_sp.:plas.Chloroplast,1,1,0.0,0.0,0,0,0,0.0,0.0,0.0,inf,0.0,0,0,0,0,census_only,Unknown,
Eosphagnum_rigescens.Mitochondria,1,1,0.0,0.0,0,0,0,0.0,0.0,0.0,inf,0.0,0,0,0,0,census_only,Unknown,
Olea_woodiana:plas.Chloroplast,1,1,0.0,0.0,0,0,0,0.0,0.0,0.0,inf,0.0,0,0,0,0,census_only,Unknown,
Storeatula_sp._CCMP1868.Chloroplast,1,1,0.0,0.0,0,0,0,0.0,0.0,0.0,inf,0.0,0,0,0,0,census_only,Unknown,
Georgeantha_hexandra:plas.Chloroplast,1,1,0.0,0.0,0,0,0,0.0,0.0,0.0,inf,0.0,0,0,0,0,census_only,Unknown,
Luffa_aegyptiaca_(smooth_loofah).Mitochondria,1,1,0.0,0.0,0,0,0,0.0,0.0,0.0,inf,0.0,0,0,0,0,census_only,Unknown,
Microglena_monadina.Chloroplast,1,1,0.0,0.0,0,0,0,0.0,0.0,0.0,inf,0.0,0,0,0,0,census_only,Unknown,
Bangiopsis_subsimplex.Chloroplast,1,1,0.0,0.0,0,0,0,0.0,0.0,0.0,inf,0.0,0,0,0,0,census_only,Unknown,
Gracilariopsis_heteroclada.Mitochondria,1,2,0.0,0.0,0,0,0,0.0,0.0,0.0,inf,0.0,0,0,0,0,census_only,Unknown,
Partenskyella_glossopodia.Chloroplast,1,1,0.0,0.0,0,0,0,0.0,0.0,0.0,inf,0.0,0,0,0,0,census_only,Unknown,
Cissus_rotundifolia:plas.Chloroplast,1,5,0.0,0.0,0,0,0,0.0,0.0,0.0,inf,0.0,0,0,0,0,census_only,Unknown,
Araphid-pennate_X_sp.:plas.Chloroplast,1,1,0.0,0.0,0,0,0,0.0,0.0,0.0,inf,0.0,0,0,0,0,census_only,Unknown,
Flatbergium_novo-caledoniae.Mitochondria,1,5,0.0,0.0,0,0,0,0.0,0.0,0.0,inf,0.0,0,0,0,0,census_only,Unknown,
Trachelomonas_sp._NJ2.Chloroplast,1,1,0.0,0.0,0,0,0,0.0,0.0,0.0,inf,0.0,0,0,0,0,census_only,Unknown,
Chlorotetraedron_incus.Chloroplast,1,2,0.0,0.0,0,0,0,0.0,0.0,0.0,inf,0.0,0,0,0,0,census_only,Unknown,
Pandanus_utilis:plas.Chloroplast,1,1,0.0,0.0,0,0,0,0.0,0.0,0.0,inf,0.0,0,0,0,0,census_only,Unknown,
Navicula_sp.:plas.Chloroplast,1,1,0.0,0.0,0,0,0,0.0,0.0,0.0,inf,0.0,0,0,0,0,census_only,Unknown,
Oryza_sativa_Indica_Group_(long-grained_rice).Mitochondria,1,1,0.0,0.0,0,0,0,0.0,0.0,0.0,inf,0.0,0,0,0,0,census_only,Unknown,
Microsporum_canis.Mitochondria,1,6,0.0,0.0,0,0,0,0.0,0.0,0.0,inf,0.0,0,0,0,0,census_only,Unknown,
Spyridia_filamentosa.Chloroplast,1,2,0.0,0.0,0,0,0,0.0,0.0,0.0,inf,0.0,0,0,0,0,census_only,Unknown,
Hordeum_vulgare_subsp._vulgare_(domesticated_barley).Mitochondria,1,3,0.0,0.0,0,0,0,0.0,0.0,0.0,inf,0.0,0,0,0,0,census_only,Unknown,
Flintiella_sanguinaria:plas.Chloroplast,1,1,0.0,0.0,0,0,0,0.0,0.0,0.0,inf,0.0,0,0,0,0,census_only,Unknown,
Morus_alba_var._alba.Mitochondria,1,1,0.0,0.0,0,0,0,0.0,0.0,0.0,inf,0.0,0,0,0,0,census_only,Unknown,
Polytoma_oviforme:plas.Chloroplast,1,2,0.0,0.0,0,0,0,0.0,0.0,0.0,inf,0.0,0,0,0,0,census_only,Unknown,
Tetraphis_pellucida.Chloroplast,1,7,0.0,0.0,0,0,0,0.0,0.0,0.0,inf,0.0,0,0,0,0,census_only,Unknown,
Galbulimima_belgraveana.Mitochondria,1,1,0.0,0.0,0,0,0,0.0,0.0,0.0,inf,0.0,0,0,0,0,census_only,Unknown,
Syntrophaceae.U.genus,1,1,0.0,0.0,0,0,0,0.0,0.0,0.0,inf,0.0,0,0,0,0,census_only,Unknown,
Hydra_vulgaris.Chloroplast,1,1,0.0,0.0,0,0,0,0.0,0.0,0.0,inf,0.0,0,0,0,0,census_only,Unknown,
Lactuca_sativa:plas.Chloroplast,1,1,0.0,0.0,0,0,0,0.0,0.0,0.0,inf,0.0,0,0,0,0,census_only,Unknown,
Agathis_robusta:plas.Chloroplast,1,1,0.0,0.0,0,0,0,0.0,0.0,0.0,inf,0.0,0,0,0,0,census_only,Unknown,
Chlamydomonas_nivalis.Chloroplast,1,1,0.0,0.0,0,0,0,0.0,0.0,0.0,inf,0.0,0,0,0,0,census_only,Unknown,
Cyanophora_paradoxa:plas.Chloroplast,1,1,0.0,0.0,0,0,0,0.0,0.0,0.0,inf,0.0,0,0,0,0,census_only,Unknown,
Prumnopitys_ladei:plas.Chloroplast,1,2,0.0,0.0,0,0,0,0.0,0.0,0.0,inf,0.0,0,0,0,0,census_only,Unknown,
Kohautia_caespitosa.Mitochondria,1,1,0.0,0.0,0,0,0,0.0,0.0,0.0,inf,0.0,0,0,0,0,census_only,Unknown,
Chlamydomonas_sphaeroides.Chloroplast,1,1,0.0,0.0,0,0,0,0.0,0.0,0.0,inf,0.0,0,0,0,0,census_only,Unknown,
Linum_usitatissimum_(flax).Mitochondria,1,1,0.0,0.0,0,0,0,0.0,0.0,0.0,inf,0.0,0,0,0,0,census_only,Unknown,
Chaetoceros_muellerii:plas.Chloroplast,1,1,0.0,0.0,0,0,0,0.0,0.0,0.0,inf,0.0,0,0,0,0,census_only,Unknown,
Prototheca_wickerhamii.Mitochondria,1,7,0.0,0.0,0,0,0,0.0,0.0,0.0,inf,0.0,0,0,0,0,census_only,Unknown,
Halimeda_minima.Chloroplast,1,2,0.0,0.0,0,0,0,0.0,0.0,0.0,inf,0.0,0,0,0,0,census_only,Unknown,
Brucellaceae.U.genus,1,2,0.0,0.0,0,0,0,0.0,0.0,0.0,inf,0.0,0,0,0,0,census_only,Unknown,
Anguilla_anguilla_(European_eel).Chloroplast,1,1,0.0,0.0,0,0,0,0.0,0.0,0.0,inf,0.0,0,0,0,0,census_only,Unknown,
Pinus_thunbergii:plas.Chloroplast,1,1,0.0,0.0,0,0,0,0.0,0.0,0.0,inf,0.0,0,0,0,0,census_only,Unknown,
Bangiaceae_X_sp.:plas.Chloroplast,1,1,0.0,0.0,0,0,0,0.0,0.0,0.0,inf,0.0,0,0,0,0,census_only,Unknown,
Chrysochromulina_throndsenii:plas.Chloroplast,1,1,0.0,0.0,0,0,0,0.0,0.0,0.0,inf,0.0,0,0,0,0,census_only,Unknown,
Rappephyceae_XXX_sp.:plas.Chloroplast,1,1,0.0,0.0,0,0,0,0.0,0.0,0.0,inf,0.0,0,0,0,0,census_only,Unknown,
Mamiella_gilva:plas.Chloroplast,1,13,0.0,0.0,0,0,0,0.0,0.0,0.0,inf,0.0,0,0,0,0,census_only,Unknown,
Plantago_maritima.Chloroplast,1,1,0.0,0.0,0,0,0,0.0,0.0,0.0,inf,0.0,0,0,0,0,census_only,Unknown,
Pedinomonadaceae_X_sp.:plas.Chloroplast,1,2,0.0,0.0,0,0,0,0.0,0.0,0.0,inf,0.0,0,0,0,0,census_only,Unknown,
Gossypium_barbadense_(sea-island_cotton).Chloroplast,1,3,0.0,0.0,0,0,0,0.0,0.0,0.0,inf,0.0,0,0,0,0,census_only,Unknown,
Halamphora_coffeaeformis:plas.Chloroplast,1,1,0.0,0.0,0,0,0,0.0,0.0,0.0,inf,0.0,0,0,0,0,census_only,Unknown,
Ensete_ventricosum.Chloroplast,1,5,0.0,0.0,0,0,0,0.0,0.0,0.0,inf,0.0,0,0,0,0,census_only,Unknown,
Lepocinclis_sp._Saema103108C.Chloroplast,1,2,0.0,0.0,0,0,0,0.0,0.0,0.0,inf,0.0,0,0,0,0,census_only,Unknown,
Plasmodium1_cynomolgi:apic.Apicoplast,1,2,0.0,0.0,0,0,0,0.0,0.0,0.0,inf,0.0,0,0,0,0,census_only,Unknown,
Talaromyces_pittii.Mitochondria,1,1,0.0,0.0,0,0,0,0.0,0.0,0.0,inf,0.0,0,0,0,0,census_only,Unknown,
Mollugo_verticillata:plas.Chloroplast,1,1,0.0,0.0,0,0,0,0.0,0.0,0.0,inf,0.0,0,0,0,0,census_only,Unknown,
Aspergillago_clavatoflava.Mitochondria,1,1,0.0,0.0,0,0,0,0.0,0.0,0.0,inf,0.0,0,0,0,0,census_only,Unknown,
Porphyridium_purpureum:plas.Chloroplast,1,1,0.0,0.0,0,0,0,0.0,0.0,0.0,inf,0.0,0,0,0,0,census_only,Unknown,
Carnegiea_gigantea.Chloroplast,1,1,0.0,0.0,0,0,0,0.0,0.0,0.0,inf,0.0,0,0,0,0,census_only,Unknown,
Didymosphenia_geminata.Chloroplast,1,1,0.0,0.0,0,0,0,0.0,0.0,0.0,inf,0.0,0,0,0,0,census_only,Unknown,
Arcocellulus_mammifer:plas.Chloroplast,1,1,0.0,0.0,0,0,0,0.0,0.0,0.0,inf,0.0,0,0,0,0,census_only,Unknown,
Drosera_rotundifolia.Chloroplast,1,2,0.0,0.0,0,0,0,0.0,0.0,0.0,inf,0.0,0,0,0,0,census_only,Unknown,
Selaginella_moellendorffii:plas.Chloroplast,1,2,0.0,0.0,0,0,0,0.0,0.0,0.0,inf,0.0,0,0,0,0,census_only,Unknown,
Thermostilla,1,1,0.0,0.0,0,0,0,0.0,0.0,0.0,inf,0.0,0,0,0,0,census_only,Unknown,
Taeseokella,1,2,0.0,0.0,0,0,0,0.0,0.0,0.0,inf,0.0,0,0,0,0,census_only,Unknown,
Thalassobaculaceae.U.genus,1,2,0.0,0.0,0,0,0,0.0,0.0,0.0,inf,0.0,0,0,0,0,census_only,Unknown,
Kumanoa_americana.Chloroplast,1,5,0.0,0.0,0,0,0,0.0,0.0,0.0,inf,0.0,0,0,0,0,census_only,Unknown,
Araucaria_excelsa.Mitochondria,1,1,0.0,0.0,0,0,0,0.0,0.0,0.0,inf,0.0,0,0,0,0,census_only,Unknown,
Batrachospermum_viride-brasiliense.Chloroplast,1,2,0.0,0.0,0,0,0,0.0,0.0,0.0,inf,0.0,0,0,0,0,census_only,Unknown,
Eimeria6_nieschulzi:apic.Apicoplast,1,3,0.0,0.0,0,0,0,0.0,0.0,0.0,inf,0.0,0,0,0,0,census_only,Unknown,
Phacus_inflexus:plas.Chloroplast,1,6,0.0,0.0,0,0,0,0.0,0.0,0.0,inf,0.0,0,0,0,0,census_only,Unknown,
Spirogyra_pratensis.Chloroplast,1,10,0.0,0.0,0,0,0,0.0,0.0,0.0,inf,0.0,0,0,0,0,census_only,Unknown,
freshwater_sediment_metagenome.Chloroplast,1,5,0.0,0.0,0,0,0,0.0,0.0,0.0,inf,0.0,0,0,0,0,census_only,Unknown,
Nicotiana_undulata:plas.Chloroplast,1,2,0.0,0.0,0,0,0,0.0,0.0,0.0,inf,0.0,0,0,0,0,census_only,Unknown,
Garritya,1,3,0.0,0.0,0,0,0,0.0,0.0,0.0,inf,0.0,0,0,0,0,census_only,Unknown,
Chroomonas_sp.:plas.Chloroplast,1,8,0.0,0.0,0,0,0,0.0,0.0,0.0,inf,0.0,0,0,0,0,census_only,Unknown,
Lathyrus_clymenum.Chloroplast,1,4,0.0,0.0,0,0,0,0.0,0.0,0.0,inf,0.0,0,0,0,0,census_only,Unknown,
Limnococcus,1,3,0.0,0.0,0,0,0,0.0,0.0,0.0,inf,0.0,0,0,0,0,census_only,Unknown,
Radial-centric-basal-Coscinodiscophyceae_X_sp.:plas.Chloroplast,1,2,0.0,0.0,0,0,0,0.0,0.0,0.0,inf,0.0,0,0,0,0,census_only,Unknown,
Natranaerobaculum,1,2,0.0,0.0,0,0,0,0.0,0.0,0.0,inf,0.0,0,0,0,0,census_only,Unknown,
Pseudochloris_wilhelmii.Chloroplast,1,2,0.0,0.0,0,0,0,0.0,0.0,0.0,inf,0.0,0,0,0,0,census_only,Unknown,
Discoplastis_sp._Banmun010910B.Chloroplast,1,2,0.0,0.0,0,0,0,0.0,0.0,0.0,inf,0.0,0,0,0,0,census_only,Unknown,
Picochlorum_sp._'soloecismus'.Chloroplast,1,7,0.0,0.0,0,0,0,0.0,0.0,0.0,inf,0.0,0,0,0,0,census_only,Unknown,
Mantoniella_squamata:plas.Chloroplast,1,33,0.0,0.0,0,0,0,0.0,0.0,0.0,inf,0.0,0,0,0,0,census_only,Unknown,
Physcomitrella_patens:plas.Chloroplast,1,1,0.0,0.0,0,0,0,0.0,0.0,0.0,inf,0.0,0,0,0,0,census_only,Unknown,
Desmarestia_viridis.Chloroplast,1,9,0.0,0.0,0,0,0,0.0,0.0,0.0,inf,0.0,0,0,0,0,census_only,Unknown,
Psammoneis_obaidii.Chloroplast,1,1,0.0,0.0,0,0,0,0.0,0.0,0.0,inf,0.0,0,0,0,0,census_only,Unknown,
Pedinomonas_minor:plas.Chloroplast,1,2,0.0,0.0,0,0,0,0.0,0.0,0.0,inf,0.0,0,0,0,0,census_only,Unknown,
Cymbomonas_tetramitiformis.Chloroplast,1,2,0.0,0.0,0,0,0,0.0,0.0,0.0,inf,0.0,0,0,0,0,census_only,Unknown,
Silene_paradoxa:plas.Chloroplast,1,4,0.0,0.0,0,0,0,0.0,0.0,0.0,inf,0.0,0,0,0,0,census_only,Unknown,
Calypogeia_muelleriana:plas.Chloroplast,1,27,0.0,0.0,0,0,0,0.0,0.0,0.0,inf,0.0,0,0,0,0,census_only,Unknown,
Maripseudobacter,1,4,0.0,0.0,0,0,0,0.0,0.0,0.0,inf,0.0,0,0,0,0,census_only,Unknown,
Azolla_sp.:plas.Chloroplast,1,27,0.0,0.0,0,0,0,0.0,0.0,0.0,inf,0.0,0,0,0,0,census_only,Unknown,
Mesotaenium_caldariorum:plas.Chloroplast,1,2,0.0,0.0,0,0,0,0.0,0.0,0.0,inf,0.0,0,0,0,0,census_only,Unknown,
Aureimarina,1,51,0.0,0.0,0,0,0,0.0,0.0,0.0,inf,0.0,0,0,0,0,census_only,Unknown,
Bifissio,1,6,0.0,0.0,0,0,0,0.0,0.0,0.0,inf,0.0,0,0,0,0,census_only,Unknown,
Babesia_orientalis.Mitochondria,1,1,0.0,0.0,0,0,0,0.0,0.0,0.0,inf,0.0,0,0,0,0,census_only,Unknown,
Chamaedaphne_calyculata.Chloroplast,1,11,0.0,0.0,0,0,0,0.0,0.0,0.0,inf,0.0,0,0,0,0,census_only,Unknown,
Cyanoptyche_gloeocystis:plas.Chloroplast,1,1,0.0,0.0,0,0,0,0.0,0.0,0.0,inf,0.0,0,0,0,0,census_only,Unknown,
Nostochopsis,1,3,0.0,0.0,0,0,0,0.0,0.0,0.0,inf,0.0,0,0,0,0,census_only,Unknown,
Tetraselmis_striata:plas.Chloroplast,1,1,0.0,0.0,0,0,0,0.0,0.0,0.0,inf,0.0,0,0,0,0,census_only,Unknown,
Phaeoceros_laevis.Mitochondria,1,2,0.0,0.0,0,0,0,0.0,0.0,0.0,inf,0.0,0,0,0,0,census_only,Unknown,
Niveitalea,1,1,0.0,0.0,0,0,0,0.0,0.0,0.0,inf,0.0,0,0,0,0,census_only,Unknown,
Salilacibacter,1,2,0.0,0.0,0,0,0,0.0,0.0,0.0,inf,0.0,0,0,0,0,census_only,Unknown,
Scherffelia_dubia:plas.Chloroplast,1,1,0.0,0.0,0,0,0,0.0,0.0,0.0,inf,0.0,0,0,0,0,census_only,Unknown,
Chroodactylon_ornatum:plas.Chloroplast,1,3,0.0,0.0,0,0,0,0.0,0.0,0.0,inf,0.0,0,0,0,0,census_only,Unknown,
Corchorus_capsularis.Mitochondria,1,1,0.0,0.0,0,0,0,0.0,0.0,0.0,inf,0.0,0,0,0,0,census_only,Unknown,
Anaerolineales.U.genus,1,13,0.0,0.0,0,0,0,0.0,0.0,0.0,inf,0.0,0,0,0,0,census_only,Unknown,
Bounagaea,1,1,0.0,0.0,0,0,0,0.0,0.0,0.0,inf,0.0,0,0,0,0,census_only,Unknown,
Swionibacillus,1,1,0.0,0.0,0,0,0,0.0,0.0,0.0,inf,0.0,0,0,0,0,census_only,Unknown,
Tonsilliphilus,1,2,0.0,0.0,0,0,0,0.0,0.0,0.0,inf,0.0,0,0,0,0,census_only,Unknown,
Cylindrocystis_brebissonii.Chloroplast,1,2,0.0,0.0,0,0,0,0.0,0.0,0.0,inf,0.0,0,0,0,0,census_only,Unknown,
Desulfohalobiaceae.U.genus,1,1,0.0,0.0,0,0,0,0.0,0.0,0.0,inf,0.0,0,0,0,0,census_only,Unknown,
Klebsormidium_flaccidum:plas.Chloroplast,1,20,0.0,0.0,0,0,0,0.0,0.0,0.0,inf,0.0,0,0,0,0,census_only,Unknown,
Sufflavibacter,1,1,0.0,0.0,0,0,0,0.0,0.0,0.0,inf,0.0,0,0,0,0,census_only,Unknown,
Erythrotrichia_carnea.Chloroplast,1,6,0.0,0.0,0,0,0,0.0,0.0,0.0,inf,0.0,0,0,0,0,census_only,Unknown,
Penicillium_griseofulvum.Mitochondria,1,11,0.0,0.0,0,0,0,0.0,0.0,0.0,inf,0.0,0,0,0,0,census_only,Unknown,
Fusobacteriaceae.U.genus,1,4,0.0,0.0,0,0,0,0.0,0.0,0.0,inf,0.0,0,0,0,0,census_only,Unknown,
Juncus_effusus.Chloroplast,1,17,0.0,0.0,0,0,0,0.0,0.0,0.0,inf,0.0,0,0,0,0,census_only,Unknown,
Chromochloris_zofingiensis.Chloroplast,1,4,0.0,0.0,0,0,0,0.0,0.0,0.0,inf,0.0,0,0,0,0,census_only,Unknown,
Sporobacterium,1,4,0.0,0.0,0,0,0,0.0,0.0,0.0,inf,0.0,0,0,0,0,census_only,Unknown,
Dorcoceras_hygrometricum.Mitochondria,1,2,0.0,0.0,0,0,0,0.0,0.0,0.0,inf,0.0,0,0,0,0,census_only,Unknown,
Cyclotella_sp._L04_2.Chloroplast,1,3,0.0,0.0,0,0,0,0.0,0.0,0.0,inf,0.0,0,0,0,0,census_only,Unknown,
Salinifilum,1,1,0.0,0.0,0,0,0,0.0,0.0,0.0,inf,0.0,0,0,0,0,census_only,Unknown,
Parastreptomyces,1,11,0.0,0.0,0,0,0,0.0,0.0,0.0,inf,0.0,0,0,0,0,census_only,Unknown,
Neoscardovia,1,2,0.0,0.0,0,0,0,0.0,0.0,0.0,inf,0.0,0,0,0,0,census_only,Unknown,
Rhipilia_crassa:plas.Chloroplast,1,2,0.0,0.0,0,0,0,0.0,0.0,0.0,inf,0.0,0,0,0,0,census_only,Unknown,
Codium_arabicum:plas.Chloroplast,1,10,0.0,0.0,0,0,0,0.0,0.0,0.0,inf,0.0,0,0,0,0,census_only,Unknown,
Penicillium_solitum.Mitochondria,1,1,0.0,0.0,0,0,0,0.0,0.0,0.0,inf,0.0,0,0,0,0,census_only,Unknown,
Coraliitalea,1,2,0.0,0.0,0,0,0,0.0,0.0,0.0,inf,0.0,0,0,0,0,census_only,Unknown,
Tissierellia.U.genus,1,4,0.0,0.0,0,0,0,0.0,0.0,0.0,inf,0.0,0,0,0,0,census_only,Unknown,
Geobacterales.U.genus,1,1,0.0,0.0,0,0,0,0.0,0.0,0.0,inf,0.0,0,0,0,0,census_only,Unknown,
Caldanaerocella,1,2,0.0,0.0,0,0,0,0.0,0.0,0.0,inf,0.0,0,0,0,0,census_only,Unknown,
uncultured_organism.Chloroplast,1,2,0.0,0.0,0,0,0,0.0,0.0,0.0,inf,0.0,0,0,0,0,census_only,Unknown,
Pedobesia_claviformis.Chloroplast,1,7,0.0,0.0,0,0,0,0.0,0.0,0.0,inf,0.0,0,0,0,0,census_only,Unknown,
Ampullimonas,1,2,0.0,0.0,0,0,0,0.0,0.0,0.0,inf,0.0,0,0,0,0,census_only,Unknown,
Peptoniphilaceae.U.genus,1,8,0.0,0.0,0,0,0,0.0,0.0,0.0,inf,0.0,0,0,0,0,census_only,Unknown,
Annwoodia,1,2,0.0,0.0,0,0,0,0.0,0.0,0.0,inf,0.0,0,0,0,0,census_only,Unknown,
Polygonibacillus,1,3,0.0,0.0,0,0,0,0.0,0.0,0.0,inf,0.0,0,0,0,0,census_only,Unknown,
Palmophyllum_crassum.Chloroplast,1,2,0.0,0.0,0,0,0,0.0,0.0,0.0,inf,0.0,0,0,0,0,census_only,Unknown,
Angiopteris_lygodiifolia_(turnip_fern).Mitochondria,1,3,0.0,0.0,0,0,0,0.0,0.0,0.0,inf,0.0,0,0,0,0,census_only,Unknown,
Fermentibacillus,1,1,0.0,0.0,0,0,0,0.0,0.0,0.0,inf,0.0,0,0,0,0,census_only,Unknown,
Cuscuta_pentagona.Mitochondria,1,3,0.0,0.0,0,0,0,0.0,0.0,0.0,inf,0.0,0,0,0,0,census_only,Unknown,
Epipogium_roseum.Chloroplast,1,2,0.0,0.0,0,0,0,0.0,0.0,0.0,inf,0.0,0,0,0,0,census_only,Unknown,
Gossypium_hirsutum_(upland_cotton).Mitochondria,1,2,0.0,0.0,0,0,0,0.0,0.0,0.0,inf,0.0,0,0,0,0,census_only,Unknown,
Oryza_meyeriana.Mitochondria,1,5,0.0,0.0,0,0,0,0.0,0.0,0.0,inf,0.0,0,0,0,0,census_only,Unknown,
Phlegmariurus_squarrosus.Mitochondria,1,2,0.0,0.0,0,0,0,0.0,0.0,0.0,inf,0.0,0,0,0,0,census_only,Unknown,
Karenia_brevis.Chloroplast,1,14,0.0,0.0,0,0,0,0.0,0.0,0.0,inf,0.0,0,0,0,0,census_only,Unknown,
Kofleria,1,14,0.0,0.0,0,0,0,0.0,0.0,0.0,inf,0.0,0,0,0,0,census_only,Unknown,
Candidatus Baumannia,1,2,0.0,0.0,0,0,0,0.0,0.0,0.0,inf,0.0,0,0,0,0,census_only,Unknown,
Closteriopsis_acicularis:plas.Chloroplast,1,8,0.0,0.0,0,0,0,0.0,0.0,0.0,inf,0.0,0,0,0,0,census_only,Unknown,
Racemicystis,1,4,0.0,0.0,0,0,0,0.0,0.0,0.0,inf,0.0,0,0,0,0,census_only,Unknown,
Jahnella,1,5,0.0,0.0,0,0,0,0.0,0.0,0.0,inf,0.0,0,0,0,0,census_only,Unknown,
Eosphagnum_rigescens.Chloroplast,1,2,0.0,0.0,0,0,0,0.0,0.0,0.0,inf,0.0,0,0,0,0,census_only,Unknown,
Arenimicrobium,1,18,0.0,0.0,0,0,0,0.0,0.0,0.0,inf,0.0,0,0,0,0,census_only,Unknown,
Pseudomonadaceae.U.genus,1,36,0.0,0.0,0,0,0,0.0,0.0,0.0,inf,0.0,0,0,0,0,census_only,Unknown,
Brevitalea,1,6,0.0,0.0,0,0,0,0.0,0.0,0.0,inf,0.0,0,0,0,0,census_only,Unknown,
Selenomonadales.U.genus,1,6,0.0,0.0,0,0,0,0.0,0.0,0.0,inf,0.0,0,0,0,0,census_only,Unknown,
Dapisostemon,1,2,0.0,0.0,0,0,0,0.0,0.0,0.0,inf,0.0,0,0,0,0,census_only,Unknown,
Tritomaria_quinquedentata.Mitochondria,1,1,0.0,0.0,0,0,0,0.0,0.0,0.0,inf,0.0,0,0,0,0,census_only,Unknown,
Mnium_hornum:plas.Chloroplast,1,3,0.0,0.0,0,0,0,0.0,0.0,0.0,inf,0.0,0,0,0,0,census_only,Unknown,
Apophlaea_sinclairii.Chloroplast,1,2,0.0,0.0,0,0,0,0.0,0.0,0.0,inf,0.0,0,0,0,0,census_only,Unknown,
uncultured_marine_bacterium.Chloroplast,1,26,0.0,0.0,0,0,0,0.0,0.0,0.0,inf,0.0,0,0,0,0,census_only,Unknown,
Morus_notabilis.Mitochondria,1,3,0.0,0.0,0,0,0,0.0,0.0,0.0,inf,0.0,0,0,0,0,census_only,Unknown,
Equisetum_arvense_(field_horsetail).Mitochondria,1,3,0.0,0.0,0,0,0,0.0,0.0,0.0,inf,0.0,0,0,0,0,census_only,Unknown,
Syzygium_luehmannii.Mitochondria,1,2,0.0,0.0,0,0,0,0.0,0.0,0.0,inf,0.0,0,0,0,0,census_only,Unknown,
Parachlorella_kessleri:plas.Chloroplast,1,25,0.0,0.0,0,0,0,0.0,0.0,0.0,inf,0.0,0,0,0,0,census_only,Unknown,
wastewater_metagenome.Chloroplast,1,16,0.0,0.0,0,0,0,0.0,0.0,0.0,inf,0.0,0,0,0,0,census_only,Unknown,
Pleurocladia_lacustris.Chloroplast,1,2,0.0,0.0,0,0,0,0.0,0.0,0.0,inf,0.0,0,0,0,0,census_only,Unknown,
Nyholmiella_gymnostoma.Mitochondria,1,2,0.0,0.0,0,0,0,0.0,0.0,0.0,inf,0.0,0,0,0,0,census_only,Unknown,
Cellulosibacter,1,2,0.0,0.0,0,0,0,0.0,0.0,0.0,inf,0.0,0,0,0,0,census_only,Unknown,
Astrosporangium,1,3,0.0,0.0,0,0,0,0.0,0.0,0.0,inf,0.0,0,0,0,0,census_only,Unknown,
Arabidopsis_thaliana_(thale_cress).Mitochondria,1,4,0.0,0.0,0,0,0,0.0,0.0,0.0,inf,0.0,0,0,0,0,census_only,Unknown,
Glyptostrobus_pensilis:plas.Chloroplast,1,2,0.0,0.0,0,0,0,0.0,0.0,0.0,inf,0.0,0,0,0,0,census_only,Unknown,
Tetraselmis_sp._GSL018.Chloroplast,1,2,0.0,0.0,0,0,0,0.0,0.0,0.0,inf,0.0,0,0,0,0,census_only,Unknown,
Penicillium_sp._KCTC16079.Mitochondria,2,2,0.0,0.0,0,0,0,0.0,0.0,0.0,inf,0.0,0,0,0,0,census_only,Unknown,
Pyropia_yezoensis.Mitochondria,1,19,0.0,0.0,0,0,0,0.0,0.0,0.0,inf,0.0,0,0,0,0,census_only,Unknown,
Diplazium_pycnocarpon.Mitochondria,1,11,0.0,0.0,0,0,0,0.0,0.0,0.0,inf,0.0,0,0,0,0,census_only,Unknown,
Azolla_pinnata.Mitochondria,1,10,0.0,0.0,0,0,0,0.0,0.0,0.0,inf,0.0,0,0,0,0,census_only,Unknown,
Gleditsia_sinensis.Mitochondria,1,1,0.0,0.0,0,0,0,0.0,0.0,0.0,inf,0.0,0,0,0,0,census_only,Unknown,
Phegopteris_hexagonoptera.Mitochondria,1,4,0.0,0.0,0,0,0,0.0,0.0,0.0,inf,0.0,0,0,0,0,census_only,Unknown,
Guettarda_scabra.Mitochondria,1,2,0.0,0.0,0,0,0,0.0,0.0,0.0,inf,0.0,0,0,0,0,census_only,Unknown,
Azolla_filiculoides.Mitochondria,1,16,0.0,0.0,0,0,0,0.0,0.0,0.0,inf,0.0,0,0,0,0,census_only,Unknown,
Porphyrosiphon,1,4,0.0,0.0,0,0,0,0.0,0.0,0.0,inf,0.0,0,0,0,0,census_only,Unknown,
Chlamydomonas_leiostraca.Chloroplast,1,2,0.0,0.0,0,0,0,0.0,0.0,0.0,inf,0.0,0,0,0,0,census_only,Unknown,
Trachelomonas_oblonga:plas.Chloroplast,1,4,0.0,0.0,0,0,0,0.0,0.0,0.0,inf,0.0,0,0,0,0,census_only,Unknown,
Paeonia_suffruticosa_(tree_peony).Mitochondria,1,1,0.0,0.0,0,0,0,0.0,0.0,0.0,inf,0.0,0,0,0,0,census_only,Unknown,
Viola_uliginosa.Mitochondria,1,3,0.0,0.0,0,0,0,0.0,0.0,0.0,inf,0.0,0,0,0,0,census_only,Unknown,
Gerbera_hybrid_cultivar.Mitochondria,1,13,0.0,0.0,0,0,0,0.0,0.0,0.0,inf,0.0,0,0,0,0,census_only,Unknown,
Calypogeia_suecica.Mitochondria,1,3,0.0,0.0,0,0,0,0.0,0.0,0.0,inf,0.0,0,0,0,0,census_only,Unknown,
Euglenaria_clavata:plas.Chloroplast,2,3,0.0,0.0,0,0,0,0.0,0.0,0.0,inf,0.0,0,0,0,0,census_only,Unknown,
Helicosporidium_sp.:plas.Chloroplast,2,2,0.0,0.0,0,0,0,0.0,0.0,0.0,inf,0.0,0,0,0,0,census_only,Unknown,
Hariotina_sp._MMOGRB0030F.Chloroplast,1,2,0.0,0.0,0,0,0,0.0,0.0,0.0,inf,0.0,0,0,0,0,census_only,Unknown,
Chenopodium_quinoa_(quinoa).Mitochondria,1,4,0.0,0.0,0,0,0,0.0,0.0,0.0,inf,0.0,0,0,0,0,census_only,Unknown,
Glycine_max_(soybean).Mitochondria,1,4,0.0,0.0,0,0,0,0.0,0.0,0.0,inf,0.0,0,0,0,0,census_only,Unknown,
Diplostephium_hartwegii.Mitochondria,1,1,0.0,0.0,0,0,0,0.0,0.0,0.0,inf,0.0,0,0,0,0,census_only,Unknown,
Castanea_mollissima_(Chinese_chestnut).Chloroplast,1,2,0.0,0.0,0,0,0,0.0,0.0,0.0,inf,0.0,0,0,0,0,census_only,Unknown,
Romeria,1,4,0.0,0.0,0,0,0,0.0,0.0,0.0,inf,0.0,0,0,0,0,census_only,Unknown,
Juniperus_virginiana.Mitochondria,1,5,0.0,0.0,0,0,0,0.0,0.0,0.0,inf,0.0,0,0,0,0,census_only,Unknown,
Colacium_vesiculosum.Chloroplast,1,2,0.0,0.0,0,0,0,0.0,0.0,0.0,inf,0.0,0,0,0,0,census_only,Unknown,
Chlamydomonas_moewusii:plas.Chloroplast,1,3,0.0,0.0,0,0,0,0.0,0.0,0.0,inf,0.0,0,0,0,0,census_only,Unknown,
Polypodium_aureum.Mitochondria,1,2,0.0,0.0,0,0,0,0.0,0.0,0.0,inf,0.0,0,0,0,0,census_only,Unknown,
Pogonatum_subfuscatum:plas.Chloroplast,1,1,0.0,0.0,0,0,0,0.0,0.0,0.0,inf,0.0,0,0,0,0,census_only,Unknown,
Oryza_meyeriana.Chloroplast,1,6,0.0,0.0,0,0,0,0.0,0.0,0.0,inf,0.0,0,0,0,0,census_only,Unknown,
Marchantia_paleacea:mito.Mitochondria,1,3,0.0,0.0,0,0,0,0.0,0.0,0.0,inf,0.0,0,0,0,0,census_only,Unknown,
Monotropastrum_sciaphilum.Chloroplast,1,1,0.0,0.0,0,0,0,0.0,0.0,0.0,inf,0.0,0,0,0,0,census_only,Unknown,
Tolypocladium_japonicum.Mitochondria,2,3,0.0,0.0,0,0,0,0.0,0.0,0.0,inf,0.0,0,0,0,0,census_only,Unknown,
Saccharum_hybrid_cultivar.Mitochondria,2,5,0.0,0.0,0,0,0,0.0,0.0,0.0,inf,0.0,0,0,0,0,census_only,Unknown,
Pavlomulina_ranunculiformis:plas.Chloroplast,2,3,0.0,0.0,0,0,0,0.0,0.0,0.0,inf,0.0,0,0,0,0,census_only,Unknown,
Gossypium_hirsutum_(upland_cotton).Chloroplast,2,7,0.0,0.0,0,0,0,0.0,0.0,0.0,inf,0.0,0,0,0,0,census_only,Unknown,
Trichoderma_deliquescens.Mitochondria,2,2,0.0,0.0,0,0,0,0.0,0.0,0.0,inf,0.0,0,0,0,0,census_only,Unknown,
Solanum_lycopersicum_(tomato).Chloroplast,2,2,0.0,0.0,0,0,0,0.0,0.0,0.0,inf,0.0,0,0,0,0,census_only,Unknown,
Plantago_rugelii:mito.Mitochondria,2,2,0.0,0.0,0,0,0,0.0,0.0,0.0,inf,0.0,0,0,0,0,census_only,Unknown,
Lingulodinium_polyedra:plas.Chloroplast,2,3,0.0,0.0,0,0,0,0.0,0.0,0.0,inf,0.0,0,0,0,0,census_only,Unknown,
Acorus_gramineus.Mitochondria,2,2,0.0,0.0,0,0,0,0.0,0.0,0.0,inf,0.0,0,0,0,0,census_only,Unknown,
Acidilobaceae.U.genus,2,3,0.0,0.0,0,0,0,0.0,0.0,0.0,inf,0.0,0,0,0,0,census_only,Unknown,
Rhazya_stricta.Chloroplast,2,2,0.0,0.0,0,0,0,0.0,0.0,0.0,inf,0.0,0,0,0,0,census_only,Unknown,
Chlorella_sp._ArM0029B.Chloroplast,2,2,0.0,0.0,0,0,0,0.0,0.0,0.0,inf,0.0,0,0,0,0,census_only,Unknown,
Pilostyles_coccoidea:plas.Chloroplast,2,2,0.0,0.0,0,0,0,0.0,0.0,0.0,inf,0.0,0,0,0,0,census_only,Unknown,
Gossypium_raimondii.Chloroplast,2,8,0.0,0.0,0,0,0,0.0,0.0,0.0,inf,0.0,0,0,0,0,census_only,Unknown,
Ziziphus_jujuba.Chloroplast,2,27,0.0,0.0,0,0,0,0.0,0.0,0.0,inf,0.0,0,0,0,0,census_only,Unknown,
Nitzschia_sp._C2.Chloroplast,2,2,0.0,0.0,0,0,0,0.0,0.0,0.0,inf,0.0,0,0,0,0,census_only,Unknown,
Ostreobium_sp._HV05042.Chloroplast,2,3,0.0,0.0,0,0,0,0.0,0.0,0.0,inf,0.0,0,0,0,0,census_only,Unknown,
Parmotrema_ultralucens.Mitochondria,2,5,0.0,0.0,0,0,0,0.0,0.0,0.0,inf,0.0,0,0,0,0,census_only,Unknown,
Alectoria_fallacina.Mitochondria,2,3,0.0,0.0,0,0,0,0.0,0.0,0.0,inf,0.0,0,0,0,0,census_only,Unknown,
Sphagnum_squarrosum:plas.Chloroplast,2,2,0.0,0.0,0,0,0,0.0,0.0,0.0,inf,0.0,0,0,0,0,census_only,Unknown,
Penicillium_sp._KCTC16087.Mitochondria,2,8,0.0,0.0,0,0,0,0.0,0.0,0.0,inf,0.0,0,0,0,0,census_only,Unknown,
Beauveria_bassiana.Mitochondria,2,13,0.0,0.0,0,0,0,0.0,0.0,0.0,inf,0.0,0,0,0,0,census_only,Unknown,
Chroomonas_placoidea.Chloroplast,2,3,0.0,0.0,0,0,0,0.0,0.0,0.0,inf,0.0,0,0,0,0,census_only,Unknown,
Mesopedinella_arctica:plas.Chloroplast,2,3,0.0,0.0,0,0,0,0.0,0.0,0.0,inf,0.0,0,0,0,0,census_only,Unknown,
Chlorella_pyrenoidosa.Chloroplast,2,2,0.0,0.0,0,0,0,0.0,0.0,0.0,inf,0.0,0,0,0,0,census_only,Unknown,
Cymbomonas_tetramitiformis:plas.Chloroplast,2,2,0.0,0.0,0,0,0,0.0,0.0,0.0,inf,0.0,0,0,0,0,census_only,Unknown,
Trichophyton_mentagrophytes.Mitochondria,2,5,0.0,0.0,0,0,0,0.0,0.0,0.0,inf,0.0,0,0,0,0,census_only,Unknown,
Trichosanthes_kirilowii.Mitochondria,2,4,0.0,0.0,0,0,0,0.0,0.0,0.0,inf,0.0,0,0,0,0,census_only,Unknown,
Rhipidosiphon_javensis:plas.Chloroplast,2,4,0.0,0.0,0,0,0,0.0,0.0,0.0,inf,0.0,0,0,0,0,census_only,Unknown,
Lotharella_vacuolata:plas.Chloroplast,2,2,0.0,0.0,0,0,0,0.0,0.0,0.0,inf,0.0,0,0,0,0,census_only,Unknown,
Rhizochromulina_sp.:plas.Chloroplast,2,11,0.0,0.0,0,0,0,0.0,0.0,0.0,inf,0.0,0,0,0,0,census_only,Unknown,
Kappaphycus_alvarezii.Mitochondria,2,2,0.0,0.0,0,0,0,0.0,0.0,0.0,inf,0.0,0,0,0,0,census_only,Unknown,
Blennothrix,2,3,0.0,0.0,0,0,0,0.0,0.0,0.0,inf,0.0,0,0,0,0,census_only,Unknown,
Parmotrema_stuppeum.Mitochondria,2,3,0.0,0.0,0,0,0,0.0,0.0,0.0,inf,0.0,0,0,0,0,census_only,Unknown,
Euglena_splendens:plas.Chloroplast,2,11,0.0,0.0,0,0,0,0.0,0.0,0.0,inf,0.0,0,0,0,0,census_only,Unknown,
Adiantum_pedatum:mito.Mitochondria,2,2,0.0,0.0,0,0,0,0.0,0.0,0.0,inf,0.0,0,0,0,0,census_only,Unknown,
Musa_itinerans.Mitochondria,2,7,0.0,0.0,0,0,0,0.0,0.0,0.0,inf,0.0,0,0,0,0,census_only,Unknown,
Lepidodinium_viride:plas.Chloroplast,2,2,0.0,0.0,0,0,0,0.0,0.0,0.0,inf,0.0,0,0,0,0,census_only,Unknown,
Talaromyces_funiculosus.Mitochondria,2,4,0.0,0.0,0,0,0,0.0,0.0,0.0,inf,0.0,0,0,0,0,census_only,Unknown,
Colletotrichum_tamarilloi.Mitochondria,2,7,0.0,0.0,0,0,0,0.0,0.0,0.0,inf,0.0,0,0,0,0,census_only,Unknown,
Mychonastes_jurisii.Chloroplast,2,17,0.0,0.0,0,0,0,0.0,0.0,0.0,inf,0.0,0,0,0,0,census_only,Unknown,
Pedinomonas_tuberculata:plas.Chloroplast,2,3,0.0,0.0,0,0,0,0.0,0.0,0.0,inf,0.0,0,0,0,0,census_only,Unknown,
Pilostyles_hamiltonii:plas.Chloroplast,2,9,0.0,0.0,0,0,0,0.0,0.0,0.0,inf,0.0,0,0,0,0,census_only,Unknown,
Yucca_schidigera:plas.Chloroplast,2,4,0.0,0.0,0,0,0,0.0,0.0,0.0,inf,0.0,0,0,0,0,census_only,Unknown,
Pterocladia_musciformis.Mitochondria,2,3,0.0,0.0,0,0,0,0.0,0.0,0.0,inf,0.0,0,0,0,0,census_only,Unknown,
Ophiostoma_carpenteri.Mitochondria,2,3,0.0,0.0,0,0,0,0.0,0.0,0.0,inf,0.0,0,0,0,0,census_only,Unknown,
Phytophthora_pluvialis.Mitochondria,2,16,0.0,0.0,0,0,0,0.0,0.0,0.0,inf,0.0,0,0,0,0,census_only,Unknown,
Corynaea_crassa:plas.Chloroplast,2,98,0.0,0.01,0,0,0,0.0,0.0,0.0,inf,0.0,0,0,0,0,census_only,Unknown,
Nitrobacteria,2,3,0.0,0.0,0,0,0,0.0,0.0,0.0,inf,0.0,0,0,0,0,census_only,Unknown,
Leptosira_terrestris:plas.Chloroplast,2,18,0.0,0.0,0,0,0,0.0,0.0,0.0,inf,0.0,0,0,0,0,census_only,Unknown,
Teleaulax_sp.:plas.Chloroplast,2,2,0.0,0.0,0,0,0,0.0,0.0,0.0,inf,0.0,0,0,0,0,census_only,Unknown,
Vigna_unguiculata:plas.Chloroplast,2,12,0.0,0.0,0,0,0,0.0,0.0,0.0,inf,0.0,0,0,0,0,census_only,Unknown,
Gracilaria_salicornia.Mitochondria,2,2,0.0,0.0,0,0,0,0.0,0.0,0.0,inf,0.0,0,0,0,0,census_only,Unknown,
Eimeria1_tenella:apic.Apicoplast,2,2,0.0,0.0,0,0,0,0.0,0.0,0.0,inf,0.0,0,0,0,0,census_only,Unknown,
Penicillium_nordicum.Mitochondria,2,3,0.0,0.0,0,0,0,0.0,0.0,0.0,inf,0.0,0,0,0,0,census_only,Unknown,
Archangiaceae.U.genus,2,6,0.0,0.0,0,0,0,0.0,0.0,0.0,inf,0.0,0,0,0,0,census_only,Unknown,
Persicaria_minor.Chloroplast,2,3,0.0,0.0,0,0,0,0.0,0.0,0.0,inf,0.0,0,0,0,0,census_only,Unknown,
Ochrosphaera_sp.:plas.Chloroplast,2,3,0.0,0.0,0,0,0,0.0,0.0,0.0,inf,0.0,0,0,0,0,census_only,Unknown,
Epidermophyton_floccosum.Mitochondria,2,2,0.0,0.0,0,0,0,0.0,0.0,0.0,inf,0.0,0,0,0,0,census_only,Unknown,
Alcanivoracaceae.U.genus,2,2,0.0,0.0,0,0,0,0.0,0.0,0.0,inf,0.0,0,0,0,0,census_only,Unknown,
Characiochloris_acuminata.Chloroplast,2,2,0.0,0.0,0,0,0,0.0,0.0,0.0,inf,0.0,0,0,0,0,census_only,Unknown,
Colobanthus_quitensis.Chloroplast,2,88,0.0,0.01,0,0,0,0.0,0.0,0.0,inf,0.0,0,0,0,0,census_only,Unknown,
Asterionella_ralfsii:plas.Chloroplast,2,3,0.0,0.0,0,0,0,0.0,0.0,0.0,inf,0.0,0,0,0,0,census_only,Unknown,
Euglena_sanguinea.Chloroplast,2,5,0.0,0.0,0,0,0,0.0,0.0,0.0,inf,0.0,0,0,0,0,census_only,Unknown,
Halanaerobiales.U.genus,2,2,0.0,0.0,0,0,0,0.0,0.0,0.0,inf,0.0,0,0,0,0,census_only,Unknown,
Rhipiliopsis_profunda:plas.Chloroplast,2,3,0.0,0.0,0,0,0,0.0,0.0,0.0,inf,0.0,0,0,0,0,census_only,Unknown,
Parablastomonas,2,3,0.0,0.0,0,0,0,0.0,0.0,0.0,inf,0.0,0,0,0,0,census_only,Unknown,
Medicago_sativa:plas.Chloroplast,2,49,0.0,0.0,0,0,0,0.0,0.0,0.0,inf,0.0,0,0,0,0,census_only,Unknown,
Pavlova_lutheri:plas.Chloroplast,2,13,0.0,0.0,0,0,0,0.0,0.0,0.0,inf,0.0,0,0,0,0,census_only,Unknown,
Monomorphina_rudicula:plas.Chloroplast,2,7,0.0,0.0,0,0,0,0.0,0.0,0.0,inf,0.0,0,0,0,0,census_only,Unknown,
Pectinodesmus_pectinatus.Chloroplast,2,2,0.0,0.0,0,0,0,0.0,0.0,0.0,inf,0.0,0,0,0,0,census_only,Unknown,
Chlorogonium_capillatum.Chloroplast,2,7,0.0,0.0,0,0,0,0.0,0.0,0.0,inf,0.0,0,0,0,0,census_only,Unknown,
Desulfonatronovibrionaceae.U.genus,2,5,0.0,0.0,0,0,0,0.0,0.0,0.0,inf,0.0,0,0,0,0,census_only,Unknown,
Phyllobacteriaceae.U.genus,2,2,0.0,0.0,0,0,0,0.0,0.0,0.0,inf,0.0,0,0,0,0,census_only,Unknown,
Segniliparaceae.U.genus,2,2,0.0,0.0,0,0,0,0.0,0.0,0.0,inf,0.0,0,0,0,0,census_only,Unknown,
Erythrobacteraceae.U.genus,2,8,0.0,0.0,0,0,0,0.0,0.0,0.0,inf,0.0,0,0,0,0,census_only,Unknown,
Aulacoseira_granulata:plas.Chloroplast,2,19,0.0,0.0,0,0,0,0.0,0.0,0.0,inf,0.0,0,0,0,0,census_only,Unknown,
Salinovum,2,2,0.0,0.0,0,0,0,0.0,0.0,0.0,inf,0.0,0,0,0,0,census_only,Unknown,
Letharia_columbiana.Mitochondria,2,5,0.0,0.0,0,0,0,0.0,0.0,0.0,inf,0.0,0,0,0,0,census_only,Unknown,
Gracilaria_chouae.Mitochondria,2,9,0.0,0.0,0,0,0,0.0,0.0,0.0,inf,0.0,0,0,0,0,census_only,Unknown,
Rhodella_violacea:plas.Chloroplast,2,4,0.0,0.0,0,0,0,0.0,0.0,0.0,inf,0.0,0,0,0,0,census_only,Unknown,
Porphyridium_aerugineum:plas.Chloroplast,2,12,0.0,0.0,0,0,0,0.0,0.0,0.0,inf,0.0,0,0,0,0,census_only,Unknown,
Phacus_trimarginatus:plas.Chloroplast,2,9,0.0,0.0,0,0,0,0.0,0.0,0.0,inf,0.0,0,0,0,0,census_only,Unknown,
Frondibacter,2,2,0.0,0.0,0,0,0,0.0,0.0,0.0,inf,0.0,0,0,0,0,census_only,Unknown,
Taeania,2,3,0.0,0.0,0,0,0,0.0,0.0,0.0,inf,0.0,0,0,0,0,census_only,Unknown,
Synechococcaceae.U.genus,2,5,0.0,0.0,0,0,0,0.0,0.0,0.0,inf,0.0,0,0,0,0,census_only,Unknown,
Euglena_geniculata:plas.Chloroplast,2,5,0.0,0.0,0,0,0,0.0,0.0,0.0,inf,0.0,0,0,0,0,census_only,Unknown,
Chaetoceros_affinis.Chloroplast,2,3,0.0,0.0,0,0,0,0.0,0.0,0.0,inf,0.0,0,0,0,0,census_only,Unknown,
Ananas_comosus_(pineapple).Mitochondria,2,3,0.0,0.0,0,0,0,0.0,0.0,0.0,inf,0.0,0,0,0,0,census_only,Unknown,
Metabacterium,2,4,0.0,0.0,0,0,0,0.0,0.0,0.0,inf,0.0,0,0,0,0,census_only,Unknown,
Poterioochromonas_sp._DS.Chloroplast,2,9,0.0,0.0,0,0,0,0.0,0.0,0.0,inf,0.0,0,0,0,0,census_only,Unknown,
Streptosporangiales.U.genus,2,2,0.0,0.0,0,0,0,0.0,0.0,0.0,inf,0.0,0,0,0,0,census_only,Unknown,
Corallomonas,2,3,0.0,0.0,0,0,0,0.0,0.0,0.0,inf,0.0,0,0,0,0,census_only,Unknown,
Megaceros_tosanus:mito.Mitochondria,2,5,0.0,0.0,0,0,0,0.0,0.0,0.0,inf,0.0,0,0,0,0,census_only,Unknown,
Bacillaria_paxillifera:plas.Chloroplast,2,4,0.0,0.0,0,0,0,0.0,0.0,0.0,inf,0.0,0,0,0,0,census_only,Unknown,
Antarcticimonas,2,2,0.0,0.0,0,0,0,0.0,0.0,0.0,inf,0.0,0,0,0,0,census_only,Unknown,
Pycnococcus_provasolii:plas.Chloroplast,2,2,0.0,0.0,0,0,0,0.0,0.0,0.0,inf,0.0,0,0,0,0,census_only,Unknown,
Rivulariaceae.U.genus,2,14,0.0,0.0,0,0,0,0.0,0.0,0.0,inf,0.0,0,0,0,0,census_only,Unknown,
Emiliania_huxleyi:plas.Chloroplast,2,23,0.0,0.0,0,0,0,0.0,0.0,0.0,inf,0.0,0,0,0,0,census_only,Unknown,
Aspergillus_terricola.Mitochondria,2,30,0.0,0.0,0,0,0,0.0,0.0,0.0,inf,0.0,0,0,0,0,census_only,Unknown,
Methanobacteriaceae.U.genus,2,17,0.0,0.0,0,0,0,0.0,0.0,0.0,inf,0.0,0,0,0,0,census_only,Unknown,
Vigna_unguiculata_subsp._unguiculata_(cowpea).Chloroplast,2,15,0.0,0.0,0,0,0,0.0,0.0,0.0,inf,0.0,0,0,0,0,census_only,Unknown,
Braarudosphaera_bigelowii:plas.Chloroplast,2,10,0.0,0.0,0,0,0,0.0,0.0,0.0,inf,0.0,0,0,0,0,census_only,Unknown,
Talaromyces_phialosporus.Mitochondria,2,19,0.0,0.0,0,0,0,0.0,0.0,0.0,inf,0.0,0,0,0,0,census_only,Unknown,
Lotharella_oceanica.Chloroplast,2,9,0.0,0.0,0,0,0,0.0,0.0,0.0,inf,0.0,0,0,0,0,census_only,Unknown,
Chlamydomonas_moewusii.Chloroplast,2,7,0.0,0.0,0,0,0,0.0,0.0,0.0,inf,0.0,0,0,0,0,census_only,Unknown,
Flintiella_sanguinaria.Chloroplast,2,4,0.0,0.0,0,0,0,0.0,0.0,0.0,inf,0.0,0,0,0,0,census_only,Unknown,
Marsupiomonas_sp._NIES_1824.Chloroplast,2,59,0.0,0.0,0,0,0,0.0,0.0,0.0,inf,0.0,0,0,0,0,census_only,Unknown,
Thalassiosira_sp.:plas.Chloroplast,2,2,0.0,0.0,0,0,0,0.0,0.0,0.0,inf,0.0,0,0,0,0,census_only,Unknown,
Ulvophyceae_XXX_sp.:plas.Chloroplast,2,3,0.0,0.0,0,0,0,0.0,0.0,0.0,inf,0.0,0,0,0,0,census_only,Unknown,
Palmaria_palmata_(Dulse).Chloroplast,2,20,0.0,0.0,0,0,0,0.0,0.0,0.0,inf,0.0,0,0,0,0,census_only,Unknown,
Lauderia_annulata:plas.Chloroplast,2,3,0.0,0.0,0,0,0,0.0,0.0,0.0,inf,0.0,0,0,0,0,census_only,Unknown,
Natronoanaerobium,2,7,0.0,0.0,0,0,0,0.0,0.0,0.0,inf,0.0,0,0,0,0,census_only,Unknown,
Syntrichia_ruralis:plas.Chloroplast,2,22,0.0,0.0,0,0,0,0.0,0.0,0.0,inf,0.0,0,0,0,0,census_only,Unknown,
Dechlorospirillum,2,20,0.0,0.0,0,0,0,0.0,0.0,0.0,inf,0.0,0,0,0,0,census_only,Unknown,
Neolyngbya,2,20,0.0,0.0,0,0,0,0.0,0.0,0.0,inf,0.0,0,0,0,0,census_only,Unknown,
Asterionellopsis_glacialis:plas.Chloroplast,2,3,0.0,0.0,0,0,0,0.0,0.0,0.0,inf,0.0,0,0,0,0,census_only,Unknown,
Trachelomonas_sp._Pungcheon093006A.Chloroplast,2,4,0.0,0.0,0,0,0,0.0,0.0,0.0,inf,0.0,0,0,0,0,census_only,Unknown,
Macrochaete,2,3,0.0,0.0,0,0,0,0.0,0.0,0.0,inf,0.0,0,0,0,0,census_only,Unknown,
Chlorella_variabilis.Chloroplast,2,5,0.0,0.0,0,0,0,0.0,0.0,0.0,inf,0.0,0,0,0,0,census_only,Unknown,
Prymnesiophyceae_XXX_sp.:plas.Chloroplast,2,9,0.0,0.0,0,0,0,0.0,0.0,0.0,inf,0.0,0,0,0,0,census_only,Unknown,
Cephalothrix,2,15,0.0,0.0,0,0,0,0.0,0.0,0.0,inf,0.0,0,0,0,0,census_only,Unknown,
Zavarziniaceae.U.genus,2,13,0.0,0.0,0,0,0,0.0,0.0,0.0,inf,0.0,0,0,0,0,census_only,Unknown,
Antithamnion_sp.:plas.Chloroplast,2,5,0.0,0.0,0,0,0,0.0,0.0,0.0,inf,0.0,0,0,0,0,census_only,Unknown,
Saccharina_japonica:plas.Chloroplast,2,19,0.0,0.0,0,0,0,0.0,0.0,0.0,inf,0.0,0,0,0,0,census_only,Unknown,
Pseudophormidium,2,13,0.0,0.0,0,0,0,0.0,0.0,0.0,inf,0.0,0,0,0,0,census_only,Unknown,
Plagiogrammopsis_vanheurckii.Chloroplast,2,15,0.0,0.0,0,0,0,0.0,0.0,0.0,inf,0.0,0,0,0,0,census_only,Unknown,
Mamiellaceae_X_sp.:plas.Chloroplast,2,40,0.0,0.0,0,0,0,0.0,0.0,0.0,inf,0.0,0,0,0,0,census_only,Unknown,
Nannochloropsis_oculata.Mitochondria,2,13,0.0,0.0,0,0,0,0.0,0.0,0.0,inf,0.0,0,0,0,0,census_only,Unknown,
Sporolactobacillaceae.U.genus,2,2,0.0,0.0,0,0,0,0.0,0.0,0.0,inf,0.0,0,0,0,0,census_only,Unknown,
Thioalkalibacter,2,6,0.0,0.0,0,0,0,0.0,0.0,0.0,inf,0.0,0,0,0,0,census_only,Unknown,
Methanomicrobia.U.genus,2,6,0.0,0.0,0,0,0,0.0,0.0,0.0,inf,0.0,0,0,0,0,census_only,Unknown,
Eutreptiella_pomquetensis:plas.Chloroplast,2,13,0.0,0.0,0,0,0,0.0,0.0,0.0,inf,0.0,0,0,0,0,census_only,Unknown,
Aeromonadaceae.U.genus,2,2,0.0,0.0,0,0,0,0.0,0.0,0.0,inf,0.0,0,0,0,0,census_only,Unknown,
Mesostigma_viride:plas.Chloroplast,2,3,0.0,0.0,0,0,0,0.0,0.0,0.0,inf,0.0,0,0,0,0,census_only,Unknown,
Trigonala,2,2,0.0,0.0,0,0,0,0.0,0.0,0.0,inf,0.0,0,0,0,0,census_only,Unknown,
uncultured_Chlorella.Chloroplast,2,10,0.0,0.0,0,0,0,0.0,0.0,0.0,inf,0.0,0,0,0,0,census_only,Unknown,
Zygnema_circumcarinatum:plas.Chloroplast,2,4,0.0,0.0,0,0,0,0.0,0.0,0.0,inf,0.0,0,0,0,0,census_only,Unknown,
Butyratibacter,2,2,0.0,0.0,0,0,0,0.0,0.0,0.0,inf,0.0,0,0,0,0,census_only,Unknown,
Nannochloropsis_limnetica:plas.Chloroplast,2,25,0.0,0.0,0,0,0,0.0,0.0,0.0,inf,0.0,0,0,0,0,census_only,Unknown,
Resultor_mikron:plas.Chloroplast,2,17,0.0,0.0,0,0,0,0.0,0.0,0.0,inf,0.0,0,0,0,0,census_only,Unknown,
Avrainvillea_lacerata:plas.Chloroplast,2,2,0.0,0.0,0,0,0,0.0,0.0,0.0,inf,0.0,0,0,0,0,census_only,Unknown,
Vibrionimonas,2,11,0.0,0.0,0,0,0,0.0,0.0,0.0,inf,0.0,0,0,0,0,census_only,Unknown,
Chroococcidiopsidales.U.genus,2,2,0.0,0.0,0,0,0,0.0,0.0,0.0,inf,0.0,0,0,0,0,census_only,Unknown,
Chlorokybus_atmophyticus.Mitochondria,2,7,0.0,0.0,0,0,0,0.0,0.0,0.0,inf,0.0,0,0,0,0,census_only,Unknown,
Shewanellaceae.U.genus,2,23,0.0,0.0,0,0,0,0.0,0.0,0.0,inf,0.0,0,0,0,0,census_only,Unknown,
groundwater_metagenome.Chloroplast,2,3,0.0,0.0,0,0,0,0.0,0.0,0.0,inf,0.0,0,0,0,0,census_only,Unknown,
Chlorokybus_atmophyticus:plas.Chloroplast,2,4,0.0,0.0,0,0,0,0.0,0.0,0.0,inf,0.0,0,0,0,0,census_only,Unknown,
Pyramimonas_tetrarhynchus:plas.Chloroplast,2,3,0.0,0.0,0,0,0,0.0,0.0,0.0,inf,0.0,0,0,0,0,census_only,Unknown,
Zygnemophyceae_XXX_sp.:plas.Chloroplast,2,11,0.0,0.0,0,0,0,0.0,0.0,0.0,inf,0.0,0,0,0,0,census_only,Unknown,
Thermomicrobiaceae.U.genus,2,5,0.0,0.0,0,0,0,0.0,0.0,0.0,inf,0.0,0,0,0,0,census_only,Unknown,
Wautersiella,2,7,0.0,0.0,0,0,0,0.0,0.0,0.0,inf,0.0,0,0,0,0,census_only,Unknown,
Thermoanaerobacteraceae.U.genus,2,2,0.0,0.0,0,0,0,0.0,0.0,0.0,inf,0.0,0,0,0,0,census_only,Unknown,
Lutaonella,2,4,0.0,0.0,0,0,0,0.0,0.0,0.0,inf,0.0,0,0,0,0,census_only,Unknown,
Tellurimicrobium,2,5,0.0,0.0,0,0,0,0.0,0.0,0.0,inf,0.0,0,0,0,0,census_only,Unknown,
Anaerotaenia,2,9,0.0,0.0,0,0,0,0.0,0.0,0.0,inf,0.0,0,0,0,0,census_only,Unknown,
Desulfoarculus,2,3,0.0,0.0,0,0,0,0.0,0.0,0.0,inf,0.0,0,0,0,0,census_only,Unknown,
Natronovirga,2,2,0.0,0.0,0,0,0,0.0,0.0,0.0,inf,0.0,0,0,0,0,census_only,Unknown,
Oxalophagus,2,5,0.0,0.0,0,0,0,0.0,0.0,0.0,inf,0.0,0,0,0,0,census_only,Unknown,
Spongiimonas,2,3,0.0,0.0,0,0,0,0.0,0.0,0.0,inf,0.0,0,0,0,0,census_only,Unknown,
Euglena_carterae:plas.Chloroplast,2,5,0.0,0.0,0,0,0,0.0,0.0,0.0,inf,0.0,0,0,0,0,census_only,Unknown,
Entomoplasmataceae.U.genus,2,8,0.0,0.0,0,0,0,0.0,0.0,0.0,inf,0.0,0,0,0,0,census_only,Unknown,
Hepatozoon10_catesbianae:apic.Apicoplast,2,4,0.0,0.0,0,0,0,0.0,0.0,0.0,inf,0.0,0,0,0,0,census_only,Unknown,
Massiliprevotella,2,36,0.0,0.0,0,0,0,0.0,0.0,0.0,inf,0.0,0,0,0,0,census_only,Unknown,
Ruaniaceae.U.genus,2,3,0.0,0.0,0,0,0,0.0,0.0,0.0,inf,0.0,0,0,0,0,census_only,Unknown,
Candidatus Phytoplasma,2,13,0.0,0.0,0,0,0,0.0,0.0,0.0,inf,0.0,0,0,0,0,census_only,Unknown,
Hydrodictyon_reticulatum:plas.Chloroplast,2,14,0.0,0.0,0,0,0,0.0,0.0,0.0,inf,0.0,0,0,0,0,census_only,Unknown,
Spongiispira,2,5,0.0,0.0,0,0,0,0.0,0.0,0.0,inf,0.0,0,0,0,0,census_only,Unknown,
Nitella_hyalina.Mitochondria,2,14,0.0,0.0,0,0,0,0.0,0.0,0.0,inf,0.0,0,0,0,0,census_only,Unknown,
Beutenbergiaceae.U.genus,2,3,0.0,0.0,0,0,0,0.0,0.0,0.0,inf,0.0,0,0,0,0,census_only,Unknown,
Pseudopediastrum_boryanum.Chloroplast,2,4,0.0,0.0,0,0,0,0.0,0.0,0.0,inf,0.0,0,0,0,0,census_only,Unknown,
Halophibacterium,2,3,0.0,0.0,0,0,0,0.0,0.0,0.0,inf,0.0,0,0,0,0,census_only,Unknown,
uncultured_proteobacterium.Mitochondria,2,14,0.0,0.0,0,0,0,0.0,0.0,0.0,inf,0.0,0,0,0,0,census_only,Unknown,
Pectobacteriaceae.U.genus,2,72,0.0,0.01,0,0,0,0.0,0.0,0.0,inf,0.0,0,0,0,0,census_only,Unknown,
Mariniluteicoccus,2,3,0.0,0.0,0,0,0,0.0,0.0,0.0,inf,0.0,0,0,0,0,census_only,Unknown,
Galenea,2,8,0.0,0.0,0,0,0,0.0,0.0,0.0,inf,0.0,0,0,0,0,census_only,Unknown,
Sarcinofilum_mucosum.Chloroplast,2,2,0.0,0.0,0,0,0,0.0,0.0,0.0,inf,0.0,0,0,0,0,census_only,Unknown,
Prasiolales_XX_sp.:plas.Chloroplast,2,9,0.0,0.0,0,0,0,0.0,0.0,0.0,inf,0.0,0,0,0,0,census_only,Unknown,
Desulfothermobacter,2,3,0.0,0.0,0,0,0,0.0,0.0,0.0,inf,0.0,0,0,0,0,census_only,Unknown,
Methylothermaceae.U.genus,2,3,0.0,0.0,0,0,0,0.0,0.0,0.0,inf,0.0,0,0,0,0,census_only,Unknown,
Deferribacterales.U.genus,2,14,0.0,0.0,0,0,0,0.0,0.0,0.0,inf,0.0,0,0,0,0,census_only,Unknown,
Cosenzaea,2,3,0.0,0.0,0,0,0,0.0,0.0,0.0,inf,0.0,0,0,0,0,census_only,Unknown,
Sulfolobales.U.genus,2,37,0.0,0.0,0,0,0,0.0,0.0,0.0,inf,0.0,0,0,0,0,census_only,Unknown,
Derbesia_sp._WEST4838.Chloroplast,2,16,0.0,0.0,0,0,0,0.0,0.0,0.0,inf,0.0,0,0,0,0,census_only,Unknown,
Geranium_himalayense.Mitochondria,2,62,0.0,0.01,0,0,0,0.0,0.0,0.0,inf,0.0,0,0,0,0,census_only,Unknown,
Alkalilactibacillus,2,3,0.0,0.0,0,0,0,0.0,0.0,0.0,inf,0.0,0,0,0,0,census_only,Unknown,
Aquificales.U.genus,2,44,0.0,0.0,0,0,0,0.0,0.0,0.0,inf,0.0,0,0,0,0,census_only,Unknown,
Oscillatoriales_cyanobacterium_HF1.Chloroplast,2,15,0.0,0.0,0,0,0,0.0,0.0,0.0,inf,0.0,0,0,0,0,census_only,Unknown,
Talaromyces_rugulosus.Mitochondria,2,21,0.0,0.0,0,0,0,0.0,0.0,0.0,inf,0.0,0,0,0,0,census_only,Unknown,
Synarthrophyton_chejuense.Mitochondria,2,3,0.0,0.0,0,0,0,0.0,0.0,0.0,inf,0.0,0,0,0,0,census_only,Unknown,
Chlorella_heliozoae.Chloroplast,2,9,0.0,0.0,0,0,0,0.0,0.0,0.0,inf,0.0,0,0,0,0,census_only,Unknown,
Pseudotsuga_menziesii_(Douglas-fir).Mitochondria,2,10,0.0,0.0,0,0,0,0.0,0.0,0.0,inf,0.0,0,0,0,0,census_only,Unknown,
Ophiostoma_minus.Mitochondria,3,3,0.0,0.0,0,0,0,0.0,0.0,0.0,inf,0.0,0,0,0,0,census_only,Unknown,
Aspergillus_niger.Mitochondria,3,4,0.0,0.0,0,0,0,0.0,0.0,0.0,inf,0.0,0,0,0,0,census_only,Unknown,
Spirogyra_sp._CLP-2000.Mitochondria,2,9,0.0,0.0,0,0,0,0.0,0.0,0.0,inf,0.0,0,0,0,0,census_only,Unknown,
Penicillium_sp._KCTC16092.Mitochondria,2,32,0.0,0.0,0,0,0,0.0,0.0,0.0,inf,0.0,0,0,0,0,census_only,Unknown,
Marsupiomonas_pelliculata:plas.Chloroplast,2,53,0.0,0.0,0,0,0,0.0,0.0,0.0,inf,0.0,0,0,0,0,census_only,Unknown,
Abies_homolepis.Mitochondria,2,16,0.0,0.0,0,0,0,0.0,0.0,0.0,inf,0.0,0,0,0,0,census_only,Unknown,
Bracteacoccus_aerius.Chloroplast,2,5,0.0,0.0,0,0,0,0.0,0.0,0.0,inf,0.0,0,0,0,0,census_only,Unknown,
Aliinostoc,2,22,0.0,0.0,0,0,0,0.0,0.0,0.0,inf,0.0,0,0,0,0,census_only,Unknown,
Floydiella_terrestris:plas.Chloroplast,2,25,0.0,0.0,0,0,0,0.0,0.0,0.0,inf,0.0,0,0,0,0,census_only,Unknown,
Panax_ginseng.Chloroplast,2,4,0.0,0.0,0,0,0,0.0,0.0,0.0,inf,0.0,0,0,0,0,census_only,Unknown,
Bambusa_oldhamii.Chloroplast,2,22,0.0,0.0,0,0,0,0.0,0.0,0.0,inf,0.0,0,0,0,0,census_only,Unknown,
Xerophyta_viscosa.Mitochondria,2,11,0.0,0.0,0,0,0,0.0,0.0,0.0,inf,0.0,0,0,0,0,census_only,Unknown,
Amazoninema,2,2,0.0,0.0,0,0,0,0.0,0.0,0.0,inf,0.0,0,0,0,0,census_only,Unknown,
Phyllostachys_praecox.Mitochondria,2,5,0.0,0.0,0,0,0,0.0,0.0,0.0,inf,0.0,0,0,0,0,census_only,Unknown,
Juncus_effusus.Mitochondria,2,10,0.0,0.0,0,0,0,0.0,0.0,0.0,inf,0.0,0,0,0,0,census_only,Unknown,
Pleodorina_starrii:plas.Chloroplast,2,6,0.0,0.0,0,0,0,0.0,0.0,0.0,inf,0.0,0,0,0,0,census_only,Unknown,
Prototheca_ulmea.Chloroplast,3,8,0.0,0.0,0,0,0,0.0,0.0,0.0,inf,0.0,0,0,0,0,census_only,Unknown,
Oryza_rufipogon.Chloroplast,3,9,0.0,0.0,0,0,0,0.0,0.0,0.0,inf,0.0,0,0,0,0,census_only,Unknown,
Candidatus Lokiarchaeum,2,8,0.0,0.0,0,0,0,0.0,0.0,0.0,inf,0.0,0,0,0,0,census_only,Unknown,
Tetraselmis_cordiformis:plas.Chloroplast,2,68,0.0,0.01,0,0,0,0.0,0.0,0.0,inf,0.0,0,0,0,0,census_only,Unknown,
Golenkinia_longispicula.Chloroplast,2,3,0.0,0.0,0,0,0,0.0,0.0,0.0,inf,0.0,0,0,0,0,census_only,Unknown,
Nitzschia_sp._IriIs04.Chloroplast,2,4,0.0,0.0,0,0,0,0.0,0.0,0.0,inf,0.0,0,0,0,0,census_only,Unknown,
Gonium_pectorale:plas.Chloroplast,2,6,0.0,0.0,0,0,0,0.0,0.0,0.0,inf,0.0,0,0,0,0,census_only,Unknown,
Bracteacoccus_giganteus.Chloroplast,2,9,0.0,0.0,0,0,0,0.0,0.0,0.0,inf,0.0,0,0,0,0,census_only,Unknown,
Chlamydomonas_sp._UWO241.Chloroplast,2,4,0.0,0.0,0,0,0,0.0,0.0,0.0,inf,0.0,0,0,0,0,census_only,Unknown,
Chloroidium_saccharophilum:plas.Chloroplast,2,4,0.0,0.0,0,0,0,0.0,0.0,0.0,inf,0.0,0,0,0,0,census_only,Unknown,
Halimeda_micronesica.Chloroplast,3,8,0.0,0.0,0,0,0,0.0,0.0,0.0,inf,0.0,0,0,0,0,census_only,Unknown,
Helianthus_annuus_(common_sunflower).Chloroplast,3,4,0.0,0.0,0,0,0,0.0,0.0,0.0,inf,0.0,0,0,0,0,census_only,Unknown,
Haematococcus_pluvialis:plas.Chloroplast,3,3,0.0,0.0,0,0,0,0.0,0.0,0.0,inf,0.0,0,0,0,0,census_only,Unknown,
Ostreobium_sp3:plas.Chloroplast,3,5,0.0,0.0,0,0,0,0.0,0.0,0.0,inf,0.0,0,0,0,0,census_only,Unknown,
Volvox_carteri:plas.Chloroplast,3,3,0.0,0.0,0,0,0,0.0,0.0,0.0,inf,0.0,0,0,0,0,census_only,Unknown,
Euglenaria_anabaena:plas.Chloroplast,3,3,0.0,0.0,0,0,0,0.0,0.0,0.0,inf,0.0,0,0,0,0,census_only,Unknown,
Monotropa_hypopitys.Chloroplast,3,6,0.0,0.0,0,0,0,0.0,0.0,0.0,inf,0.0,0,0,0,0,census_only,Unknown,
Sphingomonadales.U.genus,3,3,0.0,0.0,0,0,0,0.0,0.0,0.0,inf,0.0,0,0,0,0,census_only,Unknown,
Euglena_sanguinea:plas.Chloroplast,3,160,0.0,0.01,0,0,0,0.0,0.0,0.0,inf,0.0,0,0,0,0,census_only,Unknown,
Hypogymnia_vittata.Mitochondria,3,5,0.0,0.0,0,0,0,0.0,0.0,0.0,inf,0.0,0,0,0,0,census_only,Unknown,
Fusarium_temperatum.Mitochondria,3,6,0.0,0.0,0,0,0,0.0,0.0,0.0,inf,0.0,0,0,0,0,census_only,Unknown,
Pinguiochrysidaceae_X_sp.:plas.Chloroplast,3,10,0.0,0.0,0,0,0,0.0,0.0,0.0,inf,0.0,0,0,0,0,census_only,Unknown,
Hirsutella_thompsonii.Mitochondria,3,5,0.0,0.0,0,0,0,0.0,0.0,0.0,inf,0.0,0,0,0,0,census_only,Unknown,
Penicillium_sp._KCTC16066.Mitochondria,3,11,0.0,0.0,0,0,0,0.0,0.0,0.0,inf,0.0,0,0,0,0,census_only,Unknown,
Euglena_cf._velata_JIK-2015.Chloroplast,3,4,0.0,0.0,0,0,0,0.0,0.0,0.0,inf,0.0,0,0,0,0,census_only,Unknown,
Actinidia_chinensis.Chloroplast,3,9,0.0,0.0,0,0,0,0.0,0.0,0.0,inf,0.0,0,0,0,0,census_only,Unknown,
Coccocarpia_palmicola.Mitochondria,3,6,0.0,0.0,0,0,0,0.0,0.0,0.0,inf,0.0,0,0,0,0,census_only,Unknown,
Cordyceps_militaris.Mitochondria,3,6,0.0,0.0,0,0,0,0.0,0.0,0.0,inf,0.0,0,0,0,0,census_only,Unknown,
Lobochlamys_culleus.Chloroplast,3,10,0.0,0.0,0,0,0,0.0,0.0,0.0,inf,0.0,0,0,0,0,census_only,Unknown,
Bryoria_tenuis.Mitochondria,3,3,0.0,0.0,0,0,0,0.0,0.0,0.0,inf,0.0,0,0,0,0,census_only,Unknown,
Geminigera_cryophila.Chloroplast,3,4,0.0,0.0,0,0,0,0.0,0.0,0.0,inf,0.0,0,0,0,0,census_only,Unknown,
Olisthodiscus_luteus:plas.Chloroplast,3,12,0.0,0.0,0,0,0,0.0,0.0,0.0,inf,0.0,0,0,0,0,census_only,Unknown,
Radiocystis,3,11,0.0,0.0,0,0,0,0.0,0.0,0.0,inf,0.0,0,0,0,0,census_only,Unknown,
Yangia,3,26,0.0,0.0,0,0,0,0.0,0.0,0.0,inf,0.0,0,0,0,0,census_only,Unknown,
Morus_indica:plas.Chloroplast,3,3,0.0,0.0,0,0,0,0.0,0.0,0.0,inf,0.0,0,0,0,0,census_only,Unknown,
Bartramia_pomiformis.Mitochondria,3,5,0.0,0.0,0,0,0,0.0,0.0,0.0,inf,0.0,0,0,0,0,census_only,Unknown,
Cellulomonadaceae.U.genus,3,4,0.0,0.0,0,0,0,0.0,0.0,0.0,inf,0.0,0,0,0,0,census_only,Unknown,
Prymnesiaceae_X_sp.:plas.Chloroplast,3,4,0.0,0.0,0,0,0,0.0,0.0,0.0,inf,0.0,0,0,0,0,census_only,Unknown,
Phacus_triqueter:plas.Chloroplast,3,3,0.0,0.0,0,0,0,0.0,0.0,0.0,inf,0.0,0,0,0,0,census_only,Unknown,
Trachelomonas_planctonica:plas.Chloroplast,3,5,0.0,0.0,0,0,0,0.0,0.0,0.0,inf,0.0,0,0,0,0,census_only,Unknown,
Penicillium_chrysogenum_KF-25.Mitochondria,3,4,0.0,0.0,0,0,0,0.0,0.0,0.0,inf,0.0,0,0,0,0,census_only,Unknown,
Plasmodium1_vivax:apic.Apicoplast,3,4,0.0,0.0,0,0,0,0.0,0.0,0.0,inf,0.0,0,0,0,0,census_only,Unknown,
Fusarium_circinatum.Mitochondria,3,20,0.0,0.0,0,0,0,0.0,0.0,0.0,inf,0.0,0,0,0,0,census_only,Unknown,
Phacus_hordeiformis.Chloroplast,3,3,0.0,0.0,0,0,0,0.0,0.0,0.0,inf,0.0,0,0,0,0,census_only,Unknown,
Thermosynechococcaceae.U.genus,3,3,0.0,0.0,0,0,0,0.0,0.0,0.0,inf,0.0,0,0,0,0,census_only,Unknown,
Paralia_sulcata:plas.Chloroplast,3,12,0.0,0.0,0,0,0,0.0,0.0,0.0,inf,0.0,0,0,0,0,census_only,Unknown,
Amphora_sp.:plas.Chloroplast,3,3,0.0,0.0,0,0,0,0.0,0.0,0.0,inf,0.0,0,0,0,0,census_only,Unknown,
Trachelomonas_sp._T812.Chloroplast,3,13,0.0,0.0,0,0,0,0.0,0.0,0.0,inf,0.0,0,0,0,0,census_only,Unknown,
Prasinoderma_coloniale.Chloroplast,3,3,0.0,0.0,0,0,0,0.0,0.0,0.0,inf,0.0,0,0,0,0,census_only,Unknown,
Nephroselmis_olivacea:plas.Chloroplast,3,6,0.0,0.0,0,0,0,0.0,0.0,0.0,inf,0.0,0,0,0,0,census_only,Unknown,
Ophiostoma_novo-ulmi_subsp._novo-ulmi.Mitochondria,3,8,0.0,0.0,0,0,0,0.0,0.0,0.0,inf,0.0,0,0,0,0,census_only,Unknown,
Phacus_hamatus.Chloroplast,3,6,0.0,0.0,0,0,0,0.0,0.0,0.0,inf,0.0,0,0,0,0,census_only,Unknown,
Bernardetiaceae.U.genus,3,5,0.0,0.0,0,0,0,0.0,0.0,0.0,inf,0.0,0,0,0,0,census_only,Unknown,
Zea_mays:plas.Chloroplast,3,96,0.0,0.01,0,0,0,0.0,0.0,0.0,inf,0.0,0,0,0,0,census_only,Unknown,
Euglena_tristella:plas.Chloroplast,3,6,0.0,0.0,0,0,0,0.0,0.0,0.0,inf,0.0,0,0,0,0,census_only,Unknown,
Thermotunica,3,4,0.0,0.0,0,0,0,0.0,0.0,0.0,inf,0.0,0,0,0,0,census_only,Unknown,
Eutreptiella_gymnastica:plas.Chloroplast,3,26,0.0,0.0,0,0,0,0.0,0.0,0.0,inf,0.0,0,0,0,0,census_only,Unknown,
Euglena_deses:plas.Chloroplast,3,10,0.0,0.0,0,0,0,0.0,0.0,0.0,inf,0.0,0,0,0,0,census_only,Unknown,
Petalonema,3,9,0.0,0.0,0,0,0,0.0,0.0,0.0,inf,0.0,0,0,0,0,census_only,Unknown,
Methylobacteriaceae.U.genus,3,4,0.0,0.0,0,0,0,0.0,0.0,0.0,inf,0.0,0,0,0,0,census_only,Unknown,
Chalicogloea,3,4,0.0,0.0,0,0,0,0.0,0.0,0.0,inf,0.0,0,0,0,0,census_only,Unknown,
Ankyra_judayi.Chloroplast,3,20,0.0,0.0,0,0,0,0.0,0.0,0.0,inf,0.0,0,0,0,0,census_only,Unknown,
Euglena_cantabrica:plas.Chloroplast,3,17,0.0,0.0,0,0,0,0.0,0.0,0.0,inf,0.0,0,0,0,0,census_only,Unknown,
Rhodosorus_marinus:plas.Chloroplast,3,8,0.0,0.0,0,0,0,0.0,0.0,0.0,inf,0.0,0,0,0,0,census_only,Unknown,
Oltmannsiellopsis_viridis:plas.Chloroplast,3,9,0.0,0.0,0,0,0,0.0,0.0,0.0,inf,0.0,0,0,0,0,census_only,Unknown,
Sinobacteraceae.U.genus,3,12,0.0,0.0,0,0,0,0.0,0.0,0.0,inf,0.0,0,0,0,0,census_only,Unknown,
Colacium_calvum:plas.Chloroplast,3,31,0.0,0.0,0,0,0,0.0,0.0,0.0,inf,0.0,0,0,0,0,census_only,Unknown,
Alicyclobacillaceae.U.genus,3,3,0.0,0.0,0,0,0,0.0,0.0,0.0,inf,0.0,0,0,0,0,census_only,Unknown,
Halococcaceae.U.genus,3,8,0.0,0.0,0,0,0,0.0,0.0,0.0,inf,0.0,0,0,0,0,census_only,Unknown,
Natrialbaceae.U.genus,3,8,0.0,0.0,0,0,0,0.0,0.0,0.0,inf,0.0,0,0,0,0,census_only,Unknown,
Albibacter,3,10,0.0,0.0,0,0,0,0.0,0.0,0.0,inf,0.0,0,0,0,0,census_only,Unknown,
Bryopsis_sp.:plas.Chloroplast,3,4,0.0,0.0,0,0,0,0.0,0.0,0.0,inf,0.0,0,0,0,0,census_only,Unknown,
Desertifilaceae.U.genus,3,11,0.0,0.0,0,0,0,0.0,0.0,0.0,inf,0.0,0,0,0,0,census_only,Unknown,
Candidatus Atelocyanobacterium,3,11,0.0,0.0,0,0,0,0.0,0.0,0.0,inf,0.0,0,0,0,0,census_only,Unknown,
Rhodomonas_salina:plas.Chloroplast,3,6,0.0,0.0,0,0,0,0.0,0.0,0.0,inf,0.0,0,0,0,0,census_only,Unknown,
Planctonema_lauterbornii.Chloroplast,3,6,0.0,0.0,0,0,0,0.0,0.0,0.0,inf,0.0,0,0,0,0,census_only,Unknown,
Navicula_phyllepta:plas.Chloroplast,3,121,0.0,0.01,0,0,0,0.0,0.0,0.0,inf,0.0,0,0,0,0,census_only,Unknown,
Chondrus_crispus:plas.Chloroplast,3,7,0.0,0.0,0,0,0,0.0,0.0,0.0,inf,0.0,0,0,0,0,census_only,Unknown,
Pseudoneochloris_marina.Chloroplast,3,9,0.0,0.0,0,0,0,0.0,0.0,0.0,inf,0.0,0,0,0,0,census_only,Unknown,
Odontella_sinensis:plas.Chloroplast,3,12,0.0,0.0,0,0,0,0.0,0.0,0.0,inf,0.0,0,0,0,0,census_only,Unknown,
Rhabdanaerobium,3,4,0.0,0.0,0,0,0,0.0,0.0,0.0,inf,0.0,0,0,0,0,census_only,Unknown,
Carteria_sp.:plas.Chloroplast,3,7,0.0,0.0,0,0,0,0.0,0.0,0.0,inf,0.0,0,0,0,0,census_only,Unknown,
Spirillum,3,4,0.0,0.0,0,0,0,0.0,0.0,0.0,inf,0.0,0,0,0,0,census_only,Unknown,
Spirogyra_maxima:plas.Chloroplast,3,6,0.0,0.0,0,0,0,0.0,0.0,0.0,inf,0.0,0,0,0,0,census_only,Unknown,
Gelidium_sclerophyllum.Mitochondria,3,22,0.0,0.0,0,0,0,0.0,0.0,0.0,inf,0.0,0,0,0,0,census_only,Unknown,
Skeletonema_pseudocostatum:plas.Chloroplast,3,478,0.0,0.04,0,0,0,0.0,0.0,0.0,inf,0.0,0,0,0,0,census_only,Unknown,
Notothylas_orbicularis:mito.Mitochondria,3,5,0.0,0.0,0,0,0,0.0,0.0,0.0,inf,0.0,0,0,0,0,census_only,Unknown,
Phaeodactylum_tricornutum:plas.Chloroplast,3,10,0.0,0.0,0,0,0,0.0,0.0,0.0,inf,0.0,0,0,0,0,census_only,Unknown,
Fluviimonas,3,11,0.0,0.0,0,0,0,0.0,0.0,0.0,inf,0.0,0,0,0,0,census_only,Unknown,
Halanaerobaculum,3,4,0.0,0.0,0,0,0,0.0,0.0,0.0,inf,0.0,0,0,0,0,census_only,Unknown,
Nephroselmis_pyriformis:plas.Chloroplast,3,14,0.0,0.0,0,0,0,0.0,0.0,0.0,inf,0.0,0,0,0,0,census_only,Unknown,
Caloribacterium,3,9,0.0,0.0,0,0,0,0.0,0.0,0.0,inf,0.0,0,0,0,0,census_only,Unknown,
Monomorphina_pseudonordstedti:plas.Chloroplast,3,8,0.0,0.0,0,0,0,0.0,0.0,0.0,inf,0.0,0,0,0,0,census_only,Unknown,
Actinorectispora,3,5,0.0,0.0,0,0,0,0.0,0.0,0.0,inf,0.0,0,0,0,0,census_only,Unknown,
Taenioma_perpusillum.Chloroplast,3,10,0.0,0.0,0,0,0,0.0,0.0,0.0,inf,0.0,0,0,0,0,census_only,Unknown,
Geodermatophilaceae.U.genus,3,42,0.0,0.0,0,0,0,0.0,0.0,0.0,inf,0.0,0,0,0,0,census_only,Unknown,
Fastidiosibacteraceae.U.genus,3,4,0.0,0.0,0,0,0,0.0,0.0,0.0,inf,0.0,0,0,0,0,census_only,Unknown,
Loxostege_sticticalis_(beet_webworm).Mitochondria,3,9,0.0,0.0,0,0,0,0.0,0.0,0.0,inf,0.0,0,0,0,0,census_only,Unknown,
Spongiiferula,3,6,0.0,0.0,0,0,0,0.0,0.0,0.0,inf,0.0,0,0,0,0,census_only,Unknown,
Coccinimonas,3,32,0.0,0.0,0,0,0,0.0,0.0,0.0,inf,0.0,0,0,0,0,census_only,Unknown,
Hydrogenothermaceae.U.genus,3,17,0.0,0.0,0,0,0,0.0,0.0,0.0,inf,0.0,0,0,0,0,census_only,Unknown,
Flavobacteriia.U.genus,3,22,0.0,0.0,0,0,0,0.0,0.0,0.0,inf,0.0,0,0,0,0,census_only,Unknown,
Spartobacteria.U.genus,3,5,0.0,0.0,0,0,0,0.0,0.0,0.0,inf,0.0,0,0,0,0,census_only,Unknown,
Abyssivirga,3,10,0.0,0.0,0,0,0,0.0,0.0,0.0,inf,0.0,0,0,0,0,census_only,Unknown,
Zetaproteobacteria.U.genus,3,16,0.0,0.0,0,0,0,0.0,0.0,0.0,inf,0.0,0,0,0,0,census_only,Unknown,
Staphylococcaceae.U.genus,3,5,0.0,0.0,0,0,0,0.0,0.0,0.0,inf,0.0,0,0,0,0,census_only,Unknown,
Micromonas_bravo_B2:plas.Chloroplast,3,110,0.0,0.01,0,0,0,0.0,0.0,0.0,inf,0.0,0,0,0,0,census_only,Unknown,
Cardiobacteriales.U.genus,3,8,0.0,0.0,0,0,0,0.0,0.0,0.0,inf,0.0,0,0,0,0,census_only,Unknown,
Thlaspi_arvense.Mitochondria,3,17,0.0,0.0,0,0,0,0.0,0.0,0.0,inf,0.0,0,0,0,0,census_only,Unknown,
Carex_siderosticta.Chloroplast,3,22,0.0,0.0,0,0,0,0.0,0.0,0.0,inf,0.0,0,0,0,0,census_only,Unknown,
Thiotrichales.U.genus,3,14,0.0,0.0,0,0,0,0.0,0.0,0.0,inf,0.0,0,0,0,0,census_only,Unknown,
Coscinodiscus_radiatus.Chloroplast,3,17,0.0,0.0,0,0,0,0.0,0.0,0.0,inf,0.0,0,0,0,0,census_only,Unknown,
Embryophyceae_XXX_sp.:plas.Chloroplast,4,4,0.0,0.0,0,0,0,0.0,0.0,0.0,inf,0.0,0,0,0,0,census_only,Unknown,
Colletotrichum_fioriniae.Mitochondria,4,5,0.0,0.0,0,0,0,0.0,0.0,0.0,inf,0.0,0,0,0,0,census_only,Unknown,
Acidithiobacillales.U.genus,3,14,0.0,0.0,0,0,0,0.0,0.0,0.0,inf,0.0,0,0,0,0,census_only,Unknown,
Psychrosinus,3,29,0.0,0.0,0,0,0,0.0,0.0,0.0,inf,0.0,0,0,0,0,census_only,Unknown,
Ammoniibacillus,3,6,0.0,0.0,0,0,0,0.0,0.0,0.0,inf,0.0,0,0,0,0,census_only,Unknown,
Desulfovibrionales.U.genus,3,8,0.0,0.0,0,0,0,0.0,0.0,0.0,inf,0.0,0,0,0,0,census_only,Unknown,
Pedinomonas_tuberculata.Chloroplast,3,12,0.0,0.0,0,0,0,0.0,0.0,0.0,inf,0.0,0,0,0,0,census_only,Unknown,
Asterochloris_sp.:plas.Chloroplast,3,15,0.0,0.0,0,0,0,0.0,0.0,0.0,inf,0.0,0,0,0,0,census_only,Unknown,
Dicloster_acuatus.Chloroplast,3,5,0.0,0.0,0,0,0,0.0,0.0,0.0,inf,0.0,0,0,0,0,census_only,Unknown,
Pseudochlorella_pringsheimii:plas.Chloroplast,3,8,0.0,0.0,0,0,0,0.0,0.0,0.0,inf,0.0,0,0,0,0,census_only,Unknown,
Geothermobacterium,3,76,0.0,0.01,0,0,0,0.0,0.0,0.0,inf,0.0,0,0,0,0,census_only,Unknown,
Ettlia_oleoabundans.Chloroplast,3,25,0.0,0.0,0,0,0,0.0,0.0,0.0,inf,0.0,0,0,0,0,census_only,Unknown,
Coenonia,3,5,0.0,0.0,0,0,0,0.0,0.0,0.0,inf,0.0,0,0,0,0,census_only,Unknown,
Cryptoglena_sp.:plas.Chloroplast,3,11,0.0,0.0,0,0,0,0.0,0.0,0.0,inf,0.0,0,0,0,0,census_only,Unknown,
Hymenomonadaceae_X_sp.:plas.Chloroplast,3,9,0.0,0.0,0,0,0,0.0,0.0,0.0,inf,0.0,0,0,0,0,census_only,Unknown,
Oryza_sativa_Japonica_Group_(Japanese_rice).Mitochondria,3,72,0.0,0.01,0,0,0,0.0,0.0,0.0,inf,0.0,0,0,0,0,census_only,Unknown,
Trachelomonas_similis.Chloroplast,4,8,0.0,0.0,0,0,0,0.0,0.0,0.0,inf,0.0,0,0,0,0,census_only,Unknown,
Thiophaeococcus,4,5,0.0,0.0,0,0,0,0.0,0.0,0.0,inf,0.0,0,0,0,0,census_only,Unknown,
Bouteloua_dactyloides.Mitochondria,3,10,0.0,0.0,0,0,0,0.0,0.0,0.0,inf,0.0,0,0,0,0,census_only,Unknown,
Chlamydomonas_debaryana.Chloroplast,3,5,0.0,0.0,0,0,0,0.0,0.0,0.0,inf,0.0,0,0,0,0,census_only,Unknown,
uncultured_cyanobacterium.Chloroplast,3,6,0.0,0.0,0,0,0,0.0,0.0,0.0,inf,0.0,0,0,0,0,census_only,Unknown,
Metrosideros_polymorpha_var._glaberrima.Chloroplast,3,9,0.0,0.0,0,0,0,0.0,0.0,0.0,inf,0.0,0,0,0,0,census_only,Unknown,
Koliella_longiseta.Chloroplast,3,13,0.0,0.0,0,0,0,0.0,0.0,0.0,inf,0.0,0,0,0,0,census_only,Unknown,
Phyllonema,3,4,0.0,0.0,0,0,0,0.0,0.0,0.0,inf,0.0,0,0,0,0,census_only,Unknown,
Nostocales.U.genus,3,7,0.0,0.0,0,0,0,0.0,0.0,0.0,inf,0.0,0,0,0,0,census_only,Unknown,
Phacus_segretii:plas.Chloroplast,3,10,0.0,0.0,0,0,0,0.0,0.0,0.0,inf,0.0,0,0,0,0,census_only,Unknown,
Penicillium_sp._KCTC16085.Mitochondria,3,3,0.0,0.0,0,0,0,0.0,0.0,0.0,inf,0.0,0,0,0,0,census_only,Unknown,
Melioribacteraceae.U.genus,3,5,0.0,0.0,0,0,0,0.0,0.0,0.0,inf,0.0,0,0,0,0,census_only,Unknown,
Pachycladon_enysii:plas.Chloroplast,3,84,0.0,0.01,0,0,0,0.0,0.0,0.0,inf,0.0,0,0,0,0,census_only,Unknown,
Atrichum_angustatum.Mitochondria,3,8,0.0,0.0,0,0,0,0.0,0.0,0.0,inf,0.0,0,0,0,0,census_only,Unknown,
Thermaceae.U.genus,3,8,0.0,0.0,0,0,0,0.0,0.0,0.0,inf,0.0,0,0,0,0,census_only,Unknown,
Pseudendoclonium_akinetum:plas.Chloroplast,3,4,0.0,0.0,0,0,0,0.0,0.0,0.0,inf,0.0,0,0,0,0,census_only,Unknown,
Demequinaceae.U.genus,4,21,0.0,0.0,0,0,0,0.0,0.0,0.0,inf,0.0,0,0,0,0,census_only,Unknown,
seawater_metagenome.Chloroplast,4,18,0.0,0.0,0,0,0,0.0,0.0,0.0,inf,0.0,0,0,0,0,census_only,Unknown,
Nannochloropsis_sp.:plas.Chloroplast,4,30,0.0,0.0,0,0,0,0.0,0.0,0.0,inf,0.0,0,0,0,0,census_only,Unknown,
Ipomoea_nil_(Japanese_morning_glory).Chloroplast,4,7,0.0,0.0,0,0,0,0.0,0.0,0.0,inf,0.0,0,0,0,0,census_only,Unknown,
Penicillium_sp._KCTC16065.Mitochondria,4,5,0.0,0.0,0,0,0,0.0,0.0,0.0,inf,0.0,0,0,0,0,census_only,Unknown,
Aspergillus_lentulus.Mitochondria,4,14,0.0,0.0,0,0,0,0.0,0.0,0.0,inf,0.0,0,0,0,0,census_only,Unknown,
Hildenbrandia_rubra.Mitochondria,4,9,0.0,0.0,0,0,0,0.0,0.0,0.0,inf,0.0,0,0,0,0,census_only,Unknown,
Prototheca_stagnorum.Chloroplast,4,9,0.0,0.0,0,0,0,0.0,0.0,0.0,inf,0.0,0,0,0,0,census_only,Unknown,
Phacus_paraorbicularis.Chloroplast,4,9,0.0,0.0,0,0,0,0.0,0.0,0.0,inf,0.0,0,0,0,0,census_only,Unknown,
Palmaria_palmata_(Dulse).Mitochondria,4,15,0.0,0.0,0,0,0,0.0,0.0,0.0,inf,0.0,0,0,0,0,census_only,Unknown,
Trachelomonas_sp._Silo101703K.Chloroplast,4,10,0.0,0.0,0,0,0,0.0,0.0,0.0,inf,0.0,0,0,0,0,census_only,Unknown,
Euglena_longa:plas.Chloroplast,4,12,0.0,0.0,0,0,0,0.0,0.0,0.0,inf,0.0,0,0,0,0,census_only,Unknown,
Coccomyxa_solorinae-saccatae:plas.Chloroplast,4,15,0.0,0.0,0,0,0,0.0,0.0,0.0,inf,0.0,0,0,0,0,census_only,Unknown,
Cymbomonas_tetramitiformis.Mitochondria,4,17,0.0,0.0,0,0,0,0.0,0.0,0.0,inf,0.0,0,0,0,0,census_only,Unknown,
Aspergillus_nomius.Mitochondria,4,17,0.0,0.0,0,0,0,0.0,0.0,0.0,inf,0.0,0,0,0,0,census_only,Unknown,
Trachelomonas_similis:plas.Chloroplast,4,15,0.0,0.0,0,0,0,0.0,0.0,0.0,inf,0.0,0,0,0,0,census_only,Unknown,
Karlodinium_veneficum:plas.Chloroplast,4,13,0.0,0.0,0,0,0,0.0,0.0,0.0,inf,0.0,0,0,0,0,census_only,Unknown,
Nannochloropsis_oceanica.Mitochondria,4,25,0.0,0.0,0,0,0,0.0,0.0,0.0,inf,0.0,0,0,0,0,census_only,Unknown,
Arthronema,4,4,0.0,0.0,0,0,0,0.0,0.0,0.0,inf,0.0,0,0,0,0,census_only,Unknown,
Cordyceps_tenuipes.Mitochondria,4,17,0.0,0.0,0,0,0,0.0,0.0,0.0,inf,0.0,0,0,0,0,census_only,Unknown,
Loriellopsis,4,9,0.0,0.0,0,0,0,0.0,0.0,0.0,inf,0.0,0,0,0,0,census_only,Unknown,
Capsosiphon_fulvescens.Chloroplast,4,12,0.0,0.0,0,0,0,0.0,0.0,0.0,inf,0.0,0,0,0,0,census_only,Unknown,
Halospirulina,4,10,0.0,0.0,0,0,0,0.0,0.0,0.0,inf,0.0,0,0,0,0,census_only,Unknown,
Eustigmatophyceae_XXX_sp.:plas.Chloroplast,4,5,0.0,0.0,0,0,0,0.0,0.0,0.0,inf,0.0,0,0,0,0,census_only,Unknown,
Trichoderma_asperellum.Mitochondria,4,8,0.0,0.0,0,0,0,0.0,0.0,0.0,inf,0.0,0,0,0,0,census_only,Unknown,
Pelagomonadaceae_X_sp.:plas.Chloroplast,4,50,0.0,0.0,0,0,0,0.0,0.0,0.0,inf,0.0,0,0,0,0,census_only,Unknown,
Microcystaceae.U.genus,4,9,0.0,0.0,0,0,0,0.0,0.0,0.0,inf,0.0,0,0,0,0,census_only,Unknown,
Cryptomonas_curvata.Chloroplast,4,112,0.0,0.01,0,0,0,0.0,0.0,0.0,inf,0.0,0,0,0,0,census_only,Unknown,
Desertibacter,4,8,0.0,0.0,0,0,0,0.0,0.0,0.0,inf,0.0,0,0,0,0,census_only,Unknown,
Limnolyngbya,4,7,0.0,0.0,0,0,0,0.0,0.0,0.0,inf,0.0,0,0,0,0,census_only,Unknown,
uncultured_diatom.Chloroplast,4,13,0.0,0.0,0,0,0,0.0,0.0,0.0,inf,0.0,0,0,0,0,census_only,Unknown,
Chloroparvula_sp.:plas.Chloroplast,4,60,0.0,0.01,0,0,0,0.0,0.0,0.0,inf,0.0,0,0,0,0,census_only,Unknown,
Bdallophytum_americanum.Chloroplast,4,15,0.0,0.0,0,0,0,0.0,0.0,0.0,inf,0.0,0,0,0,0,census_only,Unknown,
Rhodymenia_pseudopalmata.Mitochondria,4,13,0.0,0.0,0,0,0,0.0,0.0,0.0,inf,0.0,0,0,0,0,census_only,Unknown,
Eionea,4,5,0.0,0.0,0,0,0,0.0,0.0,0.0,inf,0.0,0,0,0,0,census_only,Unknown,
Ditylum_brightwellii:plas.Chloroplast,4,29,0.0,0.0,0,0,0,0.0,0.0,0.0,inf,0.0,0,0,0,0,census_only,Unknown,
Aerosphaera,4,14,0.0,0.0,0,0,0,0.0,0.0,0.0,inf,0.0,0,0,0,0,census_only,Unknown,
Geothermomicrobium,4,4,0.0,0.0,0,0,0,0.0,0.0,0.0,inf,0.0,0,0,0,0,census_only,Unknown,
Vulcanithermus,4,11,0.0,0.0,0,0,0,0.0,0.0,0.0,inf,0.0,0,0,0,0,census_only,Unknown,
Flexibacteraceae.U.genus,4,6,0.0,0.0,0,0,0,0.0,0.0,0.0,inf,0.0,0,0,0,0,census_only,Unknown,
Bifidobacteriaceae.U.genus,4,5,0.0,0.0,0,0,0,0.0,0.0,0.0,inf,0.0,0,0,0,0,census_only,Unknown,
Sphingobacteriia.U.genus,4,5,0.0,0.0,0,0,0,0.0,0.0,0.0,inf,0.0,0,0,0,0,census_only,Unknown,
Salimesophilobacter,4,9,0.0,0.0,0,0,0,0.0,0.0,0.0,inf,0.0,0,0,0,0,census_only,Unknown,
Synergistales.U.genus,4,18,0.0,0.0,0,0,0,0.0,0.0,0.0,inf,0.0,0,0,0,0,census_only,Unknown,
Rhabdothermus,4,6,0.0,0.0,0,0,0,0.0,0.0,0.0,inf,0.0,0,0,0,0,census_only,Unknown,
Moritellaceae.U.genus,4,4,0.0,0.0,0,0,0,0.0,0.0,0.0,inf,0.0,0,0,0,0,census_only,Unknown,
Coxiellaceae.U.genus,4,5,0.0,0.0,0,0,0,0.0,0.0,0.0,inf,0.0,0,0,0,0,census_only,Unknown,
Bacteroidaceae.U.genus,4,21,0.0,0.0,0,0,0,0.0,0.0,0.0,inf,0.0,0,0,0,0,census_only,Unknown,
Porphyra_umbilicalis_(laver).Mitochondria,4,10,0.0,0.0,0,0,0,0.0,0.0,0.0,inf,0.0,0,0,0,0,census_only,Unknown,
Hafniomonas_laevis.Chloroplast,4,11,0.0,0.0,0,0,0,0.0,0.0,0.0,inf,0.0,0,0,0,0,census_only,Unknown,
Methylosoma,4,14,0.0,0.0,0,0,0,0.0,0.0,0.0,inf,0.0,0,0,0,0,census_only,Unknown,
Sinibacillus,4,4,0.0,0.0,0,0,0,0.0,0.0,0.0,inf,0.0,0,0,0,0,census_only,Unknown,
Methylothermus,4,14,0.0,0.0,0,0,0,0.0,0.0,0.0,inf,0.0,0,0,0,0,census_only,Unknown,
Nocardiopsaceae.U.genus,4,4,0.0,0.0,0,0,0,0.0,0.0,0.0,inf,0.0,0,0,0,0,census_only,Unknown,
Gracilaria_chilensis.Mitochondria,4,11,0.0,0.0,0,0,0,0.0,0.0,0.0,inf,0.0,0,0,0,0,census_only,Unknown,
Acholeplasmatales.U.genus,4,5,0.0,0.0,0,0,0,0.0,0.0,0.0,inf,0.0,0,0,0,0,census_only,Unknown,
Coelastrella_sp._M60.Chloroplast,4,11,0.0,0.0,0,0,0,0.0,0.0,0.0,inf,0.0,0,0,0,0,census_only,Unknown,
Ileibacterium,4,11,0.0,0.0,0,0,0,0.0,0.0,0.0,inf,0.0,0,0,0,0,census_only,Unknown,
Thermotogales.U.genus,4,52,0.0,0.0,0,0,0,0.0,0.0,0.0,inf,0.0,0,0,0,0,census_only,Unknown,
Stichococcus_bacillaris:plas.Chloroplast,4,24,0.0,0.0,0,0,0,0.0,0.0,0.0,inf,0.0,0,0,0,0,census_only,Unknown,
Candidatus Ishikawaella,4,6,0.0,0.0,0,0,0,0.0,0.0,0.0,inf,0.0,0,0,0,0,census_only,Unknown,
Neocystis_brevis.Chloroplast,4,17,0.0,0.0,0,0,0,0.0,0.0,0.0,inf,0.0,0,0,0,0,census_only,Unknown,
Chlorodendrales_XX_sp.:plas.Chloroplast,4,42,0.0,0.0,0,0,0,0.0,0.0,0.0,inf,0.0,0,0,0,0,census_only,Unknown,
Dermacoccaceae.U.genus,4,7,0.0,0.0,0,0,0,0.0,0.0,0.0,inf,0.0,0,0,0,0,census_only,Unknown,
uncultured_Mamiellophyceae.Chloroplast,5,9,0.0,0.0,0,0,0,0.0,0.0,0.0,inf,0.0,0,0,0,0,census_only,Unknown,
Mitrastemon_kanehirai.Chloroplast,5,8,0.0,0.0,0,0,0,0.0,0.0,0.0,inf,0.0,0,0,0,0,census_only,Unknown,
Fibrocapsa_japonica:plas.Chloroplast,4,13,0.0,0.0,0,0,0,0.0,0.0,0.0,inf,0.0,0,0,0,0,census_only,Unknown,
Phytophthora_cinnamomi.Mitochondria,4,27,0.0,0.0,0,0,0,0.0,0.0,0.0,inf,0.0,0,0,0,0,census_only,Unknown,
Phytophthora_ramorum_(Sudden_oak_death_agent).Mitochondria,4,17,0.0,0.0,0,0,0,0.0,0.0,0.0,inf,0.0,0,0,0,0,census_only,Unknown,
Spirochaetales.U.genus,4,9,0.0,0.0,0,0,0,0.0,0.0,0.0,inf,0.0,0,0,0,0,census_only,Unknown,
Pilostyles_thurberi.Mitochondria,4,22,0.0,0.0,0,0,0,0.0,0.0,0.0,inf,0.0,0,0,0,0,census_only,Unknown,
Phaeocystis_globosa:plas.Chloroplast,4,17,0.0,0.0,0,0,0,0.0,0.0,0.0,inf,0.0,0,0,0,0,census_only,Unknown,
Chara_sp._Qiu_96222.Mitochondria,4,14,0.0,0.0,0,0,0,0.0,0.0,0.0,inf,0.0,0,0,0,0,census_only,Unknown,
Plasmodium_relictum.Mitochondria,4,5,0.0,0.0,0,0,0,0.0,0.0,0.0,inf,0.0,0,0,0,0,census_only,Unknown,
Pinus_canariensis.Mitochondria,4,46,0.0,0.0,0,0,0,0.0,0.0,0.0,inf,0.0,0,0,0,0,census_only,Unknown,
Sporolithon_durum.Mitochondria,4,17,0.0,0.0,0,0,0,0.0,0.0,0.0,inf,0.0,0,0,0,0,census_only,Unknown,
Betula_pendula_(European_white_birch).Chloroplast,4,28,0.0,0.0,0,0,0,0.0,0.0,0.0,inf,0.0,0,0,0,0,census_only,Unknown,
Quercus_lobata.Mitochondria,4,33,0.0,0.0,0,0,0,0.0,0.0,0.0,inf,0.0,0,0,0,0,census_only,Unknown,
Treubia_lacunosa.Mitochondria,4,7,0.0,0.0,0,0,0,0.0,0.0,0.0,inf,0.0,0,0,0,0,census_only,Unknown,
Chlamydomonadales_XX_sp.:plas.Chloroplast,4,9,0.0,0.0,0,0,0,0.0,0.0,0.0,inf,0.0,0,0,0,0,census_only,Unknown,
Calenema,5,8,0.0,0.0,0,0,0,0.0,0.0,0.0,inf,0.0,0,0,0,0,census_only,Unknown,
Aspergillus_alliaceus.Mitochondria,5,10,0.0,0.0,0,0,0,0.0,0.0,0.0,inf,0.0,0,0,0,0,census_only,Unknown,
Imshaugia_aleurites.Mitochondria,4,9,0.0,0.0,0,0,0,0.0,0.0,0.0,inf,0.0,0,0,0,0,census_only,Unknown,
Oophila_amblystomatis.Chloroplast,4,9,0.0,0.0,0,0,0,0.0,0.0,0.0,inf,0.0,0,0,0,0,census_only,Unknown,
Breviolum_sp.:plas.Chloroplast,5,6,0.0,0.0,0,0,0,0.0,0.0,0.0,inf,0.0,0,0,0,0,census_only,Unknown,
uncultured_deep-sea_bacterium.Mitochondria,5,8,0.0,0.0,0,0,0,0.0,0.0,0.0,inf,0.0,0,0,0,0,census_only,Unknown,
Symbiodinium_sp.:plas.Chloroplast,5,11,0.0,0.0,0,0,0,0.0,0.0,0.0,inf,0.0,0,0,0,0,census_only,Unknown,
Triticum_aestivum_(bread_wheat).Chloroplast,5,7,0.0,0.0,0,0,0,0.0,0.0,0.0,inf,0.0,0,0,0,0,census_only,Unknown,
Betaphycus_gelatinus.Mitochondria,5,5,0.0,0.0,0,0,0,0.0,0.0,0.0,inf,0.0,0,0,0,0,census_only,Unknown,
Plasmodium_berghei.Mitochondria,5,7,0.0,0.0,0,0,0,0.0,0.0,0.0,inf,0.0,0,0,0,0,census_only,Unknown,
Colletotrichum_aenigma.Mitochondria,5,13,0.0,0.0,0,0,0,0.0,0.0,0.0,inf,0.0,0,0,0,0,census_only,Unknown,
Acremonium_fuci.Mitochondria,5,17,0.0,0.0,0,0,0,0.0,0.0,0.0,inf,0.0,0,0,0,0,census_only,Unknown,
Carteria_crucifera.Chloroplast,5,20,0.0,0.0,0,0,0,0.0,0.0,0.0,inf,0.0,0,0,0,0,census_only,Unknown,
Dumontia_simplex.Mitochondria,5,19,0.0,0.0,0,0,0,0.0,0.0,0.0,inf,0.0,0,0,0,0,census_only,Unknown,
Cryptomonadales_XX_sp.:plas.Chloroplast,5,6,0.0,0.0,0,0,0,0.0,0.0,0.0,inf,0.0,0,0,0,0,census_only,Unknown,
Phacus_orbicularis:plas.Chloroplast,5,46,0.0,0.0,0,0,0,0.0,0.0,0.0,inf,0.0,0,0,0,0,census_only,Unknown,
Chara_vulgaris.Mitochondria,5,9,0.0,0.0,0,0,0,0.0,0.0,0.0,inf,0.0,0,0,0,0,census_only,Unknown,
Candidatus Calescamantes.U.genus,5,52,0.0,0.0,0,0,0,0.0,0.0,0.0,inf,0.0,0,0,0,0,census_only,Unknown,
Trachelomonas_bernardinensis:plas.Chloroplast,5,29,0.0,0.0,0,0,0,0.0,0.0,0.0,inf,0.0,0,0,0,0,census_only,Unknown,
Aspergillus_parasiticus.Mitochondria,5,12,0.0,0.0,0,0,0,0.0,0.0,0.0,inf,0.0,0,0,0,0,census_only,Unknown,
Caulobacterales.U.genus,5,7,0.0,0.0,0,0,0,0.0,0.0,0.0,inf,0.0,0,0,0,0,census_only,Unknown,
Silene_dioica_(red_campion).Mitochondria,5,7,0.0,0.0,0,0,0,0.0,0.0,0.0,inf,0.0,0,0,0,0,census_only,Unknown,
Penicillium_thomii.Mitochondria,5,45,0.0,0.0,0,0,0,0.0,0.0,0.0,inf,0.0,0,0,0,0,census_only,Unknown,
Aspergillus_leporis.Mitochondria,5,36,0.0,0.0,0,0,0,0.0,0.0,0.0,inf,0.0,0,0,0,0,census_only,Unknown,
Methylarcula,5,9,0.0,0.0,0,0,0,0.0,0.0,0.0,inf,0.0,0,0,0,0,census_only,Unknown,
Gracilaria_ferox.Mitochondria,5,25,0.0,0.0,0,0,0,0.0,0.0,0.0,inf,0.0,0,0,0,0,census_only,Unknown,
Sarcinochrysidaceae_X_sp.:plas.Chloroplast,5,16,0.0,0.0,0,0,0,0.0,0.0,0.0,inf,0.0,0,0,0,0,census_only,Unknown,
Euglena_agilis:plas.Chloroplast,5,7,0.0,0.0,0,0,0,0.0,0.0,0.0,inf,0.0,0,0,0,0,census_only,Unknown,
Triparma_laevis.Chloroplast,5,47,0.0,0.0,0,0,0,0.0,0.0,0.0,inf,0.0,0,0,0,0,census_only,Unknown,
Aulacoseira_sp.:plas.Chloroplast,5,203,0.0,0.02,0,0,0,0.0,0.0,0.0,inf,0.0,0,0,0,0,census_only,Unknown,
Aureoumbra_lagunensis:plas.Chloroplast,5,18,0.0,0.0,0,0,0,0.0,0.0,0.0,inf,0.0,0,0,0,0,census_only,Unknown,
Skeletonema_sp.:plas.Chloroplast,5,26,0.0,0.0,0,0,0,0.0,0.0,0.0,inf,0.0,0,0,0,0,census_only,Unknown,
Idiomarinaceae.U.genus,5,11,0.0,0.0,0,0,0,0.0,0.0,0.0,inf,0.0,0,0,0,0,census_only,Unknown,
Prototheca_moriformis.Chloroplast,5,50,0.0,0.0,0,0,0,0.0,0.0,0.0,inf,0.0,0,0,0,0,census_only,Unknown,
Bigelowiella_natans:plas.Chloroplast,5,13,0.0,0.0,0,0,0,0.0,0.0,0.0,inf,0.0,0,0,0,0,census_only,Unknown,
Huakuichenia,5,9,0.0,0.0,0,0,0,0.0,0.0,0.0,inf,0.0,0,0,0,0,census_only,Unknown,
Tetraselmis_marina:plas.Chloroplast,5,15,0.0,0.0,0,0,0,0.0,0.0,0.0,inf,0.0,0,0,0,0,census_only,Unknown,
Perspicuibacter,5,5,0.0,0.0,0,0,0,0.0,0.0,0.0,inf,0.0,0,0,0,0,census_only,Unknown,
Nannochloropsis_limnetica.Mitochondria,5,13,0.0,0.0,0,0,0,0.0,0.0,0.0,inf,0.0,0,0,0,0,census_only,Unknown,
Mongoliicoccus,5,7,0.0,0.0,0,0,0,0.0,0.0,0.0,inf,0.0,0,0,0,0,census_only,Unknown,
Paramoritella,5,7,0.0,0.0,0,0,0,0.0,0.0,0.0,inf,0.0,0,0,0,0,census_only,Unknown,
Teleaulax_amphioxeia.Chloroplast,5,38,0.0,0.0,0,0,0,0.0,0.0,0.0,inf,0.0,0,0,0,0,census_only,Unknown,
Halopeptonella,5,14,0.0,0.0,0,0,0,0.0,0.0,0.0,inf,0.0,0,0,0,0,census_only,Unknown,
Cristispira,5,7,0.0,0.0,0,0,0,0.0,0.0,0.0,inf,0.0,0,0,0,0,census_only,Unknown,
Pibocella,5,7,0.0,0.0,0,0,0,0.0,0.0,0.0,inf,0.0,0,0,0,0,census_only,Unknown,
Sargassum_yezoense.Mitochondria,5,8,0.0,0.0,0,0,0,0.0,0.0,0.0,inf,0.0,0,0,0,0,census_only,Unknown,
Cavicella,5,22,0.0,0.0,0,0,0,0.0,0.0,0.0,inf,0.0,0,0,0,0,census_only,Unknown,
Trachelomonas_hispida:plas.Chloroplast,5,12,0.0,0.0,0,0,0,0.0,0.0,0.0,inf,0.0,0,0,0,0,census_only,Unknown,
Chrysochromulina_sp._CCMP291.Chloroplast,6,267,0.0,0.02,0,0,0,0.0,0.0,0.0,inf,0.0,0,0,0,0,census_only,Unknown,
Pelagibacteraceae.U.genus,6,22,0.0,0.0,0,0,0,0.0,0.0,0.0,inf,0.0,0,0,0,0,census_only,Unknown,
Tsukubamonas_globosa.Mitochondria,5,7,0.0,0.0,0,0,0,0.0,0.0,0.0,inf,0.0,0,0,0,0,census_only,Unknown,
Thermotogae.U.genus,5,41,0.0,0.0,0,0,0,0.0,0.0,0.0,inf,0.0,0,0,0,0,census_only,Unknown,
Aspergillus_clavatoflavus:mito.Mitochondria,5,28,0.0,0.0,0,0,0,0.0,0.0,0.0,inf,0.0,0,0,0,0,census_only,Unknown,
Florenciella_parvula:plas.Chloroplast,5,38,0.0,0.0,0,0,0,0.0,0.0,0.0,inf,0.0,0,0,0,0,census_only,Unknown,
Candidatus Blochmannia,5,5,0.0,0.0,0,0,0,0.0,0.0,0.0,inf,0.0,0,0,0,0,census_only,Unknown,
Corallina_officinalis.Mitochondria,5,36,0.0,0.0,0,0,0,0.0,0.0,0.0,inf,0.0,0,0,0,0,census_only,Unknown,
Desulfitispora,5,7,0.0,0.0,0,0,0,0.0,0.0,0.0,inf,0.0,0,0,0,0,census_only,Unknown,
Penicillium_punicae.Mitochondria,5,13,0.0,0.0,0,0,0,0.0,0.0,0.0,inf,0.0,0,0,0,0,census_only,Unknown,
Cistanche_deserticola:plas.Chloroplast,5,22,0.0,0.0,0,0,0,0.0,0.0,0.0,inf,0.0,0,0,0,0,census_only,Unknown,
Euglena_viridis:plas.Chloroplast,5,23,0.0,0.0,0,0,0,0.0,0.0,0.0,inf,0.0,0,0,0,0,census_only,Unknown,
Gelidium_crinale_f._luxurians.Mitochondria,5,41,0.0,0.0,0,0,0,0.0,0.0,0.0,inf,0.0,0,0,0,0,census_only,Unknown,
Eucheuma_denticulatum.Mitochondria,5,22,0.0,0.0,0,0,0,0.0,0.0,0.0,inf,0.0,0,0,0,0,census_only,Unknown,
Roya_obtusa.Mitochondria,5,84,0.0,0.01,0,0,0,0.0,0.0,0.0,inf,0.0,0,0,0,0,census_only,Unknown,
Sargassum_henslowianum.Mitochondria,5,16,0.0,0.0,0,0,0,0.0,0.0,0.0,inf,0.0,0,0,0,0,census_only,Unknown,
Thalassiosira_pseudonana:plas.Chloroplast,6,134,0.0,0.01,0,0,0,0.0,0.0,0.0,inf,0.0,0,0,0,0,census_only,Unknown,
Lepraria_oxybapha.Mitochondria,6,10,0.0,0.0,0,0,0,0.0,0.0,0.0,inf,0.0,0,0,0,0,census_only,Unknown,
Sorghum_bicolor_(sorghum).Mitochondria,5,55,0.0,0.0,0,0,0,0.0,0.0,0.0,inf,0.0,0,0,0,0,census_only,Unknown,
Epipyxis_sp._PR26KG.Chloroplast,5,84,0.0,0.01,0,0,0,0.0,0.0,0.0,inf,0.0,0,0,0,0,census_only,Unknown,
Closterium_baillyanum.Mitochondria,5,11,0.0,0.0,0,0,0,0.0,0.0,0.0,inf,0.0,0,0,0,0,census_only,Unknown,
Coccomyxa_sp.:plas.Chloroplast,5,16,0.0,0.0,0,0,0,0.0,0.0,0.0,inf,0.0,0,0,0,0,census_only,Unknown,
Phacotus_lenticularis.Chloroplast,5,21,0.0,0.0,0,0,0,0.0,0.0,0.0,inf,0.0,0,0,0,0,census_only,Unknown,
Prasiola_crispa.Chloroplast,5,20,0.0,0.0,0,0,0,0.0,0.0,0.0,inf,0.0,0,0,0,0,census_only,Unknown,
Trachelomonas_sp._Tukuba080509E.Chloroplast,6,7,0.0,0.0,0,0,0,0.0,0.0,0.0,inf,0.0,0,0,0,0,census_only,Unknown,
Plantago_media:mito.Mitochondria,6,19,0.0,0.0,0,0,0,0.0,0.0,0.0,inf,0.0,0,0,0,0,census_only,Unknown,
Plasmodium2_berghei:apic.Apicoplast,6,13,0.0,0.0,0,0,0,0.0,0.0,0.0,inf,0.0,0,0,0,0,census_only,Unknown,
Parachlamydiaceae.U.genus,6,6,0.0,0.0,0,0,0,0.0,0.0,0.0,inf,0.0,0,0,0,0,census_only,Unknown,
Phacus_granum:plas.Chloroplast,6,11,0.0,0.0,0,0,0,0.0,0.0,0.0,inf,0.0,0,0,0,0,census_only,Unknown,
Gelidium_galapagense.Mitochondria,6,23,0.0,0.0,0,0,0,0.0,0.0,0.0,inf,0.0,0,0,0,0,census_only,Unknown,
Phacus_acuminatus:plas.Chloroplast,6,23,0.0,0.0,0,0,0,0.0,0.0,0.0,inf,0.0,0,0,0,0,census_only,Unknown,
Heliobacillus,6,8,0.0,0.0,0,0,0,0.0,0.0,0.0,inf,0.0,0,0,0,0,census_only,Unknown,
Porphyra_purpurea.Mitochondria,6,55,0.0,0.0,0,0,0,0.0,0.0,0.0,inf,0.0,0,0,0,0,census_only,Unknown,
Aspergillus_leporis:mito.Mitochondria,6,20,0.0,0.0,0,0,0,0.0,0.0,0.0,inf,0.0,0,0,0,0,census_only,Unknown,
Synura_sphagnicola.Chloroplast,6,19,0.0,0.0,0,0,0,0.0,0.0,0.0,inf,0.0,0,0,0,0,census_only,Unknown,
uncultured_Rickettsiales_bacterium.Mitochondria,6,11,0.0,0.0,0,0,0,0.0,0.0,0.0,inf,0.0,0,0,0,0,census_only,Unknown,
Nanohaloarchaea.U.genus,6,15,0.0,0.0,0,0,0,0.0,0.0,0.0,inf,0.0,0,0,0,0,census_only,Unknown,
Eutreptiella_sp.:plas.Chloroplast,6,36,0.0,0.0,0,0,0,0.0,0.0,0.0,inf,0.0,0,0,0,0,census_only,Unknown,
Rhodobiaceae.U.genus,6,13,0.0,0.0,0,0,0,0.0,0.0,0.0,inf,0.0,0,0,0,0,census_only,Unknown,
Vitrella_brassicaformis:plas.Chloroplast,6,18,0.0,0.0,0,0,0,0.0,0.0,0.0,inf,0.0,0,0,0,0,census_only,Unknown,
Carteria_sp._SAG_8-5.Chloroplast,6,11,0.0,0.0,0,0,0,0.0,0.0,0.0,inf,0.0,0,0,0,0,census_only,Unknown,
Chroococcales.U.genus,6,8,0.0,0.0,0,0,0,0.0,0.0,0.0,inf,0.0,0,0,0,0,census_only,Unknown,
Pyramimonas_disomata:plas.Chloroplast,6,82,0.0,0.01,0,0,0,0.0,0.0,0.0,inf,0.0,0,0,0,0,census_only,Unknown,
Gracilariopsis_longissima.Mitochondria,6,17,0.0,0.0,0,0,0,0.0,0.0,0.0,inf,0.0,0,0,0,0,census_only,Unknown,
Pyramimonas_sp.:plas.Chloroplast,6,24,0.0,0.0,0,0,0,0.0,0.0,0.0,inf,0.0,0,0,0,0,census_only,Unknown,
Kosmotogaceae.U.genus,6,32,0.0,0.0,0,0,0,0.0,0.0,0.0,inf,0.0,0,0,0,0,census_only,Unknown,
Orbaceae.U.genus,6,11,0.0,0.0,0,0,0,0.0,0.0,0.0,inf,0.0,0,0,0,0,census_only,Unknown,
Filobacterium,6,50,0.0,0.0,0,0,0,0.0,0.0,0.0,inf,0.0,0,0,0,0,census_only,Unknown,
Plasmodium1_gonderi:apic.Apicoplast,7,38,0.0,0.0,0,0,0,0.0,0.0,0.0,inf,0.0,0,0,0,0,census_only,Unknown,
Erwiniaceae.U.genus,7,11,0.0,0.0,0,0,0,0.0,0.0,0.0,inf,0.0,0,0,0,0,census_only,Unknown,
Sargassum_fusiforme.Mitochondria,6,111,0.0,0.01,0,0,0,0.0,0.0,0.0,inf,0.0,0,0,0,0,census_only,Unknown,
Penicillium_janthinellum.Mitochondria,6,46,0.0,0.0,0,0,0,0.0,0.0,0.0,inf,0.0,0,0,0,0,census_only,Unknown,
Bathycoccus_prasinos:plas.Chloroplast,6,54,0.0,0.0,0,0,0,0.0,0.0,0.0,inf,0.0,0,0,0,0,census_only,Unknown,
Sargassum_hemiphyllum.Mitochondria,6,20,0.0,0.0,0,0,0,0.0,0.0,0.0,inf,0.0,0,0,0,0,census_only,Unknown,
Candidatus Aerophobetes.U.genus,6,10,0.0,0.0,0,0,0,0.0,0.0,0.0,inf,0.0,0,0,0,0,census_only,Unknown,
Phytophthora_multivora.Mitochondria,6,63,0.0,0.01,0,0,0,0.0,0.0,0.0,inf,0.0,0,0,0,0,census_only,Unknown,
Phytophthora_agathidicida.Mitochondria,6,19,0.0,0.0,0,0,0,0.0,0.0,0.0,inf,0.0,0,0,0,0,census_only,Unknown,
Jakoba_libera.Mitochondria,6,8,0.0,0.0,0,0,0,0.0,0.0,0.0,inf,0.0,0,0,0,0,census_only,Unknown,
wastewater_metagenome.Mitochondria,6,48,0.0,0.0,0,0,0,0.0,0.0,0.0,inf,0.0,0,0,0,0,census_only,Unknown,
Chlorella_sorokiniana.Mitochondria,6,18,0.0,0.0,0,0,0,0.0,0.0,0.0,inf,0.0,0,0,0,0,census_only,Unknown,
Kappaphycus_striatus.Mitochondria,6,11,0.0,0.0,0,0,0,0.0,0.0,0.0,inf,0.0,0,0,0,0,census_only,Unknown,
uncultured_eukaryote.Chloroplast,6,11,0.0,0.0,0,0,0,0.0,0.0,0.0,inf,0.0,0,0,0,0,census_only,Unknown,
Ceramium_japonicum.Mitochondria,6,87,0.0,0.01,0,0,0,0.0,0.0,0.0,inf,0.0,0,0,0,0,census_only,Unknown,
Oscillatoriaceae.U.genus,6,13,0.0,0.0,0,0,0,0.0,0.0,0.0,inf,0.0,0,0,0,0,census_only,Unknown,
Alteromonadales.U.genus,7,11,0.0,0.0,0,0,0,0.0,0.0,0.0,inf,0.0,0,0,0,0,census_only,Unknown,
Planctomycetia.U.genus,7,35,0.0,0.0,0,0,0,0.0,0.0,0.0,inf,0.0,0,0,0,0,census_only,Unknown,
Pseudomuriella_schumacherensis.Chloroplast,6,15,0.0,0.0,0,0,0,0.0,0.0,0.0,inf,0.0,0,0,0,0,census_only,Unknown,
Acremonium_chrysogenum.Mitochondria,6,18,0.0,0.0,0,0,0,0.0,0.0,0.0,inf,0.0,0,0,0,0,census_only,Unknown,
Chlamydomonas_eustigma.Chloroplast,6,26,0.0,0.0,0,0,0,0.0,0.0,0.0,inf,0.0,0,0,0,0,census_only,Unknown,
Neochloris_aquatica.Chloroplast,6,26,0.0,0.0,0,0,0,0.0,0.0,0.0,inf,0.0,0,0,0,0,census_only,Unknown,
Trichoderma_hamatum.Mitochondria,7,22,0.0,0.0,0,0,0,0.0,0.0,0.0,inf,0.0,0,0,0,0,census_only,Unknown,
Ailurus_fulgens_styani.Mitochondria,7,24,0.0,0.0,0,0,0,0.0,0.0,0.0,inf,0.0,0,0,0,0,census_only,Unknown,
Leptographium_truncatum.Mitochondria,7,35,0.0,0.0,0,0,0,0.0,0.0,0.0,inf,0.0,0,0,0,0,census_only,Unknown,
Pochonia_chlamydosporia.Mitochondria,7,28,0.0,0.0,0,0,0,0.0,0.0,0.0,inf,0.0,0,0,0,0,census_only,Unknown,
Penicillium_sp._ShG4C.Mitochondria,7,34,0.0,0.0,0,0,0,0.0,0.0,0.0,inf,0.0,0,0,0,0,census_only,Unknown,
Phytophthora_infestans_T30-4.Mitochondria,7,49,0.0,0.0,0,0,0,0.0,0.0,0.0,inf,0.0,0,0,0,0,census_only,Unknown,
Trachelomonas_sp._Hoisan032709F.Chloroplast,7,44,0.0,0.0,0,0,0,0.0,0.0,0.0,inf,0.0,0,0,0,0,census_only,Unknown,
Gelidium_arborescens.Mitochondria,7,49,0.0,0.0,0,0,0,0.0,0.0,0.0,inf,0.0,0,0,0,0,census_only,Unknown,
Hazenia_capsulata.Chloroplast,7,47,0.0,0.0,0,0,0,0.0,0.0,0.0,inf,0.0,0,0,0,0,census_only,Unknown,
Chloropicon_sp.:plas.Chloroplast,7,29,0.0,0.0,0,0,0,0.0,0.0,0.0,inf,0.0,0,0,0,0,census_only,Unknown,
Methanococcaceae.U.genus,7,10,0.0,0.0,0,0,0,0.0,0.0,0.0,inf,0.0,0,0,0,0,census_only,Unknown,
Elliptochloris_bilobata.Chloroplast,7,27,0.0,0.0,0,0,0,0.0,0.0,0.0,inf,0.0,0,0,0,0,census_only,Unknown,
Synechococcales.U.genus,7,77,0.0,0.01,0,0,0,0.0,0.0,0.0,inf,0.0,0,0,0,0,census_only,Unknown,
Marispirillum,7,11,0.0,0.0,0,0,0,0.0,0.0,0.0,inf,0.0,0,0,0,0,census_only,Unknown,
Aureococcus_anophagefferens:plas.Chloroplast,7,154,0.0,0.01,0,0,0,0.0,0.0,0.0,inf,0.0,0,0,0,0,census_only,Unknown,
Ostreococcus_tauri:plas.Chloroplast,7,128,0.0,0.01,0,0,0,0.0,0.0,0.0,inf,0.0,0,0,0,0,census_only,Unknown,
Synura_petersenii.Chloroplast,7,44,0.0,0.0,0,0,0,0.0,0.0,0.0,inf,0.0,0,0,0,0,census_only,Unknown,
Rebecca_salina:plas.Chloroplast,7,29,0.0,0.0,0,0,0,0.0,0.0,0.0,inf,0.0,0,0,0,0,census_only,Unknown,
Asterionella_formosa.Chloroplast,7,21,0.0,0.0,0,0,0,0.0,0.0,0.0,inf,0.0,0,0,0,0,census_only,Unknown,
Oogamochlamys_gigantea.Chloroplast,7,11,0.0,0.0,0,0,0,0.0,0.0,0.0,inf,0.0,0,0,0,0,census_only,Unknown,
Chlamydomonas_asymmetrica.Chloroplast,7,21,0.0,0.0,0,0,0,0.0,0.0,0.0,inf,0.0,0,0,0,0,census_only,Unknown,
Yersiniaceae.U.genus,7,15,0.0,0.0,0,0,0,0.0,0.0,0.0,inf,0.0,0,0,0,0,census_only,Unknown,
Ruminofilibacter,7,64,0.0,0.01,0,0,0,0.0,0.0,0.0,inf,0.0,0,0,0,0,census_only,Unknown,
Aestuariimonas,7,21,0.0,0.0,0,0,0,0.0,0.0,0.0,inf,0.0,0,0,0,0,census_only,Unknown,
Oligoflexales.U.genus,7,26,0.0,0.0,0,0,0,0.0,0.0,0.0,inf,0.0,0,0,0,0,census_only,Unknown,
Gelidium_vagum.Mitochondria,7,28,0.0,0.0,0,0,0,0.0,0.0,0.0,inf,0.0,0,0,0,0,census_only,Unknown,
Luteivirga,8,12,0.0,0.0,0,0,0,0.0,0.0,0.0,inf,0.0,0,0,0,0,census_only,Unknown,
Procabacter,8,24,0.0,0.0,0,0,0,0.0,0.0,0.0,inf,0.0,0,0,0,0,census_only,Unknown,
unidentified_proteobacterium.Mitochondria,7,20,0.0,0.0,0,0,0,0.0,0.0,0.0,inf,0.0,0,0,0,0,census_only,Unknown,
Endothiovibrio,7,11,0.0,0.0,0,0,0,0.0,0.0,0.0,inf,0.0,0,0,0,0,census_only,Unknown,
Opitutae.U.genus,7,11,0.0,0.0,0,0,0,0.0,0.0,0.0,inf,0.0,0,0,0,0,census_only,Unknown,
Betaproteobacteria.U.genus,7,179,0.0,0.01,0,0,0,0.0,0.0,0.0,inf,0.0,0,0,0,0,census_only,Unknown,
Desulfofaba,7,21,0.0,0.0,0,0,0,0.0,0.0,0.0,inf,0.0,0,0,0,0,census_only,Unknown,
Picea_glauca_(white_spruce).Chloroplast,7,33,0.0,0.0,0,0,0,0.0,0.0,0.0,inf,0.0,0,0,0,0,census_only,Unknown,
Rhodogorgon_sp.Mitochondria,7,28,0.0,0.0,0,0,0,0.0,0.0,0.0,inf,0.0,0,0,0,0,census_only,Unknown,
Micropepsis,7,15,0.0,0.0,0,0,0,0.0,0.0,0.0,inf,0.0,0,0,0,0,census_only,Unknown,
Calliarthron_tuberculosum.Mitochondria,7,19,0.0,0.0,0,0,0,0.0,0.0,0.0,inf,0.0,0,0,0,0,census_only,Unknown,
Lepocinclis_fusca:plas.Chloroplast,7,88,0.0,0.01,0,0,0,0.0,0.0,0.0,inf,0.0,0,0,0,0,census_only,Unknown,
Desulfurellales.U.genus,7,10,0.0,0.0,0,0,0,0.0,0.0,0.0,inf,0.0,0,0,0,0,census_only,Unknown,
Histiona_aroides.Mitochondria,7,20,0.0,0.0,0,0,0,0.0,0.0,0.0,inf,0.0,0,0,0,0,census_only,Unknown,
Gelidium_elegans.Mitochondria,7,19,0.0,0.0,0,0,0,0.0,0.0,0.0,inf,0.0,0,0,0,0,census_only,Unknown,
Acutodesmus_obliquus:plas.Chloroplast,7,46,0.0,0.0,0,0,0,0.0,0.0,0.0,inf,0.0,0,0,0,0,census_only,Unknown,
Agave_tequilana.Mitochondria,8,25,0.0,0.0,0,0,0,0.0,0.0,0.0,inf,0.0,0,0,0,0,census_only,Unknown,
Monoraphidium_neglectum.Chloroplast,8,31,0.0,0.0,0,0,0,0.0,0.0,0.0,inf,0.0,0,0,0,0,census_only,Unknown,
Asparagus_officinalis_(garden_asparagus).Chloroplast,7,25,0.0,0.0,0,0,0,0.0,0.0,0.0,inf,0.0,0,0,0,0,census_only,Unknown,
Dunaliella_salina:plas.Chloroplast,7,16,0.0,0.0,0,0,0,0.0,0.0,0.0,inf,0.0,0,0,0,0,census_only,Unknown,
Desmochloris_halophila:plas.Chloroplast,7,17,0.0,0.0,0,0,0,0.0,0.0,0.0,inf,0.0,0,0,0,0,census_only,Unknown,
Porites_astreoides.Mitochondria,8,17,0.0,0.0,0,0,0,0.0,0.0,0.0,inf,0.0,0,0,0,0,census_only,Unknown,
Porites_astreoides.Chloroplast,8,31,0.0,0.0,0,0,0,0.0,0.0,0.0,inf,0.0,0,0,0,0,census_only,Unknown,
Fusarium_commune.Mitochondria,8,27,0.0,0.0,0,0,0,0.0,0.0,0.0,inf,0.0,0,0,0,0,census_only,Unknown,
Talaromyces_diversus.Mitochondria,8,44,0.0,0.0,0,0,0,0.0,0.0,0.0,inf,0.0,0,0,0,0,census_only,Unknown,
Plasmodium2_chabaudi:apic.Apicoplast,8,28,0.0,0.0,0,0,0,0.0,0.0,0.0,inf,0.0,0,0,0,0,census_only,Unknown,
Mangroviflexus,8,13,0.0,0.0,0,0,0,0.0,0.0,0.0,inf,0.0,0,0,0,0,census_only,Unknown,
Euglena_sp.:plas.Chloroplast,8,30,0.0,0.0,0,0,0,0.0,0.0,0.0,inf,0.0,0,0,0,0,census_only,Unknown,
Vaucheria_litorea:plas.Chloroplast,8,52,0.0,0.0,0,0,0,0.0,0.0,0.0,inf,0.0,0,0,0,0,census_only,Unknown,
Cryptomonas_curvata:plas.Chloroplast,8,24,0.0,0.0,0,0,0,0.0,0.0,0.0,inf,0.0,0,0,0,0,census_only,Unknown,
Sporacetigenium,8,27,0.0,0.0,0,0,0,0.0,0.0,0.0,inf,0.0,0,0,0,0,census_only,Unknown,
Penicillium_capsulatum.Mitochondria,8,52,0.0,0.0,0,0,0,0.0,0.0,0.0,inf,0.0,0,0,0,0,census_only,Unknown,
Heliimonas,9,47,0.0,0.0,0,0,0,0.0,0.0,0.0,inf,0.0,0,0,0,0,census_only,Unknown,
Turbinaria_ornata.Mitochondria,9,30,0.0,0.0,0,0,0,0.0,0.0,0.0,inf,0.0,0,0,0,0,census_only,Unknown,
Kangiellaceae.U.genus,8,42,0.0,0.0,0,0,0,0.0,0.0,0.0,inf,0.0,0,0,0,0,census_only,Unknown,
Profundimonas,8,49,0.0,0.0,0,0,0,0.0,0.0,0.0,inf,0.0,0,0,0,0,census_only,Unknown,
Thioprofundum,8,24,0.0,0.0,0,0,0,0.0,0.0,0.0,inf,0.0,0,0,0,0,census_only,Unknown,
Glycomycetaceae.U.genus,8,11,0.0,0.0,0,0,0,0.0,0.0,0.0,inf,0.0,0,0,0,0,census_only,Unknown,
Mesostigma_viride.Mitochondria,8,11,0.0,0.0,0,0,0,0.0,0.0,0.0,inf,0.0,0,0,0,0,census_only,Unknown,
Thermomonosporaceae.U.genus,8,9,0.0,0.0,0,0,0,0.0,0.0,0.0,inf,0.0,0,0,0,0,census_only,Unknown,
Candidatus Omnitrophica.U.genus,8,41,0.0,0.0,0,0,0,0.0,0.0,0.0,inf,0.0,0,0,0,0,census_only,Unknown,
Candidatus Desantisbacteria.U.genus,8,41,0.0,0.0,0,0,0,0.0,0.0,0.0,inf,0.0,0,0,0,0,census_only,Unknown,
Helicosporidium_sp._ex_Simulium_jonesi.Mitochondria,8,29,0.0,0.0,0,0,0,0.0,0.0,0.0,inf,0.0,0,0,0,0,census_only,Unknown,
Lithothamnion_sp.Mitochondria,8,30,0.0,0.0,0,0,0,0.0,0.0,0.0,inf,0.0,0,0,0,0,census_only,Unknown,
Candidatus Fervidibacteria.U.genus,8,167,0.0,0.01,0,0,0,0.0,0.0,0.0,inf,0.0,0,0,0,0,census_only,Unknown,
Atribacteria.U.genus,8,110,0.0,0.01,0,0,0,0.0,0.0,0.0,inf,0.0,0,0,0,0,census_only,Unknown,
Nanopusillaceae.U.genus,8,150,0.0,0.01,0,0,0,0.0,0.0,0.0,inf,0.0,0,0,0,0,census_only,Unknown,
Ignavibacteria.U.genus,8,20,0.0,0.0,0,0,0,0.0,0.0,0.0,inf,0.0,0,0,0,0,census_only,Unknown,
Chaetosphaeridium_globosum.Mitochondria,9,97,0.0,0.01,0,0,0,0.0,0.0,0.0,inf,0.0,0,0,0,0,census_only,Unknown,
Thiofractor,9,23,0.0,0.0,0,0,0,0.0,0.0,0.0,inf,0.0,0,0,0,0,census_only,Unknown,
Parvularculaceae.U.genus,8,17,0.0,0.0,0,0,0,0.0,0.0,0.0,inf,0.0,0,0,0,0,census_only,Unknown,
Dunaliella_sp.:plas.Chloroplast,8,20,0.0,0.0,0,0,0,0.0,0.0,0.0,inf,0.0,0,0,0,0,census_only,Unknown,
Petromyces_albertensis:mito.Mitochondria,9,11,0.0,0.0,0,0,0,0.0,0.0,0.0,inf,0.0,0,0,0,0,census_only,Unknown,
Penicillium_roqueforti.Mitochondria,9,46,0.0,0.0,0,0,0,0.0,0.0,0.0,inf,0.0,0,0,0,0,census_only,Unknown,
Penicillium_expansum_YT02.Mitochondria,9,18,0.0,0.0,0,0,0,0.0,0.0,0.0,inf,0.0,0,0,0,0,census_only,Unknown,
Taonella,9,29,0.0,0.0,0,0,0,0.0,0.0,0.0,inf,0.0,0,0,0,0,census_only,Unknown,
Haererehalobacter,9,31,0.0,0.0,0,0,0,0.0,0.0,0.0,inf,0.0,0,0,0,0,census_only,Unknown,
Dolichomastix_tenuilepis:plas.Chloroplast,9,23,0.0,0.0,0,0,0,0.0,0.0,0.0,inf,0.0,0,0,0,0,census_only,Unknown,
Sneathiellaceae.U.genus,9,37,0.0,0.0,0,0,0,0.0,0.0,0.0,inf,0.0,0,0,0,0,census_only,Unknown,
Stappiaceae.U.genus,9,69,0.0,0.01,0,0,0,0.0,0.0,0.0,inf,0.0,0,0,0,0,census_only,Unknown,
Dehalobium,9,22,0.0,0.0,0,0,0,0.0,0.0,0.0,inf,0.0,0,0,0,0,census_only,Unknown,
Algitalea,9,14,0.0,0.0,0,0,0,0.0,0.0,0.0,inf,0.0,0,0,0,0,census_only,Unknown,
Citreitalea,9,59,0.0,0.0,0,0,0,0.0,0.0,0.0,inf,0.0,0,0,0,0,census_only,Unknown,
Aurantivirga,9,200,0.0,0.02,0,0,0,0.0,0.0,0.0,inf,0.0,0,0,0,0,census_only,Unknown,
Corynebacteriaceae.U.genus,10,28,0.0,0.0,0,0,0,0.0,0.0,0.0,inf,0.0,0,0,0,0,census_only,Unknown,
Pseudonocardiaceae.U.genus,10,49,0.0,0.0,0,0,0,0.0,0.0,0.0,inf,0.0,0,0,0,0,census_only,Unknown,
Synura_uvella.Chloroplast,9,77,0.0,0.01,0,0,0,0.0,0.0,0.0,inf,0.0,0,0,0,0,census_only,Unknown,
Bangia_fuscopurpurea.Mitochondria,9,22,0.0,0.0,0,0,0,0.0,0.0,0.0,inf,0.0,0,0,0,0,census_only,Unknown,
Streptomycetaceae.U.genus,9,69,0.0,0.01,0,0,0,0.0,0.0,0.0,inf,0.0,0,0,0,0,census_only,Unknown,
Vicinamibacter,9,29,0.0,0.0,0,0,0,0.0,0.0,0.0,inf,0.0,0,0,0,0,census_only,Unknown,
museum_specimen_metagenome.Mitochondria,9,10,0.0,0.0,0,0,0,0.0,0.0,0.0,inf,0.0,0,0,0,0,census_only,Unknown,
Puniceicoccales.U.genus,9,22,0.0,0.0,0,0,0,0.0,0.0,0.0,inf,0.0,0,0,0,0,census_only,Unknown,
Schizymenia_dubyi.Mitochondria,9,26,0.0,0.0,0,0,0,0.0,0.0,0.0,inf,0.0,0,0,0,0,census_only,Unknown,
Aerococcaceae.U.genus,9,13,0.0,0.0,0,0,0,0.0,0.0,0.0,inf,0.0,0,0,0,0,census_only,Unknown,
Thermolithobacter,9,19,0.0,0.0,0,0,0,0.0,0.0,0.0,inf,0.0,0,0,0,0,census_only,Unknown,
Desulfonatronobacter,9,22,0.0,0.0,0,0,0,0.0,0.0,0.0,inf,0.0,0,0,0,0,census_only,Unknown,
Candidatus Desulfofervidaceae.U.genus,9,55,0.0,0.0,0,0,0,0.0,0.0,0.0,inf,0.0,0,0,0,0,census_only,Unknown,
Opitutales.U.genus,9,19,0.0,0.0,0,0,0,0.0,0.0,0.0,inf,0.0,0,0,0,0,census_only,Unknown,
Oocystis_solitaria:plas.Chloroplast,9,18,0.0,0.0,0,0,0,0.0,0.0,0.0,inf,0.0,0,0,0,0,census_only,Unknown,
Pseudoclostridium,9,37,0.0,0.0,0,0,0,0.0,0.0,0.0,inf,0.0,0,0,0,0,census_only,Unknown,
Renouxia_sp.Mitochondria,11,18,0.0,0.0,0,0,0,0.0,0.0,0.0,inf,0.0,0,0,0,0,census_only,Unknown,
Kineosporiaceae.U.genus,11,59,0.0,0.0,0,0,0,0.0,0.0,0.0,inf,0.0,0,0,0,0,census_only,Unknown,
Mazzaella_japonica.Mitochondria,9,55,0.0,0.0,0,0,0,0.0,0.0,0.0,inf,0.0,0,0,0,0,census_only,Unknown,
Desulfurococcaceae.U.genus,9,42,0.0,0.0,0,0,0,0.0,0.0,0.0,inf,0.0,0,0,0,0,census_only,Unknown,
Lepocinclis_spirogyroides:plas.Chloroplast,9,19,0.0,0.0,0,0,0,0.0,0.0,0.0,inf,0.0,0,0,0,0,census_only,Unknown,
Spermatozopsis_exsultans:plas.Chloroplast,9,79,0.0,0.01,0,0,0,0.0,0.0,0.0,inf,0.0,0,0,0,0,census_only,Unknown,
Monomorphina_pyrum:plas.Chloroplast,9,23,0.0,0.0,0,0,0,0.0,0.0,0.0,inf,0.0,0,0,0,0,census_only,Unknown,
Metarhizium_anisopliae.Mitochondria,9,49,0.0,0.0,0,0,0,0.0,0.0,0.0,inf,0.0,0,0,0,0,census_only,Unknown,
Trachelomonas_volvocinopsis:plas.Chloroplast,10,36,0.0,0.0,0,0,0,0.0,0.0,0.0,inf,0.0,0,0,0,0,census_only,Unknown,
Gelidium_sinicola.Mitochondria,10,29,0.0,0.0,0,0,0,0.0,0.0,0.0,inf,0.0,0,0,0,0,census_only,Unknown,
Halobacteriales.U.genus,10,121,0.0,0.01,0,0,0,0.0,0.0,0.0,inf,0.0,0,0,0,0,census_only,Unknown,
Gracilariopsis_lemaneiformis.Mitochondria,10,35,0.0,0.0,0,0,0,0.0,0.0,0.0,inf,0.0,0,0,0,0,census_only,Unknown,
Bacillales.U.genus,10,12,0.0,0.0,0,0,0,0.0,0.0,0.0,inf,0.0,0,0,0,0,census_only,Unknown,
Trichoderma_gamsii.Mitochondria,10,25,0.0,0.0,0,0,0,0.0,0.0,0.0,inf,0.0,0,0,0,0,census_only,Unknown,
Micrococcales.U.genus,10,23,0.0,0.0,0,0,0,0.0,0.0,0.0,inf,0.0,0,0,0,0,census_only,Unknown,
Alkanibacter,10,25,0.0,0.0,0,0,0,0.0,0.0,0.0,inf,0.0,0,0,0,0,census_only,Unknown,
Dunaliella_tertiolecta:plas.Chloroplast,11,82,0.0,0.01,0,0,0,0.0,0.0,0.0,inf,0.0,0,0,0,0,census_only,Unknown,
Leptogium_hirsutum.Mitochondria,12,50,0.0,0.0,0,0,0,0.0,0.0,0.0,inf,0.0,0,0,0,0,census_only,Unknown,
Colletotrichum_salicis.Mitochondria,10,47,0.0,0.0,0,0,0,0.0,0.0,0.0,inf,0.0,0,0,0,0,census_only,Unknown,
Desulfocella,10,31,0.0,0.0,0,0,0,0.0,0.0,0.0,inf,0.0,0,0,0,0,census_only,Unknown,
Peltigera_dolichorrhiza.Mitochondria,10,19,0.0,0.0,0,0,0,0.0,0.0,0.0,inf,0.0,0,0,0,0,census_only,Unknown,
Hildenbrandia_rubra.Chloroplast,10,25,0.0,0.0,0,0,0,0.0,0.0,0.0,inf,0.0,0,0,0,0,census_only,Unknown,
Picea_glauca_(white_spruce).Mitochondria,10,67,0.0,0.01,0,0,0,0.0,0.0,0.0,inf,0.0,0,0,0,0,census_only,Unknown,
Trebouxia_aggregata:plas.Chloroplast,10,34,0.0,0.0,0,0,0,0.0,0.0,0.0,inf,0.0,0,0,0,0,census_only,Unknown,
Ulva_sp._UNA00071828.Chloroplast,10,16,0.0,0.0,0,0,0,0.0,0.0,0.0,inf,0.0,0,0,0,0,census_only,Unknown,
Hirsutella_minnesotensis.Mitochondria,11,47,0.0,0.0,0,0,0,0.0,0.0,0.0,inf,0.0,0,0,0,0,census_only,Unknown,
Penicillium_brasilianum.Mitochondria,11,32,0.0,0.0,0,0,0,0.0,0.0,0.0,inf,0.0,0,0,0,0,census_only,Unknown,
Rubribacterium,11,26,0.0,0.0,0,0,0,0.0,0.0,0.0,inf,0.0,0,0,0,0,census_only,Unknown,
Chloronema,11,20,0.0,0.0,0,0,0,0.0,0.0,0.0,inf,0.0,0,0,0,0,census_only,Unknown,
Geminobacterium,11,22,0.0,0.0,0,0,0,0.0,0.0,0.0,inf,0.0,0,0,0,0,census_only,Unknown,
Chrysochromulinaceae_X_sp.:plas.Chloroplast,11,37,0.0,0.0,0,0,0,0.0,0.0,0.0,inf,0.0,0,0,0,0,census_only,Unknown,
Ponticoccus,11,29,0.0,0.0,0,0,0,0.0,0.0,0.0,inf,0.0,0,0,0,0,census_only,Unknown,
uncultured_Phacus.Chloroplast,12,37,0.0,0.0,0,0,0,0.0,0.0,0.0,inf,0.0,0,0,0,0,census_only,Unknown,
Natranaerobiaceae.U.genus,12,25,0.0,0.0,0,0,0,0.0,0.0,0.0,inf,0.0,0,0,0,0,census_only,Unknown,
Candidatus Cardinium,11,52,0.0,0.0,0,0,0,0.0,0.0,0.0,inf,0.0,0,0,0,0,census_only,Unknown,
Chlorella_sp.:plas.Chloroplast,11,82,0.0,0.01,0,0,0,0.0,0.0,0.0,inf,0.0,0,0,0,0,census_only,Unknown,
Lactivibrio,11,29,0.0,0.0,0,0,0,0.0,0.0,0.0,inf,0.0,0,0,0,0,census_only,Unknown,
Catenococcus,11,15,0.0,0.0,0,0,0,0.0,0.0,0.0,inf,0.0,0,0,0,0,census_only,Unknown,
Phytophthora_phaseoli.Mitochondria,11,54,0.0,0.0,0,0,0,0.0,0.0,0.0,inf,0.0,0,0,0,0,census_only,Unknown,
Candidatus Firestonebacteria.U.genus,11,40,0.0,0.0,0,0,0,0.0,0.0,0.0,inf,0.0,0,0,0,0,census_only,Unknown,
Desulfatiferula,11,26,0.0,0.0,0,0,0,0.0,0.0,0.0,inf,0.0,0,0,0,0,census_only,Unknown,
Desulfofrigus,11,27,0.0,0.0,0,0,0,0.0,0.0,0.0,inf,0.0,0,0,0,0,census_only,Unknown,
Hydropuntia_rangiferina.Mitochondria,11,86,0.0,0.01,0,0,0,0.0,0.0,0.0,inf,0.0,0,0,0,0,census_only,Unknown,
Reclinomonas_americana_ATCC_50283.Mitochondria,11,146,0.0,0.01,0,0,0,0.0,0.0,0.0,inf,0.0,0,0,0,0,census_only,Unknown,
Anaerosinus,11,37,0.0,0.0,0,0,0,0.0,0.0,0.0,inf,0.0,0,0,0,0,census_only,Unknown,
Methanocellales.U.genus,11,39,0.0,0.0,0,0,0,0.0,0.0,0.0,inf,0.0,0,0,0,0,census_only,Unknown,
Arachis_hypogaea_(peanut).Chloroplast,11,130,0.0,0.01,0,0,0,0.0,0.0,0.0,inf,0.0,0,0,0,0,census_only,Unknown,
Chlamydomonas_applanata.Chloroplast,11,33,0.0,0.0,0,0,0,0.0,0.0,0.0,inf,0.0,0,0,0,0,census_only,Unknown,
Pleomorphomonadaceae.U.genus,13,49,0.0,0.0,0,0,0,0.0,0.0,0.0,inf,0.0,0,0,0,0,census_only,Unknown,
Plasmopara_viticola.Mitochondria,13,59,0.0,0.0,0,0,0,0.0,0.0,0.0,inf,0.0,0,0,0,0,census_only,Unknown,
Sphagnum_rubellum:plas.Chloroplast,12,47,0.0,0.0,0,0,0,0.0,0.0,0.0,inf,0.0,0,0,0,0,census_only,Unknown,
Cladonia_rangiferina.Mitochondria,12,19,0.0,0.0,0,0,0,0.0,0.0,0.0,inf,0.0,0,0,0,0,census_only,Unknown,
Auxenochlorella_protothecoides.Mitochondria,12,31,0.0,0.0,0,0,0,0.0,0.0,0.0,inf,0.0,0,0,0,0,census_only,Unknown,
Psychroglaciecola,12,64,0.0,0.01,0,0,0,0.0,0.0,0.0,inf,0.0,0,0,0,0,census_only,Unknown,
Polar-centric-Mediophyceae_X_sp.:plas.Chloroplast,12,50,0.0,0.0,0,0,0,0.0,0.0,0.0,inf,0.0,0,0,0,0,census_only,Unknown,
Schizothrix,12,19,0.0,0.0,0,0,0,0.0,0.0,0.0,inf,0.0,0,0,0,0,census_only,Unknown,
Methanonatronarchaeaceae.U.genus,12,24,0.0,0.0,0,0,0,0.0,0.0,0.0,inf,0.0,0,0,0,0,census_only,Unknown,
Asgard group.U.genus,12,19,0.0,0.0,0,0,0,0.0,0.0,0.0,inf,0.0,0,0,0,0,census_only,Unknown,
Crustomastix_stigmatica:plas.Chloroplast,12,19,0.0,0.0,0,0,0,0.0,0.0,0.0,inf,0.0,0,0,0,0,census_only,Unknown,
Prototheca_blaschkeae:plas.Chloroplast,12,30,0.0,0.0,0,0,0,0.0,0.0,0.0,inf,0.0,0,0,0,0,census_only,Unknown,
Aspergillus_westerdijkiae.Mitochondria,12,114,0.0,0.01,0,0,0,0.0,0.0,0.0,inf,0.0,0,0,0,0,census_only,Unknown,
Eubacteriaceae.U.genus,12,44,0.0,0.0,0,0,0,0.0,0.0,0.0,inf,0.0,0,0,0,0,census_only,Unknown,
Parviterribacter,12,73,0.0,0.01,0,0,0,0.0,0.0,0.0,inf,0.0,0,0,0,0,census_only,Unknown,
Porphyromonadaceae.U.genus,12,29,0.0,0.0,0,0,0,0.0,0.0,0.0,inf,0.0,0,0,0,0,census_only,Unknown,
Streptosporangiaceae.U.genus,14,24,0.01,0.0,0,0,0,0.0,0.0,0.0,inf,0.0,0,0,0,0,census_only,Unknown,
Pseudoalteromonadaceae.U.genus,14,37,0.01,0.0,0,0,0,0.0,0.0,0.0,inf,0.0,0,0,0,0,census_only,Unknown,
Candidatus Edwardsbacteria.U.genus,12,119,0.0,0.01,0,0,0,0.0,0.0,0.0,inf,0.0,0,0,0,0,census_only,Unknown,
Gracilaria_spinulosa.Mitochondria,12,33,0.0,0.0,0,0,0,0.0,0.0,0.0,inf,0.0,0,0,0,0,census_only,Unknown,
Brassicibacter,12,19,0.0,0.0,0,0,0,0.0,0.0,0.0,inf,0.0,0,0,0,0,census_only,Unknown,
Candidatus Midichloriaceae.U.genus,12,71,0.0,0.01,0,0,0,0.0,0.0,0.0,inf,0.0,0,0,0,0,census_only,Unknown,
Hypomyces_aurantius.Mitochondria,12,63,0.0,0.01,0,0,0,0.0,0.0,0.0,inf,0.0,0,0,0,0,census_only,Unknown,
Annamia,12,25,0.0,0.0,0,0,0,0.0,0.0,0.0,inf,0.0,0,0,0,0,census_only,Unknown,
Sarocladium_implicatum.Mitochondria,13,45,0.0,0.0,0,0,0,0.0,0.0,0.0,inf,0.0,0,0,0,0,census_only,Unknown,
Coccomyxaceae_X_sp.:plas.Chloroplast,13,103,0.0,0.01,0,0,0,0.0,0.0,0.0,inf,0.0,0,0,0,0,census_only,Unknown,
Anaerocella,13,60,0.0,0.01,0,0,0,0.0,0.0,0.0,inf,0.0,0,0,0,0,census_only,Unknown,
Lactobacillaceae.U.genus,13,15,0.0,0.0,0,0,0,0.0,0.0,0.0,inf,0.0,0,0,0,0,census_only,Unknown,
Phytophthora_taxon_totara.Mitochondria,13,62,0.0,0.01,0,0,0,0.0,0.0,0.0,inf,0.0,0,0,0,0,census_only,Unknown,
Phacus_brachykentron:plas.Chloroplast,13,59,0.0,0.0,0,0,0,0.0,0.0,0.0,inf,0.0,0,0,0,0,census_only,Unknown,
Pyramimonas_parkeae.Mitochondria,13,35,0.0,0.0,0,0,0,0.0,0.0,0.0,inf,0.0,0,0,0,0,census_only,Unknown,
Grateloupia_turuturu.Mitochondria,13,36,0.0,0.0,0,0,0,0.0,0.0,0.0,inf,0.0,0,0,0,0,census_only,Unknown,
Parengyodontium_album.Mitochondria,15,100,0.01,0.01,0,0,0,0.0,0.0,0.0,inf,0.0,0,0,0,0,census_only,Unknown,
Plasmodium2_yoelii:apic.Apicoplast,15,47,0.01,0.0,0,0,0,0.0,0.0,0.0,inf,0.0,0,0,0,0,census_only,Unknown,
Fucus_vesiculosus.Mitochondria,13,22,0.0,0.0,0,0,0,0.0,0.0,0.0,inf,0.0,0,0,0,0,census_only,Unknown,
Trachelomonas_abrupta:plas.Chloroplast,13,24,0.0,0.0,0,0,0,0.0,0.0,0.0,inf,0.0,0,0,0,0,census_only,Unknown,
Wilmottia,13,49,0.0,0.0,0,0,0,0.0,0.0,0.0,inf,0.0,0,0,0,0,census_only,Unknown,
Thermoplasmatales.U.genus,13,56,0.0,0.0,0,0,0,0.0,0.0,0.0,inf,0.0,0,0,0,0,census_only,Unknown,
Gracilaria_tenuistipitata.Mitochondria,13,33,0.0,0.0,0,0,0,0.0,0.0,0.0,inf,0.0,0,0,0,0,census_only,Unknown,
Chlamydomonas_reinhardtii:plas.Chloroplast,13,27,0.0,0.0,0,0,0,0.0,0.0,0.0,inf,0.0,0,0,0,0,census_only,Unknown,
Picochlorum_sp._SENEW3.Mitochondria,13,54,0.0,0.0,0,0,0,0.0,0.0,0.0,inf,0.0,0,0,0,0,census_only,Unknown,
Euryarchaeota.U.genus,14,52,0.01,0.0,0,0,0,0.0,0.0,0.0,inf,0.0,0,0,0,0,census_only,Unknown,
Ferroplasmaceae.U.genus,14,29,0.01,0.0,0,0,0,0.0,0.0,0.0,inf,0.0,0,0,0,0,census_only,Unknown,
Cenarchaeum,14,78,0.01,0.01,0,0,0,0.0,0.0,0.0,inf,0.0,0,0,0,0,census_only,Unknown,
Entransia_fimbriata:plas.Chloroplast,14,39,0.01,0.0,0,0,0,0.0,0.0,0.0,inf,0.0,0,0,0,0,census_only,Unknown,
Raphid-pennate_X_sp.:plas.Chloroplast,14,255,0.01,0.02,0,0,0,0.0,0.0,0.0,inf,0.0,0,0,0,0,census_only,Unknown,
Aciduliprofundum,14,65,0.01,0.01,0,0,0,0.0,0.0,0.0,inf,0.0,0,0,0,0,census_only,Unknown,
Chujaibacter,14,31,0.01,0.0,0,0,0,0.0,0.0,0.0,inf,0.0,0,0,0,0,census_only,Unknown,
Aspergillus_terricola:mito.Mitochondria,15,91,0.01,0.01,0,0,0,0.0,0.0,0.0,inf,0.0,0,0,0,0,census_only,Unknown,
Gracilariophila_oryzoides.Mitochondria,15,66,0.01,0.01,0,0,0,0.0,0.0,0.0,inf,0.0,0,0,0,0,census_only,Unknown,
Desulfarculaceae.U.genus,14,30,0.01,0.0,0,0,0,0.0,0.0,0.0,inf,0.0,0,0,0,0,census_only,Unknown,
MD2896-B216.U.genus,14,32,0.01,0.0,0,0,0,0.0,0.0,0.0,inf,0.0,0,0,0,0,census_only,Unknown,
Planctomycetaceae.U.genus,14,32,0.01,0.0,0,0,0,0.0,0.0,0.0,inf,0.0,0,0,0,0,census_only,Unknown,
Andalucia_godoyi.Mitochondria,14,64,0.01,0.01,0,0,0,0.0,0.0,0.0,inf,0.0,0,0,0,0,census_only,Unknown,
Plasmodium4_falciparum:apic.Apicoplast,14,19,0.01,0.0,0,0,0,0.0,0.0,0.0,inf,0.0,0,0,0,0,census_only,Unknown,
Grateloupia_taiwanensis.Mitochondria,14,61,0.01,0.01,0,0,0,0.0,0.0,0.0,inf,0.0,0,0,0,0,census_only,Unknown,
Gracilaria_gracilis.Mitochondria,14,58,0.01,0.0,0,0,0,0.0,0.0,0.0,inf,0.0,0,0,0,0,census_only,Unknown,
Fusarium_oxysporum.Mitochondria,14,88,0.01,0.01,0,0,0,0.0,0.0,0.0,inf,0.0,0,0,0,0,census_only,Unknown,
Ricinus_communis_(castor_bean).Mitochondria,14,44,0.01,0.0,0,0,0,0.0,0.0,0.0,inf,0.0,0,0,0,0,census_only,Unknown,
Coeloseira_compressa.Mitochondria,14,77,0.01,0.01,0,0,0,0.0,0.0,0.0,inf,0.0,0,0,0,0,census_only,Unknown,
Triticum_aestivum_(bread_wheat).Mitochondria,14,32,0.01,0.0,0,0,0,0.0,0.0,0.0,inf,0.0,0,0,0,0,census_only,Unknown,
Pyrodictiaceae.U.genus,14,31,0.01,0.0,0,0,0,0.0,0.0,0.0,inf,0.0,0,0,0,0,census_only,Unknown,
Sulfophobococcus,14,56,0.01,0.0,0,0,0,0.0,0.0,0.0,inf,0.0,0,0,0,0,census_only,Unknown,
Nannizzia_nana.Mitochondria,15,52,0.01,0.0,0,0,0,0.0,0.0,0.0,inf,0.0,0,0,0,0,census_only,Unknown,
Plasmodium6_gallinaceum:apic.Apicoplast,17,34,0.01,0.0,0,0,0,0.0,0.0,0.0,inf,0.0,0,0,0,0,census_only,Unknown,
Salinirepens,17,42,0.01,0.0,0,0,0,0.0,0.0,0.0,inf,0.0,0,0,0,0,census_only,Unknown,
Methylorosula,15,85,0.01,0.01,0,0,0,0.0,0.0,0.0,inf,0.0,0,0,0,0,census_only,Unknown,
Neotessella_volvocina.Chloroplast,15,68,0.01,0.01,0,0,0,0.0,0.0,0.0,inf,0.0,0,0,0,0,census_only,Unknown,
Atopobiaceae.U.genus,15,31,0.01,0.0,0,0,0,0.0,0.0,0.0,inf,0.0,0,0,0,0,census_only,Unknown,
Salinivirga,15,77,0.01,0.01,0,0,0,0.0,0.0,0.0,inf,0.0,0,0,0,0,census_only,Unknown,
Thermomarinilinea,15,85,0.01,0.01,0,0,0,0.0,0.0,0.0,inf,0.0,0,0,0,0,census_only,Unknown,
Intrasporangiaceae.U.genus,15,112,0.01,0.01,0,0,0,0.0,0.0,0.0,inf,0.0,0,0,0,0,census_only,Unknown,
Micrococcaceae.U.genus,15,21,0.01,0.0,0,0,0,0.0,0.0,0.0,inf,0.0,0,0,0,0,census_only,Unknown,
Desulfohalotomaculum,15,40,0.01,0.0,0,0,0,0.0,0.0,0.0,inf,0.0,0,0,0,0,census_only,Unknown,
Dechlorobacter,15,32,0.01,0.0,0,0,0,0.0,0.0,0.0,inf,0.0,0,0,0,0,census_only,Unknown,
Xanthomonadales.U.genus,15,80,0.01,0.01,0,0,0,0.0,0.0,0.0,inf,0.0,0,0,0,0,census_only,Unknown,
Xenococcaceae.U.genus,15,33,0.01,0.0,0,0,0,0.0,0.0,0.0,inf,0.0,0,0,0,0,census_only,Unknown,
Aquificaceae.U.genus,15,47,0.01,0.0,0,0,0,0.0,0.0,0.0,inf,0.0,0,0,0,0,census_only,Unknown,
Desulfolunaceae.U.genus,15,73,0.01,0.01,0,0,0,0.0,0.0,0.0,inf,0.0,0,0,0,0,census_only,Unknown,
Enterobacterales.U.genus,15,24,0.01,0.0,0,0,0,0.0,0.0,0.0,inf,0.0,0,0,0,0,census_only,Unknown,
Monomastix_sp.:plas.Chloroplast,18,62,0.01,0.01,0,0,0,0.0,0.0,0.0,inf,0.0,0,0,0,0,census_only,Unknown,
Paracoccidioides_brasiliensis.Mitochondria,18,82,0.01,0.01,0,0,0,0.0,0.0,0.0,inf,0.0,0,0,0,0,census_only,Unknown,
Pyropia_nitida.Mitochondria,15,85,0.01,0.01,0,0,0,0.0,0.0,0.0,inf,0.0,0,0,0,0,census_only,Unknown,
Micractinium_conductrix.Mitochondria,15,36,0.01,0.0,0,0,0,0.0,0.0,0.0,inf,0.0,0,0,0,0,census_only,Unknown,
Ahnfeltia_plicata.Mitochondria,15,43,0.01,0.0,0,0,0,0.0,0.0,0.0,inf,0.0,0,0,0,0,census_only,Unknown,
Ostreobium_sp1:plas.Chloroplast,15,79,0.01,0.01,0,0,0,0.0,0.0,0.0,inf,0.0,0,0,0,0,census_only,Unknown,
Colletotrichum_lindemuthianum.Mitochondria,16,56,0.01,0.0,0,0,0,0.0,0.0,0.0,inf,0.0,0,0,0,0,census_only,Unknown,
Sanguibacteraceae.U.genus,16,36,0.01,0.0,0,0,0,0.0,0.0,0.0,inf,0.0,0,0,0,0,census_only,Unknown,
Talaromyces_purpureogenus.Mitochondria,16,40,0.01,0.0,0,0,0,0.0,0.0,0.0,inf,0.0,0,0,0,0,census_only,Unknown,
Lecanora_strobilina.Mitochondria,16,44,0.01,0.0,0,0,0,0.0,0.0,0.0,inf,0.0,0,0,0,0,census_only,Unknown,
Melanthalia_intermedia.Mitochondria,16,45,0.01,0.0,0,0,0,0.0,0.0,0.0,inf,0.0,0,0,0,0,census_only,Unknown,
Choreocolax_polysiphoniae.Mitochondria,16,28,0.01,0.0,0,0,0,0.0,0.0,0.0,inf,0.0,0,0,0,0,census_only,Unknown,
Heliobacteriaceae.U.genus,16,29,0.01,0.0,0,0,0,0.0,0.0,0.0,inf,0.0,0,0,0,0,census_only,Unknown,
Sphagnum_angustifolium.Chloroplast,16,86,0.01,0.01,0,0,0,0.0,0.0,0.0,inf,0.0,0,0,0,0,census_only,Unknown,
Thermoproteaceae.U.genus,16,32,0.01,0.0,0,0,0,0.0,0.0,0.0,inf,0.0,0,0,0,0,census_only,Unknown,
Clonostachys_rosea.Mitochondria,17,62,0.01,0.01,0,0,0,0.0,0.0,0.0,inf,0.0,0,0,0,0,census_only,Unknown,
Aspergillus_nidulans_FGSC_A4.Mitochondria,19,59,0.01,0.0,0,0,0,0.0,0.0,0.0,inf,0.0,0,0,0,0,census_only,Unknown,
Flammeovirgaceae.U.genus,20,29,0.01,0.0,0,0,0,0.0,0.0,0.0,inf,0.0,0,0,0,0,census_only,Unknown,
Hoppeia,17,35,0.01,0.0,0,0,0,0.0,0.0,0.0,inf,0.0,0,0,0,0,census_only,Unknown,
Fervidicoccaceae.U.genus,17,42,0.01,0.0,0,0,0,0.0,0.0,0.0,inf,0.0,0,0,0,0,census_only,Unknown,
Rubritaleaceae.U.genus,17,51,0.01,0.0,0,0,0,0.0,0.0,0.0,inf,0.0,0,0,0,0,census_only,Unknown,
Thorea_hispida.Mitochondria,17,173,0.01,0.01,0,0,0,0.0,0.0,0.0,inf,0.0,0,0,0,0,census_only,Unknown,
Candidatus Brocadiales.U.genus,17,50,0.01,0.0,0,0,0,0.0,0.0,0.0,inf,0.0,0,0,0,0,census_only,Unknown,
Sulfolobaceae.U.genus,17,109,0.01,0.01,0,0,0,0.0,0.0,0.0,inf,0.0,0,0,0,0,census_only,Unknown,
Azospirillaceae.U.genus,17,38,0.01,0.0,0,0,0,0.0,0.0,0.0,inf,0.0,0,0,0,0,census_only,Unknown,
Hypsibius_dujardini.Mitochondria,17,29,0.01,0.0,0,0,0,0.0,0.0,0.0,inf,0.0,0,0,0,0,census_only,Unknown,
Acidimicrobiaceae.U.genus,17,79,0.01,0.01,0,0,0,0.0,0.0,0.0,inf,0.0,0,0,0,0,census_only,Unknown,
Stigeoclonium_helveticum:plas.Chloroplast,17,53,0.01,0.0,0,0,0,0.0,0.0,0.0,inf,0.0,0,0,0,0,census_only,Unknown,
Chaetoceros_sp.:plas.Chloroplast,18,33,0.01,0.0,0,0,0,0.0,0.0,0.0,inf,0.0,0,0,0,0,census_only,Unknown,
Chrysosphaera_sp.:plas.Chloroplast,18,56,0.01,0.0,0,0,0,0.0,0.0,0.0,inf,0.0,0,0,0,0,census_only,Unknown,
Dictyochophyceae_XXX_sp.:plas.Chloroplast,18,278,0.01,0.02,0,0,0,0.0,0.0,0.0,inf,0.0,0,0,0,0,census_only,Unknown,
Palpitomonas_bilix.Mitochondria,18,68,0.01,0.01,0,0,0,0.0,0.0,0.0,inf,0.0,0,0,0,0,census_only,Unknown,
uncultured_rumen_bacterium.Mitochondria,22,59,0.01,0.0,0,0,0,0.0,0.0,0.0,inf,0.0,0,0,0,0,census_only,Unknown,
Mastocarpus_papillatus.Mitochondria,22,115,0.01,0.01,0,0,0,0.0,0.0,0.0,inf,0.0,0,0,0,0,census_only,Unknown,
Carnobacteriaceae.U.genus,18,30,0.01,0.0,0,0,0,0.0,0.0,0.0,inf,0.0,0,0,0,0,census_only,Unknown,
Desulfovirga,18,52,0.01,0.0,0,0,0,0.0,0.0,0.0,inf,0.0,0,0,0,0,census_only,Unknown,
Scenedesmaceae_X_sp.:plas.Chloroplast,18,47,0.01,0.0,0,0,0,0.0,0.0,0.0,inf,0.0,0,0,0,0,census_only,Unknown,
Coleofasciculaceae.U.genus,19,53,0.01,0.0,0,0,0,0.0,0.0,0.0,inf,0.0,0,0,0,0,census_only,Unknown,
Nautiliaceae.U.genus,19,40,0.01,0.0,0,0,0,0.0,0.0,0.0,inf,0.0,0,0,0,0,census_only,Unknown,
Meniscus,19,35,0.01,0.0,0,0,0,0.0,0.0,0.0,inf,0.0,0,0,0,0,census_only,Unknown,
Actibacter,19,118,0.01,0.01,0,0,0,0.0,0.0,0.0,inf,0.0,0,0,0,0,census_only,Unknown,
Oscillospira,19,43,0.01,0.0,0,0,0,0.0,0.0,0.0,inf,0.0,0,0,0,0,census_only,Unknown,
Ochromonas_sp._CCMP1393.Chloroplast,19,73,0.01,0.01,0,0,0,0.0,0.0,0.0,inf,0.0,0,0,0,0,census_only,Unknown,
Gracilaria_textorii.Mitochondria,19,72,0.01,0.01,0,0,0,0.0,0.0,0.0,inf,0.0,0,0,0,0,census_only,Unknown,
Howardella,19,55,0.01,0.0,0,0,0,0.0,0.0,0.0,inf,0.0,0,0,0,0,census_only,Unknown,
Tetraselmis_subcordiformis.Chloroplast,19,37,0.01,0.0,0,0,0,0.0,0.0,0.0,inf,0.0,0,0,0,0,census_only,Unknown,
Chloromonas_perforata.Chloroplast,19,49,0.01,0.0,0,0,0,0.0,0.0,0.0,inf,0.0,0,0,0,0,census_only,Unknown,
Cladosiphon_okamuranus.Mitochondria,19,68,0.01,0.01,0,0,0,0.0,0.0,0.0,inf,0.0,0,0,0,0,census_only,Unknown,
Cryptanaerobacter,24,88,0.01,0.01,0,0,0,0.0,0.0,0.0,inf,0.0,0,0,0,0,census_only,Unknown,
Salinisphaerales.U.genus,24,45,0.01,0.0,0,0,0,0.0,0.0,0.0,inf,0.0,0,0,0,0,census_only,Unknown,
Mollicutes.U.genus,20,103,0.01,0.01,0,0,0,0.0,0.0,0.0,inf,0.0,0,0,0,0,census_only,Unknown,
Pelospora,20,23,0.01,0.0,0,0,0,0.0,0.0,0.0,inf,0.0,0,0,0,0,census_only,Unknown,
marine_metagenome.Chloroplast,20,145,0.01,0.01,0,0,0,0.0,0.0,0.0,inf,0.0,0,0,0,0,census_only,Unknown,
Nannochloropsis_granulata.Mitochondria,20,56,0.01,0.0,0,0,0,0.0,0.0,0.0,inf,0.0,0,0,0,0,census_only,Unknown,
Pseudogymnoascus_sp._VKM_F-3775.Mitochondria,20,65,0.01,0.01,0,0,0,0.0,0.0,0.0,inf,0.0,0,0,0,0,census_only,Unknown,
Chitinivibrionaceae.U.genus,20,67,0.01,0.01,0,0,0,0.0,0.0,0.0,inf,0.0,0,0,0,0,census_only,Unknown,
Gracilariopsis_mclachlanii.Mitochondria,21,67,0.01,0.01,0,0,0,0.0,0.0,0.0,inf,0.0,0,0,0,0,census_only,Unknown,
Deinococcaceae.U.genus,21,57,0.01,0.0,0,0,0,0.0,0.0,0.0,inf,0.0,0,0,0,0,census_only,Unknown,
Heterosigma_akashiwo:plas.Chloroplast,21,211,0.01,0.02,0,0,0,0.0,0.0,0.0,inf,0.0,0,0,0,0,census_only,Unknown,
Phacus_platalea.Chloroplast,21,143,0.01,0.01,0,0,0,0.0,0.0,0.0,inf,0.0,0,0,0,0,census_only,Unknown,
Candidatus Nitrosocaldaceae.U.genus,22,100,0.01,0.01,0,0,0,0.0,0.0,0.0,inf,0.0,0,0,0,0,census_only,Unknown,
Methanocellaceae.U.genus,22,93,0.01,0.01,0,0,0,0.0,0.0,0.0,inf,0.0,0,0,0,0,census_only,Unknown,
Sebdenia_flabellata.Mitochondria,22,97,0.01,0.01,0,0,0,0.0,0.0,0.0,inf,0.0,0,0,0,0,census_only,Unknown,
Gemmatimonadetes.U.genus,22,184,0.01,0.02,0,0,0,0.0,0.0,0.0,inf,0.0,0,0,0,0,census_only,Unknown,
Bacillariophyta_XXX_sp.:plas.Chloroplast,27,116,0.01,0.01,0,0,0,0.0,0.0,0.0,inf,0.0,0,0,0,0,census_only,Unknown,
Candidatus Methanomethylicia.U.genus,27,244,0.01,0.02,0,0,0,0.0,0.0,0.0,inf,0.0,0,0,0,0,census_only,Unknown,
Reclinomonas_americana_ATCC_50284.Mitochondria,22,50,0.01,0.0,0,0,0,0.0,0.0,0.0,inf,0.0,0,0,0,0,census_only,Unknown,
Aspergillus_tubingensis.Mitochondria,23,153,0.01,0.01,0,0,0,0.0,0.0,0.0,inf,0.0,0,0,0,0,census_only,Unknown,
Halothiobacillaceae.U.genus,23,59,0.01,0.0,0,0,0,0.0,0.0,0.0,inf,0.0,0,0,0,0,census_only,Unknown,
Rubidimonas,23,51,0.01,0.0,0,0,0,0.0,0.0,0.0,inf,0.0,0,0,0,0,census_only,Unknown,
Terrimicrobiaceae.U.genus,23,258,0.01,0.02,0,0,0,0.0,0.0,0.0,inf,0.0,0,0,0,0,census_only,Unknown,
Acidiferrobacteraceae.U.genus,23,56,0.01,0.0,0,0,0,0.0,0.0,0.0,inf,0.0,0,0,0,0,census_only,Unknown,
Tetraselmis_sp._GSL018.Mitochondria,23,69,0.01,0.01,0,0,0,0.0,0.0,0.0,inf,0.0,0,0,0,0,census_only,Unknown,
Chlorella_heliozoae.Mitochondria,23,154,0.01,0.01,0,0,0,0.0,0.0,0.0,inf,0.0,0,0,0,0,census_only,Unknown,
Thiovirga,23,107,0.01,0.01,0,0,0,0.0,0.0,0.0,inf,0.0,0,0,0,0,census_only,Unknown,
Methanosarcinaceae.U.genus,24,64,0.01,0.01,0,0,0,0.0,0.0,0.0,inf,0.0,0,0,0,0,census_only,Unknown,
Thioreductor,24,55,0.01,0.0,0,0,0,0.0,0.0,0.0,inf,0.0,0,0,0,0,census_only,Unknown,
Methyloparacoccus,24,262,0.01,0.02,0,0,0,0.0,0.0,0.0,inf,0.0,0,0,0,0,census_only,Unknown,
Polyangiaceae.U.genus,24,110,0.01,0.01,0,0,0,0.0,0.0,0.0,inf,0.0,0,0,0,0,census_only,Unknown,
Asparagopsis_taxiformis.Mitochondria,24,79,0.01,0.01,0,0,0,0.0,0.0,0.0,inf,0.0,0,0,0,0,census_only,Unknown,
Monodopsis_sp._MarTras21.Mitochondria,29,52,0.01,0.0,0,0,0,0.0,0.0,0.0,inf,0.0,0,0,0,0,census_only,Unknown,
Verticillium_nonalfalfae.Mitochondria,30,102,0.01,0.01,0,0,0,0.0,0.0,0.0,inf,0.0,0,0,0,0,census_only,Unknown,
Eutreptia_viridis:plas.Chloroplast,24,68,0.01,0.01,0,0,0,0.0,0.0,0.0,inf,0.0,0,0,0,0,census_only,Unknown,
Cytophagaceae.U.genus,25,63,0.01,0.01,0,0,0,0.0,0.0,0.0,inf,0.0,0,0,0,0,census_only,Unknown,
Lactobacillales.U.genus,25,54,0.01,0.0,0,0,0,0.0,0.0,0.0,inf,0.0,0,0,0,0,census_only,Unknown,
Pterocladia_mexicana.Mitochondria,25,93,0.01,0.01,0,0,0,0.0,0.0,0.0,inf,0.0,0,0,0,0,census_only,Unknown,
Gracilaria_changii.Mitochondria,25,60,0.01,0.01,0,0,0,0.0,0.0,0.0,inf,0.0,0,0,0,0,census_only,Unknown,
Lecanicillium_saksenae.Mitochondria,25,68,0.01,0.01,0,0,0,0.0,0.0,0.0,inf,0.0,0,0,0,0,census_only,Unknown,
Helicobacteraceae.U.genus,26,62,0.01,0.01,0,0,0,0.0,0.0,0.0,inf,0.0,0,0,0,0,census_only,Unknown,
Immundisolibacteraceae.U.genus,26,40,0.01,0.0,0,0,0,0.0,0.0,0.0,inf,0.0,0,0,0,0,census_only,Unknown,
Desulfoconvexum,26,94,0.01,0.01,0,0,0,0.0,0.0,0.0,inf,0.0,0,0,0,0,census_only,Unknown,
Alterococcus,26,49,0.01,0.0,0,0,0,0.0,0.0,0.0,inf,0.0,0,0,0,0,census_only,Unknown,
Oscillatoriales.U.genus,26,93,0.01,0.01,0,0,0,0.0,0.0,0.0,inf,0.0,0,0,0,0,census_only,Unknown,
Monomorphina_sp.:plas.Chloroplast,27,164,0.01,0.01,0,0,0,0.0,0.0,0.0,inf,0.0,0,0,0,0,census_only,Unknown,
Pseudanabaenaceae.U.genus,27,67,0.01,0.01,0,0,0,0.0,0.0,0.0,inf,0.0,0,0,0,0,census_only,Unknown,
Limnochordales.U.genus,27,47,0.01,0.0,0,0,0,0.0,0.0,0.0,inf,0.0,0,0,0,0,census_only,Unknown,
Barnesiellaceae.U.genus,32,79,0.01,0.01,0,0,0,0.0,0.0,0.0,inf,0.0,0,0,0,0,census_only,Unknown,
Phaeophyceae_XXX_sp.:plas.Chloroplast,32,84,0.01,0.01,0,0,0,0.0,0.0,0.0,inf,0.0,0,0,0,0,census_only,Unknown,
Reclinomonas_americana.Mitochondria,27,149,0.01,0.01,0,0,0,0.0,0.0,0.0,inf,0.0,0,0,0,0,census_only,Unknown,
Tolypocladium_ophioglossoides.Mitochondria,28,124,0.01,0.01,0,0,0,0.0,0.0,0.0,inf,0.0,0,0,0,0,census_only,Unknown,
Tepidisphaeraceae.U.genus,28,99,0.01,0.01,0,0,0,0.0,0.0,0.0,inf,0.0,0,0,0,0,census_only,Unknown,
Nocardioidaceae.U.genus,28,99,0.01,0.01,0,0,0,0.0,0.0,0.0,inf,0.0,0,0,0,0,census_only,Unknown,
Planococcaceae.U.genus,28,56,0.01,0.0,0,0,0,0.0,0.0,0.0,inf,0.0,0,0,0,0,census_only,Unknown,
Chondrus_crispus_(carragheen).Mitochondria,28,104,0.01,0.01,0,0,0,0.0,0.0,0.0,inf,0.0,0,0,0,0,census_only,Unknown,
Vibrionaceae.U.genus,28,34,0.01,0.0,0,0,0,0.0,0.0,0.0,inf,0.0,0,0,0,0,census_only,Unknown,
Nephroselmis_olivacea.Mitochondria,28,140,0.01,0.01,0,0,0,0.0,0.0,0.0,inf,0.0,0,0,0,0,census_only,Unknown,
Archaeoglobaceae.U.genus,28,124,0.01,0.01,0,0,0,0.0,0.0,0.0,inf,0.0,0,0,0,0,census_only,Unknown,
Crocinitomicaceae.U.genus,29,89,0.01,0.01,0,0,0,0.0,0.0,0.0,inf,0.0,0,0,0,0,census_only,Unknown,
Colwelliaceae.U.genus,29,67,0.01,0.01,0,0,0,0.0,0.0,0.0,inf,0.0,0,0,0,0,census_only,Unknown,
Myxococcales.U.genus,29,125,0.01,0.01,0,0,0,0.0,0.0,0.0,inf,0.0,0,0,0,0,census_only,Unknown,
Gracilaria_vermiculophylla.Mitochondria,29,136,0.01,0.01,0,0,0,0.0,0.0,0.0,inf,0.0,0,0,0,0,census_only,Unknown,
Grateloupia_filicina.Mitochondria,29,86,0.01,0.01,0,0,0,0.0,0.0,0.0,inf,0.0,0,0,0,0,census_only,Unknown,
Dissulfuribacteraceae.U.genus,35,147,0.01,0.01,0,0,0,0.0,0.0,0.0,inf,0.0,0,0,0,0,census_only,Unknown,
Talaromyces_piceae.Mitochondria,35,138,0.01,0.01,0,0,0,0.0,0.0,0.0,inf,0.0,0,0,0,0,census_only,Unknown,
Nostocaceae.U.genus,30,84,0.01,0.01,0,0,0,0.0,0.0,0.0,inf,0.0,0,0,0,0,census_only,Unknown,
Ercella,30,116,0.01,0.01,0,0,0,0.0,0.0,0.0,inf,0.0,0,0,0,0,census_only,Unknown,
Ferritrophicum,30,103,0.01,0.01,0,0,0,0.0,0.0,0.0,inf,0.0,0,0,0,0,census_only,Unknown,
Methanomicrobiales.U.genus,30,676,0.01,0.06,0,0,0,0.0,0.0,0.0,inf,0.0,0,0,0,0,census_only,Unknown,
Archaea.U.genus,30,87,0.01,0.01,0,0,0,0.0,0.0,0.0,inf,0.0,0,0,0,0,census_only,Unknown,
Pyropia_perforata.Mitochondria,30,157,0.01,0.01,0,0,0,0.0,0.0,0.0,inf,0.0,0,0,0,0,census_only,Unknown,
Desulfurococcales.U.genus,30,77,0.01,0.01,0,0,0,0.0,0.0,0.0,inf,0.0,0,0,0,0,census_only,Unknown,
Thermoplasmataceae.U.genus,31,74,0.01,0.01,0,0,0,0.0,0.0,0.0,inf,0.0,0,0,0,0,census_only,Unknown,
Petrotogaceae.U.genus,31,373,0.01,0.03,0,0,0,0.0,0.0,0.0,inf,0.0,0,0,0,0,census_only,Unknown,
Sclerospora_graminicola.Mitochondria,31,128,0.01,0.01,0,0,0,0.0,0.0,0.0,inf,0.0,0,0,0,0,census_only,Unknown,
Schimmelmannia_schousboei.Mitochondria,31,121,0.01,0.01,0,0,0,0.0,0.0,0.0,inf,0.0,0,0,0,0,census_only,Unknown,
Francisellaceae.U.genus,31,63,0.01,0.01,0,0,0,0.0,0.0,0.0,inf,0.0,0,0,0,0,census_only,Unknown,
Hafniaceae.U.genus,31,128,0.01,0.01,0,0,0,0.0,0.0,0.0,inf,0.0,0,0,0,0,census_only,Unknown,
Brachyspirales.U.genus,32,77,0.01,0.01,0,0,0,0.0,0.0,0.0,inf,0.0,0,0,0,0,census_only,Unknown,
Methanomicrobiaceae.U.genus,39,191,0.01,0.02,0,0,0,0.0,0.0,0.0,inf,0.0,0,0,0,0,census_only,Unknown,
Pyronema_omphalodes.Mitochondria,39,136,0.01,0.01,0,0,0,0.0,0.0,0.0,inf,0.0,0,0,0,0,census_only,Unknown,
Chrysophyceae_XXX_sp.:plas.Chloroplast,32,147,0.01,0.01,0,0,0,0.0,0.0,0.0,inf,0.0,0,0,0,0,census_only,Unknown,
Coriobacteriaceae.U.genus,33,82,0.01,0.01,0,0,0,0.0,0.0,0.0,inf,0.0,0,0,0,0,census_only,Unknown,
Grateloupia_angusta.Mitochondria,33,157,0.01,0.01,0,0,0,0.0,0.0,0.0,inf,0.0,0,0,0,0,census_only,Unknown,
Grateloupia_lanceola.Mitochondria,33,79,0.01,0.01,0,0,0,0.0,0.0,0.0,inf,0.0,0,0,0,0,census_only,Unknown,
Succinivibrionaceae.U.genus,33,98,0.01,0.01,0,0,0,0.0,0.0,0.0,inf,0.0,0,0,0,0,census_only,Unknown,
Cladophialophora_bantiana.Mitochondria,34,155,0.01,0.01,0,0,0,0.0,0.0,0.0,inf,0.0,0,0,0,0,census_only,Unknown,
Asteroleplasma,34,147,0.01,0.01,0,0,0,0.0,0.0,0.0,inf,0.0,0,0,0,0,census_only,Unknown,
Candidatus Korarchaeota.U.genus,34,184,0.01,0.02,0,0,0,0.0,0.0,0.0,inf,0.0,0,0,0,0,census_only,Unknown,
Thermoactinomycetaceae.U.genus,34,71,0.01,0.01,0,0,0,0.0,0.0,0.0,inf,0.0,0,0,0,0,census_only,Unknown,
Thermoanaerobacterales.U.genus,34,126,0.01,0.01,0,0,0,0.0,0.0,0.0,inf,0.0,0,0,0,0,census_only,Unknown,
Cairneyella_variabilis.Mitochondria,34,245,0.01,0.02,0,0,0,0.0,0.0,0.0,inf,0.0,0,0,0,0,census_only,Unknown,
Reyranellaceae.U.genus,34,142,0.01,0.01,0,0,0,0.0,0.0,0.0,inf,0.0,0,0,0,0,census_only,Unknown,
Halobacteriaceae.U.genus,35,129,0.01,0.01,0,0,0,0.0,0.0,0.0,inf,0.0,0,0,0,0,census_only,Unknown,
Saccharospirillaceae.U.genus,35,105,0.01,0.01,0,0,0,0.0,0.0,0.0,inf,0.0,0,0,0,0,census_only,Unknown,
Alcaligenaceae.U.genus,43,452,0.02,0.04,0,0,0,0.0,0.0,0.0,inf,0.0,0,0,0,0,census_only,Unknown,
Piscirickettsiaceae.U.genus,44,96,0.02,0.01,0,0,0,0.0,0.0,0.0,inf,0.0,0,0,0,0,census_only,Unknown,
Parvibaculaceae.U.genus,35,260,0.01,0.02,0,0,0,0.0,0.0,0.0,inf,0.0,0,0,0,0,census_only,Unknown,
Halobacteroidaceae.U.genus,35,51,0.01,0.0,0,0,0,0.0,0.0,0.0,inf,0.0,0,0,0,0,census_only,Unknown,
Thermoleophilia.U.genus,35,185,0.01,0.02,0,0,0,0.0,0.0,0.0,inf,0.0,0,0,0,0,census_only,Unknown,
Kordiimonadales.U.genus,35,205,0.01,0.02,0,0,0,0.0,0.0,0.0,inf,0.0,0,0,0,0,census_only,Unknown,
Hyphomicrobiaceae.U.genus,36,153,0.01,0.01,0,0,0,0.0,0.0,0.0,inf,0.0,0,0,0,0,census_only,Unknown,
Neoceratium_horridum:plas.Chloroplast,36,70,0.01,0.01,0,0,0,0.0,0.0,0.0,inf,0.0,0,0,0,0,census_only,Unknown,
Actinomycetales.U.genus,36,224,0.01,0.02,0,0,0,0.0,0.0,0.0,inf,0.0,0,0,0,0,census_only,Unknown,
Candidatus Microgenomates.U.genus,36,133,0.01,0.01,0,0,0,0.0,0.0,0.0,inf,0.0,0,0,0,0,census_only,Unknown,
Desulfuromonadaceae.U.genus,36,156,0.01,0.01,0,0,0,0.0,0.0,0.0,inf,0.0,0,0,0,0,census_only,Unknown,
Weeksellaceae.U.genus,37,82,0.01,0.01,0,0,0,0.0,0.0,0.0,inf,0.0,0,0,0,0,census_only,Unknown,
Guggenheimella,37,70,0.01,0.01,0,0,0,0.0,0.0,0.0,inf,0.0,0,0,0,0,census_only,Unknown,
Thermodesulfobacteriaceae.U.genus,37,136,0.01,0.01,0,0,0,0.0,0.0,0.0,inf,0.0,0,0,0,0,census_only,Unknown,
Lophophytum_mirabile_subsp._bolivianum.Mitochondria,38,71,0.01,0.01,0,0,0,0.0,0.0,0.0,inf,0.0,0,0,0,0,census_only,Unknown,
Fusarium_solani.Mitochondria,38,109,0.01,0.01,0,0,0,0.0,0.0,0.0,inf,0.0,0,0,0,0,census_only,Unknown,
Phaeocystis_sp.:plas.Chloroplast,50,185,0.02,0.02,0,0,0,0.0,0.0,0.0,inf,0.0,0,0,0,0,census_only,Unknown,
Silvanigrellaceae.U.genus,50,249,0.02,0.02,0,0,0,0.0,0.0,0.0,inf,0.0,0,0,0,0,census_only,Unknown,
Tannerellaceae.U.genus,40,56,0.02,0.0,0,0,0,0.0,0.0,0.0,inf,0.0,0,0,0,0,census_only,Unknown,
Deferribacteraceae.U.genus,40,91,0.02,0.01,0,0,0,0.0,0.0,0.0,inf,0.0,0,0,0,0,census_only,Unknown,
Syntrophobacteraceae.U.genus,40,151,0.02,0.01,0,0,0,0.0,0.0,0.0,inf,0.0,0,0,0,0,census_only,Unknown,
uncultured_phototrophic_eukaryote.Chloroplast,40,127,0.02,0.01,0,0,0,0.0,0.0,0.0,inf,0.0,0,0,0,0,census_only,Unknown,
Fimbriimonadales.U.genus,41,92,0.02,0.01,0,0,0,0.0,0.0,0.0,inf,0.0,0,0,0,0,census_only,Unknown,
Woeseiaceae.U.genus,41,185,0.02,0.02,0,0,0,0.0,0.0,0.0,inf,0.0,0,0,0,0,census_only,Unknown,
Actinomycetaceae.U.genus,41,117,0.02,0.01,0,0,0,0.0,0.0,0.0,inf,0.0,0,0,0,0,census_only,Unknown,
Veillonellaceae.U.genus,41,176,0.02,0.01,0,0,0,0.0,0.0,0.0,inf,0.0,0,0,0,0,census_only,Unknown,
Dinobryon_sp._LO226KS.Chloroplast,42,189,0.02,0.02,0,0,0,0.0,0.0,0.0,inf,0.0,0,0,0,0,census_only,Unknown,
Paenibacillaceae.U.genus,42,76,0.02,0.01,0,0,0,0.0,0.0,0.0,inf,0.0,0,0,0,0,census_only,Unknown,
Riquetophycus_sp._HSY-2014a.Mitochondria,42,200,0.02,0.02,0,0,0,0.0,0.0,0.0,inf,0.0,0,0,0,0,census_only,Unknown,
Kazania.U.genus,42,88,0.02,0.01,0,0,0,0.0,0.0,0.0,inf,0.0,0,0,0,0,census_only,Unknown,
Tetrasphaera,43,276,0.02,0.02,0,0,0,0.0,0.0,0.0,inf,0.0,0,0,0,0,census_only,Unknown,
Methanomassiliicoccaceae.U.genus,43,471,0.02,0.04,0,0,0,0.0,0.0,0.0,inf,0.0,0,0,0,0,census_only,Unknown,
Nitzschia_sp._NIES-3576.Mitochondria,54,305,0.02,0.03,0,0,0,0.0,0.0,0.0,inf,0.0,0,0,0,0,census_only,Unknown,
Ardenticatenaceae.U.genus,55,102,0.02,0.01,0,0,0,0.0,0.0,0.0,inf,0.0,0,0,0,0,census_only,Unknown,
Pseudogymnoascus_sp._VKM_F-3808.Mitochondria,45,183,0.02,0.02,0,0,0,0.0,0.0,0.0,inf,0.0,0,0,0,0,census_only,Unknown,
Syntrophococcus,45,88,0.02,0.01,0,0,0,0.0,0.0,0.0,inf,0.0,0,0,0,0,census_only,Unknown,
Candidatus Fermentibacteraceae.U.genus,45,327,0.02,0.03,0,0,0,0.0,0.0,0.0,inf,0.0,0,0,0,0,census_only,Unknown,
Talaromyces_marneffei.Mitochondria,45,408,0.02,0.03,0,0,0,0.0,0.0,0.0,inf,0.0,0,0,0,0,census_only,Unknown,
uncultured.U.genus,45,117,0.02,0.01,0,0,0,0.0,0.0,0.0,inf,0.0,0,0,0,0,census_only,Unknown,
Candidatus Brocadiaceae.U.genus,45,179,0.02,0.01,0,0,0,0.0,0.0,0.0,inf,0.0,0,0,0,0,census_only,Unknown,
Halomonadaceae.U.genus,46,175,0.02,0.01,0,0,0,0.0,0.0,0.0,inf,0.0,0,0,0,0,census_only,Unknown,
Pseudogymnoascus_pannorum.Mitochondria,47,161,0.02,0.01,0,0,0,0.0,0.0,0.0,inf,0.0,0,0,0,0,census_only,Unknown,
Acidaminococcaceae.U.genus,47,135,0.02,0.01,0,0,0,0.0,0.0,0.0,inf,0.0,0,0,0,0,census_only,Unknown,
Gloeochaete_wittrockiana.Mitochondria,48,201,0.02,0.02,0,0,0,0.0,0.0,0.0,inf,0.0,0,0,0,0,census_only,Unknown,
Sphagnum_palustre.Mitochondria,48,114,0.02,0.01,0,0,0,0.0,0.0,0.0,inf,0.0,0,0,0,0,census_only,Unknown,
Pasteurellaceae.U.genus,49,122,0.02,0.01,0,0,0,0.0,0.0,0.0,inf,0.0,0,0,0,0,census_only,Unknown,
Chromatiaceae.U.genus,49,175,0.02,0.01,0,0,0,0.0,0.0,0.0,inf,0.0,0,0,0,0,census_only,Unknown,
Seculamonas_ecuadoriensis.Mitochondria,49,248,0.02,0.02,0,0,0,0.0,0.0,0.0,inf,0.0,0,0,0,0,census_only,Unknown,
Acidithiobacillaceae.U.genus,59,166,0.02,0.01,0,0,0,0.0,0.0,0.0,inf,0.0,0,0,0,0,census_only,Unknown,
Solirubrobacteraceae.U.genus,59,878,0.02,0.07,0,0,0,0.0,0.0,0.0,inf,0.0,0,0,0,0,census_only,Unknown,
Gracilibacteraceae.U.genus,51,53,0.02,0.0,0,0,0,0.0,0.0,0.0,inf,0.0,0,0,0,0,census_only,Unknown,
Alteromonadaceae.U.genus,51,283,0.02,0.02,0,0,0,0.0,0.0,0.0,inf,0.0,0,0,0,0,census_only,Unknown,
Grateloupia_catenata.Mitochondria,51,201,0.02,0.02,0,0,0,0.0,0.0,0.0,inf,0.0,0,0,0,0,census_only,Unknown,
Malawimonas_californiana.Mitochondria,51,166,0.02,0.01,0,0,0,0.0,0.0,0.0,inf,0.0,0,0,0,0,census_only,Unknown,
Phlyctis_boliviensis.Mitochondria,51,178,0.02,0.01,0,0,0,0.0,0.0,0.0,inf,0.0,0,0,0,0,census_only,Unknown,
metagenome.Chloroplast,51,229,0.02,0.02,0,0,0,0.0,0.0,0.0,inf,0.0,0,0,0,0,census_only,Unknown,
Rhodanobacteraceae.U.genus,52,223,0.02,0.02,0,0,0,0.0,0.0,0.0,inf,0.0,0,0,0,0,census_only,Unknown,
Mycoplasmataceae.U.genus,52,158,0.02,0.01,0,0,0,0.0,0.0,0.0,inf,0.0,0,0,0,0,census_only,Unknown,
Stenotrophobacter,52,220,0.02,0.02,0,0,0,0.0,0.0,0.0,inf,0.0,0,0,0,0,census_only,Unknown,
Macropereiopus_parvus.Mitochondria,52,225,0.02,0.02,0,0,0,0.0,0.0,0.0,inf,0.0,0,0,0,0,census_only,Unknown,
Salinivirgaceae.U.genus,54,138,0.02,0.01,0,0,0,0.0,0.0,0.0,inf,0.0,0,0,0,0,census_only,Unknown,
Dermatophilaceae.U.genus,54,78,0.02,0.01,0,0,0,0.0,0.0,0.0,inf,0.0,0,0,0,0,census_only,Unknown,
Nannocystaceae.U.genus,54,134,0.02,0.01,0,0,0,0.0,0.0,0.0,inf,0.0,0,0,0,0,census_only,Unknown,
Deltaproteobacteria.U.genus,54,360,0.02,0.03,0,0,0,0.0,0.0,0.0,inf,0.0,0,0,0,0,census_only,Unknown,
Candidatus Schekmanbacteria.U.genus,65,144,0.02,0.01,0,0,0,0.0,0.0,0.0,inf,0.0,0,0,0,0,census_only,Unknown,
Aspergillus_terreus.Mitochondria,65,259,0.02,0.02,0,0,0,0.0,0.0,0.0,inf,0.0,0,0,0,0,census_only,Unknown,
Syntrophobacterales.U.genus,55,395,0.02,0.03,0,0,0,0.0,0.0,0.0,inf,0.0,0,0,0,0,census_only,Unknown,
Nitzschia_sp._PL3-2.Mitochondria,55,249,0.02,0.02,0,0,0,0.0,0.0,0.0,inf,0.0,0,0,0,0,census_only,Unknown,
Pythium_insidiosum.Mitochondria,55,222,0.02,0.02,0,0,0,0.0,0.0,0.0,inf,0.0,0,0,0,0,census_only,Unknown,
Leptographium_lundbergii.Mitochondria,55,302,0.02,0.03,0,0,0,0.0,0.0,0.0,inf,0.0,0,0,0,0,census_only,Unknown,
Desulfobacterales.U.genus,56,150,0.02,0.01,0,0,0,0.0,0.0,0.0,inf,0.0,0,0,0,0,census_only,Unknown,
Calorithrix,56,179,0.02,0.01,0,0,0,0.0,0.0,0.0,inf,0.0,0,0,0,0,census_only,Unknown,
Chlorella_pyrenoidosa.Mitochondria,56,211,0.02,0.02,0,0,0,0.0,0.0,0.0,inf,0.0,0,0,0,0,census_only,Unknown,
Devosiaceae.U.genus,57,138,0.02,0.01,0,0,0,0.0,0.0,0.0,inf,0.0,0,0,0,0,census_only,Unknown,
Nitriliruptoraceae.U.genus,57,192,0.02,0.02,0,0,0,0.0,0.0,0.0,inf,0.0,0,0,0,0,census_only,Unknown,
Candidatus Caenarcaniphilales.U.genus,57,318,0.02,0.03,0,0,0,0.0,0.0,0.0,inf,0.0,0,0,0,0,census_only,Unknown,
Methylococcaceae.U.genus,57,135,0.02,0.01,0,0,0,0.0,0.0,0.0,inf,0.0,0,0,0,0,census_only,Unknown,
Legionellaceae.U.genus,57,147,0.02,0.01,0,0,0,0.0,0.0,0.0,inf,0.0,0,0,0,0,census_only,Unknown,
Fonsecaea_multimorphosa.Mitochondria,57,335,0.02,0.03,0,0,0,0.0,0.0,0.0,inf,0.0,0,0,0,0,census_only,Unknown,
Tundrisphaera,59,214,0.02,0.02,0,0,0,0.0,0.0,0.0,inf,0.0,0,0,0,0,census_only,Unknown,
Leptotrichiaceae.U.genus,71,193,0.03,0.02,0,0,0,0.0,0.0,0.0,inf,0.0,0,0,0,0,census_only,Unknown,
Trachelomonas_sp._Bidduk050909G.Chloroplast,72,294,0.03,0.02,0,0,0,0.0,0.0,0.0,inf,0.0,0,0,0,0,census_only,Unknown,
Plasmopara_viticola.Chloroplast,60,349,0.02,0.03,0,0,0,0.0,0.0,0.0,inf,0.0,0,0,0,0,census_only,Unknown,
Coriobacteriales.U.genus,61,167,0.02,0.01,0,0,0,0.0,0.0,0.0,inf,0.0,0,0,0,0,census_only,Unknown,
Campylobacterales.U.genus,61,154,0.02,0.01,0,0,0,0.0,0.0,0.0,inf,0.0,0,0,0,0,census_only,Unknown,
Chromatiales.U.genus,61,266,0.02,0.02,0,0,0,0.0,0.0,0.0,inf,0.0,0,0,0,0,census_only,Unknown,
Aurantisolimonas,62,209,0.02,0.02,0,0,0,0.0,0.0,0.0,inf,0.0,0,0,0,0,census_only,Unknown,
Caldisericales.U.genus,62,532,0.02,0.04,0,0,0,0.0,0.0,0.0,inf,0.0,0,0,0,0,census_only,Unknown,
Gallionellaceae.U.genus,63,257,0.02,0.02,0,0,0,0.0,0.0,0.0,inf,0.0,0,0,0,0,census_only,Unknown,
Xanthomonadaceae.U.genus,63,224,0.02,0.02,0,0,0,0.0,0.0,0.0,inf,0.0,0,0,0,0,census_only,Unknown,
Candidatus Methanoperedenaceae.U.genus,64,314,0.02,0.03,0,0,0,0.0,0.0,0.0,inf,0.0,0,0,0,0,census_only,Unknown,
Candidatus Thermoplasmatota.U.genus,64,203,0.02,0.02,0,0,0,0.0,0.0,0.0,inf,0.0,0,0,0,0,census_only,Unknown,
Candidatus Izimaplasma.U.genus,64,252,0.02,0.02,0,0,0,0.0,0.0,0.0,inf,0.0,0,0,0,0,census_only,Unknown,
Candidatus Nanohaloarchaeota.U.genus,65,241,0.02,0.02,0,0,0,0.0,0.0,0.0,inf,0.0,0,0,0,0,census_only,Unknown,
Nicotiana_sylvestris_(wood_tobacco).Chloroplast,65,201,0.02,0.02,0,0,0,0.0,0.0,0.0,inf,0.0,0,0,0,0,census_only,Unknown,
Sphingobacteriaceae.U.genus,65,213,0.02,0.02,0,0,0,0.0,0.0,0.0,inf,0.0,0,0,0,0,census_only,Unknown,
Heimdallarchaeia.U.genus,83,365,0.03,0.03,0,0,0,0.0,0.0,0.0,inf,0.0,0,0,0,0,census_only,Unknown,
Micromonosporaceae.U.genus,84,220,0.03,0.02,0,0,0,0.0,0.0,0.0,inf,0.0,0,0,0,0,census_only,Unknown,
Jakoba_bahamiensis.Mitochondria,65,292,0.02,0.02,0,0,0,0.0,0.0,0.0,inf,0.0,0,0,0,0,census_only,Unknown,
Aquibacter,66,168,0.03,0.01,0,0,0,0.0,0.0,0.0,inf,0.0,0,0,0,0,census_only,Unknown,
Negativicutes.U.genus,66,184,0.03,0.02,0,0,0,0.0,0.0,0.0,inf,0.0,0,0,0,0,census_only,Unknown,
Dehalococcoidales.U.genus,67,205,0.03,0.02,0,0,0,0.0,0.0,0.0,inf,0.0,0,0,0,0,census_only,Unknown,
Desulfuromonadales.U.genus,67,415,0.03,0.03,0,0,0,0.0,0.0,0.0,inf,0.0,0,0,0,0,census_only,Unknown,
Eggerthellaceae.U.genus,67,184,0.03,0.02,0,0,0,0.0,0.0,0.0,inf,0.0,0,0,0,0,census_only,Unknown,
Bacillaceae.U.genus,68,155,0.03,0.01,0,0,0,0.0,0.0,0.0,inf,0.0,0,0,0,0,census_only,Unknown,
Selenomonadaceae.U.genus,69,158,0.03,0.01,0,0,0,0.0,0.0,0.0,inf,0.0,0,0,0,0,census_only,Unknown,
Maritimimonas,70,223,0.03,0.02,0,0,0,0.0,0.0,0.0,inf,0.0,0,0,0,0,census_only,Unknown,
Roseimarinus,70,150,0.03,0.01,0,0,0,0.0,0.0,0.0,inf,0.0,0,0,0,0,census_only,Unknown,
Syntrophomonadaceae.U.genus,70,113,0.03,0.01,0,0,0,0.0,0.0,0.0,inf,0.0,0,0,0,0,census_only,Unknown,
CPR2.U.genus,70,208,0.03,0.02,0,0,0,0.0,0.0,0.0,inf,0.0,0,0,0,0,census_only,Unknown,
Candidatus Izemoplasmataceae.U.genus,71,371,0.03,0.03,0,0,0,0.0,0.0,0.0,inf,0.0,0,0,0,0,census_only,Unknown,
Bradymonadaceae.U.genus,71,159,0.03,0.01,0,0,0,0.0,0.0,0.0,inf,0.0,0,0,0,0,census_only,Unknown,
Cardiobacteriaceae.U.genus,100,285,0.04,0.02,0,0,0,0.0,0.0,0.0,inf,0.0,0,0,0,0,census_only,Unknown,
Microbacteriaceae.U.genus,100,1539,0.04,0.13,0,0,0,0.0,0.0,0.0,inf,0.0,0,0,0,0,census_only,Unknown,
Pythium_ultimum.Mitochondria,72,297,0.03,0.02,0,0,0,0.0,0.0,0.0,inf,0.0,0,0,0,0,census_only,Unknown,
Cytophagales.U.genus,72,137,0.03,0.01,0,0,0,0.0,0.0,0.0,inf,0.0,0,0,0,0,census_only,Unknown,
Terasakiellaceae.U.genus,73,222,0.03,0.02,0,0,0,0.0,0.0,0.0,inf,0.0,0,0,0,0,census_only,Unknown,
Anaplasmataceae.U.genus,73,235,0.03,0.02,0,0,0,0.0,0.0,0.0,inf,0.0,0,0,0,0,census_only,Unknown,
Grateloupia_livida.Mitochondria,73,246,0.03,0.02,0,0,0,0.0,0.0,0.0,inf,0.0,0,0,0,0,census_only,Unknown,
Clostridiaceae.U.genus,74,215,0.03,0.02,0,0,0,0.0,0.0,0.0,inf,0.0,0,0,0,0,census_only,Unknown,
Gracilaria_edulis.Mitochondria,74,260,0.03,0.02,0,0,0,0.0,0.0,0.0,inf,0.0,0,0,0,0,census_only,Unknown,
Spirosomaceae.U.genus,75,231,0.03,0.02,0,0,0,0.0,0.0,0.0,inf,0.0,0,0,0,0,census_only,Unknown,
Candidatus Hydrothermae.U.genus,75,438,0.03,0.04,0,0,0,0.0,0.0,0.0,inf,0.0,0,0,0,0,census_only,Unknown,
Thermoprotei.U.genus,75,414,0.03,0.03,0,0,0,0.0,0.0,0.0,inf,0.0,0,0,0,0,census_only,Unknown,
Neogoniolithon_spectabile.Mitochondria,75,306,0.03,0.03,0,0,0,0.0,0.0,0.0,inf,0.0,0,0,0,0,census_only,Unknown,
Nitrospinaceae.U.genus,77,456,0.03,0.04,0,0,0,0.0,0.0,0.0,inf,0.0,0,0,0,0,census_only,Unknown,
Euzebyaceae.U.genus,77,230,0.03,0.02,0,0,0,0.0,0.0,0.0,inf,0.0,0,0,0,0,census_only,Unknown,
Opitutaceae.U.genus,78,836,0.03,0.07,0,0,0,0.0,0.0,0.0,inf,0.0,0,0,0,0,census_only,Unknown,
Marinifilaceae.U.genus,115,384,0.04,0.03,0,0,0,0.0,0.0,0.0,inf,0.0,0,0,0,0,census_only,Unknown,
Pyropia_haitanensis.Chloroplast,116,335,0.04,0.03,0,0,0,0.0,0.0,0.0,inf,0.0,0,0,0,0,census_only,Unknown,
Candidatus Competibacteraceae.U.genus,86,253,0.03,0.02,0,0,0,0.0,0.0,0.0,inf,0.0,0,0,0,0,census_only,Unknown,
Thioalkalispiraceae.U.genus,86,206,0.03,0.02,0,0,0,0.0,0.0,0.0,inf,0.0,0,0,0,0,census_only,Unknown,
Rhodospirillaceae.U.genus,88,334,0.03,0.03,0,0,0,0.0,0.0,0.0,inf,0.0,0,0,0,0,census_only,Unknown,
Desulfovibrionaceae.U.genus,88,261,0.03,0.02,0,0,0,0.0,0.0,0.0,inf,0.0,0,0,0,0,census_only,Unknown,
Vampirovibrionales.U.genus,91,308,0.03,0.03,0,0,0,0.0,0.0,0.0,inf,0.0,0,0,0,0,census_only,Unknown,
Candidatus Scalinduaceae.U.genus,91,611,0.03,0.05,0,0,0,0.0,0.0,0.0,inf,0.0,0,0,0,0,census_only,Unknown,
Haloferacaceae.U.genus,92,199,0.04,0.02,0,0,0,0.0,0.0,0.0,inf,0.0,0,0,0,0,census_only,Unknown,
Bacteriovoracaceae.U.genus,93,342,0.04,0.03,0,0,0,0.0,0.0,0.0,inf,0.0,0,0,0,0,census_only,Unknown,
Cellvibrionaceae.U.genus,93,217,0.04,0.02,0,0,0,0.0,0.0,0.0,inf,0.0,0,0,0,0,census_only,Unknown,
Desulfococcaceae.U.genus,94,276,0.04,0.02,0,0,0,0.0,0.0,0.0,inf,0.0,0,0,0,0,census_only,Unknown,
Sutterellaceae.U.genus,95,756,0.04,0.06,0,0,0,0.0,0.0,0.0,inf,0.0,0,0,0,0,census_only,Unknown,
Methanosarcinales.U.genus,96,428,0.04,0.04,0,0,0,0.0,0.0,0.0,inf,0.0,0,0,0,0,census_only,Unknown,
Frankiales.U.genus,96,430,0.04,0.04,0,0,0,0.0,0.0,0.0,inf,0.0,0,0,0,0,census_only,Unknown,
Limnochordaceae.U.genus,98,224,0.04,0.02,0,0,0,0.0,0.0,0.0,inf,0.0,0,0,0,0,census_only,Unknown,
Methylacidiphilaceae.U.genus,132,1158,0.05,0.1,0,0,0,0.0,0.0,0.0,inf,0.0,0,0,0,0,census_only,Unknown,
Candidatus Moduliflexus.U.genus,133,311,0.05,0.03,0,0,0,0.0,0.0,0.0,inf,0.0,0,0,0,0,census_only,Unknown,
Candidatus Poribacteria.U.genus,100,508,0.04,0.04,0,0,0,0.0,0.0,0.0,inf,0.0,0,0,0,0,census_only,Unknown,
Kallotenuales.U.genus,101,222,0.04,0.02,0,0,0,0.0,0.0,0.0,inf,0.0,0,0,0,0,census_only,Unknown,
Nitrospinota.U.genus,102,372,0.04,0.03,0,0,0,0.0,0.0,0.0,inf,0.0,0,0,0,0,census_only,Unknown,
Caulobacteraceae.U.genus,104,705,0.04,0.06,0,0,0,0.0,0.0,0.0,inf,0.0,0,0,0,0,census_only,Unknown,
Syntrophales.U.genus,105,814,0.04,0.07,0,0,0,0.0,0.0,0.0,inf,0.0,0,0,0,0,census_only,Unknown,
Pedomicrobium,105,714,0.04,0.06,0,0,0,0.0,0.0,0.0,inf,0.0,0,0,0,0,census_only,Unknown,
Sporomusaceae.U.genus,107,238,0.04,0.02,0,0,0,0.0,0.0,0.0,inf,0.0,0,0,0,0,census_only,Unknown,
Candidatus Cloacimonetes.U.genus,107,429,0.04,0.04,0,0,0,0.0,0.0,0.0,inf,0.0,0,0,0,0,census_only,Unknown,
Malawimonas_jakobiformis.Mitochondria,107,309,0.04,0.03,0,0,0,0.0,0.0,0.0,inf,0.0,0,0,0,0,census_only,Unknown,
Moraxellaceae.U.genus,108,408,0.04,0.03,0,0,0,0.0,0.0,0.0,inf,0.0,0,0,0,0,census_only,Unknown,
Sclerotinia_borealis.Mitochondria,108,711,0.04,0.06,0,0,0,0.0,0.0,0.0,inf,0.0,0,0,0,0,census_only,Unknown,
Defluviitaleaceae.U.genus,109,323,0.04,0.03,0,0,0,0.0,0.0,0.0,inf,0.0,0,0,0,0,census_only,Unknown,
Neisseriaceae.U.genus,110,288,0.04,0.02,0,0,0,0.0,0.0,0.0,inf,0.0,0,0,0,0,census_only,Unknown,
Holophagaceae.U.genus,111,536,0.04,0.04,0,0,0,0.0,0.0,0.0,inf,0.0,0,0,0,0,census_only,Unknown,
Candidatus Hydrothermarchaeota.U.genus,146,536,0.06,0.04,0,0,0,0.0,0.0,0.0,inf,0.0,0,0,0,0,census_only,Unknown,
Micropepsaceae.U.genus,146,1257,0.06,0.11,0,0,0,0.0,0.0,0.0,inf,0.0,0,0,0,0,census_only,Unknown,
Chloroflexia.U.genus,117,365,0.04,0.03,0,0,0,0.0,0.0,0.0,inf,0.0,0,0,0,0,census_only,Unknown,
Phaselicystis,118,541,0.04,0.05,0,0,0,0.0,0.0,0.0,inf,0.0,0,0,0,0,census_only,Unknown,
Blastocatella,120,368,0.05,0.03,0,0,0,0.0,0.0,0.0,inf,0.0,0,0,0,0,census_only,Unknown,
Desulfobulbales.U.genus,121,311,0.05,0.03,0,0,0,0.0,0.0,0.0,inf,0.0,0,0,0,0,census_only,Unknown,
Acanthamoeba_sp.Mitochondria,121,384,0.05,0.03,0,0,0,0.0,0.0,0.0,inf,0.0,0,0,0,0,census_only,Unknown,
Propionibacteriaceae.U.genus,122,617,0.05,0.05,0,0,0,0.0,0.0,0.0,inf,0.0,0,0,0,0,census_only,Unknown,
Ectothiorhodospiraceae.U.genus,123,864,0.05,0.07,0,0,0,0.0,0.0,0.0,inf,0.0,0,0,0,0,census_only,Unknown,
Rhynchosporium_orthosporum.Mitochondria,123,616,0.05,0.05,0,0,0,0.0,0.0,0.0,inf,0.0,0,0,0,0,census_only,Unknown,
Blattabacteriaceae.U.genus,123,382,0.05,0.03,0,0,0,0.0,0.0,0.0,inf,0.0,0,0,0,0,census_only,Unknown,
Spongiibacteraceae.U.genus,125,497,0.05,0.04,0,0,0,0.0,0.0,0.0,inf,0.0,0,0,0,0,census_only,Unknown,
Methanomassiliicoccales.U.genus,125,860,0.05,0.07,0,0,0,0.0,0.0,0.0,inf,0.0,0,0,0,0,census_only,Unknown,
Thecamonas_trahens.Mitochondria,125,480,0.05,0.04,0,0,0,0.0,0.0,0.0,inf,0.0,0,0,0,0,census_only,Unknown,
Verrucomicrobiaceae.U.genus,127,830,0.05,0.07,0,0,0,0.0,0.0,0.0,inf,0.0,0,0,0,0,census_only,Unknown,
Spirochaetota.U.genus,130,530,0.05,0.04,0,0,0,0.0,0.0,0.0,inf,0.0,0,0,0,0,census_only,Unknown,
uncultured_bacterium.Chloroplast,157,693,0.06,0.06,0,0,0,0.0,0.0,0.0,inf,0.0,0,0,0,0,census_only,Unknown,
Kiloniellaceae.U.genus,159,513,0.06,0.04,0,0,0,0.0,0.0,0.0,inf,0.0,0,0,0,0,census_only,Unknown,
Nitrospirota.U.genus,135,650,0.05,0.05,0,0,0,0.0,0.0,0.0,inf,0.0,0,0,0,0,census_only,Unknown,
Peptostreptococcaceae.U.genus,136,471,0.05,0.04,0,0,0,0.0,0.0,0.0,inf,0.0,0,0,0,0,census_only,Unknown,
Chloroflexaceae.U.genus,137,436,0.05,0.04,0,0,0,0.0,0.0,0.0,inf,0.0,0,0,0,0,census_only,Unknown,
Steroidobacteraceae.U.genus,137,1138,0.05,0.1,0,0,0,0.0,0.0,0.0,inf,0.0,0,0,0,0,census_only,Unknown,
Candidatus Altiarchaeales.U.genus,137,612,0.05,0.05,0,0,0,0.0,0.0,0.0,inf,0.0,0,0,0,0,census_only,Unknown,
Coriobacteriia.U.genus,138,674,0.05,0.06,0,0,0,0.0,0.0,0.0,inf,0.0,0,0,0,0,census_only,Unknown,
Candidatus Actinomarinaceae.U.genus,139,1671,0.05,0.14,0,0,0,0.0,0.0,0.0,inf,0.0,0,0,0,0,census_only,Unknown,
Chitinivibrionia.U.genus,141,359,0.05,0.03,0,0,0,0.0,0.0,0.0,inf,0.0,0,0,0,0,census_only,Unknown,
Chthonomonadales.U.genus,142,406,0.05,0.03,0,0,0,0.0,0.0,0.0,inf,0.0,0,0,0,0,census_only,Unknown,
Candidatus Tectomicrobia.U.genus,144,487,0.05,0.04,0,0,0,0.0,0.0,0.0,inf,0.0,0,0,0,0,census_only,Unknown,
Candidatus Obscuribacterales.U.genus,144,521,0.05,0.04,0,0,0,0.0,0.0,0.0,inf,0.0,0,0,0,0,census_only,Unknown,
Porticoccaceae.U.genus,145,717,0.06,0.06,0,0,0,0.0,0.0,0.0,inf,0.0,0,0,0,0,census_only,Unknown,
Williamwhitmaniaceae.U.genus,145,555,0.06,0.05,0,0,0,0.0,0.0,0.0,inf,0.0,0,0,0,0,census_only,Unknown,
Candidatus Methanomethylophilaceae.U.genus,145,635,0.06,0.05,0,0,0,0.0,0.0,0.0,inf,0.0,0,0,0,0,census_only,Unknown,
Leptolyngbyaceae.U.genus,181,581,0.07,0.05,0,0,0,0.0,0.0,0.0,inf,0.0,0,0,0,0,census_only,Unknown,
Candidatus Margulisbacteria.U.genus,182,450,0.07,0.04,0,0,0,0.0,0.0,0.0,inf,0.0,0,0,0,0,census_only,Unknown,
Amoebophilaceae.U.genus,146,485,0.06,0.04,0,0,0,0.0,0.0,0.0,inf,0.0,0,0,0,0,census_only,Unknown,
Nanoarchaeota.U.genus,147,379,0.06,0.03,0,0,0,0.0,0.0,0.0,inf,0.0,0,0,0,0,census_only,Unknown,
Candidatus Sericytochromatia.U.genus,148,488,0.06,0.04,0,0,0,0.0,0.0,0.0,inf,0.0,0,0,0,0,census_only,Unknown,
Desulfobacteraceae.U.genus,149,428,0.06,0.04,0,0,0,0.0,0.0,0.0,inf,0.0,0,0,0,0,census_only,Unknown,
Berkeleya_fennica.Mitochondria,149,667,0.06,0.06,0,0,0,0.0,0.0,0.0,inf,0.0,0,0,0,0,census_only,Unknown,
Candidatus Izemoplasmatales.U.genus,150,696,0.06,0.06,0,0,0,0.0,0.0,0.0,inf,0.0,0,0,0,0,census_only,Unknown,
Candidatus Dadabacteria.U.genus,150,944,0.06,0.08,0,0,0,0.0,0.0,0.0,inf,0.0,0,0,0,0,census_only,Unknown,
Rhynchosporium_secalis_(leaf_blotch_of_barley).Mitochondria,151,912,0.06,0.08,0,0,0,0.0,0.0,0.0,inf,0.0,0,0,0,0,census_only,Unknown,
uncultured_marine_eukaryote.Chloroplast,152,760,0.06,0.06,0,0,0,0.0,0.0,0.0,inf,0.0,0,0,0,0,census_only,Unknown,
Candidatus Sumerlaeia.U.genus,154,308,0.06,0.03,0,0,0,0.0,0.0,0.0,inf,0.0,0,0,0,0,census_only,Unknown,
Geminicoccaceae.U.genus,155,757,0.06,0.06,0,0,0,0.0,0.0,0.0,inf,0.0,0,0,0,0,census_only,Unknown,
Symbiobacteriaceae.U.genus,156,505,0.06,0.04,0,0,0,0.0,0.0,0.0,inf,0.0,0,0,0,0,census_only,Unknown,
Methylococcales.U.genus,157,820,0.06,0.07,0,0,0,0.0,0.0,0.0,inf,0.0,0,0,0,0,census_only,Unknown,
Acidobacteriaceae.U.genus,157,1021,0.06,0.09,0,0,0,0.0,0.0,0.0,inf,0.0,0,0,0,0,census_only,Unknown,
Annulohypoxylon_stygium.Mitochondria,214,926,0.08,0.08,0,0,0,0.0,0.0,0.0,inf,0.0,0,0,0,0,census_only,Unknown,
Atribacterota.U.genus,215,1295,0.08,0.11,0,0,0,0.0,0.0,0.0,inf,0.0,0,0,0,0,census_only,Unknown,
Echinochloa_colona.Mitochondria,159,869,0.06,0.07,0,0,0,0.0,0.0,0.0,inf,0.0,0,0,0,0,census_only,Unknown,
Hydrogenophilaceae.U.genus,162,585,0.06,0.05,0,0,0,0.0,0.0,0.0,inf,0.0,0,0,0,0,census_only,Unknown,
Spongospora_subterranea.Mitochondria,164,643,0.06,0.05,0,0,0,0.0,0.0,0.0,inf,0.0,0,0,0,0,census_only,Unknown,
Limnochordia.U.genus,166,489,0.06,0.04,0,0,0,0.0,0.0,0.0,inf,0.0,0,0,0,0,census_only,Unknown,
Zasmidium_cellare.Mitochondria,168,950,0.06,0.08,0,0,0,0.0,0.0,0.0,inf,0.0,0,0,0,0,census_only,Unknown,
Odinarchaeia.U.genus,169,511,0.06,0.04,0,0,0,0.0,0.0,0.0,inf,0.0,0,0,0,0,census_only,Unknown,
Burkholderiaceae.U.genus,173,497,0.07,0.04,0,0,0,0.0,0.0,0.0,inf,0.0,0,0,0,0,census_only,Unknown,
Chthoniobacterales.U.genus,174,848,0.07,0.07,0,0,0,0.0,0.0,0.0,inf,0.0,0,0,0,0,census_only,Unknown,
Halieaceae.U.genus,174,1011,0.07,0.08,0,0,0,0.0,0.0,0.0,inf,0.0,0,0,0,0,census_only,Unknown,
Methylophilaceae.U.genus,175,2691,0.07,0.23,0,0,0,0.0,0.0,0.0,inf,0.0,0,0,0,0,census_only,Unknown,
Geobacteraceae.U.genus,176,589,0.07,0.05,0,0,0,0.0,0.0,0.0,inf,0.0,0,0,0,0,census_only,Unknown,
Leptospiraceae.U.genus,178,785,0.07,0.07,0,0,0,0.0,0.0,0.0,inf,0.0,0,0,0,0,census_only,Unknown,
Arenicellaceae.U.genus,178,628,0.07,0.05,0,0,0,0.0,0.0,0.0,inf,0.0,0,0,0,0,census_only,Unknown,
Verrucomicrobiales.U.genus,181,812,0.07,0.07,0,0,0,0.0,0.0,0.0,inf,0.0,0,0,0,0,census_only,Unknown,
Dysgonomonadaceae.U.genus,249,494,0.09,0.04,0,0,0,0.0,0.0,0.0,inf,0.0,0,0,0,0,census_only,Unknown,
Comamonadaceae.U.genus,251,1517,0.1,0.13,0,0,0,0.0,0.0,0.0,inf,0.0,0,0,0,0,census_only,Unknown,
Hyphomonadaceae.U.genus,183,734,0.07,0.06,0,0,0,0.0,0.0,0.0,inf,0.0,0,0,0,0,census_only,Unknown,
Candidatus Babeliaceae.U.genus,184,425,0.07,0.04,0,0,0,0.0,0.0,0.0,inf,0.0,0,0,0,0,census_only,Unknown,
Peptococcaceae.U.genus,186,429,0.07,0.04,0,0,0,0.0,0.0,0.0,inf,0.0,0,0,0,0,census_only,Unknown,
Nitzschia_alba_(marine_diatom).Mitochondria,192,925,0.07,0.08,0,0,0,0.0,0.0,0.0,inf,0.0,0,0,0,0,census_only,Unknown,
Bradymonadales.U.genus,196,769,0.07,0.06,0,0,0,0.0,0.0,0.0,inf,0.0,0,0,0,0,census_only,Unknown,
Holosporaceae.U.genus,197,856,0.08,0.07,0,0,0,0.0,0.0,0.0,inf,0.0,0,0,0,0,census_only,Unknown,
Oxalobacteraceae.U.genus,201,725,0.08,0.06,0,0,0,0.0,0.0,0.0,inf,0.0,0,0,0,0,census_only,Unknown,
Entomoplasmatales.U.genus,202,604,0.08,0.05,0,0,0,0.0,0.0,0.0,inf,0.0,0,0,0,0,census_only,Unknown,
Armatimonadales.U.genus,206,644,0.08,0.05,0,0,0,0.0,0.0,0.0,inf,0.0,0,0,0,0,census_only,Unknown,
Fibrobacteraceae.U.genus,207,856,0.08,0.07,0,0,0,0.0,0.0,0.0,inf,0.0,0,0,0,0,census_only,Unknown,
Candidatus Bipolaricaulota.U.genus,211,1032,0.08,0.09,0,0,0,0.0,0.0,0.0,inf,0.0,0,0,0,0,census_only,Unknown,
Halobacteria.U.genus,211,707,0.08,0.06,0,0,0,0.0,0.0,0.0,inf,0.0,0,0,0,0,census_only,Unknown,
Eubacteriales.U.genus,212,328,0.08,0.03,0,0,0,0.0,0.0,0.0,inf,0.0,0,0,0,0,census_only,Unknown,
Saccharina_japonica.Mitochondria,212,665,0.08,0.06,0,0,0,0.0,0.0,0.0,inf,0.0,0,0,0,0,census_only,Unknown,
Desulfuromonadia.U.genus,280,980,0.11,0.08,0,0,0,0.0,0.0,0.0,inf,0.0,0,0,0,0,census_only,Unknown,
Sandaracinaceae.U.genus,282,1172,0.11,0.1,0,0,0,0.0,0.0,0.0,inf,0.0,0,0,0,0,census_only,Unknown,
uncultured_organism.Mitochondria,215,928,0.08,0.08,0,0,0,0.0,0.0,0.0,inf,0.0,0,0,0,0,census_only,Unknown,
Morganellaceae.U.genus,217,518,0.08,0.04,0,0,0,0.0,0.0,0.0,inf,0.0,0,0,0,0,census_only,Unknown,
Edaphobaculum,218,822,0.08,0.07,0,0,0,0.0,0.0,0.0,inf,0.0,0,0,0,0,census_only,Unknown,
Rhodothermaceae.U.genus,221,916,0.08,0.08,0,0,0,0.0,0.0,0.0,inf,0.0,0,0,0,0,census_only,Unknown,
Hadesarchaea.U.genus,223,671,0.09,0.06,0,0,0,0.0,0.0,0.0,inf,0.0,0,0,0,0,census_only,Unknown,
marine_metagenome.Mitochondria,224,750,0.09,0.06,0,0,0,0.0,0.0,0.0,inf,0.0,0,0,0,0,census_only,Unknown,
Paludibacteraceae.U.genus,226,666,0.09,0.06,0,0,0,0.0,0.0,0.0,inf,0.0,0,0,0,0,census_only,Unknown,
Desulfobulbaceae.U.genus,227,802,0.09,0.07,0,0,0,0.0,0.0,0.0,inf,0.0,0,0,0,0,census_only,Unknown,
Blastocatellaceae.U.genus,234,1019,0.09,0.09,0,0,0,0.0,0.0,0.0,inf,0.0,0,0,0,0,census_only,Unknown,
Puniceicoccaceae.U.genus,236,1072,0.09,0.09,0,0,0,0.0,0.0,0.0,inf,0.0,0,0,0,0,census_only,Unknown,
Sphingomonadaceae.U.genus,237,965,0.09,0.08,0,0,0,0.0,0.0,0.0,inf,0.0,0,0,0,0,census_only,Unknown,
Thiotrichaceae.U.genus,240,1056,0.09,0.09,0,0,0,0.0,0.0,0.0,inf,0.0,0,0,0,0,census_only,Unknown,
Candidatus Saccharimonadaceae.U.genus,242,1098,0.09,0.09,0,0,0,0.0,0.0,0.0,inf,0.0,0,0,0,0,census_only,Unknown,
Acholeplasmataceae.U.genus,244,846,0.09,0.07,0,0,0,0.0,0.0,0.0,inf,0.0,0,0,0,0,census_only,Unknown,
metagenome.Mitochondria,333,1693,0.13,0.14,0,0,0,0.0,0.0,0.0,inf,0.0,0,0,0,0,census_only,Unknown,
Candidatus Hydrogenedentes.U.genus,335,1042,0.13,0.09,0,0,0,0.0,0.0,0.0,inf,0.0,0,0,0,0,census_only,Unknown,
Elusimicrobia.U.genus,254,840,0.1,0.07,0,0,0,0.0,0.0,0.0,inf,0.0,0,0,0,0,census_only,Unknown,
Ktedonobacterales.U.genus,256,777,0.1,0.07,0,0,0,0.0,0.0,0.0,inf,0.0,0,0,0,0,census_only,Unknown,
Fibrobacterales.U.genus,256,768,0.1,0.06,0,0,0,0.0,0.0,0.0,inf,0.0,0,0,0,0,census_only,Unknown,
Sporichthyaceae.U.genus,257,5464,0.1,0.46,0,0,0,0.0,0.0,0.0,inf,0.0,0,0,0,0,census_only,Unknown,
Isosphaeraceae.U.genus,264,1221,0.1,0.1,0,0,0,0.0,0.0,0.0,inf,0.0,0,0,0,0,census_only,Unknown,
Elusimicrobiota.U.genus,267,743,0.1,0.06,0,0,0,0.0,0.0,0.0,inf,0.0,0,0,0,0,census_only,Unknown,
Nitrososphaeraceae.U.genus,269,3010,0.1,0.25,0,0,0,0.0,0.0,0.0,inf,0.0,0,0,0,0,census_only,Unknown,
Candidatus Paracaedibacteraceae.U.genus,269,935,0.1,0.08,0,0,0,0.0,0.0,0.0,inf,0.0,0,0,0,0,census_only,Unknown,
Candidatus Gastranaerophilales.U.genus,275,696,0.1,0.06,0,0,0,0.0,0.0,0.0,inf,0.0,0,0,0,0,census_only,Unknown,
Rhodocyclaceae.U.genus,276,1207,0.11,0.1,0,0,0,0.0,0.0,0.0,inf,0.0,0,0,0,0,census_only,Unknown,
Lentimicrobiaceae.U.genus,277,1366,0.11,0.11,0,0,0,0.0,0.0,0.0,inf,0.0,0,0,0,0,census_only,Unknown,
Oligoflexaceae.U.genus,277,708,0.11,0.06,0,0,0,0.0,0.0,0.0,inf,0.0,0,0,0,0,census_only,Unknown,
Longimicrobiaceae.U.genus,278,669,0.11,0.06,0,0,0,0.0,0.0,0.0,inf,0.0,0,0,0,0,census_only,Unknown,
Beijerinckiaceae.U.genus,278,1190,0.11,0.1,0,0,0,0.0,0.0,0.0,inf,0.0,0,0,0,0,census_only,Unknown,
Candidatus Berkelbacteria.U.genus,387,1291,0.15,0.11,0,0,0,0.0,0.0,0.0,inf,0.0,0,0,0,0,census_only,Unknown,
WWE3.U.genus,387,1278,0.15,0.11,0,0,0,0.0,0.0,0.0,inf,0.0,0,0,0,0,census_only,Unknown,
Heterocapsa_triquetra:plas.Chloroplast,283,882,0.11,0.07,0,0,0,0.0,0.0,0.0,inf,0.0,0,0,0,0,census_only,Unknown,
Cryomorphaceae.U.genus,290,2798,0.11,0.23,0,0,0,0.0,0.0,0.0,inf,0.0,0,0,0,0,census_only,Unknown,
Candidatus Diapherotrites.U.genus,291,809,0.11,0.07,0,0,0,0.0,0.0,0.0,inf,0.0,0,0,0,0,census_only,Unknown,
Roseiflexaceae.U.genus,293,1355,0.11,0.11,0,0,0,0.0,0.0,0.0,inf,0.0,0,0,0,0,census_only,Unknown,
Fimbriimonadaceae.U.genus,295,1185,0.11,0.1,0,0,0,0.0,0.0,0.0,inf,0.0,0,0,0,0,census_only,Unknown,
Arcobacteraceae.U.genus,298,1100,0.11,0.09,0,0,0,0.0,0.0,0.0,inf,0.0,0,0,0,0,census_only,Unknown,
Thermococci.U.genus,298,1319,0.11,0.11,0,0,0,0.0,0.0,0.0,inf,0.0,0,0,0,0,census_only,Unknown,
Xanthobacteraceae.U.genus,299,2694,0.11,0.23,0,0,0,0.0,0.0,0.0,inf,0.0,0,0,0,0,census_only,Unknown,
Thermodesulfobacteriota.U.genus,307,1480,0.12,0.12,0,0,0,0.0,0.0,0.0,inf,0.0,0,0,0,0,census_only,Unknown,
Solirubrobacterales.U.genus,309,2175,0.12,0.18,0,0,0,0.0,0.0,0.0,inf,0.0,0,0,0,0,census_only,Unknown,
Polyangiales.U.genus,311,1423,0.12,0.12,0,0,0,0.0,0.0,0.0,inf,0.0,0,0,0,0,census_only,Unknown,
Marinilabiliaceae.U.genus,318,929,0.12,0.08,0,0,0,0.0,0.0,0.0,inf,0.0,0,0,0,0,census_only,Unknown,
Erysipelotrichaceae.U.genus,319,1564,0.12,0.13,0,0,0,0.0,0.0,0.0,inf,0.0,0,0,0,0,census_only,Unknown,
Bacteroidia.U.genus,326,1307,0.12,0.11,0,0,0,0.0,0.0,0.0,inf,0.0,0,0,0,0,census_only,Unknown,
Thermomicrobiales.U.genus,453,1637,0.17,0.14,0,0,0,0.0,0.0,0.0,inf,0.0,0,0,0,0,census_only,Unknown,
Anaerovoracaceae.U.genus,456,1143,0.17,0.1,0,0,0,0.0,0.0,0.0,inf,0.0,0,0,0,0,census_only,Unknown,
Candidatus Sumerlaea,336,729,0.13,0.06,0,0,0,0.0,0.0,0.0,inf,0.0,0,0,0,0,census_only,Unknown,
Vicinamibacteria.U.genus,347,1645,0.13,0.14,0,0,0,0.0,0.0,0.0,inf,0.0,0,0,0,0,census_only,Unknown,
Caldilineaceae.U.genus,349,1227,0.13,0.1,0,0,0,0.0,0.0,0.0,inf,0.0,0,0,0,0,census_only,Unknown,
Rickettsiaceae.U.genus,352,1595,0.13,0.13,0,0,0,0.0,0.0,0.0,inf,0.0,0,0,0,0,census_only,Unknown,
Blastocatellia.U.genus,355,1263,0.14,0.11,0,0,0,0.0,0.0,0.0,inf,0.0,0,0,0,0,census_only,Unknown,
Acetobacteraceae.U.genus,358,1662,0.14,0.14,0,0,0,0.0,0.0,0.0,inf,0.0,0,0,0,0,census_only,Unknown,
Calditrichaceae.U.genus,358,950,0.14,0.08,0,0,0,0.0,0.0,0.0,inf,0.0,0,0,0,0,census_only,Unknown,
Desulfocapsaceae.U.genus,359,948,0.14,0.08,0,0,0,0.0,0.0,0.0,inf,0.0,0,0,0,0,census_only,Unknown,
Cyclobacteriaceae.U.genus,359,1140,0.14,0.1,0,0,0,0.0,0.0,0.0,inf,0.0,0,0,0,0,census_only,Unknown,
Lokiarchaeia.U.genus,362,1328,0.14,0.11,0,0,0,0.0,0.0,0.0,inf,0.0,0,0,0,0,census_only,Unknown,
Candidatus Actinomarinales.U.genus,366,1922,0.14,0.16,0,0,0,0.0,0.0,0.0,inf,0.0,0,0,0,0,census_only,Unknown,
uncultured_Alphaproteobacteria_bacterium.Mitochondria,366,1435,0.14,0.12,0,0,0,0.0,0.0,0.0,inf,0.0,0,0,0,0,census_only,Unknown,
Synergistaceae.U.genus,375,1022,0.14,0.09,0,0,0,0.0,0.0,0.0,inf,0.0,0,0,0,0,census_only,Unknown,
Phycisphaerales.U.genus,383,1027,0.15,0.09,0,0,0,0.0,0.0,0.0,inf,0.0,0,0,0,0,census_only,Unknown,
Microscillaceae.U.genus,603,2494,0.23,0.21,0,0,0,0.0,0.0,0.0,inf,0.0,0,0,0,0,census_only,Unknown,
Candidatus Micrarchaeales.U.genus,604,2043,0.23,0.17,0,0,0,0.0,0.0,0.0,inf,0.0,0,0,0,0,census_only,Unknown,
Nitrospira,390,3300,0.15,0.28,0,0,0,0.0,0.0,0.0,inf,0.0,0,0,0,0,census_only,Unknown,
candidate division NC10.U.genus,395,3480,0.15,0.29,0,0,0,0.0,0.0,0.0,inf,0.0,0,0,0,0,census_only,Unknown,
Dojkabacteria.U.genus,398,1302,0.15,0.11,0,0,0,0.0,0.0,0.0,inf,0.0,0,0,0,0,census_only,Unknown,
Schizomeris_leibleinii:plas.Chloroplast,398,1092,0.15,0.09,0,0,0,0.0,0.0,0.0,inf,0.0,0,0,0,0,census_only,Unknown,
Ktedonobacteria.U.genus,409,945,0.16,0.08,0,0,0,0.0,0.0,0.0,inf,0.0,0,0,0,0,census_only,Unknown,
Botryosphaeria_dothidea.Mitochondria,410,1614,0.16,0.14,0,0,0,0.0,0.0,0.0,inf,0.0,0,0,0,0,census_only,Unknown,
candidate division Zixibacteria.U.genus,414,1152,0.16,0.1,0,0,0,0.0,0.0,0.0,inf,0.0,0,0,0,0,census_only,Unknown,
Solibacteraceae.U.genus,415,2187,0.16,0.18,0,0,0,0.0,0.0,0.0,inf,0.0,0,0,0,0,census_only,Unknown,
Holophagae.U.genus,419,2673,0.16,0.22,0,0,0,0.0,0.0,0.0,inf,0.0,0,0,0,0,census_only,Unknown,
Candidatus Cloacimonadota.U.genus,419,1622,0.16,0.14,0,0,0,0.0,0.0,0.0,inf,0.0,0,0,0,0,census_only,Unknown,
Erysipelotrichales.U.genus,423,1697,0.16,0.14,0,0,0,0.0,0.0,0.0,inf,0.0,0,0,0,0,census_only,Unknown,
Myxococcaceae.U.genus,434,1450,0.17,0.12,0,0,0,0.0,0.0,0.0,inf,0.0,0,0,0,0,census_only,Unknown,
Ilumatobacteraceae.U.genus,436,5237,0.17,0.44,0,0,0,0.0,0.0,0.0,inf,0.0,0,0,0,0,census_only,Unknown,
Rhizobiaceae.U.genus,452,1410,0.17,0.12,0,0,0,0.0,0.0,0.0,inf,0.0,0,0,0,0,census_only,Unknown,
Ktedonobacteraceae.U.genus,777,1859,0.3,0.16,0,0,0,0.0,0.0,0.0,inf,0.0,0,0,0,0,census_only,Unknown,
Rhodobacterales.U.genus,807,3134,0.31,0.26,0,0,0,0.0,0.0,0.0,inf,0.0,0,0,0,0,census_only,Unknown,
Chthoniobacteraceae.U.genus,463,3212,0.18,0.27,0,0,0,0.0,0.0,0.0,inf,0.0,0,0,0,0,census_only,Unknown,
Cyanobacteriota.U.genus,464,972,0.18,0.08,0,0,0,0.0,0.0,0.0,inf,0.0,0,0,0,0,census_only,Unknown,
Chitinophagaceae.U.genus,482,2036,0.18,0.17,0,0,0,0.0,0.0,0.0,inf,0.0,0,0,0,0,census_only,Unknown,
Nitrosopumilaceae.U.genus,505,3920,0.19,0.33,0,0,0,0.0,0.0,0.0,inf,0.0,0,0,0,0,census_only,Unknown,
Vicinamibacteraceae.U.genus,505,2041,0.19,0.17,0,0,0,0.0,0.0,0.0,inf,0.0,0,0,0,0,census_only,Unknown,
Prolixibacteraceae.U.genus,507,1696,0.19,0.14,0,0,0,0.0,0.0,0.0,inf,0.0,0,0,0,0,census_only,Unknown,
Heterosigma_akashiwo.Mitochondria,524,2339,0.2,0.2,0,0,0,0.0,0.0,0.0,inf,0.0,0,0,0,0,census_only,Unknown,
Chitinophagales.U.genus,527,2355,0.2,0.2,0,0,0,0.0,0.0,0.0,inf,0.0,0,0,0,0,census_only,Unknown,
Flavobacteriales.U.genus,530,3714,0.2,0.31,0,0,0,0.0,0.0,0.0,inf,0.0,0,0,0,0,census_only,Unknown,
Thermodesulfovibrionia.U.genus,532,1861,0.2,0.16,0,0,0,0.0,0.0,0.0,inf,0.0,0,0,0,0,census_only,Unknown,
Bdellovibrionales.U.genus,544,2058,0.21,0.17,0,0,0,0.0,0.0,0.0,inf,0.0,0,0,0,0,census_only,Unknown,
Ardenticatenales.U.genus,553,1552,0.21,0.13,0,0,0,0.0,0.0,0.0,inf,0.0,0,0,0,0,census_only,Unknown,
Armatimonadota.U.genus,593,1638,0.23,0.14,0,0,0,0.0,0.0,0.0,inf,0.0,0,0,0,0,census_only,Unknown,
Nitrosomonadaceae.U.genus,601,5556,0.23,0.47,0,0,0,0.0,0.0,0.0,inf,0.0,0,0,0,0,census_only,Unknown,
Gemmataceae.U.genus,1130,2847,0.43,0.24,0,0,0,0.0,0.0,0.0,inf,0.0,0,0,0,0,census_only,Unknown,
Phycisphaeraceae.U.genus,1204,5532,0.46,0.46,0,0,0,0.0,0.0,0.0,inf,0.0,0,0,0,0,census_only,Unknown,
Nitrososphaeria.U.genus,619,2993,0.24,0.25,0,0,0,0.0,0.0,0.0,inf,0.0,0,0,0,0,census_only,Unknown,
Enterobacteriaceae.U.genus,623,1097,0.24,0.09,0,0,0,0.0,0.0,0.0,inf,0.0,0,0,0,0,census_only,Unknown,
Pyrinomonadaceae.U.genus,654,3208,0.25,0.27,0,0,0,0.0,0.0,0.0,inf,0.0,0,0,0,0,census_only,Unknown,
Thermoanaerobaculaceae.U.genus,666,2345,0.25,0.2,0,0,0,0.0,0.0,0.0,inf,0.0,0,0,0,0,census_only,Unknown,
Prevotellaceae.U.genus,690,1785,0.26,0.15,0,0,0,0.0,0.0,0.0,inf,0.0,0,0,0,0,census_only,Unknown,
Bacilli.U.genus,691,2261,0.26,0.19,0,0,0,0.0,0.0,0.0,inf,0.0,0,0,0,0,census_only,Unknown,
Desulfosarcinaceae.U.genus,696,2829,0.27,0.24,0,0,0,0.0,0.0,0.0,inf,0.0,0,0,0,0,census_only,Unknown,
Flavobacteriaceae.U.genus,710,4399,0.27,0.37,0,0,0,0.0,0.0,0.0,inf,0.0,0,0,0,0,census_only,Unknown,
Planctomycetales.U.genus,713,3264,0.27,0.27,0,0,0,0.0,0.0,0.0,inf,0.0,0,0,0,0,census_only,Unknown,
Bacillota.U.genus,724,2010,0.28,0.17,0,0,0,0.0,0.0,0.0,inf,0.0,0,0,0,0,census_only,Unknown,
Actinomycetota.U.genus,743,5173,0.28,0.43,0,0,0,0.0,0.0,0.0,inf,0.0,0,0,0,0,census_only,Unknown,
Gemmatimonadota.U.genus,759,2803,0.29,0.23,0,0,0,0.0,0.0,0.0,inf,0.0,0,0,0,0,census_only,Unknown,
Oligoflexia.U.genus,761,2051,0.29,0.17,0,0,0,0.0,0.0,0.0,inf,0.0,0,0,0,0,census_only,Unknown,
Spirochaetaceae.U.genus,776,2428,0.3,0.2,0,0,0,0.0,0.0,0.0,inf,0.0,0,0,0,0,census_only,Unknown,
Acidobacteriota.U.genus,3109,16434,1.19,1.38,0,0,0,0.0,0.0,0.0,inf,0.0,0,0,0,0,census_only,Unknown,
Candidatus Gracilibacteria.U.genus,1737,5355,0.66,0.45,0,0,0,0.0,0.0,0.0,inf,0.0,0,0,0,0,census_only,Unknown,
Anaerolineaceae.U.genus,1780,10203,0.68,0.85,0,0,0,0.0,0.0,0.0,inf,0.0,0,0,0,0,census_only,Unknown,
uncultured_bacterium.Mitochondria,1789,8405,0.68,0.7,0,0,0,0.0,0.0,0.0,inf,0.0,0,0,0,0,census_only,Unknown,
Chloroflexota.U.genus,1801,14591,0.69,1.22,0,0,0,0.0,0.0,0.0,inf,0.0,0,0,0,0,census_only,Unknown,
Candidatus Saccharimonadales.U.genus,1818,4927,0.69,0.41,0,0,0,0.0,0.0,0.0,inf,0.0,0,0,0,0,census_only,Unknown,
Christensenellaceae.U.genus,1848,4380,0.7,0.37,0,0,0,0.0,0.0,0.0,inf,0.0,0,0,0,0,census_only,Unknown,
Verrucomicrobiae.U.genus,1914,10005,0.73,0.84,0,0,0,0.0,0.0,0.0,inf,0.0,0,0,0,0,census_only,Unknown,
Bacteria.U.genus,4220,19549,1.61,1.64,0,0,0,0.0,0.0,0.0,inf,0.0,0,0,0,0,census_only,Unknown,
Candidatus Marinimicrobia.U.genus,1230,7201,0.47,0.6,0,0,0,0.0,0.0,0.0,inf,0.0,0,0,0,0,census_only,Unknown,
Thermoplasmata.U.genus,1333,7908,0.51,0.66,0,0,0,0.0,0.0,0.0,inf,0.0,0,0,0,0,census_only,Unknown,
Acidimicrobiia.U.genus,1406,10022,0.54,0.84,0,0,0,0.0,0.0,0.0,inf,0.0,0,0,0,0,census_only,Unknown,
Rikenellaceae.U.genus,1416,3467,0.54,0.29,0,0,0,0.0,0.0,0.0,inf,0.0,0,0,0,0,census_only,Unknown,
Pirellulaceae.U.genus,1507,5072,0.57,0.42,0,0,0,0.0,0.0,0.0,inf,0.0,0,0,0,0,census_only,Unknown,
Muribaculaceae.U.genus,1537,3359,0.59,0.28,0,0,0,0.0,0.0,0.0,inf,0.0,0,0,0,0,census_only,Unknown,
ABY1.U.genus,1711,5467,0.65,0.46,0,0,0,0.0,0.0,0.0,inf,0.0,0,0,0,0,census_only,Unknown,
Tropicihabitans,1,2,0.0,0.0,0,0,0,0.0,0.0,0.0,inf,0.0,0,0,0,0,census_only,Unknown,
Camellia_oleifera.Mitochondria,1,5,0.0,0.0,0,0,0,0.0,0.0,0.0,inf,0.0,0,0,0,0,census_only,Unknown,
Extubocellulus_spinifer:plas.Chloroplast,1,49,0.0,0.0,0,0,0,0.0,0.0,0.0,inf,0.0,0,0,0,0,census_only,Unknown,
Chroococcaceae.U.genus,1,2,0.0,0.0,0,0,0,0.0,0.0,0.0,inf,0.0,0,0,0,0,census_only,Unknown,
Eunotogramma_sp.Chloroplast,1,2,0.0,0.0,0,0,0,0.0,0.0,0.0,inf,0.0,0,0,0,0,census_only,Unknown,
Proboscia_alata:plas.Chloroplast,1,2,0.0,0.0,0,0,0,0.0,0.0,0.0,inf,0.0,0,0,0,0,census_only,Unknown,
Lutibacterium,1,17,0.0,0.0,0,0,0,0.0,0.0,0.0,inf,0.0,0,0,0,0,census_only,Unknown,
Trachelomonas_sp._Geumdong090304A.Chloroplast,1,4,0.0,0.0,0,0,0,0.0,0.0,0.0,inf,0.0,0,0,0,0,census_only,Unknown,
Oscillospiraceae.U.genus,2074,5244,0.79,0.44,0,0,0,0.0,0.0,0.0,inf,0.0,0,0,0,0,census_only,Unknown,
Bacteroidales.U.genus,2210,6840,0.84,0.57,0,0,0,0.0,0.0,0.0,inf,0.0,0,0,0,0,census_only,Unknown,
Dehalococcoidia.U.genus,2590,11281,0.99,0.94,0,0,0,0.0,0.0,0.0,inf,0.0,0,0,0,0,census_only,Unknown,
Candidatus Bathyarchaeota.U.genus,2612,8371,1.0,0.7,0,0,0,0.0,0.0,0.0,inf,0.0,0,0,0,0,census_only,Unknown,
Planctomycetota.U.genus,2873,9782,1.1,0.82,0,0,0,0.0,0.0,0.0,inf,0.0,0,0,0,0,census_only,Unknown,
Anaerolineae.U.genus,2905,9688,1.11,0.81,0,0,0,0.0,0.0,0.0,inf,0.0,0,0,0,0,census_only,Unknown,
Microgenomatia.U.genus,2959,8761,1.13,0.73,0,0,0,0.0,0.0,0.0,inf,0.0,0,0,0,0,census_only,Unknown,
Gammaproteobacteria.U.genus,3171,12696,1.21,1.06,0,0,0,0.0,0.0,0.0,inf,0.0,0,0,0,0,census_only,Unknown,
