family,census_otu_count,census_size_count,otu_percentage,size_percentage,gtdb_genome_count,gtdb_species_count,isolate_count,genome_pct_db,species_pct,isolate_percentage,novelty_factor,overrepresentation_factor,direct_matches,lineage_matches,total_matches,match_status,coverage_percentage
Enterobacteriaceae,1996,23615,0.76,1.98,95395,95395,0,16.04,16.04,0.0,0.021,47.793,1,0,1,matched,
Lachnospiraceae,12280,29811,4.68,2.5,35105,35105,0,5.9,5.9,0.0,0.35,2.859,1,0,1,matched,
Muribaculaceae,1547,3396,0.59,0.28,24600,24600,0,4.14,4.14,0.0,0.063,15.902,1,0,1,matched,
Staphylococcaceae,889,7490,0.34,0.63,21933,21933,0,3.69,3.69,0.0,0.041,24.672,1,0,1,matched,
Streptococcaceae,1499,9958,0.57,0.83,21213,21213,0,3.57,3.57,0.0,0.071,14.151,1,0,1,matched,
Pseudomonadaceae,2409,13628,0.92,1.14,17078,17078,0,2.87,2.87,0.0,0.141,7.089,1,0,1,matched,
Burkholderiaceae,1013,8806,0.39,0.74,15903,15903,0,2.67,2.67,0.0,0.064,15.699,1,0,1,matched,
Bacteroidaceae,1171,6085,0.45,0.51,15545,15545,0,2.61,2.61,0.0,0.075,13.275,1,0,1,matched,
Mycobacteriaceae,307,4412,0.12,0.37,15323,15323,0,2.58,2.58,0.0,0.02,49.912,1,0,1,matched,
Moraxellaceae,1204,6928,0.46,0.58,12327,12327,0,2.07,2.07,0.0,0.098,10.238,1,0,1,matched,
Lactobacillaceae,1380,7843,0.53,0.66,11685,11685,0,1.96,1.96,0.0,0.118,8.467,1,0,1,matched,
Bacillaceae,4810,22660,1.83,1.9,8564,8564,0,1.44,1.44,0.0,0.562,1.78,1,0,1,matched,
Enterococcaceae,447,2971,0.17,0.25,8333,8333,0,1.4,1.4,0.0,0.054,18.642,1,0,1,matched,
Oscillospiraceae,5753,16512,2.19,1.38,7861,7861,0,1.32,1.32,0.0,0.732,1.366,1,0,1,matched,
Vibrionaceae,893,5299,0.34,0.44,7565,7565,0,1.27,1.27,0.0,0.118,8.471,1,0,1,matched,
Rhizobiaceae,893,4481,0.34,0.38,6932,6932,0,1.17,1.17,0.0,0.129,7.763,1,0,1,matched,
Rikenellaceae,1913,5299,0.73,0.44,6028,6028,0,1.01,1.01,0.0,0.317,3.151,1,0,1,matched,
Campylobacteraceae,194,1558,0.07,0.13,5856,5856,0,0.98,0.98,0.0,0.033,30.186,1,0,1,matched,
Listeriaceae,31,1399,0.01,0.12,5500,5500,0,0.92,0.92,0.0,0.006,177.419,1,0,1,matched,
Flavobacteriaceae,3630,18399,1.38,1.54,5291,5291,0,0.89,0.89,0.0,0.686,1.458,1,0,1,matched,
Xanthomonadaceae,935,6338,0.36,0.53,4639,4639,0,0.78,0.78,0.0,0.202,4.961,1,0,1,matched,
Neisseriaceae,472,2677,0.18,0.22,4428,4428,0,0.74,0.74,0.0,0.107,9.381,1,0,1,matched,
Helicobacteraceae,127,809,0.05,0.07,3795,3795,0,0.64,0.64,0.0,0.033,29.882,1,0,1,matched,
Bifidobacteriaceae,153,1829,0.06,0.15,3723,3723,0,0.63,0.63,0.0,0.041,24.333,1,0,1,matched,
Peptostreptococcaceae,422,3019,0.16,0.25,3563,3563,0,0.6,0.6,0.0,0.118,8.443,1,0,1,matched,
Streptomycetaceae,1376,8291,0.52,0.69,3283,3283,0,0.55,0.55,0.0,0.419,2.386,1,0,1,matched,
Pasteurellaceae,650,4161,0.25,0.35,3117,3117,0,0.52,0.52,0.0,0.209,4.795,1,0,1,matched,
Clostridiaceae,1843,8212,0.7,0.69,2945,2945,0,0.5,0.5,0.0,0.626,1.598,1,0,1,matched,
Microbacteriaceae,897,6634,0.34,0.56,2688,2688,0,0.45,0.45,0.0,0.334,2.997,1,0,1,matched,
Sphingomonadaceae,1382,8519,0.53,0.71,2673,2673,0,0.45,0.45,0.0,0.517,1.934,1,0,1,matched,
Erysipelotrichaceae,901,3517,0.34,0.29,2415,2415,0,0.41,0.41,0.0,0.373,2.68,1,0,1,matched,
Coriobacteriaceae,184,1177,0.07,0.1,2355,2355,0,0.4,0.4,0.0,0.078,12.799,1,0,1,matched,
Akkermansiaceae,206,1200,0.08,0.1,2106,2106,0,0.35,0.35,0.0,0.098,10.223,1,0,1,matched,
Pelagibacteraceae,6,22,0.0,0.0,1917,1917,0,0.32,0.32,0.0,0.003,319.5,1,0,1,matched,
Tannerellaceae,321,1751,0.12,0.15,1904,1904,0,0.32,0.32,0.0,0.169,5.931,1,0,1,matched,
Chitinophagaceae,2015,10370,0.77,0.87,1877,1877,0,0.32,0.32,0.0,1.074,0.932,1,0,1,matched,
Desulfovibrionaceae,612,2687,0.23,0.22,1781,1781,0,0.3,0.3,0.0,0.344,2.91,1,0,1,matched,
Acetobacteraceae,980,5189,0.37,0.43,1658,1658,0,0.28,0.28,0.0,0.591,1.692,1,0,1,matched,
Alteromonadaceae,514,2140,0.2,0.18,1645,1645,0,0.28,0.28,0.0,0.312,3.2,1,0,1,matched,
Micrococcaceae,960,4723,0.37,0.4,1595,1595,0,0.27,0.27,0.0,0.602,1.661,1,0,1,matched,
Marinifilaceae,184,684,0.07,0.06,1563,1563,0,0.26,0.26,0.0,0.118,8.495,1,0,1,matched,
Anaplasmataceae,296,1229,0.11,0.1,1462,1462,0,0.25,0.25,0.0,0.202,4.939,1,0,1,matched,
Legionellaceae,462,1450,0.18,0.12,1421,1421,0,0.24,0.24,0.0,0.325,3.076,1,0,1,matched,
Xanthobacteraceae,435,3679,0.17,0.31,1411,1411,0,0.24,0.24,0.0,0.308,3.244,1,0,1,matched,
Weeksellaceae,526,2881,0.2,0.24,1390,1390,0,0.23,0.23,0.0,0.378,2.643,1,0,1,matched,
Eggerthellaceae,243,706,0.09,0.06,1367,1367,0,0.23,0.23,0.0,0.178,5.626,1,0,1,matched,
Aeromonadaceae,327,1980,0.12,0.17,1301,1301,0,0.22,0.22,0.0,0.251,3.979,1,0,1,matched,
Treponemataceae,980,2616,0.37,0.22,1288,1288,0,0.22,0.22,0.0,0.761,1.314,1,0,1,matched,
Anaerovoracaceae,456,1143,0.17,0.1,1142,1142,0,0.19,0.19,0.0,0.399,2.504,1,0,1,matched,
Francisellaceae,57,404,0.02,0.03,1136,1136,0,0.19,0.19,0.0,0.05,19.93,1,0,1,matched,
Beijerinckiaceae,351,1602,0.13,0.13,1113,1113,0,0.19,0.19,0.0,0.315,3.171,1,0,1,matched,
Propionibacteriaceae,675,4329,0.26,0.36,1106,1106,0,0.19,0.19,0.0,0.61,1.639,1,0,1,matched,
Atopobiaceae,114,665,0.04,0.06,1094,1094,0,0.18,0.18,0.0,0.104,9.596,1,0,1,matched,
Rhodocyclaceae,395,1594,0.15,0.13,1043,1043,0,0.18,0.18,0.0,0.379,2.641,1,0,1,matched,
Paludibacteraceae,386,1426,0.15,0.12,994,994,0,0.17,0.17,0.0,0.388,2.575,1,0,1,matched,
Paenibacillaceae,1247,5325,0.48,0.45,982,982,0,0.17,0.17,0.0,1.27,0.787,1,0,1,matched,
Actinomycetaceae,377,1477,0.14,0.12,977,977,0,0.16,0.16,0.0,0.386,2.592,1,0,1,matched,
Metamycoplasmataceae,11,58,0.0,0.0,956,956,0,0.16,0.16,0.0,0.012,86.909,1,0,1,matched,
Leptospiraceae,296,1398,0.11,0.12,956,956,0,0.16,0.16,0.0,0.31,3.23,1,0,1,matched,
Coprobacillaceae,97,313,0.04,0.03,927,927,0,0.16,0.16,0.0,0.105,9.557,1,0,1,matched,
Caulobacteraceae,543,4094,0.21,0.34,861,861,0,0.14,0.14,0.0,0.631,1.586,1,0,1,matched,
Saprospiraceae,1091,4819,0.42,0.4,856,856,0,0.14,0.14,0.0,1.275,0.785,1,0,1,matched,
Sphingobacteriaceae,860,4993,0.33,0.42,820,820,0,0.14,0.14,0.0,1.049,0.953,1,0,1,matched,
Selenomonadaceae,369,1665,0.14,0.14,730,730,0,0.12,0.12,0.0,0.505,1.978,1,0,1,matched,
Opitutaceae,427,4052,0.16,0.34,709,709,0,0.12,0.12,0.0,0.602,1.66,1,0,1,matched,
Methanobacteriaceae,420,3102,0.16,0.26,701,701,0,0.12,0.12,0.0,0.599,1.669,1,0,1,matched,
Thermoplasmataceae,37,86,0.01,0.01,691,691,0,0.12,0.12,0.0,0.054,18.676,1,0,1,matched,
Halomonadaceae,598,2529,0.23,0.21,688,688,0,0.12,0.12,0.0,0.869,1.151,1,0,1,matched,
Cyclobacteriaceae,548,2762,0.21,0.23,665,665,0,0.11,0.11,0.0,0.824,1.214,1,0,1,matched,
Shewanellaceae,223,1412,0.09,0.12,662,662,0,0.11,0.11,0.0,0.337,2.969,1,0,1,matched,
Acidaminococcaceae,296,1403,0.11,0.12,657,657,0,0.11,0.11,0.0,0.451,2.22,1,0,1,matched,
Methylophilaceae,298,3964,0.11,0.33,641,641,0,0.11,0.11,0.0,0.465,2.151,1,0,1,matched,
Acidobacteriaceae,334,2801,0.13,0.23,618,618,0,0.1,0.1,0.0,0.54,1.85,1,0,1,matched,
Nitrosopumilaceae,529,4381,0.2,0.37,617,617,0,0.1,0.1,0.0,0.857,1.166,1,0,1,matched,
Anaeroplasmataceae,114,514,0.04,0.04,615,615,0,0.1,0.1,0.0,0.185,5.395,1,0,1,matched,
Planococcaceae,348,1486,0.13,0.12,607,607,0,0.1,0.1,0.0,0.573,1.744,1,0,1,matched,
Mycoplasmoidaceae,5,9,0.0,0.0,600,600,0,0.1,0.1,0.0,0.008,120.0,1,0,1,matched,
Micromonosporaceae,436,2030,0.17,0.17,598,598,0,0.1,0.1,0.0,0.729,1.372,1,0,1,matched,
Ilumatobacteraceae,502,5998,0.19,0.5,597,597,0,0.1,0.1,0.0,0.841,1.189,1,0,1,matched,
Steroidobacteraceae,199,1599,0.08,0.13,597,597,0,0.1,0.1,0.0,0.333,3.0,1,0,1,matched,
Pseudonocardiaceae,536,2438,0.2,0.2,595,595,0,0.1,0.1,0.0,0.901,1.11,1,0,1,matched,
Nostocaceae,181,1030,0.07,0.09,590,590,0,0.1,0.1,0.0,0.307,3.26,1,0,1,matched,
Streptosporangiaceae,162,766,0.06,0.06,573,573,0,0.1,0.1,0.0,0.283,3.537,1,0,1,matched,
Mucispirillaceae,21,40,0.01,0.0,566,566,0,0.1,0.1,0.0,0.037,26.952,1,0,1,matched,
Peptoniphilaceae,425,1369,0.16,0.11,558,558,0,0.09,0.09,0.0,0.762,1.313,1,0,1,matched,
Borreliaceae,23,160,0.01,0.01,542,542,0,0.09,0.09,0.0,0.042,23.565,1,0,1,matched,
Fusobacteriaceae,439,2794,0.17,0.23,542,542,0,0.09,0.09,0.0,0.81,1.235,1,0,1,matched,
Crocinitomicaceae,417,2285,0.16,0.19,542,542,0,0.09,0.09,0.0,0.769,1.3,1,0,1,matched,
Nocardioidaceae,667,2782,0.25,0.23,540,540,0,0.09,0.09,0.0,1.235,0.81,1,0,1,matched,
Chlorobiaceae,2,3,0.0,0.0,523,523,0,0.09,0.09,0.0,0.004,261.5,1,0,1,matched,
Arcobacteraceae,385,1780,0.15,0.15,511,511,0,0.09,0.09,0.0,0.753,1.327,1,0,1,matched,
Veillonellaceae,543,2922,0.21,0.24,498,498,0,0.08,0.08,0.0,1.09,0.917,1,0,1,matched,
Chlamydiaceae,5,47,0.0,0.0,496,496,0,0.08,0.08,0.0,0.01,99.2,1,0,1,matched,
Aerococcaceae,113,357,0.04,0.03,467,467,0,0.08,0.08,0.0,0.242,4.133,1,0,1,matched,
Rhodanobacteraceae,437,2617,0.17,0.22,439,439,0,0.07,0.07,0.0,0.995,1.005,1,0,1,matched,
Microcystaceae,38,608,0.01,0.05,421,421,0,0.07,0.07,0.0,0.09,11.079,1,0,1,matched,
Dermatophilaceae,65,116,0.02,0.01,419,419,0,0.07,0.07,0.0,0.155,6.446,1,0,1,matched,
Bryobacteraceae,650,2629,0.25,0.22,414,414,0,0.07,0.07,0.0,1.57,0.637,1,0,1,matched,
Pirellulaceae,2878,10097,1.1,0.85,398,398,0,0.07,0.07,0.0,7.231,0.138,1,0,1,matched,
Succinivibrionaceae,131,462,0.05,0.04,395,395,0,0.07,0.07,0.0,0.332,3.015,1,0,1,matched,
Oleiphilaceae,29,85,0.01,0.01,393,393,0,0.07,0.07,0.0,0.074,13.552,1,0,1,matched,
Cellulomonadaceae,99,1055,0.04,0.09,391,391,0,0.07,0.07,0.0,0.253,3.949,1,0,1,matched,
Porphyromonadaceae,310,1436,0.12,0.12,383,383,0,0.06,0.06,0.0,0.809,1.235,1,0,1,matched,
Sphaerochaetaceae,206,995,0.08,0.08,377,377,0,0.06,0.06,0.0,0.546,1.83,1,0,1,matched,
Halieaceae,376,1838,0.14,0.15,374,374,0,0.06,0.06,0.0,1.005,0.995,1,0,1,matched,
Dysgonomonadaceae,573,1488,0.22,0.12,368,368,0,0.06,0.06,0.0,1.557,0.642,1,0,1,matched,
Porticoccaceae,181,931,0.07,0.08,365,365,0,0.06,0.06,0.0,0.496,2.017,1,0,1,matched,
Nitrospiraceae,500,3718,0.19,0.31,365,365,0,0.06,0.06,0.0,1.37,0.73,1,0,1,matched,
Schleiferiaceae,83,198,0.03,0.02,355,355,0,0.06,0.06,0.0,0.234,4.277,1,0,1,matched,
Gemmatimonadaceae,1494,8126,0.57,0.68,352,352,0,0.06,0.06,0.0,4.244,0.236,1,0,1,matched,
Gallionellaceae,276,1169,0.11,0.1,351,351,0,0.06,0.06,0.0,0.786,1.272,1,0,1,matched,
Planctomycetaceae,233,857,0.09,0.07,339,339,0,0.06,0.06,0.0,0.687,1.455,1,0,1,matched,
Haloferacaceae,220,653,0.08,0.05,336,336,0,0.06,0.06,0.0,0.655,1.527,1,0,1,matched,
Elusimicrobiaceae,28,92,0.01,0.01,332,332,0,0.06,0.06,0.0,0.084,11.857,1,0,1,matched,
Turicibacteraceae,98,372,0.04,0.03,313,313,0,0.05,0.05,0.0,0.313,3.194,1,0,1,matched,
Acidimicrobiaceae,44,194,0.02,0.02,310,310,0,0.05,0.05,0.0,0.142,7.045,1,0,1,matched,
Methanosarcinaceae,209,1577,0.08,0.13,307,307,0,0.05,0.05,0.0,0.681,1.469,1,0,1,matched,
Brachyspiraceae,24,90,0.01,0.01,305,305,0,0.05,0.05,0.0,0.079,12.708,1,0,1,matched,
Rickettsiaceae,420,1938,0.16,0.16,299,299,0,0.05,0.05,0.0,1.405,0.712,1,0,1,matched,
Sulfurovaceae,714,1957,0.27,0.16,294,294,0,0.05,0.05,0.0,2.429,0.412,1,0,1,matched,
Nitrosomonadaceae,710,6210,0.27,0.52,290,290,0,0.05,0.05,0.0,2.448,0.408,1,0,1,matched,
Fibrobacteraceae,303,1198,0.12,0.1,286,286,0,0.05,0.05,0.0,1.059,0.944,1,0,1,matched,
Solirubrobacteraceae,171,1546,0.07,0.13,284,284,0,0.05,0.05,0.0,0.602,1.661,1,0,1,matched,
Prolixibacteraceae,742,2281,0.28,0.19,279,279,0,0.05,0.05,0.0,2.659,0.376,1,0,1,matched,
Anaerolineaceae,2466,12800,0.94,1.07,261,261,0,0.04,0.04,0.0,9.448,0.106,1,0,1,matched,
Microcoleaceae,111,723,0.04,0.06,257,257,0,0.04,0.04,0.0,0.432,2.315,1,0,1,matched,
Thiobacillaceae,140,675,0.05,0.06,253,253,0,0.04,0.04,0.0,0.553,1.807,1,0,1,matched,
Hymenobacteraceae,426,1501,0.16,0.13,252,252,0,0.04,0.04,0.0,1.69,0.592,1,0,1,matched,
Acidithiobacillaceae,137,457,0.05,0.04,252,252,0,0.04,0.04,0.0,0.544,1.839,1,0,1,matched,
Holophagaceae,160,1112,0.06,0.09,245,245,0,0.04,0.04,0.0,0.653,1.531,1,0,1,matched,
Ferrovaceae,29,155,0.01,0.01,243,243,0,0.04,0.04,0.0,0.119,8.379,1,0,1,matched,
Mycoplasmataceae,367,1256,0.14,0.11,241,241,0,0.04,0.04,0.0,1.523,0.657,1,0,1,matched,
Brevibacteriaceae,83,389,0.03,0.03,230,230,0,0.04,0.04,0.0,0.361,2.771,1,0,1,matched,
Cellvibrionaceae,244,848,0.09,0.07,229,229,0,0.04,0.04,0.0,1.066,0.939,1,0,1,matched,
Devosiaceae,251,1166,0.1,0.1,228,228,0,0.04,0.04,0.0,1.101,0.908,1,0,1,matched,
Gemmataceae,1447,3701,0.55,0.31,226,226,0,0.04,0.04,0.0,6.403,0.156,1,0,1,matched,
Haloarculaceae,223,765,0.09,0.06,224,224,0,0.04,0.04,0.0,0.996,1.004,1,0,1,matched,
Pyrinomonadaceae,659,3239,0.25,0.27,219,219,0,0.04,0.04,0.0,3.009,0.332,1,0,1,matched,
Hyphomonadaceae,284,1532,0.11,0.13,218,218,0,0.04,0.04,0.0,1.303,0.768,1,0,1,matched,
Myxococcaceae,465,1752,0.18,0.15,212,212,0,0.04,0.04,0.0,2.193,0.456,1,0,1,matched,
Coxiellaceae,727,1485,0.28,0.12,209,209,0,0.04,0.04,0.0,3.478,0.287,1,0,1,matched,
Micropepsaceae,161,1409,0.06,0.12,209,209,0,0.04,0.04,0.0,0.77,1.298,1,0,1,matched,
Maricaulaceae,69,343,0.03,0.03,208,208,0,0.03,0.03,0.0,0.332,3.014,1,0,1,matched,
Bacteriovoracaceae,445,1603,0.17,0.13,207,207,0,0.03,0.03,0.0,2.15,0.465,1,0,1,matched,
Carnobacteriaceae,289,1494,0.11,0.13,201,201,0,0.03,0.03,0.0,1.438,0.696,1,0,1,matched,
Acholeplasmataceae,417,1763,0.16,0.15,200,200,0,0.03,0.03,0.0,2.085,0.48,1,0,1,matched,
Polyangiaceae,308,1464,0.12,0.12,199,199,0,0.03,0.03,0.0,1.548,0.646,1,0,1,matched,
Deinococcaceae,193,561,0.07,0.05,199,199,0,0.03,0.03,0.0,0.97,1.031,1,0,1,matched,
Alcanivoracaceae,190,1091,0.07,0.09,194,194,0,0.03,0.03,0.0,0.979,1.021,1,0,1,matched,
Methanospirillaceae,58,314,0.02,0.03,192,192,0,0.03,0.03,0.0,0.302,3.31,1,0,1,matched,
Sulfolobaceae,87,481,0.03,0.04,190,190,0,0.03,0.03,0.0,0.458,2.184,1,0,1,matched,
Chromobacteriaceae,125,887,0.05,0.07,185,185,0,0.03,0.03,0.0,0.676,1.48,1,0,1,matched,
Aminobacteriaceae,117,296,0.04,0.02,184,184,0,0.03,0.03,0.0,0.636,1.573,1,0,1,matched,
Thermaceae,146,1140,0.06,0.1,184,184,0,0.03,0.03,0.0,0.793,1.26,1,0,1,matched,
Stappiaceae,81,389,0.03,0.03,182,182,0,0.03,0.03,0.0,0.445,2.247,1,0,1,matched,
Barnesiellaceae,110,548,0.04,0.05,180,180,0,0.03,0.03,0.0,0.611,1.636,1,0,1,matched,
Thermoguttaceae,23,142,0.01,0.01,180,180,0,0.03,0.03,0.0,0.128,7.826,1,0,1,matched,
Hyphomicrobiaceae,527,3003,0.2,0.25,174,174,0,0.03,0.03,0.0,3.029,0.33,1,0,1,matched,
Woeseiaceae,289,1668,0.11,0.14,173,173,0,0.03,0.03,0.0,1.671,0.599,1,0,1,matched,
Peptococcaceae,585,1093,0.22,0.09,173,173,0,0.03,0.03,0.0,3.382,0.296,1,0,1,matched,
Fimbriimonadaceae,311,1227,0.12,0.1,170,170,0,0.03,0.03,0.0,1.829,0.547,1,0,1,matched,
Gaiellaceae,186,1814,0.07,0.15,168,168,0,0.03,0.03,0.0,1.107,0.903,1,0,1,matched,
Nitrososphaeraceae,273,3133,0.1,0.26,167,167,0,0.03,0.03,0.0,1.635,0.612,1,0,1,matched,
Azospirillaceae,210,1213,0.08,0.1,166,166,0,0.03,0.03,0.0,1.265,0.79,1,0,1,matched,
Natrialbaceae,131,452,0.05,0.04,166,166,0,0.03,0.03,0.0,0.789,1.267,1,0,1,matched,
Melioribacteraceae,3,5,0.0,0.0,163,163,0,0.03,0.03,0.0,0.018,54.333,1,0,1,matched,
Thermococcaceae,48,369,0.02,0.03,161,161,0,0.03,0.03,0.0,0.298,3.354,1,0,1,matched,
Synergistaceae,401,1117,0.15,0.09,159,159,0,0.03,0.03,0.0,2.522,0.397,1,0,1,matched,
Desulfobacteraceae,685,2486,0.26,0.21,159,159,0,0.03,0.03,0.0,4.308,0.232,1,0,1,matched,
Desulfocapsaceae,604,1679,0.23,0.14,159,159,0,0.03,0.03,0.0,3.799,0.263,1,0,1,matched,
Methanocorpusculaceae,25,149,0.01,0.01,152,152,0,0.03,0.03,0.0,0.164,6.08,1,0,1,matched,
Methanotrichaceae,246,1914,0.09,0.16,150,150,0,0.03,0.03,0.0,1.64,0.61,1,0,1,matched,
Geodermatophilaceae,105,721,0.04,0.06,148,148,0,0.02,0.02,0.0,0.709,1.41,1,0,1,matched,
Leptotrichiaceae,289,999,0.11,0.08,141,141,0,0.02,0.02,0.0,2.05,0.488,1,0,1,matched,
Dermabacteraceae,69,440,0.03,0.04,139,139,0,0.02,0.02,0.0,0.496,2.014,1,0,1,matched,
Chromatiaceae,267,1149,0.1,0.1,135,135,0,0.02,0.02,0.0,1.978,0.506,1,0,1,matched,
Rhodospirillaceae,394,2065,0.15,0.17,134,134,0,0.02,0.02,0.0,2.94,0.34,1,0,1,matched,
Caldilineaceae,386,1342,0.15,0.11,132,132,0,0.02,0.02,0.0,2.924,0.342,1,0,1,matched,
Endomicrobiaceae,137,354,0.05,0.03,129,129,0,0.02,0.02,0.0,1.062,0.942,1,0,1,matched,
Marinilabiliaceae,419,1176,0.16,0.1,127,127,0,0.02,0.02,0.0,3.299,0.303,1,0,1,matched,
Rectinemataceae,1,1,0.0,0.0,121,121,0,0.02,0.02,0.0,0.008,121.0,1,0,1,matched,
Verrucomicrobiaceae,623,4565,0.24,0.38,121,121,0,0.02,0.02,0.0,5.149,0.194,1,0,1,matched,
Smithellaceae,89,687,0.03,0.06,120,120,0,0.02,0.02,0.0,0.742,1.348,1,0,1,matched,
Acidiferrobacteraceae,106,532,0.04,0.04,120,120,0,0.02,0.02,0.0,0.883,1.132,1,0,1,matched,
Ectothiorhodospiraceae,336,1544,0.13,0.13,120,120,0,0.02,0.02,0.0,2.8,0.357,1,0,1,matched,
Reyranellaceae,110,1774,0.04,0.15,120,120,0,0.02,0.02,0.0,0.917,1.091,1,0,1,matched,
Eubacteriaceae,221,1229,0.08,0.1,114,114,0,0.02,0.02,0.0,1.939,0.516,1,0,1,matched,
Methylococcaceae,311,2072,0.12,0.17,112,112,0,0.02,0.02,0.0,2.777,0.36,1,0,1,matched,
Mariprofundaceae,111,409,0.04,0.03,110,110,0,0.02,0.02,0.0,1.009,0.991,1,0,1,matched,
Syntrophomonadaceae,343,890,0.13,0.07,110,110,0,0.02,0.02,0.0,3.118,0.321,1,0,1,matched,
Desulfobulbaceae,417,1643,0.16,0.14,108,108,0,0.02,0.02,0.0,3.861,0.259,1,0,1,matched,
Christensenellaceae,1852,4396,0.71,0.37,108,108,0,0.02,0.02,0.0,17.148,0.058,1,0,1,matched,
Thalassospiraceae,147,650,0.06,0.05,104,104,0,0.02,0.02,0.0,1.413,0.707,1,0,1,matched,
Vicingaceae,69,359,0.03,0.03,103,103,0,0.02,0.02,0.0,0.67,1.493,1,0,1,matched,
Archaeoglobaceae,66,307,0.03,0.03,102,102,0,0.02,0.02,0.0,0.647,1.545,1,0,1,matched,
Blattabacteriaceae,135,436,0.05,0.04,100,100,0,0.02,0.02,0.0,1.35,0.741,1,0,1,matched,
Aquificaceae,72,511,0.03,0.04,100,100,0,0.02,0.02,0.0,0.72,1.389,1,0,1,matched,
Salibacteraceae,1,4,0.0,0.0,99,99,0,0.02,0.02,0.0,0.01,99.0,1,0,1,matched,
Desulfitobacteriaceae,297,666,0.11,0.06,99,99,0,0.02,0.02,0.0,3.0,0.333,1,0,1,matched,
Geobacteraceae,415,1893,0.16,0.16,97,97,0,0.02,0.02,0.0,4.278,0.234,1,0,1,matched,
Acidilobaceae,21,131,0.01,0.01,97,97,0,0.02,0.02,0.0,0.216,4.619,1,0,1,matched,
Kosmotogaceae,34,312,0.01,0.03,94,94,0,0.02,0.02,0.0,0.362,2.765,1,0,1,matched,
Frankiaceae,30,112,0.01,0.01,93,93,0,0.02,0.02,0.0,0.323,3.1,1,0,1,matched,
Chthoniobacteraceae,791,4749,0.3,0.4,91,91,0,0.02,0.02,0.0,8.692,0.115,1,0,1,matched,
Piscirickettsiaceae,191,1210,0.07,0.1,90,90,0,0.02,0.02,0.0,2.122,0.471,1,0,1,matched,
Thiotrichaceae,461,1730,0.18,0.14,90,90,0,0.02,0.02,0.0,5.122,0.195,1,0,1,matched,
Isosphaeraceae,492,2150,0.19,0.18,90,90,0,0.02,0.02,0.0,5.467,0.183,1,0,1,matched,
Chloroflexaceae,159,573,0.06,0.05,88,88,0,0.01,0.01,0.0,1.807,0.553,1,0,1,matched,
Pseudanabaenaceae,89,614,0.03,0.05,83,83,0,0.01,0.01,0.0,1.072,0.933,1,0,1,matched,
Parvularculaceae,85,452,0.03,0.04,82,82,0,0.01,0.01,0.0,1.037,0.965,1,0,1,matched,
Granulosicoccaceae,27,102,0.01,0.01,80,80,0,0.01,0.01,0.0,0.338,2.963,1,0,1,matched,
Syntrophorhabdaceae,162,800,0.06,0.07,77,77,0,0.01,0.01,0.0,2.104,0.475,1,0,1,matched,
Wenzhouxiangellaceae,16,61,0.01,0.01,76,76,0,0.01,0.01,0.0,0.211,4.75,1,0,1,matched,
Alicyclobacillaceae,176,745,0.07,0.06,73,73,0,0.01,0.01,0.0,2.411,0.415,1,0,1,matched,
Parvibaculaceae,89,518,0.03,0.04,73,73,0,0.01,0.01,0.0,1.219,0.82,1,0,1,matched,
Rubrobacteraceae,211,1322,0.08,0.11,71,71,0,0.01,0.01,0.0,2.972,0.336,1,0,1,matched,
Thalassobaculaceae,25,108,0.01,0.01,71,71,0,0.01,0.01,0.0,0.352,2.84,1,0,1,matched,
Emcibacteraceae,4,11,0.0,0.0,70,70,0,0.01,0.01,0.0,0.057,17.5,1,0,1,matched,
Nitriliruptoraceae,60,199,0.02,0.02,70,70,0,0.01,0.01,0.0,0.857,1.167,1,0,1,matched,
Thermoanaerobacteraceae,196,615,0.07,0.05,70,70,0,0.01,0.01,0.0,2.8,0.357,1,0,1,matched,
Cellulosilyticaceae,36,77,0.01,0.01,69,69,0,0.01,0.01,0.0,0.522,1.917,1,0,1,matched,
Stellaceae,25,143,0.01,0.01,69,69,0,0.01,0.01,0.0,0.362,2.76,1,0,1,matched,
Sulfurospirillaceae,94,540,0.04,0.05,68,68,0,0.01,0.01,0.0,1.382,0.723,1,0,1,matched,
Desulfurococcaceae,145,535,0.06,0.04,67,67,0,0.01,0.01,0.0,2.164,0.462,1,0,1,matched,
Leptolyngbyaceae,359,1192,0.14,0.1,67,67,0,0.01,0.01,0.0,5.358,0.187,1,0,1,matched,
Roseiflexaceae,344,1591,0.13,0.13,66,66,0,0.01,0.01,0.0,5.212,0.192,1,0,1,matched,
Trueperaceae,189,620,0.07,0.05,65,65,0,0.01,0.01,0.0,2.908,0.344,1,0,1,matched,
Phycisphaeraceae,1258,5650,0.48,0.47,65,65,0,0.01,0.01,0.0,19.354,0.052,1,0,1,matched,
Halobacteriaceae,190,710,0.07,0.06,65,65,0,0.01,0.01,0.0,2.923,0.342,1,0,1,matched,
Syntrophobacteraceae,188,836,0.07,0.07,64,64,0,0.01,0.01,0.0,2.938,0.34,1,0,1,matched,
Demequinaceae,25,192,0.01,0.02,64,64,0,0.01,0.01,0.0,0.391,2.56,1,0,1,matched,
Thermodesulfobacteriaceae,80,441,0.03,0.04,62,62,0,0.01,0.01,0.0,1.29,0.775,1,0,1,matched,
Parachlamydiaceae,6,6,0.0,0.0,61,61,0,0.01,0.01,0.0,0.098,10.167,1,0,1,matched,
Fervidobacteriaceae,37,263,0.01,0.02,60,60,0,0.01,0.01,0.0,0.617,1.622,1,0,1,matched,
Tissierellaceae,119,342,0.05,0.03,60,60,0,0.01,0.01,0.0,1.983,0.504,1,0,1,matched,
Geopsychrobacteraceae,60,281,0.02,0.02,60,60,0,0.01,0.01,0.0,1.0,1.0,1,0,1,matched,
Desulfomonilaceae,62,228,0.02,0.02,57,57,0,0.01,0.01,0.0,1.088,0.919,1,0,1,matched,
Hydrogenothermaceae,56,402,0.02,0.03,57,57,0,0.01,0.01,0.0,0.982,1.018,1,0,1,matched,
Dehalococcoidaceae,21,97,0.01,0.01,57,57,0,0.01,0.01,0.0,0.368,2.714,1,0,1,matched,
Ktedonobacteraceae,806,1977,0.31,0.17,55,55,0,0.01,0.01,0.0,14.655,0.068,1,0,1,matched,
Petrotogaceae,68,663,0.03,0.06,55,55,0,0.01,0.01,0.0,1.236,0.809,1,0,1,matched,
Thermosynechococcaceae,5,24,0.0,0.0,55,55,0,0.01,0.01,0.0,0.091,11.0,1,0,1,matched,
Halothiobacillaceae,76,284,0.03,0.02,55,55,0,0.01,0.01,0.0,1.382,0.724,1,0,1,matched,
Anaeromyxobacteraceae,170,951,0.06,0.08,55,55,0,0.01,0.01,0.0,3.091,0.324,1,0,1,matched,
Lacipirellulaceae,21,31,0.01,0.0,54,54,0,0.01,0.01,0.0,0.389,2.571,1,0,1,matched,
Thermoactinomycetaceae,118,303,0.04,0.03,54,54,0,0.01,0.01,0.0,2.185,0.458,1,0,1,matched,
Terrimicrobiaceae,99,933,0.04,0.08,53,53,0,0.01,0.01,0.0,1.868,0.535,1,0,1,matched,
Methanococcaceae,24,118,0.01,0.01,53,53,0,0.01,0.01,0.0,0.453,2.208,1,0,1,matched,
Coleofasciculaceae,127,570,0.05,0.05,52,52,0,0.01,0.01,0.0,2.442,0.409,1,0,1,matched,
Thermovirgaceae,89,366,0.03,0.03,51,51,0,0.01,0.01,0.0,1.745,0.573,1,0,1,matched,
Kangiellaceae,23,98,0.01,0.01,51,51,0,0.01,0.01,0.0,0.451,2.217,1,0,1,matched,
Geminicoccaceae,179,838,0.07,0.07,50,50,0,0.01,0.01,0.0,3.58,0.279,1,0,1,matched,
Endozoicomonadaceae,117,384,0.04,0.03,49,49,0,0.01,0.01,0.0,2.388,0.419,1,0,1,matched,
Lentimicrobiaceae,468,2483,0.18,0.21,48,48,0,0.01,0.01,0.0,9.75,0.103,1,0,1,matched,
Spongiibacteraceae,164,634,0.06,0.05,48,48,0,0.01,0.01,0.0,3.417,0.293,1,0,1,matched,
Desulfosarcinaceae,745,3063,0.28,0.26,48,48,0,0.01,0.01,0.0,15.521,0.064,1,0,1,matched,
Nannocystaceae,118,380,0.04,0.03,48,48,0,0.01,0.01,0.0,2.458,0.407,1,0,1,matched,
Methanomassiliicoccaceae,52,550,0.02,0.05,47,47,0,0.01,0.01,0.0,1.106,0.904,1,0,1,matched,
Dethiosulfovibrionaceae,27,93,0.01,0.01,47,47,0,0.01,0.01,0.0,0.574,1.741,1,0,1,matched,
Thermotogaceae,27,281,0.01,0.02,47,47,0,0.01,0.01,0.0,0.574,1.741,1,0,1,matched,
Desulfarculaceae,36,83,0.01,0.01,46,46,0,0.01,0.01,0.0,0.783,1.278,1,0,1,matched,
Tepidisphaeraceae,52,158,0.02,0.01,45,45,0,0.01,0.01,0.0,1.156,0.865,1,0,1,matched,
Sporolactobacillaceae,35,182,0.01,0.02,45,45,0,0.01,0.01,0.0,0.778,1.286,1,0,1,matched,
Desulfosalsimonadaceae,16,42,0.01,0.0,43,43,0,0.01,0.01,0.0,0.372,2.688,1,0,1,matched,
Thermoleophilaceae,4,20,0.0,0.0,42,42,0,0.01,0.01,0.0,0.095,10.5,1,0,1,matched,
Kordiimonadaceae,79,170,0.03,0.01,42,42,0,0.01,0.01,0.0,1.881,0.532,1,0,1,matched,
Chthonomonadaceae,157,499,0.06,0.04,41,41,0,0.01,0.01,0.0,3.829,0.261,1,0,1,matched,
Desulfurobacteriaceae,27,99,0.01,0.01,40,40,0,0.01,0.01,0.0,0.675,1.481,1,0,1,matched,
Thermoanaerobaculaceae,708,2663,0.27,0.22,40,40,0,0.01,0.01,0.0,17.7,0.056,1,0,1,matched,
Thermoproteaceae,112,510,0.04,0.04,40,40,0,0.01,0.01,0.0,2.8,0.357,1,0,1,matched,
Arenicellaceae,199,690,0.08,0.06,40,40,0,0.01,0.01,0.0,4.975,0.201,1,0,1,matched,
Kribbellaceae,33,294,0.01,0.02,39,39,0,0.01,0.01,0.0,0.846,1.182,1,0,1,matched,
Sulfuricellaceae,56,236,0.02,0.02,39,39,0,0.01,0.01,0.0,1.436,0.696,1,0,1,matched,
Nautiliaceae,95,584,0.04,0.05,39,39,0,0.01,0.01,0.0,2.436,0.411,1,0,1,matched,
Thermomicrobiaceae,11,130,0.0,0.01,38,38,0,0.01,0.01,0.0,0.289,3.455,1,0,1,matched,
Tepidanaerobacteraceae,32,108,0.01,0.01,38,38,0,0.01,0.01,0.0,0.842,1.188,1,0,1,matched,
Desulfomicrobiaceae,46,410,0.02,0.03,38,38,0,0.01,0.01,0.0,1.211,0.826,1,0,1,matched,
Beutenbergiaceae,9,24,0.0,0.0,38,38,0,0.01,0.01,0.0,0.237,4.222,1,0,1,matched,
Caldisericaceae,42,404,0.02,0.03,37,37,0,0.01,0.01,0.0,1.135,0.881,1,0,1,matched,
Halanaerobiaceae,122,535,0.05,0.04,37,37,0,0.01,0.01,0.0,3.297,0.303,1,0,1,matched,
Kaistiaceae,96,352,0.04,0.03,36,36,0,0.01,0.01,0.0,2.667,0.375,1,0,1,matched,
Nitratiruptoraceae,28,46,0.01,0.0,35,35,0,0.01,0.01,0.0,0.8,1.25,1,0,1,matched,
Xenococcaceae,25,74,0.01,0.01,35,35,0,0.01,0.01,0.0,0.714,1.4,1,0,1,matched,
Vallitaleaceae,13,25,0.0,0.0,35,35,0,0.01,0.01,0.0,0.371,2.692,1,0,1,matched,
Sneathiellaceae,43,138,0.02,0.01,35,35,0,0.01,0.01,0.0,1.229,0.814,1,0,1,matched,
Methanomicrobiaceae,161,851,0.06,0.07,35,35,0,0.01,0.01,0.0,4.6,0.217,1,0,1,matched,
Moritellaceae,21,117,0.01,0.01,33,33,0,0.01,0.01,0.0,0.636,1.571,1,0,1,matched,
Chitinispirillaceae,1,1,0.0,0.0,33,33,0,0.01,0.01,0.0,0.03,33.0,1,0,1,matched,
Egibacteraceae,9,37,0.0,0.0,32,32,0,0.01,0.01,0.0,0.281,3.556,1,0,1,matched,
Psychromonadaceae,25,220,0.01,0.02,32,32,0,0.01,0.01,0.0,0.781,1.28,1,0,1,matched,
Cardiobacteriaceae,163,556,0.06,0.05,32,32,0,0.01,0.01,0.0,5.094,0.196,1,0,1,matched,
Thermofilaceae,41,181,0.02,0.02,32,32,0,0.01,0.01,0.0,1.281,0.78,1,0,1,matched,
Thermodesulfovibrionaceae,49,250,0.02,0.02,31,31,0,0.01,0.01,0.0,1.581,0.633,1,0,1,matched,
Amoebophilaceae,157,537,0.06,0.04,31,31,0,0.01,0.01,0.0,5.065,0.197,1,0,1,matched,
Desertifilaceae,4,14,0.0,0.0,31,31,0,0.01,0.01,0.0,0.129,7.75,1,0,1,matched,
Bradymonadaceae,74,169,0.03,0.01,30,30,0,0.01,0.01,0.0,2.467,0.405,1,0,1,matched,
Jatrophihabitantaceae,63,513,0.02,0.04,30,30,0,0.01,0.01,0.0,2.1,0.476,1,0,1,matched,
Chroococcidiopsidaceae,43,120,0.02,0.01,29,29,0,0.0,0.0,0.0,1.483,0.674,1,0,1,matched,
Pleomorphomonadaceae,34,117,0.01,0.01,28,28,0,0.0,0.0,0.0,1.214,0.824,1,0,1,matched,
Jiangellaceae,24,66,0.01,0.01,28,28,0,0.0,0.0,0.0,0.857,1.167,1,0,1,matched,
Spirochaetaceae,1799,5941,0.69,0.5,27,27,0,0.0,0.0,0.0,66.63,0.015,0,1,1,matched,
Tepidimicrobiaceae,70,157,0.03,0.01,27,27,0,0.0,0.0,0.0,2.593,0.386,1,0,1,matched,
Pyrodictiaceae,21,63,0.01,0.01,26,26,0,0.0,0.0,0.0,0.808,1.238,1,0,1,matched,
Desulfonatronovibrionaceae,12,30,0.0,0.0,26,26,0,0.0,0.0,0.0,0.462,2.167,1,0,1,matched,
Kiloniellaceae,165,526,0.06,0.04,26,26,0,0.0,0.0,0.0,6.346,0.158,1,0,1,matched,
Cytophagaceae,317,925,0.12,0.08,26,26,0,0.0,0.0,0.0,12.192,0.082,1,0,1,matched,
Iamiaceae,98,521,0.04,0.04,26,26,0,0.0,0.0,0.0,3.769,0.265,1,0,1,matched,
Methylacidiphilaceae,133,1168,0.05,0.1,26,26,0,0.0,0.0,0.0,5.115,0.195,1,0,1,matched,
Simkaniaceae,1,1,0.0,0.0,25,25,0,0.0,0.0,0.0,0.04,25.0,1,0,1,matched,
Silvanigrellaceae,84,359,0.03,0.03,25,25,0,0.0,0.0,0.0,3.36,0.298,1,0,1,matched,
Nitrospinaceae,271,1284,0.1,0.11,24,24,0,0.0,0.0,0.0,11.292,0.089,1,0,1,matched,
Nakamurellaceae,50,430,0.02,0.04,24,24,0,0.0,0.0,0.0,2.083,0.48,1,0,1,matched,
Ancalomicrobiaceae,1,11,0.0,0.0,24,24,0,0.0,0.0,0.0,0.042,24.0,1,0,1,matched,
Sporomusaceae,290,868,0.11,0.07,24,24,0,0.0,0.0,0.0,12.083,0.083,1,0,1,matched,
Celerinatantimonadaceae,4,6,0.0,0.0,23,23,0,0.0,0.0,0.0,0.174,5.75,1,0,1,matched,
Oscillatoriaceae,107,366,0.04,0.03,23,23,0,0.0,0.0,0.0,4.652,0.215,1,1,2,matched,
Flammeovirgaceae,76,179,0.03,0.01,23,23,0,0.0,0.0,0.0,3.304,0.303,1,0,1,matched,
Desulfatirhabdiaceae,26,244,0.01,0.02,23,23,0,0.0,0.0,0.0,1.13,0.885,1,0,1,matched,
Mesoaciditogaceae,13,28,0.0,0.0,22,22,0,0.0,0.0,0.0,0.591,1.692,1,0,1,matched,
Microscillaceae,617,2545,0.24,0.21,21,21,0,0.0,0.0,0.0,29.381,0.034,1,0,1,matched,
Desulfotomaculaceae,174,470,0.07,0.04,21,21,0,0.0,0.0,0.0,8.286,0.121,1,0,1,matched,
Calditrichaceae,399,1078,0.15,0.09,21,21,0,0.0,0.0,0.0,19.0,0.053,1,0,1,matched,
Halococcaceae,32,105,0.01,0.01,20,20,0,0.0,0.0,0.0,1.6,0.625,1,0,1,matched,
Salinisphaeraceae,39,87,0.01,0.01,20,20,0,0.0,0.0,0.0,1.95,0.513,1,0,1,matched,
Syntrophotaleaceae,21,64,0.01,0.01,20,20,0,0.0,0.0,0.0,1.05,0.952,1,0,1,matched,
Ardenticatenaceae,59,110,0.02,0.01,20,20,0,0.0,0.0,0.0,2.95,0.339,1,0,1,matched,
Kineosporiaceae,85,459,0.03,0.04,19,19,0,0.0,0.0,0.0,4.474,0.224,1,0,1,matched,
Afifellaceae,11,22,0.0,0.0,19,19,0,0.0,0.0,0.0,0.579,1.727,1,0,1,matched,
Desulfuromonadaceae,136,548,0.05,0.05,19,19,0,0.0,0.0,0.0,7.158,0.14,1,0,1,matched,
Rhodothalassiaceae,2,7,0.0,0.0,18,18,0,0.0,0.0,0.0,0.111,9.0,1,0,1,matched,
Methanocaldococcaceae,52,172,0.02,0.01,18,18,0,0.0,0.0,0.0,2.889,0.346,1,0,1,matched,
Thermoflexaceae,74,371,0.03,0.03,18,18,0,0.0,0.0,0.0,4.111,0.243,1,0,1,matched,
Armatimonadaceae,23,511,0.01,0.04,18,18,0,0.0,0.0,0.0,1.278,0.783,1,0,1,matched,
Tepidamorphaceae,19,28,0.01,0.0,18,18,0,0.0,0.0,0.0,1.056,0.947,1,0,1,matched,
Desulfallaceae,14,35,0.01,0.0,18,18,0,0.0,0.0,0.0,0.778,1.286,1,0,1,matched,
Sporanaerobacteraceae,23,58,0.01,0.0,17,17,0,0.0,0.0,0.0,1.353,0.739,1,0,1,matched,
Longimicrobiaceae,301,757,0.11,0.06,17,17,0,0.0,0.0,0.0,17.706,0.056,1,0,1,matched,
Rhodothermaceae,881,3069,0.34,0.26,16,16,0,0.0,0.0,0.0,55.062,0.018,1,0,1,matched,
Spirulinaceae,16,48,0.01,0.0,16,16,0,0.0,0.0,0.0,1.0,1.0,1,0,1,matched,
Flexibacteraceae,23,75,0.01,0.01,16,16,0,0.0,0.0,0.0,1.438,0.696,1,0,1,matched,
Dictyoglomaceae,7,133,0.0,0.01,16,16,0,0.0,0.0,0.0,0.438,2.286,1,0,1,matched,
Phreatobacteraceae,45,144,0.02,0.01,16,16,0,0.0,0.0,0.0,2.812,0.356,1,0,1,matched,
Thermodesulfatatoraceae,6,11,0.0,0.0,16,16,0,0.0,0.0,0.0,0.375,2.667,1,0,1,matched,
Kallotenuaceae,4,6,0.0,0.0,15,15,0,0.0,0.0,0.0,0.267,3.75,1,0,1,matched,
Cohaesibacteraceae,33,133,0.01,0.01,15,15,0,0.0,0.0,0.0,2.2,0.455,1,0,1,matched,
Acetomicrobiaceae,21,128,0.01,0.01,15,15,0,0.0,0.0,0.0,1.4,0.714,1,0,1,matched,
Caldicoprobacteraceae,150,447,0.06,0.04,15,15,0,0.0,0.0,0.0,10.0,0.1,1,0,1,matched,
Thermoflexibacteraceae,13,64,0.0,0.01,14,14,0,0.0,0.0,0.0,0.929,1.077,1,0,1,matched,
Chamaesiphonaceae,8,42,0.0,0.0,14,14,0,0.0,0.0,0.0,0.571,1.75,1,0,1,matched,
Catenulisporaceae,6,62,0.0,0.01,13,13,0,0.0,0.0,0.0,0.462,2.167,1,0,1,matched,
Vicinamibacteraceae,549,2228,0.21,0.19,13,13,0,0.0,0.0,0.0,42.231,0.024,1,0,1,matched,
Oligoflexaceae,299,838,0.11,0.07,13,13,0,0.0,0.0,0.0,23.0,0.043,1,0,1,matched,
Synechococcaceae,128,2103,0.05,0.18,13,13,0,0.0,0.0,0.0,9.846,0.102,1,0,1,matched,
Desulfobaccaceae,99,653,0.04,0.05,13,13,0,0.0,0.0,0.0,7.615,0.131,1,0,1,matched,
Thermonemataceae,2,9,0.0,0.0,13,13,0,0.0,0.0,0.0,0.154,6.5,1,0,1,matched,
Fervidicoccaceae,27,75,0.01,0.01,13,13,0,0.0,0.0,0.0,2.077,0.481,1,0,1,matched,
Amorphaceae,15,42,0.01,0.0,13,13,0,0.0,0.0,0.0,1.154,0.867,1,0,1,matched,
Methylothermaceae,18,39,0.01,0.0,13,13,0,0.0,0.0,0.0,1.385,0.722,1,0,1,matched,
Desulfohalobiaceae,77,286,0.03,0.02,12,12,0,0.0,0.0,0.0,6.417,0.156,1,0,1,matched,
Gloeomargaritaceae,1,16,0.0,0.0,12,12,0,0.0,0.0,0.0,0.083,12.0,1,0,1,matched,
Heliobacteriaceae,30,65,0.01,0.01,12,12,0,0.0,0.0,0.0,2.5,0.4,1,0,1,matched,
Defluviitaleaceae,139,414,0.05,0.03,12,12,0,0.0,0.0,0.0,11.583,0.086,1,0,1,matched,
Zavarziniaceae,5,22,0.0,0.0,12,12,0,0.0,0.0,0.0,0.417,2.4,1,0,1,matched,
Holosporaceae,272,1276,0.1,0.11,12,12,0,0.0,0.0,0.0,22.667,0.044,1,0,1,matched,
Sandaracinaceae,360,1409,0.14,0.12,12,12,0,0.0,0.0,0.0,30.0,0.033,1,0,1,matched,
Desulfatibacillaceae,8,21,0.0,0.0,12,12,0,0.0,0.0,0.0,0.667,1.5,1,0,1,matched,
Prochlorotrichaceae,33,207,0.01,0.02,11,11,0,0.0,0.0,0.0,3.0,0.333,1,0,1,matched,
Immundisolibacteraceae,37,135,0.01,0.01,11,11,0,0.0,0.0,0.0,3.364,0.297,1,0,1,matched,
Halobacteroidaceae,84,212,0.03,0.02,10,10,0,0.0,0.0,0.0,8.4,0.119,1,0,1,matched,
Desulfocucumaceae,2,3,0.0,0.0,10,10,0,0.0,0.0,0.0,0.2,5.0,1,0,1,matched,
Desulfonatronaceae,15,74,0.01,0.01,10,10,0,0.0,0.0,0.0,1.5,0.667,1,0,1,matched,
Thermotomaculaceae,20,72,0.01,0.01,10,10,0,0.0,0.0,0.0,2.0,0.5,1,0,1,matched,
Desulfococcaceae,204,589,0.08,0.05,10,10,0,0.0,0.0,0.0,20.4,0.049,1,0,1,matched,
Bernardetiaceae,18,131,0.01,0.01,10,10,0,0.0,0.0,0.0,1.8,0.556,1,0,1,matched,
Zooshikellaceae,1,5,0.0,0.0,9,9,0,0.0,0.0,0.0,0.111,9.0,1,0,1,matched,
Methermicoccaceae,3,8,0.0,0.0,9,9,0,0.0,0.0,0.0,0.333,3.0,1,0,1,matched,
Methanopyraceae,3,16,0.0,0.0,9,9,0,0.0,0.0,0.0,0.333,3.0,1,0,1,matched,
Acanthopleuribacteraceae,45,72,0.02,0.01,9,9,0,0.0,0.0,0.0,5.0,0.2,1,0,1,matched,
Coprothermobacteraceae,56,278,0.02,0.02,9,9,0,0.0,0.0,0.0,6.222,0.161,1,0,1,matched,
Rhodovibrionaceae,86,351,0.03,0.03,9,9,0,0.0,0.0,0.0,9.556,0.105,1,0,1,matched,
Thermosediminibacteraceae,12,33,0.0,0.0,9,9,0,0.0,0.0,0.0,1.333,0.75,1,0,1,matched,
Cryomorphaceae,324,2904,0.12,0.24,9,9,0,0.0,0.0,0.0,36.0,0.028,1,0,1,matched,
Thiovulaceae,589,2004,0.22,0.17,9,9,0,0.0,0.0,0.0,65.444,0.015,1,0,1,matched,
Dissulfuribacteraceae,41,158,0.02,0.01,9,9,0,0.0,0.0,0.0,4.556,0.22,1,0,1,matched,
Herpetosiphonaceae,20,114,0.01,0.01,9,9,0,0.0,0.0,0.0,2.222,0.45,1,0,1,matched,
Desulfolunaceae,18,82,0.01,0.01,9,9,0,0.0,0.0,0.0,2.0,0.5,1,0,1,matched,
Actinopolymorphaceae,7,38,0.0,0.0,9,9,0,0.0,0.0,0.0,0.778,1.286,1,0,1,matched,
Symbiobacteriaceae,186,581,0.07,0.05,8,8,0,0.0,0.0,0.0,23.25,0.043,1,0,1,matched,
Salinivirgaceae,69,215,0.03,0.02,8,8,0,0.0,0.0,0.0,8.625,0.116,1,0,1,matched,
Thermohalobacteraceae,43,89,0.02,0.01,8,8,0,0.0,0.0,0.0,5.375,0.186,1,0,1,matched,
Geoalkalibacteraceae,18,66,0.01,0.01,8,8,0,0.0,0.0,0.0,2.25,0.444,1,0,1,matched,
Haloplasmataceae,34,70,0.01,0.01,8,8,0,0.0,0.0,0.0,4.25,0.235,1,0,1,matched,
Methanocellaceae,60,235,0.02,0.02,8,8,0,0.0,0.0,0.0,7.5,0.133,1,0,1,matched,
Caedimonadaceae,1,1,0.0,0.0,8,8,0,0.0,0.0,0.0,0.125,8.0,1,0,1,matched,
Aminiphilaceae,6,17,0.0,0.0,7,7,0,0.0,0.0,0.0,0.857,1.167,1,0,1,matched,
Methanonatronarchaeaceae,12,24,0.0,0.0,7,7,0,0.0,0.0,0.0,1.714,0.583,1,0,1,matched,
Thermodesulfobiaceae,3,21,0.0,0.0,7,7,0,0.0,0.0,0.0,0.429,2.333,1,0,1,matched,
Desulfonauticaceae,3,13,0.0,0.0,7,7,0,0.0,0.0,0.0,0.429,2.333,1,0,1,matched,
Sedimentisphaeraceae,2,11,0.0,0.0,7,7,0,0.0,0.0,0.0,0.286,3.5,1,0,1,matched,
Acidothermaceae,153,2296,0.06,0.19,7,7,0,0.0,0.0,0.0,21.857,0.046,1,0,1,matched,
Desulfurellaceae,27,103,0.01,0.01,7,7,0,0.0,0.0,0.0,3.857,0.259,1,0,1,matched,
Brevinemataceae,61,292,0.02,0.02,6,6,0,0.0,0.0,0.0,10.167,0.098,1,0,1,matched,
Terasakiellaceae,85,279,0.03,0.02,6,6,0,0.0,0.0,0.0,14.167,0.071,1,0,1,matched,
Calditerrivibrionaceae,12,59,0.0,0.0,6,6,0,0.0,0.0,0.0,2.0,0.5,1,0,1,matched,
Gloeobacteraceae,7,23,0.0,0.0,6,6,0,0.0,0.0,0.0,1.167,0.857,1,0,1,matched,
Antricoccaceae,6,14,0.0,0.0,6,6,0,0.0,0.0,0.0,1.0,1.0,1,0,1,matched,
Rhodobiaceae,10,22,0.0,0.0,6,6,0,0.0,0.0,0.0,1.667,0.6,1,0,1,matched,
Syntrophaceae,154,703,0.06,0.06,6,6,0,0.0,0.0,0.0,25.667,0.039,1,0,1,matched,
Gottschalkiaceae,12,28,0.0,0.0,5,5,0,0.0,0.0,0.0,2.4,0.417,1,0,1,matched,
Limnochordaceae,105,244,0.04,0.02,5,5,0,0.0,0.0,0.0,21.0,0.048,1,0,1,matched,
Motilibacteraceae,3,10,0.0,0.0,5,5,0,0.0,0.0,0.0,0.6,1.667,1,0,1,matched,
Algiphilaceae,6,20,0.0,0.0,5,5,0,0.0,0.0,0.0,1.2,0.833,1,0,1,matched,
Thermodesulforhabdaceae,12,48,0.0,0.0,5,5,0,0.0,0.0,0.0,2.4,0.417,1,0,1,matched,
Geothermobacteraceae,32,119,0.01,0.01,5,5,0,0.0,0.0,0.0,6.4,0.156,1,0,1,matched,
Chrysiogenaceae,5,13,0.0,0.0,4,4,0,0.0,0.0,0.0,1.25,0.8,1,0,1,matched,
Chloroherpetonaceae,1,1,0.0,0.0,4,4,0,0.0,0.0,0.0,0.25,4.0,1,0,1,matched,
Deferrisomataceae,48,92,0.02,0.01,4,4,0,0.0,0.0,0.0,12.0,0.083,1,0,1,matched,
Flexistipitaceae,4,28,0.0,0.0,4,4,0,0.0,0.0,0.0,1.0,1.0,1,0,1,matched,
Prochloraceae,6,21,0.0,0.0,4,4,0,0.0,0.0,0.0,1.5,0.667,1,0,1,matched,
Natronoarchaeaceae,24,87,0.01,0.01,4,4,0,0.0,0.0,0.0,6.0,0.167,1,0,1,matched,
Pseudoxanthobacteraceae,4,16,0.0,0.0,4,4,0,0.0,0.0,0.0,1.0,1.0,1,0,1,matched,
Euzebyaceae,82,252,0.03,0.02,3,3,0,0.0,0.0,0.0,27.333,0.037,1,0,1,matched,
Cryptosporangiaceae,2,37,0.0,0.0,3,3,0,0.0,0.0,0.0,0.667,1.5,1,0,1,matched,
Vulgatibacteraceae,30,85,0.01,0.01,3,3,0,0.0,0.0,0.0,10.0,0.1,1,0,1,matched,
Puniceicoccaceae,418,1830,0.16,0.15,3,3,0,0.0,0.0,0.0,139.333,0.007,1,0,1,matched,
Desulfuribacillaceae,10,14,0.0,0.0,3,3,0,0.0,0.0,0.0,3.333,0.3,1,0,1,matched,
Proteinivoraceae,13,26,0.0,0.0,3,3,0,0.0,0.0,0.0,4.333,0.231,1,0,1,matched,
Dissulfurirhabdaceae,2,2,0.0,0.0,2,2,0,0.0,0.0,0.0,1.0,1.0,1,0,1,matched,
Desulfoplanaceae,13,36,0.0,0.0,2,2,0,0.0,0.0,0.0,6.5,0.154,1,0,1,matched,
Natranaerobiaceae,28,106,0.01,0.01,2,2,0,0.0,0.0,0.0,14.0,0.071,1,0,1,matched,
Magnetococcaceae,141,251,0.05,0.02,2,2,0,0.0,0.0,0.0,70.5,0.014,1,0,1,matched,
Sporichthyaceae,283,5722,0.11,0.48,2,2,0,0.0,0.0,0.0,141.5,0.007,1,0,1,matched,
Thermincolaceae,48,97,0.02,0.01,2,2,0,0.0,0.0,0.0,24.0,0.042,1,0,1,matched,
Deferribacteraceae,47,104,0.02,0.01,2,2,0,0.0,0.0,0.0,23.5,0.043,1,0,1,matched,
Thermithiobacillaceae,1,2,0.0,0.0,1,1,0,0.0,0.0,0.0,1.0,1.0,1,0,1,matched,
Williamwhitmaniaceae,149,591,0.06,0.05,1,1,0,0.0,0.0,0.0,149.0,0.007,1,0,1,matched,
Desulforegulaceae,3,7,0.0,0.0,1,1,0,0.0,0.0,0.0,3.0,0.333,1,0,1,matched,
Methanothermaceae,3,6,0.0,0.0,1,1,0,0.0,0.0,0.0,3.0,0.333,1,0,1,matched,
Ichthyobacteriaceae,25,43,0.01,0.0,1,1,0,0.0,0.0,0.0,25.0,0.04,1,0,1,matched,
Chitinivibrionaceae,22,69,0.01,0.01,1,1,0,0.0,0.0,0.0,22.0,0.045,1,0,1,matched,
Nanoarchaeaceae,17,55,0.01,0.0,1,1,0,0.0,0.0,0.0,17.0,0.059,1,0,1,matched,
Pasteuriaceae,19,34,0.01,0.0,1,1,0,0.0,0.0,0.0,19.0,0.053,0,1,1,matched,
Luteibaculaceae,9,15,0.0,0.0,1,1,0,0.0,0.0,0.0,9.0,0.111,1,0,1,matched,
Gomphosphaeriaceae,2,2,0.0,0.0,1,1,0,0.0,0.0,0.0,2.0,0.5,1,0,1,matched,
Ruminococcaceae,0,0,0.0,0.0,6008,6008,0,1.01,1.01,0.0,,,0,0,0,gtdb_only,0.0
Acutalibacteraceae,0,0,0.0,0.0,5635,5635,0,0.95,0.95,0.0,,,0,0,0,gtdb_only,0.0
Rhodobacteraceae,0,0,0.0,0.0,4590,4590,0,0.77,0.77,0.0,,,0,0,0,gtdb_only,0.0
UBA932,0,0,0.0,0.0,3851,3851,0,0.65,0.65,0.0,,,0,0,0,gtdb_only,0.0
Borkfalkiaceae,0,0,0.0,0.0,3413,3413,0,0.57,0.57,0.0,,,0,0,0,gtdb_only,0.0
UBA660,0,0,0.0,0.0,3181,3181,0,0.53,0.53,0.0,,,0,0,0,gtdb_only,0.0
CAG-508,0,0,0.0,0.0,2228,2228,0,0.37,0.37,0.0,,,0,0,0,gtdb_only,0.0
Gastranaerophilaceae,0,0,0.0,0.0,1889,1889,0,0.32,0.32,0.0,,,0,0,0,gtdb_only,0.0
Cyanobiaceae,0,0,0.0,0.0,1427,1427,0,0.24,0.24,0.0,,,0,0,0,gtdb_only,0.0
CAG-272,0,0,0.0,0.0,1254,1254,0,0.21,0.21,0.0,,,0,0,0,gtdb_only,0.0
Nanopelagicaceae,0,0,0.0,0.0,1250,1250,0,0.21,0.21,0.0,,,0,0,0,gtdb_only,0.0
UBA3700,0,0,0.0,0.0,1054,1054,0,0.18,0.18,0.0,,,0,0,0,gtdb_only,0.0
CAG-239,0,0,0.0,0.0,1033,1033,0,0.17,0.17,0.0,,,0,0,0,gtdb_only,0.0
Aristaeellaceae,0,0,0.0,0.0,1021,1021,0,0.17,0.17,0.0,,,0,0,0,gtdb_only,0.0
UBA1242,0,0,0.0,0.0,896,896,0,0.15,0.15,0.0,,,0,0,0,gtdb_only,0.0
RAAP-2,0,0,0.0,0.0,834,834,0,0.14,0.14,0.0,,,0,0,0,gtdb_only,0.0
CAG-138,0,0,0.0,0.0,725,725,0,0.12,0.12,0.0,,,0,0,0,gtdb_only,0.0
Rs-D84,0,0,0.0,0.0,718,718,0,0.12,0.12,0.0,,,0,0,0,gtdb_only,0.0
Nanosyncoccaceae,0,0,0.0,0.0,680,680,0,0.11,0.11,0.0,,,0,0,0,gtdb_only,0.0
Pumilibacteraceae,0,0,0.0,0.0,679,679,0,0.11,0.11,0.0,,,0,0,0,gtdb_only,0.0
Methylomonadaceae,0,0,0.0,0.0,679,679,0,0.11,0.11,0.0,,,0,0,0,gtdb_only,0.0
P3,0,0,0.0,0.0,655,655,0,0.11,0.11,0.0,,,0,0,0,gtdb_only,0.0
Butyricicoccaceae,0,0,0.0,0.0,645,645,0,0.11,0.11,0.0,,,0,0,0,gtdb_only,0.0
CAG-826,0,0,0.0,0.0,610,610,0,0.1,0.1,0.0,,,0,0,0,gtdb_only,0.0
Anaerotignaceae,0,0,0.0,0.0,583,583,0,0.1,0.1,0.0,,,0,0,0,gtdb_only,0.0
Thalassarchaeaceae,0,0,0.0,0.0,575,575,0,0.1,0.1,0.0,,,0,0,0,gtdb_only,0.0
Azotimanducaceae,0,0,0.0,0.0,520,520,0,0.09,0.09,0.0,,,0,0,0,gtdb_only,0.0
Micrarchaeaceae,0,0,0.0,0.0,517,517,0,0.09,0.09,0.0,,,0,0,0,gtdb_only,0.0
Sedimenticolaceae,0,0,0.0,0.0,468,468,0,0.08,0.08,0.0,,,0,0,0,gtdb_only,0.0
CAG-917,0,0,0.0,0.0,461,461,0,0.08,0.08,0.0,,,0,0,0,gtdb_only,0.0
Poseidoniaceae,0,0,0.0,0.0,460,460,0,0.08,0.08,0.0,,,0,0,0,gtdb_only,0.0
SM1A02,0,0,0.0,0.0,454,454,0,0.08,0.08,0.0,,,0,0,0,gtdb_only,0.0
Pseudohongiellaceae,0,0,0.0,0.0,440,440,0,0.07,0.07,0.0,,,0,0,0,gtdb_only,0.0
UBA184,0,0,0.0,0.0,421,421,0,0.07,0.07,0.0,,,0,0,0,gtdb_only,0.0
DSM-18226,0,0,0.0,0.0,403,403,0,0.07,0.07,0.0,,,0,0,0,gtdb_only,0.0
F082,0,0,0.0,0.0,400,400,0,0.07,0.07,0.0,,,0,0,0,gtdb_only,0.0
Sulfurimonadaceae,0,0,0.0,0.0,388,388,0,0.07,0.07,0.0,,,0,0,0,gtdb_only,0.0
CAG-314,0,0,0.0,0.0,376,376,0,0.06,0.06,0.0,,,0,0,0,gtdb_only,0.0
Spirosomataceae,0,0,0.0,0.0,375,375,0,0.06,0.06,0.0,,,0,0,0,gtdb_only,0.0
Megasphaeraceae,0,0,0.0,0.0,371,371,0,0.06,0.06,0.0,,,0,0,0,gtdb_only,0.0
Villigracilaceae,0,0,0.0,0.0,351,351,0,0.06,0.06,0.0,,,0,0,0,gtdb_only,0.0
UBA953,0,0,0.0,0.0,345,345,0,0.06,0.06,0.0,,,0,0,0,gtdb_only,0.0
Dialisteraceae,0,0,0.0,0.0,341,341,0,0.06,0.06,0.0,,,0,0,0,gtdb_only,0.0
UBA1067,0,0,0.0,0.0,333,333,0,0.06,0.06,0.0,,,0,0,0,gtdb_only,0.0
UBA9973,0,0,0.0,0.0,327,327,0,0.05,0.05,0.0,,,0,0,0,gtdb_only,0.0
Amphibacillaceae,0,0,0.0,0.0,321,321,0,0.05,0.05,0.0,,,0,0,0,gtdb_only,0.0
D2472,0,0,0.0,0.0,313,313,0,0.05,0.05,0.0,,,0,0,0,gtdb_only,0.0
UBA6960,0,0,0.0,0.0,311,311,0,0.05,0.05,0.0,,,0,0,0,gtdb_only,0.0
GW2011-AR1,0,0,0.0,0.0,307,307,0,0.05,0.05,0.0,,,0,0,0,gtdb_only,0.0
Methanomethylophilaceae,0,0,0.0,0.0,304,304,0,0.05,0.05,0.0,,,0,0,0,gtdb_only,0.0
CABMGC01,0,0,0.0,0.0,298,298,0,0.05,0.05,0.0,,,0,0,0,gtdb_only,0.0
Saccharofermentanaceae,0,0,0.0,0.0,288,288,0,0.05,0.05,0.0,,,0,0,0,gtdb_only,0.0
Sanyastnellaceae,0,0,0.0,0.0,286,286,0,0.05,0.05,0.0,,,0,0,0,gtdb_only,0.0
S36-B12,0,0,0.0,0.0,284,284,0,0.05,0.05,0.0,,,0,0,0,gtdb_only,0.0
Anoxybacillaceae,0,0,0.0,0.0,263,263,0,0.04,0.04,0.0,,,0,0,0,gtdb_only,0.0
UBA1381,0,0,0.0,0.0,260,260,0,0.04,0.04,0.0,,,0,0,0,gtdb_only,0.0
WCHB1-69,0,0,0.0,0.0,255,255,0,0.04,0.04,0.0,,,0,0,0,gtdb_only,0.0
UBA3495,0,0,0.0,0.0,253,253,0,0.04,0.04,0.0,,,0,0,0,gtdb_only,0.0
Breznakiellaceae,0,0,0.0,0.0,253,253,0,0.04,0.04,0.0,,,0,0,0,gtdb_only,0.0
Ignavibacteriaceae,0,0,0.0,0.0,251,251,0,0.04,0.04,0.0,,,0,0,0,gtdb_only,0.0
MedAcidi-G1,0,0,0.0,0.0,247,247,0,0.04,0.04,0.0,,,0,0,0,gtdb_only,0.0
UBA4665,0,0,0.0,0.0,245,245,0,0.04,0.04,0.0,,,0,0,0,gtdb_only,0.0
Leptospirillaceae,0,0,0.0,0.0,231,231,0,0.04,0.04,0.0,,,0,0,0,gtdb_only,0.0
UBA1924,0,0,0.0,0.0,231,231,0,0.04,0.04,0.0,,,0,0,0,gtdb_only,0.0
SG8-39,0,0,0.0,0.0,231,231,0,0.04,0.04,0.0,,,0,0,0,gtdb_only,0.0
Victivallaceae,0,0,0.0,0.0,224,224,0,0.04,0.04,0.0,,,0,0,0,gtdb_only,0.0
CAG-382,0,0,0.0,0.0,220,220,0,0.04,0.04,0.0,,,0,0,0,gtdb_only,0.0
Micavibrionaceae,0,0,0.0,0.0,220,220,0,0.04,0.04,0.0,,,0,0,0,gtdb_only,0.0
Bog-793,0,0,0.0,0.0,220,220,0,0.04,0.04,0.0,,,0,0,0,gtdb_only,0.0
Parvarchaeaceae,0,0,0.0,0.0,219,219,0,0.04,0.04,0.0,,,0,0,0,gtdb_only,0.0
SbA1,0,0,0.0,0.0,218,218,0,0.04,0.04,0.0,,,0,0,0,gtdb_only,0.0
NBRC-103111,0,0,0.0,0.0,214,214,0,0.04,0.04,0.0,,,0,0,0,gtdb_only,0.0
UBA1268,0,0,0.0,0.0,212,212,0,0.04,0.04,0.0,,,0,0,0,gtdb_only,0.0
CSP1-4,0,0,0.0,0.0,212,212,0,0.04,0.04,0.0,,,0,0,0,gtdb_only,0.0
TCS55,0,0,0.0,0.0,207,207,0,0.03,0.03,0.0,,,0,0,0,gtdb_only,0.0
VadinHA17,0,0,0.0,0.0,204,204,0,0.03,0.03,0.0,,,0,0,0,gtdb_only,0.0
NAC60-12,0,0,0.0,0.0,204,204,0,0.03,0.03,0.0,,,0,0,0,gtdb_only,0.0
Vulcanimicrobiia,0,0,0.0,0.0,204,204,0,0.03,0.03,0.0,,,0,0,0,gtdb_only,0.0
Balneolaceae,0,0,0.0,0.0,202,202,0,0.03,0.03,0.0,,,0,0,0,gtdb_only,0.0
CAG-288,0,0,0.0,0.0,202,202,0,0.03,0.03,0.0,,,0,0,0,gtdb_only,0.0
Puniceispirillaceae,0,0,0.0,0.0,197,197,0,0.03,0.03,0.0,,,0,0,0,gtdb_only,0.0
Phototrophicaceae,0,0,0.0,0.0,197,197,0,0.03,0.03,0.0,,,0,0,0,gtdb_only,0.0
Cloacimonadaceae,0,0,0.0,0.0,197,197,0,0.03,0.03,0.0,,,0,0,0,gtdb_only,0.0
GWC2-71-9,0,0,0.0,0.0,188,188,0,0.03,0.03,0.0,,,0,0,0,gtdb_only,0.0
UBA183,0,0,0.0,0.0,188,188,0,0.03,0.03,0.0,,,0,0,0,gtdb_only,0.0
B-17BO,0,0,0.0,0.0,186,186,0,0.03,0.03,0.0,,,0,0,0,gtdb_only,0.0
Actinomarinaceae,0,0,0.0,0.0,185,185,0,0.03,0.03,0.0,,,0,0,0,gtdb_only,0.0
Brevibacillaceae,0,0,0.0,0.0,183,183,0,0.03,0.03,0.0,,,0,0,0,gtdb_only,0.0
UBA955,0,0,0.0,0.0,183,183,0,0.03,0.03,0.0,,,0,0,0,gtdb_only,0.0
UBA868,0,0,0.0,0.0,183,183,0,0.03,0.03,0.0,,,0,0,0,gtdb_only,0.0
SG8-41,0,0,0.0,0.0,183,183,0,0.03,0.03,0.0,,,0,0,0,gtdb_only,0.0
DSM-1321,0,0,0.0,0.0,177,177,0,0.03,0.03,0.0,,,0,0,0,gtdb_only,0.0
UBA10450,0,0,0.0,0.0,176,176,0,0.03,0.03,0.0,,,0,0,0,gtdb_only,0.0
Profunditerraquicolaceae,0,0,0.0,0.0,175,175,0,0.03,0.03,0.0,,,0,0,0,gtdb_only,0.0
UBA2103,0,0,0.0,0.0,174,174,0,0.03,0.03,0.0,,,0,0,0,gtdb_only,0.0
UBA4997,0,0,0.0,0.0,170,170,0,0.03,0.03,0.0,,,0,0,0,gtdb_only,0.0
UBA11358,0,0,0.0,0.0,169,169,0,0.03,0.03,0.0,,,0,0,0,gtdb_only,0.0
WQYP01,0,0,0.0,0.0,169,169,0,0.03,0.03,0.0,,,0,0,0,gtdb_only,0.0
Acidulodesulfobacteraceae,0,0,0.0,0.0,167,167,0,0.03,0.03,0.0,,,0,0,0,gtdb_only,0.0
Pseudopelobacteraceae,0,0,0.0,0.0,165,165,0,0.03,0.03,0.0,,,0,0,0,gtdb_only,0.0
CAG-274,0,0,0.0,0.0,163,163,0,0.03,0.03,0.0,,,0,0,0,gtdb_only,0.0
Salinibacteraceae,0,0,0.0,0.0,162,162,0,0.03,0.03,0.0,,,0,0,0,gtdb_only,0.0
GCA-002718135,0,0,0.0,0.0,161,161,0,0.03,0.03,0.0,,,0,0,0,gtdb_only,0.0
UBA1997,0,0,0.0,0.0,161,161,0,0.03,0.03,0.0,,,0,0,0,gtdb_only,0.0
HIMB59,0,0,0.0,0.0,161,161,0,0.03,0.03,0.0,,,0,0,0,gtdb_only,0.0
Desulfurivibrionaceae,0,0,0.0,0.0,159,159,0,0.03,0.03,0.0,,,0,0,0,gtdb_only,0.0
PHOS-HE28,0,0,0.0,0.0,158,158,0,0.03,0.03,0.0,,,0,0,0,gtdb_only,0.0
Peribacteraceae,0,0,0.0,0.0,156,156,0,0.03,0.03,0.0,,,0,0,0,gtdb_only,0.0
Sulfobacillaceae,0,0,0.0,0.0,150,150,0,0.03,0.03,0.0,,,0,0,0,gtdb_only,0.0
DEV007,0,0,0.0,0.0,145,145,0,0.02,0.02,0.0,,,0,0,0,gtdb_only,0.0
AG-339-G14,0,0,0.0,0.0,144,144,0,0.02,0.02,0.0,,,0,0,0,gtdb_only,0.0
UBA1611,0,0,0.0,0.0,143,143,0,0.02,0.02,0.0,,,0,0,0,gtdb_only,0.0
UBA7541,0,0,0.0,0.0,141,141,0,0.02,0.02,0.0,,,0,0,0,gtdb_only,0.0
FEN-979,0,0,0.0,0.0,137,137,0,0.02,0.02,0.0,,,0,0,0,gtdb_only,0.0
UBA9464,0,0,0.0,0.0,137,137,0,0.02,0.02,0.0,,,0,0,0,gtdb_only,0.0
DSM-6294,0,0,0.0,0.0,136,136,0,0.02,0.02,0.0,,,0,0,0,gtdb_only,0.0
Microtrichaceae,0,0,0.0,0.0,133,133,0,0.02,0.02,0.0,,,0,0,0,gtdb_only,0.0
VA-1,0,0,0.0,0.0,133,133,0,0.02,0.02,0.0,,,0,0,0,gtdb_only,0.0
Monoglobaceae,0,0,0.0,0.0,132,132,0,0.02,0.02,0.0,,,0,0,0,gtdb_only,0.0
UBA12049,0,0,0.0,0.0,132,132,0,0.02,0.02,0.0,,,0,0,0,gtdb_only,0.0
Methanoculleaceae,0,0,0.0,0.0,132,132,0,0.02,0.02,0.0,,,0,0,0,gtdb_only,0.0
Methylophagaceae,0,0,0.0,0.0,132,132,0,0.02,0.02,0.0,,,0,0,0,gtdb_only,0.0
GWC2-37-13,0,0,0.0,0.0,132,132,0,0.02,0.02,0.0,,,0,0,0,gtdb_only,0.0
UBA1829,0,0,0.0,0.0,131,131,0,0.02,0.02,0.0,,,0,0,0,gtdb_only,0.0
Casimicrobiaceae,0,0,0.0,0.0,130,130,0,0.02,0.02,0.0,,,0,0,0,gtdb_only,0.0
Palsa-688,0,0,0.0,0.0,129,129,0,0.02,0.02,0.0,,,0,0,0,gtdb_only,0.0
GCA-002686595,0,0,0.0,0.0,128,128,0,0.02,0.02,0.0,,,0,0,0,gtdb_only,0.0
Bathycorpusculaceae,0,0,0.0,0.0,127,127,0,0.02,0.02,0.0,,,0,0,0,gtdb_only,0.0
OLB10,0,0,0.0,0.0,125,125,0,0.02,0.02,0.0,,,0,0,0,gtdb_only,0.0
Coraliomargaritaceae,0,0,0.0,0.0,124,124,0,0.02,0.02,0.0,,,0,0,0,gtdb_only,0.0
Promineifilaceae,0,0,0.0,0.0,124,124,0,0.02,0.02,0.0,,,0,0,0,gtdb_only,0.0
PALSA-1337,0,0,0.0,0.0,123,123,0,0.02,0.02,0.0,,,0,0,0,gtdb_only,0.0
Thiomicrospiraceae,0,0,0.0,0.0,122,122,0,0.02,0.02,0.0,,,0,0,0,gtdb_only,0.0
Casp-alpha2,0,0,0.0,0.0,119,119,0,0.02,0.02,0.0,,,0,0,0,gtdb_only,0.0
Brocadiaceae,0,0,0.0,0.0,119,119,0,0.02,0.02,0.0,,,0,0,0,gtdb_only,0.0
CAG-313,0,0,0.0,0.0,119,119,0,0.02,0.02,0.0,,,0,0,0,gtdb_only,0.0
Aldehydirespiratoraceae,0,0,0.0,0.0,119,119,0,0.02,0.02,0.0,,,0,0,0,gtdb_only,0.0
SOKP01,0,0,0.0,0.0,118,118,0,0.02,0.02,0.0,,,0,0,0,gtdb_only,0.0
UBA2100,0,0,0.0,0.0,118,118,0,0.02,0.02,0.0,,,0,0,0,gtdb_only,0.0
CAG-465,0,0,0.0,0.0,117,117,0,0.02,0.02,0.0,,,0,0,0,gtdb_only,0.0
Anaerobacaceae,0,0,0.0,0.0,116,116,0,0.02,0.02,0.0,,,0,0,0,gtdb_only,0.0
UKL13-3,0,0,0.0,0.0,116,116,0,0.02,0.02,0.0,,,0,0,0,gtdb_only,0.0
GWB1-50-10,0,0,0.0,0.0,113,113,0,0.02,0.02,0.0,,,0,0,0,gtdb_only,0.0
UBA8517,0,0,0.0,0.0,112,112,0,0.02,0.02,0.0,,,0,0,0,gtdb_only,0.0
Lucifugimonadaceae,0,0,0.0,0.0,111,111,0,0.02,0.02,0.0,,,0,0,0,gtdb_only,0.0
UBA9959,0,0,0.0,0.0,110,110,0,0.02,0.02,0.0,,,0,0,0,gtdb_only,0.0
UBA2999,0,0,0.0,0.0,110,110,0,0.02,0.02,0.0,,,0,0,0,gtdb_only,0.0
Aestuariivirgaceae,0,0,0.0,0.0,110,110,0,0.02,0.02,0.0,,,0,0,0,gtdb_only,0.0
Eutrophobiaceae,0,0,0.0,0.0,109,109,0,0.02,0.02,0.0,,,0,0,0,gtdb_only,0.0
MB11C04,0,0,0.0,0.0,109,109,0,0.02,0.02,0.0,,,0,0,0,gtdb_only,0.0
BACL11,0,0,0.0,0.0,108,108,0,0.02,0.02,0.0,,,0,0,0,gtdb_only,0.0
AG-422-B15,0,0,0.0,0.0,107,107,0,0.02,0.02,0.0,,,0,0,0,gtdb_only,0.0
GCA-001856825,0,0,0.0,0.0,107,107,0,0.02,0.02,0.0,,,0,0,0,gtdb_only,0.0
Dormibacteraceae,0,0,0.0,0.0,106,106,0,0.02,0.02,0.0,,,0,0,0,gtdb_only,0.0
UBA7960,0,0,0.0,0.0,105,105,0,0.02,0.02,0.0,,,0,0,0,gtdb_only,0.0
Bog-877,0,0,0.0,0.0,101,101,0,0.02,0.02,0.0,,,0,0,0,gtdb_only,0.0
UBA9320,0,0,0.0,0.0,101,101,0,0.02,0.02,0.0,,,0,0,0,gtdb_only,0.0
UBA5976,0,0,0.0,0.0,99,99,0,0.02,0.02,0.0,,,0,0,0,gtdb_only,0.0
Desulfatiglandaceae,0,0,0.0,0.0,99,99,0,0.02,0.02,0.0,,,0,0,0,gtdb_only,0.0
Competibacteraceae,0,0,0.0,0.0,98,98,0,0.02,0.02,0.0,,,0,0,0,gtdb_only,0.0
Binataceae,0,0,0.0,0.0,98,98,0,0.02,0.02,0.0,,,0,0,0,gtdb_only,0.0
UBA10185,0,0,0.0,0.0,98,98,0,0.02,0.02,0.0,,,0,0,0,gtdb_only,0.0
Wolframiiraptoraceae,0,0,0.0,0.0,97,97,0,0.02,0.02,0.0,,,0,0,0,gtdb_only,0.0
Rhabdochlamydiaceae,0,0,0.0,0.0,97,97,0,0.02,0.02,0.0,,,0,0,0,gtdb_only,0.0
Nanosynbacteraceae,0,0,0.0,0.0,96,96,0,0.02,0.02,0.0,,,0,0,0,gtdb_only,0.0
UBA1547,0,0,0.0,0.0,96,96,0,0.02,0.02,0.0,,,0,0,0,gtdb_only,0.0
Marinisomataceae,0,0,0.0,0.0,96,96,0,0.02,0.02,0.0,,,0,0,0,gtdb_only,0.0
CG-Epi1,0,0,0.0,0.0,96,96,0,0.02,0.02,0.0,,,0,0,0,gtdb_only,0.0
Magnetospirillaceae,0,0,0.0,0.0,96,96,0,0.02,0.02,0.0,,,0,0,0,gtdb_only,0.0
Bdellovibrionaceae,0,0,0.0,0.0,96,96,0,0.02,0.02,0.0,,,0,0,0,gtdb_only,0.0
Obscuribacteraceae,0,0,0.0,0.0,95,95,0,0.02,0.02,0.0,,,0,0,0,gtdb_only,0.0
PJMF01,0,0,0.0,0.0,95,95,0,0.02,0.02,0.0,,,0,0,0,gtdb_only,0.0
SAR86,0,0,0.0,0.0,94,94,0,0.02,0.02,0.0,,,0,0,0,gtdb_only,0.0
DTU072,0,0,0.0,0.0,93,93,0,0.02,0.02,0.0,,,0,0,0,gtdb_only,0.0
CAG-977,0,0,0.0,0.0,92,92,0,0.02,0.02,0.0,,,0,0,0,gtdb_only,0.0
UBA922,0,0,0.0,0.0,92,92,0,0.02,0.02,0.0,,,0,0,0,gtdb_only,0.0
UBA644,0,0,0.0,0.0,92,92,0,0.02,0.02,0.0,,,0,0,0,gtdb_only,0.0
CSP1-6,0,0,0.0,0.0,91,91,0,0.02,0.02,0.0,,,0,0,0,gtdb_only,0.0
WGA-3G,0,0,0.0,0.0,91,91,0,0.02,0.02,0.0,,,0,0,0,gtdb_only,0.0
Zambryskibacteraceae,0,0,0.0,0.0,91,91,0,0.02,0.02,0.0,,,0,0,0,gtdb_only,0.0
ZC4RG35,0,0,0.0,0.0,90,90,0,0.02,0.02,0.0,,,0,0,0,gtdb_only,0.0
70-9,0,0,0.0,0.0,90,90,0,0.02,0.02,0.0,,,0,0,0,gtdb_only,0.0
UBA9628,0,0,0.0,0.0,89,89,0,0.01,0.01,0.0,,,0,0,0,gtdb_only,0.0
Vagococcaceae,0,0,0.0,0.0,89,89,0,0.01,0.01,0.0,,,0,0,0,gtdb_only,0.0
Tepidiformaceae,0,0,0.0,0.0,89,89,0,0.01,0.01,0.0,,,0,0,0,gtdb_only,0.0
TH1-2,0,0,0.0,0.0,89,89,0,0.01,0.01,0.0,,,0,0,0,gtdb_only,0.0
UBA3637,0,0,0.0,0.0,88,88,0,0.01,0.01,0.0,,,0,0,0,gtdb_only,0.0
AB-539-J10,0,0,0.0,0.0,88,88,0,0.01,0.01,0.0,,,0,0,0,gtdb_only,0.0
UBA2979,0,0,0.0,0.0,88,88,0,0.01,0.01,0.0,,,0,0,0,gtdb_only,0.0
Marinomonadaceae,0,0,0.0,0.0,87,87,0,0.01,0.01,0.0,,,0,0,0,gtdb_only,0.0
Limnocylindraceae,0,0,0.0,0.0,87,87,0,0.01,0.01,0.0,,,0,0,0,gtdb_only,0.0
Methanospirareceae,0,0,0.0,0.0,87,87,0,0.01,0.01,0.0,,,0,0,0,gtdb_only,0.0
Absconditicoccaceae,0,0,0.0,0.0,86,86,0,0.01,0.01,0.0,,,0,0,0,gtdb_only,0.0
Litorivicinaceae,0,0,0.0,0.0,86,86,0,0.01,0.01,0.0,,,0,0,0,gtdb_only,0.0
UBA10151,0,0,0.0,0.0,86,86,0,0.01,0.01,0.0,,,0,0,0,gtdb_only,0.0
UBA8639,0,0,0.0,0.0,85,85,0,0.01,0.01,0.0,,,0,0,0,gtdb_only,0.0
CAG-698,0,0,0.0,0.0,85,85,0,0.01,0.01,0.0,,,0,0,0,gtdb_only,0.0
QALW01,0,0,0.0,0.0,84,84,0,0.01,0.01,0.0,,,0,0,0,gtdb_only,0.0
DTU023,0,0,0.0,0.0,83,83,0,0.01,0.01,0.0,,,0,0,0,gtdb_only,0.0
Ga0077536,0,0,0.0,0.0,83,83,0,0.01,0.01,0.0,,,0,0,0,gtdb_only,0.0
2-12-FULL-35-15,0,0,0.0,0.0,83,83,0,0.01,0.01,0.0,,,0,0,0,gtdb_only,0.0
Nevskiaceae,0,0,0.0,0.0,82,82,0,0.01,0.01,0.0,,,0,0,0,gtdb_only,0.0
SBAW01,0,0,0.0,0.0,82,82,0,0.01,0.01,0.0,,,0,0,0,gtdb_only,0.0
Parvicellaceae,0,0,0.0,0.0,82,82,0,0.01,0.01,0.0,,,0,0,0,gtdb_only,0.0
Saccharimonadaceae,0,0,0.0,0.0,81,81,0,0.01,0.01,0.0,,,0,0,0,gtdb_only,0.0
GW2011-AR9,0,0,0.0,0.0,81,81,0,0.01,0.01,0.0,,,0,0,0,gtdb_only,0.0
UBA2268,0,0,0.0,0.0,81,81,0,0.01,0.01,0.0,,,0,0,0,gtdb_only,0.0
UBA12465,0,0,0.0,0.0,81,81,0,0.01,0.01,0.0,,,0,0,0,gtdb_only,0.0
GWF2-40-263,0,0,0.0,0.0,81,81,0,0.01,0.01,0.0,,,0,0,0,gtdb_only,0.0
SG8-38,0,0,0.0,0.0,80,80,0,0.01,0.01,0.0,,,0,0,0,gtdb_only,0.0
Oligosphaeraceae,0,0,0.0,0.0,80,80,0,0.01,0.01,0.0,,,0,0,0,gtdb_only,0.0
TMED112,0,0,0.0,0.0,79,79,0,0.01,0.01,0.0,,,0,0,0,gtdb_only,0.0
Thorarchaeaceae,0,0,0.0,0.0,79,79,0,0.01,0.01,0.0,,,0,0,0,gtdb_only,0.0
B-1AR,0,0,0.0,0.0,79,79,0,0.01,0.01,0.0,,,0,0,0,gtdb_only,0.0
Salinicoccaceae,0,0,0.0,0.0,79,79,0,0.01,0.01,0.0,,,0,0,0,gtdb_only,0.0
DTU022,0,0,0.0,0.0,79,79,0,0.01,0.01,0.0,,,0,0,0,gtdb_only,0.0
UBA1096,0,0,0.0,0.0,79,79,0,0.01,0.01,0.0,,,0,0,0,gtdb_only,0.0
Nanoperiomorbaceae,0,0,0.0,0.0,78,78,0,0.01,0.01,0.0,,,0,0,0,gtdb_only,0.0
UBA8231,0,0,0.0,0.0,78,78,0,0.01,0.01,0.0,,,0,0,0,gtdb_only,0.0
Miltoncostaeaceae,0,0,0.0,0.0,78,78,0,0.01,0.01,0.0,,,0,0,0,gtdb_only,0.0
UBA918,0,0,0.0,0.0,77,77,0,0.01,0.01,0.0,,,0,0,0,gtdb_only,0.0
SM23-39,0,0,0.0,0.0,76,76,0,0.01,0.01,0.0,,,0,0,0,gtdb_only,0.0
2-12-FULL-60-25,0,0,0.0,0.0,76,76,0,0.01,0.01,0.0,,,0,0,0,gtdb_only,0.0
Bipolaricaulaceae,0,0,0.0,0.0,75,75,0,0.01,0.01,0.0,,,0,0,0,gtdb_only,0.0
Palauibacteraceae,0,0,0.0,0.0,75,75,0,0.01,0.01,0.0,,,0,0,0,gtdb_only,0.0
UBA2165,0,0,0.0,0.0,74,74,0,0.01,0.01,0.0,,,0,0,0,gtdb_only,0.0
Dissulfurispiraceae,0,0,0.0,0.0,74,74,0,0.01,0.01,0.0,,,0,0,0,gtdb_only,0.0
Halobacillaceae,0,0,0.0,0.0,74,74,0,0.01,0.01,0.0,,,0,0,0,gtdb_only,0.0
Tenuifilaceae,0,0,0.0,0.0,73,73,0,0.01,0.01,0.0,,,0,0,0,gtdb_only,0.0
Sedimentibacteraceae,0,0,0.0,0.0,73,73,0,0.01,0.01,0.0,,,0,0,0,gtdb_only,0.0
UBA12405,0,0,0.0,0.0,73,73,0,0.01,0.01,0.0,,,0,0,0,gtdb_only,0.0
RS24,0,0,0.0,0.0,73,73,0,0.01,0.01,0.0,,,0,0,0,gtdb_only,0.0
JAMCPL01,0,0,0.0,0.0,73,73,0,0.01,0.01,0.0,,,0,0,0,gtdb_only,0.0
GWC2-37-73,0,0,0.0,0.0,73,73,0,0.01,0.01,0.0,,,0,0,0,gtdb_only,0.0
UBA8139,0,0,0.0,0.0,72,72,0,0.01,0.01,0.0,,,0,0,0,gtdb_only,0.0
UBA2206,0,0,0.0,0.0,72,72,0,0.01,0.01,0.0,,,0,0,0,gtdb_only,0.0
Gemellaceae,0,0,0.0,0.0,72,72,0,0.01,0.01,0.0,,,0,0,0,gtdb_only,0.0
4484-171,0,0,0.0,0.0,71,71,0,0.01,0.01,0.0,,,0,0,0,gtdb_only,0.0
GCA-2729495,0,0,0.0,0.0,71,71,0,0.01,0.01,0.0,,,0,0,0,gtdb_only,0.0
Sysuiplasmataceae,0,0,0.0,0.0,71,71,0,0.01,0.01,0.0,,,0,0,0,gtdb_only,0.0
UBA1845,0,0,0.0,0.0,69,69,0,0.01,0.01,0.0,,,0,0,0,gtdb_only,0.0
GCA-001735895,0,0,0.0,0.0,69,69,0,0.01,0.01,0.0,,,0,0,0,gtdb_only,0.0
Staskawiczbacteraceae,0,0,0.0,0.0,69,69,0,0.01,0.01,0.0,,,0,0,0,gtdb_only,0.0
DSM-27016,0,0,0.0,0.0,69,69,0,0.01,0.01,0.0,,,0,0,0,gtdb_only,0.0
Usitatibacteraceae,0,0,0.0,0.0,69,69,0,0.01,0.01,0.0,,,0,0,0,gtdb_only,0.0
Aeolococcaceae,0,0,0.0,0.0,69,69,0,0.01,0.01,0.0,,,0,0,0,gtdb_only,0.0
UBA7540,0,0,0.0,0.0,69,69,0,0.01,0.01,0.0,,,0,0,0,gtdb_only,0.0
Kapaibacteriaceae,0,0,0.0,0.0,68,68,0,0.01,0.01,0.0,,,0,0,0,gtdb_only,0.0
Izemoplasmataceae,0,0,0.0,0.0,68,68,0,0.01,0.01,0.0,,,0,0,0,gtdb_only,0.0
UBA9042,0,0,0.0,0.0,68,68,0,0.01,0.01,0.0,,,0,0,0,gtdb_only,0.0
SZUA-229,0,0,0.0,0.0,67,67,0,0.01,0.01,0.0,,,0,0,0,gtdb_only,0.0
Bianqueaceae,0,0,0.0,0.0,67,67,0,0.01,0.01,0.0,,,0,0,0,gtdb_only,0.0
UBA826,0,0,0.0,0.0,66,66,0,0.01,0.01,0.0,,,0,0,0,gtdb_only,0.0
Aquaspirillaceae,0,0,0.0,0.0,66,66,0,0.01,0.01,0.0,,,0,0,0,gtdb_only,0.0
DHVEG-1,0,0,0.0,0.0,66,66,0,0.01,0.01,0.0,,,0,0,0,gtdb_only,0.0
UBA5704,0,0,0.0,0.0,66,66,0,0.01,0.01,0.0,,,0,0,0,gtdb_only,0.0
GWA2-44-9,0,0,0.0,0.0,65,65,0,0.01,0.01,0.0,,,0,0,0,gtdb_only,0.0
UBA5794,0,0,0.0,0.0,65,65,0,0.01,0.01,0.0,,,0,0,0,gtdb_only,0.0
LZORAL124-64-63,0,0,0.0,0.0,65,65,0,0.01,0.01,0.0,,,0,0,0,gtdb_only,0.0
Fermentibacteraceae,0,0,0.0,0.0,65,65,0,0.01,0.01,0.0,,,0,0,0,gtdb_only,0.0
UBA11654,0,0,0.0,0.0,65,65,0,0.01,0.01,0.0,,,0,0,0,gtdb_only,0.0
Beggiatoaceae,0,0,0.0,0.0,64,64,0,0.01,0.01,0.0,,,0,0,0,gtdb_only,0.0
UBA1255,0,0,0.0,0.0,64,64,0,0.01,0.01,0.0,,,0,0,0,gtdb_only,0.0
UBA9934,0,0,0.0,0.0,64,64,0,0.01,0.01,0.0,,,0,0,0,gtdb_only,0.0
ML635J-15,0,0,0.0,0.0,64,64,0,0.01,0.01,0.0,,,0,0,0,gtdb_only,0.0
LD1,0,0,0.0,0.0,64,64,0,0.01,0.01,0.0,,,0,0,0,gtdb_only,0.0
SC72,0,0,0.0,0.0,63,63,0,0.01,0.01,0.0,,,0,0,0,gtdb_only,0.0
Wohlfahrtiimonadaceae,0,0,0.0,0.0,63,63,0,0.01,0.01,0.0,,,0,0,0,gtdb_only,0.0
Haliangiaceae,0,0,0.0,0.0,62,62,0,0.01,0.01,0.0,,,0,0,0,gtdb_only,0.0
UBA8592,0,0,0.0,0.0,62,62,0,0.01,0.01,0.0,,,0,0,0,gtdb_only,0.0
FEB-12,0,0,0.0,0.0,62,62,0,0.01,0.01,0.0,,,0,0,0,gtdb_only,0.0
UBA2386,0,0,0.0,0.0,62,62,0,0.01,0.01,0.0,,,0,0,0,gtdb_only,0.0
P2-11E,0,0,0.0,0.0,62,62,0,0.01,0.01,0.0,,,0,0,0,gtdb_only,0.0
QAMH01,0,0,0.0,0.0,61,61,0,0.01,0.01,0.0,,,0,0,0,gtdb_only,0.0
UBA6429,0,0,0.0,0.0,61,61,0,0.01,0.01,0.0,,,0,0,0,gtdb_only,0.0
TMED127,0,0,0.0,0.0,60,60,0,0.01,0.01,0.0,,,0,0,0,gtdb_only,0.0
Deferrimicrobiaceae,0,0,0.0,0.0,60,60,0,0.01,0.01,0.0,,,0,0,0,gtdb_only,0.0
UBA6164,0,0,0.0,0.0,60,60,0,0.01,0.01,0.0,,,0,0,0,gtdb_only,0.0
DSM-8532,0,0,0.0,0.0,60,60,0,0.01,0.01,0.0,,,0,0,0,gtdb_only,0.0
SZUA-35,0,0,0.0,0.0,59,59,0,0.01,0.01,0.0,,,0,0,0,gtdb_only,0.0
JAKAQQ01,0,0,0.0,0.0,59,59,0,0.01,0.01,0.0,,,0,0,0,gtdb_only,0.0
Humimicrobiaceae,0,0,0.0,0.0,59,59,0,0.01,0.01,0.0,,,0,0,0,gtdb_only,0.0
SZUA-36,0,0,0.0,0.0,59,59,0,0.01,0.01,0.0,,,0,0,0,gtdb_only,0.0
UBA1609,0,0,0.0,0.0,59,59,0,0.01,0.01,0.0,,,0,0,0,gtdb_only,0.0
UBA3663,0,0,0.0,0.0,59,59,0,0.01,0.01,0.0,,,0,0,0,gtdb_only,0.0
Fredricksoniimonadaceae,0,0,0.0,0.0,58,58,0,0.01,0.01,0.0,,,0,0,0,gtdb_only,0.0
JAKASW01,0,0,0.0,0.0,58,58,0,0.01,0.01,0.0,,,0,0,0,gtdb_only,0.0
TCS61,0,0,0.0,0.0,58,58,0,0.01,0.01,0.0,,,0,0,0,gtdb_only,0.0
JABMPR01,0,0,0.0,0.0,58,58,0,0.01,0.01,0.0,,,0,0,0,gtdb_only,0.0
Poriferihabitantaceae,0,0,0.0,0.0,58,58,0,0.01,0.01,0.0,,,0,0,0,gtdb_only,0.0
UBA6265,0,0,0.0,0.0,58,58,0,0.01,0.01,0.0,,,0,0,0,gtdb_only,0.0
UBA3015,0,0,0.0,0.0,58,58,0,0.01,0.01,0.0,,,0,0,0,gtdb_only,0.0
Bin80,0,0,0.0,0.0,58,58,0,0.01,0.01,0.0,,,0,0,0,gtdb_only,0.0
UBA10102,0,0,0.0,0.0,58,58,0,0.01,0.01,0.0,,,0,0,0,gtdb_only,0.0
Methyloligellaceae,0,0,0.0,0.0,57,57,0,0.01,0.01,0.0,,,0,0,0,gtdb_only,0.0
2-01-FULL-56-20,0,0,0.0,0.0,57,57,0,0.01,0.01,0.0,,,0,0,0,gtdb_only,0.0
MFAQ01,0,0,0.0,0.0,57,57,0,0.01,0.01,0.0,,,0,0,0,gtdb_only,0.0
Bog-38,0,0,0.0,0.0,56,56,0,0.01,0.01,0.0,,,0,0,0,gtdb_only,0.0
Midichloriaceae,0,0,0.0,0.0,56,56,0,0.01,0.01,0.0,,,0,0,0,gtdb_only,0.0
Bin134,0,0,0.0,0.0,56,56,0,0.01,0.01,0.0,,,0,0,0,gtdb_only,0.0
UBA10348,0,0,0.0,0.0,56,56,0,0.01,0.01,0.0,,,0,0,0,gtdb_only,0.0
UBA4823,0,0,0.0,0.0,56,56,0,0.01,0.01,0.0,,,0,0,0,gtdb_only,0.0
UBA9968,0,0,0.0,0.0,56,56,0,0.01,0.01,0.0,,,0,0,0,gtdb_only,0.0
UBA11574,0,0,0.0,0.0,56,56,0,0.01,0.01,0.0,,,0,0,0,gtdb_only,0.0
CAG-449,0,0,0.0,0.0,56,56,0,0.01,0.01,0.0,,,0,0,0,gtdb_only,0.0
Aminicenantaceae,0,0,0.0,0.0,56,56,0,0.01,0.01,0.0,,,0,0,0,gtdb_only,0.0
GCF-002020875,0,0,0.0,0.0,56,56,0,0.01,0.01,0.0,,,0,0,0,gtdb_only,0.0
UBA10030,0,0,0.0,0.0,55,55,0,0.01,0.01,0.0,,,0,0,0,gtdb_only,0.0
Thermocladiaceae,0,0,0.0,0.0,55,55,0,0.01,0.01,0.0,,,0,0,0,gtdb_only,0.0
Chitinibacteraceae,0,0,0.0,0.0,55,55,0,0.01,0.01,0.0,,,0,0,0,gtdb_only,0.0
Acidaminobacteraceae,0,0,0.0,0.0,55,55,0,0.01,0.01,0.0,,,0,0,0,gtdb_only,0.0
MED-G09,0,0,0.0,0.0,55,55,0,0.01,0.01,0.0,,,0,0,0,gtdb_only,0.0
UBA1018,0,0,0.0,0.0,55,55,0,0.01,0.01,0.0,,,0,0,0,gtdb_only,0.0
Hujiaoplasmataceae,0,0,0.0,0.0,55,55,0,0.01,0.01,0.0,,,0,0,0,gtdb_only,0.0
Bilamarchaeaceae,0,0,0.0,0.0,55,55,0,0.01,0.01,0.0,,,0,0,0,gtdb_only,0.0
SXON01,0,0,0.0,0.0,55,55,0,0.01,0.01,0.0,,,0,0,0,gtdb_only,0.0
GCA-2731375,0,0,0.0,0.0,54,54,0,0.01,0.01,0.0,,,0,0,0,gtdb_only,0.0
Methanoperedenaceae,0,0,0.0,0.0,54,54,0,0.01,0.01,0.0,,,0,0,0,gtdb_only,0.0
GW2011-AR4,0,0,0.0,0.0,54,54,0,0.01,0.01,0.0,,,0,0,0,gtdb_only,0.0
Zapsychraceae,0,0,0.0,0.0,54,54,0,0.01,0.01,0.0,,,0,0,0,gtdb_only,0.0
UMGS1810,0,0,0.0,0.0,53,53,0,0.01,0.01,0.0,,,0,0,0,gtdb_only,0.0
GRL18,0,0,0.0,0.0,53,53,0,0.01,0.01,0.0,,,0,0,0,gtdb_only,0.0
UBA8401,0,0,0.0,0.0,52,52,0,0.01,0.01,0.0,,,0,0,0,gtdb_only,0.0
Azobacteroidaceae,0,0,0.0,0.0,52,52,0,0.01,0.01,0.0,,,0,0,0,gtdb_only,0.0
UBA6615,0,0,0.0,0.0,52,52,0,0.01,0.01,0.0,,,0,0,0,gtdb_only,0.0
UBA6898,0,0,0.0,0.0,52,52,0,0.01,0.01,0.0,,,0,0,0,gtdb_only,0.0
UBA8438,0,0,0.0,0.0,52,52,0,0.01,0.01,0.0,,,0,0,0,gtdb_only,0.0
Multivoraceae,0,0,0.0,0.0,52,52,0,0.01,0.01,0.0,,,0,0,0,gtdb_only,0.0
Elainellaceae,0,0,0.0,0.0,52,52,0,0.01,0.01,0.0,,,0,0,0,gtdb_only,0.0
UBA1402,0,0,0.0,0.0,52,52,0,0.01,0.01,0.0,,,0,0,0,gtdb_only,0.0
Salisediminibacteriaceae,0,0,0.0,0.0,52,52,0,0.01,0.01,0.0,,,0,0,0,gtdb_only,0.0
Anaerohalosphaeraceae,0,0,0.0,0.0,52,52,0,0.01,0.01,0.0,,,0,0,0,gtdb_only,0.0
DSM-16500,0,0,0.0,0.0,51,51,0,0.01,0.01,0.0,,,0,0,0,gtdb_only,0.0
RUG11792,0,0,0.0,0.0,51,51,0,0.01,0.01,0.0,,,0,0,0,gtdb_only,0.0
UBA6902,0,0,0.0,0.0,51,51,0,0.01,0.01,0.0,,,0,0,0,gtdb_only,0.0
Heimdallarchaeaceae,0,0,0.0,0.0,51,51,0,0.01,0.01,0.0,,,0,0,0,gtdb_only,0.0
ETH-SRB1,0,0,0.0,0.0,51,51,0,0.01,0.01,0.0,,,0,0,0,gtdb_only,0.0
UBA3830,0,0,0.0,0.0,51,51,0,0.01,0.01,0.0,,,0,0,0,gtdb_only,0.0
UBA1568,0,0,0.0,0.0,51,51,0,0.01,0.01,0.0,,,0,0,0,gtdb_only,0.0
Fictibacillaceae,0,0,0.0,0.0,51,51,0,0.01,0.01,0.0,,,0,0,0,gtdb_only,0.0
Sulfuriferulaceae,0,0,0.0,0.0,51,51,0,0.01,0.01,0.0,,,0,0,0,gtdb_only,0.0
S15-B10,0,0,0.0,0.0,51,51,0,0.01,0.01,0.0,,,0,0,0,gtdb_only,0.0
UBA5619,0,0,0.0,0.0,51,51,0,0.01,0.01,0.0,,,0,0,0,gtdb_only,0.0
Coprobacteraceae,0,0,0.0,0.0,51,51,0,0.01,0.01,0.0,,,0,0,0,gtdb_only,0.0
SLC66,0,0,0.0,0.0,51,51,0,0.01,0.01,0.0,,,0,0,0,gtdb_only,0.0
UBA8190,0,0,0.0,0.0,50,50,0,0.01,0.01,0.0,,,0,0,0,gtdb_only,0.0
UBA6821,0,0,0.0,0.0,50,50,0,0.01,0.01,0.0,,,0,0,0,gtdb_only,0.0
Fastidiosipilaceae,0,0,0.0,0.0,50,50,0,0.01,0.01,0.0,,,0,0,0,gtdb_only,0.0
UBA927,0,0,0.0,0.0,50,50,0,0.01,0.01,0.0,,,0,0,0,gtdb_only,0.0
UBA1062,0,0,0.0,0.0,50,50,0,0.01,0.01,0.0,,,0,0,0,gtdb_only,0.0
UBA2023,0,0,0.0,0.0,50,50,0,0.01,0.01,0.0,,,0,0,0,gtdb_only,0.0
DTU010,0,0,0.0,0.0,50,50,0,0.01,0.01,0.0,,,0,0,0,gtdb_only,0.0
GWA1-40-21,0,0,0.0,0.0,49,49,0,0.01,0.01,0.0,,,0,0,0,gtdb_only,0.0
UBA12225,0,0,0.0,0.0,49,49,0,0.01,0.01,0.0,,,0,0,0,gtdb_only,0.0
Ozemobacteraceae,0,0,0.0,0.0,49,49,0,0.01,0.01,0.0,,,0,0,0,gtdb_only,0.0
V1-33,0,0,0.0,0.0,49,49,0,0.01,0.01,0.0,,,0,0,0,gtdb_only,0.0
REEB76,0,0,0.0,0.0,48,48,0,0.01,0.01,0.0,,,0,0,0,gtdb_only,0.0
TCS64,0,0,0.0,0.0,48,48,0,0.01,0.01,0.0,,,0,0,0,gtdb_only,0.0
UBA1234,0,0,0.0,0.0,48,48,0,0.01,0.01,0.0,,,0,0,0,gtdb_only,0.0
GWA2-41-24,0,0,0.0,0.0,48,48,0,0.01,0.01,0.0,,,0,0,0,gtdb_only,0.0
UBA9933,0,0,0.0,0.0,48,48,0,0.01,0.01,0.0,,,0,0,0,gtdb_only,0.0
UBA1750,0,0,0.0,0.0,48,48,0,0.01,0.01,0.0,,,0,0,0,gtdb_only,0.0
UBA9294,0,0,0.0,0.0,48,48,0,0.01,0.01,0.0,,,0,0,0,gtdb_only,0.0
UBA961,0,0,0.0,0.0,47,47,0,0.01,0.01,0.0,,,0,0,0,gtdb_only,0.0
UBA2359,0,0,0.0,0.0,47,47,0,0.01,0.01,0.0,,,0,0,0,gtdb_only,0.0
AAA164-E04,0,0,0.0,0.0,47,47,0,0.01,0.01,0.0,,,0,0,0,gtdb_only,0.0
UBA1820,0,0,0.0,0.0,47,47,0,0.01,0.01,0.0,,,0,0,0,gtdb_only,0.0
UBA11471,0,0,0.0,0.0,47,47,0,0.01,0.01,0.0,,,0,0,0,gtdb_only,0.0
Brachytrichaceae,0,0,0.0,0.0,47,47,0,0.01,0.01,0.0,,,0,0,0,gtdb_only,0.0
SZUA-152,0,0,0.0,0.0,47,47,0,0.01,0.01,0.0,,,0,0,0,gtdb_only,0.0
GCA-002716945,0,0,0.0,0.0,47,47,0,0.01,0.01,0.0,,,0,0,0,gtdb_only,0.0
Vermiphilaceae,0,0,0.0,0.0,46,46,0,0.01,0.01,0.0,,,0,0,0,gtdb_only,0.0
UBA2199,0,0,0.0,0.0,46,46,0,0.01,0.01,0.0,,,0,0,0,gtdb_only,0.0
UBA5629,0,0,0.0,0.0,46,46,0,0.01,0.01,0.0,,,0,0,0,gtdb_only,0.0
SZUA-140,0,0,0.0,0.0,46,46,0,0.01,0.01,0.0,,,0,0,0,gtdb_only,0.0
Colwellbacteraceae,0,0,0.0,0.0,46,46,0,0.01,0.01,0.0,,,0,0,0,gtdb_only,0.0
UBA2968,0,0,0.0,0.0,46,46,0,0.01,0.01,0.0,,,0,0,0,gtdb_only,0.0
JdFR-88,0,0,0.0,0.0,46,46,0,0.01,0.01,0.0,,,0,0,0,gtdb_only,0.0
UBA7662,0,0,0.0,0.0,46,46,0,0.01,0.01,0.0,,,0,0,0,gtdb_only,0.0
UBA2020,0,0,0.0,0.0,46,46,0,0.01,0.01,0.0,,,0,0,0,gtdb_only,0.0
Aquincolibacteriaceae,0,0,0.0,0.0,46,46,0,0.01,0.01,0.0,,,0,0,0,gtdb_only,0.0
UBA1135,0,0,0.0,0.0,45,45,0,0.01,0.01,0.0,,,0,0,0,gtdb_only,0.0
QAMX01,0,0,0.0,0.0,45,45,0,0.01,0.01,0.0,,,0,0,0,gtdb_only,0.0
UBA10324,0,0,0.0,0.0,45,45,0,0.01,0.01,0.0,,,0,0,0,gtdb_only,0.0
RBG-16-60-22,0,0,0.0,0.0,45,45,0,0.01,0.01,0.0,,,0,0,0,gtdb_only,0.0
UBA4427,0,0,0.0,0.0,45,45,0,0.01,0.01,0.0,,,0,0,0,gtdb_only,0.0
SM23-33,0,0,0.0,0.0,45,45,0,0.01,0.01,0.0,,,0,0,0,gtdb_only,0.0
Leptonemataceae,0,0,0.0,0.0,45,45,0,0.01,0.01,0.0,,,0,0,0,gtdb_only,0.0
Pelotomaculaceae,0,0,0.0,0.0,45,45,0,0.01,0.01,0.0,,,0,0,0,gtdb_only,0.0
Xenobiaceae,0,0,0.0,0.0,45,45,0,0.01,0.01,0.0,,,0,0,0,gtdb_only,0.0
HK1,0,0,0.0,0.0,45,45,0,0.01,0.01,0.0,,,0,0,0,gtdb_only,0.0
Korarchaeaceae,0,0,0.0,0.0,45,45,0,0.01,0.01,0.0,,,0,0,0,gtdb_only,0.0
Bin125,0,0,0.0,0.0,44,44,0,0.01,0.01,0.0,,,0,0,0,gtdb_only,0.0
SZUA-534,0,0,0.0,0.0,44,44,0,0.01,0.01,0.0,,,0,0,0,gtdb_only,0.0
Moorellaceae,0,0,0.0,0.0,44,44,0,0.01,0.01,0.0,,,0,0,0,gtdb_only,0.0
Caldibacillaceae,0,0,0.0,0.0,44,44,0,0.01,0.01,0.0,,,0,0,0,gtdb_only,0.0
UBA1146,0,0,0.0,0.0,44,44,0,0.01,0.01,0.0,,,0,0,0,gtdb_only,0.0
UBA5453,0,0,0.0,0.0,44,44,0,0.01,0.01,0.0,,,0,0,0,gtdb_only,0.0
UBA5518,0,0,0.0,0.0,44,44,0,0.01,0.01,0.0,,,0,0,0,gtdb_only,0.0
LL51,0,0,0.0,0.0,44,44,0,0.01,0.01,0.0,,,0,0,0,gtdb_only,0.0
CAG-631,0,0,0.0,0.0,43,43,0,0.01,0.01,0.0,,,0,0,0,gtdb_only,0.0
Domibacillaceae,0,0,0.0,0.0,43,43,0,0.01,0.01,0.0,,,0,0,0,gtdb_only,0.0
UBA11579,0,0,0.0,0.0,43,43,0,0.01,0.01,0.0,,,0,0,0,gtdb_only,0.0
Adiutricaceae,0,0,0.0,0.0,43,43,0,0.01,0.01,0.0,,,0,0,0,gtdb_only,0.0
Australimonadaceae,0,0,0.0,0.0,43,43,0,0.01,0.01,0.0,,,0,0,0,gtdb_only,0.0
Bathyarchaeaceae,0,0,0.0,0.0,43,43,0,0.01,0.01,0.0,,,0,0,0,gtdb_only,0.0
JAIMBI01,0,0,0.0,0.0,43,43,0,0.01,0.01,0.0,,,0,0,0,gtdb_only,0.0
ARS49,0,0,0.0,0.0,43,43,0,0.01,0.01,0.0,,,0,0,0,gtdb_only,0.0
E44-bin32,0,0,0.0,0.0,43,43,0,0.01,0.01,0.0,,,0,0,0,gtdb_only,0.0
Cycloclasticaceae,0,0,0.0,0.0,43,43,0,0.01,0.01,0.0,,,0,0,0,gtdb_only,0.0
CAIYMF01,0,0,0.0,0.0,43,43,0,0.01,0.01,0.0,,,0,0,0,gtdb_only,0.0
2013-40CM-41-45,0,0,0.0,0.0,43,43,0,0.01,0.01,0.0,,,0,0,0,gtdb_only,0.0
UBA12059,0,0,0.0,0.0,43,43,0,0.01,0.01,0.0,,,0,0,0,gtdb_only,0.0
Acetivibrionaceae,0,0,0.0,0.0,43,43,0,0.01,0.01,0.0,,,0,0,0,gtdb_only,0.0
UBA7434,0,0,0.0,0.0,42,42,0,0.01,0.01,0.0,,,0,0,0,gtdb_only,0.0
Thermacetogeniaceae,0,0,0.0,0.0,42,42,0,0.01,0.01,0.0,,,0,0,0,gtdb_only,0.0
Methanocomedenaceae,0,0,0.0,0.0,42,42,0,0.01,0.01,0.0,,,0,0,0,gtdb_only,0.0
UBA6906,0,0,0.0,0.0,42,42,0,0.01,0.01,0.0,,,0,0,0,gtdb_only,0.0
JADIYW01,0,0,0.0,0.0,42,42,0,0.01,0.01,0.0,,,0,0,0,gtdb_only,0.0
JAGOQP01,0,0,0.0,0.0,42,42,0,0.01,0.01,0.0,,,0,0,0,gtdb_only,0.0
UBA828,0,0,0.0,0.0,41,41,0,0.01,0.01,0.0,,,0,0,0,gtdb_only,0.0
CADCSY01,0,0,0.0,0.0,41,41,0,0.01,0.01,0.0,,,0,0,0,gtdb_only,0.0
SZUA-584,0,0,0.0,0.0,41,41,0,0.01,0.01,0.0,,,0,0,0,gtdb_only,0.0
UBA8248,0,0,0.0,0.0,41,41,0,0.01,0.01,0.0,,,0,0,0,gtdb_only,0.0
LOWO2-01-FULL-3,0,0,0.0,0.0,40,40,0,0.01,0.01,0.0,,,0,0,0,gtdb_only,0.0
SCQP01,0,0,0.0,0.0,40,40,0,0.01,0.01,0.0,,,0,0,0,gtdb_only,0.0
WQUN01,0,0,0.0,0.0,40,40,0,0.01,0.01,0.0,,,0,0,0,gtdb_only,0.0
2-01-FULL-45-10,0,0,0.0,0.0,40,40,0,0.01,0.01,0.0,,,0,0,0,gtdb_only,0.0
Aquiviventaceae,0,0,0.0,0.0,40,40,0,0.01,0.01,0.0,,,0,0,0,gtdb_only,0.0
UBA12075,0,0,0.0,0.0,40,40,0,0.01,0.01,0.0,,,0,0,0,gtdb_only,0.0
UBA164,0,0,0.0,0.0,40,40,0,0.01,0.01,0.0,,,0,0,0,gtdb_only,0.0
Anaerosomataceae,0,0,0.0,0.0,40,40,0,0.01,0.01,0.0,,,0,0,0,gtdb_only,0.0
NBVN01,0,0,0.0,0.0,39,39,0,0.01,0.01,0.0,,,0,0,0,gtdb_only,0.0
UBA3824,0,0,0.0,0.0,39,39,0,0.01,0.01,0.0,,,0,0,0,gtdb_only,0.0
UBA4417,0,0,0.0,0.0,39,39,0,0.01,0.01,0.0,,,0,0,0,gtdb_only,0.0
UBA5734,0,0,0.0,0.0,39,39,0,0.01,0.01,0.0,,,0,0,0,gtdb_only,0.0
GCA-2862545,0,0,0.0,0.0,39,39,0,0.01,0.01,0.0,,,0,0,0,gtdb_only,0.0
Natronogracilivirgulaceae,0,0,0.0,0.0,39,39,0,0.01,0.01,0.0,,,0,0,0,gtdb_only,0.0
UBA6901,0,0,0.0,0.0,39,39,0,0.01,0.01,0.0,,,0,0,0,gtdb_only,0.0
F1-60-MAGs149,0,0,0.0,0.0,39,39,0,0.01,0.01,0.0,,,0,0,0,gtdb_only,0.0
GBS-DC,0,0,0.0,0.0,39,39,0,0.01,0.01,0.0,,,0,0,0,gtdb_only,0.0
C00003060,0,0,0.0,0.0,39,39,0,0.01,0.01,0.0,,,0,0,0,gtdb_only,0.0
Caloramatoraceae,0,0,0.0,0.0,39,39,0,0.01,0.01,0.0,,,0,0,0,gtdb_only,0.0
GWC2-55-46,0,0,0.0,0.0,39,39,0,0.01,0.01,0.0,,,0,0,0,gtdb_only,0.0
BMS3ABIN01,0,0,0.0,0.0,39,39,0,0.01,0.01,0.0,,,0,0,0,gtdb_only,0.0
Palsa-965,0,0,0.0,0.0,39,39,0,0.01,0.01,0.0,,,0,0,0,gtdb_only,0.0
UBA1100,0,0,0.0,0.0,39,39,0,0.01,0.01,0.0,,,0,0,0,gtdb_only,0.0
TTA-H9,0,0,0.0,0.0,38,38,0,0.01,0.01,0.0,,,0,0,0,gtdb_only,0.0
Fen-1088,0,0,0.0,0.0,38,38,0,0.01,0.01,0.0,,,0,0,0,gtdb_only,0.0
SLHB01,0,0,0.0,0.0,38,38,0,0.01,0.01,0.0,,,0,0,0,gtdb_only,0.0
HGW-15,0,0,0.0,0.0,38,38,0,0.01,0.01,0.0,,,0,0,0,gtdb_only,0.0
UBA8131,0,0,0.0,0.0,38,38,0,0.01,0.01,0.0,,,0,0,0,gtdb_only,0.0
Pontiellaceae,0,0,0.0,0.0,38,38,0,0.01,0.01,0.0,,,0,0,0,gtdb_only,0.0
GW2011-AR17,0,0,0.0,0.0,38,38,0,0.01,0.01,0.0,,,0,0,0,gtdb_only,0.0
Haladaptataceae,0,0,0.0,0.0,38,38,0,0.01,0.01,0.0,,,0,0,0,gtdb_only,0.0
GWA2-37-8,0,0,0.0,0.0,38,38,0,0.01,0.01,0.0,,,0,0,0,gtdb_only,0.0
4484-276,0,0,0.0,0.0,38,38,0,0.01,0.01,0.0,,,0,0,0,gtdb_only,0.0
GCA-2748055,0,0,0.0,0.0,37,37,0,0.01,0.01,0.0,,,0,0,0,gtdb_only,0.0
UBA9219,0,0,0.0,0.0,37,37,0,0.01,0.01,0.0,,,0,0,0,gtdb_only,0.0
CAITNM01,0,0,0.0,0.0,37,37,0,0.01,0.01,0.0,,,0,0,0,gtdb_only,0.0
Scalinduaceae,0,0,0.0,0.0,37,37,0,0.01,0.01,0.0,,,0,0,0,gtdb_only,0.0
UMGS1883,0,0,0.0,0.0,37,37,0,0.01,0.01,0.0,,,0,0,0,gtdb_only,0.0
0-14-0-80-60-11,0,0,0.0,0.0,37,37,0,0.01,0.01,0.0,,,0,0,0,gtdb_only,0.0
D37C17,0,0,0.0,0.0,37,37,0,0.01,0.01,0.0,,,0,0,0,gtdb_only,0.0
UBA11063,0,0,0.0,0.0,37,37,0,0.01,0.01,0.0,,,0,0,0,gtdb_only,0.0
Fen-1342,0,0,0.0,0.0,37,37,0,0.01,0.01,0.0,,,0,0,0,gtdb_only,0.0
GWA2-36-10,0,0,0.0,0.0,37,37,0,0.01,0.01,0.0,,,0,0,0,gtdb_only,0.0
DTU013,0,0,0.0,0.0,37,37,0,0.01,0.01,0.0,,,0,0,0,gtdb_only,0.0
Lenti-01,0,0,0.0,0.0,37,37,0,0.01,0.01,0.0,,,0,0,0,gtdb_only,0.0
Caldicellulosiruptoraceae,0,0,0.0,0.0,36,36,0,0.01,0.01,0.0,,,0,0,0,gtdb_only,0.0
Nanogingivalaceae,0,0,0.0,0.0,36,36,0,0.01,0.01,0.0,,,0,0,0,gtdb_only,0.0
UBA4408,0,0,0.0,0.0,36,36,0,0.01,0.01,0.0,,,0,0,0,gtdb_only,0.0
Filifactoraceae,0,0,0.0,0.0,36,36,0,0.01,0.01,0.0,,,0,0,0,gtdb_only,0.0
DTU049,0,0,0.0,0.0,36,36,0,0.01,0.01,0.0,,,0,0,0,gtdb_only,0.0
Marinicellaceae,0,0,0.0,0.0,36,36,0,0.01,0.01,0.0,,,0,0,0,gtdb_only,0.0
Ketobacteraceae,0,0,0.0,0.0,36,36,0,0.01,0.01,0.0,,,0,0,0,gtdb_only,0.0
SLSP01,0,0,0.0,0.0,36,36,0,0.01,0.01,0.0,,,0,0,0,gtdb_only,0.0
CAG-1252,0,0,0.0,0.0,36,36,0,0.01,0.01,0.0,,,0,0,0,gtdb_only,0.0
UBA1550,0,0,0.0,0.0,36,36,0,0.01,0.01,0.0,,,0,0,0,gtdb_only,0.0
Palsa-948,0,0,0.0,0.0,36,36,0,0.01,0.01,0.0,,,0,0,0,gtdb_only,0.0
Marinococcaceae,0,0,0.0,0.0,36,36,0,0.01,0.01,0.0,,,0,0,0,gtdb_only,0.0
UBA920,0,0,0.0,0.0,36,36,0,0.01,0.01,0.0,,,0,0,0,gtdb_only,0.0
UBA8154,0,0,0.0,0.0,36,36,0,0.01,0.01,0.0,,,0,0,0,gtdb_only,0.0
40CM-2-53-6,0,0,0.0,0.0,36,36,0,0.01,0.01,0.0,,,0,0,0,gtdb_only,0.0
Dethiobacteraceae,0,0,0.0,0.0,36,36,0,0.01,0.01,0.0,,,0,0,0,gtdb_only,0.0
UBA9506,0,0,0.0,0.0,36,36,0,0.01,0.01,0.0,,,0,0,0,gtdb_only,0.0
UBA2242,0,0,0.0,0.0,35,35,0,0.01,0.01,0.0,,,0,0,0,gtdb_only,0.0
UBA4575,0,0,0.0,0.0,35,35,0,0.01,0.01,0.0,,,0,0,0,gtdb_only,0.0
JAJZLI01,0,0,0.0,0.0,35,35,0,0.01,0.01,0.0,,,0,0,0,gtdb_only,0.0
Methanomethylicaceae,0,0,0.0,0.0,35,35,0,0.01,0.01,0.0,,,0,0,0,gtdb_only,0.0
Syntrophobotulaceae,0,0,0.0,0.0,35,35,0,0.01,0.01,0.0,,,0,0,0,gtdb_only,0.0
BACL12,0,0,0.0,0.0,35,35,0,0.01,0.01,0.0,,,0,0,0,gtdb_only,0.0
JAAXHH01,0,0,0.0,0.0,35,35,0,0.01,0.01,0.0,,,0,0,0,gtdb_only,0.0
WHSQ01,0,0,0.0,0.0,35,35,0,0.01,0.01,0.0,,,0,0,0,gtdb_only,0.0
2-01-FULL-45-33,0,0,0.0,0.0,35,35,0,0.01,0.01,0.0,,,0,0,0,gtdb_only,0.0
Alkalibacillaceae,0,0,0.0,0.0,35,35,0,0.01,0.01,0.0,,,0,0,0,gtdb_only,0.0
TMED25,0,0,0.0,0.0,35,35,0,0.01,0.01,0.0,,,0,0,0,gtdb_only,0.0
DSM-5069,0,0,0.0,0.0,34,34,0,0.01,0.01,0.0,,,0,0,0,gtdb_only,0.0
Natronospirillaceae,0,0,0.0,0.0,34,34,0,0.01,0.01,0.0,,,0,0,0,gtdb_only,0.0
UBA1020,0,0,0.0,0.0,34,34,0,0.01,0.01,0.0,,,0,0,0,gtdb_only,0.0
UBA6623,0,0,0.0,0.0,34,34,0,0.01,0.01,0.0,,,0,0,0,gtdb_only,0.0
SHLQ01,0,0,0.0,0.0,34,34,0,0.01,0.01,0.0,,,0,0,0,gtdb_only,0.0
Magnetobacteriaceae,0,0,0.0,0.0,34,34,0,0.01,0.01,0.0,,,0,0,0,gtdb_only,0.0
SMXQ01,0,0,0.0,0.0,34,34,0,0.01,0.01,0.0,,,0,0,0,gtdb_only,0.0
B25-G16,0,0,0.0,0.0,34,34,0,0.01,0.01,0.0,,,0,0,0,gtdb_only,0.0
J102,0,0,0.0,0.0,34,34,0,0.01,0.01,0.0,,,0,0,0,gtdb_only,0.0
Rariloculaceae,0,0,0.0,0.0,34,34,0,0.01,0.01,0.0,,,0,0,0,gtdb_only,0.0
UBA1715,0,0,0.0,0.0,34,34,0,0.01,0.01,0.0,,,0,0,0,gtdb_only,0.0
UBA2241,0,0,0.0,0.0,33,33,0,0.01,0.01,0.0,,,0,0,0,gtdb_only,0.0
UBA1144,0,0,0.0,0.0,33,33,0,0.01,0.01,0.0,,,0,0,0,gtdb_only,0.0
UBA5066,0,0,0.0,0.0,33,33,0,0.01,0.01,0.0,,,0,0,0,gtdb_only,0.0
QHBO01,0,0,0.0,0.0,33,33,0,0.01,0.01,0.0,,,0,0,0,gtdb_only,0.0
Joyebacteraceae,0,0,0.0,0.0,33,33,0,0.01,0.01,0.0,,,0,0,0,gtdb_only,0.0
Sulfurifustaceae,0,0,0.0,0.0,33,33,0,0.01,0.01,0.0,,,0,0,0,gtdb_only,0.0
UBA2392,0,0,0.0,0.0,33,33,0,0.01,0.01,0.0,,,0,0,0,gtdb_only,0.0
UBA12481,0,0,0.0,0.0,33,33,0,0.01,0.01,0.0,,,0,0,0,gtdb_only,0.0
SCTD01,0,0,0.0,0.0,33,33,0,0.01,0.01,0.0,,,0,0,0,gtdb_only,0.0
UBA3636,0,0,0.0,0.0,33,33,0,0.01,0.01,0.0,,,0,0,0,gtdb_only,0.0
CAIOVX01,0,0,0.0,0.0,33,33,0,0.01,0.01,0.0,,,0,0,0,gtdb_only,0.0
RGVZ01,0,0,0.0,0.0,33,33,0,0.01,0.01,0.0,,,0,0,0,gtdb_only,0.0
UBA1546,0,0,0.0,0.0,33,33,0,0.01,0.01,0.0,,,0,0,0,gtdb_only,0.0
Nitrococcaceae,0,0,0.0,0.0,33,33,0,0.01,0.01,0.0,,,0,0,0,gtdb_only,0.0
UBA9655,0,0,0.0,0.0,33,33,0,0.01,0.01,0.0,,,0,0,0,gtdb_only,0.0
Spongiisociaceae,0,0,0.0,0.0,32,32,0,0.01,0.01,0.0,,,0,0,0,gtdb_only,0.0
Marinithermaceae,0,0,0.0,0.0,32,32,0,0.01,0.01,0.0,,,0,0,0,gtdb_only,0.0
Anaerofustaceae,0,0,0.0,0.0,32,32,0,0.01,0.01,0.0,,,0,0,0,gtdb_only,0.0
UBA4971,0,0,0.0,0.0,32,32,0,0.01,0.01,0.0,,,0,0,0,gtdb_only,0.0
Rubidibacteraceae,0,0,0.0,0.0,32,32,0,0.01,0.01,0.0,,,0,0,0,gtdb_only,0.0
UBA57,0,0,0.0,0.0,32,32,0,0.01,0.01,0.0,,,0,0,0,gtdb_only,0.0
Lutisporaceae,0,0,0.0,0.0,32,32,0,0.01,0.01,0.0,,,0,0,0,gtdb_only,0.0
Natronincolaceae,0,0,0.0,0.0,32,32,0,0.01,0.01,0.0,,,0,0,0,gtdb_only,0.0
UBA8199,0,0,0.0,0.0,32,32,0,0.01,0.01,0.0,,,0,0,0,gtdb_only,0.0
MED-G16,0,0,0.0,0.0,32,32,0,0.01,0.01,0.0,,,0,0,0,gtdb_only,0.0
SXTU01,0,0,0.0,0.0,32,32,0,0.01,0.01,0.0,,,0,0,0,gtdb_only,0.0
Methanothermobacteraceae,0,0,0.0,0.0,32,32,0,0.01,0.01,0.0,,,0,0,0,gtdb_only,0.0
PALSA-555,0,0,0.0,0.0,32,32,0,0.01,0.01,0.0,,,0,0,0,gtdb_only,0.0
34-128,0,0,0.0,0.0,32,32,0,0.01,0.01,0.0,,,0,0,0,gtdb_only,0.0
Marinacidobacteraceae,0,0,0.0,0.0,32,32,0,0.01,0.01,0.0,,,0,0,0,gtdb_only,0.0
DTJE01,0,0,0.0,0.0,31,31,0,0.01,0.01,0.0,,,0,0,0,gtdb_only,0.0
Cryosericaceae,0,0,0.0,0.0,31,31,0,0.01,0.01,0.0,,,0,0,0,gtdb_only,0.0
UBA4068,0,0,0.0,0.0,31,31,0,0.01,0.01,0.0,,,0,0,0,gtdb_only,0.0
J093,0,0,0.0,0.0,31,31,0,0.01,0.01,0.0,,,0,0,0,gtdb_only,0.0
JAMCPX01,0,0,0.0,0.0,31,31,0,0.01,0.01,0.0,,,0,0,0,gtdb_only,0.0
UBA2162,0,0,0.0,0.0,31,31,0,0.01,0.01,0.0,,,0,0,0,gtdb_only,0.0
UBA11346,0,0,0.0,0.0,31,31,0,0.01,0.01,0.0,,,0,0,0,gtdb_only,0.0
CAITNO01,0,0,0.0,0.0,31,31,0,0.01,0.01,0.0,,,0,0,0,gtdb_only,0.0
JdFR-85,0,0,0.0,0.0,31,31,0,0.01,0.01,0.0,,,0,0,0,gtdb_only,0.0
CAIKXV01,0,0,0.0,0.0,31,31,0,0.01,0.01,0.0,,,0,0,0,gtdb_only,0.0
TMED109,0,0,0.0,0.0,31,31,0,0.01,0.01,0.0,,,0,0,0,gtdb_only,0.0
JAADGE01,0,0,0.0,0.0,31,31,0,0.01,0.01,0.0,,,0,0,0,gtdb_only,0.0
CF-121,0,0,0.0,0.0,31,31,0,0.01,0.01,0.0,,,0,0,0,gtdb_only,0.0
UBA10428,0,0,0.0,0.0,31,31,0,0.01,0.01,0.0,,,0,0,0,gtdb_only,0.0
CG1-02-41-26,0,0,0.0,0.0,30,30,0,0.01,0.01,0.0,,,0,0,0,gtdb_only,0.0
JAADED01,0,0,0.0,0.0,30,30,0,0.01,0.01,0.0,,,0,0,0,gtdb_only,0.0
UBA1222,0,0,0.0,0.0,30,30,0,0.01,0.01,0.0,,,0,0,0,gtdb_only,0.0
PUMT01,0,0,0.0,0.0,30,30,0,0.01,0.01,0.0,,,0,0,0,gtdb_only,0.0
UBA1172,0,0,0.0,0.0,30,30,0,0.01,0.01,0.0,,,0,0,0,gtdb_only,0.0
Anstonellaceae,0,0,0.0,0.0,30,30,0,0.01,0.01,0.0,,,0,0,0,gtdb_only,0.0
QMZP01,0,0,0.0,0.0,30,30,0,0.01,0.01,0.0,,,0,0,0,gtdb_only,0.0
JGIOTU-2,0,0,0.0,0.0,30,30,0,0.01,0.01,0.0,,,0,0,0,gtdb_only,0.0
UBA1177,0,0,0.0,0.0,30,30,0,0.01,0.01,0.0,,,0,0,0,gtdb_only,0.0
UBA1113,0,0,0.0,0.0,30,30,0,0.01,0.01,0.0,,,0,0,0,gtdb_only,0.0
UBA4473,0,0,0.0,0.0,30,30,0,0.01,0.01,0.0,,,0,0,0,gtdb_only,0.0
RBG-16-64-32,0,0,0.0,0.0,30,30,0,0.01,0.01,0.0,,,0,0,0,gtdb_only,0.0
J111,0,0,0.0,0.0,30,30,0,0.01,0.01,0.0,,,0,0,0,gtdb_only,0.0
UBA2210,0,0,0.0,0.0,30,30,0,0.01,0.01,0.0,,,0,0,0,gtdb_only,0.0
QOAL01,0,0,0.0,0.0,30,30,0,0.01,0.01,0.0,,,0,0,0,gtdb_only,0.0
Kryptoniaceae,0,0,0.0,0.0,30,30,0,0.01,0.01,0.0,,,0,0,0,gtdb_only,0.0
UTPLA1,0,0,0.0,0.0,30,30,0,0.01,0.01,0.0,,,0,0,0,gtdb_only,0.0
Bin65,0,0,0.0,0.0,29,29,0,0.0,0.0,0.0,,,0,0,0,gtdb_only,0.0
UBA830,0,0,0.0,0.0,29,29,0,0.0,0.0,0.0,,,0,0,0,gtdb_only,0.0
Methylopilaceae,0,0,0.0,0.0,29,29,0,0.0,0.0,0.0,,,0,0,0,gtdb_only,0.0
Aneurinibacillaceae,0,0,0.0,0.0,29,29,0,0.0,0.0,0.0,,,0,0,0,gtdb_only,0.0
Gorgyraeaceae,0,0,0.0,0.0,29,29,0,0.0,0.0,0.0,,,0,0,0,gtdb_only,0.0
UBA11657,0,0,0.0,0.0,29,29,0,0.0,0.0,0.0,,,0,0,0,gtdb_only,0.0
46-47,0,0,0.0,0.0,29,29,0,0.0,0.0,0.0,,,0,0,0,gtdb_only,0.0
B26-1,0,0,0.0,0.0,29,29,0,0.0,0.0,0.0,,,0,0,0,gtdb_only,0.0
Fermentithermobacillaceae,0,0,0.0,0.0,29,29,0,0.0,0.0,0.0,,,0,0,0,gtdb_only,0.0
UBA12077,0,0,0.0,0.0,29,29,0,0.0,0.0,0.0,,,0,0,0,gtdb_only,0.0
UBA2466,0,0,0.0,0.0,29,29,0,0.0,0.0,0.0,,,0,0,0,gtdb_only,0.0
Magnetaquicoccaceae,0,0,0.0,0.0,29,29,0,0.0,0.0,0.0,,,0,0,0,gtdb_only,0.0
SMWR01,0,0,0.0,0.0,29,29,0,0.0,0.0,0.0,,,0,0,0,gtdb_only,0.0
UBA823,0,0,0.0,0.0,29,29,0,0.0,0.0,0.0,,,0,0,0,gtdb_only,0.0
UBA4248,0,0,0.0,0.0,29,29,0,0.0,0.0,0.0,,,0,0,0,gtdb_only,0.0
UBA5550,0,0,0.0,0.0,29,29,0,0.0,0.0,0.0,,,0,0,0,gtdb_only,0.0
SM23-42,0,0,0.0,0.0,29,29,0,0.0,0.0,0.0,,,0,0,0,gtdb_only,0.0
UBA3076,0,0,0.0,0.0,29,29,0,0.0,0.0,0.0,,,0,0,0,gtdb_only,0.0
Saccharicenantaceae,0,0,0.0,0.0,29,29,0,0.0,0.0,0.0,,,0,0,0,gtdb_only,0.0
Halorhodospiraceae,0,0,0.0,0.0,28,28,0,0.0,0.0,0.0,,,0,0,0,gtdb_only,0.0
Hydrogenimonadaceae,0,0,0.0,0.0,28,28,0,0.0,0.0,0.0,,,0,0,0,gtdb_only,0.0
DTU083,0,0,0.0,0.0,28,28,0,0.0,0.0,0.0,,,0,0,0,gtdb_only,0.0
CACIAM-22H2,0,0,0.0,0.0,28,28,0,0.0,0.0,0.0,,,0,0,0,gtdb_only,0.0
RBG-16-68-12,0,0,0.0,0.0,28,28,0,0.0,0.0,0.0,,,0,0,0,gtdb_only,0.0
Hippeaceae,0,0,0.0,0.0,28,28,0,0.0,0.0,0.0,,,0,0,0,gtdb_only,0.0
HRBIN12,0,0,0.0,0.0,28,28,0,0.0,0.0,0.0,,,0,0,0,gtdb_only,0.0
SM23-35,0,0,0.0,0.0,28,28,0,0.0,0.0,0.0,,,0,0,0,gtdb_only,0.0
BM103,0,0,0.0,0.0,28,28,0,0.0,0.0,0.0,,,0,0,0,gtdb_only,0.0
Hadarchaeaceae,0,0,0.0,0.0,28,28,0,0.0,0.0,0.0,,,0,0,0,gtdb_only,0.0
CADAEX01,0,0,0.0,0.0,28,28,0,0.0,0.0,0.0,,,0,0,0,gtdb_only,0.0
UBA8363,0,0,0.0,0.0,28,28,0,0.0,0.0,0.0,,,0,0,0,gtdb_only,0.0
JAJYTV01,0,0,0.0,0.0,28,28,0,0.0,0.0,0.0,,,0,0,0,gtdb_only,0.0
CAIKAF01,0,0,0.0,0.0,28,28,0,0.0,0.0,0.0,,,0,0,0,gtdb_only,0.0
UBA1532,0,0,0.0,0.0,28,28,0,0.0,0.0,0.0,,,0,0,0,gtdb_only,0.0
UBA9217,0,0,0.0,0.0,28,28,0,0.0,0.0,0.0,,,0,0,0,gtdb_only,0.0
Gp7-AA8,0,0,0.0,0.0,28,28,0,0.0,0.0,0.0,,,0,0,0,gtdb_only,0.0
BM520,0,0,0.0,0.0,27,27,0,0.0,0.0,0.0,,,0,0,0,gtdb_only,0.0
Foliamicaceae,0,0,0.0,0.0,27,27,0,0.0,0.0,0.0,,,0,0,0,gtdb_only,0.0
Aciduliprofundaceae,0,0,0.0,0.0,27,27,0,0.0,0.0,0.0,,,0,0,0,gtdb_only,0.0
UBA6186,0,0,0.0,0.0,27,27,0,0.0,0.0,0.0,,,0,0,0,gtdb_only,0.0
Deianiraeaceae,0,0,0.0,0.0,27,27,0,0.0,0.0,0.0,,,0,0,0,gtdb_only,0.0
2-02-FULL-39-11,0,0,0.0,0.0,27,27,0,0.0,0.0,0.0,,,0,0,0,gtdb_only,0.0
Amesbacteraceae,0,0,0.0,0.0,27,27,0,0.0,0.0,0.0,,,0,0,0,gtdb_only,0.0
UBA1163,0,0,0.0,0.0,27,27,0,0.0,0.0,0.0,,,0,0,0,gtdb_only,0.0
UBA11872,0,0,0.0,0.0,27,27,0,0.0,0.0,0.0,,,0,0,0,gtdb_only,0.0
IMCC26256,0,0,0.0,0.0,27,27,0,0.0,0.0,0.0,,,0,0,0,gtdb_only,0.0
SIG627,0,0,0.0,0.0,27,27,0,0.0,0.0,0.0,,,0,0,0,gtdb_only,0.0
FEN-1173,0,0,0.0,0.0,27,27,0,0.0,0.0,0.0,,,0,0,0,gtdb_only,0.0
SCN-69-37,0,0,0.0,0.0,27,27,0,0.0,0.0,0.0,,,0,0,0,gtdb_only,0.0
UBA8346,0,0,0.0,0.0,26,26,0,0.0,0.0,0.0,,,0,0,0,gtdb_only,0.0
UBA9214,0,0,0.0,0.0,26,26,0,0.0,0.0,0.0,,,0,0,0,gtdb_only,0.0
UBA2774,0,0,0.0,0.0,26,26,0,0.0,0.0,0.0,,,0,0,0,gtdb_only,0.0
QAND01,0,0,0.0,0.0,26,26,0,0.0,0.0,0.0,,,0,0,0,gtdb_only,0.0
UBA4975,0,0,0.0,0.0,26,26,0,0.0,0.0,0.0,,,0,0,0,gtdb_only,0.0
Halarchaeoplasmataceae,0,0,0.0,0.0,26,26,0,0.0,0.0,0.0,,,0,0,0,gtdb_only,0.0
EtOH8,0,0,0.0,0.0,26,26,0,0.0,0.0,0.0,,,0,0,0,gtdb_only,0.0
GCA-2696645,0,0,0.0,0.0,26,26,0,0.0,0.0,0.0,,,0,0,0,gtdb_only,0.0
O2-02-FULL-48-8,0,0,0.0,0.0,26,26,0,0.0,0.0,0.0,,,0,0,0,gtdb_only,0.0
Ga0077539,0,0,0.0,0.0,26,26,0,0.0,0.0,0.0,,,0,0,0,gtdb_only,0.0
UBA1212,0,0,0.0,0.0,26,26,0,0.0,0.0,0.0,,,0,0,0,gtdb_only,0.0
CAJBBX01,0,0,0.0,0.0,26,26,0,0.0,0.0,0.0,,,0,0,0,gtdb_only,0.0
Tantalellaceae,0,0,0.0,0.0,26,26,0,0.0,0.0,0.0,,,0,0,0,gtdb_only,0.0
JABDET01,0,0,0.0,0.0,26,26,0,0.0,0.0,0.0,,,0,0,0,gtdb_only,0.0
UBA10092,0,0,0.0,0.0,26,26,0,0.0,0.0,0.0,,,0,0,0,gtdb_only,0.0
DRMV01,0,0,0.0,0.0,26,26,0,0.0,0.0,0.0,,,0,0,0,gtdb_only,0.0
SP197,0,0,0.0,0.0,26,26,0,0.0,0.0,0.0,,,0,0,0,gtdb_only,0.0
DSM-19610,0,0,0.0,0.0,26,26,0,0.0,0.0,0.0,,,0,0,0,gtdb_only,0.0
Sulfomarinibacteraceae,0,0,0.0,0.0,26,26,0,0.0,0.0,0.0,,,0,0,0,gtdb_only,0.0
UBA7887,0,0,0.0,0.0,26,26,0,0.0,0.0,0.0,,,0,0,0,gtdb_only,0.0
UBA5272,0,0,0.0,0.0,26,26,0,0.0,0.0,0.0,,,0,0,0,gtdb_only,0.0
OLB5,0,0,0.0,0.0,26,26,0,0.0,0.0,0.0,,,0,0,0,gtdb_only,0.0
UM-FILTER-43-11,0,0,0.0,0.0,26,26,0,0.0,0.0,0.0,,,0,0,0,gtdb_only,0.0
UMGS124,0,0,0.0,0.0,26,26,0,0.0,0.0,0.0,,,0,0,0,gtdb_only,0.0
JABEVD01,0,0,0.0,0.0,26,26,0,0.0,0.0,0.0,,,0,0,0,gtdb_only,0.0
QAKW01,0,0,0.0,0.0,26,26,0,0.0,0.0,0.0,,,0,0,0,gtdb_only,0.0
QNZT01,0,0,0.0,0.0,26,26,0,0.0,0.0,0.0,,,0,0,0,gtdb_only,0.0
Patescibacteriaceae,0,0,0.0,0.0,26,26,0,0.0,0.0,0.0,,,0,0,0,gtdb_only,0.0
Nap2-2B,0,0,0.0,0.0,26,26,0,0.0,0.0,0.0,,,0,0,0,gtdb_only,0.0
Diplorickettsiaceae,0,0,0.0,0.0,26,26,0,0.0,0.0,0.0,,,0,0,0,gtdb_only,0.0
Aquisalimonadaceae,0,0,0.0,0.0,26,26,0,0.0,0.0,0.0,,,0,0,0,gtdb_only,0.0
DUPQ01,0,0,0.0,0.0,26,26,0,0.0,0.0,0.0,,,0,0,0,gtdb_only,0.0
JACTMZ01,0,0,0.0,0.0,26,26,0,0.0,0.0,0.0,,,0,0,0,gtdb_only,0.0
UBA12454,0,0,0.0,0.0,26,26,0,0.0,0.0,0.0,,,0,0,0,gtdb_only,0.0
B4-G1,0,0,0.0,0.0,25,25,0,0.0,0.0,0.0,,,0,0,0,gtdb_only,0.0
UBA7985,0,0,0.0,0.0,25,25,0,0.0,0.0,0.0,,,0,0,0,gtdb_only,0.0
Ahniellaceae,0,0,0.0,0.0,25,25,0,0.0,0.0,0.0,,,0,0,0,gtdb_only,0.0
JADJPG01,0,0,0.0,0.0,25,25,0,0.0,0.0,0.0,,,0,0,0,gtdb_only,0.0
CAIMNF01,0,0,0.0,0.0,25,25,0,0.0,0.0,0.0,,,0,0,0,gtdb_only,0.0
UMGS416,0,0,0.0,0.0,25,25,0,0.0,0.0,0.0,,,0,0,0,gtdb_only,0.0
UBA1006,0,0,0.0,0.0,25,25,0,0.0,0.0,0.0,,,0,0,0,gtdb_only,0.0
Palsa-1295,0,0,0.0,0.0,25,25,0,0.0,0.0,0.0,,,0,0,0,gtdb_only,0.0
UBA10027,0,0,0.0,0.0,25,25,0,0.0,0.0,0.0,,,0,0,0,gtdb_only,0.0
UBA11858,0,0,0.0,0.0,25,25,0,0.0,0.0,0.0,,,0,0,0,gtdb_only,0.0
UBA2112,0,0,0.0,0.0,25,25,0,0.0,0.0,0.0,,,0,0,0,gtdb_only,0.0
Nanosalinaceae,0,0,0.0,0.0,25,25,0,0.0,0.0,0.0,,,0,0,0,gtdb_only,0.0
UBA10575,0,0,0.0,0.0,25,25,0,0.0,0.0,0.0,,,0,0,0,gtdb_only,0.0
UBA12015,0,0,0.0,0.0,25,25,0,0.0,0.0,0.0,,,0,0,0,gtdb_only,0.0
JAFGKM01,0,0,0.0,0.0,25,25,0,0.0,0.0,0.0,,,0,0,0,gtdb_only,0.0
UBA4085,0,0,0.0,0.0,25,25,0,0.0,0.0,0.0,,,0,0,0,gtdb_only,0.0
UBA10834,0,0,0.0,0.0,25,25,0,0.0,0.0,0.0,,,0,0,0,gtdb_only,0.0
Cyanobacteriaceae,0,0,0.0,0.0,25,25,0,0.0,0.0,0.0,,,0,0,0,gtdb_only,0.0
UBA2143,0,0,0.0,0.0,25,25,0,0.0,0.0,0.0,,,0,0,0,gtdb_only,0.0
RBC074,0,0,0.0,0.0,25,25,0,0.0,0.0,0.0,,,0,0,0,gtdb_only,0.0
UBA11712,0,0,0.0,0.0,25,25,0,0.0,0.0,0.0,,,0,0,0,gtdb_only,0.0
UBA7805,0,0,0.0,0.0,25,25,0,0.0,0.0,0.0,,,0,0,0,gtdb_only,0.0
Bin18,0,0,0.0,0.0,25,25,0,0.0,0.0,0.0,,,0,0,0,gtdb_only,0.0
Dongiaceae,0,0,0.0,0.0,25,25,0,0.0,0.0,0.0,,,0,0,0,gtdb_only,0.0
SLAD01,0,0,0.0,0.0,24,24,0,0.0,0.0,0.0,,,0,0,0,gtdb_only,0.0
Desulforudaceae,0,0,0.0,0.0,24,24,0,0.0,0.0,0.0,,,0,0,0,gtdb_only,0.0
JAKAVM01,0,0,0.0,0.0,24,24,0,0.0,0.0,0.0,,,0,0,0,gtdb_only,0.0
HB172195,0,0,0.0,0.0,24,24,0,0.0,0.0,0.0,,,0,0,0,gtdb_only,0.0
UBA10799,0,0,0.0,0.0,24,24,0,0.0,0.0,0.0,,,0,0,0,gtdb_only,0.0
CG10238-14,0,0,0.0,0.0,24,24,0,0.0,0.0,0.0,,,0,0,0,gtdb_only,0.0
UBA489,0,0,0.0,0.0,24,24,0,0.0,0.0,0.0,,,0,0,0,gtdb_only,0.0
UBA9662,0,0,0.0,0.0,24,24,0,0.0,0.0,0.0,,,0,0,0,gtdb_only,0.0
JDFR-13,0,0,0.0,0.0,24,24,0,0.0,0.0,0.0,,,0,0,0,gtdb_only,0.0
RBG-16-64-13,0,0,0.0,0.0,24,24,0,0.0,0.0,0.0,,,0,0,0,gtdb_only,0.0
Eremiobacteraceae,0,0,0.0,0.0,24,24,0,0.0,0.0,0.0,,,0,0,0,gtdb_only,0.0
UBA1556,0,0,0.0,0.0,24,24,0,0.0,0.0,0.0,,,0,0,0,gtdb_only,0.0
Krumholzibacteriaceae,0,0,0.0,0.0,24,24,0,0.0,0.0,0.0,,,0,0,0,gtdb_only,0.0
RBG-13-55-18,0,0,0.0,0.0,24,24,0,0.0,0.0,0.0,,,0,0,0,gtdb_only,0.0
BM002,0,0,0.0,0.0,24,24,0,0.0,0.0,0.0,,,0,0,0,gtdb_only,0.0
UBA11713,0,0,0.0,0.0,24,24,0,0.0,0.0,0.0,,,0,0,0,gtdb_only,0.0
CG1-02-47-37,0,0,0.0,0.0,24,24,0,0.0,0.0,0.0,,,0,0,0,gtdb_only,0.0
XYD1-FULL-46-19,0,0,0.0,0.0,24,24,0,0.0,0.0,0.0,,,0,0,0,gtdb_only,0.0
DRMK01,0,0,0.0,0.0,24,24,0,0.0,0.0,0.0,,,0,0,0,gtdb_only,0.0
UBA472,0,0,0.0,0.0,24,24,0,0.0,0.0,0.0,,,0,0,0,gtdb_only,0.0
UBA9983,0,0,0.0,0.0,23,23,0,0.0,0.0,0.0,,,0,0,0,gtdb_only,0.0
JABEUL01,0,0,0.0,0.0,23,23,0,0.0,0.0,0.0,,,0,0,0,gtdb_only,0.0
GWC2-42-12,0,0,0.0,0.0,23,23,0,0.0,0.0,0.0,,,0,0,0,gtdb_only,0.0
UBA12327,0,0,0.0,0.0,23,23,0,0.0,0.0,0.0,,,0,0,0,gtdb_only,0.0
WQXJ01,0,0,0.0,0.0,23,23,0,0.0,0.0,0.0,,,0,0,0,gtdb_only,0.0
CACZYB01,0,0,0.0,0.0,23,23,0,0.0,0.0,0.0,,,0,0,0,gtdb_only,0.0
JAGLIN01,0,0,0.0,0.0,23,23,0,0.0,0.0,0.0,,,0,0,0,gtdb_only,0.0
JAAZAB01,0,0,0.0,0.0,23,23,0,0.0,0.0,0.0,,,0,0,0,gtdb_only,0.0
UBA2128,0,0,0.0,0.0,23,23,0,0.0,0.0,0.0,,,0,0,0,gtdb_only,0.0
UBA12079,0,0,0.0,0.0,23,23,0,0.0,0.0,0.0,,,0,0,0,gtdb_only,0.0
UBA10216,0,0,0.0,0.0,23,23,0,0.0,0.0,0.0,,,0,0,0,gtdb_only,0.0
40CM-4-68-19,0,0,0.0,0.0,23,23,0,0.0,0.0,0.0,,,0,0,0,gtdb_only,0.0
Panguiarchaeaceae,0,0,0.0,0.0,23,23,0,0.0,0.0,0.0,,,0,0,0,gtdb_only,0.0
UBA7430,0,0,0.0,0.0,23,23,0,0.0,0.0,0.0,,,0,0,0,gtdb_only,0.0
QMZM01,0,0,0.0,0.0,23,23,0,0.0,0.0,0.0,,,0,0,0,gtdb_only,0.0
J042,0,0,0.0,0.0,23,23,0,0.0,0.0,0.0,,,0,0,0,gtdb_only,0.0
Bin95,0,0,0.0,0.0,23,23,0,0.0,0.0,0.0,,,0,0,0,gtdb_only,0.0
DTU025,0,0,0.0,0.0,23,23,0,0.0,0.0,0.0,,,0,0,0,gtdb_only,0.0
UBA11236,0,0,0.0,0.0,23,23,0,0.0,0.0,0.0,,,0,0,0,gtdb_only,0.0
UBA10009,0,0,0.0,0.0,23,23,0,0.0,0.0,0.0,,,0,0,0,gtdb_only,0.0
OMII01,0,0,0.0,0.0,23,23,0,0.0,0.0,0.0,,,0,0,0,gtdb_only,0.0
DRQE01,0,0,0.0,0.0,23,23,0,0.0,0.0,0.0,,,0,0,0,gtdb_only,0.0
UBA9783,0,0,0.0,0.0,23,23,0,0.0,0.0,0.0,,,0,0,0,gtdb_only,0.0
RPQS01,0,0,0.0,0.0,22,22,0,0.0,0.0,0.0,,,0,0,0,gtdb_only,0.0
PNOQ01,0,0,0.0,0.0,22,22,0,0.0,0.0,0.0,,,0,0,0,gtdb_only,0.0
PWPS01,0,0,0.0,0.0,22,22,0,0.0,0.0,0.0,,,0,0,0,gtdb_only,0.0
UBA2796,0,0,0.0,0.0,22,22,0,0.0,0.0,0.0,,,0,0,0,gtdb_only,0.0
Fen-1064,0,0,0.0,0.0,22,22,0,0.0,0.0,0.0,,,0,0,0,gtdb_only,0.0
UBA2966,0,0,0.0,0.0,22,22,0,0.0,0.0,0.0,,,0,0,0,gtdb_only,0.0
Methylomirabilaceae,0,0,0.0,0.0,22,22,0,0.0,0.0,0.0,,,0,0,0,gtdb_only,0.0
Methanogasteraceae,0,0,0.0,0.0,22,22,0,0.0,0.0,0.0,,,0,0,0,gtdb_only,0.0
CADDZS01,0,0,0.0,0.0,22,22,0,0.0,0.0,0.0,,,0,0,0,gtdb_only,0.0
UBA929,0,0,0.0,0.0,22,22,0,0.0,0.0,0.0,,,0,0,0,gtdb_only,0.0
UBA12108,0,0,0.0,0.0,22,22,0,0.0,0.0,0.0,,,0,0,0,gtdb_only,0.0
GW2011-AR5,0,0,0.0,0.0,22,22,0,0.0,0.0,0.0,,,0,0,0,gtdb_only,0.0
BM004,0,0,0.0,0.0,22,22,0,0.0,0.0,0.0,,,0,0,0,gtdb_only,0.0
RBG-16-71-46,0,0,0.0,0.0,22,22,0,0.0,0.0,0.0,,,0,0,0,gtdb_only,0.0
UBA5352,0,0,0.0,0.0,22,22,0,0.0,0.0,0.0,,,0,0,0,gtdb_only,0.0
Ferrovibrionaceae,0,0,0.0,0.0,22,22,0,0.0,0.0,0.0,,,0,0,0,gtdb_only,0.0
GW2011-AR15,0,0,0.0,0.0,22,22,0,0.0,0.0,0.0,,,0,0,0,gtdb_only,0.0
JACNLC01,0,0,0.0,0.0,22,22,0,0.0,0.0,0.0,,,0,0,0,gtdb_only,0.0
DSQY01,0,0,0.0,0.0,21,21,0,0.0,0.0,0.0,,,0,0,0,gtdb_only,0.0
JAJZLH01,0,0,0.0,0.0,21,21,0,0.0,0.0,0.0,,,0,0,0,gtdb_only,0.0
UBA11136,0,0,0.0,0.0,21,21,0,0.0,0.0,0.0,,,0,0,0,gtdb_only,0.0
RVW-14,0,0,0.0,0.0,21,21,0,0.0,0.0,0.0,,,0,0,0,gtdb_only,0.0
02-FULL-45-10c,0,0,0.0,0.0,21,21,0,0.0,0.0,0.0,,,0,0,0,gtdb_only,0.0
Negativicoccaceae,0,0,0.0,0.0,21,21,0,0.0,0.0,0.0,,,0,0,0,gtdb_only,0.0
CAMVHY01,0,0,0.0,0.0,21,21,0,0.0,0.0,0.0,,,0,0,0,gtdb_only,0.0
Thiohalomonadaceae,0,0,0.0,0.0,21,21,0,0.0,0.0,0.0,,,0,0,0,gtdb_only,0.0
Anoxymicrobiaceae,0,0,0.0,0.0,21,21,0,0.0,0.0,0.0,,,0,0,0,gtdb_only,0.0
Feifaniaceae,0,0,0.0,0.0,21,21,0,0.0,0.0,0.0,,,0,0,0,gtdb_only,0.0
UBA3002,0,0,0.0,0.0,21,21,0,0.0,0.0,0.0,,,0,0,0,gtdb_only,0.0
Oceanipulchritudinaceae,0,0,0.0,0.0,21,21,0,0.0,0.0,0.0,,,0,0,0,gtdb_only,0.0
SZUA-567,0,0,0.0,0.0,21,21,0,0.0,0.0,0.0,,,0,0,0,gtdb_only,0.0
Marsarchaeaceae,0,0,0.0,0.0,21,21,0,0.0,0.0,0.0,,,0,0,0,gtdb_only,0.0
UBA4142,0,0,0.0,0.0,21,21,0,0.0,0.0,0.0,,,0,0,0,gtdb_only,0.0
UBA7312,0,0,0.0,0.0,21,21,0,0.0,0.0,0.0,,,0,0,0,gtdb_only,0.0
Kariarchaeaceae,0,0,0.0,0.0,21,21,0,0.0,0.0,0.0,,,0,0,0,gtdb_only,0.0
CATQHL01,0,0,0.0,0.0,21,21,0,0.0,0.0,0.0,,,0,0,0,gtdb_only,0.0
GCA-2747515,0,0,0.0,0.0,21,21,0,0.0,0.0,0.0,,,0,0,0,gtdb_only,0.0
UBA6794,0,0,0.0,0.0,21,21,0,0.0,0.0,0.0,,,0,0,0,gtdb_only,0.0
JAADJA01,0,0,0.0,0.0,21,21,0,0.0,0.0,0.0,,,0,0,0,gtdb_only,0.0
GWA1-39-11,0,0,0.0,0.0,21,21,0,0.0,0.0,0.0,,,0,0,0,gtdb_only,0.0
BMS3B,0,0,0.0,0.0,20,20,0,0.0,0.0,0.0,,,0,0,0,gtdb_only,0.0
UBA1429,0,0,0.0,0.0,20,20,0,0.0,0.0,0.0,,,0,0,0,gtdb_only,0.0
DUUL01,0,0,0.0,0.0,20,20,0,0.0,0.0,0.0,,,0,0,0,gtdb_only,0.0
JAAKFR01,0,0,0.0,0.0,20,20,0,0.0,0.0,0.0,,,0,0,0,gtdb_only,0.0
UBA2964,0,0,0.0,0.0,20,20,0,0.0,0.0,0.0,,,0,0,0,gtdb_only,0.0
Ignisphaeraceae,0,0,0.0,0.0,20,20,0,0.0,0.0,0.0,,,0,0,0,gtdb_only,0.0
Pluralincolimonadaceae,0,0,0.0,0.0,20,20,0,0.0,0.0,0.0,,,0,0,0,gtdb_only,0.0
UBA9337,0,0,0.0,0.0,20,20,0,0.0,0.0,0.0,,,0,0,0,gtdb_only,0.0
UMGS1384,0,0,0.0,0.0,20,20,0,0.0,0.0,0.0,,,0,0,0,gtdb_only,0.0
JABLTI01,0,0,0.0,0.0,20,20,0,0.0,0.0,0.0,,,0,0,0,gtdb_only,0.0
Aquicultoraceae,0,0,0.0,0.0,20,20,0,0.0,0.0,0.0,,,0,0,0,gtdb_only,0.0
DTJG01,0,0,0.0,0.0,20,20,0,0.0,0.0,0.0,,,0,0,0,gtdb_only,0.0
UBA10138,0,0,0.0,0.0,20,20,0,0.0,0.0,0.0,,,0,0,0,gtdb_only,0.0
JAJZXF01,0,0,0.0,0.0,20,20,0,0.0,0.0,0.0,,,0,0,0,gtdb_only,0.0
DRXL01,0,0,0.0,0.0,20,20,0,0.0,0.0,0.0,,,0,0,0,gtdb_only,0.0
S012-40,0,0,0.0,0.0,20,20,0,0.0,0.0,0.0,,,0,0,0,gtdb_only,0.0
UBA8958,0,0,0.0,0.0,20,20,0,0.0,0.0,0.0,,,0,0,0,gtdb_only,0.0
UBA4055,0,0,0.0,0.0,20,20,0,0.0,0.0,0.0,,,0,0,0,gtdb_only,0.0
UBA2192,0,0,0.0,0.0,20,20,0,0.0,0.0,0.0,,,0,0,0,gtdb_only,0.0
SZUA-5,0,0,0.0,0.0,20,20,0,0.0,0.0,0.0,,,0,0,0,gtdb_only,0.0
Thermotaleaceae,0,0,0.0,0.0,20,20,0,0.0,0.0,0.0,,,0,0,0,gtdb_only,0.0
HR35,0,0,0.0,0.0,20,20,0,0.0,0.0,0.0,,,0,0,0,gtdb_only,0.0
CAINMV01,0,0,0.0,0.0,20,20,0,0.0,0.0,0.0,,,0,0,0,gtdb_only,0.0
HO2-37-13b,0,0,0.0,0.0,20,20,0,0.0,0.0,0.0,,,0,0,0,gtdb_only,0.0
UBA6257,0,0,0.0,0.0,20,20,0,0.0,0.0,0.0,,,0,0,0,gtdb_only,0.0
JAKAOS01,0,0,0.0,0.0,20,20,0,0.0,0.0,0.0,,,0,0,0,gtdb_only,0.0
GWE2-31-10,0,0,0.0,0.0,20,20,0,0.0,0.0,0.0,,,0,0,0,gtdb_only,0.0
JAJYVN01,0,0,0.0,0.0,20,20,0,0.0,0.0,0.0,,,0,0,0,gtdb_only,0.0
UBA2156,0,0,0.0,0.0,19,19,0,0.0,0.0,0.0,,,0,0,0,gtdb_only,0.0
SHLN01,0,0,0.0,0.0,19,19,0,0.0,0.0,0.0,,,0,0,0,gtdb_only,0.0
RUG12999,0,0,0.0,0.0,19,19,0,0.0,0.0,0.0,,,0,0,0,gtdb_only,0.0
UBA4882,0,0,0.0,0.0,19,19,0,0.0,0.0,0.0,,,0,0,0,gtdb_only,0.0
UBA6911,0,0,0.0,0.0,19,19,0,0.0,0.0,0.0,,,0,0,0,gtdb_only,0.0
UBA10347,0,0,0.0,0.0,19,19,0,0.0,0.0,0.0,,,0,0,0,gtdb_only,0.0
GWB1-42-6,0,0,0.0,0.0,19,19,0,0.0,0.0,0.0,,,0,0,0,gtdb_only,0.0
UBA6930,0,0,0.0,0.0,19,19,0,0.0,0.0,0.0,,,0,0,0,gtdb_only,0.0
Firm-18,0,0,0.0,0.0,19,19,0,0.0,0.0,0.0,,,0,0,0,gtdb_only,0.0
JABHCV01,0,0,0.0,0.0,19,19,0,0.0,0.0,0.0,,,0,0,0,gtdb_only,0.0
VXPW01,0,0,0.0,0.0,19,19,0,0.0,0.0,0.0,,,0,0,0,gtdb_only,0.0
GCA-002705445,0,0,0.0,0.0,19,19,0,0.0,0.0,0.0,,,0,0,0,gtdb_only,0.0
DTU065,0,0,0.0,0.0,19,19,0,0.0,0.0,0.0,,,0,0,0,gtdb_only,0.0
UBA9637,0,0,0.0,0.0,19,19,0,0.0,0.0,0.0,,,0,0,0,gtdb_only,0.0
CACEW01,0,0,0.0,0.0,19,19,0,0.0,0.0,0.0,,,0,0,0,gtdb_only,0.0
Hermodarchaeaceae,0,0,0.0,0.0,19,19,0,0.0,0.0,0.0,,,0,0,0,gtdb_only,0.0
GCA-2688035,0,0,0.0,0.0,19,19,0,0.0,0.0,0.0,,,0,0,0,gtdb_only,0.0
UXAT02,0,0,0.0,0.0,19,19,0,0.0,0.0,0.0,,,0,0,0,gtdb_only,0.0
RPQK01,0,0,0.0,0.0,19,19,0,0.0,0.0,0.0,,,0,0,0,gtdb_only,0.0
Tichowtungiaceae,0,0,0.0,0.0,19,19,0,0.0,0.0,0.0,,,0,0,0,gtdb_only,0.0
CAIJKW01,0,0,0.0,0.0,19,19,0,0.0,0.0,0.0,,,0,0,0,gtdb_only,0.0
AE-B3A,0,0,0.0,0.0,19,19,0,0.0,0.0,0.0,,,0,0,0,gtdb_only,0.0
E44-bin15,0,0,0.0,0.0,19,19,0,0.0,0.0,0.0,,,0,0,0,gtdb_only,0.0
2-12-FULL-49-11,0,0,0.0,0.0,19,19,0,0.0,0.0,0.0,,,0,0,0,gtdb_only,0.0
CAJPTX01,0,0,0.0,0.0,19,19,0,0.0,0.0,0.0,,,0,0,0,gtdb_only,0.0
Ga0077523,0,0,0.0,0.0,19,19,0,0.0,0.0,0.0,,,0,0,0,gtdb_only,0.0
SOJC01,0,0,0.0,0.0,19,19,0,0.0,0.0,0.0,,,0,0,0,gtdb_only,0.0
SXRF01,0,0,0.0,0.0,19,19,0,0.0,0.0,0.0,,,0,0,0,gtdb_only,0.0
Aggregatilineaceae,0,0,0.0,0.0,19,19,0,0.0,0.0,0.0,,,0,0,0,gtdb_only,0.0
CG1-02-33-12,0,0,0.0,0.0,19,19,0,0.0,0.0,0.0,,,0,0,0,gtdb_only,0.0
Methanofastidiosaceae,0,0,0.0,0.0,19,19,0,0.0,0.0,0.0,,,0,0,0,gtdb_only,0.0
JAMPXM01,0,0,0.0,0.0,19,19,0,0.0,0.0,0.0,,,0,0,0,gtdb_only,0.0
Chloracidobacteriaceae,0,0,0.0,0.0,19,19,0,0.0,0.0,0.0,,,0,0,0,gtdb_only,0.0
SURF-7,0,0,0.0,0.0,18,18,0,0.0,0.0,0.0,,,0,0,0,gtdb_only,0.0
SZUA-336,0,0,0.0,0.0,18,18,0,0.0,0.0,0.0,,,0,0,0,gtdb_only,0.0
UBA10212,0,0,0.0,0.0,18,18,0,0.0,0.0,0.0,,,0,0,0,gtdb_only,0.0
DSM-45169,0,0,0.0,0.0,18,18,0,0.0,0.0,0.0,,,0,0,0,gtdb_only,0.0
UBA9629,0,0,0.0,0.0,18,18,0,0.0,0.0,0.0,,,0,0,0,gtdb_only,0.0
Inquilinaceae,0,0,0.0,0.0,18,18,0,0.0,0.0,0.0,,,0,0,0,gtdb_only,0.0
JAAZKV01,0,0,0.0,0.0,18,18,0,0.0,0.0,0.0,,,0,0,0,gtdb_only,0.0
SpSt-899,0,0,0.0,0.0,18,18,0,0.0,0.0,0.0,,,0,0,0,gtdb_only,0.0
UBA5680,0,0,0.0,0.0,18,18,0,0.0,0.0,0.0,,,0,0,0,gtdb_only,0.0
JdFR-43,0,0,0.0,0.0,18,18,0,0.0,0.0,0.0,,,0,0,0,gtdb_only,0.0
UBA12382,0,0,0.0,0.0,18,18,0,0.0,0.0,0.0,,,0,0,0,gtdb_only,0.0
DTU029,0,0,0.0,0.0,18,18,0,0.0,0.0,0.0,,,0,0,0,gtdb_only,0.0
FACHB-T130,0,0,0.0,0.0,18,18,0,0.0,0.0,0.0,,,0,0,0,gtdb_only,0.0
Tenderiaceae,0,0,0.0,0.0,18,18,0,0.0,0.0,0.0,,,0,0,0,gtdb_only,0.0
TMED2,0,0,0.0,0.0,18,18,0,0.0,0.0,0.0,,,0,0,0,gtdb_only,0.0
PALSA-610,0,0,0.0,0.0,18,18,0,0.0,0.0,0.0,,,0,0,0,gtdb_only,0.0
W02-35-19,0,0,0.0,0.0,18,18,0,0.0,0.0,0.0,,,0,0,0,gtdb_only,0.0
JAJYXR01,0,0,0.0,0.0,18,18,0,0.0,0.0,0.0,,,0,0,0,gtdb_only,0.0
PGXB01,0,0,0.0,0.0,18,18,0,0.0,0.0,0.0,,,0,0,0,gtdb_only,0.0
UBA10190,0,0,0.0,0.0,18,18,0,0.0,0.0,0.0,,,0,0,0,gtdb_only,0.0
SCSR01,0,0,0.0,0.0,18,18,0,0.0,0.0,0.0,,,0,0,0,gtdb_only,0.0
Magnetovibrionaceae,0,0,0.0,0.0,18,18,0,0.0,0.0,0.0,,,0,0,0,gtdb_only,0.0
JAANXG01,0,0,0.0,0.0,18,18,0,0.0,0.0,0.0,,,0,0,0,gtdb_only,0.0
Caldatribacteriaceae,0,0,0.0,0.0,18,18,0,0.0,0.0,0.0,,,0,0,0,gtdb_only,0.0
SLAA01,0,0,0.0,0.0,18,18,0,0.0,0.0,0.0,,,0,0,0,gtdb_only,0.0
ATM1,0,0,0.0,0.0,18,18,0,0.0,0.0,0.0,,,0,0,0,gtdb_only,0.0
CAIOMD01,0,0,0.0,0.0,18,18,0,0.0,0.0,0.0,,,0,0,0,gtdb_only,0.0
JAAYXM01,0,0,0.0,0.0,18,18,0,0.0,0.0,0.0,,,0,0,0,gtdb_only,0.0
WRAX01,0,0,0.0,0.0,17,17,0,0.0,0.0,0.0,,,0,0,0,gtdb_only,0.0
OLB16,0,0,0.0,0.0,17,17,0,0.0,0.0,0.0,,,0,0,0,gtdb_only,0.0
Halarsenatibacteraceae,0,0,0.0,0.0,17,17,0,0.0,0.0,0.0,,,0,0,0,gtdb_only,0.0
SZUA-47,0,0,0.0,0.0,17,17,0,0.0,0.0,0.0,,,0,0,0,gtdb_only,0.0
UBA5335,0,0,0.0,0.0,17,17,0,0.0,0.0,0.0,,,0,0,0,gtdb_only,0.0
CAIULA01,0,0,0.0,0.0,17,17,0,0.0,0.0,0.0,,,0,0,0,gtdb_only,0.0
CSSED10-239,0,0,0.0,0.0,17,17,0,0.0,0.0,0.0,,,0,0,0,gtdb_only,0.0
PWPN01,0,0,0.0,0.0,17,17,0,0.0,0.0,0.0,,,0,0,0,gtdb_only,0.0
Cyclonatronaceae,0,0,0.0,0.0,17,17,0,0.0,0.0,0.0,,,0,0,0,gtdb_only,0.0
DSM-23052,0,0,0.0,0.0,17,17,0,0.0,0.0,0.0,,,0,0,0,gtdb_only,0.0
Hodarchaeaceae,0,0,0.0,0.0,17,17,0,0.0,0.0,0.0,,,0,0,0,gtdb_only,0.0
UBA9339,0,0,0.0,0.0,17,17,0,0.0,0.0,0.0,,,0,0,0,gtdb_only,0.0
Thermochlorobacteraceae,0,0,0.0,0.0,17,17,0,0.0,0.0,0.0,,,0,0,0,gtdb_only,0.0
JAHJRI01,0,0,0.0,0.0,17,17,0,0.0,0.0,0.0,,,0,0,0,gtdb_only,0.0
UBA5829,0,0,0.0,0.0,17,17,0,0.0,0.0,0.0,,,0,0,0,gtdb_only,0.0
UBA2169,0,0,0.0,0.0,17,17,0,0.0,0.0,0.0,,,0,0,0,gtdb_only,0.0
SZUA-254,0,0,0.0,0.0,17,17,0,0.0,0.0,0.0,,,0,0,0,gtdb_only,0.0
UBA2174,0,0,0.0,0.0,17,17,0,0.0,0.0,0.0,,,0,0,0,gtdb_only,0.0
JAAYKL01,0,0,0.0,0.0,17,17,0,0.0,0.0,0.0,,,0,0,0,gtdb_only,0.0
Kaftiobacteriaceae,0,0,0.0,0.0,17,17,0,0.0,0.0,0.0,,,0,0,0,gtdb_only,0.0
DUEL01,0,0,0.0,0.0,17,17,0,0.0,0.0,0.0,,,0,0,0,gtdb_only,0.0
Tharpellaceae,0,0,0.0,0.0,17,17,0,0.0,0.0,0.0,,,0,0,0,gtdb_only,0.0
UBA12090,0,0,0.0,0.0,17,17,0,0.0,0.0,0.0,,,0,0,0,gtdb_only,0.0
UBA2258,0,0,0.0,0.0,17,17,0,0.0,0.0,0.0,,,0,0,0,gtdb_only,0.0
SG8-24,0,0,0.0,0.0,17,17,0,0.0,0.0,0.0,,,0,0,0,gtdb_only,0.0
Quadrisphaeraceae,0,0,0.0,0.0,17,17,0,0.0,0.0,0.0,,,0,0,0,gtdb_only,0.0
SG8-5,0,0,0.0,0.0,17,17,0,0.0,0.0,0.0,,,0,0,0,gtdb_only,0.0
UBA8366,0,0,0.0,0.0,17,17,0,0.0,0.0,0.0,,,0,0,0,gtdb_only,0.0
GCA-2717185,0,0,0.0,0.0,17,17,0,0.0,0.0,0.0,,,0,0,0,gtdb_only,0.0
Hepatoplasmataceae,0,0,0.0,0.0,17,17,0,0.0,0.0,0.0,,,0,0,0,gtdb_only,0.0
CAIVKH01,0,0,0.0,0.0,17,17,0,0.0,0.0,0.0,,,0,0,0,gtdb_only,0.0
Versatilivoraceae,0,0,0.0,0.0,17,17,0,0.0,0.0,0.0,,,0,0,0,gtdb_only,0.0
JACQKK01,0,0,0.0,0.0,17,17,0,0.0,0.0,0.0,,,0,0,0,gtdb_only,0.0
TMED131,0,0,0.0,0.0,17,17,0,0.0,0.0,0.0,,,0,0,0,gtdb_only,0.0
GWA2-38-27,0,0,0.0,0.0,17,17,0,0.0,0.0,0.0,,,0,0,0,gtdb_only,0.0
Calditenuaceae,0,0,0.0,0.0,17,17,0,0.0,0.0,0.0,,,0,0,0,gtdb_only,0.0
Nitrosocaldaceae,0,0,0.0,0.0,17,17,0,0.0,0.0,0.0,,,0,0,0,gtdb_only,0.0
JADMIN01,0,0,0.0,0.0,17,17,0,0.0,0.0,0.0,,,0,0,0,gtdb_only,0.0
Thermostichaceae,0,0,0.0,0.0,17,17,0,0.0,0.0,0.0,,,0,0,0,gtdb_only,0.0
MRBY01,0,0,0.0,0.0,17,17,0,0.0,0.0,0.0,,,0,0,0,gtdb_only,0.0
Altiarchaeaceae,0,0,0.0,0.0,17,17,0,0.0,0.0,0.0,,,0,0,0,gtdb_only,0.0
VBWQ01,0,0,0.0,0.0,16,16,0,0.0,0.0,0.0,,,0,0,0,gtdb_only,0.0
CSSed11-197,0,0,0.0,0.0,16,16,0,0.0,0.0,0.0,,,0,0,0,gtdb_only,0.0
JACDCH01,0,0,0.0,0.0,16,16,0,0.0,0.0,0.0,,,0,0,0,gtdb_only,0.0
Thermobaculaceae,0,0,0.0,0.0,16,16,0,0.0,0.0,0.0,,,0,0,0,gtdb_only,0.0
RBG-16-66-30,0,0,0.0,0.0,16,16,0,0.0,0.0,0.0,,,0,0,0,gtdb_only,0.0
Desulfovirgulaceae,0,0,0.0,0.0,16,16,0,0.0,0.0,0.0,,,0,0,0,gtdb_only,0.0
Bathyanammoxibiaceae,0,0,0.0,0.0,16,16,0,0.0,0.0,0.0,,,0,0,0,gtdb_only,0.0
Brennerbacteraceae,0,0,0.0,0.0,16,16,0,0.0,0.0,0.0,,,0,0,0,gtdb_only,0.0
Turneriellaceae,0,0,0.0,0.0,16,16,0,0.0,0.0,0.0,,,0,0,0,gtdb_only,0.0
Vampirovibrionaceae,0,0,0.0,0.0,16,16,0,0.0,0.0,0.0,,,0,0,0,gtdb_only,0.0
HO2-52-23,0,0,0.0,0.0,16,16,0,0.0,0.0,0.0,,,0,0,0,gtdb_only,0.0
SpSt-205,0,0,0.0,0.0,16,16,0,0.0,0.0,0.0,,,0,0,0,gtdb_only,0.0
UBA1369,0,0,0.0,0.0,16,16,0,0.0,0.0,0.0,,,0,0,0,gtdb_only,0.0
G3-4614,0,0,0.0,0.0,16,16,0,0.0,0.0,0.0,,,0,0,0,gtdb_only,0.0
Atribacteraceae,0,0,0.0,0.0,16,16,0,0.0,0.0,0.0,,,0,0,0,gtdb_only,0.0
SMXS01,0,0,0.0,0.0,16,16,0,0.0,0.0,0.0,,,0,0,0,gtdb_only,0.0
Minwuiaceae,0,0,0.0,0.0,16,16,0,0.0,0.0,0.0,,,0,0,0,gtdb_only,0.0
VXNJ01,0,0,0.0,0.0,16,16,0,0.0,0.0,0.0,,,0,0,0,gtdb_only,0.0
UBA10002,0,0,0.0,0.0,16,16,0,0.0,0.0,0.0,,,0,0,0,gtdb_only,0.0
JADFTO01,0,0,0.0,0.0,16,16,0,0.0,0.0,0.0,,,0,0,0,gtdb_only,0.0
UBA994,0,0,0.0,0.0,16,16,0,0.0,0.0,0.0,,,0,0,0,gtdb_only,0.0
2-12-FULL-66-21,0,0,0.0,0.0,16,16,0,0.0,0.0,0.0,,,0,0,0,gtdb_only,0.0
OLB7,0,0,0.0,0.0,16,16,0,0.0,0.0,0.0,,,0,0,0,gtdb_only,0.0
Palsa-1439,0,0,0.0,0.0,16,16,0,0.0,0.0,0.0,,,0,0,0,gtdb_only,0.0
SM23-30,0,0,0.0,0.0,16,16,0,0.0,0.0,0.0,,,0,0,0,gtdb_only,0.0
GCA-002722245,0,0,0.0,0.0,16,16,0,0.0,0.0,0.0,,,0,0,0,gtdb_only,0.0
CAIVPW01,0,0,0.0,0.0,16,16,0,0.0,0.0,0.0,,,0,0,0,gtdb_only,0.0
Berkiellaceae,0,0,0.0,0.0,16,16,0,0.0,0.0,0.0,,,0,0,0,gtdb_only,0.0
BMS3Abin14,0,0,0.0,0.0,15,15,0,0.0,0.0,0.0,,,0,0,0,gtdb_only,0.0
UBA1412,0,0,0.0,0.0,15,15,0,0.0,0.0,0.0,,,0,0,0,gtdb_only,0.0
JAAYUY01,0,0,0.0,0.0,15,15,0,0.0,0.0,0.0,,,0,0,0,gtdb_only,0.0
2-02-FULL-48-14,0,0,0.0,0.0,15,15,0,0.0,0.0,0.0,,,0,0,0,gtdb_only,0.0
TS1B11,0,0,0.0,0.0,15,15,0,0.0,0.0,0.0,,,0,0,0,gtdb_only,0.0
JAKAPL01,0,0,0.0,0.0,15,15,0,0.0,0.0,0.0,,,0,0,0,gtdb_only,0.0
DSVV01,0,0,0.0,0.0,15,15,0,0.0,0.0,0.0,,,0,0,0,gtdb_only,0.0
UBA4181,0,0,0.0,0.0,15,15,0,0.0,0.0,0.0,,,0,0,0,gtdb_only,0.0
HDB-SIOI813,0,0,0.0,0.0,15,15,0,0.0,0.0,0.0,,,0,0,0,gtdb_only,0.0
AG1,0,0,0.0,0.0,15,15,0,0.0,0.0,0.0,,,0,0,0,gtdb_only,0.0
PWYM01,0,0,0.0,0.0,15,15,0,0.0,0.0,0.0,,,0,0,0,gtdb_only,0.0
GWA2-42-15,0,0,0.0,0.0,15,15,0,0.0,0.0,0.0,,,0,0,0,gtdb_only,0.0
XYB2-FULL-48-7,0,0,0.0,0.0,15,15,0,0.0,0.0,0.0,,,0,0,0,gtdb_only,0.0
AC-14,0,0,0.0,0.0,15,15,0,0.0,0.0,0.0,,,0,0,0,gtdb_only,0.0
UBA3054,0,0,0.0,0.0,15,15,0,0.0,0.0,0.0,,,0,0,0,gtdb_only,0.0
B18-G4,0,0,0.0,0.0,15,15,0,0.0,0.0,0.0,,,0,0,0,gtdb_only,0.0
SZUA-365,0,0,0.0,0.0,15,15,0,0.0,0.0,0.0,,,0,0,0,gtdb_only,0.0
JAFAMB01,0,0,0.0,0.0,15,15,0,0.0,0.0,0.0,,,0,0,0,gtdb_only,0.0
BS750m-G39,0,0,0.0,0.0,15,15,0,0.0,0.0,0.0,,,0,0,0,gtdb_only,0.0
UBA2985,0,0,0.0,0.0,15,15,0,0.0,0.0,0.0,,,0,0,0,gtdb_only,0.0
GWA2-42-14,0,0,0.0,0.0,15,15,0,0.0,0.0,0.0,,,0,0,0,gtdb_only,0.0
HGW-17,0,0,0.0,0.0,15,15,0,0.0,0.0,0.0,,,0,0,0,gtdb_only,0.0
J027,0,0,0.0,0.0,15,15,0,0.0,0.0,0.0,,,0,0,0,gtdb_only,0.0
DSM-21967,0,0,0.0,0.0,15,15,0,0.0,0.0,0.0,,,0,0,0,gtdb_only,0.0
DSM-13327,0,0,0.0,0.0,15,15,0,0.0,0.0,0.0,,,0,0,0,gtdb_only,0.0
EX4572-44,0,0,0.0,0.0,15,15,0,0.0,0.0,0.0,,,0,0,0,gtdb_only,0.0
UMGS1540,0,0,0.0,0.0,15,15,0,0.0,0.0,0.0,,,0,0,0,gtdb_only,0.0
T3Sed10-11,0,0,0.0,0.0,15,15,0,0.0,0.0,0.0,,,0,0,0,gtdb_only,0.0
UBA11576,0,0,0.0,0.0,15,15,0,0.0,0.0,0.0,,,0,0,0,gtdb_only,0.0
JACAEJ01,0,0,0.0,0.0,15,15,0,0.0,0.0,0.0,,,0,0,0,gtdb_only,0.0
SZUA-545,0,0,0.0,0.0,15,15,0,0.0,0.0,0.0,,,0,0,0,gtdb_only,0.0
DTU073,0,0,0.0,0.0,15,15,0,0.0,0.0,0.0,,,0,0,0,gtdb_only,0.0
GCA-2686295,0,0,0.0,0.0,15,15,0,0.0,0.0,0.0,,,0,0,0,gtdb_only,0.0
UBA5738,0,0,0.0,0.0,15,15,0,0.0,0.0,0.0,,,0,0,0,gtdb_only,0.0
TMED113,0,0,0.0,0.0,15,15,0,0.0,0.0,0.0,,,0,0,0,gtdb_only,0.0
UBA12402,0,0,0.0,0.0,15,15,0,0.0,0.0,0.0,,,0,0,0,gtdb_only,0.0
B26-G9,0,0,0.0,0.0,15,15,0,0.0,0.0,0.0,,,0,0,0,gtdb_only,0.0
LBFQ01,0,0,0.0,0.0,15,15,0,0.0,0.0,0.0,,,0,0,0,gtdb_only,0.0
DTU012,0,0,0.0,0.0,15,15,0,0.0,0.0,0.0,,,0,0,0,gtdb_only,0.0
SXQI01,0,0,0.0,0.0,15,15,0,0.0,0.0,0.0,,,0,0,0,gtdb_only,0.0
T3Sed10-336,0,0,0.0,0.0,15,15,0,0.0,0.0,0.0,,,0,0,0,gtdb_only,0.0
CAIYYT01,0,0,0.0,0.0,15,15,0,0.0,0.0,0.0,,,0,0,0,gtdb_only,0.0
UBA2163,0,0,0.0,0.0,15,15,0,0.0,0.0,0.0,,,0,0,0,gtdb_only,0.0
2-02-FULL-67-57,0,0,0.0,0.0,15,15,0,0.0,0.0,0.0,,,0,0,0,gtdb_only,0.0
DSM-21159,0,0,0.0,0.0,15,15,0,0.0,0.0,0.0,,,0,0,0,gtdb_only,0.0
JANLHA01,0,0,0.0,0.0,15,15,0,0.0,0.0,0.0,,,0,0,0,gtdb_only,0.0
JAAEKA01,0,0,0.0,0.0,15,15,0,0.0,0.0,0.0,,,0,0,0,gtdb_only,0.0
Velamenicoccaceae,0,0,0.0,0.0,15,15,0,0.0,0.0,0.0,,,0,0,0,gtdb_only,0.0
UBA9642,0,0,0.0,0.0,15,15,0,0.0,0.0,0.0,,,0,0,0,gtdb_only,0.0
Fen-336,0,0,0.0,0.0,15,15,0,0.0,0.0,0.0,,,0,0,0,gtdb_only,0.0
Caminicellaceae,0,0,0.0,0.0,15,15,0,0.0,0.0,0.0,,,0,0,0,gtdb_only,0.0
QOAS01,0,0,0.0,0.0,15,15,0,0.0,0.0,0.0,,,0,0,0,gtdb_only,0.0
JAFGXI01,0,0,0.0,0.0,15,15,0,0.0,0.0,0.0,,,0,0,0,gtdb_only,0.0
JAEUHO01,0,0,0.0,0.0,15,15,0,0.0,0.0,0.0,,,0,0,0,gtdb_only,0.0
M30B66,0,0,0.0,0.0,15,15,0,0.0,0.0,0.0,,,0,0,0,gtdb_only,0.0
MPNO01,0,0,0.0,0.0,15,15,0,0.0,0.0,0.0,,,0,0,0,gtdb_only,0.0
PWMO01,0,0,0.0,0.0,14,14,0,0.0,0.0,0.0,,,0,0,0,gtdb_only,0.0
JAMCUS01,0,0,0.0,0.0,14,14,0,0.0,0.0,0.0,,,0,0,0,gtdb_only,0.0
UBA2185,0,0,0.0,0.0,14,14,0,0.0,0.0,0.0,,,0,0,0,gtdb_only,0.0
UBA11373,0,0,0.0,0.0,14,14,0,0.0,0.0,0.0,,,0,0,0,gtdb_only,0.0
UBA5946,0,0,0.0,0.0,14,14,0,0.0,0.0,0.0,,,0,0,0,gtdb_only,0.0
SURF-24,0,0,0.0,0.0,14,14,0,0.0,0.0,0.0,,,0,0,0,gtdb_only,0.0
B1SED10-174,0,0,0.0,0.0,14,14,0,0.0,0.0,0.0,,,0,0,0,gtdb_only,0.0
MWEM01,0,0,0.0,0.0,14,14,0,0.0,0.0,0.0,,,0,0,0,gtdb_only,0.0
UBA998,0,0,0.0,0.0,14,14,0,0.0,0.0,0.0,,,0,0,0,gtdb_only,0.0
UBA2995,0,0,0.0,0.0,14,14,0,0.0,0.0,0.0,,,0,0,0,gtdb_only,0.0
MnTg04,0,0,0.0,0.0,14,14,0,0.0,0.0,0.0,,,0,0,0,gtdb_only,0.0
UBA8229,0,0,0.0,0.0,14,14,0,0.0,0.0,0.0,,,0,0,0,gtdb_only,0.0
BMS3Bbin11,0,0,0.0,0.0,14,14,0,0.0,0.0,0.0,,,0,0,0,gtdb_only,0.0
2-01-FULL-39-33,0,0,0.0,0.0,14,14,0,0.0,0.0,0.0,,,0,0,0,gtdb_only,0.0
2-02-FULL-51-18,0,0,0.0,0.0,14,14,0,0.0,0.0,0.0,,,0,0,0,gtdb_only,0.0
SXHM01,0,0,0.0,0.0,14,14,0,0.0,0.0,0.0,,,0,0,0,gtdb_only,0.0
GW2011-AR20,0,0,0.0,0.0,14,14,0,0.0,0.0,0.0,,,0,0,0,gtdb_only,0.0
CAJJDF01,0,0,0.0,0.0,14,14,0,0.0,0.0,0.0,,,0,0,0,gtdb_only,0.0
WLNW01,0,0,0.0,0.0,14,14,0,0.0,0.0,0.0,,,0,0,0,gtdb_only,0.0
RSA9,0,0,0.0,0.0,14,14,0,0.0,0.0,0.0,,,0,0,0,gtdb_only,0.0
B11-G9,0,0,0.0,0.0,14,14,0,0.0,0.0,0.0,,,0,0,0,gtdb_only,0.0
GCA-002793355,0,0,0.0,0.0,14,14,0,0.0,0.0,0.0,,,0,0,0,gtdb_only,0.0
GCA-2709665,0,0,0.0,0.0,14,14,0,0.0,0.0,0.0,,,0,0,0,gtdb_only,0.0
JAKAZS01,0,0,0.0,0.0,14,14,0,0.0,0.0,0.0,,,0,0,0,gtdb_only,0.0
DSM-12255,0,0,0.0,0.0,14,14,0,0.0,0.0,0.0,,,0,0,0,gtdb_only,0.0
CAIWKO01,0,0,0.0,0.0,14,14,0,0.0,0.0,0.0,,,0,0,0,gtdb_only,0.0
UBA840,0,0,0.0,0.0,14,14,0,0.0,0.0,0.0,,,0,0,0,gtdb_only,0.0
QMZS01,0,0,0.0,0.0,14,14,0,0.0,0.0,0.0,,,0,0,0,gtdb_only,0.0
GWF2-50-93,0,0,0.0,0.0,14,14,0,0.0,0.0,0.0,,,0,0,0,gtdb_only,0.0
UBA8649,0,0,0.0,0.0,14,14,0,0.0,0.0,0.0,,,0,0,0,gtdb_only,0.0
WVZY01,0,0,0.0,0.0,14,14,0,0.0,0.0,0.0,,,0,0,0,gtdb_only,0.0
PEYH01,0,0,0.0,0.0,14,14,0,0.0,0.0,0.0,,,0,0,0,gtdb_only,0.0
UBA12088,0,0,0.0,0.0,14,14,0,0.0,0.0,0.0,,,0,0,0,gtdb_only,0.0
HGM11501,0,0,0.0,0.0,14,14,0,0.0,0.0,0.0,,,0,0,0,gtdb_only,0.0
21-14-0-10-32-9,0,0,0.0,0.0,14,14,0,0.0,0.0,0.0,,,0,0,0,gtdb_only,0.0
Rubricoccaceae,0,0,0.0,0.0,14,14,0,0.0,0.0,0.0,,,0,0,0,gtdb_only,0.0
JAIRLM01,0,0,0.0,0.0,14,14,0,0.0,0.0,0.0,,,0,0,0,gtdb_only,0.0
DSM-22653,0,0,0.0,0.0,13,13,0,0.0,0.0,0.0,,,0,0,0,gtdb_only,0.0
SLST01,0,0,0.0,0.0,13,13,0,0.0,0.0,0.0,,,0,0,0,gtdb_only,0.0
2-02-FULL-39-32,0,0,0.0,0.0,13,13,0,0.0,0.0,0.0,,,0,0,0,gtdb_only,0.0
JAHISY01,0,0,0.0,0.0,13,13,0,0.0,0.0,0.0,,,0,0,0,gtdb_only,0.0
UBA2385,0,0,0.0,0.0,13,13,0,0.0,0.0,0.0,,,0,0,0,gtdb_only,0.0
Dethiosulfatibacteraceae,0,0,0.0,0.0,13,13,0,0.0,0.0,0.0,,,0,0,0,gtdb_only,0.0
QMZT01,0,0,0.0,0.0,13,13,0,0.0,0.0,0.0,,,0,0,0,gtdb_only,0.0
CAIWAD01,0,0,0.0,0.0,13,13,0,0.0,0.0,0.0,,,0,0,0,gtdb_only,0.0
UBA3375,0,0,0.0,0.0,13,13,0,0.0,0.0,0.0,,,0,0,0,gtdb_only,0.0
SM23-78,0,0,0.0,0.0,13,13,0,0.0,0.0,0.0,,,0,0,0,gtdb_only,0.0
JACTUA01,0,0,0.0,0.0,13,13,0,0.0,0.0,0.0,,,0,0,0,gtdb_only,0.0
UBA12028,0,0,0.0,0.0,13,13,0,0.0,0.0,0.0,,,0,0,0,gtdb_only,0.0
J045,0,0,0.0,0.0,13,13,0,0.0,0.0,0.0,,,0,0,0,gtdb_only,0.0
JACPNG01,0,0,0.0,0.0,13,13,0,0.0,0.0,0.0,,,0,0,0,gtdb_only,0.0
UBA12470,0,0,0.0,0.0,13,13,0,0.0,0.0,0.0,,,0,0,0,gtdb_only,0.0
UBA4765,0,0,0.0,0.0,13,13,0,0.0,0.0,0.0,,,0,0,0,gtdb_only,0.0
Bog-1112,0,0,0.0,0.0,13,13,0,0.0,0.0,0.0,,,0,0,0,gtdb_only,0.0
NICIL-2,0,0,0.0,0.0,13,13,0,0.0,0.0,0.0,,,0,0,0,gtdb_only,0.0
2-02-FULL-35-15,0,0,0.0,0.0,13,13,0,0.0,0.0,0.0,,,0,0,0,gtdb_only,0.0
J004,0,0,0.0,0.0,13,13,0,0.0,0.0,0.0,,,0,0,0,gtdb_only,0.0
Danuiimicrobiaceae,0,0,0.0,0.0,13,13,0,0.0,0.0,0.0,,,0,0,0,gtdb_only,0.0
Ch29,0,0,0.0,0.0,13,13,0,0.0,0.0,0.0,,,0,0,0,gtdb_only,0.0
JABEVK01,0,0,0.0,0.0,13,13,0,0.0,0.0,0.0,,,0,0,0,gtdb_only,0.0
JABHMO01,0,0,0.0,0.0,13,13,0,0.0,0.0,0.0,,,0,0,0,gtdb_only,0.0
J096,0,0,0.0,0.0,13,13,0,0.0,0.0,0.0,,,0,0,0,gtdb_only,0.0
Norongarragalinaceae,0,0,0.0,0.0,13,13,0,0.0,0.0,0.0,,,0,0,0,gtdb_only,0.0
LMEP-6097,0,0,0.0,0.0,13,13,0,0.0,0.0,0.0,,,0,0,0,gtdb_only,0.0
UBA8473,0,0,0.0,0.0,13,13,0,0.0,0.0,0.0,,,0,0,0,gtdb_only,0.0
Sumerlaeaceae,0,0,0.0,0.0,13,13,0,0.0,0.0,0.0,,,0,0,0,gtdb_only,0.0
79-D21,0,0,0.0,0.0,13,13,0,0.0,0.0,0.0,,,0,0,0,gtdb_only,0.0
Aeribacillaceae,0,0,0.0,0.0,13,13,0,0.0,0.0,0.0,,,0,0,0,gtdb_only,0.0
UBA1565,0,0,0.0,0.0,13,13,0,0.0,0.0,0.0,,,0,0,0,gtdb_only,0.0
UBA8108,0,0,0.0,0.0,13,13,0,0.0,0.0,0.0,,,0,0,0,gtdb_only,0.0
Caldarchaeaceae,0,0,0.0,0.0,13,13,0,0.0,0.0,0.0,,,0,0,0,gtdb_only,0.0
UBA6156,0,0,0.0,0.0,13,13,0,0.0,0.0,0.0,,,0,0,0,gtdb_only,0.0
2-12-FULL-50-11,0,0,0.0,0.0,13,13,0,0.0,0.0,0.0,,,0,0,0,gtdb_only,0.0
UBA6053,0,0,0.0,0.0,13,13,0,0.0,0.0,0.0,,,0,0,0,gtdb_only,0.0
UBA1539,0,0,0.0,0.0,13,13,0,0.0,0.0,0.0,,,0,0,0,gtdb_only,0.0
CAIOGM01,0,0,0.0,0.0,13,13,0,0.0,0.0,0.0,,,0,0,0,gtdb_only,0.0
Fermentimicrarchaeaceae,0,0,0.0,0.0,13,13,0,0.0,0.0,0.0,,,0,0,0,gtdb_only,0.0
J153,0,0,0.0,0.0,13,13,0,0.0,0.0,0.0,,,0,0,0,gtdb_only,0.0
JAMCQF01,0,0,0.0,0.0,13,13,0,0.0,0.0,0.0,,,0,0,0,gtdb_only,0.0
UBA12170,0,0,0.0,0.0,13,13,0,0.0,0.0,0.0,,,0,0,0,gtdb_only,0.0
UBA9942,0,0,0.0,0.0,13,13,0,0.0,0.0,0.0,,,0,0,0,gtdb_only,0.0
JACRGQ01,0,0,0.0,0.0,13,13,0,0.0,0.0,0.0,,,0,0,0,gtdb_only,0.0
UMGS1253,0,0,0.0,0.0,13,13,0,0.0,0.0,0.0,,,0,0,0,gtdb_only,0.0
GWA2-32-17,0,0,0.0,0.0,13,13,0,0.0,0.0,0.0,,,0,0,0,gtdb_only,0.0
Methanofollaceae,0,0,0.0,0.0,13,13,0,0.0,0.0,0.0,,,0,0,0,gtdb_only,0.0
MK-D1,0,0,0.0,0.0,13,13,0,0.0,0.0,0.0,,,0,0,0,gtdb_only,0.0
CAIRTM01,0,0,0.0,0.0,13,13,0,0.0,0.0,0.0,,,0,0,0,gtdb_only,0.0
JALSKU01,0,0,0.0,0.0,13,13,0,0.0,0.0,0.0,,,0,0,0,gtdb_only,0.0
BH030062,0,0,0.0,0.0,13,13,0,0.0,0.0,0.0,,,0,0,0,gtdb_only,0.0
CAJFVJ01,0,0,0.0,0.0,13,13,0,0.0,0.0,0.0,,,0,0,0,gtdb_only,0.0
JAJYZQ01,0,0,0.0,0.0,13,13,0,0.0,0.0,0.0,,,0,0,0,gtdb_only,0.0
UBA148,0,0,0.0,0.0,13,13,0,0.0,0.0,0.0,,,0,0,0,gtdb_only,0.0
2-02-FULL-66-22,0,0,0.0,0.0,13,13,0,0.0,0.0,0.0,,,0,0,0,gtdb_only,0.0
Alkalispirochaetaceae,0,0,0.0,0.0,13,13,0,0.0,0.0,0.0,,,0,0,0,gtdb_only,0.0
UBA5368,0,0,0.0,0.0,13,13,0,0.0,0.0,0.0,,,0,0,0,gtdb_only,0.0
CAIJYI01,0,0,0.0,0.0,13,13,0,0.0,0.0,0.0,,,0,0,0,gtdb_only,0.0
JAMDDE01,0,0,0.0,0.0,13,13,0,0.0,0.0,0.0,,,0,0,0,gtdb_only,0.0
JAADDC01,0,0,0.0,0.0,13,13,0,0.0,0.0,0.0,,,0,0,0,gtdb_only,0.0
CAIUEV01,0,0,0.0,0.0,13,13,0,0.0,0.0,0.0,,,0,0,0,gtdb_only,0.0
UBA6539,0,0,0.0,0.0,13,13,0,0.0,0.0,0.0,,,0,0,0,gtdb_only,0.0
172606-1,0,0,0.0,0.0,12,12,0,0.0,0.0,0.0,,,0,0,0,gtdb_only,0.0
UBA3940,0,0,0.0,0.0,12,12,0,0.0,0.0,0.0,,,0,0,0,gtdb_only,0.0
JADJOU01,0,0,0.0,0.0,12,12,0,0.0,0.0,0.0,,,0,0,0,gtdb_only,0.0
Thiobacteraceae,0,0,0.0,0.0,12,12,0,0.0,0.0,0.0,,,0,0,0,gtdb_only,0.0
Psychrobiaceae,0,0,0.0,0.0,12,12,0,0.0,0.0,0.0,,,0,0,0,gtdb_only,0.0
Hecatellaceae,0,0,0.0,0.0,12,12,0,0.0,0.0,0.0,,,0,0,0,gtdb_only,0.0
UBA4661,0,0,0.0,0.0,12,12,0,0.0,0.0,0.0,,,0,0,0,gtdb_only,0.0
GCA-002687715,0,0,0.0,0.0,12,12,0,0.0,0.0,0.0,,,0,0,0,gtdb_only,0.0
UBA5852,0,0,0.0,0.0,12,12,0,0.0,0.0,0.0,,,0,0,0,gtdb_only,0.0
JAJYID01,0,0,0.0,0.0,12,12,0,0.0,0.0,0.0,,,0,0,0,gtdb_only,0.0
SZUA-161,0,0,0.0,0.0,12,12,0,0.0,0.0,0.0,,,0,0,0,gtdb_only,0.0
UBA796,0,0,0.0,0.0,12,12,0,0.0,0.0,0.0,,,0,0,0,gtdb_only,0.0
CPR2,0,0,0.0,0.0,12,12,0,0.0,0.0,0.0,,,0,0,0,gtdb_only,0.0
JAJDTQ01,0,0,0.0,0.0,12,12,0,0.0,0.0,0.0,,,0,0,0,gtdb_only,0.0
JAFDCJ01,0,0,0.0,0.0,12,12,0,0.0,0.0,0.0,,,0,0,0,gtdb_only,0.0
Fen-1087,0,0,0.0,0.0,12,12,0,0.0,0.0,0.0,,,0,0,0,gtdb_only,0.0
SLCP01,0,0,0.0,0.0,12,12,0,0.0,0.0,0.0,,,0,0,0,gtdb_only,0.0
UASB340,0,0,0.0,0.0,12,12,0,0.0,0.0,0.0,,,0,0,0,gtdb_only,0.0
CAIODY01,0,0,0.0,0.0,12,12,0,0.0,0.0,0.0,,,0,0,0,gtdb_only,0.0
UBA4664,0,0,0.0,0.0,12,12,0,0.0,0.0,0.0,,,0,0,0,gtdb_only,0.0
UBA2595,0,0,0.0,0.0,12,12,0,0.0,0.0,0.0,,,0,0,0,gtdb_only,0.0
CG2-30-64-16,0,0,0.0,0.0,12,12,0,0.0,0.0,0.0,,,0,0,0,gtdb_only,0.0
UBA1188,0,0,0.0,0.0,12,12,0,0.0,0.0,0.0,,,0,0,0,gtdb_only,0.0
B3-TA06,0,0,0.0,0.0,12,12,0,0.0,0.0,0.0,,,0,0,0,gtdb_only,0.0
FEN-1388,0,0,0.0,0.0,12,12,0,0.0,0.0,0.0,,,0,0,0,gtdb_only,0.0
CG2-30-53-67,0,0,0.0,0.0,12,12,0,0.0,0.0,0.0,,,0,0,0,gtdb_only,0.0
Rhodomicrobiaceae,0,0,0.0,0.0,12,12,0,0.0,0.0,0.0,,,0,0,0,gtdb_only,0.0
DRI-13,0,0,0.0,0.0,12,12,0,0.0,0.0,0.0,,,0,0,0,gtdb_only,0.0
B30-G6,0,0,0.0,0.0,12,12,0,0.0,0.0,0.0,,,0,0,0,gtdb_only,0.0
UBA12463,0,0,0.0,0.0,12,12,0,0.0,0.0,0.0,,,0,0,0,gtdb_only,0.0
CSP1-5,0,0,0.0,0.0,12,12,0,0.0,0.0,0.0,,,0,0,0,gtdb_only,0.0
J137,0,0,0.0,0.0,12,12,0,0.0,0.0,0.0,,,0,0,0,gtdb_only,0.0
SXXA01,0,0,0.0,0.0,12,12,0,0.0,0.0,0.0,,,0,0,0,gtdb_only,0.0
32-111,0,0,0.0,0.0,12,12,0,0.0,0.0,0.0,,,0,0,0,gtdb_only,0.0
REDH01,0,0,0.0,0.0,12,12,0,0.0,0.0,0.0,,,0,0,0,gtdb_only,0.0
SM23-32,0,0,0.0,0.0,12,12,0,0.0,0.0,0.0,,,0,0,0,gtdb_only,0.0
XN24,0,0,0.0,0.0,12,12,0,0.0,0.0,0.0,,,0,0,0,gtdb_only,0.0
EX4484-6,0,0,0.0,0.0,12,12,0,0.0,0.0,0.0,,,0,0,0,gtdb_only,0.0
WQUG01,0,0,0.0,0.0,12,12,0,0.0,0.0,0.0,,,0,0,0,gtdb_only,0.0
DUMP01,0,0,0.0,0.0,12,12,0,0.0,0.0,0.0,,,0,0,0,gtdb_only,0.0
SPLOWO2-01-44-7,0,0,0.0,0.0,12,12,0,0.0,0.0,0.0,,,0,0,0,gtdb_only,0.0
UBA10329,0,0,0.0,0.0,12,12,0,0.0,0.0,0.0,,,0,0,0,gtdb_only,0.0
GW2011-AR18,0,0,0.0,0.0,12,12,0,0.0,0.0,0.0,,,0,0,0,gtdb_only,0.0
HGM11327,0,0,0.0,0.0,12,12,0,0.0,0.0,0.0,,,0,0,0,gtdb_only,0.0
JAAYUI01,0,0,0.0,0.0,12,12,0,0.0,0.0,0.0,,,0,0,0,gtdb_only,0.0
PWTM01,0,0,0.0,0.0,12,12,0,0.0,0.0,0.0,,,0,0,0,gtdb_only,0.0
SMXR01,0,0,0.0,0.0,12,12,0,0.0,0.0,0.0,,,0,0,0,gtdb_only,0.0
Ch128b,0,0,0.0,0.0,12,12,0,0.0,0.0,0.0,,,0,0,0,gtdb_only,0.0
Aenigmatarchaeaceae,0,0,0.0,0.0,12,12,0,0.0,0.0,0.0,,,0,0,0,gtdb_only,0.0
CG03,0,0,0.0,0.0,12,12,0,0.0,0.0,0.0,,,0,0,0,gtdb_only,0.0
JAJZIM01,0,0,0.0,0.0,12,12,0,0.0,0.0,0.0,,,0,0,0,gtdb_only,0.0
HRBIN17,0,0,0.0,0.0,12,12,0,0.0,0.0,0.0,,,0,0,0,gtdb_only,0.0
UBA4778,0,0,0.0,0.0,12,12,0,0.0,0.0,0.0,,,0,0,0,gtdb_only,0.0
CAIQCK01,0,0,0.0,0.0,12,12,0,0.0,0.0,0.0,,,0,0,0,gtdb_only,0.0
Chitinimonadaceae,0,0,0.0,0.0,12,12,0,0.0,0.0,0.0,,,0,0,0,gtdb_only,0.0
UBA12501,0,0,0.0,0.0,12,12,0,0.0,0.0,0.0,,,0,0,0,gtdb_only,0.0
JAADHI01,0,0,0.0,0.0,12,12,0,0.0,0.0,0.0,,,0,0,0,gtdb_only,0.0
B79-G9,0,0,0.0,0.0,12,12,0,0.0,0.0,0.0,,,0,0,0,gtdb_only,0.0
UBA4738,0,0,0.0,0.0,12,12,0,0.0,0.0,0.0,,,0,0,0,gtdb_only,0.0
GCA-2861595,0,0,0.0,0.0,12,12,0,0.0,0.0,0.0,,,0,0,0,gtdb_only,0.0
Thermosynergistaceae,0,0,0.0,0.0,12,12,0,0.0,0.0,0.0,,,0,0,0,gtdb_only,0.0
JAJXUE01,0,0,0.0,0.0,12,12,0,0.0,0.0,0.0,,,0,0,0,gtdb_only,0.0
JAFAQI01,0,0,0.0,0.0,12,12,0,0.0,0.0,0.0,,,0,0,0,gtdb_only,0.0
SHWZ01,0,0,0.0,0.0,12,12,0,0.0,0.0,0.0,,,0,0,0,gtdb_only,0.0
Aminithiophilaceae,0,0,0.0,0.0,12,12,0,0.0,0.0,0.0,,,0,0,0,gtdb_only,0.0
BJGX01,0,0,0.0,0.0,12,12,0,0.0,0.0,0.0,,,0,0,0,gtdb_only,0.0
HGM11417,0,0,0.0,0.0,12,12,0,0.0,0.0,0.0,,,0,0,0,gtdb_only,0.0
UBA5745,0,0,0.0,0.0,12,12,0,0.0,0.0,0.0,,,0,0,0,gtdb_only,0.0
CACIAM-69d,0,0,0.0,0.0,12,12,0,0.0,0.0,0.0,,,0,0,0,gtdb_only,0.0
20CM-2-55-15,0,0,0.0,0.0,12,12,0,0.0,0.0,0.0,,,0,0,0,gtdb_only,0.0
UBA1321,0,0,0.0,0.0,12,12,0,0.0,0.0,0.0,,,0,0,0,gtdb_only,0.0
RBG-13-53-26,0,0,0.0,0.0,12,12,0,0.0,0.0,0.0,,,0,0,0,gtdb_only,0.0
OUC007,0,0,0.0,0.0,12,12,0,0.0,0.0,0.0,,,0,0,0,gtdb_only,0.0
DTGL01,0,0,0.0,0.0,12,12,0,0.0,0.0,0.0,,,0,0,0,gtdb_only,0.0
HRBIN16,0,0,0.0,0.0,12,12,0,0.0,0.0,0.0,,,0,0,0,gtdb_only,0.0
DTU087,0,0,0.0,0.0,12,12,0,0.0,0.0,0.0,,,0,0,0,gtdb_only,0.0
Elsteraceae,0,0,0.0,0.0,12,12,0,0.0,0.0,0.0,,,0,0,0,gtdb_only,0.0
UBA3065,0,0,0.0,0.0,11,11,0,0.0,0.0,0.0,,,0,0,0,gtdb_only,0.0
UMGS1840,0,0,0.0,0.0,11,11,0,0.0,0.0,0.0,,,0,0,0,gtdb_only,0.0
RBG-16-68-14,0,0,0.0,0.0,11,11,0,0.0,0.0,0.0,,,0,0,0,gtdb_only,0.0
T1SED10-28,0,0,0.0,0.0,11,11,0,0.0,0.0,0.0,,,0,0,0,gtdb_only,0.0
UBA6777,0,0,0.0,0.0,11,11,0,0.0,0.0,0.0,,,0,0,0,gtdb_only,0.0
DTJL01,0,0,0.0,0.0,11,11,0,0.0,0.0,0.0,,,0,0,0,gtdb_only,0.0
SIBU01,0,0,0.0,0.0,11,11,0,0.0,0.0,0.0,,,0,0,0,gtdb_only,0.0
UBA525,0,0,0.0,0.0,11,11,0,0.0,0.0,0.0,,,0,0,0,gtdb_only,0.0
UBA1406,0,0,0.0,0.0,11,11,0,0.0,0.0,0.0,,,0,0,0,gtdb_only,0.0
CAIQIC01,0,0,0.0,0.0,11,11,0,0.0,0.0,0.0,,,0,0,0,gtdb_only,0.0
UBA6022,0,0,0.0,0.0,11,11,0,0.0,0.0,0.0,,,0,0,0,gtdb_only,0.0
PWEA01,0,0,0.0,0.0,11,11,0,0.0,0.0,0.0,,,0,0,0,gtdb_only,0.0
Tindalliaceae,0,0,0.0,0.0,11,11,0,0.0,0.0,0.0,,,0,0,0,gtdb_only,0.0
UBA2798,0,0,0.0,0.0,11,11,0,0.0,0.0,0.0,,,0,0,0,gtdb_only,0.0
WO2-44-18,0,0,0.0,0.0,11,11,0,0.0,0.0,0.0,,,0,0,0,gtdb_only,0.0
J057,0,0,0.0,0.0,11,11,0,0.0,0.0,0.0,,,0,0,0,gtdb_only,0.0
GCA-2747955,0,0,0.0,0.0,11,11,0,0.0,0.0,0.0,,,0,0,0,gtdb_only,0.0
VXPQ01,0,0,0.0,0.0,11,11,0,0.0,0.0,0.0,,,0,0,0,gtdb_only,0.0
JACDGC01,0,0,0.0,0.0,11,11,0,0.0,0.0,0.0,,,0,0,0,gtdb_only,0.0
DTKZ01,0,0,0.0,0.0,11,11,0,0.0,0.0,0.0,,,0,0,0,gtdb_only,0.0
RBG-13-38-9,0,0,0.0,0.0,11,11,0,0.0,0.0,0.0,,,0,0,0,gtdb_only,0.0
GCA-002694895,0,0,0.0,0.0,11,11,0,0.0,0.0,0.0,,,0,0,0,gtdb_only,0.0
Huberarchaeaceae,0,0,0.0,0.0,11,11,0,0.0,0.0,0.0,,,0,0,0,gtdb_only,0.0
GWF2-35-9,0,0,0.0,0.0,11,11,0,0.0,0.0,0.0,,,0,0,0,gtdb_only,0.0
HGM11507,0,0,0.0,0.0,11,11,0,0.0,0.0,0.0,,,0,0,0,gtdb_only,0.0
PWKH01,0,0,0.0,0.0,11,11,0,0.0,0.0,0.0,,,0,0,0,gtdb_only,0.0
Spongiicolonaceae,0,0,0.0,0.0,11,11,0,0.0,0.0,0.0,,,0,0,0,gtdb_only,0.0
UBA284,0,0,0.0,0.0,11,11,0,0.0,0.0,0.0,,,0,0,0,gtdb_only,0.0
Fen-181,0,0,0.0,0.0,11,11,0,0.0,0.0,0.0,,,0,0,0,gtdb_only,0.0
Nitrosococcaceae,0,0,0.0,0.0,11,11,0,0.0,0.0,0.0,,,0,0,0,gtdb_only,0.0
UBA4744,0,0,0.0,0.0,11,11,0,0.0,0.0,0.0,,,0,0,0,gtdb_only,0.0
SM23-61,0,0,0.0,0.0,11,11,0,0.0,0.0,0.0,,,0,0,0,gtdb_only,0.0
SM1-73,0,0,0.0,0.0,11,11,0,0.0,0.0,0.0,,,0,0,0,gtdb_only,0.0
Hatepunaeaceae,0,0,0.0,0.0,11,11,0,0.0,0.0,0.0,,,0,0,0,gtdb_only,0.0
Jeotgalibacillaceae,0,0,0.0,0.0,11,11,0,0.0,0.0,0.0,,,0,0,0,gtdb_only,0.0
UBA9936,0,0,0.0,0.0,11,11,0,0.0,0.0,0.0,,,0,0,0,gtdb_only,0.0
JACNKJ01,0,0,0.0,0.0,11,11,0,0.0,0.0,0.0,,,0,0,0,gtdb_only,0.0
BY39,0,0,0.0,0.0,11,11,0,0.0,0.0,0.0,,,0,0,0,gtdb_only,0.0
CAJQPC01,0,0,0.0,0.0,11,11,0,0.0,0.0,0.0,,,0,0,0,gtdb_only,0.0
2-02-FULL-40-11,0,0,0.0,0.0,11,11,0,0.0,0.0,0.0,,,0,0,0,gtdb_only,0.0
Palsa-1180,0,0,0.0,0.0,11,11,0,0.0,0.0,0.0,,,0,0,0,gtdb_only,0.0
SHVZ01,0,0,0.0,0.0,11,11,0,0.0,0.0,0.0,,,0,0,0,gtdb_only,0.0
SPGG2,0,0,0.0,0.0,11,11,0,0.0,0.0,0.0,,,0,0,0,gtdb_only,0.0
SKKC01,0,0,0.0,0.0,11,11,0,0.0,0.0,0.0,,,0,0,0,gtdb_only,0.0
CAITUY01,0,0,0.0,0.0,11,11,0,0.0,0.0,0.0,,,0,0,0,gtdb_only,0.0
UBA7702,0,0,0.0,0.0,11,11,0,0.0,0.0,0.0,,,0,0,0,gtdb_only,0.0
UBA3072,0,0,0.0,0.0,11,11,0,0.0,0.0,0.0,,,0,0,0,gtdb_only,0.0
WFXC01,0,0,0.0,0.0,11,11,0,0.0,0.0,0.0,,,0,0,0,gtdb_only,0.0
SORT01,0,0,0.0,0.0,11,11,0,0.0,0.0,0.0,,,0,0,0,gtdb_only,0.0
Kazan-3B-28,0,0,0.0,0.0,11,11,0,0.0,0.0,0.0,,,0,0,0,gtdb_only,0.0
AWTP1-31,0,0,0.0,0.0,11,11,0,0.0,0.0,0.0,,,0,0,0,gtdb_only,0.0
RPRI01,0,0,0.0,0.0,11,11,0,0.0,0.0,0.0,,,0,0,0,gtdb_only,0.0
C00003106,0,0,0.0,0.0,11,11,0,0.0,0.0,0.0,,,0,0,0,gtdb_only,0.0
CAMDFR01,0,0,0.0,0.0,11,11,0,0.0,0.0,0.0,,,0,0,0,gtdb_only,0.0
JAKSDN01,0,0,0.0,0.0,11,11,0,0.0,0.0,0.0,,,0,0,0,gtdb_only,0.0
CAIUCS01,0,0,0.0,0.0,11,11,0,0.0,0.0,0.0,,,0,0,0,gtdb_only,0.0
CG2-30-70-394,0,0,0.0,0.0,11,11,0,0.0,0.0,0.0,,,0,0,0,gtdb_only,0.0
UBA6187,0,0,0.0,0.0,11,11,0,0.0,0.0,0.0,,,0,0,0,gtdb_only,0.0
UBA6899,0,0,0.0,0.0,11,11,0,0.0,0.0,0.0,,,0,0,0,gtdb_only,0.0
UBA5760,0,0,0.0,0.0,11,11,0,0.0,0.0,0.0,,,0,0,0,gtdb_only,0.0
CAIPLT01,0,0,0.0,0.0,11,11,0,0.0,0.0,0.0,,,0,0,0,gtdb_only,0.0
UBA6264,0,0,0.0,0.0,10,10,0,0.0,0.0,0.0,,,0,0,0,gtdb_only,0.0
UBA7701,0,0,0.0,0.0,10,10,0,0.0,0.0,0.0,,,0,0,0,gtdb_only,0.0
Manganitrophaceae,0,0,0.0,0.0,10,10,0,0.0,0.0,0.0,,,0,0,0,gtdb_only,0.0
Cerasicoccaceae,0,0,0.0,0.0,10,10,0,0.0,0.0,0.0,,,0,0,0,gtdb_only,0.0
Neiellaceae,0,0,0.0,0.0,10,10,0,0.0,0.0,0.0,,,0,0,0,gtdb_only,0.0
UBA5962,0,0,0.0,0.0,10,10,0,0.0,0.0,0.0,,,0,0,0,gtdb_only,0.0
AK92,0,0,0.0,0.0,10,10,0,0.0,0.0,0.0,,,0,0,0,gtdb_only,0.0
Epilineaceae,0,0,0.0,0.0,10,10,0,0.0,0.0,0.0,,,0,0,0,gtdb_only,0.0
SHVP01,0,0,0.0,0.0,10,10,0,0.0,0.0,0.0,,,0,0,0,gtdb_only,0.0
S5-K13,0,0,0.0,0.0,10,10,0,0.0,0.0,0.0,,,0,0,0,gtdb_only,0.0
HGM11514,0,0,0.0,0.0,10,10,0,0.0,0.0,0.0,,,0,0,0,gtdb_only,0.0
CAIMUX01,0,0,0.0,0.0,10,10,0,0.0,0.0,0.0,,,0,0,0,gtdb_only,0.0
UBA5500,0,0,0.0,0.0,10,10,0,0.0,0.0,0.0,,,0,0,0,gtdb_only,0.0
Electryoneaceae,0,0,0.0,0.0,10,10,0,0.0,0.0,0.0,,,0,0,0,gtdb_only,0.0
UBA12409,0,0,0.0,0.0,10,10,0,0.0,0.0,0.0,,,0,0,0,gtdb_only,0.0
BNTO01,0,0,0.0,0.0,10,10,0,0.0,0.0,0.0,,,0,0,0,gtdb_only,0.0
Kineococcaceae,0,0,0.0,0.0,10,10,0,0.0,0.0,0.0,,,0,0,0,gtdb_only,0.0
UBA9547,0,0,0.0,0.0,10,10,0,0.0,0.0,0.0,,,0,0,0,gtdb_only,0.0
JAAYOS01,0,0,0.0,0.0,10,10,0,0.0,0.0,0.0,,,0,0,0,gtdb_only,0.0
SCGC-AAA252-I15,0,0,0.0,0.0,10,10,0,0.0,0.0,0.0,,,0,0,0,gtdb_only,0.0
M55B111,0,0,0.0,0.0,10,10,0,0.0,0.0,0.0,,,0,0,0,gtdb_only,0.0
UB4802,0,0,0.0,0.0,10,10,0,0.0,0.0,0.0,,,0,0,0,gtdb_only,0.0
B30-G16,0,0,0.0,0.0,10,10,0,0.0,0.0,0.0,,,0,0,0,gtdb_only,0.0
JACPBV01,0,0,0.0,0.0,10,10,0,0.0,0.0,0.0,,,0,0,0,gtdb_only,0.0
RGIG6154,0,0,0.0,0.0,10,10,0,0.0,0.0,0.0,,,0,0,0,gtdb_only,0.0
UMGS1783,0,0,0.0,0.0,10,10,0,0.0,0.0,0.0,,,0,0,0,gtdb_only,0.0
WJJR01,0,0,0.0,0.0,10,10,0,0.0,0.0,0.0,,,0,0,0,gtdb_only,0.0
2-01-FULL-46-14,0,0,0.0,0.0,10,10,0,0.0,0.0,0.0,,,0,0,0,gtdb_only,0.0
B64-G9,0,0,0.0,0.0,10,10,0,0.0,0.0,0.0,,,0,0,0,gtdb_only,0.0
KS3-K002,0,0,0.0,0.0,10,10,0,0.0,0.0,0.0,,,0,0,0,gtdb_only,0.0
UBA6126,0,0,0.0,0.0,10,10,0,0.0,0.0,0.0,,,0,0,0,gtdb_only,0.0
DSM-15969,0,0,0.0,0.0,10,10,0,0.0,0.0,0.0,,,0,0,0,gtdb_only,0.0
Chromulinivoraceae,0,0,0.0,0.0,10,10,0,0.0,0.0,0.0,,,0,0,0,gtdb_only,0.0
JACRHJ01,0,0,0.0,0.0,10,10,0,0.0,0.0,0.0,,,0,0,0,gtdb_only,0.0
Gearchaeaceae,0,0,0.0,0.0,10,10,0,0.0,0.0,0.0,,,0,0,0,gtdb_only,0.0
WYZ-LMO8,0,0,0.0,0.0,10,10,0,0.0,0.0,0.0,,,0,0,0,gtdb_only,0.0
JAMCWF01,0,0,0.0,0.0,10,10,0,0.0,0.0,0.0,,,0,0,0,gtdb_only,0.0
DTU084,0,0,0.0,0.0,10,10,0,0.0,0.0,0.0,,,0,0,0,gtdb_only,0.0
WRBN01,0,0,0.0,0.0,10,10,0,0.0,0.0,0.0,,,0,0,0,gtdb_only,0.0
SK-Y3,0,0,0.0,0.0,10,10,0,0.0,0.0,0.0,,,0,0,0,gtdb_only,0.0
CAIMTB01,0,0,0.0,0.0,10,10,0,0.0,0.0,0.0,,,0,0,0,gtdb_only,0.0
VMTK01,0,0,0.0,0.0,10,10,0,0.0,0.0,0.0,,,0,0,0,gtdb_only,0.0
PWMZ01,0,0,0.0,0.0,10,10,0,0.0,0.0,0.0,,,0,0,0,gtdb_only,0.0
UBA7883,0,0,0.0,0.0,10,10,0,0.0,0.0,0.0,,,0,0,0,gtdb_only,0.0
EX4484-36,0,0,0.0,0.0,10,10,0,0.0,0.0,0.0,,,0,0,0,gtdb_only,0.0
JABMPJ01,0,0,0.0,0.0,10,10,0,0.0,0.0,0.0,,,0,0,0,gtdb_only,0.0
Iainarchaeaceae,0,0,0.0,0.0,10,10,0,0.0,0.0,0.0,,,0,0,0,gtdb_only,0.0
RBG-13-40-8-A,0,0,0.0,0.0,10,10,0,0.0,0.0,0.0,,,0,0,0,gtdb_only,0.0
GCA-002719695,0,0,0.0,0.0,10,10,0,0.0,0.0,0.0,,,0,0,0,gtdb_only,0.0
UBA583,0,0,0.0,0.0,10,10,0,0.0,0.0,0.0,,,0,0,0,gtdb_only,0.0
Desulfofervidaceae,0,0,0.0,0.0,10,10,0,0.0,0.0,0.0,,,0,0,0,gtdb_only,0.0
RBG-13-42-11,0,0,0.0,0.0,10,10,0,0.0,0.0,0.0,,,0,0,0,gtdb_only,0.0
GCA-002748355,0,0,0.0,0.0,10,10,0,0.0,0.0,0.0,,,0,0,0,gtdb_only,0.0
UWMA-0217,0,0,0.0,0.0,10,10,0,0.0,0.0,0.0,,,0,0,0,gtdb_only,0.0
Kyrpidiaceae,0,0,0.0,0.0,10,10,0,0.0,0.0,0.0,,,0,0,0,gtdb_only,0.0
JAEUWI01,0,0,0.0,0.0,10,10,0,0.0,0.0,0.0,,,0,0,0,gtdb_only,0.0
UBA8919,0,0,0.0,0.0,10,10,0,0.0,0.0,0.0,,,0,0,0,gtdb_only,0.0
Halalkalicoccaceae,0,0,0.0,0.0,10,10,0,0.0,0.0,0.0,,,0,0,0,gtdb_only,0.0
WRIO01,0,0,0.0,0.0,10,10,0,0.0,0.0,0.0,,,0,0,0,gtdb_only,0.0
Gp1-AA117,0,0,0.0,0.0,10,10,0,0.0,0.0,0.0,,,0,0,0,gtdb_only,0.0
2-12-FULL-54-10,0,0,0.0,0.0,10,10,0,0.0,0.0,0.0,,,0,0,0,gtdb_only,0.0
JACOND01,0,0,0.0,0.0,10,10,0,0.0,0.0,0.0,,,0,0,0,gtdb_only,0.0
D2-FULL-39-29,0,0,0.0,0.0,10,10,0,0.0,0.0,0.0,,,0,0,0,gtdb_only,0.0
JAAYUB01,0,0,0.0,0.0,10,10,0,0.0,0.0,0.0,,,0,0,0,gtdb_only,0.0
UBA1127,0,0,0.0,0.0,10,10,0,0.0,0.0,0.0,,,0,0,0,gtdb_only,0.0
DSM-9756,0,0,0.0,0.0,10,10,0,0.0,0.0,0.0,,,0,0,0,gtdb_only,0.0
2-02-FULL-50-9b,0,0,0.0,0.0,10,10,0,0.0,0.0,0.0,,,0,0,0,gtdb_only,0.0
UBA10165,0,0,0.0,0.0,10,10,0,0.0,0.0,0.0,,,0,0,0,gtdb_only,0.0
GLR71,0,0,0.0,0.0,10,10,0,0.0,0.0,0.0,,,0,0,0,gtdb_only,0.0
NORP154,0,0,0.0,0.0,10,10,0,0.0,0.0,0.0,,,0,0,0,gtdb_only,0.0
JACCUZ01,0,0,0.0,0.0,10,10,0,0.0,0.0,0.0,,,0,0,0,gtdb_only,0.0
CAKMZJ01,0,0,0.0,0.0,10,10,0,0.0,0.0,0.0,,,0,0,0,gtdb_only,0.0
S016-38,0,0,0.0,0.0,10,10,0,0.0,0.0,0.0,,,0,0,0,gtdb_only,0.0
Oceanibaculaceae,0,0,0.0,0.0,10,10,0,0.0,0.0,0.0,,,0,0,0,gtdb_only,0.0
UBA7239,0,0,0.0,0.0,10,10,0,0.0,0.0,0.0,,,0,0,0,gtdb_only,0.0
B3-G15,0,0,0.0,0.0,10,10,0,0.0,0.0,0.0,,,0,0,0,gtdb_only,0.0
JACQRZ01,0,0,0.0,0.0,10,10,0,0.0,0.0,0.0,,,0,0,0,gtdb_only,0.0
JABJCN01,0,0,0.0,0.0,10,10,0,0.0,0.0,0.0,,,0,0,0,gtdb_only,0.0
OLB20,0,0,0.0,0.0,10,10,0,0.0,0.0,0.0,,,0,0,0,gtdb_only,0.0
CAJFEE01,0,0,0.0,0.0,10,10,0,0.0,0.0,0.0,,,0,0,0,gtdb_only,0.0
GCA-2687025,0,0,0.0,0.0,10,10,0,0.0,0.0,0.0,,,0,0,0,gtdb_only,0.0
UBA6663,0,0,0.0,0.0,10,10,0,0.0,0.0,0.0,,,0,0,0,gtdb_only,0.0
JANLFN01,0,0,0.0,0.0,10,10,0,0.0,0.0,0.0,,,0,0,0,gtdb_only,0.0
CAIXPF01,0,0,0.0,0.0,10,10,0,0.0,0.0,0.0,,,0,0,0,gtdb_only,0.0
CG2-30-66-41,0,0,0.0,0.0,10,10,0,0.0,0.0,0.0,,,0,0,0,gtdb_only,0.0
Bin103,0,0,0.0,0.0,10,10,0,0.0,0.0,0.0,,,0,0,0,gtdb_only,0.0
CG2-30-40-21,0,0,0.0,0.0,10,10,0,0.0,0.0,0.0,,,0,0,0,gtdb_only,0.0
PR03,0,0,0.0,0.0,9,9,0,0.0,0.0,0.0,,,0,0,0,gtdb_only,0.0
MHMH01,0,0,0.0,0.0,9,9,0,0.0,0.0,0.0,,,0,0,0,gtdb_only,0.0
JAGMCJ01,0,0,0.0,0.0,9,9,0,0.0,0.0,0.0,,,0,0,0,gtdb_only,0.0
JABDAW01,0,0,0.0,0.0,9,9,0,0.0,0.0,0.0,,,0,0,0,gtdb_only,0.0
CAIXNZ01,0,0,0.0,0.0,9,9,0,0.0,0.0,0.0,,,0,0,0,gtdb_only,0.0
UBA97,0,0,0.0,0.0,9,9,0,0.0,0.0,0.0,,,0,0,0,gtdb_only,0.0
UBA3941,0,0,0.0,0.0,9,9,0,0.0,0.0,0.0,,,0,0,0,gtdb_only,0.0
UBA6807,0,0,0.0,0.0,9,9,0,0.0,0.0,0.0,,,0,0,0,gtdb_only,0.0
JABDBI01,0,0,0.0,0.0,9,9,0,0.0,0.0,0.0,,,0,0,0,gtdb_only,0.0
JAGODF01,0,0,0.0,0.0,9,9,0,0.0,0.0,0.0,,,0,0,0,gtdb_only,0.0
RUG350,0,0,0.0,0.0,9,9,0,0.0,0.0,0.0,,,0,0,0,gtdb_only,0.0
JADMJV01,0,0,0.0,0.0,9,9,0,0.0,0.0,0.0,,,0,0,0,gtdb_only,0.0
UBA11618,0,0,0.0,0.0,9,9,0,0.0,0.0,0.0,,,0,0,0,gtdb_only,0.0
E44-bin80,0,0,0.0,0.0,9,9,0,0.0,0.0,0.0,,,0,0,0,gtdb_only,0.0
Alkalibacteraceae,0,0,0.0,0.0,9,9,0,0.0,0.0,0.0,,,0,0,0,gtdb_only,0.0
UBA890,0,0,0.0,0.0,9,9,0,0.0,0.0,0.0,,,0,0,0,gtdb_only,0.0
HRBIN36,0,0,0.0,0.0,9,9,0,0.0,0.0,0.0,,,0,0,0,gtdb_only,0.0
JADMIH01,0,0,0.0,0.0,9,9,0,0.0,0.0,0.0,,,0,0,0,gtdb_only,0.0
CAIJMQ01,0,0,0.0,0.0,9,9,0,0.0,0.0,0.0,,,0,0,0,gtdb_only,0.0
Calescibacteriaceae,0,0,0.0,0.0,9,9,0,0.0,0.0,0.0,,,0,0,0,gtdb_only,0.0
XYA2-FULL-47-53,0,0,0.0,0.0,9,9,0,0.0,0.0,0.0,,,0,0,0,gtdb_only,0.0
CHK158-818,0,0,0.0,0.0,9,9,0,0.0,0.0,0.0,,,0,0,0,gtdb_only,0.0
DTU052,0,0,0.0,0.0,9,9,0,0.0,0.0,0.0,,,0,0,0,gtdb_only,0.0
PALSA-660,0,0,0.0,0.0,9,9,0,0.0,0.0,0.0,,,0,0,0,gtdb_only,0.0
UBA9971,0,0,0.0,0.0,9,9,0,0.0,0.0,0.0,,,0,0,0,gtdb_only,0.0
XYC2-FULL-47-12,0,0,0.0,0.0,9,9,0,0.0,0.0,0.0,,,0,0,0,gtdb_only,0.0
UBA1063,0,0,0.0,0.0,9,9,0,0.0,0.0,0.0,,,0,0,0,gtdb_only,0.0
1-14-0-20-64-10,0,0,0.0,0.0,9,9,0,0.0,0.0,0.0,,,0,0,0,gtdb_only,0.0
DP-6,0,0,0.0,0.0,9,9,0,0.0,0.0,0.0,,,0,0,0,gtdb_only,0.0
RBG-13-46-9,0,0,0.0,0.0,9,9,0,0.0,0.0,0.0,,,0,0,0,gtdb_only,0.0
B15-G4,0,0,0.0,0.0,9,9,0,0.0,0.0,0.0,,,0,0,0,gtdb_only,0.0
GCA-2712585,0,0,0.0,0.0,9,9,0,0.0,0.0,0.0,,,0,0,0,gtdb_only,0.0
GCA-002720895,0,0,0.0,0.0,9,9,0,0.0,0.0,0.0,,,0,0,0,gtdb_only,0.0
UBA6262,0,0,0.0,0.0,9,9,0,0.0,0.0,0.0,,,0,0,0,gtdb_only,0.0
CSSed11-243R1,0,0,0.0,0.0,9,9,0,0.0,0.0,0.0,,,0,0,0,gtdb_only,0.0
Conexivisphaeraceae,0,0,0.0,0.0,9,9,0,0.0,0.0,0.0,,,0,0,0,gtdb_only,0.0
UBA5542,0,0,0.0,0.0,9,9,0,0.0,0.0,0.0,,,0,0,0,gtdb_only,0.0
PUMD01,0,0,0.0,0.0,9,9,0,0.0,0.0,0.0,,,0,0,0,gtdb_only,0.0
DTU030,0,0,0.0,0.0,9,9,0,0.0,0.0,0.0,,,0,0,0,gtdb_only,0.0
VXOZ01,0,0,0.0,0.0,9,9,0,0.0,0.0,0.0,,,0,0,0,gtdb_only,0.0
CAIOTO01,0,0,0.0,0.0,9,9,0,0.0,0.0,0.0,,,0,0,0,gtdb_only,0.0
XYC2-FULL-38-9,0,0,0.0,0.0,9,9,0,0.0,0.0,0.0,,,0,0,0,gtdb_only,0.0
DRYD01,0,0,0.0,0.0,9,9,0,0.0,0.0,0.0,,,0,0,0,gtdb_only,0.0
JABMQR01,0,0,0.0,0.0,9,9,0,0.0,0.0,0.0,,,0,0,0,gtdb_only,0.0
DRHE01,0,0,0.0,0.0,9,9,0,0.0,0.0,0.0,,,0,0,0,gtdb_only,0.0
GCA-2699445,0,0,0.0,0.0,9,9,0,0.0,0.0,0.0,,,0,0,0,gtdb_only,0.0
UBA10117,0,0,0.0,0.0,9,9,0,0.0,0.0,0.0,,,0,0,0,gtdb_only,0.0
Gp22-AA2,0,0,0.0,0.0,9,9,0,0.0,0.0,0.0,,,0,0,0,gtdb_only,0.0
Pedosphaeraceae,0,0,0.0,0.0,9,9,0,0.0,0.0,0.0,,,0,0,0,gtdb_only,0.0
GWA2-46-9,0,0,0.0,0.0,9,9,0,0.0,0.0,0.0,,,0,0,0,gtdb_only,0.0
UBA2200,0,0,0.0,0.0,9,9,0,0.0,0.0,0.0,,,0,0,0,gtdb_only,0.0
RBG-16-55-9,0,0,0.0,0.0,9,9,0,0.0,0.0,0.0,,,0,0,0,gtdb_only,0.0
DSPV01,0,0,0.0,0.0,9,9,0,0.0,0.0,0.0,,,0,0,0,gtdb_only,0.0
Duberdicusellaceae,0,0,0.0,0.0,9,9,0,0.0,0.0,0.0,,,0,0,0,gtdb_only,0.0
WAQK01,0,0,0.0,0.0,9,9,0,0.0,0.0,0.0,,,0,0,0,gtdb_only,0.0
UBA1439,0,0,0.0,0.0,9,9,0,0.0,0.0,0.0,,,0,0,0,gtdb_only,0.0
UBA8416,0,0,0.0,0.0,9,9,0,0.0,0.0,0.0,,,0,0,0,gtdb_only,0.0
GCA-002707645,0,0,0.0,0.0,9,9,0,0.0,0.0,0.0,,,0,0,0,gtdb_only,0.0
UBA10105,0,0,0.0,0.0,9,9,0,0.0,0.0,0.0,,,0,0,0,gtdb_only,0.0
SKZT01,0,0,0.0,0.0,9,9,0,0.0,0.0,0.0,,,0,0,0,gtdb_only,0.0
JAACEG01,0,0,0.0,0.0,9,9,0,0.0,0.0,0.0,,,0,0,0,gtdb_only,0.0
JAKAFK01,0,0,0.0,0.0,9,9,0,0.0,0.0,0.0,,,0,0,0,gtdb_only,0.0
IGHO2-01-FULL-4-A,0,0,0.0,0.0,9,9,0,0.0,0.0,0.0,,,0,0,0,gtdb_only,0.0
ARK-15,0,0,0.0,0.0,9,9,0,0.0,0.0,0.0,,,0,0,0,gtdb_only,0.0
Gp1-AA112,0,0,0.0,0.0,9,9,0,0.0,0.0,0.0,,,0,0,0,gtdb_only,0.0
CF-72,0,0,0.0,0.0,9,9,0,0.0,0.0,0.0,,,0,0,0,gtdb_only,0.0
SLMS01,0,0,0.0,0.0,9,9,0,0.0,0.0,0.0,,,0,0,0,gtdb_only,0.0
JAAXVQ01,0,0,0.0,0.0,9,9,0,0.0,0.0,0.0,,,0,0,0,gtdb_only,0.0
BICA1-8,0,0,0.0,0.0,9,9,0,0.0,0.0,0.0,,,0,0,0,gtdb_only,0.0
JAHDCA01,0,0,0.0,0.0,9,9,0,0.0,0.0,0.0,,,0,0,0,gtdb_only,0.0
VMFF01,0,0,0.0,0.0,9,9,0,0.0,0.0,0.0,,,0,0,0,gtdb_only,0.0
UBA5793,0,0,0.0,0.0,9,9,0,0.0,0.0,0.0,,,0,0,0,gtdb_only,0.0
Desulfohalotomaculaceae,0,0,0.0,0.0,9,9,0,0.0,0.0,0.0,,,0,0,0,gtdb_only,0.0
SIAT01,0,0,0.0,0.0,9,9,0,0.0,0.0,0.0,,,0,0,0,gtdb_only,0.0
UBA9220,0,0,0.0,0.0,9,9,0,0.0,0.0,0.0,,,0,0,0,gtdb_only,0.0
JAEUJZ01,0,0,0.0,0.0,9,9,0,0.0,0.0,0.0,,,0,0,0,gtdb_only,0.0
Orphanbacteraceae,0,0,0.0,0.0,9,9,0,0.0,0.0,0.0,,,0,0,0,gtdb_only,0.0
Palsa-1104,0,0,0.0,0.0,9,9,0,0.0,0.0,0.0,,,0,0,0,gtdb_only,0.0
SHND01,0,0,0.0,0.0,9,9,0,0.0,0.0,0.0,,,0,0,0,gtdb_only,0.0
JAGXLC01,0,0,0.0,0.0,9,9,0,0.0,0.0,0.0,,,0,0,0,gtdb_only,0.0
UBA2962,0,0,0.0,0.0,9,9,0,0.0,0.0,0.0,,,0,0,0,gtdb_only,0.0
SZUA-252,0,0,0.0,0.0,9,9,0,0.0,0.0,0.0,,,0,0,0,gtdb_only,0.0
JAAOZP01,0,0,0.0,0.0,9,9,0,0.0,0.0,0.0,,,0,0,0,gtdb_only,0.0
PCPOR2b,0,0,0.0,0.0,9,9,0,0.0,0.0,0.0,,,0,0,0,gtdb_only,0.0
Johnevansiaceae,0,0,0.0,0.0,9,9,0,0.0,0.0,0.0,,,0,0,0,gtdb_only,0.0
GWA2-43-13,0,0,0.0,0.0,9,9,0,0.0,0.0,0.0,,,0,0,0,gtdb_only,0.0
JAAZCA01,0,0,0.0,0.0,9,9,0,0.0,0.0,0.0,,,0,0,0,gtdb_only,0.0
CAIZLB01,0,0,0.0,0.0,9,9,0,0.0,0.0,0.0,,,0,0,0,gtdb_only,0.0
NBLH01,0,0,0.0,0.0,9,9,0,0.0,0.0,0.0,,,0,0,0,gtdb_only,0.0
UBA8898,0,0,0.0,0.0,9,9,0,0.0,0.0,0.0,,,0,0,0,gtdb_only,0.0
Zrk34,0,0,0.0,0.0,9,9,0,0.0,0.0,0.0,,,0,0,0,gtdb_only,0.0
SB21,0,0,0.0,0.0,9,9,0,0.0,0.0,0.0,,,0,0,0,gtdb_only,0.0
JACABE01,0,0,0.0,0.0,9,9,0,0.0,0.0,0.0,,,0,0,0,gtdb_only,0.0
Xiphinematobacteraceae,0,0,0.0,0.0,9,9,0,0.0,0.0,0.0,,,0,0,0,gtdb_only,0.0
Culexarchaeaceae,0,0,0.0,0.0,9,9,0,0.0,0.0,0.0,,,0,0,0,gtdb_only,0.0
UBA6016,0,0,0.0,0.0,9,9,0,0.0,0.0,0.0,,,0,0,0,gtdb_only,0.0
UBA5862,0,0,0.0,0.0,8,8,0,0.0,0.0,0.0,,,0,0,0,gtdb_only,0.0
Gp7-AA6,0,0,0.0,0.0,8,8,0,0.0,0.0,0.0,,,0,0,0,gtdb_only,0.0
JAKBAR01,0,0,0.0,0.0,8,8,0,0.0,0.0,0.0,,,0,0,0,gtdb_only,0.0
JAADDB01,0,0,0.0,0.0,8,8,0,0.0,0.0,0.0,,,0,0,0,gtdb_only,0.0
JABAAK01,0,0,0.0,0.0,8,8,0,0.0,0.0,0.0,,,0,0,0,gtdb_only,0.0
UBA7694,0,0,0.0,0.0,8,8,0,0.0,0.0,0.0,,,0,0,0,gtdb_only,0.0
UBA2136,0,0,0.0,0.0,8,8,0,0.0,0.0,0.0,,,0,0,0,gtdb_only,0.0
MVCY01,0,0,0.0,0.0,8,8,0,0.0,0.0,0.0,,,0,0,0,gtdb_only,0.0
JABDFU01,0,0,0.0,0.0,8,8,0,0.0,0.0,0.0,,,0,0,0,gtdb_only,0.0
UBA5627,0,0,0.0,0.0,8,8,0,0.0,0.0,0.0,,,0,0,0,gtdb_only,0.0
SHYB01,0,0,0.0,0.0,8,8,0,0.0,0.0,0.0,,,0,0,0,gtdb_only,0.0
QYQD01,0,0,0.0,0.0,8,8,0,0.0,0.0,0.0,,,0,0,0,gtdb_only,0.0
PNKZ01,0,0,0.0,0.0,8,8,0,0.0,0.0,0.0,,,0,0,0,gtdb_only,0.0
Ga007554,0,0,0.0,0.0,8,8,0,0.0,0.0,0.0,,,0,0,0,gtdb_only,0.0
UBA2197,0,0,0.0,0.0,8,8,0,0.0,0.0,0.0,,,0,0,0,gtdb_only,0.0
UBA1544,0,0,0.0,0.0,8,8,0,0.0,0.0,0.0,,,0,0,0,gtdb_only,0.0
JAIOZK01,0,0,0.0,0.0,8,8,0,0.0,0.0,0.0,,,0,0,0,gtdb_only,0.0
Entotheonellaceae,0,0,0.0,0.0,8,8,0,0.0,0.0,0.0,,,0,0,0,gtdb_only,0.0
SURF-13,0,0,0.0,0.0,8,8,0,0.0,0.0,0.0,,,0,0,0,gtdb_only,0.0
M50B96,0,0,0.0,0.0,8,8,0,0.0,0.0,0.0,,,0,0,0,gtdb_only,0.0
JABDKV01,0,0,0.0,0.0,8,8,0,0.0,0.0,0.0,,,0,0,0,gtdb_only,0.0
CADAWZ01,0,0,0.0,0.0,8,8,0,0.0,0.0,0.0,,,0,0,0,gtdb_only,0.0
ARS69,0,0,0.0,0.0,8,8,0,0.0,0.0,0.0,,,0,0,0,gtdb_only,0.0
JACRBR01,0,0,0.0,0.0,8,8,0,0.0,0.0,0.0,,,0,0,0,gtdb_only,0.0
WMHbin7,0,0,0.0,0.0,8,8,0,0.0,0.0,0.0,,,0,0,0,gtdb_only,0.0
WYAZ01,0,0,0.0,0.0,8,8,0,0.0,0.0,0.0,,,0,0,0,gtdb_only,0.0
JAGMDC01,0,0,0.0,0.0,8,8,0,0.0,0.0,0.0,,,0,0,0,gtdb_only,0.0
DSM-2933,0,0,0.0,0.0,8,8,0,0.0,0.0,0.0,,,0,0,0,gtdb_only,0.0
UBA6926,0,0,0.0,0.0,8,8,0,0.0,0.0,0.0,,,0,0,0,gtdb_only,0.0
Chloroheliaceae,0,0,0.0,0.0,8,8,0,0.0,0.0,0.0,,,0,0,0,gtdb_only,0.0
WJIZ01,0,0,0.0,0.0,8,8,0,0.0,0.0,0.0,,,0,0,0,gtdb_only,0.0
JAKBBU01,0,0,0.0,0.0,8,8,0,0.0,0.0,0.0,,,0,0,0,gtdb_only,0.0
UBA2987,0,0,0.0,0.0,8,8,0,0.0,0.0,0.0,,,0,0,0,gtdb_only,0.0
CAITUV01,0,0,0.0,0.0,8,8,0,0.0,0.0,0.0,,,0,0,0,gtdb_only,0.0
JAFGIB01,0,0,0.0,0.0,8,8,0,0.0,0.0,0.0,,,0,0,0,gtdb_only,0.0
UBA9673,0,0,0.0,0.0,8,8,0,0.0,0.0,0.0,,,0,0,0,gtdb_only,0.0
UBA2166,0,0,0.0,0.0,8,8,0,0.0,0.0,0.0,,,0,0,0,gtdb_only,0.0
BuS5,0,0,0.0,0.0,8,8,0,0.0,0.0,0.0,,,0,0,0,gtdb_only,0.0
SM23-62,0,0,0.0,0.0,8,8,0,0.0,0.0,0.0,,,0,0,0,gtdb_only,0.0
DSSB01,0,0,0.0,0.0,8,8,0,0.0,0.0,0.0,,,0,0,0,gtdb_only,0.0
JAAYLN01,0,0,0.0,0.0,8,8,0,0.0,0.0,0.0,,,0,0,0,gtdb_only,0.0
Palsa-1400,0,0,0.0,0.0,8,8,0,0.0,0.0,0.0,,,0,0,0,gtdb_only,0.0
CADEGL01,0,0,0.0,0.0,8,8,0,0.0,0.0,0.0,,,0,0,0,gtdb_only,0.0
JAGONC01,0,0,0.0,0.0,8,8,0,0.0,0.0,0.0,,,0,0,0,gtdb_only,0.0
Anaerobacillaceae,0,0,0.0,0.0,8,8,0,0.0,0.0,0.0,,,0,0,0,gtdb_only,0.0
GCA-2711565,0,0,0.0,0.0,8,8,0,0.0,0.0,0.0,,,0,0,0,gtdb_only,0.0
Tiddalikarchaeaceae,0,0,0.0,0.0,8,8,0,0.0,0.0,0.0,,,0,0,0,gtdb_only,0.0
Termititenacaceae,0,0,0.0,0.0,8,8,0,0.0,0.0,0.0,,,0,0,0,gtdb_only,0.0
Thermosulfidibacteraceae,0,0,0.0,0.0,8,8,0,0.0,0.0,0.0,,,0,0,0,gtdb_only,0.0
JABSSG01,0,0,0.0,0.0,8,8,0,0.0,0.0,0.0,,,0,0,0,gtdb_only,0.0
UBA4151,0,0,0.0,0.0,8,8,0,0.0,0.0,0.0,,,0,0,0,gtdb_only,0.0
Acetohalobiaceae,0,0,0.0,0.0,8,8,0,0.0,0.0,0.0,,,0,0,0,gtdb_only,0.0
CSP1-2,0,0,0.0,0.0,8,8,0,0.0,0.0,0.0,,,0,0,0,gtdb_only,0.0
21-64-14,0,0,0.0,0.0,8,8,0,0.0,0.0,0.0,,,0,0,0,gtdb_only,0.0
JAAUTT01,0,0,0.0,0.0,8,8,0,0.0,0.0,0.0,,,0,0,0,gtdb_only,0.0
Abditibacteriaceae,0,0,0.0,0.0,8,8,0,0.0,0.0,0.0,,,0,0,0,gtdb_only,0.0
Tistrellaceae,0,0,0.0,0.0,8,8,0,0.0,0.0,0.0,,,0,0,0,gtdb_only,0.0
RBG-16-54-18,0,0,0.0,0.0,8,8,0,0.0,0.0,0.0,,,0,0,0,gtdb_only,0.0
UBA9216,0,0,0.0,0.0,8,8,0,0.0,0.0,0.0,,,0,0,0,gtdb_only,0.0
UBA4877,0,0,0.0,0.0,8,8,0,0.0,0.0,0.0,,,0,0,0,gtdb_only,0.0
UBA9159,0,0,0.0,0.0,8,8,0,0.0,0.0,0.0,,,0,0,0,gtdb_only,0.0
PHBI01,0,0,0.0,0.0,8,8,0,0.0,0.0,0.0,,,0,0,0,gtdb_only,0.0
UBA923,0,0,0.0,0.0,8,8,0,0.0,0.0,0.0,,,0,0,0,gtdb_only,0.0
WJKV01,0,0,0.0,0.0,8,8,0,0.0,0.0,0.0,,,0,0,0,gtdb_only,0.0
SKNC01,0,0,0.0,0.0,8,8,0,0.0,0.0,0.0,,,0,0,0,gtdb_only,0.0
Garciellaceae,0,0,0.0,0.0,8,8,0,0.0,0.0,0.0,,,0,0,0,gtdb_only,0.0
UBA9615,0,0,0.0,0.0,8,8,0,0.0,0.0,0.0,,,0,0,0,gtdb_only,0.0
JAKAEA01,0,0,0.0,0.0,8,8,0,0.0,0.0,0.0,,,0,0,0,gtdb_only,0.0
Taenaricolaceae,0,0,0.0,0.0,8,8,0,0.0,0.0,0.0,,,0,0,0,gtdb_only,0.0
SIBE01,0,0,0.0,0.0,8,8,0,0.0,0.0,0.0,,,0,0,0,gtdb_only,0.0
UBA7950,0,0,0.0,0.0,8,8,0,0.0,0.0,0.0,,,0,0,0,gtdb_only,0.0
XYC2-FULL-37-10,0,0,0.0,0.0,8,8,0,0.0,0.0,0.0,,,0,0,0,gtdb_only,0.0
UBA816,0,0,0.0,0.0,8,8,0,0.0,0.0,0.0,,,0,0,0,gtdb_only,0.0
GCA-2401785,0,0,0.0,0.0,8,8,0,0.0,0.0,0.0,,,0,0,0,gtdb_only,0.0
JAEUIK01,0,0,0.0,0.0,8,8,0,0.0,0.0,0.0,,,0,0,0,gtdb_only,0.0
HRBIN21,0,0,0.0,0.0,8,8,0,0.0,0.0,0.0,,,0,0,0,gtdb_only,0.0
UBA2363,0,0,0.0,0.0,8,8,0,0.0,0.0,0.0,,,0,0,0,gtdb_only,0.0
JABMNX01,0,0,0.0,0.0,8,8,0,0.0,0.0,0.0,,,0,0,0,gtdb_only,0.0
SW-4-49-11,0,0,0.0,0.0,8,8,0,0.0,0.0,0.0,,,0,0,0,gtdb_only,0.0
UBA7526,0,0,0.0,0.0,8,8,0,0.0,0.0,0.0,,,0,0,0,gtdb_only,0.0
JACPRP01,0,0,0.0,0.0,8,8,0,0.0,0.0,0.0,,,0,0,0,gtdb_only,0.0
JABIAG01,0,0,0.0,0.0,8,8,0,0.0,0.0,0.0,,,0,0,0,gtdb_only,0.0
UBA2428,0,0,0.0,0.0,8,8,0,0.0,0.0,0.0,,,0,0,0,gtdb_only,0.0
JAGLOS01,0,0,0.0,0.0,8,8,0,0.0,0.0,0.0,,,0,0,0,gtdb_only,0.0
UBA11051,0,0,0.0,0.0,8,8,0,0.0,0.0,0.0,,,0,0,0,gtdb_only,0.0
RBG-13-44-9,0,0,0.0,0.0,8,8,0,0.0,0.0,0.0,,,0,0,0,gtdb_only,0.0
UBA4733,0,0,0.0,0.0,8,8,0,0.0,0.0,0.0,,,0,0,0,gtdb_only,0.0
WJKL01,0,0,0.0,0.0,8,8,0,0.0,0.0,0.0,,,0,0,0,gtdb_only,0.0
NAK82,0,0,0.0,0.0,8,8,0,0.0,0.0,0.0,,,0,0,0,gtdb_only,0.0
UBA3073,0,0,0.0,0.0,8,8,0,0.0,0.0,0.0,,,0,0,0,gtdb_only,0.0
JAAYUW01,0,0,0.0,0.0,8,8,0,0.0,0.0,0.0,,,0,0,0,gtdb_only,0.0
SpSt-1190,0,0,0.0,0.0,8,8,0,0.0,0.0,0.0,,,0,0,0,gtdb_only,0.0
JAENVV01,0,0,0.0,0.0,8,8,0,0.0,0.0,0.0,,,0,0,0,gtdb_only,0.0
UBA10025,0,0,0.0,0.0,8,8,0,0.0,0.0,0.0,,,0,0,0,gtdb_only,0.0
CG2-30-39-44,0,0,0.0,0.0,8,8,0,0.0,0.0,0.0,,,0,0,0,gtdb_only,0.0
HR10,0,0,0.0,0.0,8,8,0,0.0,0.0,0.0,,,0,0,0,gtdb_only,0.0
B39-G9,0,0,0.0,0.0,8,8,0,0.0,0.0,0.0,,,0,0,0,gtdb_only,0.0
UBA6077,0,0,0.0,0.0,8,8,0,0.0,0.0,0.0,,,0,0,0,gtdb_only,0.0
Borrarchaeaceae,0,0,0.0,0.0,8,8,0,0.0,0.0,0.0,,,0,0,0,gtdb_only,0.0
JACPNS01,0,0,0.0,0.0,8,8,0,0.0,0.0,0.0,,,0,0,0,gtdb_only,0.0
JAFGJZ01,0,0,0.0,0.0,8,8,0,0.0,0.0,0.0,,,0,0,0,gtdb_only,0.0
Hydrogenedentaceae,0,0,0.0,0.0,8,8,0,0.0,0.0,0.0,,,0,0,0,gtdb_only,0.0
JAGLSY01,0,0,0.0,0.0,8,8,0,0.0,0.0,0.0,,,0,0,0,gtdb_only,0.0
NS-4,0,0,0.0,0.0,8,8,0,0.0,0.0,0.0,,,0,0,0,gtdb_only,0.0
JABGXB01,0,0,0.0,0.0,8,8,0,0.0,0.0,0.0,,,0,0,0,gtdb_only,0.0
JADJMO01,0,0,0.0,0.0,8,8,0,0.0,0.0,0.0,,,0,0,0,gtdb_only,0.0
Ammonificaceae,0,0,0.0,0.0,8,8,0,0.0,0.0,0.0,,,0,0,0,gtdb_only,0.0
GCA-020355125,0,0,0.0,0.0,8,8,0,0.0,0.0,0.0,,,0,0,0,gtdb_only,0.0
UBA5359,0,0,0.0,0.0,8,8,0,0.0,0.0,0.0,,,0,0,0,gtdb_only,0.0
JAMCZE01,0,0,0.0,0.0,8,8,0,0.0,0.0,0.0,,,0,0,0,gtdb_only,0.0
Polarisedimenticolaceae,0,0,0.0,0.0,8,8,0,0.0,0.0,0.0,,,0,0,0,gtdb_only,0.0
GWA2-47-26,0,0,0.0,0.0,8,8,0,0.0,0.0,0.0,,,0,0,0,gtdb_only,0.0
UBA2135,0,0,0.0,0.0,8,8,0,0.0,0.0,0.0,,,0,0,0,gtdb_only,0.0
Fen-1058,0,0,0.0,0.0,8,8,0,0.0,0.0,0.0,,,0,0,0,gtdb_only,0.0
UBA2364,0,0,0.0,0.0,8,8,0,0.0,0.0,0.0,,,0,0,0,gtdb_only,0.0
GCA-002684695,0,0,0.0,0.0,8,8,0,0.0,0.0,0.0,,,0,0,0,gtdb_only,0.0
DC0425bin3,0,0,0.0,0.0,8,8,0,0.0,0.0,0.0,,,0,0,0,gtdb_only,0.0
JAFGXN01,0,0,0.0,0.0,8,8,0,0.0,0.0,0.0,,,0,0,0,gtdb_only,0.0
CAIQNR01,0,0,0.0,0.0,7,7,0,0.0,0.0,0.0,,,0,0,0,gtdb_only,0.0
BM003,0,0,0.0,0.0,7,7,0,0.0,0.0,0.0,,,0,0,0,gtdb_only,0.0
CG1-02-43-26,0,0,0.0,0.0,7,7,0,0.0,0.0,0.0,,,0,0,0,gtdb_only,0.0
QS-9-68-17,0,0,0.0,0.0,7,7,0,0.0,0.0,0.0,,,0,0,0,gtdb_only,0.0
JADJPF01,0,0,0.0,0.0,7,7,0,0.0,0.0,0.0,,,0,0,0,gtdb_only,0.0
Oceanimicrobiaceae,0,0,0.0,0.0,7,7,0,0.0,0.0,0.0,,,0,0,0,gtdb_only,0.0
Methanoliparaceae,0,0,0.0,0.0,7,7,0,0.0,0.0,0.0,,,0,0,0,gtdb_only,0.0
B51-G9,0,0,0.0,0.0,7,7,0,0.0,0.0,0.0,,,0,0,0,gtdb_only,0.0
47-G6,0,0,0.0,0.0,7,7,0,0.0,0.0,0.0,,,0,0,0,gtdb_only,0.0
Paracaedibacteraceae,0,0,0.0,0.0,7,7,0,0.0,0.0,0.0,,,0,0,0,gtdb_only,0.0
SIBH01,0,0,0.0,0.0,7,7,0,0.0,0.0,0.0,,,0,0,0,gtdb_only,0.0
JAJZUU01,0,0,0.0,0.0,7,7,0,0.0,0.0,0.0,,,0,0,0,gtdb_only,0.0
UBA1709,0,0,0.0,0.0,7,7,0,0.0,0.0,0.0,,,0,0,0,gtdb_only,0.0
UBA5616,0,0,0.0,0.0,7,7,0,0.0,0.0,0.0,,,0,0,0,gtdb_only,0.0
Caenarcanaceae,0,0,0.0,0.0,7,7,0,0.0,0.0,0.0,,,0,0,0,gtdb_only,0.0
JACDBH01,0,0,0.0,0.0,7,7,0,0.0,0.0,0.0,,,0,0,0,gtdb_only,0.0
UBA9980,0,0,0.0,0.0,7,7,0,0.0,0.0,0.0,,,0,0,0,gtdb_only,0.0
2-02-FULL-40-12,0,0,0.0,0.0,7,7,0,0.0,0.0,0.0,,,0,0,0,gtdb_only,0.0
ARS21,0,0,0.0,0.0,7,7,0,0.0,0.0,0.0,,,0,0,0,gtdb_only,0.0
Maliibacteriaceae,0,0,0.0,0.0,7,7,0,0.0,0.0,0.0,,,0,0,0,gtdb_only,0.0
VGJW01,0,0,0.0,0.0,7,7,0,0.0,0.0,0.0,,,0,0,0,gtdb_only,0.0
JAMCYS01,0,0,0.0,0.0,7,7,0,0.0,0.0,0.0,,,0,0,0,gtdb_only,0.0
UBA6099,0,0,0.0,0.0,7,7,0,0.0,0.0,0.0,,,0,0,0,gtdb_only,0.0
DRHN01,0,0,0.0,0.0,7,7,0,0.0,0.0,0.0,,,0,0,0,gtdb_only,0.0
SpSt-28,0,0,0.0,0.0,7,7,0,0.0,0.0,0.0,,,0,0,0,gtdb_only,0.0
H02-45-13,0,0,0.0,0.0,7,7,0,0.0,0.0,0.0,,,0,0,0,gtdb_only,0.0
JAHEIW01,0,0,0.0,0.0,7,7,0,0.0,0.0,0.0,,,0,0,0,gtdb_only,0.0
WJJG01,0,0,0.0,0.0,7,7,0,0.0,0.0,0.0,,,0,0,0,gtdb_only,0.0
4572-78,0,0,0.0,0.0,7,7,0,0.0,0.0,0.0,,,0,0,0,gtdb_only,0.0
JADFOP01,0,0,0.0,0.0,7,7,0,0.0,0.0,0.0,,,0,0,0,gtdb_only,0.0
FEN-1346,0,0,0.0,0.0,7,7,0,0.0,0.0,0.0,,,0,0,0,gtdb_only,0.0
Nanoanaerosalinaceae,0,0,0.0,0.0,7,7,0,0.0,0.0,0.0,,,0,0,0,gtdb_only,0.0
CAITLU01,0,0,0.0,0.0,7,7,0,0.0,0.0,0.0,,,0,0,0,gtdb_only,0.0
SOIM01,0,0,0.0,0.0,7,7,0,0.0,0.0,0.0,,,0,0,0,gtdb_only,0.0
J058,0,0,0.0,0.0,7,7,0,0.0,0.0,0.0,,,0,0,0,gtdb_only,0.0
CAIOSU01,0,0,0.0,0.0,7,7,0,0.0,0.0,0.0,,,0,0,0,gtdb_only,0.0
TMED6,0,0,0.0,0.0,7,7,0,0.0,0.0,0.0,,,0,0,0,gtdb_only,0.0
UBA10110,0,0,0.0,0.0,7,7,0,0.0,0.0,0.0,,,0,0,0,gtdb_only,0.0
JAAZOE01,0,0,0.0,0.0,7,7,0,0.0,0.0,0.0,,,0,0,0,gtdb_only,0.0
CAILMK01,0,0,0.0,0.0,7,7,0,0.0,0.0,0.0,,,0,0,0,gtdb_only,0.0
GCA-002691585,0,0,0.0,0.0,7,7,0,0.0,0.0,0.0,,,0,0,0,gtdb_only,0.0
UBA7683,0,0,0.0,0.0,7,7,0,0.0,0.0,0.0,,,0,0,0,gtdb_only,0.0
QNBC01,0,0,0.0,0.0,7,7,0,0.0,0.0,0.0,,,0,0,0,gtdb_only,0.0
JACPRH01,0,0,0.0,0.0,7,7,0,0.0,0.0,0.0,,,0,0,0,gtdb_only,0.0
TC1,0,0,0.0,0.0,7,7,0,0.0,0.0,0.0,,,0,0,0,gtdb_only,0.0
BMS3Bbin08,0,0,0.0,0.0,7,7,0,0.0,0.0,0.0,,,0,0,0,gtdb_only,0.0
Sediminispirochaetaceae,0,0,0.0,0.0,7,7,0,0.0,0.0,0.0,,,0,0,0,gtdb_only,0.0
UBA1877,0,0,0.0,0.0,7,7,0,0.0,0.0,0.0,,,0,0,0,gtdb_only,0.0
JAHIPI01,0,0,0.0,0.0,7,7,0,0.0,0.0,0.0,,,0,0,0,gtdb_only,0.0
CAIVOO01,0,0,0.0,0.0,7,7,0,0.0,0.0,0.0,,,0,0,0,gtdb_only,0.0
Ignicoccaceae,0,0,0.0,0.0,7,7,0,0.0,0.0,0.0,,,0,0,0,gtdb_only,0.0
GCA-2400775,0,0,0.0,0.0,7,7,0,0.0,0.0,0.0,,,0,0,0,gtdb_only,0.0
UBA5070,0,0,0.0,0.0,7,7,0,0.0,0.0,0.0,,,0,0,0,gtdb_only,0.0
JABWAM01,0,0,0.0,0.0,7,7,0,0.0,0.0,0.0,,,0,0,0,gtdb_only,0.0
S140-43,0,0,0.0,0.0,7,7,0,0.0,0.0,0.0,,,0,0,0,gtdb_only,0.0
JAHWKZ01,0,0,0.0,0.0,7,7,0,0.0,0.0,0.0,,,0,0,0,gtdb_only,0.0
CAIKAW01,0,0,0.0,0.0,7,7,0,0.0,0.0,0.0,,,0,0,0,gtdb_only,0.0
UBA6266,0,0,0.0,0.0,7,7,0,0.0,0.0,0.0,,,0,0,0,gtdb_only,0.0
H5-PLA8,0,0,0.0,0.0,7,7,0,0.0,0.0,0.0,,,0,0,0,gtdb_only,0.0
VGOW01,0,0,0.0,0.0,7,7,0,0.0,0.0,0.0,,,0,0,0,gtdb_only,0.0
UBA6065,0,0,0.0,0.0,7,7,0,0.0,0.0,0.0,,,0,0,0,gtdb_only,0.0
S145-22,0,0,0.0,0.0,7,7,0,0.0,0.0,0.0,,,0,0,0,gtdb_only,0.0
CAIRYL01,0,0,0.0,0.0,7,7,0,0.0,0.0,0.0,,,0,0,0,gtdb_only,0.0
JAJZQI01,0,0,0.0,0.0,7,7,0,0.0,0.0,0.0,,,0,0,0,gtdb_only,0.0
BP-133,0,0,0.0,0.0,7,7,0,0.0,0.0,0.0,,,0,0,0,gtdb_only,0.0
B22-G15,0,0,0.0,0.0,7,7,0,0.0,0.0,0.0,,,0,0,0,gtdb_only,0.0
ICN-92133,0,0,0.0,0.0,7,7,0,0.0,0.0,0.0,,,0,0,0,gtdb_only,0.0
PALSA-1355,0,0,0.0,0.0,7,7,0,0.0,0.0,0.0,,,0,0,0,gtdb_only,0.0
IMCC2047,0,0,0.0,0.0,7,7,0,0.0,0.0,0.0,,,0,0,0,gtdb_only,0.0
CAILIB01,0,0,0.0,0.0,7,7,0,0.0,0.0,0.0,,,0,0,0,gtdb_only,0.0
Capsulimonadaceae,0,0,0.0,0.0,7,7,0,0.0,0.0,0.0,,,0,0,0,gtdb_only,0.0
2-12-FULL-41-12,0,0,0.0,0.0,7,7,0,0.0,0.0,0.0,,,0,0,0,gtdb_only,0.0
GWA2-46-15,0,0,0.0,0.0,7,7,0,0.0,0.0,0.0,,,0,0,0,gtdb_only,0.0
Oxobacteraceae,0,0,0.0,0.0,7,7,0,0.0,0.0,0.0,,,0,0,0,gtdb_only,0.0
OSC116,0,0,0.0,0.0,7,7,0,0.0,0.0,0.0,,,0,0,0,gtdb_only,0.0
JAICJC01,0,0,0.0,0.0,7,7,0,0.0,0.0,0.0,,,0,0,0,gtdb_only,0.0
DSM-44946,0,0,0.0,0.0,7,7,0,0.0,0.0,0.0,,,0,0,0,gtdb_only,0.0
Oxydemutatoceae,0,0,0.0,0.0,7,7,0,0.0,0.0,0.0,,,0,0,0,gtdb_only,0.0
B3-LCP,0,0,0.0,0.0,7,7,0,0.0,0.0,0.0,,,0,0,0,gtdb_only,0.0
SZAS-18,0,0,0.0,0.0,7,7,0,0.0,0.0,0.0,,,0,0,0,gtdb_only,0.0
Propionisporaceae,0,0,0.0,0.0,7,7,0,0.0,0.0,0.0,,,0,0,0,gtdb_only,0.0
PNNO01,0,0,0.0,0.0,7,7,0,0.0,0.0,0.0,,,0,0,0,gtdb_only,0.0
UBA5177,0,0,0.0,0.0,7,7,0,0.0,0.0,0.0,,,0,0,0,gtdb_only,0.0
AUK180,0,0,0.0,0.0,7,7,0,0.0,0.0,0.0,,,0,0,0,gtdb_only,0.0
WO2-46-25,0,0,0.0,0.0,7,7,0,0.0,0.0,0.0,,,0,0,0,gtdb_only,0.0
JADJQN01,0,0,0.0,0.0,7,7,0,0.0,0.0,0.0,,,0,0,0,gtdb_only,0.0
JAAYDE01,0,0,0.0,0.0,7,7,0,0.0,0.0,0.0,,,0,0,0,gtdb_only,0.0
UBA12445,0,0,0.0,0.0,7,7,0,0.0,0.0,0.0,,,0,0,0,gtdb_only,0.0
UBA3254,0,0,0.0,0.0,7,7,0,0.0,0.0,0.0,,,0,0,0,gtdb_only,0.0
JAKIUO01,0,0,0.0,0.0,7,7,0,0.0,0.0,0.0,,,0,0,0,gtdb_only,0.0
UBA168,0,0,0.0,0.0,7,7,0,0.0,0.0,0.0,,,0,0,0,gtdb_only,0.0
HXMU1428-3,0,0,0.0,0.0,7,7,0,0.0,0.0,0.0,,,0,0,0,gtdb_only,0.0
1604HC,0,0,0.0,0.0,7,7,0,0.0,0.0,0.0,,,0,0,0,gtdb_only,0.0
JAHJDO01,0,0,0.0,0.0,7,7,0,0.0,0.0,0.0,,,0,0,0,gtdb_only,0.0
JABWCH01,0,0,0.0,0.0,7,7,0,0.0,0.0,0.0,,,0,0,0,gtdb_only,0.0
2-02-FULL-44-16,0,0,0.0,0.0,7,7,0,0.0,0.0,0.0,,,0,0,0,gtdb_only,0.0
SKUG01,0,0,0.0,0.0,7,7,0,0.0,0.0,0.0,,,0,0,0,gtdb_only,0.0
JAJDZL01,0,0,0.0,0.0,7,7,0,0.0,0.0,0.0,,,0,0,0,gtdb_only,0.0
RBG-16-39-9b,0,0,0.0,0.0,7,7,0,0.0,0.0,0.0,,,0,0,0,gtdb_only,0.0
JANLFM01,0,0,0.0,0.0,7,7,0,0.0,0.0,0.0,,,0,0,0,gtdb_only,0.0
DT-91,0,0,0.0,0.0,7,7,0,0.0,0.0,0.0,,,0,0,0,gtdb_only,0.0
UTPRO1,0,0,0.0,0.0,7,7,0,0.0,0.0,0.0,,,0,0,0,gtdb_only,0.0
JAOZFZ01,0,0,0.0,0.0,7,7,0,0.0,0.0,0.0,,,0,0,0,gtdb_only,0.0
WALL01,0,0,0.0,0.0,7,7,0,0.0,0.0,0.0,,,0,0,0,gtdb_only,0.0
UBA2245,0,0,0.0,0.0,7,7,0,0.0,0.0,0.0,,,0,0,0,gtdb_only,0.0
JAFGCY01,0,0,0.0,0.0,7,7,0,0.0,0.0,0.0,,,0,0,0,gtdb_only,0.0
B48-G16,0,0,0.0,0.0,7,7,0,0.0,0.0,0.0,,,0,0,0,gtdb_only,0.0
UBA12157,0,0,0.0,0.0,7,7,0,0.0,0.0,0.0,,,0,0,0,gtdb_only,0.0
JAFCDX01,0,0,0.0,0.0,7,7,0,0.0,0.0,0.0,,,0,0,0,gtdb_only,0.0
UBA912,0,0,0.0,0.0,7,7,0,0.0,0.0,0.0,,,0,0,0,gtdb_only,0.0
DUMJ01,0,0,0.0,0.0,7,7,0,0.0,0.0,0.0,,,0,0,0,gtdb_only,0.0
GWF2-38-69,0,0,0.0,0.0,7,7,0,0.0,0.0,0.0,,,0,0,0,gtdb_only,0.0
UBA12030,0,0,0.0,0.0,7,7,0,0.0,0.0,0.0,,,0,0,0,gtdb_only,0.0
Arandabacteraceae,0,0,0.0,0.0,7,7,0,0.0,0.0,0.0,,,0,0,0,gtdb_only,0.0
JACORV01,0,0,0.0,0.0,7,7,0,0.0,0.0,0.0,,,0,0,0,gtdb_only,0.0
DSPA01,0,0,0.0,0.0,7,7,0,0.0,0.0,0.0,,,0,0,0,gtdb_only,0.0
Haiyanarchaeaceae,0,0,0.0,0.0,7,7,0,0.0,0.0,0.0,,,0,0,0,gtdb_only,0.0
UBA11222,0,0,0.0,0.0,7,7,0,0.0,0.0,0.0,,,0,0,0,gtdb_only,0.0
WANQ01,0,0,0.0,0.0,7,7,0,0.0,0.0,0.0,,,0,0,0,gtdb_only,0.0
Porifericomitaceae,0,0,0.0,0.0,7,7,0,0.0,0.0,0.0,,,0,0,0,gtdb_only,0.0
2-01-FULL-39-13,0,0,0.0,0.0,7,7,0,0.0,0.0,0.0,,,0,0,0,gtdb_only,0.0
B24,0,0,0.0,0.0,7,7,0,0.0,0.0,0.0,,,0,0,0,gtdb_only,0.0
GWF2-39-127,0,0,0.0,0.0,7,7,0,0.0,0.0,0.0,,,0,0,0,gtdb_only,0.0
CG2-30-59-28,0,0,0.0,0.0,7,7,0,0.0,0.0,0.0,,,0,0,0,gtdb_only,0.0
JACMRA01,0,0,0.0,0.0,7,7,0,0.0,0.0,0.0,,,0,0,0,gtdb_only,0.0
GBS-1,0,0,0.0,0.0,7,7,0,0.0,0.0,0.0,,,0,0,0,gtdb_only,0.0
16-39-46,0,0,0.0,0.0,7,7,0,0.0,0.0,0.0,,,0,0,0,gtdb_only,0.0
UBA10003,0,0,0.0,0.0,7,7,0,0.0,0.0,0.0,,,0,0,0,gtdb_only,0.0
JADFVY01,0,0,0.0,0.0,7,7,0,0.0,0.0,0.0,,,0,0,0,gtdb_only,0.0
Lentisphaeraceae,0,0,0.0,0.0,7,7,0,0.0,0.0,0.0,,,0,0,0,gtdb_only,0.0
2-12-FULL-67-15,0,0,0.0,0.0,7,7,0,0.0,0.0,0.0,,,0,0,0,gtdb_only,0.0
2013Ark19i,0,0,0.0,0.0,7,7,0,0.0,0.0,0.0,,,0,0,0,gtdb_only,0.0
B14-G1,0,0,0.0,0.0,7,7,0,0.0,0.0,0.0,,,0,0,0,gtdb_only,0.0
Trichloromonadaceae,0,0,0.0,0.0,7,7,0,0.0,0.0,0.0,,,0,0,0,gtdb_only,0.0
JAAUTS01,0,0,0.0,0.0,7,7,0,0.0,0.0,0.0,,,0,0,0,gtdb_only,0.0
JAPOUT01,0,0,0.0,0.0,7,7,0,0.0,0.0,0.0,,,0,0,0,gtdb_only,0.0
Tumebacillaceae,0,0,0.0,0.0,7,7,0,0.0,0.0,0.0,,,0,0,0,gtdb_only,0.0
Labraceae,0,0,0.0,0.0,7,7,0,0.0,0.0,0.0,,,0,0,0,gtdb_only,0.0
Anaeroferrophillaceae,0,0,0.0,0.0,7,7,0,0.0,0.0,0.0,,,0,0,0,gtdb_only,0.0
2-02-FULL-48-16,0,0,0.0,0.0,7,7,0,0.0,0.0,0.0,,,0,0,0,gtdb_only,0.0
JAHIHE01,0,0,0.0,0.0,7,7,0,0.0,0.0,0.0,,,0,0,0,gtdb_only,0.0
XYB2-FULL-49-35,0,0,0.0,0.0,7,7,0,0.0,0.0,0.0,,,0,0,0,gtdb_only,0.0
Jingweiarchaeaceae,0,0,0.0,0.0,7,7,0,0.0,0.0,0.0,,,0,0,0,gtdb_only,0.0
CG2-30-33-46,0,0,0.0,0.0,7,7,0,0.0,0.0,0.0,,,0,0,0,gtdb_only,0.0
ZCTH02-B6,0,0,0.0,0.0,7,7,0,0.0,0.0,0.0,,,0,0,0,gtdb_only,0.0
TMED161,0,0,0.0,0.0,7,7,0,0.0,0.0,0.0,,,0,0,0,gtdb_only,0.0
JANBVM01,0,0,0.0,0.0,7,7,0,0.0,0.0,0.0,,,0,0,0,gtdb_only,0.0
Hopanoidiivorantaceae,0,0,0.0,0.0,7,7,0,0.0,0.0,0.0,,,0,0,0,gtdb_only,0.0
4484-219,0,0,0.0,0.0,7,7,0,0.0,0.0,0.0,,,0,0,0,gtdb_only,0.0
MH13,0,0,0.0,0.0,7,7,0,0.0,0.0,0.0,,,0,0,0,gtdb_only,0.0
SLMV01,0,0,0.0,0.0,7,7,0,0.0,0.0,0.0,,,0,0,0,gtdb_only,0.0
GCA-2746185,0,0,0.0,0.0,7,7,0,0.0,0.0,0.0,,,0,0,0,gtdb_only,0.0
Freyrarchaeaceae,0,0,0.0,0.0,7,7,0,0.0,0.0,0.0,,,0,0,0,gtdb_only,0.0
YIM-B00363,0,0,0.0,0.0,7,7,0,0.0,0.0,0.0,,,0,0,0,gtdb_only,0.0
DTU014,0,0,0.0,0.0,7,7,0,0.0,0.0,0.0,,,0,0,0,gtdb_only,0.0
JAADGY01,0,0,0.0,0.0,7,7,0,0.0,0.0,0.0,,,0,0,0,gtdb_only,0.0
JAFGRS01,0,0,0.0,0.0,7,7,0,0.0,0.0,0.0,,,0,0,0,gtdb_only,0.0
Hinthialibacteraceae,0,0,0.0,0.0,7,7,0,0.0,0.0,0.0,,,0,0,0,gtdb_only,0.0
DTEH01,0,0,0.0,0.0,7,7,0,0.0,0.0,0.0,,,0,0,0,gtdb_only,0.0
JAHJRV01,0,0,0.0,0.0,6,6,0,0.0,0.0,0.0,,,0,0,0,gtdb_only,0.0
UBA2394,0,0,0.0,0.0,6,6,0,0.0,0.0,0.0,,,0,0,0,gtdb_only,0.0
GWA2-58-10,0,0,0.0,0.0,6,6,0,0.0,0.0,0.0,,,0,0,0,gtdb_only,0.0
UBA12411,0,0,0.0,0.0,6,6,0,0.0,0.0,0.0,,,0,0,0,gtdb_only,0.0
UBA4811,0,0,0.0,0.0,6,6,0,0.0,0.0,0.0,,,0,0,0,gtdb_only,0.0
JABDEC01,0,0,0.0,0.0,6,6,0,0.0,0.0,0.0,,,0,0,0,gtdb_only,0.0
B18-G2,0,0,0.0,0.0,6,6,0,0.0,0.0,0.0,,,0,0,0,gtdb_only,0.0
JAJYDF01,0,0,0.0,0.0,6,6,0,0.0,0.0,0.0,,,0,0,0,gtdb_only,0.0
UBA7937,0,0,0.0,0.0,6,6,0,0.0,0.0,0.0,,,0,0,0,gtdb_only,0.0
JABHNK01,0,0,0.0,0.0,6,6,0,0.0,0.0,0.0,,,0,0,0,gtdb_only,0.0
NORP267,0,0,0.0,0.0,6,6,0,0.0,0.0,0.0,,,0,0,0,gtdb_only,0.0
JACQLN01,0,0,0.0,0.0,6,6,0,0.0,0.0,0.0,,,0,0,0,gtdb_only,0.0
WGAB01,0,0,0.0,0.0,6,6,0,0.0,0.0,0.0,,,0,0,0,gtdb_only,0.0
NM3,0,0,0.0,0.0,6,6,0,0.0,0.0,0.0,,,0,0,0,gtdb_only,0.0
JABDKH01,0,0,0.0,0.0,6,6,0,0.0,0.0,0.0,,,0,0,0,gtdb_only,0.0
JABAAW01,0,0,0.0,0.0,6,6,0,0.0,0.0,0.0,,,0,0,0,gtdb_only,0.0
UBA8317,0,0,0.0,0.0,6,6,0,0.0,0.0,0.0,,,0,0,0,gtdb_only,0.0
DTRM01,0,0,0.0,0.0,6,6,0,0.0,0.0,0.0,,,0,0,0,gtdb_only,0.0
GCA-2718715,0,0,0.0,0.0,6,6,0,0.0,0.0,0.0,,,0,0,0,gtdb_only,0.0
JAGLHV01,0,0,0.0,0.0,6,6,0,0.0,0.0,0.0,,,0,0,0,gtdb_only,0.0
MWCZ01,0,0,0.0,0.0,6,6,0,0.0,0.0,0.0,,,0,0,0,gtdb_only,0.0
9FT-COMBO-42-15,0,0,0.0,0.0,6,6,0,0.0,0.0,0.0,,,0,0,0,gtdb_only,0.0
BOG-932,0,0,0.0,0.0,6,6,0,0.0,0.0,0.0,,,0,0,0,gtdb_only,0.0
BMS3Bbin05,0,0,0.0,0.0,6,6,0,0.0,0.0,0.0,,,0,0,0,gtdb_only,0.0
GWF2-35-18,0,0,0.0,0.0,6,6,0,0.0,0.0,0.0,,,0,0,0,gtdb_only,0.0
Tepidibacillaceae,0,0,0.0,0.0,6,6,0,0.0,0.0,0.0,,,0,0,0,gtdb_only,0.0
Aceulaceae,0,0,0.0,0.0,6,6,0,0.0,0.0,0.0,,,0,0,0,gtdb_only,0.0
DSM-103792,0,0,0.0,0.0,6,6,0,0.0,0.0,0.0,,,0,0,0,gtdb_only,0.0
GWF2-33-38,0,0,0.0,0.0,6,6,0,0.0,0.0,0.0,,,0,0,0,gtdb_only,0.0
Novibacillaceae,0,0,0.0,0.0,6,6,0,0.0,0.0,0.0,,,0,0,0,gtdb_only,0.0
VXPC01,0,0,0.0,0.0,6,6,0,0.0,0.0,0.0,,,0,0,0,gtdb_only,0.0
JAKQTR01,0,0,0.0,0.0,6,6,0,0.0,0.0,0.0,,,0,0,0,gtdb_only,0.0
VEQN01,0,0,0.0,0.0,6,6,0,0.0,0.0,0.0,,,0,0,0,gtdb_only,0.0
CGMCC-115125,0,0,0.0,0.0,6,6,0,0.0,0.0,0.0,,,0,0,0,gtdb_only,0.0
DSM-5807,0,0,0.0,0.0,6,6,0,0.0,0.0,0.0,,,0,0,0,gtdb_only,0.0
JAKEHA01,0,0,0.0,0.0,6,6,0,0.0,0.0,0.0,,,0,0,0,gtdb_only,0.0
UBA5297,0,0,0.0,0.0,6,6,0,0.0,0.0,0.0,,,0,0,0,gtdb_only,0.0
UM-FILTER-53-11,0,0,0.0,0.0,6,6,0,0.0,0.0,0.0,,,0,0,0,gtdb_only,0.0
JAISNN01,0,0,0.0,0.0,6,6,0,0.0,0.0,0.0,,,0,0,0,gtdb_only,0.0
JAGQZY01,0,0,0.0,0.0,6,6,0,0.0,0.0,0.0,,,0,0,0,gtdb_only,0.0
Xylanivirgaceae,0,0,0.0,0.0,6,6,0,0.0,0.0,0.0,,,0,0,0,gtdb_only,0.0
VFKH01,0,0,0.0,0.0,6,6,0,0.0,0.0,0.0,,,0,0,0,gtdb_only,0.0
WAPY01,0,0,0.0,0.0,6,6,0,0.0,0.0,0.0,,,0,0,0,gtdb_only,0.0
JAEDCM01,0,0,0.0,0.0,6,6,0,0.0,0.0,0.0,,,0,0,0,gtdb_only,0.0
Natronospiraceae,0,0,0.0,0.0,6,6,0,0.0,0.0,0.0,,,0,0,0,gtdb_only,0.0
VGCI01,0,0,0.0,0.0,6,6,0,0.0,0.0,0.0,,,0,0,0,gtdb_only,0.0
UBA9988,0,0,0.0,0.0,6,6,0,0.0,0.0,0.0,,,0,0,0,gtdb_only,0.0
Acidihalobacteraceae,0,0,0.0,0.0,6,6,0,0.0,0.0,0.0,,,0,0,0,gtdb_only,0.0
JAJVHW01,0,0,0.0,0.0,6,6,0,0.0,0.0,0.0,,,0,0,0,gtdb_only,0.0
GW2011-AR10,0,0,0.0,0.0,6,6,0,0.0,0.0,0.0,,,0,0,0,gtdb_only,0.0
GWF2-35-48,0,0,0.0,0.0,6,6,0,0.0,0.0,0.0,,,0,0,0,gtdb_only,0.0
JAHJOQ01,0,0,0.0,0.0,6,6,0,0.0,0.0,0.0,,,0,0,0,gtdb_only,0.0
DY22613,0,0,0.0,0.0,6,6,0,0.0,0.0,0.0,,,0,0,0,gtdb_only,0.0
CG2-30-36-38,0,0,0.0,0.0,6,6,0,0.0,0.0,0.0,,,0,0,0,gtdb_only,0.0
MWCT01,0,0,0.0,0.0,6,6,0,0.0,0.0,0.0,,,0,0,0,gtdb_only,0.0
H02-45-28,0,0,0.0,0.0,6,6,0,0.0,0.0,0.0,,,0,0,0,gtdb_only,0.0
Undinarchaeaceae,0,0,0.0,0.0,6,6,0,0.0,0.0,0.0,,,0,0,0,gtdb_only,0.0
JACIWG01,0,0,0.0,0.0,6,6,0,0.0,0.0,0.0,,,0,0,0,gtdb_only,0.0
SHXO01,0,0,0.0,0.0,6,6,0,0.0,0.0,0.0,,,0,0,0,gtdb_only,0.0
JAADEF01,0,0,0.0,0.0,6,6,0,0.0,0.0,0.0,,,0,0,0,gtdb_only,0.0
UBA1558,0,0,0.0,0.0,6,6,0,0.0,0.0,0.0,,,0,0,0,gtdb_only,0.0
CAJBMM01,0,0,0.0,0.0,6,6,0,0.0,0.0,0.0,,,0,0,0,gtdb_only,0.0
JABGUJ01,0,0,0.0,0.0,6,6,0,0.0,0.0,0.0,,,0,0,0,gtdb_only,0.0
JAFGSV01,0,0,0.0,0.0,6,6,0,0.0,0.0,0.0,,,0,0,0,gtdb_only,0.0
Halofilaceae,0,0,0.0,0.0,6,6,0,0.0,0.0,0.0,,,0,0,0,gtdb_only,0.0
JACKCT01,0,0,0.0,0.0,6,6,0,0.0,0.0,0.0,,,0,0,0,gtdb_only,0.0
JAEUOS01,0,0,0.0,0.0,6,6,0,0.0,0.0,0.0,,,0,0,0,gtdb_only,0.0
JABCZS01,0,0,0.0,0.0,6,6,0,0.0,0.0,0.0,,,0,0,0,gtdb_only,0.0
0-14-0-10-38-17,0,0,0.0,0.0,6,6,0,0.0,0.0,0.0,,,0,0,0,gtdb_only,0.0
DSMQ01,0,0,0.0,0.0,6,6,0,0.0,0.0,0.0,,,0,0,0,gtdb_only,0.0
Dehalobacteriaceae,0,0,0.0,0.0,6,6,0,0.0,0.0,0.0,,,0,0,0,gtdb_only,0.0
Tagabacteraceae,0,0,0.0,0.0,6,6,0,0.0,0.0,0.0,,,0,0,0,gtdb_only,0.0
H02-43-30,0,0,0.0,0.0,6,6,0,0.0,0.0,0.0,,,0,0,0,gtdb_only,0.0
IGHO2-12-FULL-4,0,0,0.0,0.0,6,6,0,0.0,0.0,0.0,,,0,0,0,gtdb_only,0.0
JAMOAD01,0,0,0.0,0.0,6,6,0,0.0,0.0,0.0,,,0,0,0,gtdb_only,0.0
JAABVY01,0,0,0.0,0.0,6,6,0,0.0,0.0,0.0,,,0,0,0,gtdb_only,0.0
UBA8468,0,0,0.0,0.0,6,6,0,0.0,0.0,0.0,,,0,0,0,gtdb_only,0.0
RBG-16-57-12,0,0,0.0,0.0,6,6,0,0.0,0.0,0.0,,,0,0,0,gtdb_only,0.0
CALZJG01,0,0,0.0,0.0,6,6,0,0.0,0.0,0.0,,,0,0,0,gtdb_only,0.0
UBA6624,0,0,0.0,0.0,6,6,0,0.0,0.0,0.0,,,0,0,0,gtdb_only,0.0
UBA729,0,0,0.0,0.0,6,6,0,0.0,0.0,0.0,,,0,0,0,gtdb_only,0.0
JABUFB01,0,0,0.0,0.0,6,6,0,0.0,0.0,0.0,,,0,0,0,gtdb_only,0.0
UBA1433,0,0,0.0,0.0,6,6,0,0.0,0.0,0.0,,,0,0,0,gtdb_only,0.0
CAILAD01,0,0,0.0,0.0,6,6,0,0.0,0.0,0.0,,,0,0,0,gtdb_only,0.0
HTCC5015,0,0,0.0,0.0,6,6,0,0.0,0.0,0.0,,,0,0,0,gtdb_only,0.0
HLUCCA01,0,0,0.0,0.0,6,6,0,0.0,0.0,0.0,,,0,0,0,gtdb_only,0.0
JADFUO01,0,0,0.0,0.0,6,6,0,0.0,0.0,0.0,,,0,0,0,gtdb_only,0.0
ST65,0,0,0.0,0.0,6,6,0,0.0,0.0,0.0,,,0,0,0,gtdb_only,0.0
MVZB01,0,0,0.0,0.0,6,6,0,0.0,0.0,0.0,,,0,0,0,gtdb_only,0.0
WSZJ01,0,0,0.0,0.0,6,6,0,0.0,0.0,0.0,,,0,0,0,gtdb_only,0.0
CAIRSR01,0,0,0.0,0.0,6,6,0,0.0,0.0,0.0,,,0,0,0,gtdb_only,0.0
UBA6940,0,0,0.0,0.0,6,6,0,0.0,0.0,0.0,,,0,0,0,gtdb_only,0.0
JAFGHF01,0,0,0.0,0.0,6,6,0,0.0,0.0,0.0,,,0,0,0,gtdb_only,0.0
UBA8477,0,0,0.0,0.0,6,6,0,0.0,0.0,0.0,,,0,0,0,gtdb_only,0.0
DUVY01,0,0,0.0,0.0,6,6,0,0.0,0.0,0.0,,,0,0,0,gtdb_only,0.0
UBA8558,0,0,0.0,0.0,6,6,0,0.0,0.0,0.0,,,0,0,0,gtdb_only,0.0
UBA11320,0,0,0.0,0.0,6,6,0,0.0,0.0,0.0,,,0,0,0,gtdb_only,0.0
RFPC01,0,0,0.0,0.0,6,6,0,0.0,0.0,0.0,,,0,0,0,gtdb_only,0.0
GCA-2716585,0,0,0.0,0.0,6,6,0,0.0,0.0,0.0,,,0,0,0,gtdb_only,0.0
UM-FILTER-40-11,0,0,0.0,0.0,6,6,0,0.0,0.0,0.0,,,0,0,0,gtdb_only,0.0
CAIZMI01,0,0,0.0,0.0,6,6,0,0.0,0.0,0.0,,,0,0,0,gtdb_only,0.0
UBA2294,0,0,0.0,0.0,6,6,0,0.0,0.0,0.0,,,0,0,0,gtdb_only,0.0
JADJEK01,0,0,0.0,0.0,6,6,0,0.0,0.0,0.0,,,0,0,0,gtdb_only,0.0
SURF-15,0,0,0.0,0.0,6,6,0,0.0,0.0,0.0,,,0,0,0,gtdb_only,0.0
JABIRX01,0,0,0.0,0.0,6,6,0,0.0,0.0,0.0,,,0,0,0,gtdb_only,0.0
UBA1147,0,0,0.0,0.0,6,6,0,0.0,0.0,0.0,,,0,0,0,gtdb_only,0.0
PEXW01,0,0,0.0,0.0,6,6,0,0.0,0.0,0.0,,,0,0,0,gtdb_only,0.0
Syntrophothermaceae,0,0,0.0,0.0,6,6,0,0.0,0.0,0.0,,,0,0,0,gtdb_only,0.0
UBA12420,0,0,0.0,0.0,6,6,0,0.0,0.0,0.0,,,0,0,0,gtdb_only,0.0
CG2-30-32-10,0,0,0.0,0.0,6,6,0,0.0,0.0,0.0,,,0,0,0,gtdb_only,0.0
DUOF01,0,0,0.0,0.0,6,6,0,0.0,0.0,0.0,,,0,0,0,gtdb_only,0.0
UBA1149,0,0,0.0,0.0,6,6,0,0.0,0.0,0.0,,,0,0,0,gtdb_only,0.0
F1-80-MAGS106,0,0,0.0,0.0,6,6,0,0.0,0.0,0.0,,,0,0,0,gtdb_only,0.0
2-12-FULL-57-11,0,0,0.0,0.0,6,6,0,0.0,0.0,0.0,,,0,0,0,gtdb_only,0.0
UBA7916,0,0,0.0,0.0,6,6,0,0.0,0.0,0.0,,,0,0,0,gtdb_only,0.0
JAMLIO01,0,0,0.0,0.0,6,6,0,0.0,0.0,0.0,,,0,0,0,gtdb_only,0.0
VXLM01,0,0,0.0,0.0,6,6,0,0.0,0.0,0.0,,,0,0,0,gtdb_only,0.0
GWA2-38-11,0,0,0.0,0.0,6,6,0,0.0,0.0,0.0,,,0,0,0,gtdb_only,0.0
JAJZJN01,0,0,0.0,0.0,6,6,0,0.0,0.0,0.0,,,0,0,0,gtdb_only,0.0
UBA7656,0,0,0.0,0.0,6,6,0,0.0,0.0,0.0,,,0,0,0,gtdb_only,0.0
JAEULC01,0,0,0.0,0.0,6,6,0,0.0,0.0,0.0,,,0,0,0,gtdb_only,0.0
UBA10806,0,0,0.0,0.0,6,6,0,0.0,0.0,0.0,,,0,0,0,gtdb_only,0.0
SCKK01,0,0,0.0,0.0,6,6,0,0.0,0.0,0.0,,,0,0,0,gtdb_only,0.0
Kaelpiaceae,0,0,0.0,0.0,6,6,0,0.0,0.0,0.0,,,0,0,0,gtdb_only,0.0
RUG844,0,0,0.0,0.0,6,6,0,0.0,0.0,0.0,,,0,0,0,gtdb_only,0.0
S139-112,0,0,0.0,0.0,6,6,0,0.0,0.0,0.0,,,0,0,0,gtdb_only,0.0
JACIVX01,0,0,0.0,0.0,6,6,0,0.0,0.0,0.0,,,0,0,0,gtdb_only,0.0
RBG-13-66-14,0,0,0.0,0.0,6,6,0,0.0,0.0,0.0,,,0,0,0,gtdb_only,0.0
JAJXZI01,0,0,0.0,0.0,6,6,0,0.0,0.0,0.0,,,0,0,0,gtdb_only,0.0
DTU086,0,0,0.0,0.0,6,6,0,0.0,0.0,0.0,,,0,0,0,gtdb_only,0.0
JABJEI01,0,0,0.0,0.0,6,6,0,0.0,0.0,0.0,,,0,0,0,gtdb_only,0.0
JAHIVO01,0,0,0.0,0.0,6,6,0,0.0,0.0,0.0,,,0,0,0,gtdb_only,0.0
CAIXZF01,0,0,0.0,0.0,6,6,0,0.0,0.0,0.0,,,0,0,0,gtdb_only,0.0
Caldalkalibacillaceae,0,0,0.0,0.0,6,6,0,0.0,0.0,0.0,,,0,0,0,gtdb_only,0.0
JAISNW01,0,0,0.0,0.0,6,6,0,0.0,0.0,0.0,,,0,0,0,gtdb_only,0.0
UBA11717,0,0,0.0,0.0,6,6,0,0.0,0.0,0.0,,,0,0,0,gtdb_only,0.0
JALYUS01,0,0,0.0,0.0,6,6,0,0.0,0.0,0.0,,,0,0,0,gtdb_only,0.0
UBA6503,0,0,0.0,0.0,6,6,0,0.0,0.0,0.0,,,0,0,0,gtdb_only,0.0
GWA2-47-10b,0,0,0.0,0.0,6,6,0,0.0,0.0,0.0,,,0,0,0,gtdb_only,0.0
RECH01,0,0,0.0,0.0,6,6,0,0.0,0.0,0.0,,,0,0,0,gtdb_only,0.0
JAGQHJ01,0,0,0.0,0.0,6,6,0,0.0,0.0,0.0,,,0,0,0,gtdb_only,0.0
S143-82,0,0,0.0,0.0,6,6,0,0.0,0.0,0.0,,,0,0,0,gtdb_only,0.0
DSM-4216,0,0,0.0,0.0,6,6,0,0.0,0.0,0.0,,,0,0,0,gtdb_only,0.0
JABDMI01,0,0,0.0,0.0,6,6,0,0.0,0.0,0.0,,,0,0,0,gtdb_only,0.0
UBA12178,0,0,0.0,0.0,6,6,0,0.0,0.0,0.0,,,0,0,0,gtdb_only,0.0
Auribacteraceae,0,0,0.0,0.0,6,6,0,0.0,0.0,0.0,,,0,0,0,gtdb_only,0.0
SG8-11,0,0,0.0,0.0,6,6,0,0.0,0.0,0.0,,,0,0,0,gtdb_only,0.0
JAFDHD01,0,0,0.0,0.0,6,6,0,0.0,0.0,0.0,,,0,0,0,gtdb_only,0.0
JAAYZQ01,0,0,0.0,0.0,6,6,0,0.0,0.0,0.0,,,0,0,0,gtdb_only,0.0
JAHWKV01,0,0,0.0,0.0,6,6,0,0.0,0.0,0.0,,,0,0,0,gtdb_only,0.0
UBA6098,0,0,0.0,0.0,6,6,0,0.0,0.0,0.0,,,0,0,0,gtdb_only,0.0
GWE2-39-37,0,0,0.0,0.0,6,6,0,0.0,0.0,0.0,,,0,0,0,gtdb_only,0.0
H02-43-120,0,0,0.0,0.0,6,6,0,0.0,0.0,0.0,,,0,0,0,gtdb_only,0.0
Criblamydiaceae,0,0,0.0,0.0,6,6,0,0.0,0.0,0.0,,,0,0,0,gtdb_only,0.0
UBA9989,0,0,0.0,0.0,5,5,0,0.0,0.0,0.0,,,0,0,0,gtdb_only,0.0
JAJDGJ01,0,0,0.0,0.0,5,5,0,0.0,0.0,0.0,,,0,0,0,gtdb_only,0.0
Aestuariirhabdaceae,0,0,0.0,0.0,5,5,0,0.0,0.0,0.0,,,0,0,0,gtdb_only,0.0
Oleimmundimicrobiaceae,0,0,0.0,0.0,5,5,0,0.0,0.0,0.0,,,0,0,0,gtdb_only,0.0
Syntropharchaeaceae,0,0,0.0,0.0,5,5,0,0.0,0.0,0.0,,,0,0,0,gtdb_only,0.0
GCA-900066905,0,0,0.0,0.0,5,5,0,0.0,0.0,0.0,,,0,0,0,gtdb_only,0.0
B15-G9,0,0,0.0,0.0,5,5,0,0.0,0.0,0.0,,,0,0,0,gtdb_only,0.0
PLA2,0,0,0.0,0.0,5,5,0,0.0,0.0,0.0,,,0,0,0,gtdb_only,0.0
CSBR16-193,0,0,0.0,0.0,5,5,0,0.0,0.0,0.0,,,0,0,0,gtdb_only,0.0
SMYD01,0,0,0.0,0.0,5,5,0,0.0,0.0,0.0,,,0,0,0,gtdb_only,0.0
RBG-13-36-15,0,0,0.0,0.0,5,5,0,0.0,0.0,0.0,,,0,0,0,gtdb_only,0.0
33-17,0,0,0.0,0.0,5,5,0,0.0,0.0,0.0,,,0,0,0,gtdb_only,0.0
DRKV01,0,0,0.0,0.0,5,5,0,0.0,0.0,0.0,,,0,0,0,gtdb_only,0.0
UBA12473,0,0,0.0,0.0,5,5,0,0.0,0.0,0.0,,,0,0,0,gtdb_only,0.0
JACKPQ01,0,0,0.0,0.0,5,5,0,0.0,0.0,0.0,,,0,0,0,gtdb_only,0.0
SZUA-149,0,0,0.0,0.0,5,5,0,0.0,0.0,0.0,,,0,0,0,gtdb_only,0.0
G020346125,0,0,0.0,0.0,5,5,0,0.0,0.0,0.0,,,0,0,0,gtdb_only,0.0
JAADFF01,0,0,0.0,0.0,5,5,0,0.0,0.0,0.0,,,0,0,0,gtdb_only,0.0
JAIRMZ01,0,0,0.0,0.0,5,5,0,0.0,0.0,0.0,,,0,0,0,gtdb_only,0.0
WFZT01,0,0,0.0,0.0,5,5,0,0.0,0.0,0.0,,,0,0,0,gtdb_only,0.0
JAABSP01,0,0,0.0,0.0,5,5,0,0.0,0.0,0.0,,,0,0,0,gtdb_only,0.0
JACQXS01,0,0,0.0,0.0,5,5,0,0.0,0.0,0.0,,,0,0,0,gtdb_only,0.0
SA4,0,0,0.0,0.0,5,5,0,0.0,0.0,0.0,,,0,0,0,gtdb_only,0.0
JACQBW01,0,0,0.0,0.0,5,5,0,0.0,0.0,0.0,,,0,0,0,gtdb_only,0.0
DUEN01,0,0,0.0,0.0,5,5,0,0.0,0.0,0.0,,,0,0,0,gtdb_only,0.0
GM7GCV1,0,0,0.0,0.0,5,5,0,0.0,0.0,0.0,,,0,0,0,gtdb_only,0.0
JAAYPU01,0,0,0.0,0.0,5,5,0,0.0,0.0,0.0,,,0,0,0,gtdb_only,0.0
UBA1908,0,0,0.0,0.0,5,5,0,0.0,0.0,0.0,,,0,0,0,gtdb_only,0.0
UM-FILTER-42-10,0,0,0.0,0.0,5,5,0,0.0,0.0,0.0,,,0,0,0,gtdb_only,0.0
JACPZZ01,0,0,0.0,0.0,5,5,0,0.0,0.0,0.0,,,0,0,0,gtdb_only,0.0
SM23-28-2,0,0,0.0,0.0,5,5,0,0.0,0.0,0.0,,,0,0,0,gtdb_only,0.0
AQU-01,0,0,0.0,0.0,5,5,0,0.0,0.0,0.0,,,0,0,0,gtdb_only,0.0
JACCXJ01,0,0,0.0,0.0,5,5,0,0.0,0.0,0.0,,,0,0,0,gtdb_only,0.0
JAADHS01,0,0,0.0,0.0,5,5,0,0.0,0.0,0.0,,,0,0,0,gtdb_only,0.0
BJHT01,0,0,0.0,0.0,5,5,0,0.0,0.0,0.0,,,0,0,0,gtdb_only,0.0
Acidilutibacteraceae,0,0,0.0,0.0,5,5,0,0.0,0.0,0.0,,,0,0,0,gtdb_only,0.0
SKUL01,0,0,0.0,0.0,5,5,0,0.0,0.0,0.0,,,0,0,0,gtdb_only,0.0
JAADHT01,0,0,0.0,0.0,5,5,0,0.0,0.0,0.0,,,0,0,0,gtdb_only,0.0
Ch27,0,0,0.0,0.0,5,5,0,0.0,0.0,0.0,,,0,0,0,gtdb_only,0.0
HRBIN24,0,0,0.0,0.0,5,5,0,0.0,0.0,0.0,,,0,0,0,gtdb_only,0.0
ARS1013,0,0,0.0,0.0,5,5,0,0.0,0.0,0.0,,,0,0,0,gtdb_only,0.0
JAADHQ01,0,0,0.0,0.0,5,5,0,0.0,0.0,0.0,,,0,0,0,gtdb_only,0.0
RGIG982,0,0,0.0,0.0,5,5,0,0.0,0.0,0.0,,,0,0,0,gtdb_only,0.0
CAIWXQ01,0,0,0.0,0.0,5,5,0,0.0,0.0,0.0,,,0,0,0,gtdb_only,0.0
UBA10988,0,0,0.0,0.0,5,5,0,0.0,0.0,0.0,,,0,0,0,gtdb_only,0.0
21-14-all-36-13,0,0,0.0,0.0,5,5,0,0.0,0.0,0.0,,,0,0,0,gtdb_only,0.0
GCA-002724975,0,0,0.0,0.0,5,5,0,0.0,0.0,0.0,,,0,0,0,gtdb_only,0.0
JAGOGO01,0,0,0.0,0.0,5,5,0,0.0,0.0,0.0,,,0,0,0,gtdb_only,0.0
CADEER01,0,0,0.0,0.0,5,5,0,0.0,0.0,0.0,,,0,0,0,gtdb_only,0.0
JADFWA01,0,0,0.0,0.0,5,5,0,0.0,0.0,0.0,,,0,0,0,gtdb_only,0.0
GCA-2721815,0,0,0.0,0.0,5,5,0,0.0,0.0,0.0,,,0,0,0,gtdb_only,0.0
JACRGP01,0,0,0.0,0.0,5,5,0,0.0,0.0,0.0,,,0,0,0,gtdb_only,0.0
1-14-0-10-31-34,0,0,0.0,0.0,5,5,0,0.0,0.0,0.0,,,0,0,0,gtdb_only,0.0
JABGVJ01,0,0,0.0,0.0,5,5,0,0.0,0.0,0.0,,,0,0,0,gtdb_only,0.0
UBA11705,0,0,0.0,0.0,5,5,0,0.0,0.0,0.0,,,0,0,0,gtdb_only,0.0
DTGW01,0,0,0.0,0.0,5,5,0,0.0,0.0,0.0,,,0,0,0,gtdb_only,0.0
GCA-002791395,0,0,0.0,0.0,5,5,0,0.0,0.0,0.0,,,0,0,0,gtdb_only,0.0
JAGNIJ01,0,0,0.0,0.0,5,5,0,0.0,0.0,0.0,,,0,0,0,gtdb_only,0.0
UBA1384,0,0,0.0,0.0,5,5,0,0.0,0.0,0.0,,,0,0,0,gtdb_only,0.0
M55B127,0,0,0.0,0.0,5,5,0,0.0,0.0,0.0,,,0,0,0,gtdb_only,0.0
SBBC01,0,0,0.0,0.0,5,5,0,0.0,0.0,0.0,,,0,0,0,gtdb_only,0.0
Latescibacteraceae,0,0,0.0,0.0,5,5,0,0.0,0.0,0.0,,,0,0,0,gtdb_only,0.0
WCHB1-27,0,0,0.0,0.0,5,5,0,0.0,0.0,0.0,,,0,0,0,gtdb_only,0.0
JABJKH01,0,0,0.0,0.0,5,5,0,0.0,0.0,0.0,,,0,0,0,gtdb_only,0.0
JABICX01,0,0,0.0,0.0,5,5,0,0.0,0.0,0.0,,,0,0,0,gtdb_only,0.0
CANJXF01,0,0,0.0,0.0,5,5,0,0.0,0.0,0.0,,,0,0,0,gtdb_only,0.0
4be13,0,0,0.0,0.0,5,5,0,0.0,0.0,0.0,,,0,0,0,gtdb_only,0.0
Proteiniboraceae,0,0,0.0,0.0,5,5,0,0.0,0.0,0.0,,,0,0,0,gtdb_only,0.0
CSSED10-335,0,0,0.0,0.0,5,5,0,0.0,0.0,0.0,,,0,0,0,gtdb_only,0.0
UBA1551,0,0,0.0,0.0,5,5,0,0.0,0.0,0.0,,,0,0,0,gtdb_only,0.0
Palsa-1178,0,0,0.0,0.0,5,5,0,0.0,0.0,0.0,,,0,0,0,gtdb_only,0.0
AKS1,0,0,0.0,0.0,5,5,0,0.0,0.0,0.0,,,0,0,0,gtdb_only,0.0
4484-211,0,0,0.0,0.0,5,5,0,0.0,0.0,0.0,,,0,0,0,gtdb_only,0.0
WJIX01,0,0,0.0,0.0,5,5,0,0.0,0.0,0.0,,,0,0,0,gtdb_only,0.0
UBA817,0,0,0.0,0.0,5,5,0,0.0,0.0,0.0,,,0,0,0,gtdb_only,0.0
HO2-48-17,0,0,0.0,0.0,5,5,0,0.0,0.0,0.0,,,0,0,0,gtdb_only,0.0
HEL-GB-A,0,0,0.0,0.0,5,5,0,0.0,0.0,0.0,,,0,0,0,gtdb_only,0.0
GWC2-36-17,0,0,0.0,0.0,5,5,0,0.0,0.0,0.0,,,0,0,0,gtdb_only,0.0
WVXT01,0,0,0.0,0.0,5,5,0,0.0,0.0,0.0,,,0,0,0,gtdb_only,0.0
JACRDR01,0,0,0.0,0.0,5,5,0,0.0,0.0,0.0,,,0,0,0,gtdb_only,0.0
CAJXCL01,0,0,0.0,0.0,5,5,0,0.0,0.0,0.0,,,0,0,0,gtdb_only,0.0
LFW-46,0,0,0.0,0.0,5,5,0,0.0,0.0,0.0,,,0,0,0,gtdb_only,0.0
DSUL01,0,0,0.0,0.0,5,5,0,0.0,0.0,0.0,,,0,0,0,gtdb_only,0.0
JAFGAQ01,0,0,0.0,0.0,5,5,0,0.0,0.0,0.0,,,0,0,0,gtdb_only,0.0
JAAYCJ01,0,0,0.0,0.0,5,5,0,0.0,0.0,0.0,,,0,0,0,gtdb_only,0.0
DREG01,0,0,0.0,0.0,5,5,0,0.0,0.0,0.0,,,0,0,0,gtdb_only,0.0
JAGHBM01,0,0,0.0,0.0,5,5,0,0.0,0.0,0.0,,,0,0,0,gtdb_only,0.0
JAACPR01,0,0,0.0,0.0,5,5,0,0.0,0.0,0.0,,,0,0,0,gtdb_only,0.0
JAKAKT01,0,0,0.0,0.0,5,5,0,0.0,0.0,0.0,,,0,0,0,gtdb_only,0.0
WAPT01,0,0,0.0,0.0,5,5,0,0.0,0.0,0.0,,,0,0,0,gtdb_only,0.0
DXJG01,0,0,0.0,0.0,5,5,0,0.0,0.0,0.0,,,0,0,0,gtdb_only,0.0
JAHEYN01,0,0,0.0,0.0,5,5,0,0.0,0.0,0.0,,,0,0,0,gtdb_only,0.0
WRJC01,0,0,0.0,0.0,5,5,0,0.0,0.0,0.0,,,0,0,0,gtdb_only,0.0
UBA2766,0,0,0.0,0.0,5,5,0,0.0,0.0,0.0,,,0,0,0,gtdb_only,0.0
JAHIZJ01,0,0,0.0,0.0,5,5,0,0.0,0.0,0.0,,,0,0,0,gtdb_only,0.0
1-14-0-10-43-13,0,0,0.0,0.0,5,5,0,0.0,0.0,0.0,,,0,0,0,gtdb_only,0.0
M10-OD1-4,0,0,0.0,0.0,5,5,0,0.0,0.0,0.0,,,0,0,0,gtdb_only,0.0
JAHJRX01,0,0,0.0,0.0,5,5,0,0.0,0.0,0.0,,,0,0,0,gtdb_only,0.0
RBG-16-64-43,0,0,0.0,0.0,5,5,0,0.0,0.0,0.0,,,0,0,0,gtdb_only,0.0
SMXP01,0,0,0.0,0.0,5,5,0,0.0,0.0,0.0,,,0,0,0,gtdb_only,0.0
CAJWLW01,0,0,0.0,0.0,5,5,0,0.0,0.0,0.0,,,0,0,0,gtdb_only,0.0
F11,0,0,0.0,0.0,5,5,0,0.0,0.0,0.0,,,0,0,0,gtdb_only,0.0
DSFT01,0,0,0.0,0.0,5,5,0,0.0,0.0,0.0,,,0,0,0,gtdb_only,0.0
JAGOUN01,0,0,0.0,0.0,5,5,0,0.0,0.0,0.0,,,0,0,0,gtdb_only,0.0
JAHKAQ01,0,0,0.0,0.0,5,5,0,0.0,0.0,0.0,,,0,0,0,gtdb_only,0.0
UBA6595,0,0,0.0,0.0,5,5,0,0.0,0.0,0.0,,,0,0,0,gtdb_only,0.0
JAUVQD01,0,0,0.0,0.0,5,5,0,0.0,0.0,0.0,,,0,0,0,gtdb_only,0.0
UBA3067,0,0,0.0,0.0,5,5,0,0.0,0.0,0.0,,,0,0,0,gtdb_only,0.0
JAFGRV01,0,0,0.0,0.0,5,5,0,0.0,0.0,0.0,,,0,0,0,gtdb_only,0.0
PH28-bin88,0,0,0.0,0.0,5,5,0,0.0,0.0,0.0,,,0,0,0,gtdb_only,0.0
Thermaerobacteraceae,0,0,0.0,0.0,5,5,0,0.0,0.0,0.0,,,0,0,0,gtdb_only,0.0
Mahellaceae,0,0,0.0,0.0,5,5,0,0.0,0.0,0.0,,,0,0,0,gtdb_only,0.0
2-02-FULL-43-11,0,0,0.0,0.0,5,5,0,0.0,0.0,0.0,,,0,0,0,gtdb_only,0.0
1-14-0-10-44-23,0,0,0.0,0.0,5,5,0,0.0,0.0,0.0,,,0,0,0,gtdb_only,0.0
JABDKJ01,0,0,0.0,0.0,5,5,0,0.0,0.0,0.0,,,0,0,0,gtdb_only,0.0
JAKAHB01,0,0,0.0,0.0,5,5,0,0.0,0.0,0.0,,,0,0,0,gtdb_only,0.0
RBG-13-43-22,0,0,0.0,0.0,5,5,0,0.0,0.0,0.0,,,0,0,0,gtdb_only,0.0
WRAU01,0,0,0.0,0.0,5,5,0,0.0,0.0,0.0,,,0,0,0,gtdb_only,0.0
JAKLFG01,0,0,0.0,0.0,5,5,0,0.0,0.0,0.0,,,0,0,0,gtdb_only,0.0
JAAZHW01,0,0,0.0,0.0,5,5,0,0.0,0.0,0.0,,,0,0,0,gtdb_only,0.0
Mnemosynellaceae,0,0,0.0,0.0,5,5,0,0.0,0.0,0.0,,,0,0,0,gtdb_only,0.0
CALWSW01,0,0,0.0,0.0,5,5,0,0.0,0.0,0.0,,,0,0,0,gtdb_only,0.0
DTJY01,0,0,0.0,0.0,5,5,0,0.0,0.0,0.0,,,0,0,0,gtdb_only,0.0
RSA5,0,0,0.0,0.0,5,5,0,0.0,0.0,0.0,,,0,0,0,gtdb_only,0.0
JAKAMI01,0,0,0.0,0.0,5,5,0,0.0,0.0,0.0,,,0,0,0,gtdb_only,0.0
CAJXJZ01,0,0,0.0,0.0,5,5,0,0.0,0.0,0.0,,,0,0,0,gtdb_only,0.0
DTOW01,0,0,0.0,0.0,5,5,0,0.0,0.0,0.0,,,0,0,0,gtdb_only,0.0
B10-G16,0,0,0.0,0.0,5,5,0,0.0,0.0,0.0,,,0,0,0,gtdb_only,0.0
UBA1398,0,0,0.0,0.0,5,5,0,0.0,0.0,0.0,,,0,0,0,gtdb_only,0.0
JAPHTL01,0,0,0.0,0.0,5,5,0,0.0,0.0,0.0,,,0,0,0,gtdb_only,0.0
EX4484-52,0,0,0.0,0.0,5,5,0,0.0,0.0,0.0,,,0,0,0,gtdb_only,0.0
JAHWKO01,0,0,0.0,0.0,5,5,0,0.0,0.0,0.0,,,0,0,0,gtdb_only,0.0
CAILAH01,0,0,0.0,0.0,5,5,0,0.0,0.0,0.0,,,0,0,0,gtdb_only,0.0
RGXB01,0,0,0.0,0.0,5,5,0,0.0,0.0,0.0,,,0,0,0,gtdb_only,0.0
2-02-FULL-48-12,0,0,0.0,0.0,5,5,0,0.0,0.0,0.0,,,0,0,0,gtdb_only,0.0
PWGO01,0,0,0.0,0.0,5,5,0,0.0,0.0,0.0,,,0,0,0,gtdb_only,0.0
Ghiorseimicrobiaceae,0,0,0.0,0.0,5,5,0,0.0,0.0,0.0,,,0,0,0,gtdb_only,0.0
JAGPMH01,0,0,0.0,0.0,5,5,0,0.0,0.0,0.0,,,0,0,0,gtdb_only,0.0
Effusibacillaceae,0,0,0.0,0.0,5,5,0,0.0,0.0,0.0,,,0,0,0,gtdb_only,0.0
DG-74-3,0,0,0.0,0.0,5,5,0,0.0,0.0,0.0,,,0,0,0,gtdb_only,0.0
Blakebacteraceae,0,0,0.0,0.0,5,5,0,0.0,0.0,0.0,,,0,0,0,gtdb_only,0.0
GCA-014075295,0,0,0.0,0.0,5,5,0,0.0,0.0,0.0,,,0,0,0,gtdb_only,0.0
MWAK01,0,0,0.0,0.0,5,5,0,0.0,0.0,0.0,,,0,0,0,gtdb_only,0.0
JACCZL01,0,0,0.0,0.0,5,5,0,0.0,0.0,0.0,,,0,0,0,gtdb_only,0.0
JdFR-78,0,0,0.0,0.0,5,5,0,0.0,0.0,0.0,,,0,0,0,gtdb_only,0.0
Carboxydothermaceae,0,0,0.0,0.0,5,5,0,0.0,0.0,0.0,,,0,0,0,gtdb_only,0.0
DRQF01,0,0,0.0,0.0,5,5,0,0.0,0.0,0.0,,,0,0,0,gtdb_only,0.0
GCA-2863065,0,0,0.0,0.0,5,5,0,0.0,0.0,0.0,,,0,0,0,gtdb_only,0.0
JACPRB01,0,0,0.0,0.0,5,5,0,0.0,0.0,0.0,,,0,0,0,gtdb_only,0.0
VGSZ01,0,0,0.0,0.0,5,5,0,0.0,0.0,0.0,,,0,0,0,gtdb_only,0.0
JADFXK01,0,0,0.0,0.0,5,5,0,0.0,0.0,0.0,,,0,0,0,gtdb_only,0.0
SLHW01,0,0,0.0,0.0,5,5,0,0.0,0.0,0.0,,,0,0,0,gtdb_only,0.0
WALJ01,0,0,0.0,0.0,5,5,0,0.0,0.0,0.0,,,0,0,0,gtdb_only,0.0
WRFX01,0,0,0.0,0.0,5,5,0,0.0,0.0,0.0,,,0,0,0,gtdb_only,0.0
SICP01,0,0,0.0,0.0,5,5,0,0.0,0.0,0.0,,,0,0,0,gtdb_only,0.0
JdFR-86,0,0,0.0,0.0,5,5,0,0.0,0.0,0.0,,,0,0,0,gtdb_only,0.0
JACPCR01,0,0,0.0,0.0,5,5,0,0.0,0.0,0.0,,,0,0,0,gtdb_only,0.0
BMS3Abin05,0,0,0.0,0.0,5,5,0,0.0,0.0,0.0,,,0,0,0,gtdb_only,0.0
QNFN01,0,0,0.0,0.0,5,5,0,0.0,0.0,0.0,,,0,0,0,gtdb_only,0.0
GCA-2753255,0,0,0.0,0.0,5,5,0,0.0,0.0,0.0,,,0,0,0,gtdb_only,0.0
JAAZEB01,0,0,0.0,0.0,5,5,0,0.0,0.0,0.0,,,0,0,0,gtdb_only,0.0
VMGT01,0,0,0.0,0.0,5,5,0,0.0,0.0,0.0,,,0,0,0,gtdb_only,0.0
UBA4787,0,0,0.0,0.0,5,5,0,0.0,0.0,0.0,,,0,0,0,gtdb_only,0.0
Dendrosporobacteraceae,0,0,0.0,0.0,5,5,0,0.0,0.0,0.0,,,0,0,0,gtdb_only,0.0
JABHEG01,0,0,0.0,0.0,5,5,0,0.0,0.0,0.0,,,0,0,0,gtdb_only,0.0
JAQTRU01,0,0,0.0,0.0,5,5,0,0.0,0.0,0.0,,,0,0,0,gtdb_only,0.0
JAATET01,0,0,0.0,0.0,5,5,0,0.0,0.0,0.0,,,0,0,0,gtdb_only,0.0
JAHJJO01,0,0,0.0,0.0,5,5,0,0.0,0.0,0.0,,,0,0,0,gtdb_only,0.0
DTU080,0,0,0.0,0.0,5,5,0,0.0,0.0,0.0,,,0,0,0,gtdb_only,0.0
HIGH02-12-38-15,0,0,0.0,0.0,5,5,0,0.0,0.0,0.0,,,0,0,0,gtdb_only,0.0
UBA9215,0,0,0.0,0.0,5,5,0,0.0,0.0,0.0,,,0,0,0,gtdb_only,0.0
PUNB01,0,0,0.0,0.0,5,5,0,0.0,0.0,0.0,,,0,0,0,gtdb_only,0.0
XYD2-FULL-50-16,0,0,0.0,0.0,5,5,0,0.0,0.0,0.0,,,0,0,0,gtdb_only,0.0
B68-G9,0,0,0.0,0.0,5,5,0,0.0,0.0,0.0,,,0,0,0,gtdb_only,0.0
JAHLLQ01,0,0,0.0,0.0,5,5,0,0.0,0.0,0.0,,,0,0,0,gtdb_only,0.0
JANWWW01,0,0,0.0,0.0,5,5,0,0.0,0.0,0.0,,,0,0,0,gtdb_only,0.0
JdFR-80,0,0,0.0,0.0,5,5,0,0.0,0.0,0.0,,,0,0,0,gtdb_only,0.0
HGM14224,0,0,0.0,0.0,5,5,0,0.0,0.0,0.0,,,0,0,0,gtdb_only,0.0
Deferrivibrionaceae,0,0,0.0,0.0,5,5,0,0.0,0.0,0.0,,,0,0,0,gtdb_only,0.0
CAIVHJ01,0,0,0.0,0.0,5,5,0,0.0,0.0,0.0,,,0,0,0,gtdb_only,0.0
JACPRK01,0,0,0.0,0.0,5,5,0,0.0,0.0,0.0,,,0,0,0,gtdb_only,0.0
CAJBMK01,0,0,0.0,0.0,5,5,0,0.0,0.0,0.0,,,0,0,0,gtdb_only,0.0
S012-47,0,0,0.0,0.0,5,5,0,0.0,0.0,0.0,,,0,0,0,gtdb_only,0.0
SZUA-236,0,0,0.0,0.0,5,5,0,0.0,0.0,0.0,,,0,0,0,gtdb_only,0.0
JACQAP01,0,0,0.0,0.0,5,5,0,0.0,0.0,0.0,,,0,0,0,gtdb_only,0.0
UBA9570,0,0,0.0,0.0,5,5,0,0.0,0.0,0.0,,,0,0,0,gtdb_only,0.0
HRBIN30,0,0,0.0,0.0,5,5,0,0.0,0.0,0.0,,,0,0,0,gtdb_only,0.0
SLCJ01,0,0,0.0,0.0,5,5,0,0.0,0.0,0.0,,,0,0,0,gtdb_only,0.0
SSC4,0,0,0.0,0.0,5,5,0,0.0,0.0,0.0,,,0,0,0,gtdb_only,0.0
SKIA01,0,0,0.0,0.0,5,5,0,0.0,0.0,0.0,,,0,0,0,gtdb_only,0.0
Koleobacteraceae,0,0,0.0,0.0,5,5,0,0.0,0.0,0.0,,,0,0,0,gtdb_only,0.0
JACPCL1,0,0,0.0,0.0,5,5,0,0.0,0.0,0.0,,,0,0,0,gtdb_only,0.0
XYB2-FULL-38-15,0,0,0.0,0.0,5,5,0,0.0,0.0,0.0,,,0,0,0,gtdb_only,0.0
E44-bin46,0,0,0.0,0.0,5,5,0,0.0,0.0,0.0,,,0,0,0,gtdb_only,0.0
Thermospiraceae,0,0,0.0,0.0,5,5,0,0.0,0.0,0.0,,,0,0,0,gtdb_only,0.0
JABHGC01,0,0,0.0,0.0,5,5,0,0.0,0.0,0.0,,,0,0,0,gtdb_only,0.0
JAFCFN01,0,0,0.0,0.0,5,5,0,0.0,0.0,0.0,,,0,0,0,gtdb_only,0.0
FACHB-46,0,0,0.0,0.0,5,5,0,0.0,0.0,0.0,,,0,0,0,gtdb_only,0.0
SKGA01,0,0,0.0,0.0,5,5,0,0.0,0.0,0.0,,,0,0,0,gtdb_only,0.0
JAUNSR01,0,0,0.0,0.0,5,5,0,0.0,0.0,0.0,,,0,0,0,gtdb_only,0.0
CAIWXX01,0,0,0.0,0.0,5,5,0,0.0,0.0,0.0,,,0,0,0,gtdb_only,0.0
Oceanococcaceae,0,0,0.0,0.0,5,5,0,0.0,0.0,0.0,,,0,0,0,gtdb_only,0.0
JAGLLT01,0,0,0.0,0.0,5,5,0,0.0,0.0,0.0,,,0,0,0,gtdb_only,0.0
CFX8,0,0,0.0,0.0,5,5,0,0.0,0.0,0.0,,,0,0,0,gtdb_only,0.0
HyVt-429,0,0,0.0,0.0,5,5,0,0.0,0.0,0.0,,,0,0,0,gtdb_only,0.0
GWF2-33-10,0,0,0.0,0.0,5,5,0,0.0,0.0,0.0,,,0,0,0,gtdb_only,0.0
B3-G16,0,0,0.0,0.0,5,5,0,0.0,0.0,0.0,,,0,0,0,gtdb_only,0.0
4484-95,0,0,0.0,0.0,5,5,0,0.0,0.0,0.0,,,0,0,0,gtdb_only,0.0
VGJJ01,0,0,0.0,0.0,5,5,0,0.0,0.0,0.0,,,0,0,0,gtdb_only,0.0
B5-G15,0,0,0.0,0.0,5,5,0,0.0,0.0,0.0,,,0,0,0,gtdb_only,0.0
JABMQK01,0,0,0.0,0.0,5,5,0,0.0,0.0,0.0,,,0,0,0,gtdb_only,0.0
BM512,0,0,0.0,0.0,5,5,0,0.0,0.0,0.0,,,0,0,0,gtdb_only,0.0
JAGQNJ01,0,0,0.0,0.0,5,5,0,0.0,0.0,0.0,,,0,0,0,gtdb_only,0.0
4484-213,0,0,0.0,0.0,5,5,0,0.0,0.0,0.0,,,0,0,0,gtdb_only,0.0
WYBJ01,0,0,0.0,0.0,5,5,0,0.0,0.0,0.0,,,0,0,0,gtdb_only,0.0
JAGPKW01,0,0,0.0,0.0,5,5,0,0.0,0.0,0.0,,,0,0,0,gtdb_only,0.0
WLXD01,0,0,0.0,0.0,5,5,0,0.0,0.0,0.0,,,0,0,0,gtdb_only,0.0
JANXDC01,0,0,0.0,0.0,5,5,0,0.0,0.0,0.0,,,0,0,0,gtdb_only,0.0
JANWHV01,0,0,0.0,0.0,5,5,0,0.0,0.0,0.0,,,0,0,0,gtdb_only,0.0
Culexmicrobiaceae,0,0,0.0,0.0,5,5,0,0.0,0.0,0.0,,,0,0,0,gtdb_only,0.0
JACRBE01,0,0,0.0,0.0,5,5,0,0.0,0.0,0.0,,,0,0,0,gtdb_only,0.0
JAJYVM01,0,0,0.0,0.0,5,5,0,0.0,0.0,0.0,,,0,0,0,gtdb_only,0.0
Gallaecimonadaceae,0,0,0.0,0.0,5,5,0,0.0,0.0,0.0,,,0,0,0,gtdb_only,0.0
PXBQ01,0,0,0.0,0.0,5,5,0,0.0,0.0,0.0,,,0,0,0,gtdb_only,0.0
UBA6532,0,0,0.0,0.0,5,5,0,0.0,0.0,0.0,,,0,0,0,gtdb_only,0.0
Carboxydocellaceae,0,0,0.0,0.0,5,5,0,0.0,0.0,0.0,,,0,0,0,gtdb_only,0.0
CAINFC01,0,0,0.0,0.0,5,5,0,0.0,0.0,0.0,,,0,0,0,gtdb_only,0.0
SZUA-6,0,0,0.0,0.0,5,5,0,0.0,0.0,0.0,,,0,0,0,gtdb_only,0.0
AC-67,0,0,0.0,0.0,5,5,0,0.0,0.0,0.0,,,0,0,0,gtdb_only,0.0
GCA-2746425,0,0,0.0,0.0,5,5,0,0.0,0.0,0.0,,,0,0,0,gtdb_only,0.0
JAAOZO01,0,0,0.0,0.0,5,5,0,0.0,0.0,0.0,,,0,0,0,gtdb_only,0.0
UBA3567,0,0,0.0,0.0,5,5,0,0.0,0.0,0.0,,,0,0,0,gtdb_only,0.0
JACQBZ01,0,0,0.0,0.0,5,5,0,0.0,0.0,0.0,,,0,0,0,gtdb_only,0.0
UBA6952,0,0,0.0,0.0,5,5,0,0.0,0.0,0.0,,,0,0,0,gtdb_only,0.0
UBA8524,0,0,0.0,0.0,5,5,0,0.0,0.0,0.0,,,0,0,0,gtdb_only,0.0
Erginobacteraceae,0,0,0.0,0.0,5,5,0,0.0,0.0,0.0,,,0,0,0,gtdb_only,0.0
Halorutilaceae,0,0,0.0,0.0,5,5,0,0.0,0.0,0.0,,,0,0,0,gtdb_only,0.0
XYB1-36-10,0,0,0.0,0.0,5,5,0,0.0,0.0,0.0,,,0,0,0,gtdb_only,0.0
JAADFJ01,0,0,0.0,0.0,5,5,0,0.0,0.0,0.0,,,0,0,0,gtdb_only,0.0
B20-G17,0,0,0.0,0.0,5,5,0,0.0,0.0,0.0,,,0,0,0,gtdb_only,0.0
XYC2-FULL-46-14,0,0,0.0,0.0,5,5,0,0.0,0.0,0.0,,,0,0,0,gtdb_only,0.0
UM-FILTER-36-11,0,0,0.0,0.0,4,4,0,0.0,0.0,0.0,,,0,0,0,gtdb_only,0.0
UBA2251,0,0,0.0,0.0,4,4,0,0.0,0.0,0.0,,,0,0,0,gtdb_only,0.0
JAJZPE01,0,0,0.0,0.0,4,4,0,0.0,0.0,0.0,,,0,0,0,gtdb_only,0.0
DG-60,0,0,0.0,0.0,4,4,0,0.0,0.0,0.0,,,0,0,0,gtdb_only,0.0
1-14-0-20-49-13,0,0,0.0,0.0,4,4,0,0.0,0.0,0.0,,,0,0,0,gtdb_only,0.0
JADFVX01,0,0,0.0,0.0,4,4,0,0.0,0.0,0.0,,,0,0,0,gtdb_only,0.0
JAJDYQ01,0,0,0.0,0.0,4,4,0,0.0,0.0,0.0,,,0,0,0,gtdb_only,0.0
UBA6668,0,0,0.0,0.0,4,4,0,0.0,0.0,0.0,,,0,0,0,gtdb_only,0.0
JAFGOL01,0,0,0.0,0.0,4,4,0,0.0,0.0,0.0,,,0,0,0,gtdb_only,0.0
JAIMAT01,0,0,0.0,0.0,4,4,0,0.0,0.0,0.0,,,0,0,0,gtdb_only,0.0
JADIYM01,0,0,0.0,0.0,4,4,0,0.0,0.0,0.0,,,0,0,0,gtdb_only,0.0
SLTJ01,0,0,0.0,0.0,4,4,0,0.0,0.0,0.0,,,0,0,0,gtdb_only,0.0
CAJQKF01,0,0,0.0,0.0,4,4,0,0.0,0.0,0.0,,,0,0,0,gtdb_only,0.0
Psittacicellaceae,0,0,0.0,0.0,4,4,0,0.0,0.0,0.0,,,0,0,0,gtdb_only,0.0
CALLMJ01,0,0,0.0,0.0,4,4,0,0.0,0.0,0.0,,,0,0,0,gtdb_only,0.0
HKI-0501,0,0,0.0,0.0,4,4,0,0.0,0.0,0.0,,,0,0,0,gtdb_only,0.0
4484-113,0,0,0.0,0.0,4,4,0,0.0,0.0,0.0,,,0,0,0,gtdb_only,0.0
ARS1403,0,0,0.0,0.0,4,4,0,0.0,0.0,0.0,,,0,0,0,gtdb_only,0.0
JADKCL01,0,0,0.0,0.0,4,4,0,0.0,0.0,0.0,,,0,0,0,gtdb_only,0.0
RAOX-1,0,0,0.0,0.0,4,4,0,0.0,0.0,0.0,,,0,0,0,gtdb_only,0.0
JABDDW01,0,0,0.0,0.0,4,4,0,0.0,0.0,0.0,,,0,0,0,gtdb_only,0.0
PUPC01,0,0,0.0,0.0,4,4,0,0.0,0.0,0.0,,,0,0,0,gtdb_only,0.0
UB7675,0,0,0.0,0.0,4,4,0,0.0,0.0,0.0,,,0,0,0,gtdb_only,0.0
CAIWVZ01,0,0,0.0,0.0,4,4,0,0.0,0.0,0.0,,,0,0,0,gtdb_only,0.0
Govaniaceae,0,0,0.0,0.0,4,4,0,0.0,0.0,0.0,,,0,0,0,gtdb_only,0.0
JAGVZT01,0,0,0.0,0.0,4,4,0,0.0,0.0,0.0,,,0,0,0,gtdb_only,0.0
JAJPIJ01,0,0,0.0,0.0,4,4,0,0.0,0.0,0.0,,,0,0,0,gtdb_only,0.0
PGYQ01,0,0,0.0,0.0,4,4,0,0.0,0.0,0.0,,,0,0,0,gtdb_only,0.0
GCA-002788555,0,0,0.0,0.0,4,4,0,0.0,0.0,0.0,,,0,0,0,gtdb_only,0.0
JAGNEX01,0,0,0.0,0.0,4,4,0,0.0,0.0,0.0,,,0,0,0,gtdb_only,0.0
JADGCS01,0,0,0.0,0.0,4,4,0,0.0,0.0,0.0,,,0,0,0,gtdb_only,0.0
UBA5861,0,0,0.0,0.0,4,4,0,0.0,0.0,0.0,,,0,0,0,gtdb_only,0.0
DYRC01,0,0,0.0,0.0,4,4,0,0.0,0.0,0.0,,,0,0,0,gtdb_only,0.0
B1SED10-159,0,0,0.0,0.0,4,4,0,0.0,0.0,0.0,,,0,0,0,gtdb_only,0.0
SDB-A,0,0,0.0,0.0,4,4,0,0.0,0.0,0.0,,,0,0,0,gtdb_only,0.0
JAADGQ01,0,0,0.0,0.0,4,4,0,0.0,0.0,0.0,,,0,0,0,gtdb_only,0.0
B3-Chlor,0,0,0.0,0.0,4,4,0,0.0,0.0,0.0,,,0,0,0,gtdb_only,0.0
JAFNAJ01,0,0,0.0,0.0,4,4,0,0.0,0.0,0.0,,,0,0,0,gtdb_only,0.0
SMYC01,0,0,0.0,0.0,4,4,0,0.0,0.0,0.0,,,0,0,0,gtdb_only,0.0
RBG-16-43-9,0,0,0.0,0.0,4,4,0,0.0,0.0,0.0,,,0,0,0,gtdb_only,0.0
RGIG5299,0,0,0.0,0.0,4,4,0,0.0,0.0,0.0,,,0,0,0,gtdb_only,0.0
UBA6191,0,0,0.0,0.0,4,4,0,0.0,0.0,0.0,,,0,0,0,gtdb_only,0.0
JAACEH01,0,0,0.0,0.0,4,4,0,0.0,0.0,0.0,,,0,0,0,gtdb_only,0.0
JAAYNR01,0,0,0.0,0.0,4,4,0,0.0,0.0,0.0,,,0,0,0,gtdb_only,0.0
UBA5767,0,0,0.0,0.0,4,4,0,0.0,0.0,0.0,,,0,0,0,gtdb_only,0.0
UBA1875,0,0,0.0,0.0,4,4,0,0.0,0.0,0.0,,,0,0,0,gtdb_only,0.0
2-12-FULL-40-28,0,0,0.0,0.0,4,4,0,0.0,0.0,0.0,,,0,0,0,gtdb_only,0.0
JAGOPY01,0,0,0.0,0.0,4,4,0,0.0,0.0,0.0,,,0,0,0,gtdb_only,0.0
S140-46,0,0,0.0,0.0,4,4,0,0.0,0.0,0.0,,,0,0,0,gtdb_only,0.0
CAIYQO01,0,0,0.0,0.0,4,4,0,0.0,0.0,0.0,,,0,0,0,gtdb_only,0.0
RZYC01,0,0,0.0,0.0,4,4,0,0.0,0.0,0.0,,,0,0,0,gtdb_only,0.0
CADDYW01,0,0,0.0,0.0,4,4,0,0.0,0.0,0.0,,,0,0,0,gtdb_only,0.0
JAAOZN01,0,0,0.0,0.0,4,4,0,0.0,0.0,0.0,,,0,0,0,gtdb_only,0.0
JACCXN01,0,0,0.0,0.0,4,4,0,0.0,0.0,0.0,,,0,0,0,gtdb_only,0.0
JAGPDB01,0,0,0.0,0.0,4,4,0,0.0,0.0,0.0,,,0,0,0,gtdb_only,0.0
EsbW-18,0,0,0.0,0.0,4,4,0,0.0,0.0,0.0,,,0,0,0,gtdb_only,0.0
MWDF01,0,0,0.0,0.0,4,4,0,0.0,0.0,0.0,,,0,0,0,gtdb_only,0.0
JAIPAH01,0,0,0.0,0.0,4,4,0,0.0,0.0,0.0,,,0,0,0,gtdb_only,0.0
BM511,0,0,0.0,0.0,4,4,0,0.0,0.0,0.0,,,0,0,0,gtdb_only,0.0
JACZSL01,0,0,0.0,0.0,4,4,0,0.0,0.0,0.0,,,0,0,0,gtdb_only,0.0
WJMI01,0,0,0.0,0.0,4,4,0,0.0,0.0,0.0,,,0,0,0,gtdb_only,0.0
JAFDMD01,0,0,0.0,0.0,4,4,0,0.0,0.0,0.0,,,0,0,0,gtdb_only,0.0
JAAZOP01,0,0,0.0,0.0,4,4,0,0.0,0.0,0.0,,,0,0,0,gtdb_only,0.0
MWDV01,0,0,0.0,0.0,4,4,0,0.0,0.0,0.0,,,0,0,0,gtdb_only,0.0
43-37,0,0,0.0,0.0,4,4,0,0.0,0.0,0.0,,,0,0,0,gtdb_only,0.0
JABCZZ01,0,0,0.0,0.0,4,4,0,0.0,0.0,0.0,,,0,0,0,gtdb_only,0.0
SCOH01,0,0,0.0,0.0,4,4,0,0.0,0.0,0.0,,,0,0,0,gtdb_only,0.0
UM-FILTER-46-8,0,0,0.0,0.0,4,4,0,0.0,0.0,0.0,,,0,0,0,gtdb_only,0.0
2-01-FULL-43-14,0,0,0.0,0.0,4,4,0,0.0,0.0,0.0,,,0,0,0,gtdb_only,0.0
JACZUZ01,0,0,0.0,0.0,4,4,0,0.0,0.0,0.0,,,0,0,0,gtdb_only,0.0
JAGMAN01,0,0,0.0,0.0,4,4,0,0.0,0.0,0.0,,,0,0,0,gtdb_only,0.0
UBA1559,0,0,0.0,0.0,4,4,0,0.0,0.0,0.0,,,0,0,0,gtdb_only,0.0
Subteraquimicrobiaceae,0,0,0.0,0.0,4,4,0,0.0,0.0,0.0,,,0,0,0,gtdb_only,0.0
GCA-002782225,0,0,0.0,0.0,4,4,0,0.0,0.0,0.0,,,0,0,0,gtdb_only,0.0
Im1,0,0,0.0,0.0,4,4,0,0.0,0.0,0.0,,,0,0,0,gtdb_only,0.0
JACQXL01,0,0,0.0,0.0,4,4,0,0.0,0.0,0.0,,,0,0,0,gtdb_only,0.0
Hakubellaceae,0,0,0.0,0.0,4,4,0,0.0,0.0,0.0,,,0,0,0,gtdb_only,0.0
PWQF01,0,0,0.0,0.0,4,4,0,0.0,0.0,0.0,,,0,0,0,gtdb_only,0.0
SZUA-371,0,0,0.0,0.0,4,4,0,0.0,0.0,0.0,,,0,0,0,gtdb_only,0.0
CANHCV01,0,0,0.0,0.0,4,4,0,0.0,0.0,0.0,,,0,0,0,gtdb_only,0.0
JANWVE01,0,0,0.0,0.0,4,4,0,0.0,0.0,0.0,,,0,0,0,gtdb_only,0.0
JAABTG01,0,0,0.0,0.0,4,4,0,0.0,0.0,0.0,,,0,0,0,gtdb_only,0.0
JACPOV01,0,0,0.0,0.0,4,4,0,0.0,0.0,0.0,,,0,0,0,gtdb_only,0.0
2-01-FULL-50-11,0,0,0.0,0.0,4,4,0,0.0,0.0,0.0,,,0,0,0,gtdb_only,0.0
JAJRVZ01,0,0,0.0,0.0,4,4,0,0.0,0.0,0.0,,,0,0,0,gtdb_only,0.0
GCA-2687795,0,0,0.0,0.0,4,4,0,0.0,0.0,0.0,,,0,0,0,gtdb_only,0.0
JAUWXC01,0,0,0.0,0.0,4,4,0,0.0,0.0,0.0,,,0,0,0,gtdb_only,0.0
UBA10191,0,0,0.0,0.0,4,4,0,0.0,0.0,0.0,,,0,0,0,gtdb_only,0.0
JALCBB01,0,0,0.0,0.0,4,4,0,0.0,0.0,0.0,,,0,0,0,gtdb_only,0.0
CADCTF01,0,0,0.0,0.0,4,4,0,0.0,0.0,0.0,,,0,0,0,gtdb_only,0.0
JAILCC01,0,0,0.0,0.0,4,4,0,0.0,0.0,0.0,,,0,0,0,gtdb_only,0.0
DYOH01,0,0,0.0,0.0,4,4,0,0.0,0.0,0.0,,,0,0,0,gtdb_only,0.0
2-12-FULL-40-10,0,0,0.0,0.0,4,4,0,0.0,0.0,0.0,,,0,0,0,gtdb_only,0.0
DTHP01,0,0,0.0,0.0,4,4,0,0.0,0.0,0.0,,,0,0,0,gtdb_only,0.0
JAAZLZ01,0,0,0.0,0.0,4,4,0,0.0,0.0,0.0,,,0,0,0,gtdb_only,0.0
HyVt-16,0,0,0.0,0.0,4,4,0,0.0,0.0,0.0,,,0,0,0,gtdb_only,0.0
JAQTLZ01,0,0,0.0,0.0,4,4,0,0.0,0.0,0.0,,,0,0,0,gtdb_only,0.0
JAAFIG01,0,0,0.0,0.0,4,4,0,0.0,0.0,0.0,,,0,0,0,gtdb_only,0.0
SLQV01,0,0,0.0,0.0,4,4,0,0.0,0.0,0.0,,,0,0,0,gtdb_only,0.0
CG1-02-37-114,0,0,0.0,0.0,4,4,0,0.0,0.0,0.0,,,0,0,0,gtdb_only,0.0
Chisholmbacteraceae,0,0,0.0,0.0,4,4,0,0.0,0.0,0.0,,,0,0,0,gtdb_only,0.0
CAIPTA01,0,0,0.0,0.0,4,4,0,0.0,0.0,0.0,,,0,0,0,gtdb_only,0.0
S144-34,0,0,0.0,0.0,4,4,0,0.0,0.0,0.0,,,0,0,0,gtdb_only,0.0
XYA2-FULL-39-19,0,0,0.0,0.0,4,4,0,0.0,0.0,0.0,,,0,0,0,gtdb_only,0.0
AV2,0,0,0.0,0.0,4,4,0,0.0,0.0,0.0,,,0,0,0,gtdb_only,0.0
RGIG9151,0,0,0.0,0.0,4,4,0,0.0,0.0,0.0,,,0,0,0,gtdb_only,0.0
MVZH01,0,0,0.0,0.0,4,4,0,0.0,0.0,0.0,,,0,0,0,gtdb_only,0.0
UBA3561,0,0,0.0,0.0,4,4,0,0.0,0.0,0.0,,,0,0,0,gtdb_only,0.0
CAIRYW01,0,0,0.0,0.0,4,4,0,0.0,0.0,0.0,,,0,0,0,gtdb_only,0.0
UBA9160,0,0,0.0,0.0,4,4,0,0.0,0.0,0.0,,,0,0,0,gtdb_only,0.0
JALEGO01,0,0,0.0,0.0,4,4,0,0.0,0.0,0.0,,,0,0,0,gtdb_only,0.0
UBA9579,0,0,0.0,0.0,4,4,0,0.0,0.0,0.0,,,0,0,0,gtdb_only,0.0
JAADFI01,0,0,0.0,0.0,4,4,0,0.0,0.0,0.0,,,0,0,0,gtdb_only,0.0
JAHEDJ01,0,0,0.0,0.0,4,4,0,0.0,0.0,0.0,,,0,0,0,gtdb_only,0.0
CALLYA01,0,0,0.0,0.0,4,4,0,0.0,0.0,0.0,,,0,0,0,gtdb_only,0.0
2-12-FULL-62-27,0,0,0.0,0.0,4,4,0,0.0,0.0,0.0,,,0,0,0,gtdb_only,0.0
SHYZ01,0,0,0.0,0.0,4,4,0,0.0,0.0,0.0,,,0,0,0,gtdb_only,0.0
WAQR01,0,0,0.0,0.0,4,4,0,0.0,0.0,0.0,,,0,0,0,gtdb_only,0.0
F1-12-MAGs170,0,0,0.0,0.0,4,4,0,0.0,0.0,0.0,,,0,0,0,gtdb_only,0.0
ARS1246,0,0,0.0,0.0,4,4,0,0.0,0.0,0.0,,,0,0,0,gtdb_only,0.0
Persebacteraceae,0,0,0.0,0.0,4,4,0,0.0,0.0,0.0,,,0,0,0,gtdb_only,0.0
JAJTHC01,0,0,0.0,0.0,4,4,0,0.0,0.0,0.0,,,0,0,0,gtdb_only,0.0
VMEV01,0,0,0.0,0.0,4,4,0,0.0,0.0,0.0,,,0,0,0,gtdb_only,0.0
GCA-016700035,0,0,0.0,0.0,4,4,0,0.0,0.0,0.0,,,0,0,0,gtdb_only,0.0
JACPAU01,0,0,0.0,0.0,4,4,0,0.0,0.0,0.0,,,0,0,0,gtdb_only,0.0
GWF2-38-335,0,0,0.0,0.0,4,4,0,0.0,0.0,0.0,,,0,0,0,gtdb_only,0.0
TCS56,0,0,0.0,0.0,4,4,0,0.0,0.0,0.0,,,0,0,0,gtdb_only,0.0
UBA6910,0,0,0.0,0.0,4,4,0,0.0,0.0,0.0,,,0,0,0,gtdb_only,0.0
JAJYZD01,0,0,0.0,0.0,4,4,0,0.0,0.0,0.0,,,0,0,0,gtdb_only,0.0
GCA-2688095,0,0,0.0,0.0,4,4,0,0.0,0.0,0.0,,,0,0,0,gtdb_only,0.0
JABHHG01,0,0,0.0,0.0,4,4,0,0.0,0.0,0.0,,,0,0,0,gtdb_only,0.0
JALVZP01,0,0,0.0,0.0,4,4,0,0.0,0.0,0.0,,,0,0,0,gtdb_only,0.0
ECT2AJA-044,0,0,0.0,0.0,4,4,0,0.0,0.0,0.0,,,0,0,0,gtdb_only,0.0
CAMZNJ01,0,0,0.0,0.0,4,4,0,0.0,0.0,0.0,,,0,0,0,gtdb_only,0.0
UBA1977,0,0,0.0,0.0,4,4,0,0.0,0.0,0.0,,,0,0,0,gtdb_only,0.0
JAGGSF01,0,0,0.0,0.0,4,4,0,0.0,0.0,0.0,,,0,0,0,gtdb_only,0.0
JACQPE01,0,0,0.0,0.0,4,4,0,0.0,0.0,0.0,,,0,0,0,gtdb_only,0.0
S143-33,0,0,0.0,0.0,4,4,0,0.0,0.0,0.0,,,0,0,0,gtdb_only,0.0
PCC-9333,0,0,0.0,0.0,4,4,0,0.0,0.0,0.0,,,0,0,0,gtdb_only,0.0
JAHEKZ01,0,0,0.0,0.0,4,4,0,0.0,0.0,0.0,,,0,0,0,gtdb_only,0.0
JACRHL01,0,0,0.0,0.0,4,4,0,0.0,0.0,0.0,,,0,0,0,gtdb_only,0.0
JACKNK01,0,0,0.0,0.0,4,4,0,0.0,0.0,0.0,,,0,0,0,gtdb_only,0.0
JAKEHO01,0,0,0.0,0.0,4,4,0,0.0,0.0,0.0,,,0,0,0,gtdb_only,0.0
DSCA01,0,0,0.0,0.0,4,4,0,0.0,0.0,0.0,,,0,0,0,gtdb_only,0.0
UBA7879,0,0,0.0,0.0,4,4,0,0.0,0.0,0.0,,,0,0,0,gtdb_only,0.0
JABMRG01,0,0,0.0,0.0,4,4,0,0.0,0.0,0.0,,,0,0,0,gtdb_only,0.0
JACIYH01,0,0,0.0,0.0,4,4,0,0.0,0.0,0.0,,,0,0,0,gtdb_only,0.0
VGLX01,0,0,0.0,0.0,4,4,0,0.0,0.0,0.0,,,0,0,0,gtdb_only,0.0
JAEZZM01,0,0,0.0,0.0,4,4,0,0.0,0.0,0.0,,,0,0,0,gtdb_only,0.0
SIAN01,0,0,0.0,0.0,4,4,0,0.0,0.0,0.0,,,0,0,0,gtdb_only,0.0
GWB1-40-14,0,0,0.0,0.0,4,4,0,0.0,0.0,0.0,,,0,0,0,gtdb_only,0.0
CAIJZX01,0,0,0.0,0.0,4,4,0,0.0,0.0,0.0,,,0,0,0,gtdb_only,0.0
CAINOH01,0,0,0.0,0.0,4,4,0,0.0,0.0,0.0,,,0,0,0,gtdb_only,0.0
0-14-0-20-40-13,0,0,0.0,0.0,4,4,0,0.0,0.0,0.0,,,0,0,0,gtdb_only,0.0
B12-G15,0,0,0.0,0.0,4,4,0,0.0,0.0,0.0,,,0,0,0,gtdb_only,0.0
T1SED10-24,0,0,0.0,0.0,4,4,0,0.0,0.0,0.0,,,0,0,0,gtdb_only,0.0
Sigynarchaeaceae,0,0,0.0,0.0,4,4,0,0.0,0.0,0.0,,,0,0,0,gtdb_only,0.0
JAADEI01,0,0,0.0,0.0,4,4,0,0.0,0.0,0.0,,,0,0,0,gtdb_only,0.0
Waddliaceae,0,0,0.0,0.0,4,4,0,0.0,0.0,0.0,,,0,0,0,gtdb_only,0.0
B26-G2,0,0,0.0,0.0,4,4,0,0.0,0.0,0.0,,,0,0,0,gtdb_only,0.0
Lernaellaceae,0,0,0.0,0.0,4,4,0,0.0,0.0,0.0,,,0,0,0,gtdb_only,0.0
JABGRK01,0,0,0.0,0.0,4,4,0,0.0,0.0,0.0,,,0,0,0,gtdb_only,0.0
OMJO01,0,0,0.0,0.0,4,4,0,0.0,0.0,0.0,,,0,0,0,gtdb_only,0.0
RPPD01,0,0,0.0,0.0,4,4,0,0.0,0.0,0.0,,,0,0,0,gtdb_only,0.0
JACIWP01,0,0,0.0,0.0,4,4,0,0.0,0.0,0.0,,,0,0,0,gtdb_only,0.0
CALCKW01,0,0,0.0,0.0,4,4,0,0.0,0.0,0.0,,,0,0,0,gtdb_only,0.0
J044,0,0,0.0,0.0,4,4,0,0.0,0.0,0.0,,,0,0,0,gtdb_only,0.0
JAGOSM01,0,0,0.0,0.0,4,4,0,0.0,0.0,0.0,,,0,0,0,gtdb_only,0.0
GCA-020350865,0,0,0.0,0.0,4,4,0,0.0,0.0,0.0,,,0,0,0,gtdb_only,0.0
SKPS01,0,0,0.0,0.0,4,4,0,0.0,0.0,0.0,,,0,0,0,gtdb_only,0.0
WYZ-LMO6,0,0,0.0,0.0,4,4,0,0.0,0.0,0.0,,,0,0,0,gtdb_only,0.0
DQVG01,0,0,0.0,0.0,4,4,0,0.0,0.0,0.0,,,0,0,0,gtdb_only,0.0
SG8-40,0,0,0.0,0.0,4,4,0,0.0,0.0,0.0,,,0,0,0,gtdb_only,0.0
JASLAT01,0,0,0.0,0.0,4,4,0,0.0,0.0,0.0,,,0,0,0,gtdb_only,0.0
DSWW01,0,0,0.0,0.0,4,4,0,0.0,0.0,0.0,,,0,0,0,gtdb_only,0.0
1-14-0-10-40-38,0,0,0.0,0.0,4,4,0,0.0,0.0,0.0,,,0,0,0,gtdb_only,0.0
PXBB01,0,0,0.0,0.0,4,4,0,0.0,0.0,0.0,,,0,0,0,gtdb_only,0.0
JAKAJF01,0,0,0.0,0.0,4,4,0,0.0,0.0,0.0,,,0,0,0,gtdb_only,0.0
JAKLIH01,0,0,0.0,0.0,4,4,0,0.0,0.0,0.0,,,0,0,0,gtdb_only,0.0
UBA1396,0,0,0.0,0.0,4,4,0,0.0,0.0,0.0,,,0,0,0,gtdb_only,0.0
JABJFC01,0,0,0.0,0.0,4,4,0,0.0,0.0,0.0,,,0,0,0,gtdb_only,0.0
JACRLM01,0,0,0.0,0.0,4,4,0,0.0,0.0,0.0,,,0,0,0,gtdb_only,0.0
JABHKC01,0,0,0.0,0.0,4,4,0,0.0,0.0,0.0,,,0,0,0,gtdb_only,0.0
JAHJCW01,0,0,0.0,0.0,4,4,0,0.0,0.0,0.0,,,0,0,0,gtdb_only,0.0
B3-B38,0,0,0.0,0.0,4,4,0,0.0,0.0,0.0,,,0,0,0,gtdb_only,0.0
GWA2-38-13,0,0,0.0,0.0,4,4,0,0.0,0.0,0.0,,,0,0,0,gtdb_only,0.0
JAFGEY01,0,0,0.0,0.0,4,4,0,0.0,0.0,0.0,,,0,0,0,gtdb_only,0.0
M2410,0,0,0.0,0.0,4,4,0,0.0,0.0,0.0,,,0,0,0,gtdb_only,0.0
JAENJC01,0,0,0.0,0.0,4,4,0,0.0,0.0,0.0,,,0,0,0,gtdb_only,0.0
PWNQ01,0,0,0.0,0.0,4,4,0,0.0,0.0,0.0,,,0,0,0,gtdb_only,0.0
Anaeromusaceae,0,0,0.0,0.0,4,4,0,0.0,0.0,0.0,,,0,0,0,gtdb_only,0.0
VENG01,0,0,0.0,0.0,4,4,0,0.0,0.0,0.0,,,0,0,0,gtdb_only,0.0
JACPAL01,0,0,0.0,0.0,4,4,0,0.0,0.0,0.0,,,0,0,0,gtdb_only,0.0
Salinispiraceae,0,0,0.0,0.0,4,4,0,0.0,0.0,0.0,,,0,0,0,gtdb_only,0.0
S012-138,0,0,0.0,0.0,4,4,0,0.0,0.0,0.0,,,0,0,0,gtdb_only,0.0
UBA6769,0,0,0.0,0.0,4,4,0,0.0,0.0,0.0,,,0,0,0,gtdb_only,0.0
CAITYL01,0,0,0.0,0.0,4,4,0,0.0,0.0,0.0,,,0,0,0,gtdb_only,0.0
RGIG8002,0,0,0.0,0.0,4,4,0,0.0,0.0,0.0,,,0,0,0,gtdb_only,0.0
Fen-1364,0,0,0.0,0.0,4,4,0,0.0,0.0,0.0,,,0,0,0,gtdb_only,0.0
BS150m-G63,0,0,0.0,0.0,4,4,0,0.0,0.0,0.0,,,0,0,0,gtdb_only,0.0
JAHJCI01,0,0,0.0,0.0,4,4,0,0.0,0.0,0.0,,,0,0,0,gtdb_only,0.0
JAGOOR01,0,0,0.0,0.0,4,4,0,0.0,0.0,0.0,,,0,0,0,gtdb_only,0.0
JC228,0,0,0.0,0.0,4,4,0,0.0,0.0,0.0,,,0,0,0,gtdb_only,0.0
CAINNR01,0,0,0.0,0.0,4,4,0,0.0,0.0,0.0,,,0,0,0,gtdb_only,0.0
VENL01,0,0,0.0,0.0,4,4,0,0.0,0.0,0.0,,,0,0,0,gtdb_only,0.0
JAHJIW01,0,0,0.0,0.0,4,4,0,0.0,0.0,0.0,,,0,0,0,gtdb_only,0.0
JAGWAF01,0,0,0.0,0.0,4,4,0,0.0,0.0,0.0,,,0,0,0,gtdb_only,0.0
CAMCUA01,0,0,0.0,0.0,4,4,0,0.0,0.0,0.0,,,0,0,0,gtdb_only,0.0
Lenti-02,0,0,0.0,0.0,4,4,0,0.0,0.0,0.0,,,0,0,0,gtdb_only,0.0
S016-19,0,0,0.0,0.0,4,4,0,0.0,0.0,0.0,,,0,0,0,gtdb_only,0.0
CG2-30-49-12,0,0,0.0,0.0,4,4,0,0.0,0.0,0.0,,,0,0,0,gtdb_only,0.0
JAJFHB01,0,0,0.0,0.0,4,4,0,0.0,0.0,0.0,,,0,0,0,gtdb_only,0.0
JAMWDD01,0,0,0.0,0.0,4,4,0,0.0,0.0,0.0,,,0,0,0,gtdb_only,0.0
JAAUUE01,0,0,0.0,0.0,4,4,0,0.0,0.0,0.0,,,0,0,0,gtdb_only,0.0
SG8-13,0,0,0.0,0.0,4,4,0,0.0,0.0,0.0,,,0,0,0,gtdb_only,0.0
SHYK01,0,0,0.0,0.0,4,4,0,0.0,0.0,0.0,,,0,0,0,gtdb_only,0.0
RGZA01,0,0,0.0,0.0,4,4,0,0.0,0.0,0.0,,,0,0,0,gtdb_only,0.0
NBLK01,0,0,0.0,0.0,4,4,0,0.0,0.0,0.0,,,0,0,0,gtdb_only,0.0
Chazhemtobacteraceae,0,0,0.0,0.0,4,4,0,0.0,0.0,0.0,,,0,0,0,gtdb_only,0.0
MAG-NZ,0,0,0.0,0.0,4,4,0,0.0,0.0,0.0,,,0,0,0,gtdb_only,0.0
JACPWU01,0,0,0.0,0.0,4,4,0,0.0,0.0,0.0,,,0,0,0,gtdb_only,0.0
XYA12-FULL-58-9,0,0,0.0,0.0,4,4,0,0.0,0.0,0.0,,,0,0,0,gtdb_only,0.0
UBA8522,0,0,0.0,0.0,4,4,0,0.0,0.0,0.0,,,0,0,0,gtdb_only,0.0
DUMW01,0,0,0.0,0.0,4,4,0,0.0,0.0,0.0,,,0,0,0,gtdb_only,0.0
CACZRW01,0,0,0.0,0.0,4,4,0,0.0,0.0,0.0,,,0,0,0,gtdb_only,0.0
Muiribacteriaceae,0,0,0.0,0.0,4,4,0,0.0,0.0,0.0,,,0,0,0,gtdb_only,0.0
JABMQE01,0,0,0.0,0.0,4,4,0,0.0,0.0,0.0,,,0,0,0,gtdb_only,0.0
JAANXI01,0,0,0.0,0.0,4,4,0,0.0,0.0,0.0,,,0,0,0,gtdb_only,0.0
UBA6130,0,0,0.0,0.0,4,4,0,0.0,0.0,0.0,,,0,0,0,gtdb_only,0.0
JAAYNZ01,0,0,0.0,0.0,4,4,0,0.0,0.0,0.0,,,0,0,0,gtdb_only,0.0
SCRA01,0,0,0.0,0.0,4,4,0,0.0,0.0,0.0,,,0,0,0,gtdb_only,0.0
JAQUPP01,0,0,0.0,0.0,4,4,0,0.0,0.0,0.0,,,0,0,0,gtdb_only,0.0
Baldrarchaeaceae,0,0,0.0,0.0,4,4,0,0.0,0.0,0.0,,,0,0,0,gtdb_only,0.0
CAISUE01,0,0,0.0,0.0,4,4,0,0.0,0.0,0.0,,,0,0,0,gtdb_only,0.0
UBA995,0,0,0.0,0.0,4,4,0,0.0,0.0,0.0,,,0,0,0,gtdb_only,0.0
GWC2-42-11,0,0,0.0,0.0,4,4,0,0.0,0.0,0.0,,,0,0,0,gtdb_only,0.0
SLGR01,0,0,0.0,0.0,4,4,0,0.0,0.0,0.0,,,0,0,0,gtdb_only,0.0
SICC01,0,0,0.0,0.0,4,4,0,0.0,0.0,0.0,,,0,0,0,gtdb_only,0.0
JACIWR01,0,0,0.0,0.0,4,4,0,0.0,0.0,0.0,,,0,0,0,gtdb_only,0.0
JAFGTP01,0,0,0.0,0.0,4,4,0,0.0,0.0,0.0,,,0,0,0,gtdb_only,0.0
JABWAT01,0,0,0.0,0.0,4,4,0,0.0,0.0,0.0,,,0,0,0,gtdb_only,0.0
JACPGT01,0,0,0.0,0.0,4,4,0,0.0,0.0,0.0,,,0,0,0,gtdb_only,0.0
JAKSBE01,0,0,0.0,0.0,4,4,0,0.0,0.0,0.0,,,0,0,0,gtdb_only,0.0
Carbonactinosporaceae,0,0,0.0,0.0,4,4,0,0.0,0.0,0.0,,,0,0,0,gtdb_only,0.0
JACQYG01,0,0,0.0,0.0,4,4,0,0.0,0.0,0.0,,,0,0,0,gtdb_only,0.0
CG2-30-40-12,0,0,0.0,0.0,4,4,0,0.0,0.0,0.0,,,0,0,0,gtdb_only,0.0
B87-G9,0,0,0.0,0.0,4,4,0,0.0,0.0,0.0,,,0,0,0,gtdb_only,0.0
Leeiaceae,0,0,0.0,0.0,4,4,0,0.0,0.0,0.0,,,0,0,0,gtdb_only,0.0
GCA-2747355,0,0,0.0,0.0,4,4,0,0.0,0.0,0.0,,,0,0,0,gtdb_only,0.0
SZUA-1535,0,0,0.0,0.0,4,4,0,0.0,0.0,0.0,,,0,0,0,gtdb_only,0.0
2-01-FULL-58-14,0,0,0.0,0.0,4,4,0,0.0,0.0,0.0,,,0,0,0,gtdb_only,0.0
2-02-FULL-50-16,0,0,0.0,0.0,4,4,0,0.0,0.0,0.0,,,0,0,0,gtdb_only,0.0
HKB111,0,0,0.0,0.0,4,4,0,0.0,0.0,0.0,,,0,0,0,gtdb_only,0.0
CAFBRK01,0,0,0.0,0.0,4,4,0,0.0,0.0,0.0,,,0,0,0,gtdb_only,0.0
GWF1-51-8,0,0,0.0,0.0,4,4,0,0.0,0.0,0.0,,,0,0,0,gtdb_only,0.0
SLRQ01,0,0,0.0,0.0,4,4,0,0.0,0.0,0.0,,,0,0,0,gtdb_only,0.0
CAKMZV01,0,0,0.0,0.0,4,4,0,0.0,0.0,0.0,,,0,0,0,gtdb_only,0.0
JACRHW01,0,0,0.0,0.0,4,4,0,0.0,0.0,0.0,,,0,0,0,gtdb_only,0.0
JAHJQQ01,0,0,0.0,0.0,4,4,0,0.0,0.0,0.0,,,0,0,0,gtdb_only,0.0
UBA3569,0,0,0.0,0.0,4,4,0,0.0,0.0,0.0,,,0,0,0,gtdb_only,0.0
GCA-002779875,0,0,0.0,0.0,4,4,0,0.0,0.0,0.0,,,0,0,0,gtdb_only,0.0
JAFDET01,0,0,0.0,0.0,4,4,0,0.0,0.0,0.0,,,0,0,0,gtdb_only,0.0
RGIG577,0,0,0.0,0.0,4,4,0,0.0,0.0,0.0,,,0,0,0,gtdb_only,0.0
Sh68,0,0,0.0,0.0,4,4,0,0.0,0.0,0.0,,,0,0,0,gtdb_only,0.0
UBA4820,0,0,0.0,0.0,4,4,0,0.0,0.0,0.0,,,0,0,0,gtdb_only,0.0
GCA-002795985,0,0,0.0,0.0,4,4,0,0.0,0.0,0.0,,,0,0,0,gtdb_only,0.0
JAFGVF01,0,0,0.0,0.0,4,4,0,0.0,0.0,0.0,,,0,0,0,gtdb_only,0.0
JADFVP01,0,0,0.0,0.0,4,4,0,0.0,0.0,0.0,,,0,0,0,gtdb_only,0.0
DYLC01,0,0,0.0,0.0,4,4,0,0.0,0.0,0.0,,,0,0,0,gtdb_only,0.0
JAGOPM01,0,0,0.0,0.0,4,4,0,0.0,0.0,0.0,,,0,0,0,gtdb_only,0.0
GWA2-35-9,0,0,0.0,0.0,4,4,0,0.0,0.0,0.0,,,0,0,0,gtdb_only,0.0
UBA7332,0,0,0.0,0.0,4,4,0,0.0,0.0,0.0,,,0,0,0,gtdb_only,0.0
WHST01,0,0,0.0,0.0,4,4,0,0.0,0.0,0.0,,,0,0,0,gtdb_only,0.0
SpSt-223,0,0,0.0,0.0,4,4,0,0.0,0.0,0.0,,,0,0,0,gtdb_only,0.0
HK-STAS-PATE-42,0,0,0.0,0.0,4,4,0,0.0,0.0,0.0,,,0,0,0,gtdb_only,0.0
Thiohalobacteraceae,0,0,0.0,0.0,4,4,0,0.0,0.0,0.0,,,0,0,0,gtdb_only,0.0
JAJFLO01,0,0,0.0,0.0,4,4,0,0.0,0.0,0.0,,,0,0,0,gtdb_only,0.0
SCSIO-06110,0,0,0.0,0.0,4,4,0,0.0,0.0,0.0,,,0,0,0,gtdb_only,0.0
CG1-02-31-27,0,0,0.0,0.0,4,4,0,0.0,0.0,0.0,,,0,0,0,gtdb_only,0.0
DTJR01,0,0,0.0,0.0,4,4,0,0.0,0.0,0.0,,,0,0,0,gtdb_only,0.0
B23,0,0,0.0,0.0,4,4,0,0.0,0.0,0.0,,,0,0,0,gtdb_only,0.0
CAISOG01,0,0,0.0,0.0,4,4,0,0.0,0.0,0.0,,,0,0,0,gtdb_only,0.0
JAJZTU01,0,0,0.0,0.0,4,4,0,0.0,0.0,0.0,,,0,0,0,gtdb_only,0.0
DSM-2461,0,0,0.0,0.0,4,4,0,0.0,0.0,0.0,,,0,0,0,gtdb_only,0.0
JAGPKI01,0,0,0.0,0.0,4,4,0,0.0,0.0,0.0,,,0,0,0,gtdb_only,0.0
1-14-0-10-42-19,0,0,0.0,0.0,4,4,0,0.0,0.0,0.0,,,0,0,0,gtdb_only,0.0
SIT17,0,0,0.0,0.0,4,4,0,0.0,0.0,0.0,,,0,0,0,gtdb_only,0.0
JAABPS01,0,0,0.0,0.0,3,3,0,0.0,0.0,0.0,,,0,0,0,gtdb_only,0.0
JAEYXS01,0,0,0.0,0.0,3,3,0,0.0,0.0,0.0,,,0,0,0,gtdb_only,0.0
JAIQFV01,0,0,0.0,0.0,3,3,0,0.0,0.0,0.0,,,0,0,0,gtdb_only,0.0
JAAYKM01,0,0,0.0,0.0,3,3,0,0.0,0.0,0.0,,,0,0,0,gtdb_only,0.0
Cfx3-03,0,0,0.0,0.0,3,3,0,0.0,0.0,0.0,,,0,0,0,gtdb_only,0.0
GCA-2701885,0,0,0.0,0.0,3,3,0,0.0,0.0,0.0,,,0,0,0,gtdb_only,0.0
DRJJ01,0,0,0.0,0.0,3,3,0,0.0,0.0,0.0,,,0,0,0,gtdb_only,0.0
BM303,0,0,0.0,0.0,3,3,0,0.0,0.0,0.0,,,0,0,0,gtdb_only,0.0
WVXJ01,0,0,0.0,0.0,3,3,0,0.0,0.0,0.0,,,0,0,0,gtdb_only,0.0
UBA1257,0,0,0.0,0.0,3,3,0,0.0,0.0,0.0,,,0,0,0,gtdb_only,0.0
PIYN01,0,0,0.0,0.0,3,3,0,0.0,0.0,0.0,,,0,0,0,gtdb_only,0.0
CAIYGI01,0,0,0.0,0.0,3,3,0,0.0,0.0,0.0,,,0,0,0,gtdb_only,0.0
JAJYWN01,0,0,0.0,0.0,3,3,0,0.0,0.0,0.0,,,0,0,0,gtdb_only,0.0
JAIQGF01,0,0,0.0,0.0,3,3,0,0.0,0.0,0.0,,,0,0,0,gtdb_only,0.0
GCA-016699755,0,0,0.0,0.0,3,3,0,0.0,0.0,0.0,,,0,0,0,gtdb_only,0.0
SZUA-224,0,0,0.0,0.0,3,3,0,0.0,0.0,0.0,,,0,0,0,gtdb_only,0.0
JAAXUF01,0,0,0.0,0.0,3,3,0,0.0,0.0,0.0,,,0,0,0,gtdb_only,0.0
Njordarchaeaceae,0,0,0.0,0.0,3,3,0,0.0,0.0,0.0,,,0,0,0,gtdb_only,0.0
QPJT01,0,0,0.0,0.0,3,3,0,0.0,0.0,0.0,,,0,0,0,gtdb_only,0.0
JACKAF01,0,0,0.0,0.0,3,3,0,0.0,0.0,0.0,,,0,0,0,gtdb_only,0.0
JAAZZY01,0,0,0.0,0.0,3,3,0,0.0,0.0,0.0,,,0,0,0,gtdb_only,0.0
UBA4093,0,0,0.0,0.0,3,3,0,0.0,0.0,0.0,,,0,0,0,gtdb_only,0.0
HRBIN23,0,0,0.0,0.0,3,3,0,0.0,0.0,0.0,,,0,0,0,gtdb_only,0.0
JAJSAM01,0,0,0.0,0.0,3,3,0,0.0,0.0,0.0,,,0,0,0,gtdb_only,0.0
JAGNHN01,0,0,0.0,0.0,3,3,0,0.0,0.0,0.0,,,0,0,0,gtdb_only,0.0
GCA-002780085,0,0,0.0,0.0,3,3,0,0.0,0.0,0.0,,,0,0,0,gtdb_only,0.0
JACPIM01,0,0,0.0,0.0,3,3,0,0.0,0.0,0.0,,,0,0,0,gtdb_only,0.0
JAJRWK01,0,0,0.0,0.0,3,3,0,0.0,0.0,0.0,,,0,0,0,gtdb_only,0.0
JACRGW01,0,0,0.0,0.0,3,3,0,0.0,0.0,0.0,,,0,0,0,gtdb_only,0.0
Thiohalorhabdaceae,0,0,0.0,0.0,3,3,0,0.0,0.0,0.0,,,0,0,0,gtdb_only,0.0
JABJBS01,0,0,0.0,0.0,3,3,0,0.0,0.0,0.0,,,0,0,0,gtdb_only,0.0
JAJISG01,0,0,0.0,0.0,3,3,0,0.0,0.0,0.0,,,0,0,0,gtdb_only,0.0
CAIKKV01,0,0,0.0,0.0,3,3,0,0.0,0.0,0.0,,,0,0,0,gtdb_only,0.0
CAIJXV01,0,0,0.0,0.0,3,3,0,0.0,0.0,0.0,,,0,0,0,gtdb_only,0.0
SHYD01,0,0,0.0,0.0,3,3,0,0.0,0.0,0.0,,,0,0,0,gtdb_only,0.0
JAFCCC01,0,0,0.0,0.0,3,3,0,0.0,0.0,0.0,,,0,0,0,gtdb_only,0.0
JACVIW01,0,0,0.0,0.0,3,3,0,0.0,0.0,0.0,,,0,0,0,gtdb_only,0.0
GCA-002772895,0,0,0.0,0.0,3,3,0,0.0,0.0,0.0,,,0,0,0,gtdb_only,0.0
VGTA01,0,0,0.0,0.0,3,3,0,0.0,0.0,0.0,,,0,0,0,gtdb_only,0.0
JAGMEO01,0,0,0.0,0.0,3,3,0,0.0,0.0,0.0,,,0,0,0,gtdb_only,0.0
CAIQCM01,0,0,0.0,0.0,3,3,0,0.0,0.0,0.0,,,0,0,0,gtdb_only,0.0
LLD-282,0,0,0.0,0.0,3,3,0,0.0,0.0,0.0,,,0,0,0,gtdb_only,0.0
JAHJDW01,0,0,0.0,0.0,3,3,0,0.0,0.0,0.0,,,0,0,0,gtdb_only,0.0
UBA9087,0,0,0.0,0.0,3,3,0,0.0,0.0,0.0,,,0,0,0,gtdb_only,0.0
AMD01,0,0,0.0,0.0,3,3,0,0.0,0.0,0.0,,,0,0,0,gtdb_only,0.0
WRLA01,0,0,0.0,0.0,3,3,0,0.0,0.0,0.0,,,0,0,0,gtdb_only,0.0
WVWN01,0,0,0.0,0.0,3,3,0,0.0,0.0,0.0,,,0,0,0,gtdb_only,0.0
SLOV01,0,0,0.0,0.0,3,3,0,0.0,0.0,0.0,,,0,0,0,gtdb_only,0.0
J009,0,0,0.0,0.0,3,3,0,0.0,0.0,0.0,,,0,0,0,gtdb_only,0.0
DUMU01,0,0,0.0,0.0,3,3,0,0.0,0.0,0.0,,,0,0,0,gtdb_only,0.0
Plut-88900,0,0,0.0,0.0,3,3,0,0.0,0.0,0.0,,,0,0,0,gtdb_only,0.0
JAAYJT01,0,0,0.0,0.0,3,3,0,0.0,0.0,0.0,,,0,0,0,gtdb_only,0.0
VBWC01,0,0,0.0,0.0,3,3,0,0.0,0.0,0.0,,,0,0,0,gtdb_only,0.0
SZUA-540,0,0,0.0,0.0,3,3,0,0.0,0.0,0.0,,,0,0,0,gtdb_only,0.0
B130-G9,0,0,0.0,0.0,3,3,0,0.0,0.0,0.0,,,0,0,0,gtdb_only,0.0
JAHWHD01,0,0,0.0,0.0,3,3,0,0.0,0.0,0.0,,,0,0,0,gtdb_only,0.0
Bin106,0,0,0.0,0.0,3,3,0,0.0,0.0,0.0,,,0,0,0,gtdb_only,0.0
JAEYZS01,0,0,0.0,0.0,3,3,0,0.0,0.0,0.0,,,0,0,0,gtdb_only,0.0
JAAYLA01,0,0,0.0,0.0,3,3,0,0.0,0.0,0.0,,,0,0,0,gtdb_only,0.0
VGLK01,0,0,0.0,0.0,3,3,0,0.0,0.0,0.0,,,0,0,0,gtdb_only,0.0
SKSH01,0,0,0.0,0.0,3,3,0,0.0,0.0,0.0,,,0,0,0,gtdb_only,0.0
GWC2-33-13,0,0,0.0,0.0,3,3,0,0.0,0.0,0.0,,,0,0,0,gtdb_only,0.0
JANQFW01,0,0,0.0,0.0,3,3,0,0.0,0.0,0.0,,,0,0,0,gtdb_only,0.0
WRLR01,0,0,0.0,0.0,3,3,0,0.0,0.0,0.0,,,0,0,0,gtdb_only,0.0
CG1-02-47-18,0,0,0.0,0.0,3,3,0,0.0,0.0,0.0,,,0,0,0,gtdb_only,0.0
BNUF01,0,0,0.0,0.0,3,3,0,0.0,0.0,0.0,,,0,0,0,gtdb_only,0.0
B10-G4,0,0,0.0,0.0,3,3,0,0.0,0.0,0.0,,,0,0,0,gtdb_only,0.0
JALVPX01,0,0,0.0,0.0,3,3,0,0.0,0.0,0.0,,,0,0,0,gtdb_only,0.0
B24-2,0,0,0.0,0.0,3,3,0,0.0,0.0,0.0,,,0,0,0,gtdb_only,0.0
JAKSCL01,0,0,0.0,0.0,3,3,0,0.0,0.0,0.0,,,0,0,0,gtdb_only,0.0
JACDBD01,0,0,0.0,0.0,3,3,0,0.0,0.0,0.0,,,0,0,0,gtdb_only,0.0
JAIFNL01,0,0,0.0,0.0,3,3,0,0.0,0.0,0.0,,,0,0,0,gtdb_only,0.0
W498,0,0,0.0,0.0,3,3,0,0.0,0.0,0.0,,,0,0,0,gtdb_only,0.0
UBA6184,0,0,0.0,0.0,3,3,0,0.0,0.0,0.0,,,0,0,0,gtdb_only,0.0
Angustibacteraceae,0,0,0.0,0.0,3,3,0,0.0,0.0,0.0,,,0,0,0,gtdb_only,0.0
QDMS2,0,0,0.0,0.0,3,3,0,0.0,0.0,0.0,,,0,0,0,gtdb_only,0.0
GCA-2720935,0,0,0.0,0.0,3,3,0,0.0,0.0,0.0,,,0,0,0,gtdb_only,0.0
SZUA-104,0,0,0.0,0.0,3,3,0,0.0,0.0,0.0,,,0,0,0,gtdb_only,0.0
JAGOAT01,0,0,0.0,0.0,3,3,0,0.0,0.0,0.0,,,0,0,0,gtdb_only,0.0
JAJYPT01,0,0,0.0,0.0,3,3,0,0.0,0.0,0.0,,,0,0,0,gtdb_only,0.0
CAMLKC01,0,0,0.0,0.0,3,3,0,0.0,0.0,0.0,,,0,0,0,gtdb_only,0.0
SCGC-AAA011-G17,0,0,0.0,0.0,3,3,0,0.0,0.0,0.0,,,0,0,0,gtdb_only,0.0
JAFGKV01,0,0,0.0,0.0,3,3,0,0.0,0.0,0.0,,,0,0,0,gtdb_only,0.0
CG1-02-64-396,0,0,0.0,0.0,3,3,0,0.0,0.0,0.0,,,0,0,0,gtdb_only,0.0
JAJZSN01,0,0,0.0,0.0,3,3,0,0.0,0.0,0.0,,,0,0,0,gtdb_only,0.0
JAHDSC01,0,0,0.0,0.0,3,3,0,0.0,0.0,0.0,,,0,0,0,gtdb_only,0.0
JADHWI01,0,0,0.0,0.0,3,3,0,0.0,0.0,0.0,,,0,0,0,gtdb_only,0.0
DSM-19205,0,0,0.0,0.0,3,3,0,0.0,0.0,0.0,,,0,0,0,gtdb_only,0.0
WUQV01,0,0,0.0,0.0,3,3,0,0.0,0.0,0.0,,,0,0,0,gtdb_only,0.0
ZOR0006,0,0,0.0,0.0,3,3,0,0.0,0.0,0.0,,,0,0,0,gtdb_only,0.0
SLPQ01,0,0,0.0,0.0,3,3,0,0.0,0.0,0.0,,,0,0,0,gtdb_only,0.0
CAMLJR01,0,0,0.0,0.0,3,3,0,0.0,0.0,0.0,,,0,0,0,gtdb_only,0.0
JAFGCJ01,0,0,0.0,0.0,3,3,0,0.0,0.0,0.0,,,0,0,0,gtdb_only,0.0
BOKC01,0,0,0.0,0.0,3,3,0,0.0,0.0,0.0,,,0,0,0,gtdb_only,0.0
UBA6594,0,0,0.0,0.0,3,3,0,0.0,0.0,0.0,,,0,0,0,gtdb_only,0.0
JAGLOF01,0,0,0.0,0.0,3,3,0,0.0,0.0,0.0,,,0,0,0,gtdb_only,0.0
Marispirochaetaceae,0,0,0.0,0.0,3,3,0,0.0,0.0,0.0,,,0,0,0,gtdb_only,0.0
JdFR-42,0,0,0.0,0.0,3,3,0,0.0,0.0,0.0,,,0,0,0,gtdb_only,0.0
UBA3939,0,0,0.0,0.0,3,3,0,0.0,0.0,0.0,,,0,0,0,gtdb_only,0.0
UBA2247,0,0,0.0,0.0,3,3,0,0.0,0.0,0.0,,,0,0,0,gtdb_only,0.0
CAJQND01,0,0,0.0,0.0,3,3,0,0.0,0.0,0.0,,,0,0,0,gtdb_only,0.0
RFSG01,0,0,0.0,0.0,3,3,0,0.0,0.0,0.0,,,0,0,0,gtdb_only,0.0
JAHKAY01,0,0,0.0,0.0,3,3,0,0.0,0.0,0.0,,,0,0,0,gtdb_only,0.0
DTGQ01,0,0,0.0,0.0,3,3,0,0.0,0.0,0.0,,,0,0,0,gtdb_only,0.0
B1Sed10-29,0,0,0.0,0.0,3,3,0,0.0,0.0,0.0,,,0,0,0,gtdb_only,0.0
JABDGN01,0,0,0.0,0.0,3,3,0,0.0,0.0,0.0,,,0,0,0,gtdb_only,0.0
GCA-2722455,0,0,0.0,0.0,3,3,0,0.0,0.0,0.0,,,0,0,0,gtdb_only,0.0
JADLBR01,0,0,0.0,0.0,3,3,0,0.0,0.0,0.0,,,0,0,0,gtdb_only,0.0
JAADGX01,0,0,0.0,0.0,3,3,0,0.0,0.0,0.0,,,0,0,0,gtdb_only,0.0
J040,0,0,0.0,0.0,3,3,0,0.0,0.0,0.0,,,0,0,0,gtdb_only,0.0
ISCAR-4553,0,0,0.0,0.0,3,3,0,0.0,0.0,0.0,,,0,0,0,gtdb_only,0.0
WRKU01,0,0,0.0,0.0,3,3,0,0.0,0.0,0.0,,,0,0,0,gtdb_only,0.0
GCA-2715965,0,0,0.0,0.0,3,3,0,0.0,0.0,0.0,,,0,0,0,gtdb_only,0.0
ZC4RG38,0,0,0.0,0.0,3,3,0,0.0,0.0,0.0,,,0,0,0,gtdb_only,0.0
CALVMC01,0,0,0.0,0.0,3,3,0,0.0,0.0,0.0,,,0,0,0,gtdb_only,0.0
CSBR16-119,0,0,0.0,0.0,3,3,0,0.0,0.0,0.0,,,0,0,0,gtdb_only,0.0
JACDHS01,0,0,0.0,0.0,3,3,0,0.0,0.0,0.0,,,0,0,0,gtdb_only,0.0
JALRAY01,0,0,0.0,0.0,3,3,0,0.0,0.0,0.0,,,0,0,0,gtdb_only,0.0
Geothermincolaceae,0,0,0.0,0.0,3,3,0,0.0,0.0,0.0,,,0,0,0,gtdb_only,0.0
JAPLJL01,0,0,0.0,0.0,3,3,0,0.0,0.0,0.0,,,0,0,0,gtdb_only,0.0
F1-140-MAGs086,0,0,0.0,0.0,3,3,0,0.0,0.0,0.0,,,0,0,0,gtdb_only,0.0
VGJL01,0,0,0.0,0.0,3,3,0,0.0,0.0,0.0,,,0,0,0,gtdb_only,0.0
Abzuiibacteriaceae,0,0,0.0,0.0,3,3,0,0.0,0.0,0.0,,,0,0,0,gtdb_only,0.0
UBA3088,0,0,0.0,0.0,3,3,0,0.0,0.0,0.0,,,0,0,0,gtdb_only,0.0
FEN-943,0,0,0.0,0.0,3,3,0,0.0,0.0,0.0,,,0,0,0,gtdb_only,0.0
JAKJGF01,0,0,0.0,0.0,3,3,0,0.0,0.0,0.0,,,0,0,0,gtdb_only,0.0
JABSRG01,0,0,0.0,0.0,3,3,0,0.0,0.0,0.0,,,0,0,0,gtdb_only,0.0
CAIMWS01,0,0,0.0,0.0,3,3,0,0.0,0.0,0.0,,,0,0,0,gtdb_only,0.0
JACZKF01,0,0,0.0,0.0,3,3,0,0.0,0.0,0.0,,,0,0,0,gtdb_only,0.0
JAJFIK01,0,0,0.0,0.0,3,3,0,0.0,0.0,0.0,,,0,0,0,gtdb_only,0.0
JALWSI01,0,0,0.0,0.0,3,3,0,0.0,0.0,0.0,,,0,0,0,gtdb_only,0.0
DUMB01,0,0,0.0,0.0,3,3,0,0.0,0.0,0.0,,,0,0,0,gtdb_only,0.0
JAAEMS01,0,0,0.0,0.0,3,3,0,0.0,0.0,0.0,,,0,0,0,gtdb_only,0.0
UBA12247,0,0,0.0,0.0,3,3,0,0.0,0.0,0.0,,,0,0,0,gtdb_only,0.0
JACCYU01,0,0,0.0,0.0,3,3,0,0.0,0.0,0.0,,,0,0,0,gtdb_only,0.0
YD0425bin51,0,0,0.0,0.0,3,3,0,0.0,0.0,0.0,,,0,0,0,gtdb_only,0.0
JIR-001,0,0,0.0,0.0,3,3,0,0.0,0.0,0.0,,,0,0,0,gtdb_only,0.0
Pan216,0,0,0.0,0.0,3,3,0,0.0,0.0,0.0,,,0,0,0,gtdb_only,0.0
JAGVWC01,0,0,0.0,0.0,3,3,0,0.0,0.0,0.0,,,0,0,0,gtdb_only,0.0
CANGYM01,0,0,0.0,0.0,3,3,0,0.0,0.0,0.0,,,0,0,0,gtdb_only,0.0
RUG033,0,0,0.0,0.0,3,3,0,0.0,0.0,0.0,,,0,0,0,gtdb_only,0.0
VGOG01,0,0,0.0,0.0,3,3,0,0.0,0.0,0.0,,,0,0,0,gtdb_only,0.0
SHVT01,0,0,0.0,0.0,3,3,0,0.0,0.0,0.0,,,0,0,0,gtdb_only,0.0
WPAF01,0,0,0.0,0.0,3,3,0,0.0,0.0,0.0,,,0,0,0,gtdb_only,0.0
JACQVA1,0,0,0.0,0.0,3,3,0,0.0,0.0,0.0,,,0,0,0,gtdb_only,0.0
LV9,0,0,0.0,0.0,3,3,0,0.0,0.0,0.0,,,0,0,0,gtdb_only,0.0
PHET01,0,0,0.0,0.0,3,3,0,0.0,0.0,0.0,,,0,0,0,gtdb_only,0.0
CAKUMP01,0,0,0.0,0.0,3,3,0,0.0,0.0,0.0,,,0,0,0,gtdb_only,0.0
UBA6927,0,0,0.0,0.0,3,3,0,0.0,0.0,0.0,,,0,0,0,gtdb_only,0.0
UBA6680,0,0,0.0,0.0,3,3,0,0.0,0.0,0.0,,,0,0,0,gtdb_only,0.0
NORP312,0,0,0.0,0.0,3,3,0,0.0,0.0,0.0,,,0,0,0,gtdb_only,0.0
J119,0,0,0.0,0.0,3,3,0,0.0,0.0,0.0,,,0,0,0,gtdb_only,0.0
JACKDQ01,0,0,0.0,0.0,3,3,0,0.0,0.0,0.0,,,0,0,0,gtdb_only,0.0
SZUA-242,0,0,0.0,0.0,3,3,0,0.0,0.0,0.0,,,0,0,0,gtdb_only,0.0
DSUN01,0,0,0.0,0.0,3,3,0,0.0,0.0,0.0,,,0,0,0,gtdb_only,0.0
Omnitrophaceae,0,0,0.0,0.0,3,3,0,0.0,0.0,0.0,,,0,0,0,gtdb_only,0.0
CAILVY01,0,0,0.0,0.0,3,3,0,0.0,0.0,0.0,,,0,0,0,gtdb_only,0.0
DUZI01,0,0,0.0,0.0,3,3,0,0.0,0.0,0.0,,,0,0,0,gtdb_only,0.0
WRBX01,0,0,0.0,0.0,3,3,0,0.0,0.0,0.0,,,0,0,0,gtdb_only,0.0
WJLG01,0,0,0.0,0.0,3,3,0,0.0,0.0,0.0,,,0,0,0,gtdb_only,0.0
Burarchaeaceae,0,0,0.0,0.0,3,3,0,0.0,0.0,0.0,,,0,0,0,gtdb_only,0.0
JANQEN01,0,0,0.0,0.0,3,3,0,0.0,0.0,0.0,,,0,0,0,gtdb_only,0.0
QMSL01,0,0,0.0,0.0,3,3,0,0.0,0.0,0.0,,,0,0,0,gtdb_only,0.0
VGCX01,0,0,0.0,0.0,3,3,0,0.0,0.0,0.0,,,0,0,0,gtdb_only,0.0
JAHEJN01,0,0,0.0,0.0,3,3,0,0.0,0.0,0.0,,,0,0,0,gtdb_only,0.0
JACPUW01,0,0,0.0,0.0,3,3,0,0.0,0.0,0.0,,,0,0,0,gtdb_only,0.0
CG2-30-43-20,0,0,0.0,0.0,3,3,0,0.0,0.0,0.0,,,0,0,0,gtdb_only,0.0
UBA1444,0,0,0.0,0.0,3,3,0,0.0,0.0,0.0,,,0,0,0,gtdb_only,0.0
B69-G16,0,0,0.0,0.0,3,3,0,0.0,0.0,0.0,,,0,0,0,gtdb_only,0.0
SW-7-71-33,0,0,0.0,0.0,3,3,0,0.0,0.0,0.0,,,0,0,0,gtdb_only,0.0
JAHFHC01,0,0,0.0,0.0,3,3,0,0.0,0.0,0.0,,,0,0,0,gtdb_only,0.0
DAOVJZ01,0,0,0.0,0.0,3,3,0,0.0,0.0,0.0,,,0,0,0,gtdb_only,0.0
JALTDM01,0,0,0.0,0.0,3,3,0,0.0,0.0,0.0,,,0,0,0,gtdb_only,0.0
CAJXQU01,0,0,0.0,0.0,3,3,0,0.0,0.0,0.0,,,0,0,0,gtdb_only,0.0
JAGLPS01,0,0,0.0,0.0,3,3,0,0.0,0.0,0.0,,,0,0,0,gtdb_only,0.0
JAQWFD01,0,0,0.0,0.0,3,3,0,0.0,0.0,0.0,,,0,0,0,gtdb_only,0.0
JACPHY01,0,0,0.0,0.0,3,3,0,0.0,0.0,0.0,,,0,0,0,gtdb_only,0.0
FEN-1343,0,0,0.0,0.0,3,3,0,0.0,0.0,0.0,,,0,0,0,gtdb_only,0.0
JAIOPI01,0,0,0.0,0.0,3,3,0,0.0,0.0,0.0,,,0,0,0,gtdb_only,0.0
JACRMK01,0,0,0.0,0.0,3,3,0,0.0,0.0,0.0,,,0,0,0,gtdb_only,0.0
Salinarchaeaceae,0,0,0.0,0.0,3,3,0,0.0,0.0,0.0,,,0,0,0,gtdb_only,0.0
JAFADI01,0,0,0.0,0.0,3,3,0,0.0,0.0,0.0,,,0,0,0,gtdb_only,0.0
JAFGXH01,0,0,0.0,0.0,3,3,0,0.0,0.0,0.0,,,0,0,0,gtdb_only,0.0
DYFX01,0,0,0.0,0.0,3,3,0,0.0,0.0,0.0,,,0,0,0,gtdb_only,0.0
JCM-10596,0,0,0.0,0.0,3,3,0,0.0,0.0,0.0,,,0,0,0,gtdb_only,0.0
CAIXSY01,0,0,0.0,0.0,3,3,0,0.0,0.0,0.0,,,0,0,0,gtdb_only,0.0
SHVV01,0,0,0.0,0.0,3,3,0,0.0,0.0,0.0,,,0,0,0,gtdb_only,0.0
JAHJFT01,0,0,0.0,0.0,3,3,0,0.0,0.0,0.0,,,0,0,0,gtdb_only,0.0
UBA10107,0,0,0.0,0.0,3,3,0,0.0,0.0,0.0,,,0,0,0,gtdb_only,0.0
DSYL01,0,0,0.0,0.0,3,3,0,0.0,0.0,0.0,,,0,0,0,gtdb_only,0.0
CTSoil-080,0,0,0.0,0.0,3,3,0,0.0,0.0,0.0,,,0,0,0,gtdb_only,0.0
JAPKYR01,0,0,0.0,0.0,3,3,0,0.0,0.0,0.0,,,0,0,0,gtdb_only,0.0
RBG-16-42-10,0,0,0.0,0.0,3,3,0,0.0,0.0,0.0,,,0,0,0,gtdb_only,0.0
JAJDTR01,0,0,0.0,0.0,3,3,0,0.0,0.0,0.0,,,0,0,0,gtdb_only,0.0
GCA-2719675,0,0,0.0,0.0,3,3,0,0.0,0.0,0.0,,,0,0,0,gtdb_only,0.0
JAJFHR01,0,0,0.0,0.0,3,3,0,0.0,0.0,0.0,,,0,0,0,gtdb_only,0.0
JAKAPS01,0,0,0.0,0.0,3,3,0,0.0,0.0,0.0,,,0,0,0,gtdb_only,0.0
RGZZ01,0,0,0.0,0.0,3,3,0,0.0,0.0,0.0,,,0,0,0,gtdb_only,0.0
DG-27,0,0,0.0,0.0,3,3,0,0.0,0.0,0.0,,,0,0,0,gtdb_only,0.0
JADLDD01,0,0,0.0,0.0,3,3,0,0.0,0.0,0.0,,,0,0,0,gtdb_only,0.0
JACPKC01,0,0,0.0,0.0,3,3,0,0.0,0.0,0.0,,,0,0,0,gtdb_only,0.0
JANXAF01,0,0,0.0,0.0,3,3,0,0.0,0.0,0.0,,,0,0,0,gtdb_only,0.0
TCS60,0,0,0.0,0.0,3,3,0,0.0,0.0,0.0,,,0,0,0,gtdb_only,0.0
PWVN01,0,0,0.0,0.0,3,3,0,0.0,0.0,0.0,,,0,0,0,gtdb_only,0.0
JADZBD01,0,0,0.0,0.0,3,3,0,0.0,0.0,0.0,,,0,0,0,gtdb_only,0.0
HRBIN11,0,0,0.0,0.0,3,3,0,0.0,0.0,0.0,,,0,0,0,gtdb_only,0.0
XYA2-FULL-43-10,0,0,0.0,0.0,3,3,0,0.0,0.0,0.0,,,0,0,0,gtdb_only,0.0
JACKKN01,0,0,0.0,0.0,3,3,0,0.0,0.0,0.0,,,0,0,0,gtdb_only,0.0
SZUA-38,0,0,0.0,0.0,3,3,0,0.0,0.0,0.0,,,0,0,0,gtdb_only,0.0
JABWBV01,0,0,0.0,0.0,3,3,0,0.0,0.0,0.0,,,0,0,0,gtdb_only,0.0
GCA-002723415,0,0,0.0,0.0,3,3,0,0.0,0.0,0.0,,,0,0,0,gtdb_only,0.0
UMGS1388,0,0,0.0,0.0,3,3,0,0.0,0.0,0.0,,,0,0,0,gtdb_only,0.0
JACRAC01,0,0,0.0,0.0,3,3,0,0.0,0.0,0.0,,,0,0,0,gtdb_only,0.0
GCA-2746155,0,0,0.0,0.0,3,3,0,0.0,0.0,0.0,,,0,0,0,gtdb_only,0.0
JAQUTK01,0,0,0.0,0.0,3,3,0,0.0,0.0,0.0,,,0,0,0,gtdb_only,0.0
JADGDT01,0,0,0.0,0.0,3,3,0,0.0,0.0,0.0,,,0,0,0,gtdb_only,0.0
DRVO01,0,0,0.0,0.0,3,3,0,0.0,0.0,0.0,,,0,0,0,gtdb_only,0.0
SM1-40,0,0,0.0,0.0,3,3,0,0.0,0.0,0.0,,,0,0,0,gtdb_only,0.0
GCA-002770795,0,0,0.0,0.0,3,3,0,0.0,0.0,0.0,,,0,0,0,gtdb_only,0.0
UBA3943,0,0,0.0,0.0,3,3,0,0.0,0.0,0.0,,,0,0,0,gtdb_only,0.0
CAJVYJ01,0,0,0.0,0.0,3,3,0,0.0,0.0,0.0,,,0,0,0,gtdb_only,0.0
JAGOUK01,0,0,0.0,0.0,3,3,0,0.0,0.0,0.0,,,0,0,0,gtdb_only,0.0
DTNV01,0,0,0.0,0.0,3,3,0,0.0,0.0,0.0,,,0,0,0,gtdb_only,0.0
JAKLHX01,0,0,0.0,0.0,3,3,0,0.0,0.0,0.0,,,0,0,0,gtdb_only,0.0
CAMBQF01,0,0,0.0,0.0,3,3,0,0.0,0.0,0.0,,,0,0,0,gtdb_only,0.0
B119-G9,0,0,0.0,0.0,3,3,0,0.0,0.0,0.0,,,0,0,0,gtdb_only,0.0
JAABRJ01,0,0,0.0,0.0,3,3,0,0.0,0.0,0.0,,,0,0,0,gtdb_only,0.0
JAUYGZ01,0,0,0.0,0.0,3,3,0,0.0,0.0,0.0,,,0,0,0,gtdb_only,0.0
UBA3505,0,0,0.0,0.0,3,3,0,0.0,0.0,0.0,,,0,0,0,gtdb_only,0.0
UMGS1260,0,0,0.0,0.0,3,3,0,0.0,0.0,0.0,,,0,0,0,gtdb_only,0.0
Calditerricolaceae,0,0,0.0,0.0,3,3,0,0.0,0.0,0.0,,,0,0,0,gtdb_only,0.0
JABCYS01,0,0,0.0,0.0,3,3,0,0.0,0.0,0.0,,,0,0,0,gtdb_only,0.0
JALSRD01,0,0,0.0,0.0,3,3,0,0.0,0.0,0.0,,,0,0,0,gtdb_only,0.0
SXIK01,0,0,0.0,0.0,3,3,0,0.0,0.0,0.0,,,0,0,0,gtdb_only,0.0
CAIQOK01,0,0,0.0,0.0,3,3,0,0.0,0.0,0.0,,,0,0,0,gtdb_only,0.0
GCA-020343715,0,0,0.0,0.0,3,3,0,0.0,0.0,0.0,,,0,0,0,gtdb_only,0.0
4484-107,0,0,0.0,0.0,3,3,0,0.0,0.0,0.0,,,0,0,0,gtdb_only,0.0
UBA2196,0,0,0.0,0.0,3,3,0,0.0,0.0,0.0,,,0,0,0,gtdb_only,0.0
JAEUJM01,0,0,0.0,0.0,3,3,0,0.0,0.0,0.0,,,0,0,0,gtdb_only,0.0
SZ-28-30,0,0,0.0,0.0,3,3,0,0.0,0.0,0.0,,,0,0,0,gtdb_only,0.0
UBA10146,0,0,0.0,0.0,3,3,0,0.0,0.0,0.0,,,0,0,0,gtdb_only,0.0
JACMKV01,0,0,0.0,0.0,3,3,0,0.0,0.0,0.0,,,0,0,0,gtdb_only,0.0
GCA-002773005,0,0,0.0,0.0,3,3,0,0.0,0.0,0.0,,,0,0,0,gtdb_only,0.0
JACPFF01,0,0,0.0,0.0,3,3,0,0.0,0.0,0.0,,,0,0,0,gtdb_only,0.0
BM523,0,0,0.0,0.0,3,3,0,0.0,0.0,0.0,,,0,0,0,gtdb_only,0.0
UM-FILTER-39-15,0,0,0.0,0.0,3,3,0,0.0,0.0,0.0,,,0,0,0,gtdb_only,0.0
QMVU01,0,0,0.0,0.0,3,3,0,0.0,0.0,0.0,,,0,0,0,gtdb_only,0.0
Ch115,0,0,0.0,0.0,3,3,0,0.0,0.0,0.0,,,0,0,0,gtdb_only,0.0
JACROU01,0,0,0.0,0.0,3,3,0,0.0,0.0,0.0,,,0,0,0,gtdb_only,0.0
SM23-31,0,0,0.0,0.0,3,3,0,0.0,0.0,0.0,,,0,0,0,gtdb_only,0.0
DSM-25080,0,0,0.0,0.0,3,3,0,0.0,0.0,0.0,,,0,0,0,gtdb_only,0.0
CALINM01,0,0,0.0,0.0,3,3,0,0.0,0.0,0.0,,,0,0,0,gtdb_only,0.0
JAHJEM01,0,0,0.0,0.0,3,3,0,0.0,0.0,0.0,,,0,0,0,gtdb_only,0.0
CAIYCZ01,0,0,0.0,0.0,3,3,0,0.0,0.0,0.0,,,0,0,0,gtdb_only,0.0
GCA-002772825,0,0,0.0,0.0,3,3,0,0.0,0.0,0.0,,,0,0,0,gtdb_only,0.0
CALGFH01,0,0,0.0,0.0,3,3,0,0.0,0.0,0.0,,,0,0,0,gtdb_only,0.0
PWKZ01,0,0,0.0,0.0,3,3,0,0.0,0.0,0.0,,,0,0,0,gtdb_only,0.0
SLMC01,0,0,0.0,0.0,3,3,0,0.0,0.0,0.0,,,0,0,0,gtdb_only,0.0
SIG350,0,0,0.0,0.0,3,3,0,0.0,0.0,0.0,,,0,0,0,gtdb_only,0.0
VGKH01,0,0,0.0,0.0,3,3,0,0.0,0.0,0.0,,,0,0,0,gtdb_only,0.0
CAJWER01,0,0,0.0,0.0,3,3,0,0.0,0.0,0.0,,,0,0,0,gtdb_only,0.0
JACPGU01,0,0,0.0,0.0,3,3,0,0.0,0.0,0.0,,,0,0,0,gtdb_only,0.0
0-14-0-20-30-16,0,0,0.0,0.0,3,3,0,0.0,0.0,0.0,,,0,0,0,gtdb_only,0.0
DUSS01,0,0,0.0,0.0,3,3,0,0.0,0.0,0.0,,,0,0,0,gtdb_only,0.0
GCA-2717565,0,0,0.0,0.0,3,3,0,0.0,0.0,0.0,,,0,0,0,gtdb_only,0.0
CAIJKY01,0,0,0.0,0.0,3,3,0,0.0,0.0,0.0,,,0,0,0,gtdb_only,0.0
CAMAQI01,0,0,0.0,0.0,3,3,0,0.0,0.0,0.0,,,0,0,0,gtdb_only,0.0
DRBW01,0,0,0.0,0.0,3,3,0,0.0,0.0,0.0,,,0,0,0,gtdb_only,0.0
JAGVZF01,0,0,0.0,0.0,3,3,0,0.0,0.0,0.0,,,0,0,0,gtdb_only,0.0
Moduliflexaceae,0,0,0.0,0.0,3,3,0,0.0,0.0,0.0,,,0,0,0,gtdb_only,0.0
Magnetospiraceae,0,0,0.0,0.0,3,3,0,0.0,0.0,0.0,,,0,0,0,gtdb_only,0.0
JACOZG01,0,0,0.0,0.0,3,3,0,0.0,0.0,0.0,,,0,0,0,gtdb_only,0.0
SHYT01,0,0,0.0,0.0,3,3,0,0.0,0.0,0.0,,,0,0,0,gtdb_only,0.0
2-01-FULL-52-15,0,0,0.0,0.0,3,3,0,0.0,0.0,0.0,,,0,0,0,gtdb_only,0.0
Desulfitibacteraceae,0,0,0.0,0.0,3,3,0,0.0,0.0,0.0,,,0,0,0,gtdb_only,0.0
DAHUYW01,0,0,0.0,0.0,3,3,0,0.0,0.0,0.0,,,0,0,0,gtdb_only,0.0
GCA-2746255,0,0,0.0,0.0,3,3,0,0.0,0.0,0.0,,,0,0,0,gtdb_only,0.0
JAGNNV01,0,0,0.0,0.0,3,3,0,0.0,0.0,0.0,,,0,0,0,gtdb_only,0.0
PGYV01,0,0,0.0,0.0,3,3,0,0.0,0.0,0.0,,,0,0,0,gtdb_only,0.0
JAUCGF01,0,0,0.0,0.0,3,3,0,0.0,0.0,0.0,,,0,0,0,gtdb_only,0.0
UBA5342,0,0,0.0,0.0,3,3,0,0.0,0.0,0.0,,,0,0,0,gtdb_only,0.0
JAGMCI01,0,0,0.0,0.0,3,3,0,0.0,0.0,0.0,,,0,0,0,gtdb_only,0.0
GCA-2402025,0,0,0.0,0.0,3,3,0,0.0,0.0,0.0,,,0,0,0,gtdb_only,0.0
CCMP332,0,0,0.0,0.0,3,3,0,0.0,0.0,0.0,,,0,0,0,gtdb_only,0.0
JAGGXC01,0,0,0.0,0.0,3,3,0,0.0,0.0,0.0,,,0,0,0,gtdb_only,0.0
WLWN01,0,0,0.0,0.0,3,3,0,0.0,0.0,0.0,,,0,0,0,gtdb_only,0.0
UM-FILTER-41-14,0,0,0.0,0.0,3,3,0,0.0,0.0,0.0,,,0,0,0,gtdb_only,0.0
JAJFMA01,0,0,0.0,0.0,3,3,0,0.0,0.0,0.0,,,0,0,0,gtdb_only,0.0
UBA1449,0,0,0.0,0.0,3,3,0,0.0,0.0,0.0,,,0,0,0,gtdb_only,0.0
DTDR01,0,0,0.0,0.0,3,3,0,0.0,0.0,0.0,,,0,0,0,gtdb_only,0.0
DRYS01,0,0,0.0,0.0,3,3,0,0.0,0.0,0.0,,,0,0,0,gtdb_only,0.0
JACPZF01,0,0,0.0,0.0,3,3,0,0.0,0.0,0.0,,,0,0,0,gtdb_only,0.0
YA12-FULL-48-11,0,0,0.0,0.0,3,3,0,0.0,0.0,0.0,,,0,0,0,gtdb_only,0.0
JACIXR01,0,0,0.0,0.0,3,3,0,0.0,0.0,0.0,,,0,0,0,gtdb_only,0.0
JAIBCM01,0,0,0.0,0.0,3,3,0,0.0,0.0,0.0,,,0,0,0,gtdb_only,0.0
Odinarchaeaceae,0,0,0.0,0.0,3,3,0,0.0,0.0,0.0,,,0,0,0,gtdb_only,0.0
JACNGX01,0,0,0.0,0.0,3,3,0,0.0,0.0,0.0,,,0,0,0,gtdb_only,0.0
UBA5301,0,0,0.0,0.0,3,3,0,0.0,0.0,0.0,,,0,0,0,gtdb_only,0.0
DUPL01,0,0,0.0,0.0,3,3,0,0.0,0.0,0.0,,,0,0,0,gtdb_only,0.0
JAJDOJ01,0,0,0.0,0.0,3,3,0,0.0,0.0,0.0,,,0,0,0,gtdb_only,0.0
PWPR01,0,0,0.0,0.0,3,3,0,0.0,0.0,0.0,,,0,0,0,gtdb_only,0.0
GWA2-47-8,0,0,0.0,0.0,3,3,0,0.0,0.0,0.0,,,0,0,0,gtdb_only,0.0
Aerophobaceae,0,0,0.0,0.0,3,3,0,0.0,0.0,0.0,,,0,0,0,gtdb_only,0.0
JASKKU01,0,0,0.0,0.0,3,3,0,0.0,0.0,0.0,,,0,0,0,gtdb_only,0.0
SKKY01,0,0,0.0,0.0,3,3,0,0.0,0.0,0.0,,,0,0,0,gtdb_only,0.0
JAUWMJ01,0,0,0.0,0.0,3,3,0,0.0,0.0,0.0,,,0,0,0,gtdb_only,0.0
UBA10210,0,0,0.0,0.0,3,3,0,0.0,0.0,0.0,,,0,0,0,gtdb_only,0.0
GCA-016699535,0,0,0.0,0.0,3,3,0,0.0,0.0,0.0,,,0,0,0,gtdb_only,0.0
SBBD01,0,0,0.0,0.0,3,3,0,0.0,0.0,0.0,,,0,0,0,gtdb_only,0.0
SBBF01,0,0,0.0,0.0,3,3,0,0.0,0.0,0.0,,,0,0,0,gtdb_only,0.0
MEBIC09517,0,0,0.0,0.0,3,3,0,0.0,0.0,0.0,,,0,0,0,gtdb_only,0.0
WVXP01,0,0,0.0,0.0,3,3,0,0.0,0.0,0.0,,,0,0,0,gtdb_only,0.0
S146-80,0,0,0.0,0.0,3,3,0,0.0,0.0,0.0,,,0,0,0,gtdb_only,0.0
DTLA01,0,0,0.0,0.0,3,3,0,0.0,0.0,0.0,,,0,0,0,gtdb_only,0.0
JABMRN01,0,0,0.0,0.0,3,3,0,0.0,0.0,0.0,,,0,0,0,gtdb_only,0.0
JAGLXL01,0,0,0.0,0.0,3,3,0,0.0,0.0,0.0,,,0,0,0,gtdb_only,0.0
DYRK01,0,0,0.0,0.0,3,3,0,0.0,0.0,0.0,,,0,0,0,gtdb_only,0.0
JANLFV01,0,0,0.0,0.0,3,3,0,0.0,0.0,0.0,,,0,0,0,gtdb_only,0.0
JAADFP01,0,0,0.0,0.0,3,3,0,0.0,0.0,0.0,,,0,0,0,gtdb_only,0.0
2-02-FULL-58-16,0,0,0.0,0.0,3,3,0,0.0,0.0,0.0,,,0,0,0,gtdb_only,0.0
QNYZ01,0,0,0.0,0.0,3,3,0,0.0,0.0,0.0,,,0,0,0,gtdb_only,0.0
UBA3071,0,0,0.0,0.0,3,3,0,0.0,0.0,0.0,,,0,0,0,gtdb_only,0.0
B70-G9,0,0,0.0,0.0,3,3,0,0.0,0.0,0.0,,,0,0,0,gtdb_only,0.0
JAHJKD01,0,0,0.0,0.0,3,3,0,0.0,0.0,0.0,,,0,0,0,gtdb_only,0.0
DULZ01,0,0,0.0,0.0,3,3,0,0.0,0.0,0.0,,,0,0,0,gtdb_only,0.0
JAFGLY01,0,0,0.0,0.0,3,3,0,0.0,0.0,0.0,,,0,0,0,gtdb_only,0.0
JAGDMS01,0,0,0.0,0.0,3,3,0,0.0,0.0,0.0,,,0,0,0,gtdb_only,0.0
Ch109,0,0,0.0,0.0,3,3,0,0.0,0.0,0.0,,,0,0,0,gtdb_only,0.0
ASO4-4,0,0,0.0,0.0,3,3,0,0.0,0.0,0.0,,,0,0,0,gtdb_only,0.0
CAMDBA01,0,0,0.0,0.0,3,3,0,0.0,0.0,0.0,,,0,0,0,gtdb_only,0.0
JALHDB01,0,0,0.0,0.0,3,3,0,0.0,0.0,0.0,,,0,0,0,gtdb_only,0.0
J050,0,0,0.0,0.0,3,3,0,0.0,0.0,0.0,,,0,0,0,gtdb_only,0.0
JABMQH01,0,0,0.0,0.0,3,3,0,0.0,0.0,0.0,,,0,0,0,gtdb_only,0.0
DYNR01,0,0,0.0,0.0,3,3,0,0.0,0.0,0.0,,,0,0,0,gtdb_only,0.0
B39-G2,0,0,0.0,0.0,3,3,0,0.0,0.0,0.0,,,0,0,0,gtdb_only,0.0
21-14-all-47-15,0,0,0.0,0.0,3,3,0,0.0,0.0,0.0,,,0,0,0,gtdb_only,0.0
CADCWN01,0,0,0.0,0.0,3,3,0,0.0,0.0,0.0,,,0,0,0,gtdb_only,0.0
SIG427,0,0,0.0,0.0,3,3,0,0.0,0.0,0.0,,,0,0,0,gtdb_only,0.0
ZCTH02-B2,0,0,0.0,0.0,3,3,0,0.0,0.0,0.0,,,0,0,0,gtdb_only,0.0
JAKPRU01,0,0,0.0,0.0,3,3,0,0.0,0.0,0.0,,,0,0,0,gtdb_only,0.0
JAPUIC01,0,0,0.0,0.0,3,3,0,0.0,0.0,0.0,,,0,0,0,gtdb_only,0.0
UBA3575,0,0,0.0,0.0,3,3,0,0.0,0.0,0.0,,,0,0,0,gtdb_only,0.0
B33-G15,0,0,0.0,0.0,3,3,0,0.0,0.0,0.0,,,0,0,0,gtdb_only,0.0
JAJZTN01,0,0,0.0,0.0,3,3,0,0.0,0.0,0.0,,,0,0,0,gtdb_only,0.0
JAHFTW01,0,0,0.0,0.0,3,3,0,0.0,0.0,0.0,,,0,0,0,gtdb_only,0.0
JAHRWD01,0,0,0.0,0.0,3,3,0,0.0,0.0,0.0,,,0,0,0,gtdb_only,0.0
B9-G17,0,0,0.0,0.0,3,3,0,0.0,0.0,0.0,,,0,0,0,gtdb_only,0.0
Paceibacteraceae,0,0,0.0,0.0,3,3,0,0.0,0.0,0.0,,,0,0,0,gtdb_only,0.0
JAEZPW01,0,0,0.0,0.0,3,3,0,0.0,0.0,0.0,,,0,0,0,gtdb_only,0.0
JACJYZ01,0,0,0.0,0.0,3,3,0,0.0,0.0,0.0,,,0,0,0,gtdb_only,0.0
JAIRWN01,0,0,0.0,0.0,3,3,0,0.0,0.0,0.0,,,0,0,0,gtdb_only,0.0
N074bin48,0,0,0.0,0.0,3,3,0,0.0,0.0,0.0,,,0,0,0,gtdb_only,0.0
CSSED10-310,0,0,0.0,0.0,3,3,0,0.0,0.0,0.0,,,0,0,0,gtdb_only,0.0
SYMT01,0,0,0.0,0.0,3,3,0,0.0,0.0,0.0,,,0,0,0,gtdb_only,0.0
JABLXB01,0,0,0.0,0.0,3,3,0,0.0,0.0,0.0,,,0,0,0,gtdb_only,0.0
MFKM01,0,0,0.0,0.0,3,3,0,0.0,0.0,0.0,,,0,0,0,gtdb_only,0.0
JAGGXF01,0,0,0.0,0.0,3,3,0,0.0,0.0,0.0,,,0,0,0,gtdb_only,0.0
UBA119,0,0,0.0,0.0,3,3,0,0.0,0.0,0.0,,,0,0,0,gtdb_only,0.0
E26-bin7,0,0,0.0,0.0,3,3,0,0.0,0.0,0.0,,,0,0,0,gtdb_only,0.0
B129-G9,0,0,0.0,0.0,3,3,0,0.0,0.0,0.0,,,0,0,0,gtdb_only,0.0
SCGC-AAA003-L08,0,0,0.0,0.0,3,3,0,0.0,0.0,0.0,,,0,0,0,gtdb_only,0.0
G020351185,0,0,0.0,0.0,3,3,0,0.0,0.0,0.0,,,0,0,0,gtdb_only,0.0
J048,0,0,0.0,0.0,3,3,0,0.0,0.0,0.0,,,0,0,0,gtdb_only,0.0
Wukongarchaeaceae,0,0,0.0,0.0,3,3,0,0.0,0.0,0.0,,,0,0,0,gtdb_only,0.0
B15-G2,0,0,0.0,0.0,3,3,0,0.0,0.0,0.0,,,0,0,0,gtdb_only,0.0
Gloeocapsaceae,0,0,0.0,0.0,3,3,0,0.0,0.0,0.0,,,0,0,0,gtdb_only,0.0
B3-WOES,0,0,0.0,0.0,3,3,0,0.0,0.0,0.0,,,0,0,0,gtdb_only,0.0
JAJRXK01,0,0,0.0,0.0,3,3,0,0.0,0.0,0.0,,,0,0,0,gtdb_only,0.0
S146-22,0,0,0.0,0.0,3,3,0,0.0,0.0,0.0,,,0,0,0,gtdb_only,0.0
DSYF01,0,0,0.0,0.0,3,3,0,0.0,0.0,0.0,,,0,0,0,gtdb_only,0.0
UBA8471,0,0,0.0,0.0,3,3,0,0.0,0.0,0.0,,,0,0,0,gtdb_only,0.0
EX4484-217-1,0,0,0.0,0.0,3,3,0,0.0,0.0,0.0,,,0,0,0,gtdb_only,0.0
JAAYKD01,0,0,0.0,0.0,3,3,0,0.0,0.0,0.0,,,0,0,0,gtdb_only,0.0
B8-G13,0,0,0.0,0.0,3,3,0,0.0,0.0,0.0,,,0,0,0,gtdb_only,0.0
CALLMV01,0,0,0.0,0.0,3,3,0,0.0,0.0,0.0,,,0,0,0,gtdb_only,0.0
CAIRNS01,0,0,0.0,0.0,3,3,0,0.0,0.0,0.0,,,0,0,0,gtdb_only,0.0
JAFGUD01,0,0,0.0,0.0,3,3,0,0.0,0.0,0.0,,,0,0,0,gtdb_only,0.0
UBA10200,0,0,0.0,0.0,3,3,0,0.0,0.0,0.0,,,0,0,0,gtdb_only,0.0
WAMD01,0,0,0.0,0.0,3,3,0,0.0,0.0,0.0,,,0,0,0,gtdb_only,0.0
B40-G2,0,0,0.0,0.0,3,3,0,0.0,0.0,0.0,,,0,0,0,gtdb_only,0.0
CAJWTS01,0,0,0.0,0.0,3,3,0,0.0,0.0,0.0,,,0,0,0,gtdb_only,0.0
JADQBR01,0,0,0.0,0.0,3,3,0,0.0,0.0,0.0,,,0,0,0,gtdb_only,0.0
QQUJ01,0,0,0.0,0.0,3,3,0,0.0,0.0,0.0,,,0,0,0,gtdb_only,0.0
SLPX01,0,0,0.0,0.0,3,3,0,0.0,0.0,0.0,,,0,0,0,gtdb_only,0.0
RFNS01,0,0,0.0,0.0,3,3,0,0.0,0.0,0.0,,,0,0,0,gtdb_only,0.0
WJKA01,0,0,0.0,0.0,3,3,0,0.0,0.0,0.0,,,0,0,0,gtdb_only,0.0
JAJRXT01,0,0,0.0,0.0,3,3,0,0.0,0.0,0.0,,,0,0,0,gtdb_only,0.0
CADBOM01,0,0,0.0,0.0,3,3,0,0.0,0.0,0.0,,,0,0,0,gtdb_only,0.0
21-14-0-20-44-7,0,0,0.0,0.0,3,3,0,0.0,0.0,0.0,,,0,0,0,gtdb_only,0.0
JAAVYR01,0,0,0.0,0.0,3,3,0,0.0,0.0,0.0,,,0,0,0,gtdb_only,0.0
JAHIVN01,0,0,0.0,0.0,3,3,0,0.0,0.0,0.0,,,0,0,0,gtdb_only,0.0
JAACET01,0,0,0.0,0.0,3,3,0,0.0,0.0,0.0,,,0,0,0,gtdb_only,0.0
CADBQJ01,0,0,0.0,0.0,3,3,0,0.0,0.0,0.0,,,0,0,0,gtdb_only,0.0
JAHFFX01,0,0,0.0,0.0,3,3,0,0.0,0.0,0.0,,,0,0,0,gtdb_only,0.0
JAGLGH01,0,0,0.0,0.0,3,3,0,0.0,0.0,0.0,,,0,0,0,gtdb_only,0.0
WJKC01,0,0,0.0,0.0,3,3,0,0.0,0.0,0.0,,,0,0,0,gtdb_only,0.0
DYHD01,0,0,0.0,0.0,3,3,0,0.0,0.0,0.0,,,0,0,0,gtdb_only,0.0
RBG-16-64-22,0,0,0.0,0.0,3,3,0,0.0,0.0,0.0,,,0,0,0,gtdb_only,0.0
UBA1515,0,0,0.0,0.0,3,3,0,0.0,0.0,0.0,,,0,0,0,gtdb_only,0.0
GWE2-29-8,0,0,0.0,0.0,3,3,0,0.0,0.0,0.0,,,0,0,0,gtdb_only,0.0
UBA8349,0,0,0.0,0.0,3,3,0,0.0,0.0,0.0,,,0,0,0,gtdb_only,0.0
UBA2361,0,0,0.0,0.0,3,3,0,0.0,0.0,0.0,,,0,0,0,gtdb_only,0.0
JAFGJP01,0,0,0.0,0.0,3,3,0,0.0,0.0,0.0,,,0,0,0,gtdb_only,0.0
JABURT01,0,0,0.0,0.0,3,3,0,0.0,0.0,0.0,,,0,0,0,gtdb_only,0.0
UBA6002,0,0,0.0,0.0,3,3,0,0.0,0.0,0.0,,,0,0,0,gtdb_only,0.0
CABMEP01,0,0,0.0,0.0,3,3,0,0.0,0.0,0.0,,,0,0,0,gtdb_only,0.0
RUG730,0,0,0.0,0.0,3,3,0,0.0,0.0,0.0,,,0,0,0,gtdb_only,0.0
DUMC01,0,0,0.0,0.0,3,3,0,0.0,0.0,0.0,,,0,0,0,gtdb_only,0.0
WRGA01,0,0,0.0,0.0,3,3,0,0.0,0.0,0.0,,,0,0,0,gtdb_only,0.0
JAFGMB01,0,0,0.0,0.0,3,3,0,0.0,0.0,0.0,,,0,0,0,gtdb_only,0.0
4572-128,0,0,0.0,0.0,3,3,0,0.0,0.0,0.0,,,0,0,0,gtdb_only,0.0
Limisphaeraceae,0,0,0.0,0.0,3,3,0,0.0,0.0,0.0,,,0,0,0,gtdb_only,0.0
JAGWBF01,0,0,0.0,0.0,3,3,0,0.0,0.0,0.0,,,0,0,0,gtdb_only,0.0
GCA-002787175,0,0,0.0,0.0,3,3,0,0.0,0.0,0.0,,,0,0,0,gtdb_only,0.0
WTBG01,0,0,0.0,0.0,3,3,0,0.0,0.0,0.0,,,0,0,0,gtdb_only,0.0
JAAYUG01,0,0,0.0,0.0,3,3,0,0.0,0.0,0.0,,,0,0,0,gtdb_only,0.0
JAKPMW01,0,0,0.0,0.0,3,3,0,0.0,0.0,0.0,,,0,0,0,gtdb_only,0.0
UBA4045,0,0,0.0,0.0,3,3,0,0.0,0.0,0.0,,,0,0,0,gtdb_only,0.0
B29-G15,0,0,0.0,0.0,3,3,0,0.0,0.0,0.0,,,0,0,0,gtdb_only,0.0
JAGLPU01,0,0,0.0,0.0,3,3,0,0.0,0.0,0.0,,,0,0,0,gtdb_only,0.0
SAAU01,0,0,0.0,0.0,3,3,0,0.0,0.0,0.0,,,0,0,0,gtdb_only,0.0
SDRK01,0,0,0.0,0.0,3,3,0,0.0,0.0,0.0,,,0,0,0,gtdb_only,0.0
S139-126,0,0,0.0,0.0,3,3,0,0.0,0.0,0.0,,,0,0,0,gtdb_only,0.0
JAHCRE01,0,0,0.0,0.0,3,3,0,0.0,0.0,0.0,,,0,0,0,gtdb_only,0.0
YA12-FULL-60-10,0,0,0.0,0.0,3,3,0,0.0,0.0,0.0,,,0,0,0,gtdb_only,0.0
MWDC01,0,0,0.0,0.0,3,3,0,0.0,0.0,0.0,,,0,0,0,gtdb_only,0.0
SZUA-21,0,0,0.0,0.0,3,3,0,0.0,0.0,0.0,,,0,0,0,gtdb_only,0.0
JAICIG01,0,0,0.0,0.0,3,3,0,0.0,0.0,0.0,,,0,0,0,gtdb_only,0.0
GAS474,0,0,0.0,0.0,3,3,0,0.0,0.0,0.0,,,0,0,0,gtdb_only,0.0
JABMRT01,0,0,0.0,0.0,3,3,0,0.0,0.0,0.0,,,0,0,0,gtdb_only,0.0
CG1-02-40-25,0,0,0.0,0.0,3,3,0,0.0,0.0,0.0,,,0,0,0,gtdb_only,0.0
UBA213,0,0,0.0,0.0,3,3,0,0.0,0.0,0.0,,,0,0,0,gtdb_only,0.0
SpSt-313,0,0,0.0,0.0,3,3,0,0.0,0.0,0.0,,,0,0,0,gtdb_only,0.0
SKKL01,0,0,0.0,0.0,3,3,0,0.0,0.0,0.0,,,0,0,0,gtdb_only,0.0
UBA3531,0,0,0.0,0.0,3,3,0,0.0,0.0,0.0,,,0,0,0,gtdb_only,0.0
JASEFT01,0,0,0.0,0.0,3,3,0,0.0,0.0,0.0,,,0,0,0,gtdb_only,0.0
UBA8480,0,0,0.0,0.0,3,3,0,0.0,0.0,0.0,,,0,0,0,gtdb_only,0.0
UBA2201,0,0,0.0,0.0,3,3,0,0.0,0.0,0.0,,,0,0,0,gtdb_only,0.0
JAHIQC01,0,0,0.0,0.0,3,3,0,0.0,0.0,0.0,,,0,0,0,gtdb_only,0.0
B3-G13,0,0,0.0,0.0,3,3,0,0.0,0.0,0.0,,,0,0,0,gtdb_only,0.0
JAFCGN01,0,0,0.0,0.0,3,3,0,0.0,0.0,0.0,,,0,0,0,gtdb_only,0.0
E44-bin18,0,0,0.0,0.0,3,3,0,0.0,0.0,0.0,,,0,0,0,gtdb_only,0.0
JAFGJU01,0,0,0.0,0.0,3,3,0,0.0,0.0,0.0,,,0,0,0,gtdb_only,0.0
SBBA01,0,0,0.0,0.0,3,3,0,0.0,0.0,0.0,,,0,0,0,gtdb_only,0.0
SpSt-600,0,0,0.0,0.0,3,3,0,0.0,0.0,0.0,,,0,0,0,gtdb_only,0.0
UBA11393,0,0,0.0,0.0,3,3,0,0.0,0.0,0.0,,,0,0,0,gtdb_only,0.0
JAGMAB01,0,0,0.0,0.0,3,3,0,0.0,0.0,0.0,,,0,0,0,gtdb_only,0.0
JAAXGF01,0,0,0.0,0.0,3,3,0,0.0,0.0,0.0,,,0,0,0,gtdb_only,0.0
JAHJDP01,0,0,0.0,0.0,3,3,0,0.0,0.0,0.0,,,0,0,0,gtdb_only,0.0
SURF-5,0,0,0.0,0.0,3,3,0,0.0,0.0,0.0,,,0,0,0,gtdb_only,0.0
JABSQK01,0,0,0.0,0.0,3,3,0,0.0,0.0,0.0,,,0,0,0,gtdb_only,0.0
JAJYJJ01,0,0,0.0,0.0,2,2,0,0.0,0.0,0.0,,,0,0,0,gtdb_only,0.0
JALTLT01,0,0,0.0,0.0,2,2,0,0.0,0.0,0.0,,,0,0,0,gtdb_only,0.0
CAIYWZ01,0,0,0.0,0.0,2,2,0,0.0,0.0,0.0,,,0,0,0,gtdb_only,0.0
JACQED01,0,0,0.0,0.0,2,2,0,0.0,0.0,0.0,,,0,0,0,gtdb_only,0.0
JAKPQE01,0,0,0.0,0.0,2,2,0,0.0,0.0,0.0,,,0,0,0,gtdb_only,0.0
RGIG7378,0,0,0.0,0.0,2,2,0,0.0,0.0,0.0,,,0,0,0,gtdb_only,0.0
JABAAY01,0,0,0.0,0.0,2,2,0,0.0,0.0,0.0,,,0,0,0,gtdb_only,0.0
JAJYRW01,0,0,0.0,0.0,2,2,0,0.0,0.0,0.0,,,0,0,0,gtdb_only,0.0
DYFA01,0,0,0.0,0.0,2,2,0,0.0,0.0,0.0,,,0,0,0,gtdb_only,0.0
OMIW01,0,0,0.0,0.0,2,2,0,0.0,0.0,0.0,,,0,0,0,gtdb_only,0.0
JAFDDA01,0,0,0.0,0.0,2,2,0,0.0,0.0,0.0,,,0,0,0,gtdb_only,0.0
JAEUKQ01,0,0,0.0,0.0,2,2,0,0.0,0.0,0.0,,,0,0,0,gtdb_only,0.0
UBA228,0,0,0.0,0.0,2,2,0,0.0,0.0,0.0,,,0,0,0,gtdb_only,0.0
JAGOZV01,0,0,0.0,0.0,2,2,0,0.0,0.0,0.0,,,0,0,0,gtdb_only,0.0
S141-80,0,0,0.0,0.0,2,2,0,0.0,0.0,0.0,,,0,0,0,gtdb_only,0.0
JASLWR01,0,0,0.0,0.0,2,2,0,0.0,0.0,0.0,,,0,0,0,gtdb_only,0.0
S012-135,0,0,0.0,0.0,2,2,0,0.0,0.0,0.0,,,0,0,0,gtdb_only,0.0
SHVW01,0,0,0.0,0.0,2,2,0,0.0,0.0,0.0,,,0,0,0,gtdb_only,0.0
JADKAF01,0,0,0.0,0.0,2,2,0,0.0,0.0,0.0,,,0,0,0,gtdb_only,0.0
JAJRUJ01,0,0,0.0,0.0,2,2,0,0.0,0.0,0.0,,,0,0,0,gtdb_only,0.0
JAGPDM01,0,0,0.0,0.0,2,2,0,0.0,0.0,0.0,,,0,0,0,gtdb_only,0.0
VGKX01,0,0,0.0,0.0,2,2,0,0.0,0.0,0.0,,,0,0,0,gtdb_only,0.0
S139-133,0,0,0.0,0.0,2,2,0,0.0,0.0,0.0,,,0,0,0,gtdb_only,0.0
JAJRXV01,0,0,0.0,0.0,2,2,0,0.0,0.0,0.0,,,0,0,0,gtdb_only,0.0
CAJFTT01,0,0,0.0,0.0,2,2,0,0.0,0.0,0.0,,,0,0,0,gtdb_only,0.0
CACXFL01,0,0,0.0,0.0,2,2,0,0.0,0.0,0.0,,,0,0,0,gtdb_only,0.0
JACQRY01,0,0,0.0,0.0,2,2,0,0.0,0.0,0.0,,,0,0,0,gtdb_only,0.0
JAHEIH01,0,0,0.0,0.0,2,2,0,0.0,0.0,0.0,,,0,0,0,gtdb_only,0.0
JABWBM01,0,0,0.0,0.0,2,2,0,0.0,0.0,0.0,,,0,0,0,gtdb_only,0.0
VFHL01,0,0,0.0,0.0,2,2,0,0.0,0.0,0.0,,,0,0,0,gtdb_only,0.0
DSTR01,0,0,0.0,0.0,2,2,0,0.0,0.0,0.0,,,0,0,0,gtdb_only,0.0
JAFGIL01,0,0,0.0,0.0,2,2,0,0.0,0.0,0.0,,,0,0,0,gtdb_only,0.0
JAIPGG01,0,0,0.0,0.0,2,2,0,0.0,0.0,0.0,,,0,0,0,gtdb_only,0.0
JAGLYY01,0,0,0.0,0.0,2,2,0,0.0,0.0,0.0,,,0,0,0,gtdb_only,0.0
JABLXJ01,0,0,0.0,0.0,2,2,0,0.0,0.0,0.0,,,0,0,0,gtdb_only,0.0
JAUJNH01,0,0,0.0,0.0,2,2,0,0.0,0.0,0.0,,,0,0,0,gtdb_only,0.0
JAHYIW01,0,0,0.0,0.0,2,2,0,0.0,0.0,0.0,,,0,0,0,gtdb_only,0.0
DTIR01,0,0,0.0,0.0,2,2,0,0.0,0.0,0.0,,,0,0,0,gtdb_only,0.0
GWF2-57-35,0,0,0.0,0.0,2,2,0,0.0,0.0,0.0,,,0,0,0,gtdb_only,0.0
CANDYO01,0,0,0.0,0.0,2,2,0,0.0,0.0,0.0,,,0,0,0,gtdb_only,0.0
JACPBO01,0,0,0.0,0.0,2,2,0,0.0,0.0,0.0,,,0,0,0,gtdb_only,0.0
Caldanaerobiaceae,0,0,0.0,0.0,2,2,0,0.0,0.0,0.0,,,0,0,0,gtdb_only,0.0
PIVM01,0,0,0.0,0.0,2,2,0,0.0,0.0,0.0,,,0,0,0,gtdb_only,0.0
1-14-2-50-48-13,0,0,0.0,0.0,2,2,0,0.0,0.0,0.0,,,0,0,0,gtdb_only,0.0
DYHQ01,0,0,0.0,0.0,2,2,0,0.0,0.0,0.0,,,0,0,0,gtdb_only,0.0
JAOADG01,0,0,0.0,0.0,2,2,0,0.0,0.0,0.0,,,0,0,0,gtdb_only,0.0
JAEWBQ01,0,0,0.0,0.0,2,2,0,0.0,0.0,0.0,,,0,0,0,gtdb_only,0.0
JAADDG01,0,0,0.0,0.0,2,2,0,0.0,0.0,0.0,,,0,0,0,gtdb_only,0.0
JASLQF01,0,0,0.0,0.0,2,2,0,0.0,0.0,0.0,,,0,0,0,gtdb_only,0.0
JAHDBA01,0,0,0.0,0.0,2,2,0,0.0,0.0,0.0,,,0,0,0,gtdb_only,0.0
EX4484-135,0,0,0.0,0.0,2,2,0,0.0,0.0,0.0,,,0,0,0,gtdb_only,0.0
SIO1D9,0,0,0.0,0.0,2,2,0,0.0,0.0,0.0,,,0,0,0,gtdb_only,0.0
JAOUFE01,0,0,0.0,0.0,2,2,0,0.0,0.0,0.0,,,0,0,0,gtdb_only,0.0
UBA11359,0,0,0.0,0.0,2,2,0,0.0,0.0,0.0,,,0,0,0,gtdb_only,0.0
SYDY01,0,0,0.0,0.0,2,2,0,0.0,0.0,0.0,,,0,0,0,gtdb_only,0.0
Rubeoparvulaceae,0,0,0.0,0.0,2,2,0,0.0,0.0,0.0,,,0,0,0,gtdb_only,0.0
JAGGWG01,0,0,0.0,0.0,2,2,0,0.0,0.0,0.0,,,0,0,0,gtdb_only,0.0
BM714,0,0,0.0,0.0,2,2,0,0.0,0.0,0.0,,,0,0,0,gtdb_only,0.0
JAILZS01,0,0,0.0,0.0,2,2,0,0.0,0.0,0.0,,,0,0,0,gtdb_only,0.0
JAQVLT01,0,0,0.0,0.0,2,2,0,0.0,0.0,0.0,,,0,0,0,gtdb_only,0.0
R501,0,0,0.0,0.0,2,2,0,0.0,0.0,0.0,,,0,0,0,gtdb_only,0.0
CALAJH01,0,0,0.0,0.0,2,2,0,0.0,0.0,0.0,,,0,0,0,gtdb_only,0.0
JAMWCP01,0,0,0.0,0.0,2,2,0,0.0,0.0,0.0,,,0,0,0,gtdb_only,0.0
JAGXOH01,0,0,0.0,0.0,2,2,0,0.0,0.0,0.0,,,0,0,0,gtdb_only,0.0
SZUA-146,0,0,0.0,0.0,2,2,0,0.0,0.0,0.0,,,0,0,0,gtdb_only,0.0
JAGOMX01,0,0,0.0,0.0,2,2,0,0.0,0.0,0.0,,,0,0,0,gtdb_only,0.0
S012-25,0,0,0.0,0.0,2,2,0,0.0,0.0,0.0,,,0,0,0,gtdb_only,0.0
JAMCWG01,0,0,0.0,0.0,2,2,0,0.0,0.0,0.0,,,0,0,0,gtdb_only,0.0
JAHECK01,0,0,0.0,0.0,2,2,0,0.0,0.0,0.0,,,0,0,0,gtdb_only,0.0
JAGLTS01,0,0,0.0,0.0,2,2,0,0.0,0.0,0.0,,,0,0,0,gtdb_only,0.0
JAJFMK01,0,0,0.0,0.0,2,2,0,0.0,0.0,0.0,,,0,0,0,gtdb_only,0.0
JAMCYU01,0,0,0.0,0.0,2,2,0,0.0,0.0,0.0,,,0,0,0,gtdb_only,0.0
JAHIVH01,0,0,0.0,0.0,2,2,0,0.0,0.0,0.0,,,0,0,0,gtdb_only,0.0
UBA12223,0,0,0.0,0.0,2,2,0,0.0,0.0,0.0,,,0,0,0,gtdb_only,0.0
JACPES01,0,0,0.0,0.0,2,2,0,0.0,0.0,0.0,,,0,0,0,gtdb_only,0.0
JADGBV01,0,0,0.0,0.0,2,2,0,0.0,0.0,0.0,,,0,0,0,gtdb_only,0.0
JACQSX01,0,0,0.0,0.0,2,2,0,0.0,0.0,0.0,,,0,0,0,gtdb_only,0.0
GM7ARS4,0,0,0.0,0.0,2,2,0,0.0,0.0,0.0,,,0,0,0,gtdb_only,0.0
JACPQY01,0,0,0.0,0.0,2,2,0,0.0,0.0,0.0,,,0,0,0,gtdb_only,0.0
PMM-0068,0,0,0.0,0.0,2,2,0,0.0,0.0,0.0,,,0,0,0,gtdb_only,0.0
JACQWR01,0,0,0.0,0.0,2,2,0,0.0,0.0,0.0,,,0,0,0,gtdb_only,0.0
GCA-2721365,0,0,0.0,0.0,2,2,0,0.0,0.0,0.0,,,0,0,0,gtdb_only,0.0
QNDG01,0,0,0.0,0.0,2,2,0,0.0,0.0,0.0,,,0,0,0,gtdb_only,0.0
UBA8530,0,0,0.0,0.0,2,2,0,0.0,0.0,0.0,,,0,0,0,gtdb_only,0.0
RSA17,0,0,0.0,0.0,2,2,0,0.0,0.0,0.0,,,0,0,0,gtdb_only,0.0
CACJXQ01,0,0,0.0,0.0,2,2,0,0.0,0.0,0.0,,,0,0,0,gtdb_only,0.0
NPL-UPA2,0,0,0.0,0.0,2,2,0,0.0,0.0,0.0,,,0,0,0,gtdb_only,0.0
VGKN01,0,0,0.0,0.0,2,2,0,0.0,0.0,0.0,,,0,0,0,gtdb_only,0.0
JAGGVH01,0,0,0.0,0.0,2,2,0,0.0,0.0,0.0,,,0,0,0,gtdb_only,0.0
JAGHAM01,0,0,0.0,0.0,2,2,0,0.0,0.0,0.0,,,0,0,0,gtdb_only,0.0
SBAY01,0,0,0.0,0.0,2,2,0,0.0,0.0,0.0,,,0,0,0,gtdb_only,0.0
Nucleicultricaceae,0,0,0.0,0.0,2,2,0,0.0,0.0,0.0,,,0,0,0,gtdb_only,0.0
UBA9088,0,0,0.0,0.0,2,2,0,0.0,0.0,0.0,,,0,0,0,gtdb_only,0.0
XYD1-FULL-40-9,0,0,0.0,0.0,2,2,0,0.0,0.0,0.0,,,0,0,0,gtdb_only,0.0
JACQDG01,0,0,0.0,0.0,2,2,0,0.0,0.0,0.0,,,0,0,0,gtdb_only,0.0
0-14-0-80-44-23,0,0,0.0,0.0,2,2,0,0.0,0.0,0.0,,,0,0,0,gtdb_only,0.0
JAGLYR01,0,0,0.0,0.0,2,2,0,0.0,0.0,0.0,,,0,0,0,gtdb_only,0.0
BS750m-G30,0,0,0.0,0.0,2,2,0,0.0,0.0,0.0,,,0,0,0,gtdb_only,0.0
B13-G15,0,0,0.0,0.0,2,2,0,0.0,0.0,0.0,,,0,0,0,gtdb_only,0.0
CAKMZR01,0,0,0.0,0.0,2,2,0,0.0,0.0,0.0,,,0,0,0,gtdb_only,0.0
JAGVZH01,0,0,0.0,0.0,2,2,0,0.0,0.0,0.0,,,0,0,0,gtdb_only,0.0
JADGCL01,0,0,0.0,0.0,2,2,0,0.0,0.0,0.0,,,0,0,0,gtdb_only,0.0
JARRCM01,0,0,0.0,0.0,2,2,0,0.0,0.0,0.0,,,0,0,0,gtdb_only,0.0
JAHLMP01,0,0,0.0,0.0,2,2,0,0.0,0.0,0.0,,,0,0,0,gtdb_only,0.0
JAJBBL01,0,0,0.0,0.0,2,2,0,0.0,0.0,0.0,,,0,0,0,gtdb_only,0.0
J016,0,0,0.0,0.0,2,2,0,0.0,0.0,0.0,,,0,0,0,gtdb_only,0.0
BA12,0,0,0.0,0.0,2,2,0,0.0,0.0,0.0,,,0,0,0,gtdb_only,0.0
SOJS01,0,0,0.0,0.0,2,2,0,0.0,0.0,0.0,,,0,0,0,gtdb_only,0.0
JAUWLS01,0,0,0.0,0.0,2,2,0,0.0,0.0,0.0,,,0,0,0,gtdb_only,0.0
JAOACQ01,0,0,0.0,0.0,2,2,0,0.0,0.0,0.0,,,0,0,0,gtdb_only,0.0
JAGOZY01,0,0,0.0,0.0,2,2,0,0.0,0.0,0.0,,,0,0,0,gtdb_only,0.0
JAUWPF01,0,0,0.0,0.0,2,2,0,0.0,0.0,0.0,,,0,0,0,gtdb_only,0.0
JAGLUP01,0,0,0.0,0.0,2,2,0,0.0,0.0,0.0,,,0,0,0,gtdb_only,0.0
B47-G16,0,0,0.0,0.0,2,2,0,0.0,0.0,0.0,,,0,0,0,gtdb_only,0.0
DRUE01,0,0,0.0,0.0,2,2,0,0.0,0.0,0.0,,,0,0,0,gtdb_only,0.0
Massilibacteriaceae,0,0,0.0,0.0,2,2,0,0.0,0.0,0.0,,,0,0,0,gtdb_only,0.0
JAJFKO01,0,0,0.0,0.0,2,2,0,0.0,0.0,0.0,,,0,0,0,gtdb_only,0.0
UBA10199,0,0,0.0,0.0,2,2,0,0.0,0.0,0.0,,,0,0,0,gtdb_only,0.0
JACKFB01,0,0,0.0,0.0,2,2,0,0.0,0.0,0.0,,,0,0,0,gtdb_only,0.0
UBA2233,0,0,0.0,0.0,2,2,0,0.0,0.0,0.0,,,0,0,0,gtdb_only,0.0
CG1-02-47-40,0,0,0.0,0.0,2,2,0,0.0,0.0,0.0,,,0,0,0,gtdb_only,0.0
RI-55,0,0,0.0,0.0,2,2,0,0.0,0.0,0.0,,,0,0,0,gtdb_only,0.0
Thermosinaceae,0,0,0.0,0.0,2,2,0,0.0,0.0,0.0,,,0,0,0,gtdb_only,0.0
JACRKE01,0,0,0.0,0.0,2,2,0,0.0,0.0,0.0,,,0,0,0,gtdb_only,0.0
JACRMM01,0,0,0.0,0.0,2,2,0,0.0,0.0,0.0,,,0,0,0,gtdb_only,0.0
JAOUOS01,0,0,0.0,0.0,2,2,0,0.0,0.0,0.0,,,0,0,0,gtdb_only,0.0
JAGMZX01,0,0,0.0,0.0,2,2,0,0.0,0.0,0.0,,,0,0,0,gtdb_only,0.0
JACPNR01,0,0,0.0,0.0,2,2,0,0.0,0.0,0.0,,,0,0,0,gtdb_only,0.0
JADGCH01,0,0,0.0,0.0,2,2,0,0.0,0.0,0.0,,,0,0,0,gtdb_only,0.0
TMED78,0,0,0.0,0.0,2,2,0,0.0,0.0,0.0,,,0,0,0,gtdb_only,0.0
JABSOH01,0,0,0.0,0.0,2,2,0,0.0,0.0,0.0,,,0,0,0,gtdb_only,0.0
JACQSD01,0,0,0.0,0.0,2,2,0,0.0,0.0,0.0,,,0,0,0,gtdb_only,0.0
JAFEGQ01,0,0,0.0,0.0,2,2,0,0.0,0.0,0.0,,,0,0,0,gtdb_only,0.0
CALLJL01,0,0,0.0,0.0,2,2,0,0.0,0.0,0.0,,,0,0,0,gtdb_only,0.0
JAUVQV01,0,0,0.0,0.0,2,2,0,0.0,0.0,0.0,,,0,0,0,gtdb_only,0.0
Comchoanobacteraceae,0,0,0.0,0.0,2,2,0,0.0,0.0,0.0,,,0,0,0,gtdb_only,0.0
CALHIP01,0,0,0.0,0.0,2,2,0,0.0,0.0,0.0,,,0,0,0,gtdb_only,0.0
SM23-81,0,0,0.0,0.0,2,2,0,0.0,0.0,0.0,,,0,0,0,gtdb_only,0.0
QZLD01,0,0,0.0,0.0,2,2,0,0.0,0.0,0.0,,,0,0,0,gtdb_only,0.0
B21-G16,0,0,0.0,0.0,2,2,0,0.0,0.0,0.0,,,0,0,0,gtdb_only,0.0
JAKLKS01,0,0,0.0,0.0,2,2,0,0.0,0.0,0.0,,,0,0,0,gtdb_only,0.0
Desulfofarciminaceae,0,0,0.0,0.0,2,2,0,0.0,0.0,0.0,,,0,0,0,gtdb_only,0.0
JAFDFH01,0,0,0.0,0.0,2,2,0,0.0,0.0,0.0,,,0,0,0,gtdb_only,0.0
CAJXXR01,0,0,0.0,0.0,2,2,0,0.0,0.0,0.0,,,0,0,0,gtdb_only,0.0
NORP286,0,0,0.0,0.0,2,2,0,0.0,0.0,0.0,,,0,0,0,gtdb_only,0.0
GPF-1,0,0,0.0,0.0,2,2,0,0.0,0.0,0.0,,,0,0,0,gtdb_only,0.0
JAXPJC01,0,0,0.0,0.0,2,2,0,0.0,0.0,0.0,,,0,0,0,gtdb_only,0.0
DSM-26407,0,0,0.0,0.0,2,2,0,0.0,0.0,0.0,,,0,0,0,gtdb_only,0.0
QHBQ01,0,0,0.0,0.0,2,2,0,0.0,0.0,0.0,,,0,0,0,gtdb_only,0.0
JABXHR01,0,0,0.0,0.0,2,2,0,0.0,0.0,0.0,,,0,0,0,gtdb_only,0.0
JAQVVF01,0,0,0.0,0.0,2,2,0,0.0,0.0,0.0,,,0,0,0,gtdb_only,0.0
JAFGQM01,0,0,0.0,0.0,2,2,0,0.0,0.0,0.0,,,0,0,0,gtdb_only,0.0
CAKKQC01,0,0,0.0,0.0,2,2,0,0.0,0.0,0.0,,,0,0,0,gtdb_only,0.0
PEZQ01,0,0,0.0,0.0,2,2,0,0.0,0.0,0.0,,,0,0,0,gtdb_only,0.0
JAJCZQ01,0,0,0.0,0.0,2,2,0,0.0,0.0,0.0,,,0,0,0,gtdb_only,0.0
JAAYHZ01,0,0,0.0,0.0,2,2,0,0.0,0.0,0.0,,,0,0,0,gtdb_only,0.0
JAENWW01,0,0,0.0,0.0,2,2,0,0.0,0.0,0.0,,,0,0,0,gtdb_only,0.0
UBA10219,0,0,0.0,0.0,2,2,0,0.0,0.0,0.0,,,0,0,0,gtdb_only,0.0
JAUVJM01,0,0,0.0,0.0,2,2,0,0.0,0.0,0.0,,,0,0,0,gtdb_only,0.0
CAKZMO01,0,0,0.0,0.0,2,2,0,0.0,0.0,0.0,,,0,0,0,gtdb_only,0.0
JAFGCO01,0,0,0.0,0.0,2,2,0,0.0,0.0,0.0,,,0,0,0,gtdb_only,0.0
SZUA-150,0,0,0.0,0.0,2,2,0,0.0,0.0,0.0,,,0,0,0,gtdb_only,0.0
PETJ01,0,0,0.0,0.0,2,2,0,0.0,0.0,0.0,,,0,0,0,gtdb_only,0.0
JAPUKM01,0,0,0.0,0.0,2,2,0,0.0,0.0,0.0,,,0,0,0,gtdb_only,0.0
DSM-100316,0,0,0.0,0.0,2,2,0,0.0,0.0,0.0,,,0,0,0,gtdb_only,0.0
JAOUNW01,0,0,0.0,0.0,2,2,0,0.0,0.0,0.0,,,0,0,0,gtdb_only,0.0
Aquitaenariimonadaceae,0,0,0.0,0.0,2,2,0,0.0,0.0,0.0,,,0,0,0,gtdb_only,0.0
JACPWG01,0,0,0.0,0.0,2,2,0,0.0,0.0,0.0,,,0,0,0,gtdb_only,0.0
DYQY01,0,0,0.0,0.0,2,2,0,0.0,0.0,0.0,,,0,0,0,gtdb_only,0.0
JANYDT01,0,0,0.0,0.0,2,2,0,0.0,0.0,0.0,,,0,0,0,gtdb_only,0.0
JALGWA01,0,0,0.0,0.0,2,2,0,0.0,0.0,0.0,,,0,0,0,gtdb_only,0.0
SPBQ01,0,0,0.0,0.0,2,2,0,0.0,0.0,0.0,,,0,0,0,gtdb_only,0.0
JAEUMW01,0,0,0.0,0.0,2,2,0,0.0,0.0,0.0,,,0,0,0,gtdb_only,0.0
JAJDUF01,0,0,0.0,0.0,2,2,0,0.0,0.0,0.0,,,0,0,0,gtdb_only,0.0
UBA12135,0,0,0.0,0.0,2,2,0,0.0,0.0,0.0,,,0,0,0,gtdb_only,0.0
UBA5435,0,0,0.0,0.0,2,2,0,0.0,0.0,0.0,,,0,0,0,gtdb_only,0.0
JAUXUR01,0,0,0.0,0.0,2,2,0,0.0,0.0,0.0,,,0,0,0,gtdb_only,0.0
JASEER01,0,0,0.0,0.0,2,2,0,0.0,0.0,0.0,,,0,0,0,gtdb_only,0.0
JAFGHS01,0,0,0.0,0.0,2,2,0,0.0,0.0,0.0,,,0,0,0,gtdb_only,0.0
JALZUV01,0,0,0.0,0.0,2,2,0,0.0,0.0,0.0,,,0,0,0,gtdb_only,0.0
JAHELV01,0,0,0.0,0.0,2,2,0,0.0,0.0,0.0,,,0,0,0,gtdb_only,0.0
OFTM59,0,0,0.0,0.0,2,2,0,0.0,0.0,0.0,,,0,0,0,gtdb_only,0.0
CAIUPP01,0,0,0.0,0.0,2,2,0,0.0,0.0,0.0,,,0,0,0,gtdb_only,0.0
CAMLLE01,0,0,0.0,0.0,2,2,0,0.0,0.0,0.0,,,0,0,0,gtdb_only,0.0
MWCF01,0,0,0.0,0.0,2,2,0,0.0,0.0,0.0,,,0,0,0,gtdb_only,0.0
JAHEGP01,0,0,0.0,0.0,2,2,0,0.0,0.0,0.0,,,0,0,0,gtdb_only,0.0
JAAAOL01,0,0,0.0,0.0,2,2,0,0.0,0.0,0.0,,,0,0,0,gtdb_only,0.0
PWNZ01,0,0,0.0,0.0,2,2,0,0.0,0.0,0.0,,,0,0,0,gtdb_only,0.0
CAIMLA01,0,0,0.0,0.0,2,2,0,0.0,0.0,0.0,,,0,0,0,gtdb_only,0.0
JAGGUH01,0,0,0.0,0.0,2,2,0,0.0,0.0,0.0,,,0,0,0,gtdb_only,0.0
JAHCIE01,0,0,0.0,0.0,2,2,0,0.0,0.0,0.0,,,0,0,0,gtdb_only,0.0
DAOVPY01,0,0,0.0,0.0,2,2,0,0.0,0.0,0.0,,,0,0,0,gtdb_only,0.0
JdFR-54,0,0,0.0,0.0,2,2,0,0.0,0.0,0.0,,,0,0,0,gtdb_only,0.0
IMC4,0,0,0.0,0.0,2,2,0,0.0,0.0,0.0,,,0,0,0,gtdb_only,0.0
FW602-bin22,0,0,0.0,0.0,2,2,0,0.0,0.0,0.0,,,0,0,0,gtdb_only,0.0
DRJH01,0,0,0.0,0.0,2,2,0,0.0,0.0,0.0,,,0,0,0,gtdb_only,0.0
JAFGBZ01,0,0,0.0,0.0,2,2,0,0.0,0.0,0.0,,,0,0,0,gtdb_only,0.0
JAUXBS01,0,0,0.0,0.0,2,2,0,0.0,0.0,0.0,,,0,0,0,gtdb_only,0.0
G020345765,0,0,0.0,0.0,2,2,0,0.0,0.0,0.0,,,0,0,0,gtdb_only,0.0
JAFMIX01,0,0,0.0,0.0,2,2,0,0.0,0.0,0.0,,,0,0,0,gtdb_only,0.0
Massilibacillaceae,0,0,0.0,0.0,2,2,0,0.0,0.0,0.0,,,0,0,0,gtdb_only,0.0
CG08-08-20-14,0,0,0.0,0.0,2,2,0,0.0,0.0,0.0,,,0,0,0,gtdb_only,0.0
G020354645,0,0,0.0,0.0,2,2,0,0.0,0.0,0.0,,,0,0,0,gtdb_only,0.0
S144-35,0,0,0.0,0.0,2,2,0,0.0,0.0,0.0,,,0,0,0,gtdb_only,0.0
AG-410-N11,0,0,0.0,0.0,2,2,0,0.0,0.0,0.0,,,0,0,0,gtdb_only,0.0
JAQTZZ01,0,0,0.0,0.0,2,2,0,0.0,0.0,0.0,,,0,0,0,gtdb_only,0.0
Zhaonellaceae,0,0,0.0,0.0,2,2,0,0.0,0.0,0.0,,,0,0,0,gtdb_only,0.0
JAOZQN01,0,0,0.0,0.0,2,2,0,0.0,0.0,0.0,,,0,0,0,gtdb_only,0.0
4572-123,0,0,0.0,0.0,2,2,0,0.0,0.0,0.0,,,0,0,0,gtdb_only,0.0
SHYC01,0,0,0.0,0.0,2,2,0,0.0,0.0,0.0,,,0,0,0,gtdb_only,0.0
UBA1459,0,0,0.0,0.0,2,2,0,0.0,0.0,0.0,,,0,0,0,gtdb_only,0.0
NMUJ01,0,0,0.0,0.0,2,2,0,0.0,0.0,0.0,,,0,0,0,gtdb_only,0.0
M30B43,0,0,0.0,0.0,2,2,0,0.0,0.0,0.0,,,0,0,0,gtdb_only,0.0
G023898405,0,0,0.0,0.0,2,2,0,0.0,0.0,0.0,,,0,0,0,gtdb_only,0.0
JACPQK01,0,0,0.0,0.0,2,2,0,0.0,0.0,0.0,,,0,0,0,gtdb_only,0.0
JAURND01,0,0,0.0,0.0,2,2,0,0.0,0.0,0.0,,,0,0,0,gtdb_only,0.0
JAAEPT01,0,0,0.0,0.0,2,2,0,0.0,0.0,0.0,,,0,0,0,gtdb_only,0.0
JADFCW01,0,0,0.0,0.0,2,2,0,0.0,0.0,0.0,,,0,0,0,gtdb_only,0.0
JACRGO01,0,0,0.0,0.0,2,2,0,0.0,0.0,0.0,,,0,0,0,gtdb_only,0.0
JANQMY01,0,0,0.0,0.0,2,2,0,0.0,0.0,0.0,,,0,0,0,gtdb_only,0.0
JACQVS01,0,0,0.0,0.0,2,2,0,0.0,0.0,0.0,,,0,0,0,gtdb_only,0.0
SURF-54,0,0,0.0,0.0,2,2,0,0.0,0.0,0.0,,,0,0,0,gtdb_only,0.0
JAFGJC01,0,0,0.0,0.0,2,2,0,0.0,0.0,0.0,,,0,0,0,gtdb_only,0.0
Fontisphaeraceae,0,0,0.0,0.0,2,2,0,0.0,0.0,0.0,,,0,0,0,gtdb_only,0.0
JACPFL01,0,0,0.0,0.0,2,2,0,0.0,0.0,0.0,,,0,0,0,gtdb_only,0.0
UBA8481,0,0,0.0,0.0,2,2,0,0.0,0.0,0.0,,,0,0,0,gtdb_only,0.0
JAKDMF01,0,0,0.0,0.0,2,2,0,0.0,0.0,0.0,,,0,0,0,gtdb_only,0.0
JACPRG01,0,0,0.0,0.0,2,2,0,0.0,0.0,0.0,,,0,0,0,gtdb_only,0.0
RYN-140,0,0,0.0,0.0,2,2,0,0.0,0.0,0.0,,,0,0,0,gtdb_only,0.0
DRYI01,0,0,0.0,0.0,2,2,0,0.0,0.0,0.0,,,0,0,0,gtdb_only,0.0
JABINC01,0,0,0.0,0.0,2,2,0,0.0,0.0,0.0,,,0,0,0,gtdb_only,0.0
JACQLI01,0,0,0.0,0.0,2,2,0,0.0,0.0,0.0,,,0,0,0,gtdb_only,0.0
JAADFO01,0,0,0.0,0.0,2,2,0,0.0,0.0,0.0,,,0,0,0,gtdb_only,0.0
JACAEB01,0,0,0.0,0.0,2,2,0,0.0,0.0,0.0,,,0,0,0,gtdb_only,0.0
PHAN01,0,0,0.0,0.0,2,2,0,0.0,0.0,0.0,,,0,0,0,gtdb_only,0.0
JAQVHJ01,0,0,0.0,0.0,2,2,0,0.0,0.0,0.0,,,0,0,0,gtdb_only,0.0
JAKQHR01,0,0,0.0,0.0,2,2,0,0.0,0.0,0.0,,,0,0,0,gtdb_only,0.0
SHNJ01,0,0,0.0,0.0,2,2,0,0.0,0.0,0.0,,,0,0,0,gtdb_only,0.0
JAHJAY01,0,0,0.0,0.0,2,2,0,0.0,0.0,0.0,,,0,0,0,gtdb_only,0.0
2-01-FULL-51-21,0,0,0.0,0.0,2,2,0,0.0,0.0,0.0,,,0,0,0,gtdb_only,0.0
JAIOQZ01,0,0,0.0,0.0,2,2,0,0.0,0.0,0.0,,,0,0,0,gtdb_only,0.0
JACOSC01,0,0,0.0,0.0,2,2,0,0.0,0.0,0.0,,,0,0,0,gtdb_only,0.0
CASDRH01,0,0,0.0,0.0,2,2,0,0.0,0.0,0.0,,,0,0,0,gtdb_only,0.0
JACQZI01,0,0,0.0,0.0,2,2,0,0.0,0.0,0.0,,,0,0,0,gtdb_only,0.0
JAJYSQ01,0,0,0.0,0.0,2,2,0,0.0,0.0,0.0,,,0,0,0,gtdb_only,0.0
WAMV01,0,0,0.0,0.0,2,2,0,0.0,0.0,0.0,,,0,0,0,gtdb_only,0.0
Gygaellaceae,0,0,0.0,0.0,2,2,0,0.0,0.0,0.0,,,0,0,0,gtdb_only,0.0
WALN01,0,0,0.0,0.0,2,2,0,0.0,0.0,0.0,,,0,0,0,gtdb_only,0.0
GCA-2689995,0,0,0.0,0.0,2,2,0,0.0,0.0,0.0,,,0,0,0,gtdb_only,0.0
JAJZBP01,0,0,0.0,0.0,2,2,0,0.0,0.0,0.0,,,0,0,0,gtdb_only,0.0
JAMDAP01,0,0,0.0,0.0,2,2,0,0.0,0.0,0.0,,,0,0,0,gtdb_only,0.0
UBA6935,0,0,0.0,0.0,2,2,0,0.0,0.0,0.0,,,0,0,0,gtdb_only,0.0
RBS10-35,0,0,0.0,0.0,2,2,0,0.0,0.0,0.0,,,0,0,0,gtdb_only,0.0
CAMZNU01,0,0,0.0,0.0,2,2,0,0.0,0.0,0.0,,,0,0,0,gtdb_only,0.0
JAGLSM01,0,0,0.0,0.0,2,2,0,0.0,0.0,0.0,,,0,0,0,gtdb_only,0.0
JAJRWW01,0,0,0.0,0.0,2,2,0,0.0,0.0,0.0,,,0,0,0,gtdb_only,0.0
J135,0,0,0.0,0.0,2,2,0,0.0,0.0,0.0,,,0,0,0,gtdb_only,0.0
JAFLCA01,0,0,0.0,0.0,2,2,0,0.0,0.0,0.0,,,0,0,0,gtdb_only,0.0
JAAZVP01,0,0,0.0,0.0,2,2,0,0.0,0.0,0.0,,,0,0,0,gtdb_only,0.0
T1Sed10-126,0,0,0.0,0.0,2,2,0,0.0,0.0,0.0,,,0,0,0,gtdb_only,0.0
JAUWIS01,0,0,0.0,0.0,2,2,0,0.0,0.0,0.0,,,0,0,0,gtdb_only,0.0
JAGXOG01,0,0,0.0,0.0,2,2,0,0.0,0.0,0.0,,,0,0,0,gtdb_only,0.0
JAACFD01,0,0,0.0,0.0,2,2,0,0.0,0.0,0.0,,,0,0,0,gtdb_only,0.0
SZUA-601,0,0,0.0,0.0,2,2,0,0.0,0.0,0.0,,,0,0,0,gtdb_only,0.0
SURF-37,0,0,0.0,0.0,2,2,0,0.0,0.0,0.0,,,0,0,0,gtdb_only,0.0
RI-342,0,0,0.0,0.0,2,2,0,0.0,0.0,0.0,,,0,0,0,gtdb_only,0.0
Desulfosudaceae,0,0,0.0,0.0,2,2,0,0.0,0.0,0.0,,,0,0,0,gtdb_only,0.0
JAEYWL01,0,0,0.0,0.0,2,2,0,0.0,0.0,0.0,,,0,0,0,gtdb_only,0.0
JAAOIJ01,0,0,0.0,0.0,2,2,0,0.0,0.0,0.0,,,0,0,0,gtdb_only,0.0
JACOVV01,0,0,0.0,0.0,2,2,0,0.0,0.0,0.0,,,0,0,0,gtdb_only,0.0
JAFGQW01,0,0,0.0,0.0,2,2,0,0.0,0.0,0.0,,,0,0,0,gtdb_only,0.0
JAUYLV01,0,0,0.0,0.0,2,2,0,0.0,0.0,0.0,,,0,0,0,gtdb_only,0.0
JAJOIW01,0,0,0.0,0.0,2,2,0,0.0,0.0,0.0,,,0,0,0,gtdb_only,0.0
QWHO01,0,0,0.0,0.0,2,2,0,0.0,0.0,0.0,,,0,0,0,gtdb_only,0.0
JAHJAL01,0,0,0.0,0.0,2,2,0,0.0,0.0,0.0,,,0,0,0,gtdb_only,0.0
JAGMXM01,0,0,0.0,0.0,2,2,0,0.0,0.0,0.0,,,0,0,0,gtdb_only,0.0
UBA1400,0,0,0.0,0.0,2,2,0,0.0,0.0,0.0,,,0,0,0,gtdb_only,0.0
RBG-16-45-19,0,0,0.0,0.0,2,2,0,0.0,0.0,0.0,,,0,0,0,gtdb_only,0.0
CAJBRS01,0,0,0.0,0.0,2,2,0,0.0,0.0,0.0,,,0,0,0,gtdb_only,0.0
JAGGZC01,0,0,0.0,0.0,2,2,0,0.0,0.0,0.0,,,0,0,0,gtdb_only,0.0
JACOTG01,0,0,0.0,0.0,2,2,0,0.0,0.0,0.0,,,0,0,0,gtdb_only,0.0
UBA5755,0,0,0.0,0.0,2,2,0,0.0,0.0,0.0,,,0,0,0,gtdb_only,0.0
S146-70,0,0,0.0,0.0,2,2,0,0.0,0.0,0.0,,,0,0,0,gtdb_only,0.0
Ancaeobacteraceae,0,0,0.0,0.0,2,2,0,0.0,0.0,0.0,,,0,0,0,gtdb_only,0.0
DT-38,0,0,0.0,0.0,2,2,0,0.0,0.0,0.0,,,0,0,0,gtdb_only,0.0
JAUZOH01,0,0,0.0,0.0,2,2,0,0.0,0.0,0.0,,,0,0,0,gtdb_only,0.0
SKWO01,0,0,0.0,0.0,2,2,0,0.0,0.0,0.0,,,0,0,0,gtdb_only,0.0
JAQUQO01,0,0,0.0,0.0,2,2,0,0.0,0.0,0.0,,,0,0,0,gtdb_only,0.0
CALKYB01,0,0,0.0,0.0,2,2,0,0.0,0.0,0.0,,,0,0,0,gtdb_only,0.0
S141-50,0,0,0.0,0.0,2,2,0,0.0,0.0,0.0,,,0,0,0,gtdb_only,0.0
JAUIET01,0,0,0.0,0.0,2,2,0,0.0,0.0,0.0,,,0,0,0,gtdb_only,0.0
1-14-0-10-42-12,0,0,0.0,0.0,2,2,0,0.0,0.0,0.0,,,0,0,0,gtdb_only,0.0
UBA11073,0,0,0.0,0.0,2,2,0,0.0,0.0,0.0,,,0,0,0,gtdb_only,0.0
JACPQF01,0,0,0.0,0.0,2,2,0,0.0,0.0,0.0,,,0,0,0,gtdb_only,0.0
UBA10169,0,0,0.0,0.0,2,2,0,0.0,0.0,0.0,,,0,0,0,gtdb_only,0.0
SOKK01,0,0,0.0,0.0,2,2,0,0.0,0.0,0.0,,,0,0,0,gtdb_only,0.0
SICM01,0,0,0.0,0.0,2,2,0,0.0,0.0,0.0,,,0,0,0,gtdb_only,0.0
JAFGBC01,0,0,0.0,0.0,2,2,0,0.0,0.0,0.0,,,0,0,0,gtdb_only,0.0
JASMDC01,0,0,0.0,0.0,2,2,0,0.0,0.0,0.0,,,0,0,0,gtdb_only,0.0
JAPPIL01,0,0,0.0,0.0,2,2,0,0.0,0.0,0.0,,,0,0,0,gtdb_only,0.0
JAENIV01,0,0,0.0,0.0,2,2,0,0.0,0.0,0.0,,,0,0,0,gtdb_only,0.0
YD0425bin50,0,0,0.0,0.0,2,2,0,0.0,0.0,0.0,,,0,0,0,gtdb_only,0.0
DYGU01,0,0,0.0,0.0,2,2,0,0.0,0.0,0.0,,,0,0,0,gtdb_only,0.0
JAAYEA01,0,0,0.0,0.0,2,2,0,0.0,0.0,0.0,,,0,0,0,gtdb_only,0.0
SBBU01,0,0,0.0,0.0,2,2,0,0.0,0.0,0.0,,,0,0,0,gtdb_only,0.0
GCA-2688965,0,0,0.0,0.0,2,2,0,0.0,0.0,0.0,,,0,0,0,gtdb_only,0.0
UBA5214,0,0,0.0,0.0,2,2,0,0.0,0.0,0.0,,,0,0,0,gtdb_only,0.0
JACQTL01,0,0,0.0,0.0,2,2,0,0.0,0.0,0.0,,,0,0,0,gtdb_only,0.0
S140-20,0,0,0.0,0.0,2,2,0,0.0,0.0,0.0,,,0,0,0,gtdb_only,0.0
JALGUG01,0,0,0.0,0.0,2,2,0,0.0,0.0,0.0,,,0,0,0,gtdb_only,0.0
2-01-FULL-40-14,0,0,0.0,0.0,2,2,0,0.0,0.0,0.0,,,0,0,0,gtdb_only,0.0
CAJQIN01,0,0,0.0,0.0,2,2,0,0.0,0.0,0.0,,,0,0,0,gtdb_only,0.0
CALMAK01,0,0,0.0,0.0,2,2,0,0.0,0.0,0.0,,,0,0,0,gtdb_only,0.0
VFKW01,0,0,0.0,0.0,2,2,0,0.0,0.0,0.0,,,0,0,0,gtdb_only,0.0
CAKMMH01,0,0,0.0,0.0,2,2,0,0.0,0.0,0.0,,,0,0,0,gtdb_only,0.0
JACRJZ01,0,0,0.0,0.0,2,2,0,0.0,0.0,0.0,,,0,0,0,gtdb_only,0.0
JACQSS01,0,0,0.0,0.0,2,2,0,0.0,0.0,0.0,,,0,0,0,gtdb_only,0.0
O2-12-FULL-59-9,0,0,0.0,0.0,2,2,0,0.0,0.0,0.0,,,0,0,0,gtdb_only,0.0
GCA-00278855,0,0,0.0,0.0,2,2,0,0.0,0.0,0.0,,,0,0,0,gtdb_only,0.0
JAKEGO01,0,0,0.0,0.0,2,2,0,0.0,0.0,0.0,,,0,0,0,gtdb_only,0.0
JAUPVS01,0,0,0.0,0.0,2,2,0,0.0,0.0,0.0,,,0,0,0,gtdb_only,0.0
CAISDR01,0,0,0.0,0.0,2,2,0,0.0,0.0,0.0,,,0,0,0,gtdb_only,0.0
JABMRJ01,0,0,0.0,0.0,2,2,0,0.0,0.0,0.0,,,0,0,0,gtdb_only,0.0
JAKQUI01,0,0,0.0,0.0,2,2,0,0.0,0.0,0.0,,,0,0,0,gtdb_only,0.0
CALIRQ01,0,0,0.0,0.0,2,2,0,0.0,0.0,0.0,,,0,0,0,gtdb_only,0.0
CAKKQI01,0,0,0.0,0.0,2,2,0,0.0,0.0,0.0,,,0,0,0,gtdb_only,0.0
WAPJ01,0,0,0.0,0.0,2,2,0,0.0,0.0,0.0,,,0,0,0,gtdb_only,0.0
CAIZIN01,0,0,0.0,0.0,2,2,0,0.0,0.0,0.0,,,0,0,0,gtdb_only,0.0
B54-G15,0,0,0.0,0.0,2,2,0,0.0,0.0,0.0,,,0,0,0,gtdb_only,0.0
JAJPHE01,0,0,0.0,0.0,2,2,0,0.0,0.0,0.0,,,0,0,0,gtdb_only,0.0
GCA-002779355,0,0,0.0,0.0,2,2,0,0.0,0.0,0.0,,,0,0,0,gtdb_only,0.0
JAIQFR01,0,0,0.0,0.0,2,2,0,0.0,0.0,0.0,,,0,0,0,gtdb_only,0.0
RDOG01,0,0,0.0,0.0,2,2,0,0.0,0.0,0.0,,,0,0,0,gtdb_only,0.0
WALA01,0,0,0.0,0.0,2,2,0,0.0,0.0,0.0,,,0,0,0,gtdb_only,0.0
RBG-1,0,0,0.0,0.0,2,2,0,0.0,0.0,0.0,,,0,0,0,gtdb_only,0.0
GBS-2,0,0,0.0,0.0,2,2,0,0.0,0.0,0.0,,,0,0,0,gtdb_only,0.0
GCA-2688105,0,0,0.0,0.0,2,2,0,0.0,0.0,0.0,,,0,0,0,gtdb_only,0.0
Chersky-534,0,0,0.0,0.0,2,2,0,0.0,0.0,0.0,,,0,0,0,gtdb_only,0.0
COTS27,0,0,0.0,0.0,2,2,0,0.0,0.0,0.0,,,0,0,0,gtdb_only,0.0
JAFGQG01,0,0,0.0,0.0,2,2,0,0.0,0.0,0.0,,,0,0,0,gtdb_only,0.0
JAAOXT01,0,0,0.0,0.0,2,2,0,0.0,0.0,0.0,,,0,0,0,gtdb_only,0.0
JAJPHF01,0,0,0.0,0.0,2,2,0,0.0,0.0,0.0,,,0,0,0,gtdb_only,0.0
JAHITG01,0,0,0.0,0.0,2,2,0,0.0,0.0,0.0,,,0,0,0,gtdb_only,0.0
JASJAZ01,0,0,0.0,0.0,2,2,0,0.0,0.0,0.0,,,0,0,0,gtdb_only,0.0
MCWD3,0,0,0.0,0.0,2,2,0,0.0,0.0,0.0,,,0,0,0,gtdb_only,0.0
JAIBAJ01,0,0,0.0,0.0,2,2,0,0.0,0.0,0.0,,,0,0,0,gtdb_only,0.0
GCA-2685855,0,0,0.0,0.0,2,2,0,0.0,0.0,0.0,,,0,0,0,gtdb_only,0.0
CG1-02-57-44,0,0,0.0,0.0,2,2,0,0.0,0.0,0.0,,,0,0,0,gtdb_only,0.0
CAJXLG01,0,0,0.0,0.0,2,2,0,0.0,0.0,0.0,,,0,0,0,gtdb_only,0.0
CAMZLY01,0,0,0.0,0.0,2,2,0,0.0,0.0,0.0,,,0,0,0,gtdb_only,0.0
JABMPQ01,0,0,0.0,0.0,2,2,0,0.0,0.0,0.0,,,0,0,0,gtdb_only,0.0
JAKFXT01,0,0,0.0,0.0,2,2,0,0.0,0.0,0.0,,,0,0,0,gtdb_only,0.0
DSCS01,0,0,0.0,0.0,2,2,0,0.0,0.0,0.0,,,0,0,0,gtdb_only,0.0
SM23-73-2,0,0,0.0,0.0,2,2,0,0.0,0.0,0.0,,,0,0,0,gtdb_only,0.0
JAGOVF01,0,0,0.0,0.0,2,2,0,0.0,0.0,0.0,,,0,0,0,gtdb_only,0.0
Prado026,0,0,0.0,0.0,2,2,0,0.0,0.0,0.0,,,0,0,0,gtdb_only,0.0
Bin98,0,0,0.0,0.0,2,2,0,0.0,0.0,0.0,,,0,0,0,gtdb_only,0.0
VMEP01,0,0,0.0,0.0,2,2,0,0.0,0.0,0.0,,,0,0,0,gtdb_only,0.0
JAJFFE01,0,0,0.0,0.0,2,2,0,0.0,0.0,0.0,,,0,0,0,gtdb_only,0.0
JASLLZ01,0,0,0.0,0.0,2,2,0,0.0,0.0,0.0,,,0,0,0,gtdb_only,0.0
DC-out160,0,0,0.0,0.0,2,2,0,0.0,0.0,0.0,,,0,0,0,gtdb_only,0.0
WJKR01,0,0,0.0,0.0,2,2,0,0.0,0.0,0.0,,,0,0,0,gtdb_only,0.0
JASKZW01,0,0,0.0,0.0,2,2,0,0.0,0.0,0.0,,,0,0,0,gtdb_only,0.0
MGBC116941,0,0,0.0,0.0,2,2,0,0.0,0.0,0.0,,,0,0,0,gtdb_only,0.0
Naiadarchaeaceae,0,0,0.0,0.0,2,2,0,0.0,0.0,0.0,,,0,0,0,gtdb_only,0.0
JAAXIE01,0,0,0.0,0.0,2,2,0,0.0,0.0,0.0,,,0,0,0,gtdb_only,0.0
JAMCPD01,0,0,0.0,0.0,2,2,0,0.0,0.0,0.0,,,0,0,0,gtdb_only,0.0
JADZAE01,0,0,0.0,0.0,2,2,0,0.0,0.0,0.0,,,0,0,0,gtdb_only,0.0
VGDC01,0,0,0.0,0.0,2,2,0,0.0,0.0,0.0,,,0,0,0,gtdb_only,0.0
JADFZZ01,0,0,0.0,0.0,2,2,0,0.0,0.0,0.0,,,0,0,0,gtdb_only,0.0
UBA12508,0,0,0.0,0.0,2,2,0,0.0,0.0,0.0,,,0,0,0,gtdb_only,0.0
JACQIF01,0,0,0.0,0.0,2,2,0,0.0,0.0,0.0,,,0,0,0,gtdb_only,0.0
UBA9212,0,0,0.0,0.0,2,2,0,0.0,0.0,0.0,,,0,0,0,gtdb_only,0.0
MT37,0,0,0.0,0.0,2,2,0,0.0,0.0,0.0,,,0,0,0,gtdb_only,0.0
JAJFHC01,0,0,0.0,0.0,2,2,0,0.0,0.0,0.0,,,0,0,0,gtdb_only,0.0
SpSt-1050,0,0,0.0,0.0,2,2,0,0.0,0.0,0.0,,,0,0,0,gtdb_only,0.0
JALXBF01,0,0,0.0,0.0,2,2,0,0.0,0.0,0.0,,,0,0,0,gtdb_only,0.0
CAMUQR01,0,0,0.0,0.0,2,2,0,0.0,0.0,0.0,,,0,0,0,gtdb_only,0.0
JAMCVK01,0,0,0.0,0.0,2,2,0,0.0,0.0,0.0,,,0,0,0,gtdb_only,0.0
JACQCQ01,0,0,0.0,0.0,2,2,0,0.0,0.0,0.0,,,0,0,0,gtdb_only,0.0
PWLI01,0,0,0.0,0.0,2,2,0,0.0,0.0,0.0,,,0,0,0,gtdb_only,0.0
JAFGDQ01,0,0,0.0,0.0,2,2,0,0.0,0.0,0.0,,,0,0,0,gtdb_only,0.0
JACOXY01,0,0,0.0,0.0,2,2,0,0.0,0.0,0.0,,,0,0,0,gtdb_only,0.0
JACRKL01,0,0,0.0,0.0,2,2,0,0.0,0.0,0.0,,,0,0,0,gtdb_only,0.0
JAFGNG01,0,0,0.0,0.0,2,2,0,0.0,0.0,0.0,,,0,0,0,gtdb_only,0.0
RGIG7773,0,0,0.0,0.0,2,2,0,0.0,0.0,0.0,,,0,0,0,gtdb_only,0.0
SZUA-359,0,0,0.0,0.0,2,2,0,0.0,0.0,0.0,,,0,0,0,gtdb_only,0.0
BS750m-G34,0,0,0.0,0.0,2,2,0,0.0,0.0,0.0,,,0,0,0,gtdb_only,0.0
JALTON01,0,0,0.0,0.0,2,2,0,0.0,0.0,0.0,,,0,0,0,gtdb_only,0.0
AqS3,0,0,0.0,0.0,2,2,0,0.0,0.0,0.0,,,0,0,0,gtdb_only,0.0
S139-57,0,0,0.0,0.0,2,2,0,0.0,0.0,0.0,,,0,0,0,gtdb_only,0.0
JAUXAE01,0,0,0.0,0.0,2,2,0,0.0,0.0,0.0,,,0,0,0,gtdb_only,0.0
JAGRAN01,0,0,0.0,0.0,2,2,0,0.0,0.0,0.0,,,0,0,0,gtdb_only,0.0
JAHJSD01,0,0,0.0,0.0,2,2,0,0.0,0.0,0.0,,,0,0,0,gtdb_only,0.0
RYN-182,0,0,0.0,0.0,2,2,0,0.0,0.0,0.0,,,0,0,0,gtdb_only,0.0
JAHJTE01,0,0,0.0,0.0,2,2,0,0.0,0.0,0.0,,,0,0,0,gtdb_only,0.0
JACVQG01,0,0,0.0,0.0,2,2,0,0.0,0.0,0.0,,,0,0,0,gtdb_only,0.0
DYJU01,0,0,0.0,0.0,2,2,0,0.0,0.0,0.0,,,0,0,0,gtdb_only,0.0
JAFGMM01,0,0,0.0,0.0,2,2,0,0.0,0.0,0.0,,,0,0,0,gtdb_only,0.0
SCTI01,0,0,0.0,0.0,2,2,0,0.0,0.0,0.0,,,0,0,0,gtdb_only,0.0
JABWBI01,0,0,0.0,0.0,2,2,0,0.0,0.0,0.0,,,0,0,0,gtdb_only,0.0
PLA5,0,0,0.0,0.0,2,2,0,0.0,0.0,0.0,,,0,0,0,gtdb_only,0.0
DA-C8,0,0,0.0,0.0,2,2,0,0.0,0.0,0.0,,,0,0,0,gtdb_only,0.0
WRDA01,0,0,0.0,0.0,2,2,0,0.0,0.0,0.0,,,0,0,0,gtdb_only,0.0
JANXEG01,0,0,0.0,0.0,2,2,0,0.0,0.0,0.0,,,0,0,0,gtdb_only,0.0
UBA1441,0,0,0.0,0.0,2,2,0,0.0,0.0,0.0,,,0,0,0,gtdb_only,0.0
JAQTXJ01,0,0,0.0,0.0,2,2,0,0.0,0.0,0.0,,,0,0,0,gtdb_only,0.0
GCA-2401445,0,0,0.0,0.0,2,2,0,0.0,0.0,0.0,,,0,0,0,gtdb_only,0.0
GCF-013343005,0,0,0.0,0.0,2,2,0,0.0,0.0,0.0,,,0,0,0,gtdb_only,0.0
CECT-8803,0,0,0.0,0.0,2,2,0,0.0,0.0,0.0,,,0,0,0,gtdb_only,0.0
B28-G17,0,0,0.0,0.0,2,2,0,0.0,0.0,0.0,,,0,0,0,gtdb_only,0.0
JAGUWE01,0,0,0.0,0.0,2,2,0,0.0,0.0,0.0,,,0,0,0,gtdb_only,0.0
JAJFKG01,0,0,0.0,0.0,2,2,0,0.0,0.0,0.0,,,0,0,0,gtdb_only,0.0
Hydrothermaceae,0,0,0.0,0.0,2,2,0,0.0,0.0,0.0,,,0,0,0,gtdb_only,0.0
JAFGLR01,0,0,0.0,0.0,2,2,0,0.0,0.0,0.0,,,0,0,0,gtdb_only,0.0
UBA6013,0,0,0.0,0.0,2,2,0,0.0,0.0,0.0,,,0,0,0,gtdb_only,0.0
JAHWIC01,0,0,0.0,0.0,2,2,0,0.0,0.0,0.0,,,0,0,0,gtdb_only,0.0
JAUVVT01,0,0,0.0,0.0,2,2,0,0.0,0.0,0.0,,,0,0,0,gtdb_only,0.0
JAKLDR01,0,0,0.0,0.0,2,2,0,0.0,0.0,0.0,,,0,0,0,gtdb_only,0.0
EFPC-124,0,0,0.0,0.0,2,2,0,0.0,0.0,0.0,,,0,0,0,gtdb_only,0.0
JAHEKD01,0,0,0.0,0.0,2,2,0,0.0,0.0,0.0,,,0,0,0,gtdb_only,0.0
D1FN1-002,0,0,0.0,0.0,2,2,0,0.0,0.0,0.0,,,0,0,0,gtdb_only,0.0
UBA4767,0,0,0.0,0.0,2,2,0,0.0,0.0,0.0,,,0,0,0,gtdb_only,0.0
JAMOQF01,0,0,0.0,0.0,2,2,0,0.0,0.0,0.0,,,0,0,0,gtdb_only,0.0
JAENZW01,0,0,0.0,0.0,2,2,0,0.0,0.0,0.0,,,0,0,0,gtdb_only,0.0
CAUJGQ01,0,0,0.0,0.0,2,2,0,0.0,0.0,0.0,,,0,0,0,gtdb_only,0.0
CALKMO01,0,0,0.0,0.0,2,2,0,0.0,0.0,0.0,,,0,0,0,gtdb_only,0.0
PXCX01,0,0,0.0,0.0,2,2,0,0.0,0.0,0.0,,,0,0,0,gtdb_only,0.0
JAGOBX01,0,0,0.0,0.0,2,2,0,0.0,0.0,0.0,,,0,0,0,gtdb_only,0.0
JAFDHS01,0,0,0.0,0.0,2,2,0,0.0,0.0,0.0,,,0,0,0,gtdb_only,0.0
JACQNH01,0,0,0.0,0.0,2,2,0,0.0,0.0,0.0,,,0,0,0,gtdb_only,0.0
JAADDX01,0,0,0.0,0.0,2,2,0,0.0,0.0,0.0,,,0,0,0,gtdb_only,0.0
CAINVO01,0,0,0.0,0.0,2,2,0,0.0,0.0,0.0,,,0,0,0,gtdb_only,0.0
AA152,0,0,0.0,0.0,2,2,0,0.0,0.0,0.0,,,0,0,0,gtdb_only,0.0
JACRIC01,0,0,0.0,0.0,2,2,0,0.0,0.0,0.0,,,0,0,0,gtdb_only,0.0
2-12-FULL-38-22,0,0,0.0,0.0,2,2,0,0.0,0.0,0.0,,,0,0,0,gtdb_only,0.0
JAHJRZ01,0,0,0.0,0.0,2,2,0,0.0,0.0,0.0,,,0,0,0,gtdb_only,0.0
JdFR-97,0,0,0.0,0.0,2,2,0,0.0,0.0,0.0,,,0,0,0,gtdb_only,0.0
RYN-404,0,0,0.0,0.0,2,2,0,0.0,0.0,0.0,,,0,0,0,gtdb_only,0.0
BM515,0,0,0.0,0.0,2,2,0,0.0,0.0,0.0,,,0,0,0,gtdb_only,0.0
PALSA-1396,0,0,0.0,0.0,2,2,0,0.0,0.0,0.0,,,0,0,0,gtdb_only,0.0
GWB1-36-13,0,0,0.0,0.0,2,2,0,0.0,0.0,0.0,,,0,0,0,gtdb_only,0.0
JAIEPX01,0,0,0.0,0.0,2,2,0,0.0,0.0,0.0,,,0,0,0,gtdb_only,0.0
2-01-FULL-41-18,0,0,0.0,0.0,2,2,0,0.0,0.0,0.0,,,0,0,0,gtdb_only,0.0
JAENJB01,0,0,0.0,0.0,2,2,0,0.0,0.0,0.0,,,0,0,0,gtdb_only,0.0
VGFC01,0,0,0.0,0.0,2,2,0,0.0,0.0,0.0,,,0,0,0,gtdb_only,0.0
JAHJIN01,0,0,0.0,0.0,2,2,0,0.0,0.0,0.0,,,0,0,0,gtdb_only,0.0
JAJZPX01,0,0,0.0,0.0,2,2,0,0.0,0.0,0.0,,,0,0,0,gtdb_only,0.0
JACQQZ01,0,0,0.0,0.0,2,2,0,0.0,0.0,0.0,,,0,0,0,gtdb_only,0.0
DSM-28697,0,0,0.0,0.0,2,2,0,0.0,0.0,0.0,,,0,0,0,gtdb_only,0.0
UBA287,0,0,0.0,0.0,2,2,0,0.0,0.0,0.0,,,0,0,0,gtdb_only,0.0
Hydrothermarchaeaceae,0,0,0.0,0.0,2,2,0,0.0,0.0,0.0,,,0,0,0,gtdb_only,0.0
B15-G16,0,0,0.0,0.0,2,2,0,0.0,0.0,0.0,,,0,0,0,gtdb_only,0.0
J089,0,0,0.0,0.0,2,2,0,0.0,0.0,0.0,,,0,0,0,gtdb_only,0.0
JAJYGY01,0,0,0.0,0.0,2,2,0,0.0,0.0,0.0,,,0,0,0,gtdb_only,0.0
JAADGP01,0,0,0.0,0.0,2,2,0,0.0,0.0,0.0,,,0,0,0,gtdb_only,0.0
CANJSG01,0,0,0.0,0.0,2,2,0,0.0,0.0,0.0,,,0,0,0,gtdb_only,0.0
GWB1-45-9,0,0,0.0,0.0,2,2,0,0.0,0.0,0.0,,,0,0,0,gtdb_only,0.0
DSAB01,0,0,0.0,0.0,2,2,0,0.0,0.0,0.0,,,0,0,0,gtdb_only,0.0
Anammoxibacteraceae,0,0,0.0,0.0,2,2,0,0.0,0.0,0.0,,,0,0,0,gtdb_only,0.0
JABIPA01,0,0,0.0,0.0,2,2,0,0.0,0.0,0.0,,,0,0,0,gtdb_only,0.0
AB-629-J13,0,0,0.0,0.0,2,2,0,0.0,0.0,0.0,,,0,0,0,gtdb_only,0.0
SURF-40,0,0,0.0,0.0,2,2,0,0.0,0.0,0.0,,,0,0,0,gtdb_only,0.0
JAGQOS01,0,0,0.0,0.0,2,2,0,0.0,0.0,0.0,,,0,0,0,gtdb_only,0.0
WJKH01,0,0,0.0,0.0,2,2,0,0.0,0.0,0.0,,,0,0,0,gtdb_only,0.0
UBA8901,0,0,0.0,0.0,2,2,0,0.0,0.0,0.0,,,0,0,0,gtdb_only,0.0
JAFAIN01,0,0,0.0,0.0,2,2,0,0.0,0.0,0.0,,,0,0,0,gtdb_only,0.0
JAKLHH01,0,0,0.0,0.0,2,2,0,0.0,0.0,0.0,,,0,0,0,gtdb_only,0.0
SKNY01,0,0,0.0,0.0,2,2,0,0.0,0.0,0.0,,,0,0,0,gtdb_only,0.0
JAJDCP01,0,0,0.0,0.0,2,2,0,0.0,0.0,0.0,,,0,0,0,gtdb_only,0.0
JAUVCU01,0,0,0.0,0.0,2,2,0,0.0,0.0,0.0,,,0,0,0,gtdb_only,0.0
CAIZGN01,0,0,0.0,0.0,2,2,0,0.0,0.0,0.0,,,0,0,0,gtdb_only,0.0
DSM-25281,0,0,0.0,0.0,2,2,0,0.0,0.0,0.0,,,0,0,0,gtdb_only,0.0
Culicoidibacteraceae,0,0,0.0,0.0,2,2,0,0.0,0.0,0.0,,,0,0,0,gtdb_only,0.0
GCA-2686955,0,0,0.0,0.0,2,2,0,0.0,0.0,0.0,,,0,0,0,gtdb_only,0.0
UBA6919,0,0,0.0,0.0,2,2,0,0.0,0.0,0.0,,,0,0,0,gtdb_only,0.0
JAPPOO01,0,0,0.0,0.0,2,2,0,0.0,0.0,0.0,,,0,0,0,gtdb_only,0.0
0-14-0-20-34-12,0,0,0.0,0.0,2,2,0,0.0,0.0,0.0,,,0,0,0,gtdb_only,0.0
UBA3532,0,0,0.0,0.0,2,2,0,0.0,0.0,0.0,,,0,0,0,gtdb_only,0.0
CALJEL01,0,0,0.0,0.0,2,2,0,0.0,0.0,0.0,,,0,0,0,gtdb_only,0.0
CAMCWV01,0,0,0.0,0.0,2,2,0,0.0,0.0,0.0,,,0,0,0,gtdb_only,0.0
JAJZYS01,0,0,0.0,0.0,2,2,0,0.0,0.0,0.0,,,0,0,0,gtdb_only,0.0
WRAA01,0,0,0.0,0.0,2,2,0,0.0,0.0,0.0,,,0,0,0,gtdb_only,0.0
JACPYF01,0,0,0.0,0.0,2,2,0,0.0,0.0,0.0,,,0,0,0,gtdb_only,0.0
REEB80,0,0,0.0,0.0,2,2,0,0.0,0.0,0.0,,,0,0,0,gtdb_only,0.0
QHCA01,0,0,0.0,0.0,2,2,0,0.0,0.0,0.0,,,0,0,0,gtdb_only,0.0
JAJVII01,0,0,0.0,0.0,2,2,0,0.0,0.0,0.0,,,0,0,0,gtdb_only,0.0
JACMQJ01,0,0,0.0,0.0,2,2,0,0.0,0.0,0.0,,,0,0,0,gtdb_only,0.0
DRJF01,0,0,0.0,0.0,2,2,0,0.0,0.0,0.0,,,0,0,0,gtdb_only,0.0
BM507,0,0,0.0,0.0,2,2,0,0.0,0.0,0.0,,,0,0,0,gtdb_only,0.0
JACOMY01,0,0,0.0,0.0,2,2,0,0.0,0.0,0.0,,,0,0,0,gtdb_only,0.0
JAGHBH01,0,0,0.0,0.0,2,2,0,0.0,0.0,0.0,,,0,0,0,gtdb_only,0.0
UM-FILTER-48-10,0,0,0.0,0.0,2,2,0,0.0,0.0,0.0,,,0,0,0,gtdb_only,0.0
DTSZ01,0,0,0.0,0.0,2,2,0,0.0,0.0,0.0,,,0,0,0,gtdb_only,0.0
SURF-8,0,0,0.0,0.0,2,2,0,0.0,0.0,0.0,,,0,0,0,gtdb_only,0.0
JACRMX01,0,0,0.0,0.0,2,2,0,0.0,0.0,0.0,,,0,0,0,gtdb_only,0.0
JAJFFI01,0,0,0.0,0.0,2,2,0,0.0,0.0,0.0,,,0,0,0,gtdb_only,0.0
QS-5-54-17,0,0,0.0,0.0,2,2,0,0.0,0.0,0.0,,,0,0,0,gtdb_only,0.0
UBA3534,0,0,0.0,0.0,2,2,0,0.0,0.0,0.0,,,0,0,0,gtdb_only,0.0
JAFGAV01,0,0,0.0,0.0,2,2,0,0.0,0.0,0.0,,,0,0,0,gtdb_only,0.0
SZUA-182,0,0,0.0,0.0,2,2,0,0.0,0.0,0.0,,,0,0,0,gtdb_only,0.0
SLFE01,0,0,0.0,0.0,2,2,0,0.0,0.0,0.0,,,0,0,0,gtdb_only,0.0
SW-10-69-26,0,0,0.0,0.0,2,2,0,0.0,0.0,0.0,,,0,0,0,gtdb_only,0.0
JAJTBE01,0,0,0.0,0.0,2,2,0,0.0,0.0,0.0,,,0,0,0,gtdb_only,0.0
VGZR01,0,0,0.0,0.0,2,2,0,0.0,0.0,0.0,,,0,0,0,gtdb_only,0.0
JAERRO01,0,0,0.0,0.0,2,2,0,0.0,0.0,0.0,,,0,0,0,gtdb_only,0.0
JALSQH01,0,0,0.0,0.0,2,2,0,0.0,0.0,0.0,,,0,0,0,gtdb_only,0.0
YB12-FULL-65-16,0,0,0.0,0.0,2,2,0,0.0,0.0,0.0,,,0,0,0,gtdb_only,0.0
JAIPKD01,0,0,0.0,0.0,2,2,0,0.0,0.0,0.0,,,0,0,0,gtdb_only,0.0
JAHIRA01,0,0,0.0,0.0,2,2,0,0.0,0.0,0.0,,,0,0,0,gtdb_only,0.0
K13,0,0,0.0,0.0,2,2,0,0.0,0.0,0.0,,,0,0,0,gtdb_only,0.0
JAJRZW01,0,0,0.0,0.0,2,2,0,0.0,0.0,0.0,,,0,0,0,gtdb_only,0.0
DSM-24629,0,0,0.0,0.0,2,2,0,0.0,0.0,0.0,,,0,0,0,gtdb_only,0.0
JAOXRX01,0,0,0.0,0.0,2,2,0,0.0,0.0,0.0,,,0,0,0,gtdb_only,0.0
W693,0,0,0.0,0.0,2,2,0,0.0,0.0,0.0,,,0,0,0,gtdb_only,0.0
JAHELT01,0,0,0.0,0.0,2,2,0,0.0,0.0,0.0,,,0,0,0,gtdb_only,0.0
BB28,0,0,0.0,0.0,2,2,0,0.0,0.0,0.0,,,0,0,0,gtdb_only,0.0
UBA3086,0,0,0.0,0.0,2,2,0,0.0,0.0,0.0,,,0,0,0,gtdb_only,0.0
B32-G16,0,0,0.0,0.0,2,2,0,0.0,0.0,0.0,,,0,0,0,gtdb_only,0.0
DAOWLH01,0,0,0.0,0.0,2,2,0,0.0,0.0,0.0,,,0,0,0,gtdb_only,0.0
DTLH01,0,0,0.0,0.0,2,2,0,0.0,0.0,0.0,,,0,0,0,gtdb_only,0.0
DAOVCL01,0,0,0.0,0.0,2,2,0,0.0,0.0,0.0,,,0,0,0,gtdb_only,0.0
JABXJV01,0,0,0.0,0.0,2,2,0,0.0,0.0,0.0,,,0,0,0,gtdb_only,0.0
JAPPPA01,0,0,0.0,0.0,2,2,0,0.0,0.0,0.0,,,0,0,0,gtdb_only,0.0
WFRC01,0,0,0.0,0.0,2,2,0,0.0,0.0,0.0,,,0,0,0,gtdb_only,0.0
JAUTXP01,0,0,0.0,0.0,2,2,0,0.0,0.0,0.0,,,0,0,0,gtdb_only,0.0
SCBR16-9,0,0,0.0,0.0,2,2,0,0.0,0.0,0.0,,,0,0,0,gtdb_only,0.0
JAGUXG01,0,0,0.0,0.0,2,2,0,0.0,0.0,0.0,,,0,0,0,gtdb_only,0.0
JAISLQ01,0,0,0.0,0.0,2,2,0,0.0,0.0,0.0,,,0,0,0,gtdb_only,0.0
JACRDZ01,0,0,0.0,0.0,2,2,0,0.0,0.0,0.0,,,0,0,0,gtdb_only,0.0
GCA-002748415,0,0,0.0,0.0,2,2,0,0.0,0.0,0.0,,,0,0,0,gtdb_only,0.0
JAGVGV01,0,0,0.0,0.0,2,2,0,0.0,0.0,0.0,,,0,0,0,gtdb_only,0.0
DG-74-1,0,0,0.0,0.0,2,2,0,0.0,0.0,0.0,,,0,0,0,gtdb_only,0.0
ZOR0009,0,0,0.0,0.0,2,2,0,0.0,0.0,0.0,,,0,0,0,gtdb_only,0.0
JAMCWA01,0,0,0.0,0.0,2,2,0,0.0,0.0,0.0,,,0,0,0,gtdb_only,0.0
JAIORY01,0,0,0.0,0.0,2,2,0,0.0,0.0,0.0,,,0,0,0,gtdb_only,0.0
S141-70,0,0,0.0,0.0,2,2,0,0.0,0.0,0.0,,,0,0,0,gtdb_only,0.0
JAGUVE01,0,0,0.0,0.0,2,2,0,0.0,0.0,0.0,,,0,0,0,gtdb_only,0.0
CALXSR01,0,0,0.0,0.0,2,2,0,0.0,0.0,0.0,,,0,0,0,gtdb_only,0.0
JAFGKX01,0,0,0.0,0.0,2,2,0,0.0,0.0,0.0,,,0,0,0,gtdb_only,0.0
JAIXUI01,0,0,0.0,0.0,2,2,0,0.0,0.0,0.0,,,0,0,0,gtdb_only,0.0
JAGPBS01,0,0,0.0,0.0,2,2,0,0.0,0.0,0.0,,,0,0,0,gtdb_only,0.0
JAAYSF01,0,0,0.0,0.0,2,2,0,0.0,0.0,0.0,,,0,0,0,gtdb_only,0.0
JACPPY01,0,0,0.0,0.0,2,2,0,0.0,0.0,0.0,,,0,0,0,gtdb_only,0.0
SpSt-1174,0,0,0.0,0.0,2,2,0,0.0,0.0,0.0,,,0,0,0,gtdb_only,0.0
UBA2780,0,0,0.0,0.0,2,2,0,0.0,0.0,0.0,,,0,0,0,gtdb_only,0.0
EX4484-205,0,0,0.0,0.0,2,2,0,0.0,0.0,0.0,,,0,0,0,gtdb_only,0.0
DTDX01,0,0,0.0,0.0,2,2,0,0.0,0.0,0.0,,,0,0,0,gtdb_only,0.0
UBA8153,0,0,0.0,0.0,2,2,0,0.0,0.0,0.0,,,0,0,0,gtdb_only,0.0
BM501,0,0,0.0,0.0,2,2,0,0.0,0.0,0.0,,,0,0,0,gtdb_only,0.0
JASLLV01,0,0,0.0,0.0,2,2,0,0.0,0.0,0.0,,,0,0,0,gtdb_only,0.0
SHYF01,0,0,0.0,0.0,2,2,0,0.0,0.0,0.0,,,0,0,0,gtdb_only,0.0
GWF2-45-14,0,0,0.0,0.0,2,2,0,0.0,0.0,0.0,,,0,0,0,gtdb_only,0.0
MES13,0,0,0.0,0.0,2,2,0,0.0,0.0,0.0,,,0,0,0,gtdb_only,0.0
JACOUP01,0,0,0.0,0.0,2,2,0,0.0,0.0,0.0,,,0,0,0,gtdb_only,0.0
UBA1431,0,0,0.0,0.0,2,2,0,0.0,0.0,0.0,,,0,0,0,gtdb_only,0.0
JAEXRW01,0,0,0.0,0.0,2,2,0,0.0,0.0,0.0,,,0,0,0,gtdb_only,0.0
JACPPG01,0,0,0.0,0.0,2,2,0,0.0,0.0,0.0,,,0,0,0,gtdb_only,0.0
JALHUB01,0,0,0.0,0.0,2,2,0,0.0,0.0,0.0,,,0,0,0,gtdb_only,0.0
J061,0,0,0.0,0.0,2,2,0,0.0,0.0,0.0,,,0,0,0,gtdb_only,0.0
DYLW01,0,0,0.0,0.0,2,2,0,0.0,0.0,0.0,,,0,0,0,gtdb_only,0.0
JAOAGR01,0,0,0.0,0.0,2,2,0,0.0,0.0,0.0,,,0,0,0,gtdb_only,0.0
CANKSK01,0,0,0.0,0.0,2,2,0,0.0,0.0,0.0,,,0,0,0,gtdb_only,0.0
JADFCT01,0,0,0.0,0.0,2,2,0,0.0,0.0,0.0,,,0,0,0,gtdb_only,0.0
UBA7966,0,0,0.0,0.0,2,2,0,0.0,0.0,0.0,,,0,0,0,gtdb_only,0.0
JAHECE01,0,0,0.0,0.0,2,2,0,0.0,0.0,0.0,,,0,0,0,gtdb_only,0.0
JACQFD01,0,0,0.0,0.0,2,2,0,0.0,0.0,0.0,,,0,0,0,gtdb_only,0.0
9FT-COMBO-53-11,0,0,0.0,0.0,2,2,0,0.0,0.0,0.0,,,0,0,0,gtdb_only,0.0
UBA2591,0,0,0.0,0.0,2,2,0,0.0,0.0,0.0,,,0,0,0,gtdb_only,0.0
CAIMVM01,0,0,0.0,0.0,2,2,0,0.0,0.0,0.0,,,0,0,0,gtdb_only,0.0
S141-161,0,0,0.0,0.0,2,2,0,0.0,0.0,0.0,,,0,0,0,gtdb_only,0.0
CALJLD01,0,0,0.0,0.0,2,2,0,0.0,0.0,0.0,,,0,0,0,gtdb_only,0.0
JAHFDB01,0,0,0.0,0.0,2,2,0,0.0,0.0,0.0,,,0,0,0,gtdb_only,0.0
Uabimicrobiaceae,0,0,0.0,0.0,2,2,0,0.0,0.0,0.0,,,0,0,0,gtdb_only,0.0
JABMQX01,0,0,0.0,0.0,2,2,0,0.0,0.0,0.0,,,0,0,0,gtdb_only,0.0
2-12-FULL-40-12,0,0,0.0,0.0,2,2,0,0.0,0.0,0.0,,,0,0,0,gtdb_only,0.0
JAJCZL01,0,0,0.0,0.0,2,2,0,0.0,0.0,0.0,,,0,0,0,gtdb_only,0.0
JAKDMP01,0,0,0.0,0.0,2,2,0,0.0,0.0,0.0,,,0,0,0,gtdb_only,0.0
UBA11716,0,0,0.0,0.0,2,2,0,0.0,0.0,0.0,,,0,0,0,gtdb_only,0.0
JAICDB01,0,0,0.0,0.0,2,2,0,0.0,0.0,0.0,,,0,0,0,gtdb_only,0.0
JAKPVM01,0,0,0.0,0.0,2,2,0,0.0,0.0,0.0,,,0,0,0,gtdb_only,0.0
VMGY01,0,0,0.0,0.0,2,2,0,0.0,0.0,0.0,,,0,0,0,gtdb_only,0.0
JACQUS01,0,0,0.0,0.0,2,2,0,0.0,0.0,0.0,,,0,0,0,gtdb_only,0.0
JACKCP01,0,0,0.0,0.0,2,2,0,0.0,0.0,0.0,,,0,0,0,gtdb_only,0.0
JAJFMG01,0,0,0.0,0.0,2,2,0,0.0,0.0,0.0,,,0,0,0,gtdb_only,0.0
CTSoil-072,0,0,0.0,0.0,2,2,0,0.0,0.0,0.0,,,0,0,0,gtdb_only,0.0
JALZUQ01,0,0,0.0,0.0,2,2,0,0.0,0.0,0.0,,,0,0,0,gtdb_only,0.0
QOAV01,0,0,0.0,0.0,2,2,0,0.0,0.0,0.0,,,0,0,0,gtdb_only,0.0
WAQG01,0,0,0.0,0.0,2,2,0,0.0,0.0,0.0,,,0,0,0,gtdb_only,0.0
JAFDED01,0,0,0.0,0.0,2,2,0,0.0,0.0,0.0,,,0,0,0,gtdb_only,0.0
JAJTIE01,0,0,0.0,0.0,2,2,0,0.0,0.0,0.0,,,0,0,0,gtdb_only,0.0
JAJCZF01,0,0,0.0,0.0,2,2,0,0.0,0.0,0.0,,,0,0,0,gtdb_only,0.0
JAHEXW01,0,0,0.0,0.0,2,2,0,0.0,0.0,0.0,,,0,0,0,gtdb_only,0.0
JAIOJS01,0,0,0.0,0.0,2,2,0,0.0,0.0,0.0,,,0,0,0,gtdb_only,0.0
Reconciliibacillaceae,0,0,0.0,0.0,2,2,0,0.0,0.0,0.0,,,0,0,0,gtdb_only,0.0
SKW223,0,0,0.0,0.0,2,2,0,0.0,0.0,0.0,,,0,0,0,gtdb_only,0.0
JAAEEP01,0,0,0.0,0.0,2,2,0,0.0,0.0,0.0,,,0,0,0,gtdb_only,0.0
G023898745,0,0,0.0,0.0,2,2,0,0.0,0.0,0.0,,,0,0,0,gtdb_only,0.0
JAIFNC01,0,0,0.0,0.0,2,2,0,0.0,0.0,0.0,,,0,0,0,gtdb_only,0.0
B14-G2,0,0,0.0,0.0,2,2,0,0.0,0.0,0.0,,,0,0,0,gtdb_only,0.0
STF1-152,0,0,0.0,0.0,2,2,0,0.0,0.0,0.0,,,0,0,0,gtdb_only,0.0
2-01-FULL-66-17,0,0,0.0,0.0,2,2,0,0.0,0.0,0.0,,,0,0,0,gtdb_only,0.0
JACROR01,0,0,0.0,0.0,2,2,0,0.0,0.0,0.0,,,0,0,0,gtdb_only,0.0
CAJXIC01,0,0,0.0,0.0,2,2,0,0.0,0.0,0.0,,,0,0,0,gtdb_only,0.0
EA-27,0,0,0.0,0.0,2,2,0,0.0,0.0,0.0,,,0,0,0,gtdb_only,0.0
GCA-002787255,0,0,0.0,0.0,2,2,0,0.0,0.0,0.0,,,0,0,0,gtdb_only,0.0
DRLZ01,0,0,0.0,0.0,2,2,0,0.0,0.0,0.0,,,0,0,0,gtdb_only,0.0
CCAP-1448,0,0,0.0,0.0,2,2,0,0.0,0.0,0.0,,,0,0,0,gtdb_only,0.0
Zymogenaceae,0,0,0.0,0.0,2,2,0,0.0,0.0,0.0,,,0,0,0,gtdb_only,0.0
JACESI01,0,0,0.0,0.0,2,2,0,0.0,0.0,0.0,,,0,0,0,gtdb_only,0.0
SMCO01,0,0,0.0,0.0,2,2,0,0.0,0.0,0.0,,,0,0,0,gtdb_only,0.0
2-12-FULL-37-12,0,0,0.0,0.0,2,2,0,0.0,0.0,0.0,,,0,0,0,gtdb_only,0.0
JACOXK01,0,0,0.0,0.0,2,2,0,0.0,0.0,0.0,,,0,0,0,gtdb_only,0.0
CSSED10-376,0,0,0.0,0.0,2,2,0,0.0,0.0,0.0,,,0,0,0,gtdb_only,0.0
JACOTW01,0,0,0.0,0.0,2,2,0,0.0,0.0,0.0,,,0,0,0,gtdb_only,0.0
DTLC01,0,0,0.0,0.0,2,2,0,0.0,0.0,0.0,,,0,0,0,gtdb_only,0.0
UBA4092,0,0,0.0,0.0,2,2,0,0.0,0.0,0.0,,,0,0,0,gtdb_only,0.0
JACQSR01,0,0,0.0,0.0,2,2,0,0.0,0.0,0.0,,,0,0,0,gtdb_only,0.0
CALRBT01,0,0,0.0,0.0,2,2,0,0.0,0.0,0.0,,,0,0,0,gtdb_only,0.0
WJKM01,0,0,0.0,0.0,2,2,0,0.0,0.0,0.0,,,0,0,0,gtdb_only,0.0
DTMW01,0,0,0.0,0.0,2,2,0,0.0,0.0,0.0,,,0,0,0,gtdb_only,0.0
JACZXZ01,0,0,0.0,0.0,2,2,0,0.0,0.0,0.0,,,0,0,0,gtdb_only,0.0
QHCE01,0,0,0.0,0.0,2,2,0,0.0,0.0,0.0,,,0,0,0,gtdb_only,0.0
HT1-32,0,0,0.0,0.0,2,2,0,0.0,0.0,0.0,,,0,0,0,gtdb_only,0.0
CALAME01,0,0,0.0,0.0,2,2,0,0.0,0.0,0.0,,,0,0,0,gtdb_only,0.0
J103,0,0,0.0,0.0,2,2,0,0.0,0.0,0.0,,,0,0,0,gtdb_only,0.0
PIVX01,0,0,0.0,0.0,2,2,0,0.0,0.0,0.0,,,0,0,0,gtdb_only,0.0
JACQTH01,0,0,0.0,0.0,2,2,0,0.0,0.0,0.0,,,0,0,0,gtdb_only,0.0
Hepatobacteraceae,0,0,0.0,0.0,2,2,0,0.0,0.0,0.0,,,0,0,0,gtdb_only,0.0
UBA9089,0,0,0.0,0.0,2,2,0,0.0,0.0,0.0,,,0,0,0,gtdb_only,0.0
CALCXY01,0,0,0.0,0.0,2,2,0,0.0,0.0,0.0,,,0,0,0,gtdb_only,0.0
JACNKV01,0,0,0.0,0.0,2,2,0,0.0,0.0,0.0,,,0,0,0,gtdb_only,0.0
JASUSC01,0,0,0.0,0.0,2,2,0,0.0,0.0,0.0,,,0,0,0,gtdb_only,0.0
CALRBL01,0,0,0.0,0.0,2,2,0,0.0,0.0,0.0,,,0,0,0,gtdb_only,0.0
Magnetomoraceae,0,0,0.0,0.0,2,2,0,0.0,0.0,0.0,,,0,0,0,gtdb_only,0.0
CAKKRP01,0,0,0.0,0.0,2,2,0,0.0,0.0,0.0,,,0,0,0,gtdb_only,0.0
Bu92,0,0,0.0,0.0,2,2,0,0.0,0.0,0.0,,,0,0,0,gtdb_only,0.0
JAGRMV01,0,0,0.0,0.0,2,2,0,0.0,0.0,0.0,,,0,0,0,gtdb_only,0.0
JADFAD01,0,0,0.0,0.0,2,2,0,0.0,0.0,0.0,,,0,0,0,gtdb_only,0.0
JAUZRS01,0,0,0.0,0.0,2,2,0,0.0,0.0,0.0,,,0,0,0,gtdb_only,0.0
JACRLI01,0,0,0.0,0.0,2,2,0,0.0,0.0,0.0,,,0,0,0,gtdb_only,0.0
JALUTC01,0,0,0.0,0.0,2,2,0,0.0,0.0,0.0,,,0,0,0,gtdb_only,0.0
CALINB01,0,0,0.0,0.0,2,2,0,0.0,0.0,0.0,,,0,0,0,gtdb_only,0.0
Catellicoccaceae,0,0,0.0,0.0,2,2,0,0.0,0.0,0.0,,,0,0,0,gtdb_only,0.0
JABMPP01,0,0,0.0,0.0,2,2,0,0.0,0.0,0.0,,,0,0,0,gtdb_only,0.0
CLD3,0,0,0.0,0.0,2,2,0,0.0,0.0,0.0,,,0,0,0,gtdb_only,0.0
4484-93,0,0,0.0,0.0,2,2,0,0.0,0.0,0.0,,,0,0,0,gtdb_only,0.0
JASJDA01,0,0,0.0,0.0,2,2,0,0.0,0.0,0.0,,,0,0,0,gtdb_only,0.0
JAHDHT01,0,0,0.0,0.0,2,2,0,0.0,0.0,0.0,,,0,0,0,gtdb_only,0.0
JANWIN01,0,0,0.0,0.0,2,2,0,0.0,0.0,0.0,,,0,0,0,gtdb_only,0.0
B62-G9,0,0,0.0,0.0,2,2,0,0.0,0.0,0.0,,,0,0,0,gtdb_only,0.0
JACQJN01,0,0,0.0,0.0,2,2,0,0.0,0.0,0.0,,,0,0,0,gtdb_only,0.0
GCA-002704045,0,0,0.0,0.0,2,2,0,0.0,0.0,0.0,,,0,0,0,gtdb_only,0.0
DTFT01,0,0,0.0,0.0,2,2,0,0.0,0.0,0.0,,,0,0,0,gtdb_only,0.0
JAGQNK01,0,0,0.0,0.0,2,2,0,0.0,0.0,0.0,,,0,0,0,gtdb_only,0.0
PHBD01,0,0,0.0,0.0,2,2,0,0.0,0.0,0.0,,,0,0,0,gtdb_only,0.0
JAUSEB01,0,0,0.0,0.0,2,2,0,0.0,0.0,0.0,,,0,0,0,gtdb_only,0.0
E44-bin39,0,0,0.0,0.0,2,2,0,0.0,0.0,0.0,,,0,0,0,gtdb_only,0.0
UBA1247,0,0,0.0,0.0,2,2,0,0.0,0.0,0.0,,,0,0,0,gtdb_only,0.0
SHYM01,0,0,0.0,0.0,2,2,0,0.0,0.0,0.0,,,0,0,0,gtdb_only,0.0
JACQUA01,0,0,0.0,0.0,2,2,0,0.0,0.0,0.0,,,0,0,0,gtdb_only,0.0
BPGG01,0,0,0.0,0.0,1,1,0,0.0,0.0,0.0,,,0,0,0,gtdb_only,0.0
UBA2777,0,0,0.0,0.0,1,1,0,0.0,0.0,0.0,,,0,0,0,gtdb_only,0.0
Velesiimonadaceae,0,0,0.0,0.0,1,1,0,0.0,0.0,0.0,,,0,0,0,gtdb_only,0.0
JACQIB01,0,0,0.0,0.0,1,1,0,0.0,0.0,0.0,,,0,0,0,gtdb_only,0.0
DTYK01,0,0,0.0,0.0,1,1,0,0.0,0.0,0.0,,,0,0,0,gtdb_only,0.0
RBG-13-61-14,0,0,0.0,0.0,1,1,0,0.0,0.0,0.0,,,0,0,0,gtdb_only,0.0
QHCF01,0,0,0.0,0.0,1,1,0,0.0,0.0,0.0,,,0,0,0,gtdb_only,0.0
JAHDFW01,0,0,0.0,0.0,1,1,0,0.0,0.0,0.0,,,0,0,0,gtdb_only,0.0
UBA5754,0,0,0.0,0.0,1,1,0,0.0,0.0,0.0,,,0,0,0,gtdb_only,0.0
JALUZX01,0,0,0.0,0.0,1,1,0,0.0,0.0,0.0,,,0,0,0,gtdb_only,0.0
JAUXAW01,0,0,0.0,0.0,1,1,0,0.0,0.0,0.0,,,0,0,0,gtdb_only,0.0
JAAYMJ01,0,0,0.0,0.0,1,1,0,0.0,0.0,0.0,,,0,0,0,gtdb_only,0.0
JAHWKR01,0,0,0.0,0.0,1,1,0,0.0,0.0,0.0,,,0,0,0,gtdb_only,0.0
DSM-8902,0,0,0.0,0.0,1,1,0,0.0,0.0,0.0,,,0,0,0,gtdb_only,0.0
JACRHK01,0,0,0.0,0.0,1,1,0,0.0,0.0,0.0,,,0,0,0,gtdb_only,0.0
JADLHG01,0,0,0.0,0.0,1,1,0,0.0,0.0,0.0,,,0,0,0,gtdb_only,0.0
CAJINA01,0,0,0.0,0.0,1,1,0,0.0,0.0,0.0,,,0,0,0,gtdb_only,0.0
G020349025,0,0,0.0,0.0,1,1,0,0.0,0.0,0.0,,,0,0,0,gtdb_only,0.0
JAHFQX01,0,0,0.0,0.0,1,1,0,0.0,0.0,0.0,,,0,0,0,gtdb_only,0.0
WFUO01,0,0,0.0,0.0,1,1,0,0.0,0.0,0.0,,,0,0,0,gtdb_only,0.0
2-02-FULL-49-11,0,0,0.0,0.0,1,1,0,0.0,0.0,0.0,,,0,0,0,gtdb_only,0.0
Bu12,0,0,0.0,0.0,1,1,0,0.0,0.0,0.0,,,0,0,0,gtdb_only,0.0
JADFYH01,0,0,0.0,0.0,1,1,0,0.0,0.0,0.0,,,0,0,0,gtdb_only,0.0
UBA1874,0,0,0.0,0.0,1,1,0,0.0,0.0,0.0,,,0,0,0,gtdb_only,0.0
JACPTQ01,0,0,0.0,0.0,1,1,0,0.0,0.0,0.0,,,0,0,0,gtdb_only,0.0
JALYNC01,0,0,0.0,0.0,1,1,0,0.0,0.0,0.0,,,0,0,0,gtdb_only,0.0
JAUVWW01,0,0,0.0,0.0,1,1,0,0.0,0.0,0.0,,,0,0,0,gtdb_only,0.0
JACQAJ01,0,0,0.0,0.0,1,1,0,0.0,0.0,0.0,,,0,0,0,gtdb_only,0.0
RBG-16-48-13,0,0,0.0,0.0,1,1,0,0.0,0.0,0.0,,,0,0,0,gtdb_only,0.0
JAQUQK01,0,0,0.0,0.0,1,1,0,0.0,0.0,0.0,,,0,0,0,gtdb_only,0.0
JALSMD01,0,0,0.0,0.0,1,1,0,0.0,0.0,0.0,,,0,0,0,gtdb_only,0.0
JANQIW01,0,0,0.0,0.0,1,1,0,0.0,0.0,0.0,,,0,0,0,gtdb_only,0.0
JABMOV01,0,0,0.0,0.0,1,1,0,0.0,0.0,0.0,,,0,0,0,gtdb_only,0.0
CALKZT01,0,0,0.0,0.0,1,1,0,0.0,0.0,0.0,,,0,0,0,gtdb_only,0.0
JAUIHU01,0,0,0.0,0.0,1,1,0,0.0,0.0,0.0,,,0,0,0,gtdb_only,0.0
J063,0,0,0.0,0.0,1,1,0,0.0,0.0,0.0,,,0,0,0,gtdb_only,0.0
Kmv31,0,0,0.0,0.0,1,1,0,0.0,0.0,0.0,,,0,0,0,gtdb_only,0.0
BOQE01,0,0,0.0,0.0,1,1,0,0.0,0.0,0.0,,,0,0,0,gtdb_only,0.0
JAGVYO01,0,0,0.0,0.0,1,1,0,0.0,0.0,0.0,,,0,0,0,gtdb_only,0.0
CANHGK01,0,0,0.0,0.0,1,1,0,0.0,0.0,0.0,,,0,0,0,gtdb_only,0.0
JADGAP01,0,0,0.0,0.0,1,1,0,0.0,0.0,0.0,,,0,0,0,gtdb_only,0.0
BPHE01,0,0,0.0,0.0,1,1,0,0.0,0.0,0.0,,,0,0,0,gtdb_only,0.0
UBA2770,0,0,0.0,0.0,1,1,0,0.0,0.0,0.0,,,0,0,0,gtdb_only,0.0
JAIRYP01,0,0,0.0,0.0,1,1,0,0.0,0.0,0.0,,,0,0,0,gtdb_only,0.0
CALDDN01,0,0,0.0,0.0,1,1,0,0.0,0.0,0.0,,,0,0,0,gtdb_only,0.0
JAKQQT01,0,0,0.0,0.0,1,1,0,0.0,0.0,0.0,,,0,0,0,gtdb_only,0.0
JARFUL01,0,0,0.0,0.0,1,1,0,0.0,0.0,0.0,,,0,0,0,gtdb_only,0.0
GCA-016699305,0,0,0.0,0.0,1,1,0,0.0,0.0,0.0,,,0,0,0,gtdb_only,0.0
CALZIZ01,0,0,0.0,0.0,1,1,0,0.0,0.0,0.0,,,0,0,0,gtdb_only,0.0
DSBP01,0,0,0.0,0.0,1,1,0,0.0,0.0,0.0,,,0,0,0,gtdb_only,0.0
JACPQP01,0,0,0.0,0.0,1,1,0,0.0,0.0,0.0,,,0,0,0,gtdb_only,0.0
JASMLP01,0,0,0.0,0.0,1,1,0,0.0,0.0,0.0,,,0,0,0,gtdb_only,0.0
B8-G9,0,0,0.0,0.0,1,1,0,0.0,0.0,0.0,,,0,0,0,gtdb_only,0.0
JAMDBS01,0,0,0.0,0.0,1,1,0,0.0,0.0,0.0,,,0,0,0,gtdb_only,0.0
JAQTRN01,0,0,0.0,0.0,1,1,0,0.0,0.0,0.0,,,0,0,0,gtdb_only,0.0
DTZQ01,0,0,0.0,0.0,1,1,0,0.0,0.0,0.0,,,0,0,0,gtdb_only,0.0
JASGLU01,0,0,0.0,0.0,1,1,0,0.0,0.0,0.0,,,0,0,0,gtdb_only,0.0
JAFGLG01,0,0,0.0,0.0,1,1,0,0.0,0.0,0.0,,,0,0,0,gtdb_only,0.0
JAISER01,0,0,0.0,0.0,1,1,0,0.0,0.0,0.0,,,0,0,0,gtdb_only,0.0
JAHJDS01,0,0,0.0,0.0,1,1,0,0.0,0.0,0.0,,,0,0,0,gtdb_only,0.0
CALYAR01,0,0,0.0,0.0,1,1,0,0.0,0.0,0.0,,,0,0,0,gtdb_only,0.0
S120,0,0,0.0,0.0,1,1,0,0.0,0.0,0.0,,,0,0,0,gtdb_only,0.0
JACQPQ01,0,0,0.0,0.0,1,1,0,0.0,0.0,0.0,,,0,0,0,gtdb_only,0.0
G023898725,0,0,0.0,0.0,1,1,0,0.0,0.0,0.0,,,0,0,0,gtdb_only,0.0
VGLL01,0,0,0.0,0.0,1,1,0,0.0,0.0,0.0,,,0,0,0,gtdb_only,0.0
PFDW01,0,0,0.0,0.0,1,1,0,0.0,0.0,0.0,,,0,0,0,gtdb_only,0.0
JAHJTB01,0,0,0.0,0.0,1,1,0,0.0,0.0,0.0,,,0,0,0,gtdb_only,0.0
DYHY01,0,0,0.0,0.0,1,1,0,0.0,0.0,0.0,,,0,0,0,gtdb_only,0.0
DTKN01,0,0,0.0,0.0,1,1,0,0.0,0.0,0.0,,,0,0,0,gtdb_only,0.0
B21-G9,0,0,0.0,0.0,1,1,0,0.0,0.0,0.0,,,0,0,0,gtdb_only,0.0
WOR-SM1-SCG,0,0,0.0,0.0,1,1,0,0.0,0.0,0.0,,,0,0,0,gtdb_only,0.0
DAOVYC01,0,0,0.0,0.0,1,1,0,0.0,0.0,0.0,,,0,0,0,gtdb_only,0.0
JAHEXY01,0,0,0.0,0.0,1,1,0,0.0,0.0,0.0,,,0,0,0,gtdb_only,0.0
JAOSJL01,0,0,0.0,0.0,1,1,0,0.0,0.0,0.0,,,0,0,0,gtdb_only,0.0
JACDEA01,0,0,0.0,0.0,1,1,0,0.0,0.0,0.0,,,0,0,0,gtdb_only,0.0
UJ101,0,0,0.0,0.0,1,1,0,0.0,0.0,0.0,,,0,0,0,gtdb_only,0.0
SBBT01,0,0,0.0,0.0,1,1,0,0.0,0.0,0.0,,,0,0,0,gtdb_only,0.0
CALMIO01,0,0,0.0,0.0,1,1,0,0.0,0.0,0.0,,,0,0,0,gtdb_only,0.0
JAFCCJ01,0,0,0.0,0.0,1,1,0,0.0,0.0,0.0,,,0,0,0,gtdb_only,0.0
DSM-22679,0,0,0.0,0.0,1,1,0,0.0,0.0,0.0,,,0,0,0,gtdb_only,0.0
GWF2-32-72,0,0,0.0,0.0,1,1,0,0.0,0.0,0.0,,,0,0,0,gtdb_only,0.0
JAPLYJ01,0,0,0.0,0.0,1,1,0,0.0,0.0,0.0,,,0,0,0,gtdb_only,0.0
JAJFJF01,0,0,0.0,0.0,1,1,0,0.0,0.0,0.0,,,0,0,0,gtdb_only,0.0
JAFGOX01,0,0,0.0,0.0,1,1,0,0.0,0.0,0.0,,,0,0,0,gtdb_only,0.0
JAUVQN01,0,0,0.0,0.0,1,1,0,0.0,0.0,0.0,,,0,0,0,gtdb_only,0.0
JAUWAU01,0,0,0.0,0.0,1,1,0,0.0,0.0,0.0,,,0,0,0,gtdb_only,0.0
JAIPED01,0,0,0.0,0.0,1,1,0,0.0,0.0,0.0,,,0,0,0,gtdb_only,0.0
ATBO01,0,0,0.0,0.0,1,1,0,0.0,0.0,0.0,,,0,0,0,gtdb_only,0.0
J091,0,0,0.0,0.0,1,1,0,0.0,0.0,0.0,,,0,0,0,gtdb_only,0.0
DSDE01,0,0,0.0,0.0,1,1,0,0.0,0.0,0.0,,,0,0,0,gtdb_only,0.0
JADGAQ01,0,0,0.0,0.0,1,1,0,0.0,0.0,0.0,,,0,0,0,gtdb_only,0.0
Calderihabitantaceae,0,0,0.0,0.0,1,1,0,0.0,0.0,0.0,,,0,0,0,gtdb_only,0.0
B72-G16,0,0,0.0,0.0,1,1,0,0.0,0.0,0.0,,,0,0,0,gtdb_only,0.0
DUOD01,0,0,0.0,0.0,1,1,0,0.0,0.0,0.0,,,0,0,0,gtdb_only,0.0
JAAZDU01,0,0,0.0,0.0,1,1,0,0.0,0.0,0.0,,,0,0,0,gtdb_only,0.0
JAHJRU01,0,0,0.0,0.0,1,1,0,0.0,0.0,0.0,,,0,0,0,gtdb_only,0.0
JACQXZ01,0,0,0.0,0.0,1,1,0,0.0,0.0,0.0,,,0,0,0,gtdb_only,0.0
CAMYII01,0,0,0.0,0.0,1,1,0,0.0,0.0,0.0,,,0,0,0,gtdb_only,0.0
DAOWHK01,0,0,0.0,0.0,1,1,0,0.0,0.0,0.0,,,0,0,0,gtdb_only,0.0
JASGCL01,0,0,0.0,0.0,1,1,0,0.0,0.0,0.0,,,0,0,0,gtdb_only,0.0
JACPDT01,0,0,0.0,0.0,1,1,0,0.0,0.0,0.0,,,0,0,0,gtdb_only,0.0
M1805,0,0,0.0,0.0,1,1,0,0.0,0.0,0.0,,,0,0,0,gtdb_only,0.0
JAFGFE01,0,0,0.0,0.0,1,1,0,0.0,0.0,0.0,,,0,0,0,gtdb_only,0.0
JADZFZ01,0,0,0.0,0.0,1,1,0,0.0,0.0,0.0,,,0,0,0,gtdb_only,0.0
JAJRSS01,0,0,0.0,0.0,1,1,0,0.0,0.0,0.0,,,0,0,0,gtdb_only,0.0
JAHWLA01,0,0,0.0,0.0,1,1,0,0.0,0.0,0.0,,,0,0,0,gtdb_only,0.0
JACPHC01,0,0,0.0,0.0,1,1,0,0.0,0.0,0.0,,,0,0,0,gtdb_only,0.0
JAFGAS01,0,0,0.0,0.0,1,1,0,0.0,0.0,0.0,,,0,0,0,gtdb_only,0.0
JALHTG01,0,0,0.0,0.0,1,1,0,0.0,0.0,0.0,,,0,0,0,gtdb_only,0.0
CALHIW01,0,0,0.0,0.0,1,1,0,0.0,0.0,0.0,,,0,0,0,gtdb_only,0.0
SHYO01,0,0,0.0,0.0,1,1,0,0.0,0.0,0.0,,,0,0,0,gtdb_only,0.0
TMED198,0,0,0.0,0.0,1,1,0,0.0,0.0,0.0,,,0,0,0,gtdb_only,0.0
JAKSBY01,0,0,0.0,0.0,1,1,0,0.0,0.0,0.0,,,0,0,0,gtdb_only,0.0
WTKD01,0,0,0.0,0.0,1,1,0,0.0,0.0,0.0,,,0,0,0,gtdb_only,0.0
JAANXF01,0,0,0.0,0.0,1,1,0,0.0,0.0,0.0,,,0,0,0,gtdb_only,0.0
DG-23,0,0,0.0,0.0,1,1,0,0.0,0.0,0.0,,,0,0,0,gtdb_only,0.0
JAEINQ01,0,0,0.0,0.0,1,1,0,0.0,0.0,0.0,,,0,0,0,gtdb_only,0.0
JAGVXY01,0,0,0.0,0.0,1,1,0,0.0,0.0,0.0,,,0,0,0,gtdb_only,0.0
JACOXO01,0,0,0.0,0.0,1,1,0,0.0,0.0,0.0,,,0,0,0,gtdb_only,0.0
JAJDAL01,0,0,0.0,0.0,1,1,0,0.0,0.0,0.0,,,0,0,0,gtdb_only,0.0
JAQBRV01,0,0,0.0,0.0,1,1,0,0.0,0.0,0.0,,,0,0,0,gtdb_only,0.0
JANQIN01,0,0,0.0,0.0,1,1,0,0.0,0.0,0.0,,,0,0,0,gtdb_only,0.0
CALKHQ01,0,0,0.0,0.0,1,1,0,0.0,0.0,0.0,,,0,0,0,gtdb_only,0.0
JALYQM01,0,0,0.0,0.0,1,1,0,0.0,0.0,0.0,,,0,0,0,gtdb_only,0.0
SKYG9,0,0,0.0,0.0,1,1,0,0.0,0.0,0.0,,,0,0,0,gtdb_only,0.0
JAQTWB01,0,0,0.0,0.0,1,1,0,0.0,0.0,0.0,,,0,0,0,gtdb_only,0.0
JACPQZ01,0,0,0.0,0.0,1,1,0,0.0,0.0,0.0,,,0,0,0,gtdb_only,0.0
JADFZT01,0,0,0.0,0.0,1,1,0,0.0,0.0,0.0,,,0,0,0,gtdb_only,0.0
JAUVYG01,0,0,0.0,0.0,1,1,0,0.0,0.0,0.0,,,0,0,0,gtdb_only,0.0
M0112,0,0,0.0,0.0,1,1,0,0.0,0.0,0.0,,,0,0,0,gtdb_only,0.0
JAPKCZ01,0,0,0.0,0.0,1,1,0,0.0,0.0,0.0,,,0,0,0,gtdb_only,0.0
CAUJDS01,0,0,0.0,0.0,1,1,0,0.0,0.0,0.0,,,0,0,0,gtdb_only,0.0
WHTN01,0,0,0.0,0.0,1,1,0,0.0,0.0,0.0,,,0,0,0,gtdb_only,0.0
JACQTF01,0,0,0.0,0.0,1,1,0,0.0,0.0,0.0,,,0,0,0,gtdb_only,0.0
JALYXH01,0,0,0.0,0.0,1,1,0,0.0,0.0,0.0,,,0,0,0,gtdb_only,0.0
JAHIUU01,0,0,0.0,0.0,1,1,0,0.0,0.0,0.0,,,0,0,0,gtdb_only,0.0
JAJFMI01,0,0,0.0,0.0,1,1,0,0.0,0.0,0.0,,,0,0,0,gtdb_only,0.0
JAMXLJ01,0,0,0.0,0.0,1,1,0,0.0,0.0,0.0,,,0,0,0,gtdb_only,0.0
CAKMZF01,0,0,0.0,0.0,1,1,0,0.0,0.0,0.0,,,0,0,0,gtdb_only,0.0
JAFGFJ01,0,0,0.0,0.0,1,1,0,0.0,0.0,0.0,,,0,0,0,gtdb_only,0.0
RGIG5554,0,0,0.0,0.0,1,1,0,0.0,0.0,0.0,,,0,0,0,gtdb_only,0.0
G020349885,0,0,0.0,0.0,1,1,0,0.0,0.0,0.0,,,0,0,0,gtdb_only,0.0
JAUXNU01,0,0,0.0,0.0,1,1,0,0.0,0.0,0.0,,,0,0,0,gtdb_only,0.0
JACRMZ01,0,0,0.0,0.0,1,1,0,0.0,0.0,0.0,,,0,0,0,gtdb_only,0.0
JAAEMD01,0,0,0.0,0.0,1,1,0,0.0,0.0,0.0,,,0,0,0,gtdb_only,0.0
JAPDJV01,0,0,0.0,0.0,1,1,0,0.0,0.0,0.0,,,0,0,0,gtdb_only,0.0
JAJUGE01,0,0,0.0,0.0,1,1,0,0.0,0.0,0.0,,,0,0,0,gtdb_only,0.0
DYJV01,0,0,0.0,0.0,1,1,0,0.0,0.0,0.0,,,0,0,0,gtdb_only,0.0
JAJPGT01,0,0,0.0,0.0,1,1,0,0.0,0.0,0.0,,,0,0,0,gtdb_only,0.0
JANQNQ01,0,0,0.0,0.0,1,1,0,0.0,0.0,0.0,,,0,0,0,gtdb_only,0.0
JAFGIU01,0,0,0.0,0.0,1,1,0,0.0,0.0,0.0,,,0,0,0,gtdb_only,0.0
JAMCWD01,0,0,0.0,0.0,1,1,0,0.0,0.0,0.0,,,0,0,0,gtdb_only,0.0
BPKI01,0,0,0.0,0.0,1,1,0,0.0,0.0,0.0,,,0,0,0,gtdb_only,0.0
UBA7366,0,0,0.0,0.0,1,1,0,0.0,0.0,0.0,,,0,0,0,gtdb_only,0.0
SM2101,0,0,0.0,0.0,1,1,0,0.0,0.0,0.0,,,0,0,0,gtdb_only,0.0
JAHFRG01,0,0,0.0,0.0,1,1,0,0.0,0.0,0.0,,,0,0,0,gtdb_only,0.0
VGWJ01,0,0,0.0,0.0,1,1,0,0.0,0.0,0.0,,,0,0,0,gtdb_only,0.0
UBA1758,0,0,0.0,0.0,1,1,0,0.0,0.0,0.0,,,0,0,0,gtdb_only,0.0
DUOZ01,0,0,0.0,0.0,1,1,0,0.0,0.0,0.0,,,0,0,0,gtdb_only,0.0
JADGBH01,0,0,0.0,0.0,1,1,0,0.0,0.0,0.0,,,0,0,0,gtdb_only,0.0
JAUYIZ01,0,0,0.0,0.0,1,1,0,0.0,0.0,0.0,,,0,0,0,gtdb_only,0.0
JAFGGJ01,0,0,0.0,0.0,1,1,0,0.0,0.0,0.0,,,0,0,0,gtdb_only,0.0
JADHWD01,0,0,0.0,0.0,1,1,0,0.0,0.0,0.0,,,0,0,0,gtdb_only,0.0
CAJVXG01,0,0,0.0,0.0,1,1,0,0.0,0.0,0.0,,,0,0,0,gtdb_only,0.0
JAGQLO01,0,0,0.0,0.0,1,1,0,0.0,0.0,0.0,,,0,0,0,gtdb_only,0.0
JACPPN01,0,0,0.0,0.0,1,1,0,0.0,0.0,0.0,,,0,0,0,gtdb_only,0.0
SPDA01,0,0,0.0,0.0,1,1,0,0.0,0.0,0.0,,,0,0,0,gtdb_only,0.0
JAOZSB01,0,0,0.0,0.0,1,1,0,0.0,0.0,0.0,,,0,0,0,gtdb_only,0.0
CALBHK01,0,0,0.0,0.0,1,1,0,0.0,0.0,0.0,,,0,0,0,gtdb_only,0.0
OSU-TB39,0,0,0.0,0.0,1,1,0,0.0,0.0,0.0,,,0,0,0,gtdb_only,0.0
JAHZMA01,0,0,0.0,0.0,1,1,0,0.0,0.0,0.0,,,0,0,0,gtdb_only,0.0
JAQVLK01,0,0,0.0,0.0,1,1,0,0.0,0.0,0.0,,,0,0,0,gtdb_only,0.0
UBA8921,0,0,0.0,0.0,1,1,0,0.0,0.0,0.0,,,0,0,0,gtdb_only,0.0
JAFCCF01,0,0,0.0,0.0,1,1,0,0.0,0.0,0.0,,,0,0,0,gtdb_only,0.0
JAHWJO01,0,0,0.0,0.0,1,1,0,0.0,0.0,0.0,,,0,0,0,gtdb_only,0.0
UBA941,0,0,0.0,0.0,1,1,0,0.0,0.0,0.0,,,0,0,0,gtdb_only,0.0
JACTMU01,0,0,0.0,0.0,1,1,0,0.0,0.0,0.0,,,0,0,0,gtdb_only,0.0
JABMSA01,0,0,0.0,0.0,1,1,0,0.0,0.0,0.0,,,0,0,0,gtdb_only,0.0
SHWA01,0,0,0.0,0.0,1,1,0,0.0,0.0,0.0,,,0,0,0,gtdb_only,0.0
JANLFS01,0,0,0.0,0.0,1,1,0,0.0,0.0,0.0,,,0,0,0,gtdb_only,0.0
JACQVV01,0,0,0.0,0.0,1,1,0,0.0,0.0,0.0,,,0,0,0,gtdb_only,0.0
CAMAPQ01,0,0,0.0,0.0,1,1,0,0.0,0.0,0.0,,,0,0,0,gtdb_only,0.0
J025,0,0,0.0,0.0,1,1,0,0.0,0.0,0.0,,,0,0,0,gtdb_only,0.0
JAUIFA01,0,0,0.0,0.0,1,1,0,0.0,0.0,0.0,,,0,0,0,gtdb_only,0.0
JAHFDP01,0,0,0.0,0.0,1,1,0,0.0,0.0,0.0,,,0,0,0,gtdb_only,0.0
JAPDKA01,0,0,0.0,0.0,1,1,0,0.0,0.0,0.0,,,0,0,0,gtdb_only,0.0
UBA1318,0,0,0.0,0.0,1,1,0,0.0,0.0,0.0,,,0,0,0,gtdb_only,0.0
JADFYW01,0,0,0.0,0.0,1,1,0,0.0,0.0,0.0,,,0,0,0,gtdb_only,0.0
KJ1-10-99,0,0,0.0,0.0,1,1,0,0.0,0.0,0.0,,,0,0,0,gtdb_only,0.0
JAHDCD01,0,0,0.0,0.0,1,1,0,0.0,0.0,0.0,,,0,0,0,gtdb_only,0.0
WHTK01,0,0,0.0,0.0,1,1,0,0.0,0.0,0.0,,,0,0,0,gtdb_only,0.0
JACRGL01,0,0,0.0,0.0,1,1,0,0.0,0.0,0.0,,,0,0,0,gtdb_only,0.0
DAOWMC01,0,0,0.0,0.0,1,1,0,0.0,0.0,0.0,,,0,0,0,gtdb_only,0.0
GCA-020343615,0,0,0.0,0.0,1,1,0,0.0,0.0,0.0,,,0,0,0,gtdb_only,0.0
SZUA-8,0,0,0.0,0.0,1,1,0,0.0,0.0,0.0,,,0,0,0,gtdb_only,0.0
JAUWZY01,0,0,0.0,0.0,1,1,0,0.0,0.0,0.0,,,0,0,0,gtdb_only,0.0
JAGRAY01,0,0,0.0,0.0,1,1,0,0.0,0.0,0.0,,,0,0,0,gtdb_only,0.0
JACQQB01,0,0,0.0,0.0,1,1,0,0.0,0.0,0.0,,,0,0,0,gtdb_only,0.0
JAHJBW01,0,0,0.0,0.0,1,1,0,0.0,0.0,0.0,,,0,0,0,gtdb_only,0.0
JAFCGI01,0,0,0.0,0.0,1,1,0,0.0,0.0,0.0,,,0,0,0,gtdb_only,0.0
JAHZLQ01,0,0,0.0,0.0,1,1,0,0.0,0.0,0.0,,,0,0,0,gtdb_only,0.0
JAUUYB01,0,0,0.0,0.0,1,1,0,0.0,0.0,0.0,,,0,0,0,gtdb_only,0.0
DRAE01,0,0,0.0,0.0,1,1,0,0.0,0.0,0.0,,,0,0,0,gtdb_only,0.0
JAGGVJ01,0,0,0.0,0.0,1,1,0,0.0,0.0,0.0,,,0,0,0,gtdb_only,0.0
WO2-01-48-18,0,0,0.0,0.0,1,1,0,0.0,0.0,0.0,,,0,0,0,gtdb_only,0.0
CAIXZC01,0,0,0.0,0.0,1,1,0,0.0,0.0,0.0,,,0,0,0,gtdb_only,0.0
G958296245,0,0,0.0,0.0,1,1,0,0.0,0.0,0.0,,,0,0,0,gtdb_only,0.0
JAALKR01,0,0,0.0,0.0,1,1,0,0.0,0.0,0.0,,,0,0,0,gtdb_only,0.0
Clostridiisalibacteraceae,0,0,0.0,0.0,1,1,0,0.0,0.0,0.0,,,0,0,0,gtdb_only,0.0
JAUSHB01,0,0,0.0,0.0,1,1,0,0.0,0.0,0.0,,,0,0,0,gtdb_only,0.0
JAIVGZ01,0,0,0.0,0.0,1,1,0,0.0,0.0,0.0,,,0,0,0,gtdb_only,0.0
DYQA01,0,0,0.0,0.0,1,1,0,0.0,0.0,0.0,,,0,0,0,gtdb_only,0.0
JADYZS01,0,0,0.0,0.0,1,1,0,0.0,0.0,0.0,,,0,0,0,gtdb_only,0.0
JAJPHL01,0,0,0.0,0.0,1,1,0,0.0,0.0,0.0,,,0,0,0,gtdb_only,0.0
UBA6915,0,0,0.0,0.0,1,1,0,0.0,0.0,0.0,,,0,0,0,gtdb_only,0.0
JAQVSV01,0,0,0.0,0.0,1,1,0,0.0,0.0,0.0,,,0,0,0,gtdb_only,0.0
JAUWHN01,0,0,0.0,0.0,1,1,0,0.0,0.0,0.0,,,0,0,0,gtdb_only,0.0
JAJUGR01,0,0,0.0,0.0,1,1,0,0.0,0.0,0.0,,,0,0,0,gtdb_only,0.0
JAMWCB01,0,0,0.0,0.0,1,1,0,0.0,0.0,0.0,,,0,0,0,gtdb_only,0.0
JAUHZG01,0,0,0.0,0.0,1,1,0,0.0,0.0,0.0,,,0,0,0,gtdb_only,0.0
JACPL01,0,0,0.0,0.0,1,1,0,0.0,0.0,0.0,,,0,0,0,gtdb_only,0.0
VMFH01,0,0,0.0,0.0,1,1,0,0.0,0.0,0.0,,,0,0,0,gtdb_only,0.0
UBA6109,0,0,0.0,0.0,1,1,0,0.0,0.0,0.0,,,0,0,0,gtdb_only,0.0
B36-G15,0,0,0.0,0.0,1,1,0,0.0,0.0,0.0,,,0,0,0,gtdb_only,0.0
CAMQZB01,0,0,0.0,0.0,1,1,0,0.0,0.0,0.0,,,0,0,0,gtdb_only,0.0
GCA-2687815,0,0,0.0,0.0,1,1,0,0.0,0.0,0.0,,,0,0,0,gtdb_only,0.0
SURF-38,0,0,0.0,0.0,1,1,0,0.0,0.0,0.0,,,0,0,0,gtdb_only,0.0
JAGTQN01,0,0,0.0,0.0,1,1,0,0.0,0.0,0.0,,,0,0,0,gtdb_only,0.0
JAGXFU01,0,0,0.0,0.0,1,1,0,0.0,0.0,0.0,,,0,0,0,gtdb_only,0.0
JAHJTO01,0,0,0.0,0.0,1,1,0,0.0,0.0,0.0,,,0,0,0,gtdb_only,0.0
JALVMZ01,0,0,0.0,0.0,1,1,0,0.0,0.0,0.0,,,0,0,0,gtdb_only,0.0
CACVAW01,0,0,0.0,0.0,1,1,0,0.0,0.0,0.0,,,0,0,0,gtdb_only,0.0
CASDQQ01,0,0,0.0,0.0,1,1,0,0.0,0.0,0.0,,,0,0,0,gtdb_only,0.0
JAOTWH01,0,0,0.0,0.0,1,1,0,0.0,0.0,0.0,,,0,0,0,gtdb_only,0.0
AAA071-K20,0,0,0.0,0.0,1,1,0,0.0,0.0,0.0,,,0,0,0,gtdb_only,0.0
JAGVWA01,0,0,0.0,0.0,1,1,0,0.0,0.0,0.0,,,0,0,0,gtdb_only,0.0
JAFCGM01,0,0,0.0,0.0,1,1,0,0.0,0.0,0.0,,,0,0,0,gtdb_only,0.0
JAMCWL01,0,0,0.0,0.0,1,1,0,0.0,0.0,0.0,,,0,0,0,gtdb_only,0.0
JAJRYS01,0,0,0.0,0.0,1,1,0,0.0,0.0,0.0,,,0,0,0,gtdb_only,0.0
JAHEKG01,0,0,0.0,0.0,1,1,0,0.0,0.0,0.0,,,0,0,0,gtdb_only,0.0
DAOUQR01,0,0,0.0,0.0,1,1,0,0.0,0.0,0.0,,,0,0,0,gtdb_only,0.0
JABABV01,0,0,0.0,0.0,1,1,0,0.0,0.0,0.0,,,0,0,0,gtdb_only,0.0
DYIT01,0,0,0.0,0.0,1,1,0,0.0,0.0,0.0,,,0,0,0,gtdb_only,0.0
JAQUSD01,0,0,0.0,0.0,1,1,0,0.0,0.0,0.0,,,0,0,0,gtdb_only,0.0
JACQVX01,0,0,0.0,0.0,1,1,0,0.0,0.0,0.0,,,0,0,0,gtdb_only,0.0
JAJYLH01,0,0,0.0,0.0,1,1,0,0.0,0.0,0.0,,,0,0,0,gtdb_only,0.0
JAUVKB01,0,0,0.0,0.0,1,1,0,0.0,0.0,0.0,,,0,0,0,gtdb_only,0.0
JADGHG01,0,0,0.0,0.0,1,1,0,0.0,0.0,0.0,,,0,0,0,gtdb_only,0.0
JAHIZV01,0,0,0.0,0.0,1,1,0,0.0,0.0,0.0,,,0,0,0,gtdb_only,0.0
JAJYMS01,0,0,0.0,0.0,1,1,0,0.0,0.0,0.0,,,0,0,0,gtdb_only,0.0
DAOWJC01,0,0,0.0,0.0,1,1,0,0.0,0.0,0.0,,,0,0,0,gtdb_only,0.0
JANQQB01,0,0,0.0,0.0,1,1,0,0.0,0.0,0.0,,,0,0,0,gtdb_only,0.0
JADZEE01,0,0,0.0,0.0,1,1,0,0.0,0.0,0.0,,,0,0,0,gtdb_only,0.0
JAGRBM01,0,0,0.0,0.0,1,1,0,0.0,0.0,0.0,,,0,0,0,gtdb_only,0.0
JAUICN01,0,0,0.0,0.0,1,1,0,0.0,0.0,0.0,,,0,0,0,gtdb_only,0.0
JAHQVL01,0,0,0.0,0.0,1,1,0,0.0,0.0,0.0,,,0,0,0,gtdb_only,0.0
GCF-001939115,0,0,0.0,0.0,1,1,0,0.0,0.0,0.0,,,0,0,0,gtdb_only,0.0
JAFCCW01,0,0,0.0,0.0,1,1,0,0.0,0.0,0.0,,,0,0,0,gtdb_only,0.0
JANSWW01,0,0,0.0,0.0,1,1,0,0.0,0.0,0.0,,,0,0,0,gtdb_only,0.0
UBA11029,0,0,0.0,0.0,1,1,0,0.0,0.0,0.0,,,0,0,0,gtdb_only,0.0
JAPLXC01,0,0,0.0,0.0,1,1,0,0.0,0.0,0.0,,,0,0,0,gtdb_only,0.0
GLO-3,0,0,0.0,0.0,1,1,0,0.0,0.0,0.0,,,0,0,0,gtdb_only,0.0
JAGXON01,0,0,0.0,0.0,1,1,0,0.0,0.0,0.0,,,0,0,0,gtdb_only,0.0
JADLGS01,0,0,0.0,0.0,1,1,0,0.0,0.0,0.0,,,0,0,0,gtdb_only,0.0
JAGQJP01,0,0,0.0,0.0,1,1,0,0.0,0.0,0.0,,,0,0,0,gtdb_only,0.0
DYER01,0,0,0.0,0.0,1,1,0,0.0,0.0,0.0,,,0,0,0,gtdb_only,0.0
UBA543,0,0,0.0,0.0,1,1,0,0.0,0.0,0.0,,,0,0,0,gtdb_only,0.0
JANYLN01,0,0,0.0,0.0,1,1,0,0.0,0.0,0.0,,,0,0,0,gtdb_only,0.0
JANQJO01,0,0,0.0,0.0,1,1,0,0.0,0.0,0.0,,,0,0,0,gtdb_only,0.0
JAJRTE01,0,0,0.0,0.0,1,1,0,0.0,0.0,0.0,,,0,0,0,gtdb_only,0.0
JACJVV01,0,0,0.0,0.0,1,1,0,0.0,0.0,0.0,,,0,0,0,gtdb_only,0.0
G020353555,0,0,0.0,0.0,1,1,0,0.0,0.0,0.0,,,0,0,0,gtdb_only,0.0
DSM-23947,0,0,0.0,0.0,1,1,0,0.0,0.0,0.0,,,0,0,0,gtdb_only,0.0
JAHFAK01,0,0,0.0,0.0,1,1,0,0.0,0.0,0.0,,,0,0,0,gtdb_only,0.0
VGWI01,0,0,0.0,0.0,1,1,0,0.0,0.0,0.0,,,0,0,0,gtdb_only,0.0
JAKLDJ01,0,0,0.0,0.0,1,1,0,0.0,0.0,0.0,,,0,0,0,gtdb_only,0.0
YA12-FULL-61-11,0,0,0.0,0.0,1,1,0,0.0,0.0,0.0,,,0,0,0,gtdb_only,0.0
M55B170,0,0,0.0,0.0,1,1,0,0.0,0.0,0.0,,,0,0,0,gtdb_only,0.0
DAOVSA01,0,0,0.0,0.0,1,1,0,0.0,0.0,0.0,,,0,0,0,gtdb_only,0.0
UBA4087,0,0,0.0,0.0,1,1,0,0.0,0.0,0.0,,,0,0,0,gtdb_only,0.0
JAHLMR01,0,0,0.0,0.0,1,1,0,0.0,0.0,0.0,,,0,0,0,gtdb_only,0.0
JAJCYT01,0,0,0.0,0.0,1,1,0,0.0,0.0,0.0,,,0,0,0,gtdb_only,0.0
S146-73,0,0,0.0,0.0,1,1,0,0.0,0.0,0.0,,,0,0,0,gtdb_only,0.0
JAQUNY01,0,0,0.0,0.0,1,1,0,0.0,0.0,0.0,,,0,0,0,gtdb_only,0.0
BQJM01,0,0,0.0,0.0,1,1,0,0.0,0.0,0.0,,,0,0,0,gtdb_only,0.0
J088,0,0,0.0,0.0,1,1,0,0.0,0.0,0.0,,,0,0,0,gtdb_only,0.0
JAHXGN01,0,0,0.0,0.0,1,1,0,0.0,0.0,0.0,,,0,0,0,gtdb_only,0.0
JAQGOX01,0,0,0.0,0.0,1,1,0,0.0,0.0,0.0,,,0,0,0,gtdb_only,0.0
JALXEW01,0,0,0.0,0.0,1,1,0,0.0,0.0,0.0,,,0,0,0,gtdb_only,0.0
JAKQFZ01,0,0,0.0,0.0,1,1,0,0.0,0.0,0.0,,,0,0,0,gtdb_only,0.0
JACQTD01,0,0,0.0,0.0,1,1,0,0.0,0.0,0.0,,,0,0,0,gtdb_only,0.0
JACRDY01,0,0,0.0,0.0,1,1,0,0.0,0.0,0.0,,,0,0,0,gtdb_only,0.0
GCA-2709385,0,0,0.0,0.0,1,1,0,0.0,0.0,0.0,,,0,0,0,gtdb_only,0.0
WJIO01,0,0,0.0,0.0,1,1,0,0.0,0.0,0.0,,,0,0,0,gtdb_only,0.0
JAUVGT01,0,0,0.0,0.0,1,1,0,0.0,0.0,0.0,,,0,0,0,gtdb_only,0.0
CANHHI01,0,0,0.0,0.0,1,1,0,0.0,0.0,0.0,,,0,0,0,gtdb_only,0.0
1-14-0-10-45-34,0,0,0.0,0.0,1,1,0,0.0,0.0,0.0,,,0,0,0,gtdb_only,0.0
JADGOV01,0,0,0.0,0.0,1,1,0,0.0,0.0,0.0,,,0,0,0,gtdb_only,0.0
JAHQVX01,0,0,0.0,0.0,1,1,0,0.0,0.0,0.0,,,0,0,0,gtdb_only,0.0
GCA-2401425,0,0,0.0,0.0,1,1,0,0.0,0.0,0.0,,,0,0,0,gtdb_only,0.0
CAMYKB01,0,0,0.0,0.0,1,1,0,0.0,0.0,0.0,,,0,0,0,gtdb_only,0.0
SMBSF39,0,0,0.0,0.0,1,1,0,0.0,0.0,0.0,,,0,0,0,gtdb_only,0.0
JAUUYL01,0,0,0.0,0.0,1,1,0,0.0,0.0,0.0,,,0,0,0,gtdb_only,0.0
Haliovirgaceae,0,0,0.0,0.0,1,1,0,0.0,0.0,0.0,,,0,0,0,gtdb_only,0.0
JASEJS01,0,0,0.0,0.0,1,1,0,0.0,0.0,0.0,,,0,0,0,gtdb_only,0.0
JALSIF01,0,0,0.0,0.0,1,1,0,0.0,0.0,0.0,,,0,0,0,gtdb_only,0.0
JALTFF01,0,0,0.0,0.0,1,1,0,0.0,0.0,0.0,,,0,0,0,gtdb_only,0.0
GCA-002688135,0,0,0.0,0.0,1,1,0,0.0,0.0,0.0,,,0,0,0,gtdb_only,0.0
QMWL01,0,0,0.0,0.0,1,1,0,0.0,0.0,0.0,,,0,0,0,gtdb_only,0.0
JAKSBN01,0,0,0.0,0.0,1,1,0,0.0,0.0,0.0,,,0,0,0,gtdb_only,0.0
JAOAHJ01,0,0,0.0,0.0,1,1,0,0.0,0.0,0.0,,,0,0,0,gtdb_only,0.0
CANKTL01,0,0,0.0,0.0,1,1,0,0.0,0.0,0.0,,,0,0,0,gtdb_only,0.0
JAGVPG01,0,0,0.0,0.0,1,1,0,0.0,0.0,0.0,,,0,0,0,gtdb_only,0.0
JAHWKK01,0,0,0.0,0.0,1,1,0,0.0,0.0,0.0,,,0,0,0,gtdb_only,0.0
WLWR01,0,0,0.0,0.0,1,1,0,0.0,0.0,0.0,,,0,0,0,gtdb_only,0.0
JACRHA01,0,0,0.0,0.0,1,1,0,0.0,0.0,0.0,,,0,0,0,gtdb_only,0.0
JAQVDB01,0,0,0.0,0.0,1,1,0,0.0,0.0,0.0,,,0,0,0,gtdb_only,0.0
SZUA-474,0,0,0.0,0.0,1,1,0,0.0,0.0,0.0,,,0,0,0,gtdb_only,0.0
JAGWYX01,0,0,0.0,0.0,1,1,0,0.0,0.0,0.0,,,0,0,0,gtdb_only,0.0
JACRDV01,0,0,0.0,0.0,1,1,0,0.0,0.0,0.0,,,0,0,0,gtdb_only,0.0
JALYJY01,0,0,0.0,0.0,1,1,0,0.0,0.0,0.0,,,0,0,0,gtdb_only,0.0
DSPP01,0,0,0.0,0.0,1,1,0,0.0,0.0,0.0,,,0,0,0,gtdb_only,0.0
JALYOK01,0,0,0.0,0.0,1,1,0,0.0,0.0,0.0,,,0,0,0,gtdb_only,0.0
VGDZ01,0,0,0.0,0.0,1,1,0,0.0,0.0,0.0,,,0,0,0,gtdb_only,0.0
GWF2-50-10,0,0,0.0,0.0,1,1,0,0.0,0.0,0.0,,,0,0,0,gtdb_only,0.0
DAHXLG01,0,0,0.0,0.0,1,1,0,0.0,0.0,0.0,,,0,0,0,gtdb_only,0.0
WQRI01,0,0,0.0,0.0,1,1,0,0.0,0.0,0.0,,,0,0,0,gtdb_only,0.0
JAAUTE01,0,0,0.0,0.0,1,1,0,0.0,0.0,0.0,,,0,0,0,gtdb_only,0.0
H5-UNCL2,0,0,0.0,0.0,1,1,0,0.0,0.0,0.0,,,0,0,0,gtdb_only,0.0
JAABYK01,0,0,0.0,0.0,1,1,0,0.0,0.0,0.0,,,0,0,0,gtdb_only,0.0
JAUXGB01,0,0,0.0,0.0,1,1,0,0.0,0.0,0.0,,,0,0,0,gtdb_only,0.0
VHDF01,0,0,0.0,0.0,1,1,0,0.0,0.0,0.0,,,0,0,0,gtdb_only,0.0
CALLZM01,0,0,0.0,0.0,1,1,0,0.0,0.0,0.0,,,0,0,0,gtdb_only,0.0
SG-bin7,0,0,0.0,0.0,1,1,0,0.0,0.0,0.0,,,0,0,0,gtdb_only,0.0
DAOWNJ01,0,0,0.0,0.0,1,1,0,0.0,0.0,0.0,,,0,0,0,gtdb_only,0.0
1-14-0-20-47-16,0,0,0.0,0.0,1,1,0,0.0,0.0,0.0,,,0,0,0,gtdb_only,0.0
JAADGH01,0,0,0.0,0.0,1,1,0,0.0,0.0,0.0,,,0,0,0,gtdb_only,0.0
JANYKE01,0,0,0.0,0.0,1,1,0,0.0,0.0,0.0,,,0,0,0,gtdb_only,0.0
JALYMU01,0,0,0.0,0.0,1,1,0,0.0,0.0,0.0,,,0,0,0,gtdb_only,0.0
CALETX01,0,0,0.0,0.0,1,1,0,0.0,0.0,0.0,,,0,0,0,gtdb_only,0.0
JAFGJY01,0,0,0.0,0.0,1,1,0,0.0,0.0,0.0,,,0,0,0,gtdb_only,0.0
DSWB01,0,0,0.0,0.0,1,1,0,0.0,0.0,0.0,,,0,0,0,gtdb_only,0.0
B31-G17,0,0,0.0,0.0,1,1,0,0.0,0.0,0.0,,,0,0,0,gtdb_only,0.0
JALYNB01,0,0,0.0,0.0,1,1,0,0.0,0.0,0.0,,,0,0,0,gtdb_only,0.0
JACQJH01,0,0,0.0,0.0,1,1,0,0.0,0.0,0.0,,,0,0,0,gtdb_only,0.0
JAGVYL01,0,0,0.0,0.0,1,1,0,0.0,0.0,0.0,,,0,0,0,gtdb_only,0.0
JACPQU01,0,0,0.0,0.0,1,1,0,0.0,0.0,0.0,,,0,0,0,gtdb_only,0.0
SBBL01,0,0,0.0,0.0,1,1,0,0.0,0.0,0.0,,,0,0,0,gtdb_only,0.0
JAJRTO01,0,0,0.0,0.0,1,1,0,0.0,0.0,0.0,,,0,0,0,gtdb_only,0.0
JAKEEH01,0,0,0.0,0.0,1,1,0,0.0,0.0,0.0,,,0,0,0,gtdb_only,0.0
JABIQT01,0,0,0.0,0.0,1,1,0,0.0,0.0,0.0,,,0,0,0,gtdb_only,0.0
JAUVZD01,0,0,0.0,0.0,1,1,0,0.0,0.0,0.0,,,0,0,0,gtdb_only,0.0
JAHFST01,0,0,0.0,0.0,1,1,0,0.0,0.0,0.0,,,0,0,0,gtdb_only,0.0
G030584005,0,0,0.0,0.0,1,1,0,0.0,0.0,0.0,,,0,0,0,gtdb_only,0.0
JACRGE01,0,0,0.0,0.0,1,1,0,0.0,0.0,0.0,,,0,0,0,gtdb_only,0.0
DTQO01,0,0,0.0,0.0,1,1,0,0.0,0.0,0.0,,,0,0,0,gtdb_only,0.0
JAEEML01,0,0,0.0,0.0,1,1,0,0.0,0.0,0.0,,,0,0,0,gtdb_only,0.0
JACOYD01,0,0,0.0,0.0,1,1,0,0.0,0.0,0.0,,,0,0,0,gtdb_only,0.0
JAGVXP01,0,0,0.0,0.0,1,1,0,0.0,0.0,0.0,,,0,0,0,gtdb_only,0.0
SKW154,0,0,0.0,0.0,1,1,0,0.0,0.0,0.0,,,0,0,0,gtdb_only,0.0
CALMFG01,0,0,0.0,0.0,1,1,0,0.0,0.0,0.0,,,0,0,0,gtdb_only,0.0
JAUSIH01,0,0,0.0,0.0,1,1,0,0.0,0.0,0.0,,,0,0,0,gtdb_only,0.0
JAQWUY01,0,0,0.0,0.0,1,1,0,0.0,0.0,0.0,,,0,0,0,gtdb_only,0.0
JAERRU01,0,0,0.0,0.0,1,1,0,0.0,0.0,0.0,,,0,0,0,gtdb_only,0.0
JARGOJ01,0,0,0.0,0.0,1,1,0,0.0,0.0,0.0,,,0,0,0,gtdb_only,0.0
CANGXM01,0,0,0.0,0.0,1,1,0,0.0,0.0,0.0,,,0,0,0,gtdb_only,0.0
JAUYPR01,0,0,0.0,0.0,1,1,0,0.0,0.0,0.0,,,0,0,0,gtdb_only,0.0
JASEIO01,0,0,0.0,0.0,1,1,0,0.0,0.0,0.0,,,0,0,0,gtdb_only,0.0
JAHFSE01,0,0,0.0,0.0,1,1,0,0.0,0.0,0.0,,,0,0,0,gtdb_only,0.0
JACQOV01,0,0,0.0,0.0,1,1,0,0.0,0.0,0.0,,,0,0,0,gtdb_only,0.0
JACPJR01,0,0,0.0,0.0,1,1,0,0.0,0.0,0.0,,,0,0,0,gtdb_only,0.0
JAFGFC01,0,0,0.0,0.0,1,1,0,0.0,0.0,0.0,,,0,0,0,gtdb_only,0.0
CAIXTV01,0,0,0.0,0.0,1,1,0,0.0,0.0,0.0,,,0,0,0,gtdb_only,0.0
JAUXIQ01,0,0,0.0,0.0,1,1,0,0.0,0.0,0.0,,,0,0,0,gtdb_only,0.0
JAOZGF01,0,0,0.0,0.0,1,1,0,0.0,0.0,0.0,,,0,0,0,gtdb_only,0.0
JAPOQI01,0,0,0.0,0.0,1,1,0,0.0,0.0,0.0,,,0,0,0,gtdb_only,0.0
DAOVKU01,0,0,0.0,0.0,1,1,0,0.0,0.0,0.0,,,0,0,0,gtdb_only,0.0
UBA8987,0,0,0.0,0.0,1,1,0,0.0,0.0,0.0,,,0,0,0,gtdb_only,0.0
JAACPI01,0,0,0.0,0.0,1,1,0,0.0,0.0,0.0,,,0,0,0,gtdb_only,0.0
JACPRU01,0,0,0.0,0.0,1,1,0,0.0,0.0,0.0,,,0,0,0,gtdb_only,0.0
JACPXH01,0,0,0.0,0.0,1,1,0,0.0,0.0,0.0,,,0,0,0,gtdb_only,0.0
JAIXRX01,0,0,0.0,0.0,1,1,0,0.0,0.0,0.0,,,0,0,0,gtdb_only,0.0
JANQFB01,0,0,0.0,0.0,1,1,0,0.0,0.0,0.0,,,0,0,0,gtdb_only,0.0
JACQJR01,0,0,0.0,0.0,1,1,0,0.0,0.0,0.0,,,0,0,0,gtdb_only,0.0
JACPEP01,0,0,0.0,0.0,1,1,0,0.0,0.0,0.0,,,0,0,0,gtdb_only,0.0
JAOUPW01,0,0,0.0,0.0,1,1,0,0.0,0.0,0.0,,,0,0,0,gtdb_only,0.0
DSM-100275,0,0,0.0,0.0,1,1,0,0.0,0.0,0.0,,,0,0,0,gtdb_only,0.0
SZUA-191,0,0,0.0,0.0,1,1,0,0.0,0.0,0.0,,,0,0,0,gtdb_only,0.0
Desulfonisporaceae,0,0,0.0,0.0,1,1,0,0.0,0.0,0.0,,,0,0,0,gtdb_only,0.0
CAJXCD01,0,0,0.0,0.0,1,1,0,0.0,0.0,0.0,,,0,0,0,gtdb_only,0.0
GCA-002719095,0,0,0.0,0.0,1,1,0,0.0,0.0,0.0,,,0,0,0,gtdb_only,0.0
JAGQKX01,0,0,0.0,0.0,1,1,0,0.0,0.0,0.0,,,0,0,0,gtdb_only,0.0
JAQSXR01,0,0,0.0,0.0,1,1,0,0.0,0.0,0.0,,,0,0,0,gtdb_only,0.0
JACQHM01,0,0,0.0,0.0,1,1,0,0.0,0.0,0.0,,,0,0,0,gtdb_only,0.0
DAOVOJ01,0,0,0.0,0.0,1,1,0,0.0,0.0,0.0,,,0,0,0,gtdb_only,0.0
JAJDAT01,0,0,0.0,0.0,1,1,0,0.0,0.0,0.0,,,0,0,0,gtdb_only,0.0
JABDDJ01,0,0,0.0,0.0,1,1,0,0.0,0.0,0.0,,,0,0,0,gtdb_only,0.0
JAJSAL01,0,0,0.0,0.0,1,1,0,0.0,0.0,0.0,,,0,0,0,gtdb_only,0.0
JACQQV01,0,0,0.0,0.0,1,1,0,0.0,0.0,0.0,,,0,0,0,gtdb_only,0.0
CABMDW01,0,0,0.0,0.0,1,1,0,0.0,0.0,0.0,,,0,0,0,gtdb_only,0.0
JALOCA01,0,0,0.0,0.0,1,1,0,0.0,0.0,0.0,,,0,0,0,gtdb_only,0.0
JAKEFK01,0,0,0.0,0.0,1,1,0,0.0,0.0,0.0,,,0,0,0,gtdb_only,0.0
SW-6-46-9,0,0,0.0,0.0,1,1,0,0.0,0.0,0.0,,,0,0,0,gtdb_only,0.0
JAVEEJ01,0,0,0.0,0.0,1,1,0,0.0,0.0,0.0,,,0,0,0,gtdb_only,0.0
JADGAW01,0,0,0.0,0.0,1,1,0,0.0,0.0,0.0,,,0,0,0,gtdb_only,0.0
JACRCW01,0,0,0.0,0.0,1,1,0,0.0,0.0,0.0,,,0,0,0,gtdb_only,0.0
CALKMS01,0,0,0.0,0.0,1,1,0,0.0,0.0,0.0,,,0,0,0,gtdb_only,0.0
AC-25,0,0,0.0,0.0,1,1,0,0.0,0.0,0.0,,,0,0,0,gtdb_only,0.0
JACPQR01,0,0,0.0,0.0,1,1,0,0.0,0.0,0.0,,,0,0,0,gtdb_only,0.0
JAJFMF01,0,0,0.0,0.0,1,1,0,0.0,0.0,0.0,,,0,0,0,gtdb_only,0.0
JAGVYU01,0,0,0.0,0.0,1,1,0,0.0,0.0,0.0,,,0,0,0,gtdb_only,0.0
JAFGGC01,0,0,0.0,0.0,1,1,0,0.0,0.0,0.0,,,0,0,0,gtdb_only,0.0
JANWVL01,0,0,0.0,0.0,1,1,0,0.0,0.0,0.0,,,0,0,0,gtdb_only,0.0
JAGHAJ01,0,0,0.0,0.0,1,1,0,0.0,0.0,0.0,,,0,0,0,gtdb_only,0.0
JAHFPR01,0,0,0.0,0.0,1,1,0,0.0,0.0,0.0,,,0,0,0,gtdb_only,0.0
GCA-2746335,0,0,0.0,0.0,1,1,0,0.0,0.0,0.0,,,0,0,0,gtdb_only,0.0
JADFWT01,0,0,0.0,0.0,1,1,0,0.0,0.0,0.0,,,0,0,0,gtdb_only,0.0
JAUVWO01,0,0,0.0,0.0,1,1,0,0.0,0.0,0.0,,,0,0,0,gtdb_only,0.0
CALCNF01,0,0,0.0,0.0,1,1,0,0.0,0.0,0.0,,,0,0,0,gtdb_only,0.0
JARGFU01,0,0,0.0,0.0,1,1,0,0.0,0.0,0.0,,,0,0,0,gtdb_only,0.0
JAHJBD01,0,0,0.0,0.0,1,1,0,0.0,0.0,0.0,,,0,0,0,gtdb_only,0.0
JAKEFN01,0,0,0.0,0.0,1,1,0,0.0,0.0,0.0,,,0,0,0,gtdb_only,0.0
JAHKBB01,0,0,0.0,0.0,1,1,0,0.0,0.0,0.0,,,0,0,0,gtdb_only,0.0
JANQPP01,0,0,0.0,0.0,1,1,0,0.0,0.0,0.0,,,0,0,0,gtdb_only,0.0
CASEPJ01,0,0,0.0,0.0,1,1,0,0.0,0.0,0.0,,,0,0,0,gtdb_only,0.0
JAHFUA01,0,0,0.0,0.0,1,1,0,0.0,0.0,0.0,,,0,0,0,gtdb_only,0.0
JACQFS01,0,0,0.0,0.0,1,1,0,0.0,0.0,0.0,,,0,0,0,gtdb_only,0.0
JAUVZE01,0,0,0.0,0.0,1,1,0,0.0,0.0,0.0,,,0,0,0,gtdb_only,0.0
JACRNV01,0,0,0.0,0.0,1,1,0,0.0,0.0,0.0,,,0,0,0,gtdb_only,0.0
Bu05,0,0,0.0,0.0,1,1,0,0.0,0.0,0.0,,,0,0,0,gtdb_only,0.0
JAFLCR01,0,0,0.0,0.0,1,1,0,0.0,0.0,0.0,,,0,0,0,gtdb_only,0.0
PXDI01,0,0,0.0,0.0,1,1,0,0.0,0.0,0.0,,,0,0,0,gtdb_only,0.0
JANQFP01,0,0,0.0,0.0,1,1,0,0.0,0.0,0.0,,,0,0,0,gtdb_only,0.0
QGNO01,0,0,0.0,0.0,1,1,0,0.0,0.0,0.0,,,0,0,0,gtdb_only,0.0
JAFGQR01,0,0,0.0,0.0,1,1,0,0.0,0.0,0.0,,,0,0,0,gtdb_only,0.0
JAAYGB01,0,0,0.0,0.0,1,1,0,0.0,0.0,0.0,,,0,0,0,gtdb_only,0.0
SHYL01,0,0,0.0,0.0,1,1,0,0.0,0.0,0.0,,,0,0,0,gtdb_only,0.0
JARGFK01,0,0,0.0,0.0,1,1,0,0.0,0.0,0.0,,,0,0,0,gtdb_only,0.0
DAOWEP01,0,0,0.0,0.0,1,1,0,0.0,0.0,0.0,,,0,0,0,gtdb_only,0.0
DYHX01,0,0,0.0,0.0,1,1,0,0.0,0.0,0.0,,,0,0,0,gtdb_only,0.0
JAJACM01,0,0,0.0,0.0,1,1,0,0.0,0.0,0.0,,,0,0,0,gtdb_only,0.0
JAHEZR01,0,0,0.0,0.0,1,1,0,0.0,0.0,0.0,,,0,0,0,gtdb_only,0.0
UPPP01,0,0,0.0,0.0,1,1,0,0.0,0.0,0.0,,,0,0,0,gtdb_only,0.0
JAUYDP01,0,0,0.0,0.0,1,1,0,0.0,0.0,0.0,,,0,0,0,gtdb_only,0.0
JAHIFH01,0,0,0.0,0.0,1,1,0,0.0,0.0,0.0,,,0,0,0,gtdb_only,0.0
JAPLJA01,0,0,0.0,0.0,1,1,0,0.0,0.0,0.0,,,0,0,0,gtdb_only,0.0
DY6,0,0,0.0,0.0,1,1,0,0.0,0.0,0.0,,,0,0,0,gtdb_only,0.0
JAOARL01,0,0,0.0,0.0,1,1,0,0.0,0.0,0.0,,,0,0,0,gtdb_only,0.0
ATN3,0,0,0.0,0.0,1,1,0,0.0,0.0,0.0,,,0,0,0,gtdb_only,0.0
JdFR-76,0,0,0.0,0.0,1,1,0,0.0,0.0,0.0,,,0,0,0,gtdb_only,0.0
JACAEZ01,0,0,0.0,0.0,1,1,0,0.0,0.0,0.0,,,0,0,0,gtdb_only,0.0
B21-G15,0,0,0.0,0.0,1,1,0,0.0,0.0,0.0,,,0,0,0,gtdb_only,0.0
OFTM77,0,0,0.0,0.0,1,1,0,0.0,0.0,0.0,,,0,0,0,gtdb_only,0.0
PXDW01,0,0,0.0,0.0,1,1,0,0.0,0.0,0.0,,,0,0,0,gtdb_only,0.0
DAOVUZ01,0,0,0.0,0.0,1,1,0,0.0,0.0,0.0,,,0,0,0,gtdb_only,0.0
JAFLEE01,0,0,0.0,0.0,1,1,0,0.0,0.0,0.0,,,0,0,0,gtdb_only,0.0
JAGHAG01,0,0,0.0,0.0,1,1,0,0.0,0.0,0.0,,,0,0,0,gtdb_only,0.0
GCA-013414725,0,0,0.0,0.0,1,1,0,0.0,0.0,0.0,,,0,0,0,gtdb_only,0.0
DT-59,0,0,0.0,0.0,1,1,0,0.0,0.0,0.0,,,0,0,0,gtdb_only,0.0
CAMWXW01,0,0,0.0,0.0,1,1,0,0.0,0.0,0.0,,,0,0,0,gtdb_only,0.0
JAAEPJ01,0,0,0.0,0.0,1,1,0,0.0,0.0,0.0,,,0,0,0,gtdb_only,0.0
JAUICD01,0,0,0.0,0.0,1,1,0,0.0,0.0,0.0,,,0,0,0,gtdb_only,0.0
VFJJ01,0,0,0.0,0.0,1,1,0,0.0,0.0,0.0,,,0,0,0,gtdb_only,0.0
JAKEFM01,0,0,0.0,0.0,1,1,0,0.0,0.0,0.0,,,0,0,0,gtdb_only,0.0
JAQTRP01,0,0,0.0,0.0,1,1,0,0.0,0.0,0.0,,,0,0,0,gtdb_only,0.0
JAOZGB01,0,0,0.0,0.0,1,1,0,0.0,0.0,0.0,,,0,0,0,gtdb_only,0.0
SAR202-VII-2,0,0,0.0,0.0,1,1,0,0.0,0.0,0.0,,,0,0,0,gtdb_only,0.0
HEL-GB-B,0,0,0.0,0.0,1,1,0,0.0,0.0,0.0,,,0,0,0,gtdb_only,0.0
JAHDYP01,0,0,0.0,0.0,1,1,0,0.0,0.0,0.0,,,0,0,0,gtdb_only,0.0
JAEZXR01,0,0,0.0,0.0,1,1,0,0.0,0.0,0.0,,,0,0,0,gtdb_only,0.0
JACPPQ01,0,0,0.0,0.0,1,1,0,0.0,0.0,0.0,,,0,0,0,gtdb_only,0.0
JADFXB01,0,0,0.0,0.0,1,1,0,0.0,0.0,0.0,,,0,0,0,gtdb_only,0.0
JAPUKU01,0,0,0.0,0.0,1,1,0,0.0,0.0,0.0,,,0,0,0,gtdb_only,0.0
JASMKV01,0,0,0.0,0.0,1,1,0,0.0,0.0,0.0,,,0,0,0,gtdb_only,0.0
JACRHY01,0,0,0.0,0.0,1,1,0,0.0,0.0,0.0,,,0,0,0,gtdb_only,0.0
CALMSM01,0,0,0.0,0.0,1,1,0,0.0,0.0,0.0,,,0,0,0,gtdb_only,0.0
JARVJX01,0,0,0.0,0.0,1,1,0,0.0,0.0,0.0,,,0,0,0,gtdb_only,0.0
JASMAO01,0,0,0.0,0.0,1,1,0,0.0,0.0,0.0,,,0,0,0,gtdb_only,0.0
AC-9,0,0,0.0,0.0,1,1,0,0.0,0.0,0.0,,,0,0,0,gtdb_only,0.0
JASGCS01,0,0,0.0,0.0,1,1,0,0.0,0.0,0.0,,,0,0,0,gtdb_only,0.0
JAQTUX01,0,0,0.0,0.0,1,1,0,0.0,0.0,0.0,,,0,0,0,gtdb_only,0.0
JANYEO01,0,0,0.0,0.0,1,1,0,0.0,0.0,0.0,,,0,0,0,gtdb_only,0.0
SA5d-4,0,0,0.0,0.0,1,1,0,0.0,0.0,0.0,,,0,0,0,gtdb_only,0.0
UBA5859,0,0,0.0,0.0,1,1,0,0.0,0.0,0.0,,,0,0,0,gtdb_only,0.0
GWC2-42-7-A,0,0,0.0,0.0,1,1,0,0.0,0.0,0.0,,,0,0,0,gtdb_only,0.0
JAUWOP01,0,0,0.0,0.0,1,1,0,0.0,0.0,0.0,,,0,0,0,gtdb_only,0.0
WRBF01,0,0,0.0,0.0,1,1,0,0.0,0.0,0.0,,,0,0,0,gtdb_only,0.0
JASEGY01,0,0,0.0,0.0,1,1,0,0.0,0.0,0.0,,,0,0,0,gtdb_only,0.0
JAQICX01,0,0,0.0,0.0,1,1,0,0.0,0.0,0.0,,,0,0,0,gtdb_only,0.0
JABABF01,0,0,0.0,0.0,1,1,0,0.0,0.0,0.0,,,0,0,0,gtdb_only,0.0
QS-1-68-20,0,0,0.0,0.0,1,1,0,0.0,0.0,0.0,,,0,0,0,gtdb_only,0.0
JACQDL01,0,0,0.0,0.0,1,1,0,0.0,0.0,0.0,,,0,0,0,gtdb_only,0.0
JAUQQG01,0,0,0.0,0.0,1,1,0,0.0,0.0,0.0,,,0,0,0,gtdb_only,0.0
JAUYCX01,0,0,0.0,0.0,1,1,0,0.0,0.0,0.0,,,0,0,0,gtdb_only,0.0
JAUYEF01,0,0,0.0,0.0,1,1,0,0.0,0.0,0.0,,,0,0,0,gtdb_only,0.0
JAUSIJ01,0,0,0.0,0.0,1,1,0,0.0,0.0,0.0,,,0,0,0,gtdb_only,0.0
JAUIHN01,0,0,0.0,0.0,1,1,0,0.0,0.0,0.0,,,0,0,0,gtdb_only,0.0
GCA-001730085,0,0,0.0,0.0,1,1,0,0.0,0.0,0.0,,,0,0,0,gtdb_only,0.0
JACRCP01,0,0,0.0,0.0,1,1,0,0.0,0.0,0.0,,,0,0,0,gtdb_only,0.0
JAPUME01,0,0,0.0,0.0,1,1,0,0.0,0.0,0.0,,,0,0,0,gtdb_only,0.0
CALTSX01,0,0,0.0,0.0,1,1,0,0.0,0.0,0.0,,,0,0,0,gtdb_only,0.0
JAFGLZ01,0,0,0.0,0.0,1,1,0,0.0,0.0,0.0,,,0,0,0,gtdb_only,0.0
JACOUJ01,0,0,0.0,0.0,1,1,0,0.0,0.0,0.0,,,0,0,0,gtdb_only,0.0
JACPZX01,0,0,0.0,0.0,1,1,0,0.0,0.0,0.0,,,0,0,0,gtdb_only,0.0
JAJOLG01,0,0,0.0,0.0,1,1,0,0.0,0.0,0.0,,,0,0,0,gtdb_only,0.0
JAJRRF01,0,0,0.0,0.0,1,1,0,0.0,0.0,0.0,,,0,0,0,gtdb_only,0.0
JAAYXC01,0,0,0.0,0.0,1,1,0,0.0,0.0,0.0,,,0,0,0,gtdb_only,0.0
JAIPIQ01,0,0,0.0,0.0,1,1,0,0.0,0.0,0.0,,,0,0,0,gtdb_only,0.0
JACPTZ01,0,0,0.0,0.0,1,1,0,0.0,0.0,0.0,,,0,0,0,gtdb_only,0.0
JAAZYN01,0,0,0.0,0.0,1,1,0,0.0,0.0,0.0,,,0,0,0,gtdb_only,0.0
JARBTN01,0,0,0.0,0.0,1,1,0,0.0,0.0,0.0,,,0,0,0,gtdb_only,0.0
JAGRGH01,0,0,0.0,0.0,1,1,0,0.0,0.0,0.0,,,0,0,0,gtdb_only,0.0
JAGUVT01,0,0,0.0,0.0,1,1,0,0.0,0.0,0.0,,,0,0,0,gtdb_only,0.0
NSJ-53,0,0,0.0,0.0,1,1,0,0.0,0.0,0.0,,,0,0,0,gtdb_only,0.0
CAJOGA01,0,0,0.0,0.0,1,1,0,0.0,0.0,0.0,,,0,0,0,gtdb_only,0.0
JACMRI01,0,0,0.0,0.0,1,1,0,0.0,0.0,0.0,,,0,0,0,gtdb_only,0.0
JAABRE01,0,0,0.0,0.0,1,1,0,0.0,0.0,0.0,,,0,0,0,gtdb_only,0.0
JASGCU01,0,0,0.0,0.0,1,1,0,0.0,0.0,0.0,,,0,0,0,gtdb_only,0.0
JAGRCI01,0,0,0.0,0.0,1,1,0,0.0,0.0,0.0,,,0,0,0,gtdb_only,0.0
JAOAFX01,0,0,0.0,0.0,1,1,0,0.0,0.0,0.0,,,0,0,0,gtdb_only,0.0
JAJRTC01,0,0,0.0,0.0,1,1,0,0.0,0.0,0.0,,,0,0,0,gtdb_only,0.0
JAAELO01,0,0,0.0,0.0,1,1,0,0.0,0.0,0.0,,,0,0,0,gtdb_only,0.0
JAAUPO01,0,0,0.0,0.0,1,1,0,0.0,0.0,0.0,,,0,0,0,gtdb_only,0.0
JAQTVP01,0,0,0.0,0.0,1,1,0,0.0,0.0,0.0,,,0,0,0,gtdb_only,0.0
JAIYAX01,0,0,0.0,0.0,1,1,0,0.0,0.0,0.0,,,0,0,0,gtdb_only,0.0
JAGVPR01,0,0,0.0,0.0,1,1,0,0.0,0.0,0.0,,,0,0,0,gtdb_only,0.0
JADKJE01,0,0,0.0,0.0,1,1,0,0.0,0.0,0.0,,,0,0,0,gtdb_only,0.0
AUK083,0,0,0.0,0.0,1,1,0,0.0,0.0,0.0,,,0,0,0,gtdb_only,0.0
JAUWXI01,0,0,0.0,0.0,1,1,0,0.0,0.0,0.0,,,0,0,0,gtdb_only,0.0
GCA-2716485,0,0,0.0,0.0,1,1,0,0.0,0.0,0.0,,,0,0,0,gtdb_only,0.0
UBA10197,0,0,0.0,0.0,1,1,0,0.0,0.0,0.0,,,0,0,0,gtdb_only,0.0
JAPUIV01,0,0,0.0,0.0,1,1,0,0.0,0.0,0.0,,,0,0,0,gtdb_only,0.0
G020347605,0,0,0.0,0.0,1,1,0,0.0,0.0,0.0,,,0,0,0,gtdb_only,0.0
RI-95,0,0,0.0,0.0,1,1,0,0.0,0.0,0.0,,,0,0,0,gtdb_only,0.0
B47-G15,0,0,0.0,0.0,1,1,0,0.0,0.0,0.0,,,0,0,0,gtdb_only,0.0
JACQTN01,0,0,0.0,0.0,1,1,0,0.0,0.0,0.0,,,0,0,0,gtdb_only,0.0
GWA2-38-13b,0,0,0.0,0.0,1,1,0,0.0,0.0,0.0,,,0,0,0,gtdb_only,0.0
JAUIEX01,0,0,0.0,0.0,1,1,0,0.0,0.0,0.0,,,0,0,0,gtdb_only,0.0
JAHRAO01,0,0,0.0,0.0,1,1,0,0.0,0.0,0.0,,,0,0,0,gtdb_only,0.0
JAQTYB01,0,0,0.0,0.0,1,1,0,0.0,0.0,0.0,,,0,0,0,gtdb_only,0.0
JAHCSD01,0,0,0.0,0.0,1,1,0,0.0,0.0,0.0,,,0,0,0,gtdb_only,0.0
JAUYJX01,0,0,0.0,0.0,1,1,0,0.0,0.0,0.0,,,0,0,0,gtdb_only,0.0
SLNR01,0,0,0.0,0.0,1,1,0,0.0,0.0,0.0,,,0,0,0,gtdb_only,0.0
SKW292,0,0,0.0,0.0,1,1,0,0.0,0.0,0.0,,,0,0,0,gtdb_only,0.0
JALYLC01,0,0,0.0,0.0,1,1,0,0.0,0.0,0.0,,,0,0,0,gtdb_only,0.0
JACOWY01,0,0,0.0,0.0,1,1,0,0.0,0.0,0.0,,,0,0,0,gtdb_only,0.0
JAUXIU01,0,0,0.0,0.0,1,1,0,0.0,0.0,0.0,,,0,0,0,gtdb_only,0.0
G022818785,0,0,0.0,0.0,1,1,0,0.0,0.0,0.0,,,0,0,0,gtdb_only,0.0
JAPLVJ01,0,0,0.0,0.0,1,1,0,0.0,0.0,0.0,,,0,0,0,gtdb_only,0.0
2-12-FULL-45-22,0,0,0.0,0.0,1,1,0,0.0,0.0,0.0,,,0,0,0,gtdb_only,0.0
JALRDG01,0,0,0.0,0.0,1,1,0,0.0,0.0,0.0,,,0,0,0,gtdb_only,0.0
01-FULL-45-15b,0,0,0.0,0.0,1,1,0,0.0,0.0,0.0,,,0,0,0,gtdb_only,0.0
JAIXKT01,0,0,0.0,0.0,1,1,0,0.0,0.0,0.0,,,0,0,0,gtdb_only,0.0
JAOAQY01,0,0,0.0,0.0,1,1,0,0.0,0.0,0.0,,,0,0,0,gtdb_only,0.0
JANQQO01,0,0,0.0,0.0,1,1,0,0.0,0.0,0.0,,,0,0,0,gtdb_only,0.0
CADCTP01,0,0,0.0,0.0,1,1,0,0.0,0.0,0.0,,,0,0,0,gtdb_only,0.0
JAJPHT01,0,0,0.0,0.0,1,1,0,0.0,0.0,0.0,,,0,0,0,gtdb_only,0.0
Geothermocultoraceae,0,0,0.0,0.0,1,1,0,0.0,0.0,0.0,,,0,0,0,gtdb_only,0.0
Futianiaceae,0,0,0.0,0.0,1,1,0,0.0,0.0,0.0,,,0,0,0,gtdb_only,0.0
JACDOE01,0,0,0.0,0.0,1,1,0,0.0,0.0,0.0,,,0,0,0,gtdb_only,0.0
JAUIFR01,0,0,0.0,0.0,1,1,0,0.0,0.0,0.0,,,0,0,0,gtdb_only,0.0
JAHCIT01,0,0,0.0,0.0,1,1,0,0.0,0.0,0.0,,,0,0,0,gtdb_only,0.0
JAQUVJ01,0,0,0.0,0.0,1,1,0,0.0,0.0,0.0,,,0,0,0,gtdb_only,0.0
JALHLM01,0,0,0.0,0.0,1,1,0,0.0,0.0,0.0,,,0,0,0,gtdb_only,0.0
JACQQS01,0,0,0.0,0.0,1,1,0,0.0,0.0,0.0,,,0,0,0,gtdb_only,0.0
UBA4821,0,0,0.0,0.0,1,1,0,0.0,0.0,0.0,,,0,0,0,gtdb_only,0.0
JAQVEX01,0,0,0.0,0.0,1,1,0,0.0,0.0,0.0,,,0,0,0,gtdb_only,0.0
B50-G16,0,0,0.0,0.0,1,1,0,0.0,0.0,0.0,,,0,0,0,gtdb_only,0.0
M55B152,0,0,0.0,0.0,1,1,0,0.0,0.0,0.0,,,0,0,0,gtdb_only,0.0
JAJRWM01,0,0,0.0,0.0,1,1,0,0.0,0.0,0.0,,,0,0,0,gtdb_only,0.0
JACQPP01,0,0,0.0,0.0,1,1,0,0.0,0.0,0.0,,,0,0,0,gtdb_only,0.0
JAQGOY01,0,0,0.0,0.0,1,1,0,0.0,0.0,0.0,,,0,0,0,gtdb_only,0.0
JALXFI01,0,0,0.0,0.0,1,1,0,0.0,0.0,0.0,,,0,0,0,gtdb_only,0.0
JABGSX01,0,0,0.0,0.0,1,1,0,0.0,0.0,0.0,,,0,0,0,gtdb_only,0.0
JAGHBZ01,0,0,0.0,0.0,1,1,0,0.0,0.0,0.0,,,0,0,0,gtdb_only,0.0
JABDGR01,0,0,0.0,0.0,1,1,0,0.0,0.0,0.0,,,0,0,0,gtdb_only,0.0
JARBTQ01,0,0,0.0,0.0,1,1,0,0.0,0.0,0.0,,,0,0,0,gtdb_only,0.0
JACQUQ01,0,0,0.0,0.0,1,1,0,0.0,0.0,0.0,,,0,0,0,gtdb_only,0.0
PCC-7407,0,0,0.0,0.0,1,1,0,0.0,0.0,0.0,,,0,0,0,gtdb_only,0.0
JACQRC01,0,0,0.0,0.0,1,1,0,0.0,0.0,0.0,,,0,0,0,gtdb_only,0.0
JAFGSA01,0,0,0.0,0.0,1,1,0,0.0,0.0,0.0,,,0,0,0,gtdb_only,0.0
DAOVDS01,0,0,0.0,0.0,1,1,0,0.0,0.0,0.0,,,0,0,0,gtdb_only,0.0
JAIPAP01,0,0,0.0,0.0,1,1,0,0.0,0.0,0.0,,,0,0,0,gtdb_only,0.0
JAUQPW01,0,0,0.0,0.0,1,1,0,0.0,0.0,0.0,,,0,0,0,gtdb_only,0.0
QHCD01,0,0,0.0,0.0,1,1,0,0.0,0.0,0.0,,,0,0,0,gtdb_only,0.0
GCA-2746535,0,0,0.0,0.0,1,1,0,0.0,0.0,0.0,,,0,0,0,gtdb_only,0.0
W111,0,0,0.0,0.0,1,1,0,0.0,0.0,0.0,,,0,0,0,gtdb_only,0.0
JAUVFY01,0,0,0.0,0.0,1,1,0,0.0,0.0,0.0,,,0,0,0,gtdb_only,0.0
JADFKM01,0,0,0.0,0.0,1,1,0,0.0,0.0,0.0,,,0,0,0,gtdb_only,0.0
JAJFMB01,0,0,0.0,0.0,1,1,0,0.0,0.0,0.0,,,0,0,0,gtdb_only,0.0
JADHTD01,0,0,0.0,0.0,1,1,0,0.0,0.0,0.0,,,0,0,0,gtdb_only,0.0
JAPUKG01,0,0,0.0,0.0,1,1,0,0.0,0.0,0.0,,,0,0,0,gtdb_only,0.0
JAFCFF01,0,0,0.0,0.0,1,1,0,0.0,0.0,0.0,,,0,0,0,gtdb_only,0.0
JAQUYY01,0,0,0.0,0.0,1,1,0,0.0,0.0,0.0,,,0,0,0,gtdb_only,0.0
JAUVMS01,0,0,0.0,0.0,1,1,0,0.0,0.0,0.0,,,0,0,0,gtdb_only,0.0
JAQBPE01,0,0,0.0,0.0,1,1,0,0.0,0.0,0.0,,,0,0,0,gtdb_only,0.0
JAMNYG01,0,0,0.0,0.0,1,1,0,0.0,0.0,0.0,,,0,0,0,gtdb_only,0.0
JACOVT01,0,0,0.0,0.0,1,1,0,0.0,0.0,0.0,,,0,0,0,gtdb_only,0.0
CALDSX01,0,0,0.0,0.0,1,1,0,0.0,0.0,0.0,,,0,0,0,gtdb_only,0.0
Alcyoniellaceae,0,0,0.0,0.0,1,1,0,0.0,0.0,0.0,,,0,0,0,gtdb_only,0.0
JACROP01,0,0,0.0,0.0,1,1,0,0.0,0.0,0.0,,,0,0,0,gtdb_only,0.0
JAIBBU01,0,0,0.0,0.0,1,1,0,0.0,0.0,0.0,,,0,0,0,gtdb_only,0.0
JACPUP01,0,0,0.0,0.0,1,1,0,0.0,0.0,0.0,,,0,0,0,gtdb_only,0.0
JAHIVG01,0,0,0.0,0.0,1,1,0,0.0,0.0,0.0,,,0,0,0,gtdb_only,0.0
JAHENU01,0,0,0.0,0.0,1,1,0,0.0,0.0,0.0,,,0,0,0,gtdb_only,0.0
Pb10988,0,0,0.0,0.0,1,1,0,0.0,0.0,0.0,,,0,0,0,gtdb_only,0.0
DYHP01,0,0,0.0,0.0,1,1,0,0.0,0.0,0.0,,,0,0,0,gtdb_only,0.0
Bu52,0,0,0.0,0.0,1,1,0,0.0,0.0,0.0,,,0,0,0,gtdb_only,0.0
JACKKO01,0,0,0.0,0.0,1,1,0,0.0,0.0,0.0,,,0,0,0,gtdb_only,0.0
JACQTT01,0,0,0.0,0.0,1,1,0,0.0,0.0,0.0,,,0,0,0,gtdb_only,0.0
JAIMBC01,0,0,0.0,0.0,1,1,0,0.0,0.0,0.0,,,0,0,0,gtdb_only,0.0
GCA-020345945,0,0,0.0,0.0,1,1,0,0.0,0.0,0.0,,,0,0,0,gtdb_only,0.0
WTKA01,0,0,0.0,0.0,1,1,0,0.0,0.0,0.0,,,0,0,0,gtdb_only,0.0
DAOVQR01,0,0,0.0,0.0,1,1,0,0.0,0.0,0.0,,,0,0,0,gtdb_only,0.0
CAJXBJ01,0,0,0.0,0.0,1,1,0,0.0,0.0,0.0,,,0,0,0,gtdb_only,0.0
JALUEN01,0,0,0.0,0.0,1,1,0,0.0,0.0,0.0,,,0,0,0,gtdb_only,0.0
JAGOUU01,0,0,0.0,0.0,1,1,0,0.0,0.0,0.0,,,0,0,0,gtdb_only,0.0
JAPKEQ01,0,0,0.0,0.0,1,1,0,0.0,0.0,0.0,,,0,0,0,gtdb_only,0.0
JAKPNF01,0,0,0.0,0.0,1,1,0,0.0,0.0,0.0,,,0,0,0,gtdb_only,0.0
JAGVZY01,0,0,0.0,0.0,1,1,0,0.0,0.0,0.0,,,0,0,0,gtdb_only,0.0
CALJRW01,0,0,0.0,0.0,1,1,0,0.0,0.0,0.0,,,0,0,0,gtdb_only,0.0
JAADFM01,0,0,0.0,0.0,1,1,0,0.0,0.0,0.0,,,0,0,0,gtdb_only,0.0
JACQON01,0,0,0.0,0.0,1,1,0,0.0,0.0,0.0,,,0,0,0,gtdb_only,0.0
JAAYPW01,0,0,0.0,0.0,1,1,0,0.0,0.0,0.0,,,0,0,0,gtdb_only,0.0
JAOZSR01,0,0,0.0,0.0,1,1,0,0.0,0.0,0.0,,,0,0,0,gtdb_only,0.0
PEYW01,0,0,0.0,0.0,1,1,0,0.0,0.0,0.0,,,0,0,0,gtdb_only,0.0
JACRDX01,0,0,0.0,0.0,1,1,0,0.0,0.0,0.0,,,0,0,0,gtdb_only,0.0
EX4484-15,0,0,0.0,0.0,1,1,0,0.0,0.0,0.0,,,0,0,0,gtdb_only,0.0
JANWZI01,0,0,0.0,0.0,1,1,0,0.0,0.0,0.0,,,0,0,0,gtdb_only,0.0
Halothermotrichaceae,0,0,0.0,0.0,1,1,0,0.0,0.0,0.0,,,0,0,0,gtdb_only,0.0
DYQJ01,0,0,0.0,0.0,1,1,0,0.0,0.0,0.0,,,0,0,0,gtdb_only,0.0
GCA-2687185,0,0,0.0,0.0,1,1,0,0.0,0.0,0.0,,,0,0,0,gtdb_only,0.0
HK-STAS-PATE-3,0,0,0.0,0.0,1,1,0,0.0,0.0,0.0,,,0,0,0,gtdb_only,0.0
JAUWAW01,0,0,0.0,0.0,1,1,0,0.0,0.0,0.0,,,0,0,0,gtdb_only,0.0
JAPHRK01,0,0,0.0,0.0,1,1,0,0.0,0.0,0.0,,,0,0,0,gtdb_only,0.0
JAKLHP01,0,0,0.0,0.0,1,1,0,0.0,0.0,0.0,,,0,0,0,gtdb_only,0.0
JAUXAP01,0,0,0.0,0.0,1,1,0,0.0,0.0,0.0,,,0,0,0,gtdb_only,0.0
RGZB01,0,0,0.0,0.0,1,1,0,0.0,0.0,0.0,,,0,0,0,gtdb_only,0.0
JALHPA01,0,0,0.0,0.0,1,1,0,0.0,0.0,0.0,,,0,0,0,gtdb_only,0.0
JAGHCH01,0,0,0.0,0.0,1,1,0,0.0,0.0,0.0,,,0,0,0,gtdb_only,0.0
JANWKD01,0,0,0.0,0.0,1,1,0,0.0,0.0,0.0,,,0,0,0,gtdb_only,0.0
FACHB-261,0,0,0.0,0.0,1,1,0,0.0,0.0,0.0,,,0,0,0,gtdb_only,0.0
CF-107,0,0,0.0,0.0,1,1,0,0.0,0.0,0.0,,,0,0,0,gtdb_only,0.0
JAUSJZ01,0,0,0.0,0.0,1,1,0,0.0,0.0,0.0,,,0,0,0,gtdb_only,0.0
SZUA-500,0,0,0.0,0.0,1,1,0,0.0,0.0,0.0,,,0,0,0,gtdb_only,0.0
JAMOQM01,0,0,0.0,0.0,1,1,0,0.0,0.0,0.0,,,0,0,0,gtdb_only,0.0
Ch66,0,0,0.0,0.0,1,1,0,0.0,0.0,0.0,,,0,0,0,gtdb_only,0.0
JAPLLA01,0,0,0.0,0.0,1,1,0,0.0,0.0,0.0,,,0,0,0,gtdb_only,0.0
JAGGVC01,0,0,0.0,0.0,1,1,0,0.0,0.0,0.0,,,0,0,0,gtdb_only,0.0
WALR01,0,0,0.0,0.0,1,1,0,0.0,0.0,0.0,,,0,0,0,gtdb_only,0.0
JALYXC01,0,0,0.0,0.0,1,1,0,0.0,0.0,0.0,,,0,0,0,gtdb_only,0.0
JAQXIO01,0,0,0.0,0.0,1,1,0,0.0,0.0,0.0,,,0,0,0,gtdb_only,0.0
2-02-FULL-46-11,0,0,0.0,0.0,1,1,0,0.0,0.0,0.0,,,0,0,0,gtdb_only,0.0
JALYMT01,0,0,0.0,0.0,1,1,0,0.0,0.0,0.0,,,0,0,0,gtdb_only,0.0
JAGGTM01,0,0,0.0,0.0,1,1,0,0.0,0.0,0.0,,,0,0,0,gtdb_only,0.0
FEN-1185,0,0,0.0,0.0,1,1,0,0.0,0.0,0.0,,,0,0,0,gtdb_only,0.0
J006,0,0,0.0,0.0,1,1,0,0.0,0.0,0.0,,,0,0,0,gtdb_only,0.0
CP070648,0,0,0.0,0.0,1,1,0,0.0,0.0,0.0,,,0,0,0,gtdb_only,0.0
JdFR-45,0,0,0.0,0.0,1,1,0,0.0,0.0,0.0,,,0,0,0,gtdb_only,0.0
JACDOC01,0,0,0.0,0.0,1,1,0,0.0,0.0,0.0,,,0,0,0,gtdb_only,0.0
JACPQL01,0,0,0.0,0.0,1,1,0,0.0,0.0,0.0,,,0,0,0,gtdb_only,0.0
JADFKK01,0,0,0.0,0.0,1,1,0,0.0,0.0,0.0,,,0,0,0,gtdb_only,0.0
JALVCQ01,0,0,0.0,0.0,1,1,0,0.0,0.0,0.0,,,0,0,0,gtdb_only,0.0
JAUYJU01,0,0,0.0,0.0,1,1,0,0.0,0.0,0.0,,,0,0,0,gtdb_only,0.0
G020353235,0,0,0.0,0.0,1,1,0,0.0,0.0,0.0,,,0,0,0,gtdb_only,0.0
JACPCK01,0,0,0.0,0.0,1,1,0,0.0,0.0,0.0,,,0,0,0,gtdb_only,0.0
JAADHN01,0,0,0.0,0.0,1,1,0,0.0,0.0,0.0,,,0,0,0,gtdb_only,0.0
CALJVA01,0,0,0.0,0.0,1,1,0,0.0,0.0,0.0,,,0,0,0,gtdb_only,0.0
JAUYFS01,0,0,0.0,0.0,1,1,0,0.0,0.0,0.0,,,0,0,0,gtdb_only,0.0
JAHFDA01,0,0,0.0,0.0,1,1,0,0.0,0.0,0.0,,,0,0,0,gtdb_only,0.0
CAKZYD01,0,0,0.0,0.0,1,1,0,0.0,0.0,0.0,,,0,0,0,gtdb_only,0.0
UBA5343,0,0,0.0,0.0,1,1,0,0.0,0.0,0.0,,,0,0,0,gtdb_only,0.0
SHVR01,0,0,0.0,0.0,1,1,0,0.0,0.0,0.0,,,0,0,0,gtdb_only,0.0
JAEWOZ01,0,0,0.0,0.0,1,1,0,0.0,0.0,0.0,,,0,0,0,gtdb_only,0.0
DRLM01,0,0,0.0,0.0,1,1,0,0.0,0.0,0.0,,,0,0,0,gtdb_only,0.0
JADLFC01,0,0,0.0,0.0,1,1,0,0.0,0.0,0.0,,,0,0,0,gtdb_only,0.0
CANGXP01,0,0,0.0,0.0,1,1,0,0.0,0.0,0.0,,,0,0,0,gtdb_only,0.0
JAGHAA01,0,0,0.0,0.0,1,1,0,0.0,0.0,0.0,,,0,0,0,gtdb_only,0.0
Parilichlamydiaceae,0,0,0.0,0.0,1,1,0,0.0,0.0,0.0,,,0,0,0,gtdb_only,0.0
JAEHCK01,0,0,0.0,0.0,1,1,0,0.0,0.0,0.0,,,0,0,0,gtdb_only,0.0
Q3-R57-64,0,0,0.0,0.0,1,1,0,0.0,0.0,0.0,,,0,0,0,gtdb_only,0.0
CALHGX01,0,0,0.0,0.0,1,1,0,0.0,0.0,0.0,,,0,0,0,gtdb_only,0.0
JALTLI01,0,0,0.0,0.0,1,1,0,0.0,0.0,0.0,,,0,0,0,gtdb_only,0.0
JAHFGK01,0,0,0.0,0.0,1,1,0,0.0,0.0,0.0,,,0,0,0,gtdb_only,0.0
JAGQJR01,0,0,0.0,0.0,1,1,0,0.0,0.0,0.0,,,0,0,0,gtdb_only,0.0
S145-11,0,0,0.0,0.0,1,1,0,0.0,0.0,0.0,,,0,0,0,gtdb_only,0.0
JACQJE01,0,0,0.0,0.0,1,1,0,0.0,0.0,0.0,,,0,0,0,gtdb_only,0.0
JAVHLO01,0,0,0.0,0.0,1,1,0,0.0,0.0,0.0,,,0,0,0,gtdb_only,0.0
JAJUFS01,0,0,0.0,0.0,1,1,0,0.0,0.0,0.0,,,0,0,0,gtdb_only,0.0
JAIXQD01,0,0,0.0,0.0,1,1,0,0.0,0.0,0.0,,,0,0,0,gtdb_only,0.0
J046,0,0,0.0,0.0,1,1,0,0.0,0.0,0.0,,,0,0,0,gtdb_only,0.0
JAGQMS01,0,0,0.0,0.0,1,1,0,0.0,0.0,0.0,,,0,0,0,gtdb_only,0.0
WOZS01,0,0,0.0,0.0,1,1,0,0.0,0.0,0.0,,,0,0,0,gtdb_only,0.0
JARGFW01,0,0,0.0,0.0,1,1,0,0.0,0.0,0.0,,,0,0,0,gtdb_only,0.0
CALAML01,0,0,0.0,0.0,1,1,0,0.0,0.0,0.0,,,0,0,0,gtdb_only,0.0
SW-11-45-7,0,0,0.0,0.0,1,1,0,0.0,0.0,0.0,,,0,0,0,gtdb_only,0.0
CALLUQ01,0,0,0.0,0.0,1,1,0,0.0,0.0,0.0,,,0,0,0,gtdb_only,0.0
21-14-0-10-42-9,0,0,0.0,0.0,1,1,0,0.0,0.0,0.0,,,0,0,0,gtdb_only,0.0
SHXV01,0,0,0.0,0.0,1,1,0,0.0,0.0,0.0,,,0,0,0,gtdb_only,0.0
JAAZVW01,0,0,0.0,0.0,1,1,0,0.0,0.0,0.0,,,0,0,0,gtdb_only,0.0
JAFGHX01,0,0,0.0,0.0,1,1,0,0.0,0.0,0.0,,,0,0,0,gtdb_only,0.0
CAIOZP01,0,0,0.0,0.0,1,1,0,0.0,0.0,0.0,,,0,0,0,gtdb_only,0.0
JACQOS01,0,0,0.0,0.0,1,1,0,0.0,0.0,0.0,,,0,0,0,gtdb_only,0.0
GCA-2699105,0,0,0.0,0.0,1,1,0,0.0,0.0,0.0,,,0,0,0,gtdb_only,0.0
JACRJV01,0,0,0.0,0.0,1,1,0,0.0,0.0,0.0,,,0,0,0,gtdb_only,0.0
CALBXV01,0,0,0.0,0.0,1,1,0,0.0,0.0,0.0,,,0,0,0,gtdb_only,0.0
CALHMG01,0,0,0.0,0.0,1,1,0,0.0,0.0,0.0,,,0,0,0,gtdb_only,0.0
JACTTX01,0,0,0.0,0.0,1,1,0,0.0,0.0,0.0,,,0,0,0,gtdb_only,0.0
UBA1018,0,0,0.0,0.0,1,1,0,0.0,0.0,0.0,,,0,0,0,gtdb_only,0.0
2-01-FULL-59-12,0,0,0.0,0.0,1,1,0,0.0,0.0,0.0,,,0,0,0,gtdb_only,0.0
DAOVJB01,0,0,0.0,0.0,1,1,0,0.0,0.0,0.0,,,0,0,0,gtdb_only,0.0
GCA-2785325,0,0,0.0,0.0,1,1,0,0.0,0.0,0.0,,,0,0,0,gtdb_only,0.0
JAFGLI01,0,0,0.0,0.0,1,1,0,0.0,0.0,0.0,,,0,0,0,gtdb_only,0.0
CAJXDB01,0,0,0.0,0.0,1,1,0,0.0,0.0,0.0,,,0,0,0,gtdb_only,0.0
JAFATL01,0,0,0.0,0.0,1,1,0,0.0,0.0,0.0,,,0,0,0,gtdb_only,0.0
UBA2778,0,0,0.0,0.0,1,1,0,0.0,0.0,0.0,,,0,0,0,gtdb_only,0.0
Gugararchaeaceae,0,0,0.0,0.0,1,1,0,0.0,0.0,0.0,,,0,0,0,gtdb_only,0.0
JAKEIC01,0,0,0.0,0.0,1,1,0,0.0,0.0,0.0,,,0,0,0,gtdb_only,0.0
SAT41,0,0,0.0,0.0,1,1,0,0.0,0.0,0.0,,,0,0,0,gtdb_only,0.0
JALHOP01,0,0,0.0,0.0,1,1,0,0.0,0.0,0.0,,,0,0,0,gtdb_only,0.0
JAFGBW01,0,0,0.0,0.0,1,1,0,0.0,0.0,0.0,,,0,0,0,gtdb_only,0.0
JANQHP01,0,0,0.0,0.0,1,1,0,0.0,0.0,0.0,,,0,0,0,gtdb_only,0.0
JAPDKE01,0,0,0.0,0.0,1,1,0,0.0,0.0,0.0,,,0,0,0,gtdb_only,0.0
DSGV01,0,0,0.0,0.0,1,1,0,0.0,0.0,0.0,,,0,0,0,gtdb_only,0.0
SLO01,0,0,0.0,0.0,1,1,0,0.0,0.0,0.0,,,0,0,0,gtdb_only,0.0
JAUXIO01,0,0,0.0,0.0,1,1,0,0.0,0.0,0.0,,,0,0,0,gtdb_only,0.0
JAKLHY01,0,0,0.0,0.0,1,1,0,0.0,0.0,0.0,,,0,0,0,gtdb_only,0.0
2-01-FULL-45-11,0,0,0.0,0.0,1,1,0,0.0,0.0,0.0,,,0,0,0,gtdb_only,0.0
JAUWKK01,0,0,0.0,0.0,1,1,0,0.0,0.0,0.0,,,0,0,0,gtdb_only,0.0
G020348885,0,0,0.0,0.0,1,1,0,0.0,0.0,0.0,,,0,0,0,gtdb_only,0.0
JACRIE01,0,0,0.0,0.0,1,1,0,0.0,0.0,0.0,,,0,0,0,gtdb_only,0.0
JACQOE01,0,0,0.0,0.0,1,1,0,0.0,0.0,0.0,,,0,0,0,gtdb_only,0.0
JAAZDR01,0,0,0.0,0.0,1,1,0,0.0,0.0,0.0,,,0,0,0,gtdb_only,0.0
JAKLIF01,0,0,0.0,0.0,1,1,0,0.0,0.0,0.0,,,0,0,0,gtdb_only,0.0
JACQUD01,0,0,0.0,0.0,1,1,0,0.0,0.0,0.0,,,0,0,0,gtdb_only,0.0
JACQUM01,0,0,0.0,0.0,1,1,0,0.0,0.0,0.0,,,0,0,0,gtdb_only,0.0
DAOUPZ01,0,0,0.0,0.0,1,1,0,0.0,0.0,0.0,,,0,0,0,gtdb_only,0.0
JAHCLG01,0,0,0.0,0.0,1,1,0,0.0,0.0,0.0,,,0,0,0,gtdb_only,0.0
QIAW01,0,0,0.0,0.0,1,1,0,0.0,0.0,0.0,,,0,0,0,gtdb_only,0.0
JAUIJE01,0,0,0.0,0.0,1,1,0,0.0,0.0,0.0,,,0,0,0,gtdb_only,0.0
BWSM-131,0,0,0.0,0.0,1,1,0,0.0,0.0,0.0,,,0,0,0,gtdb_only,0.0
JADZDJ01,0,0,0.0,0.0,1,1,0,0.0,0.0,0.0,,,0,0,0,gtdb_only,0.0
JAOZPA01,0,0,0.0,0.0,1,1,0,0.0,0.0,0.0,,,0,0,0,gtdb_only,0.0
JAPYRI01,0,0,0.0,0.0,1,1,0,0.0,0.0,0.0,,,0,0,0,gtdb_only,0.0
MHYJ01,0,0,0.0,0.0,1,1,0,0.0,0.0,0.0,,,0,0,0,gtdb_only,0.0
JADLDR01,0,0,0.0,0.0,1,1,0,0.0,0.0,0.0,,,0,0,0,gtdb_only,0.0
VEMY01,0,0,0.0,0.0,1,1,0,0.0,0.0,0.0,,,0,0,0,gtdb_only,0.0
R1DC41,0,0,0.0,0.0,1,1,0,0.0,0.0,0.0,,,0,0,0,gtdb_only,0.0
JAHEXQ01,0,0,0.0,0.0,1,1,0,0.0,0.0,0.0,,,0,0,0,gtdb_only,0.0
CANNCY01,0,0,0.0,0.0,1,1,0,0.0,0.0,0.0,,,0,0,0,gtdb_only,0.0
JAUWAR01,0,0,0.0,0.0,1,1,0,0.0,0.0,0.0,,,0,0,0,gtdb_only,0.0
RGIG10202,0,0,0.0,0.0,1,1,0,0.0,0.0,0.0,,,0,0,0,gtdb_only,0.0
JAHZLG01,0,0,0.0,0.0,1,1,0,0.0,0.0,0.0,,,0,0,0,gtdb_only,0.0
WTL,0,0,0.0,0.0,1,1,0,0.0,0.0,0.0,,,0,0,0,gtdb_only,0.0
JAJSAE01,0,0,0.0,0.0,1,1,0,0.0,0.0,0.0,,,0,0,0,gtdb_only,0.0
JAEUWB01,0,0,0.0,0.0,1,1,0,0.0,0.0,0.0,,,0,0,0,gtdb_only,0.0
JAUSJJ01,0,0,0.0,0.0,1,1,0,0.0,0.0,0.0,,,0,0,0,gtdb_only,0.0
DAOWJH01,0,0,0.0,0.0,1,1,0,0.0,0.0,0.0,,,0,0,0,gtdb_only,0.0
JANQMV01,0,0,0.0,0.0,1,1,0,0.0,0.0,0.0,,,0,0,0,gtdb_only,0.0
WRDZ01,0,0,0.0,0.0,1,1,0,0.0,0.0,0.0,,,0,0,0,gtdb_only,0.0
JASBVW01,0,0,0.0,0.0,1,1,0,0.0,0.0,0.0,,,0,0,0,gtdb_only,0.0
SG1,0,0,0.0,0.0,1,1,0,0.0,0.0,0.0,,,0,0,0,gtdb_only,0.0
JAQWAS01,0,0,0.0,0.0,1,1,0,0.0,0.0,0.0,,,0,0,0,gtdb_only,0.0
JAKLKC01,0,0,0.0,0.0,1,1,0,0.0,0.0,0.0,,,0,0,0,gtdb_only,0.0
JAJDNE01,0,0,0.0,0.0,1,1,0,0.0,0.0,0.0,,,0,0,0,gtdb_only,0.0
WHTO01,0,0,0.0,0.0,1,1,0,0.0,0.0,0.0,,,0,0,0,gtdb_only,0.0
G020348925,0,0,0.0,0.0,1,1,0,0.0,0.0,0.0,,,0,0,0,gtdb_only,0.0
JAUYGA01,0,0,0.0,0.0,1,1,0,0.0,0.0,0.0,,,0,0,0,gtdb_only,0.0
NIT-T3,0,0,0.0,0.0,1,1,0,0.0,0.0,0.0,,,0,0,0,gtdb_only,0.0
JAIVKR01,0,0,0.0,0.0,1,1,0,0.0,0.0,0.0,,,0,0,0,gtdb_only,0.0
JAQSXL01,0,0,0.0,0.0,1,1,0,0.0,0.0,0.0,,,0,0,0,gtdb_only,0.0
Tb-RUG-66,0,0,0.0,0.0,1,1,0,0.0,0.0,0.0,,,0,0,0,gtdb_only,0.0
Desulfurisporaceae,0,0,0.0,0.0,1,1,0,0.0,0.0,0.0,,,0,0,0,gtdb_only,0.0
G030406045,0,0,0.0,0.0,1,1,0,0.0,0.0,0.0,,,0,0,0,gtdb_only,0.0
JACPAO01,0,0,0.0,0.0,1,1,0,0.0,0.0,0.0,,,0,0,0,gtdb_only,0.0
BP-101,0,0,0.0,0.0,1,1,0,0.0,0.0,0.0,,,0,0,0,gtdb_only,0.0
JAJFIV01,0,0,0.0,0.0,1,1,0,0.0,0.0,0.0,,,0,0,0,gtdb_only,0.0
GCA-020356005,0,0,0.0,0.0,1,1,0,0.0,0.0,0.0,,,0,0,0,gtdb_only,0.0
JAISYE01,0,0,0.0,0.0,1,1,0,0.0,0.0,0.0,,,0,0,0,gtdb_only,0.0
JAGGXE01,0,0,0.0,0.0,1,1,0,0.0,0.0,0.0,,,0,0,0,gtdb_only,0.0
JAUIEV01,0,0,0.0,0.0,1,1,0,0.0,0.0,0.0,,,0,0,0,gtdb_only,0.0
JAPULJ01,0,0,0.0,0.0,1,1,0,0.0,0.0,0.0,,,0,0,0,gtdb_only,0.0
SMBSF77,0,0,0.0,0.0,1,1,0,0.0,0.0,0.0,,,0,0,0,gtdb_only,0.0
JAGVOV01,0,0,0.0,0.0,1,1,0,0.0,0.0,0.0,,,0,0,0,gtdb_only,0.0
JAQUMP01,0,0,0.0,0.0,1,1,0,0.0,0.0,0.0,,,0,0,0,gtdb_only,0.0
JAHWKY01,0,0,0.0,0.0,1,1,0,0.0,0.0,0.0,,,0,0,0,gtdb_only,0.0
JAUVVS01,0,0,0.0,0.0,1,1,0,0.0,0.0,0.0,,,0,0,0,gtdb_only,0.0
SKW197,0,0,0.0,0.0,1,1,0,0.0,0.0,0.0,,,0,0,0,gtdb_only,0.0
JACPCJ01,0,0,0.0,0.0,1,1,0,0.0,0.0,0.0,,,0,0,0,gtdb_only,0.0
JAUWGG01,0,0,0.0,0.0,1,1,0,0.0,0.0,0.0,,,0,0,0,gtdb_only,0.0
JAPDIZ01,0,0,0.0,0.0,1,1,0,0.0,0.0,0.0,,,0,0,0,gtdb_only,0.0
UBA186,0,0,0.0,0.0,1,1,0,0.0,0.0,0.0,,,0,0,0,gtdb_only,0.0
DNKR01,0,0,0.0,0.0,1,1,0,0.0,0.0,0.0,,,0,0,0,gtdb_only,0.0
DYIH01,0,0,0.0,0.0,1,1,0,0.0,0.0,0.0,,,0,0,0,gtdb_only,0.0
UBA202,0,0,0.0,0.0,1,1,0,0.0,0.0,0.0,,,0,0,0,gtdb_only,0.0
JAUYDJ01,0,0,0.0,0.0,1,1,0,0.0,0.0,0.0,,,0,0,0,gtdb_only,0.0
UBA2565,0,0,0.0,0.0,1,1,0,0.0,0.0,0.0,,,0,0,0,gtdb_only,0.0
B88-G9,0,0,0.0,0.0,1,1,0,0.0,0.0,0.0,,,0,0,0,gtdb_only,0.0
B24-G1,0,0,0.0,0.0,1,1,0,0.0,0.0,0.0,,,0,0,0,gtdb_only,0.0
JANLHZ01,0,0,0.0,0.0,1,1,0,0.0,0.0,0.0,,,0,0,0,gtdb_only,0.0
JAJPGV01,0,0,0.0,0.0,1,1,0,0.0,0.0,0.0,,,0,0,0,gtdb_only,0.0
JACCYY01,0,0,0.0,0.0,1,1,0,0.0,0.0,0.0,,,0,0,0,gtdb_only,0.0
JAJRUZ01,0,0,0.0,0.0,1,1,0,0.0,0.0,0.0,,,0,0,0,gtdb_only,0.0
JAFNFQ01,0,0,0.0,0.0,1,1,0,0.0,0.0,0.0,,,0,0,0,gtdb_only,0.0
JAFGLO01,0,0,0.0,0.0,1,1,0,0.0,0.0,0.0,,,0,0,0,gtdb_only,0.0
Thiohalospiraceae,0,0,0.0,0.0,1,1,0,0.0,0.0,0.0,,,0,0,0,gtdb_only,0.0
JAPUJT01,0,0,0.0,0.0,1,1,0,0.0,0.0,0.0,,,0,0,0,gtdb_only,0.0
BP-191,0,0,0.0,0.0,1,1,0,0.0,0.0,0.0,,,0,0,0,gtdb_only,0.0
JAHFTX01,0,0,0.0,0.0,1,1,0,0.0,0.0,0.0,,,0,0,0,gtdb_only,0.0
JALOBY01,0,0,0.0,0.0,1,1,0,0.0,0.0,0.0,,,0,0,0,gtdb_only,0.0
JADZBC01,0,0,0.0,0.0,1,1,0,0.0,0.0,0.0,,,0,0,0,gtdb_only,0.0
CAJWUJ01,0,0,0.0,0.0,1,1,0,0.0,0.0,0.0,,,0,0,0,gtdb_only,0.0
JAQBPP01,0,0,0.0,0.0,1,1,0,0.0,0.0,0.0,,,0,0,0,gtdb_only,0.0
DRME01,0,0,0.0,0.0,1,1,0,0.0,0.0,0.0,,,0,0,0,gtdb_only,0.0
JAMCXX01,0,0,0.0,0.0,1,1,0,0.0,0.0,0.0,,,0,0,0,gtdb_only,0.0
DYEP01,0,0,0.0,0.0,1,1,0,0.0,0.0,0.0,,,0,0,0,gtdb_only,0.0
JAFGEK01,0,0,0.0,0.0,1,1,0,0.0,0.0,0.0,,,0,0,0,gtdb_only,0.0
JAHJGZ01,0,0,0.0,0.0,1,1,0,0.0,0.0,0.0,,,0,0,0,gtdb_only,0.0
JANWYM01,0,0,0.0,0.0,1,1,0,0.0,0.0,0.0,,,0,0,0,gtdb_only,0.0
DAIDAN01,0,0,0.0,0.0,1,1,0,0.0,0.0,0.0,,,0,0,0,gtdb_only,0.0
DULL01,0,0,0.0,0.0,1,1,0,0.0,0.0,0.0,,,0,0,0,gtdb_only,0.0
CACECR01,0,0,0.0,0.0,1,1,0,0.0,0.0,0.0,,,0,0,0,gtdb_only,0.0
JALRBM01,0,0,0.0,0.0,1,1,0,0.0,0.0,0.0,,,0,0,0,gtdb_only,0.0
CANHCR01,0,0,0.0,0.0,1,1,0,0.0,0.0,0.0,,,0,0,0,gtdb_only,0.0
JAPUJA01,0,0,0.0,0.0,1,1,0,0.0,0.0,0.0,,,0,0,0,gtdb_only,0.0
JACIYF01,0,0,0.0,0.0,1,1,0,0.0,0.0,0.0,,,0,0,0,gtdb_only,0.0
CALEDW01,0,0,0.0,0.0,1,1,0,0.0,0.0,0.0,,,0,0,0,gtdb_only,0.0
JARIHA01,0,0,0.0,0.0,1,1,0,0.0,0.0,0.0,,,0,0,0,gtdb_only,0.0
JAJRZV01,0,0,0.0,0.0,1,1,0,0.0,0.0,0.0,,,0,0,0,gtdb_only,0.0
JAJPHD01,0,0,0.0,0.0,1,1,0,0.0,0.0,0.0,,,0,0,0,gtdb_only,0.0
JACIWT01,0,0,0.0,0.0,1,1,0,0.0,0.0,0.0,,,0,0,0,gtdb_only,0.0
JACPXA01,0,0,0.0,0.0,1,1,0,0.0,0.0,0.0,,,0,0,0,gtdb_only,0.0
JAFGEW01,0,0,0.0,0.0,1,1,0,0.0,0.0,0.0,,,0,0,0,gtdb_only,0.0
JAUXFM01,0,0,0.0,0.0,1,1,0,0.0,0.0,0.0,,,0,0,0,gtdb_only,0.0
JAUWHS01,0,0,0.0,0.0,1,1,0,0.0,0.0,0.0,,,0,0,0,gtdb_only,0.0
SBBB01,0,0,0.0,0.0,1,1,0,0.0,0.0,0.0,,,0,0,0,gtdb_only,0.0
JAMOSO01,0,0,0.0,0.0,1,1,0,0.0,0.0,0.0,,,0,0,0,gtdb_only,0.0
CALFHW01,0,0,0.0,0.0,1,1,0,0.0,0.0,0.0,,,0,0,0,gtdb_only,0.0
JAGVFQ01,0,0,0.0,0.0,1,1,0,0.0,0.0,0.0,,,0,0,0,gtdb_only,0.0
JADYYK01,0,0,0.0,0.0,1,1,0,0.0,0.0,0.0,,,0,0,0,gtdb_only,0.0
VGFF01,0,0,0.0,0.0,1,1,0,0.0,0.0,0.0,,,0,0,0,gtdb_only,0.0
JADZFF01,0,0,0.0,0.0,1,1,0,0.0,0.0,0.0,,,0,0,0,gtdb_only,0.0
J132,0,0,0.0,0.0,1,1,0,0.0,0.0,0.0,,,0,0,0,gtdb_only,0.0
DTYH01,0,0,0.0,0.0,1,1,0,0.0,0.0,0.0,,,0,0,0,gtdb_only,0.0
JAKFYE01,0,0,0.0,0.0,1,1,0,0.0,0.0,0.0,,,0,0,0,gtdb_only,0.0
1-14-0-10-41-12,0,0,0.0,0.0,1,1,0,0.0,0.0,0.0,,,0,0,0,gtdb_only,0.0
DUSP01,0,0,0.0,0.0,1,1,0,0.0,0.0,0.0,,,0,0,0,gtdb_only,0.0
JALRGP01,0,0,0.0,0.0,1,1,0,0.0,0.0,0.0,,,0,0,0,gtdb_only,0.0
SZAS-1,0,0,0.0,0.0,1,1,0,0.0,0.0,0.0,,,0,0,0,gtdb_only,0.0
JAHFDS01,0,0,0.0,0.0,1,1,0,0.0,0.0,0.0,,,0,0,0,gtdb_only,0.0
JAIQFD01,0,0,0.0,0.0,1,1,0,0.0,0.0,0.0,,,0,0,0,gtdb_only,0.0
JAITVM01,0,0,0.0,0.0,1,1,0,0.0,0.0,0.0,,,0,0,0,gtdb_only,0.0
BQJN01,0,0,0.0,0.0,1,1,0,0.0,0.0,0.0,,,0,0,0,gtdb_only,0.0
PCC-7336,0,0,0.0,0.0,1,1,0,0.0,0.0,0.0,,,0,0,0,gtdb_only,0.0
JADGRT01,0,0,0.0,0.0,1,1,0,0.0,0.0,0.0,,,0,0,0,gtdb_only,0.0
JALVRC01,0,0,0.0,0.0,1,1,0,0.0,0.0,0.0,,,0,0,0,gtdb_only,0.0
CAJQNC01,0,0,0.0,0.0,1,1,0,0.0,0.0,0.0,,,0,0,0,gtdb_only,0.0
GCA-2742885,0,0,0.0,0.0,1,1,0,0.0,0.0,0.0,,,0,0,0,gtdb_only,0.0
JACPPT01,0,0,0.0,0.0,1,1,0,0.0,0.0,0.0,,,0,0,0,gtdb_only,0.0
PEVX01,0,0,0.0,0.0,1,1,0,0.0,0.0,0.0,,,0,0,0,gtdb_only,0.0
CALMYZ01,0,0,0.0,0.0,1,1,0,0.0,0.0,0.0,,,0,0,0,gtdb_only,0.0
JAGXHI01,0,0,0.0,0.0,1,1,0,0.0,0.0,0.0,,,0,0,0,gtdb_only,0.0
JACQEN01,0,0,0.0,0.0,1,1,0,0.0,0.0,0.0,,,0,0,0,gtdb_only,0.0
CALFVM01,0,0,0.0,0.0,1,1,0,0.0,0.0,0.0,,,0,0,0,gtdb_only,0.0
JACQRN01,0,0,0.0,0.0,1,1,0,0.0,0.0,0.0,,,0,0,0,gtdb_only,0.0
DTGE01,0,0,0.0,0.0,1,1,0,0.0,0.0,0.0,,,0,0,0,gtdb_only,0.0
JAHDHN01,0,0,0.0,0.0,1,1,0,0.0,0.0,0.0,,,0,0,0,gtdb_only,0.0
JAGTRE01,0,0,0.0,0.0,1,1,0,0.0,0.0,0.0,,,0,0,0,gtdb_only,0.0
DZAY01,0,0,0.0,0.0,1,1,0,0.0,0.0,0.0,,,0,0,0,gtdb_only,0.0
JAKLEA01,0,0,0.0,0.0,1,1,0,0.0,0.0,0.0,,,0,0,0,gtdb_only,0.0
JADFSL01,0,0,0.0,0.0,1,1,0,0.0,0.0,0.0,,,0,0,0,gtdb_only,0.0
JAFGEP01,0,0,0.0,0.0,1,1,0,0.0,0.0,0.0,,,0,0,0,gtdb_only,0.0
UBA12532,0,0,0.0,0.0,1,1,0,0.0,0.0,0.0,,,0,0,0,gtdb_only,0.0
DTXE01,0,0,0.0,0.0,1,1,0,0.0,0.0,0.0,,,0,0,0,gtdb_only,0.0
JALWYX01,0,0,0.0,0.0,1,1,0,0.0,0.0,0.0,,,0,0,0,gtdb_only,0.0
JACPDS01,0,0,0.0,0.0,1,1,0,0.0,0.0,0.0,,,0,0,0,gtdb_only,0.0
JABDLF01,0,0,0.0,0.0,1,1,0,0.0,0.0,0.0,,,0,0,0,gtdb_only,0.0
PUNC01,0,0,0.0,0.0,1,1,0,0.0,0.0,0.0,,,0,0,0,gtdb_only,0.0
JAEUSG01,0,0,0.0,0.0,1,1,0,0.0,0.0,0.0,,,0,0,0,gtdb_only,0.0
JAPLSS01,0,0,0.0,0.0,1,1,0,0.0,0.0,0.0,,,0,0,0,gtdb_only,0.0
PIWD01,0,0,0.0,0.0,1,1,0,0.0,0.0,0.0,,,0,0,0,gtdb_only,0.0
JALRHH01,0,0,0.0,0.0,1,1,0,0.0,0.0,0.0,,,0,0,0,gtdb_only,0.0
JACQJU01,0,0,0.0,0.0,1,1,0,0.0,0.0,0.0,,,0,0,0,gtdb_only,0.0
CALKRZ01,0,0,0.0,0.0,1,1,0,0.0,0.0,0.0,,,0,0,0,gtdb_only,0.0
JAHDSF01,0,0,0.0,0.0,1,1,0,0.0,0.0,0.0,,,0,0,0,gtdb_only,0.0
JAJRTK01,0,0,0.0,0.0,1,1,0,0.0,0.0,0.0,,,0,0,0,gtdb_only,0.0
Thermicanaceae,0,0,0.0,0.0,1,1,0,0.0,0.0,0.0,,,0,0,0,gtdb_only,0.0
JACPRZ01,0,0,0.0,0.0,1,1,0,0.0,0.0,0.0,,,0,0,0,gtdb_only,0.0
JAEUSM01,0,0,0.0,0.0,1,1,0,0.0,0.0,0.0,,,0,0,0,gtdb_only,0.0
DYJS01,0,0,0.0,0.0,1,1,0,0.0,0.0,0.0,,,0,0,0,gtdb_only,0.0
JAJRTR01,0,0,0.0,0.0,1,1,0,0.0,0.0,0.0,,,0,0,0,gtdb_only,0.0
JANQMK01,0,0,0.0,0.0,1,1,0,0.0,0.0,0.0,,,0,0,0,gtdb_only,0.0
JAUVCJ01,0,0,0.0,0.0,1,1,0,0.0,0.0,0.0,,,0,0,0,gtdb_only,0.0
GLO-12,0,0,0.0,0.0,1,1,0,0.0,0.0,0.0,,,0,0,0,gtdb_only,0.0
UBA2593,0,0,0.0,0.0,1,1,0,0.0,0.0,0.0,,,0,0,0,gtdb_only,0.0
JACPPH01,0,0,0.0,0.0,1,1,0,0.0,0.0,0.0,,,0,0,0,gtdb_only,0.0
JAKJEU01,0,0,0.0,0.0,1,1,0,0.0,0.0,0.0,,,0,0,0,gtdb_only,0.0
JAABSR01,0,0,0.0,0.0,1,1,0,0.0,0.0,0.0,,,0,0,0,gtdb_only,0.0
JALTZZ01,0,0,0.0,0.0,1,1,0,0.0,0.0,0.0,,,0,0,0,gtdb_only,0.0
JAADIA01,0,0,0.0,0.0,1,1,0,0.0,0.0,0.0,,,0,0,0,gtdb_only,0.0
O2-12-FULL-43-9,0,0,0.0,0.0,1,1,0,0.0,0.0,0.0,,,0,0,0,gtdb_only,0.0
UBA1319,0,0,0.0,0.0,1,1,0,0.0,0.0,0.0,,,0,0,0,gtdb_only,0.0
JAMNXU01,0,0,0.0,0.0,1,1,0,0.0,0.0,0.0,,,0,0,0,gtdb_only,0.0
JAUXAV01,0,0,0.0,0.0,1,1,0,0.0,0.0,0.0,,,0,0,0,gtdb_only,0.0
DVGY01,0,0,0.0,0.0,1,1,0,0.0,0.0,0.0,,,0,0,0,gtdb_only,0.0
QNFE01,0,0,0.0,0.0,1,1,0,0.0,0.0,0.0,,,0,0,0,gtdb_only,0.0
CAJWYM01,0,0,0.0,0.0,1,1,0,0.0,0.0,0.0,,,0,0,0,gtdb_only,0.0
JACOZS01,0,0,0.0,0.0,1,1,0,0.0,0.0,0.0,,,0,0,0,gtdb_only,0.0
JAOAEQ01,0,0,0.0,0.0,1,1,0,0.0,0.0,0.0,,,0,0,0,gtdb_only,0.0
JABWCM01,0,0,0.0,0.0,1,1,0,0.0,0.0,0.0,,,0,0,0,gtdb_only,0.0
Mcinerneyibacteriaceae,0,0,0.0,0.0,1,1,0,0.0,0.0,0.0,,,0,0,0,gtdb_only,0.0
JANYLB01,0,0,0.0,0.0,1,1,0,0.0,0.0,0.0,,,0,0,0,gtdb_only,0.0
DYIG01,0,0,0.0,0.0,1,1,0,0.0,0.0,0.0,,,0,0,0,gtdb_only,0.0
JACQHA01,0,0,0.0,0.0,1,1,0,0.0,0.0,0.0,,,0,0,0,gtdb_only,0.0
JACJVW01,0,0,0.0,0.0,1,1,0,0.0,0.0,0.0,,,0,0,0,gtdb_only,0.0
JAKEFC01,0,0,0.0,0.0,1,1,0,0.0,0.0,0.0,,,0,0,0,gtdb_only,0.0
JACPHL01,0,0,0.0,0.0,1,1,0,0.0,0.0,0.0,,,0,0,0,gtdb_only,0.0
JAFGSJ01,0,0,0.0,0.0,1,1,0,0.0,0.0,0.0,,,0,0,0,gtdb_only,0.0
JAIMBG01,0,0,0.0,0.0,1,1,0,0.0,0.0,0.0,,,0,0,0,gtdb_only,0.0
SKW190,0,0,0.0,0.0,1,1,0,0.0,0.0,0.0,,,0,0,0,gtdb_only,0.0
CADDZV01,0,0,0.0,0.0,1,1,0,0.0,0.0,0.0,,,0,0,0,gtdb_only,0.0
JARCMD01,0,0,0.0,0.0,1,1,0,0.0,0.0,0.0,,,0,0,0,gtdb_only,0.0
JAGGZP01,0,0,0.0,0.0,1,1,0,0.0,0.0,0.0,,,0,0,0,gtdb_only,0.0
JACQUE01,0,0,0.0,0.0,1,1,0,0.0,0.0,0.0,,,0,0,0,gtdb_only,0.0
JAFDDL01,0,0,0.0,0.0,1,1,0,0.0,0.0,0.0,,,0,0,0,gtdb_only,0.0
JAUHZY01,0,0,0.0,0.0,1,1,0,0.0,0.0,0.0,,,0,0,0,gtdb_only,0.0
JAQGGX01,0,0,0.0,0.0,1,1,0,0.0,0.0,0.0,,,0,0,0,gtdb_only,0.0
WJKY01,0,0,0.0,0.0,1,1,0,0.0,0.0,0.0,,,0,0,0,gtdb_only,0.0
VGEU01,0,0,0.0,0.0,1,1,0,0.0,0.0,0.0,,,0,0,0,gtdb_only,0.0
VGMA01,0,0,0.0,0.0,1,1,0,0.0,0.0,0.0,,,0,0,0,gtdb_only,0.0
WRBM01,0,0,0.0,0.0,1,1,0,0.0,0.0,0.0,,,0,0,0,gtdb_only,0.0
JAFGMG01,0,0,0.0,0.0,1,1,0,0.0,0.0,0.0,,,0,0,0,gtdb_only,0.0
DAOWOJ01,0,0,0.0,0.0,1,1,0,0.0,0.0,0.0,,,0,0,0,gtdb_only,0.0
JACQLU01,0,0,0.0,0.0,1,1,0,0.0,0.0,0.0,,,0,0,0,gtdb_only,0.0
JAJSAI01,0,0,0.0,0.0,1,1,0,0.0,0.0,0.0,,,0,0,0,gtdb_only,0.0
JACQUR01,0,0,0.0,0.0,1,1,0,0.0,0.0,0.0,,,0,0,0,gtdb_only,0.0
JAOTWM01,0,0,0.0,0.0,1,1,0,0.0,0.0,0.0,,,0,0,0,gtdb_only,0.0
JAJDBK01,0,0,0.0,0.0,1,1,0,0.0,0.0,0.0,,,0,0,0,gtdb_only,0.0
CANGWC01,0,0,0.0,0.0,1,1,0,0.0,0.0,0.0,,,0,0,0,gtdb_only,0.0
JACQVU01,0,0,0.0,0.0,1,1,0,0.0,0.0,0.0,,,0,0,0,gtdb_only,0.0
JAMDEM01,0,0,0.0,0.0,1,1,0,0.0,0.0,0.0,,,0,0,0,gtdb_only,0.0
JAHEDQ01,0,0,0.0,0.0,1,1,0,0.0,0.0,0.0,,,0,0,0,gtdb_only,0.0
SIG530,0,0,0.0,0.0,1,1,0,0.0,0.0,0.0,,,0,0,0,gtdb_only,0.0
CALBRZ01,0,0,0.0,0.0,1,1,0,0.0,0.0,0.0,,,0,0,0,gtdb_only,0.0
JANQMZ01,0,0,0.0,0.0,1,1,0,0.0,0.0,0.0,,,0,0,0,gtdb_only,0.0
0-14-0-80-59-12,0,0,0.0,0.0,1,1,0,0.0,0.0,0.0,,,0,0,0,gtdb_only,0.0
JAGGVN01,0,0,0.0,0.0,1,1,0,0.0,0.0,0.0,,,0,0,0,gtdb_only,0.0
JAOAIM01,0,0,0.0,0.0,1,1,0,0.0,0.0,0.0,,,0,0,0,gtdb_only,0.0
JAUVZV01,0,0,0.0,0.0,1,1,0,0.0,0.0,0.0,,,0,0,0,gtdb_only,0.0
CR-1,0,0,0.0,0.0,1,1,0,0.0,0.0,0.0,,,0,0,0,gtdb_only,0.0
JACQZM01,0,0,0.0,0.0,1,1,0,0.0,0.0,0.0,,,0,0,0,gtdb_only,0.0
JAADJB01,0,0,0.0,0.0,1,1,0,0.0,0.0,0.0,,,0,0,0,gtdb_only,0.0
UM-FILTER-63-12,0,0,0.0,0.0,1,1,0,0.0,0.0,0.0,,,0,0,0,gtdb_only,0.0
CAJWJK01,0,0,0.0,0.0,1,1,0,0.0,0.0,0.0,,,0,0,0,gtdb_only,0.0
GCA-2748835,0,0,0.0,0.0,1,1,0,0.0,0.0,0.0,,,0,0,0,gtdb_only,0.0
FW305-bin1,0,0,0.0,0.0,1,1,0,0.0,0.0,0.0,,,0,0,0,gtdb_only,0.0
DUMD01,0,0,0.0,0.0,1,1,0,0.0,0.0,0.0,,,0,0,0,gtdb_only,0.0
CALLLO01,0,0,0.0,0.0,1,1,0,0.0,0.0,0.0,,,0,0,0,gtdb_only,0.0
DAOWLE01,0,0,0.0,0.0,1,1,0,0.0,0.0,0.0,,,0,0,0,gtdb_only,0.0
JAFGSX01,0,0,0.0,0.0,1,1,0,0.0,0.0,0.0,,,0,0,0,gtdb_only,0.0
CAJXKU01,0,0,0.0,0.0,1,1,0,0.0,0.0,0.0,,,0,0,0,gtdb_only,0.0
JAGVHQ01,0,0,0.0,0.0,1,1,0,0.0,0.0,0.0,,,0,0,0,gtdb_only,0.0
DAOWKM01,0,0,0.0,0.0,1,1,0,0.0,0.0,0.0,,,0,0,0,gtdb_only,0.0
JAOZMQ01,0,0,0.0,0.0,1,1,0,0.0,0.0,0.0,,,0,0,0,gtdb_only,0.0
DTPP01,0,0,0.0,0.0,1,1,0,0.0,0.0,0.0,,,0,0,0,gtdb_only,0.0
DAOVEB01,0,0,0.0,0.0,1,1,0,0.0,0.0,0.0,,,0,0,0,gtdb_only,0.0
JAOACF01,0,0,0.0,0.0,1,1,0,0.0,0.0,0.0,,,0,0,0,gtdb_only,0.0
DYNZ01,0,0,0.0,0.0,1,1,0,0.0,0.0,0.0,,,0,0,0,gtdb_only,0.0
JAUWXU01,0,0,0.0,0.0,1,1,0,0.0,0.0,0.0,,,0,0,0,gtdb_only,0.0
JAUUWJ01,0,0,0.0,0.0,1,1,0,0.0,0.0,0.0,,,0,0,0,gtdb_only,0.0
JAUIKI01,0,0,0.0,0.0,1,1,0,0.0,0.0,0.0,,,0,0,0,gtdb_only,0.0
CAISZI01,0,0,0.0,0.0,1,1,0,0.0,0.0,0.0,,,0,0,0,gtdb_only,0.0
DYGC01,0,0,0.0,0.0,1,1,0,0.0,0.0,0.0,,,0,0,0,gtdb_only,0.0
JACQCE01,0,0,0.0,0.0,1,1,0,0.0,0.0,0.0,,,0,0,0,gtdb_only,0.0
2-01-FULL-47-10,0,0,0.0,0.0,1,1,0,0.0,0.0,0.0,,,0,0,0,gtdb_only,0.0
VHCN01,0,0,0.0,0.0,1,1,0,0.0,0.0,0.0,,,0,0,0,gtdb_only,0.0
JAMCWQ01,0,0,0.0,0.0,1,1,0,0.0,0.0,0.0,,,0,0,0,gtdb_only,0.0
JAJPKF01,0,0,0.0,0.0,1,1,0,0.0,0.0,0.0,,,0,0,0,gtdb_only,0.0
JAPLKN01,0,0,0.0,0.0,1,1,0,0.0,0.0,0.0,,,0,0,0,gtdb_only,0.0
CAIYYI01,0,0,0.0,0.0,1,1,0,0.0,0.0,0.0,,,0,0,0,gtdb_only,0.0
JAQULV01,0,0,0.0,0.0,1,1,0,0.0,0.0,0.0,,,0,0,0,gtdb_only,0.0
HCM1,0,0,0.0,0.0,1,1,0,0.0,0.0,0.0,,,0,0,0,gtdb_only,0.0
JAHFOH01,0,0,0.0,0.0,1,1,0,0.0,0.0,0.0,,,0,0,0,gtdb_only,0.0
SURF-47,0,0,0.0,0.0,1,1,0,0.0,0.0,0.0,,,0,0,0,gtdb_only,0.0
JAFGND01,0,0,0.0,0.0,1,1,0,0.0,0.0,0.0,,,0,0,0,gtdb_only,0.0
JAPLXB01,0,0,0.0,0.0,1,1,0,0.0,0.0,0.0,,,0,0,0,gtdb_only,0.0
JAJVIF01,0,0,0.0,0.0,1,1,0,0.0,0.0,0.0,,,0,0,0,gtdb_only,0.0
VGZY01,0,0,0.0,0.0,1,1,0,0.0,0.0,0.0,,,0,0,0,gtdb_only,0.0
JAJOKI01,0,0,0.0,0.0,1,1,0,0.0,0.0,0.0,,,0,0,0,gtdb_only,0.0
J113,0,0,0.0,0.0,1,1,0,0.0,0.0,0.0,,,0,0,0,gtdb_only,0.0
SLOH01,0,0,0.0,0.0,1,1,0,0.0,0.0,0.0,,,0,0,0,gtdb_only,0.0
JAPLVM01,0,0,0.0,0.0,1,1,0,0.0,0.0,0.0,,,0,0,0,gtdb_only,0.0
JAUVRN01,0,0,0.0,0.0,1,1,0,0.0,0.0,0.0,,,0,0,0,gtdb_only,0.0
DUMF01,0,0,0.0,0.0,1,1,0,0.0,0.0,0.0,,,0,0,0,gtdb_only,0.0
CAJXLF01,0,0,0.0,0.0,1,1,0,0.0,0.0,0.0,,,0,0,0,gtdb_only,0.0
JAJVIH01,0,0,0.0,0.0,1,1,0,0.0,0.0,0.0,,,0,0,0,gtdb_only,0.0
JAJRRL01,0,0,0.0,0.0,1,1,0,0.0,0.0,0.0,,,0,0,0,gtdb_only,0.0
JAOZVK01,0,0,0.0,0.0,1,1,0,0.0,0.0,0.0,,,0,0,0,gtdb_only,0.0
JADYYL01,0,0,0.0,0.0,1,1,0,0.0,0.0,0.0,,,0,0,0,gtdb_only,0.0
SUG1161,0,0,0.0,0.0,1,1,0,0.0,0.0,0.0,,,0,0,0,gtdb_only,0.0
CADDZG01,0,0,0.0,0.0,1,1,0,0.0,0.0,0.0,,,0,0,0,gtdb_only,0.0
DYIV01,0,0,0.0,0.0,1,1,0,0.0,0.0,0.0,,,0,0,0,gtdb_only,0.0
JAJFLM01,0,0,0.0,0.0,1,1,0,0.0,0.0,0.0,,,0,0,0,gtdb_only,0.0
JALWFW01,0,0,0.0,0.0,1,1,0,0.0,0.0,0.0,,,0,0,0,gtdb_only,0.0
JAICHO01,0,0,0.0,0.0,1,1,0,0.0,0.0,0.0,,,0,0,0,gtdb_only,0.0
JARBTR01,0,0,0.0,0.0,1,1,0,0.0,0.0,0.0,,,0,0,0,gtdb_only,0.0
HRBIN34,0,0,0.0,0.0,1,1,0,0.0,0.0,0.0,,,0,0,0,gtdb_only,0.0
JAQBTZ01,0,0,0.0,0.0,1,1,0,0.0,0.0,0.0,,,0,0,0,gtdb_only,0.0
JAIBAD01,0,0,0.0,0.0,1,1,0,0.0,0.0,0.0,,,0,0,0,gtdb_only,0.0
JACDCP01,0,0,0.0,0.0,1,1,0,0.0,0.0,0.0,,,0,0,0,gtdb_only,0.0
JAQSWP01,0,0,0.0,0.0,1,1,0,0.0,0.0,0.0,,,0,0,0,gtdb_only,0.0
JAHFSZ01,0,0,0.0,0.0,1,1,0,0.0,0.0,0.0,,,0,0,0,gtdb_only,0.0
DSLN01,0,0,0.0,0.0,1,1,0,0.0,0.0,0.0,,,0,0,0,gtdb_only,0.0
JAUQQI01,0,0,0.0,0.0,1,1,0,0.0,0.0,0.0,,,0,0,0,gtdb_only,0.0
JAHFOU01,0,0,0.0,0.0,1,1,0,0.0,0.0,0.0,,,0,0,0,gtdb_only,0.0
JACDFO01,0,0,0.0,0.0,1,1,0,0.0,0.0,0.0,,,0,0,0,gtdb_only,0.0
JAUSGH01,0,0,0.0,0.0,1,1,0,0.0,0.0,0.0,,,0,0,0,gtdb_only,0.0
CAIJLX01,0,0,0.0,0.0,1,1,0,0.0,0.0,0.0,,,0,0,0,gtdb_only,0.0
JAJNBL01,0,0,0.0,0.0,1,1,0,0.0,0.0,0.0,,,0,0,0,gtdb_only,0.0
JADJOY01,0,0,0.0,0.0,1,1,0,0.0,0.0,0.0,,,0,0,0,gtdb_only,0.0
SIG519,0,0,0.0,0.0,1,1,0,0.0,0.0,0.0,,,0,0,0,gtdb_only,0.0
JACPSX01,0,0,0.0,0.0,1,1,0,0.0,0.0,0.0,,,0,0,0,gtdb_only,0.0
DYFQ01,0,0,0.0,0.0,1,1,0,0.0,0.0,0.0,,,0,0,0,gtdb_only,0.0
CAIPFW01,0,0,0.0,0.0,1,1,0,0.0,0.0,0.0,,,0,0,0,gtdb_only,0.0
JAQGHD01,0,0,0.0,0.0,1,1,0,0.0,0.0,0.0,,,0,0,0,gtdb_only,0.0
JACPFA01,0,0,0.0,0.0,1,1,0,0.0,0.0,0.0,,,0,0,0,gtdb_only,0.0
JAQVBK01,0,0,0.0,0.0,1,1,0,0.0,0.0,0.0,,,0,0,0,gtdb_only,0.0
PFEM01,0,0,0.0,0.0,1,1,0,0.0,0.0,0.0,,,0,0,0,gtdb_only,0.0
JAICYB01,0,0,0.0,0.0,1,1,0,0.0,0.0,0.0,,,0,0,0,gtdb_only,0.0
MC1,0,0,0.0,0.0,1,1,0,0.0,0.0,0.0,,,0,0,0,gtdb_only,0.0
DAOWED01,0,0,0.0,0.0,1,1,0,0.0,0.0,0.0,,,0,0,0,gtdb_only,0.0
Ess09-12,0,0,0.0,0.0,1,1,0,0.0,0.0,0.0,,,0,0,0,gtdb_only,0.0
JAPKYU01,0,0,0.0,0.0,1,1,0,0.0,0.0,0.0,,,0,0,0,gtdb_only,0.0
JANQJC01,0,0,0.0,0.0,1,1,0,0.0,0.0,0.0,,,0,0,0,gtdb_only,0.0
GCA-016699595,0,0,0.0,0.0,1,1,0,0.0,0.0,0.0,,,0,0,0,gtdb_only,0.0
SCTJ01,0,0,0.0,0.0,1,1,0,0.0,0.0,0.0,,,0,0,0,gtdb_only,0.0
CALFWJ01,0,0,0.0,0.0,1,1,0,0.0,0.0,0.0,,,0,0,0,gtdb_only,0.0
S144-23,0,0,0.0,0.0,1,1,0,0.0,0.0,0.0,,,0,0,0,gtdb_only,0.0
JAGGZT01,0,0,0.0,0.0,1,1,0,0.0,0.0,0.0,,,0,0,0,gtdb_only,0.0
JAAZVR01,0,0,0.0,0.0,1,1,0,0.0,0.0,0.0,,,0,0,0,gtdb_only,0.0
WRCU01,0,0,0.0,0.0,1,1,0,0.0,0.0,0.0,,,0,0,0,gtdb_only,0.0
JAUIKZ01,0,0,0.0,0.0,1,1,0,0.0,0.0,0.0,,,0,0,0,gtdb_only,0.0
VGEJ01,0,0,0.0,0.0,1,1,0,0.0,0.0,0.0,,,0,0,0,gtdb_only,0.0
JASBUN01,0,0,0.0,0.0,1,1,0,0.0,0.0,0.0,,,0,0,0,gtdb_only,0.0
JABISL01,0,0,0.0,0.0,1,1,0,0.0,0.0,0.0,,,0,0,0,gtdb_only,0.0
JAEINX01,0,0,0.0,0.0,1,1,0,0.0,0.0,0.0,,,0,0,0,gtdb_only,0.0
DUQP01,0,0,0.0,0.0,1,1,0,0.0,0.0,0.0,,,0,0,0,gtdb_only,0.0
JANQNC01,0,0,0.0,0.0,1,1,0,0.0,0.0,0.0,,,0,0,0,gtdb_only,0.0
M30B25,0,0,0.0,0.0,1,1,0,0.0,0.0,0.0,,,0,0,0,gtdb_only,0.0
OXYB2-FULL-49-7,0,0,0.0,0.0,1,1,0,0.0,0.0,0.0,,,0,0,0,gtdb_only,0.0
SG130,0,0,0.0,0.0,1,1,0,0.0,0.0,0.0,,,0,0,0,gtdb_only,0.0
JAPLKR01,0,0,0.0,0.0,1,1,0,0.0,0.0,0.0,,,0,0,0,gtdb_only,0.0
JAUVJU01,0,0,0.0,0.0,1,1,0,0.0,0.0,0.0,,,0,0,0,gtdb_only,0.0
JAGVYJ01,0,0,0.0,0.0,1,1,0,0.0,0.0,0.0,,,0,0,0,gtdb_only,0.0
JALYHC01,0,0,0.0,0.0,1,1,0,0.0,0.0,0.0,,,0,0,0,gtdb_only,0.0
CALEFQ01,0,0,0.0,0.0,1,1,0,0.0,0.0,0.0,,,0,0,0,gtdb_only,0.0
ARS1178,0,0,0.0,0.0,1,1,0,0.0,0.0,0.0,,,0,0,0,gtdb_only,0.0
T1SED10-198M,0,0,0.0,0.0,1,1,0,0.0,0.0,0.0,,,0,0,0,gtdb_only,0.0
JAUIME01,0,0,0.0,0.0,1,1,0,0.0,0.0,0.0,,,0,0,0,gtdb_only,0.0
JAFGPW01,0,0,0.0,0.0,1,1,0,0.0,0.0,0.0,,,0,0,0,gtdb_only,0.0
JAGTJX01,0,0,0.0,0.0,1,1,0,0.0,0.0,0.0,,,0,0,0,gtdb_only,0.0
JAFGSM01,0,0,0.0,0.0,1,1,0,0.0,0.0,0.0,,,0,0,0,gtdb_only,0.0
Ostreibacteriaceae,0,0,0.0,0.0,1,1,0,0.0,0.0,0.0,,,0,0,0,gtdb_only,0.0
J094,0,0,0.0,0.0,1,1,0,0.0,0.0,0.0,,,0,0,0,gtdb_only,0.0
SKZP01,0,0,0.0,0.0,1,1,0,0.0,0.0,0.0,,,0,0,0,gtdb_only,0.0
JAMOTR01,0,0,0.0,0.0,1,1,0,0.0,0.0,0.0,,,0,0,0,gtdb_only,0.0
JADFOU01,0,0,0.0,0.0,1,1,0,0.0,0.0,0.0,,,0,0,0,gtdb_only,0.0
DAOVKX01,0,0,0.0,0.0,1,1,0,0.0,0.0,0.0,,,0,0,0,gtdb_only,0.0
VGTL01,0,0,0.0,0.0,1,1,0,0.0,0.0,0.0,,,0,0,0,gtdb_only,0.0
REEL01,0,0,0.0,0.0,1,1,0,0.0,0.0,0.0,,,0,0,0,gtdb_only,0.0
JAIBAG01,0,0,0.0,0.0,1,1,0,0.0,0.0,0.0,,,0,0,0,gtdb_only,0.0
JAHEOI01,0,0,0.0,0.0,1,1,0,0.0,0.0,0.0,,,0,0,0,gtdb_only,0.0
JASFBJ01,0,0,0.0,0.0,1,1,0,0.0,0.0,0.0,,,0,0,0,gtdb_only,0.0
JADGGD01,0,0,0.0,0.0,1,1,0,0.0,0.0,0.0,,,0,0,0,gtdb_only,0.0
HP12,0,0,0.0,0.0,1,1,0,0.0,0.0,0.0,,,0,0,0,gtdb_only,0.0
JABDBP01,0,0,0.0,0.0,1,1,0,0.0,0.0,0.0,,,0,0,0,gtdb_only,0.0
JALVIU01,0,0,0.0,0.0,1,1,0,0.0,0.0,0.0,,,0,0,0,gtdb_only,0.0
JAHKLY01,0,0,0.0,0.0,1,1,0,0.0,0.0,0.0,,,0,0,0,gtdb_only,0.0
JAAYZI01,0,0,0.0,0.0,1,1,0,0.0,0.0,0.0,,,0,0,0,gtdb_only,0.0
JAUXAN01,0,0,0.0,0.0,1,1,0,0.0,0.0,0.0,,,0,0,0,gtdb_only,0.0
GCA-013348725,0,0,0.0,0.0,1,1,0,0.0,0.0,0.0,,,0,0,0,gtdb_only,0.0
JADQBU01,0,0,0.0,0.0,1,1,0,0.0,0.0,0.0,,,0,0,0,gtdb_only,0.0
WJKB01,0,0,0.0,0.0,1,1,0,0.0,0.0,0.0,,,0,0,0,gtdb_only,0.0
JALEGL01,0,0,0.0,0.0,1,1,0,0.0,0.0,0.0,,,0,0,0,gtdb_only,0.0
JAPLZO01,0,0,0.0,0.0,1,1,0,0.0,0.0,0.0,,,0,0,0,gtdb_only,0.0
JAOUDF01,0,0,0.0,0.0,1,1,0,0.0,0.0,0.0,,,0,0,0,gtdb_only,0.0
JAFGDJ01,0,0,0.0,0.0,1,1,0,0.0,0.0,0.0,,,0,0,0,gtdb_only,0.0
JAKOTC01,0,0,0.0,0.0,1,1,0,0.0,0.0,0.0,,,0,0,0,gtdb_only,0.0
JADFDG01,0,0,0.0,0.0,1,1,0,0.0,0.0,0.0,,,0,0,0,gtdb_only,0.0
SCPX01,0,0,0.0,0.0,1,1,0,0.0,0.0,0.0,,,0,0,0,gtdb_only,0.0
DAOWNY01,0,0,0.0,0.0,1,1,0,0.0,0.0,0.0,,,0,0,0,gtdb_only,0.0
JAUVWM01,0,0,0.0,0.0,1,1,0,0.0,0.0,0.0,,,0,0,0,gtdb_only,0.0
JAKOSZ01,0,0,0.0,0.0,1,1,0,0.0,0.0,0.0,,,0,0,0,gtdb_only,0.0
JADFWU01,0,0,0.0,0.0,1,1,0,0.0,0.0,0.0,,,0,0,0,gtdb_only,0.0
JASBRU01,0,0,0.0,0.0,1,1,0,0.0,0.0,0.0,,,0,0,0,gtdb_only,0.0
JAKPQA01,0,0,0.0,0.0,1,1,0,0.0,0.0,0.0,,,0,0,0,gtdb_only,0.0
JALTGF01,0,0,0.0,0.0,1,1,0,0.0,0.0,0.0,,,0,0,0,gtdb_only,0.0
JAAYFS01,0,0,0.0,0.0,1,1,0,0.0,0.0,0.0,,,0,0,0,gtdb_only,0.0
DYNF01,0,0,0.0,0.0,1,1,0,0.0,0.0,0.0,,,0,0,0,gtdb_only,0.0
JADLHZ01,0,0,0.0,0.0,1,1,0,0.0,0.0,0.0,,,0,0,0,gtdb_only,0.0
JAUYEG01,0,0,0.0,0.0,1,1,0,0.0,0.0,0.0,,,0,0,0,gtdb_only,0.0
BS150m-G50,0,0,0.0,0.0,1,1,0,0.0,0.0,0.0,,,0,0,0,gtdb_only,0.0
JAQUKH01,0,0,0.0,0.0,1,1,0,0.0,0.0,0.0,,,0,0,0,gtdb_only,0.0
JAUHXS01,0,0,0.0,0.0,1,1,0,0.0,0.0,0.0,,,0,0,0,gtdb_only,0.0
JAADFL01,0,0,0.0,0.0,1,1,0,0.0,0.0,0.0,,,0,0,0,gtdb_only,0.0
Sifarchaeaceae,0,0,0.0,0.0,1,1,0,0.0,0.0,0.0,,,0,0,0,gtdb_only,0.0
DYJF01,0,0,0.0,0.0,1,1,0,0.0,0.0,0.0,,,0,0,0,gtdb_only,0.0
JAGOEH01,0,0,0.0,0.0,1,1,0,0.0,0.0,0.0,,,0,0,0,gtdb_only,0.0
2-12-FULL-41-13,0,0,0.0,0.0,1,1,0,0.0,0.0,0.0,,,0,0,0,gtdb_only,0.0
JAUWBL01,0,0,0.0,0.0,1,1,0,0.0,0.0,0.0,,,0,0,0,gtdb_only,0.0
DUMO01,0,0,0.0,0.0,1,1,0,0.0,0.0,0.0,,,0,0,0,gtdb_only,0.0
JABJPE01,0,0,0.0,0.0,1,1,0,0.0,0.0,0.0,,,0,0,0,gtdb_only,0.0
CALAEC01,0,0,0.0,0.0,1,1,0,0.0,0.0,0.0,,,0,0,0,gtdb_only,0.0
JAQURN01,0,0,0.0,0.0,1,1,0,0.0,0.0,0.0,,,0,0,0,gtdb_only,0.0
JACZTA01,0,0,0.0,0.0,1,1,0,0.0,0.0,0.0,,,0,0,0,gtdb_only,0.0
JACOUI01,0,0,0.0,0.0,1,1,0,0.0,0.0,0.0,,,0,0,0,gtdb_only,0.0
JAJDCM01,0,0,0.0,0.0,1,1,0,0.0,0.0,0.0,,,0,0,0,gtdb_only,0.0
JACOWJ01,0,0,0.0,0.0,1,1,0,0.0,0.0,0.0,,,0,0,0,gtdb_only,0.0
Neosynechococcaceae,0,0,0.0,0.0,1,1,0,0.0,0.0,0.0,,,0,0,0,gtdb_only,0.0
JACPQD01,0,0,0.0,0.0,1,1,0,0.0,0.0,0.0,,,0,0,0,gtdb_only,0.0
JABDJR01,0,0,0.0,0.0,1,1,0,0.0,0.0,0.0,,,0,0,0,gtdb_only,0.0
JAUYIX01,0,0,0.0,0.0,1,1,0,0.0,0.0,0.0,,,0,0,0,gtdb_only,0.0
JACQNV01,0,0,0.0,0.0,1,1,0,0.0,0.0,0.0,,,0,0,0,gtdb_only,0.0
MB2-83,0,0,0.0,0.0,1,1,0,0.0,0.0,0.0,,,0,0,0,gtdb_only,0.0
JAABTS01,0,0,0.0,0.0,1,1,0,0.0,0.0,0.0,,,0,0,0,gtdb_only,0.0
DAOWIS01,0,0,0.0,0.0,1,1,0,0.0,0.0,0.0,,,0,0,0,gtdb_only,0.0
JANQFL01,0,0,0.0,0.0,1,1,0,0.0,0.0,0.0,,,0,0,0,gtdb_only,0.0
PXRE01,0,0,0.0,0.0,1,1,0,0.0,0.0,0.0,,,0,0,0,gtdb_only,0.0
SKW153,0,0,0.0,0.0,1,1,0,0.0,0.0,0.0,,,0,0,0,gtdb_only,0.0
JAGODS01,0,0,0.0,0.0,1,1,0,0.0,0.0,0.0,,,0,0,0,gtdb_only,0.0
JAGLDR01,0,0,0.0,0.0,1,1,0,0.0,0.0,0.0,,,0,0,0,gtdb_only,0.0
CAJCIY01,0,0,0.0,0.0,1,1,0,0.0,0.0,0.0,,,0,0,0,gtdb_only,0.0
CAJQNE01,0,0,0.0,0.0,1,1,0,0.0,0.0,0.0,,,0,0,0,gtdb_only,0.0
CALFBO01,0,0,0.0,0.0,1,1,0,0.0,0.0,0.0,,,0,0,0,gtdb_only,0.0
HSG16,0,0,0.0,0.0,1,1,0,0.0,0.0,0.0,,,0,0,0,gtdb_only,0.0
JAUWMI01,0,0,0.0,0.0,1,1,0,0.0,0.0,0.0,,,0,0,0,gtdb_only,0.0
JAFGMK01,0,0,0.0,0.0,1,1,0,0.0,0.0,0.0,,,0,0,0,gtdb_only,0.0
G030657355,0,0,0.0,0.0,1,1,0,0.0,0.0,0.0,,,0,0,0,gtdb_only,0.0
Tritonobacteraceae,0,0,0.0,0.0,1,1,0,0.0,0.0,0.0,,,0,0,0,gtdb_only,0.0
JAFGUC01,0,0,0.0,0.0,1,1,0,0.0,0.0,0.0,,,0,0,0,gtdb_only,0.0
UBA141,0,0,0.0,0.0,1,1,0,0.0,0.0,0.0,,,0,0,0,gtdb_only,0.0
JALVYZ01,0,0,0.0,0.0,1,1,0,0.0,0.0,0.0,,,0,0,0,gtdb_only,0.0
JABDMM01,0,0,0.0,0.0,1,1,0,0.0,0.0,0.0,,,0,0,0,gtdb_only,0.0
BS150m-G59,0,0,0.0,0.0,1,1,0,0.0,0.0,0.0,,,0,0,0,gtdb_only,0.0
JACPCQ01,0,0,0.0,0.0,1,1,0,0.0,0.0,0.0,,,0,0,0,gtdb_only,0.0
BPIQ01,0,0,0.0,0.0,1,1,0,0.0,0.0,0.0,,,0,0,0,gtdb_only,0.0
JANQSM01,0,0,0.0,0.0,1,1,0,0.0,0.0,0.0,,,0,0,0,gtdb_only,0.0
JAHWKP01,0,0,0.0,0.0,1,1,0,0.0,0.0,0.0,,,0,0,0,gtdb_only,0.0
GCA-2792135,0,0,0.0,0.0,1,1,0,0.0,0.0,0.0,,,0,0,0,gtdb_only,0.0
GCA-002838935,0,0,0.0,0.0,1,1,0,0.0,0.0,0.0,,,0,0,0,gtdb_only,0.0
JAQUKT01,0,0,0.0,0.0,1,1,0,0.0,0.0,0.0,,,0,0,0,gtdb_only,0.0
JAFGJS01,0,0,0.0,0.0,1,1,0,0.0,0.0,0.0,,,0,0,0,gtdb_only,0.0
JACQTR01,0,0,0.0,0.0,1,1,0,0.0,0.0,0.0,,,0,0,0,gtdb_only,0.0
JANQLC01,0,0,0.0,0.0,1,1,0,0.0,0.0,0.0,,,0,0,0,gtdb_only,0.0
JAGFJO01,0,0,0.0,0.0,1,1,0,0.0,0.0,0.0,,,0,0,0,gtdb_only,0.0
JACRCY01,0,0,0.0,0.0,1,1,0,0.0,0.0,0.0,,,0,0,0,gtdb_only,0.0
GWA2-44-7,0,0,0.0,0.0,1,1,0,0.0,0.0,0.0,,,0,0,0,gtdb_only,0.0
CASESI01,0,0,0.0,0.0,1,1,0,0.0,0.0,0.0,,,0,0,0,gtdb_only,0.0
MFGW01,0,0,0.0,0.0,1,1,0,0.0,0.0,0.0,,,0,0,0,gtdb_only,0.0
SPJN01,0,0,0.0,0.0,1,1,0,0.0,0.0,0.0,,,0,0,0,gtdb_only,0.0
SCSIO-59966,0,0,0.0,0.0,1,1,0,0.0,0.0,0.0,,,0,0,0,gtdb_only,0.0
JAKEEW01,0,0,0.0,0.0,1,1,0,0.0,0.0,0.0,,,0,0,0,gtdb_only,0.0
CR-4,0,0,0.0,0.0,1,1,0,0.0,0.0,0.0,,,0,0,0,gtdb_only,0.0
DTPJ01,0,0,0.0,0.0,1,1,0,0.0,0.0,0.0,,,0,0,0,gtdb_only,0.0
QWHN01,0,0,0.0,0.0,1,1,0,0.0,0.0,0.0,,,0,0,0,gtdb_only,0.0
SIRW01,0,0,0.0,0.0,1,1,0,0.0,0.0,0.0,,,0,0,0,gtdb_only,0.0
JACQPN01,0,0,0.0,0.0,1,1,0,0.0,0.0,0.0,,,0,0,0,gtdb_only,0.0
G020352895,0,0,0.0,0.0,1,1,0,0.0,0.0,0.0,,,0,0,0,gtdb_only,0.0
JAJCYG01,0,0,0.0,0.0,1,1,0,0.0,0.0,0.0,,,0,0,0,gtdb_only,0.0
JACCXV01,0,0,0.0,0.0,1,1,0,0.0,0.0,0.0,,,0,0,0,gtdb_only,0.0
JAMOTN01,0,0,0.0,0.0,1,1,0,0.0,0.0,0.0,,,0,0,0,gtdb_only,0.0
JAMCYV01,0,0,0.0,0.0,1,1,0,0.0,0.0,0.0,,,0,0,0,gtdb_only,0.0
CADEHE01,0,0,0.0,0.0,1,1,0,0.0,0.0,0.0,,,0,0,0,gtdb_only,0.0
JAIPIC01,0,0,0.0,0.0,1,1,0,0.0,0.0,0.0,,,0,0,0,gtdb_only,0.0
J002,0,0,0.0,0.0,1,1,0,0.0,0.0,0.0,,,0,0,0,gtdb_only,0.0
JAOZTL01,0,0,0.0,0.0,1,1,0,0.0,0.0,0.0,,,0,0,0,gtdb_only,0.0
UBA6177,0,0,0.0,0.0,1,1,0,0.0,0.0,0.0,,,0,0,0,gtdb_only,0.0
DAOVMN01,0,0,0.0,0.0,1,1,0,0.0,0.0,0.0,,,0,0,0,gtdb_only,0.0
JACRIJ01,0,0,0.0,0.0,1,1,0,0.0,0.0,0.0,,,0,0,0,gtdb_only,0.0
BOG-1460,0,0,0.0,0.0,1,1,0,0.0,0.0,0.0,,,0,0,0,gtdb_only,0.0
JAMONC01,0,0,0.0,0.0,1,1,0,0.0,0.0,0.0,,,0,0,0,gtdb_only,0.0
JAUYMQ01,0,0,0.0,0.0,1,1,0,0.0,0.0,0.0,,,0,0,0,gtdb_only,0.0
JACPHP01,0,0,0.0,0.0,1,1,0,0.0,0.0,0.0,,,0,0,0,gtdb_only,0.0
JACRPF01,0,0,0.0,0.0,1,1,0,0.0,0.0,0.0,,,0,0,0,gtdb_only,0.0
JAMORN01,0,0,0.0,0.0,1,1,0,0.0,0.0,0.0,,,0,0,0,gtdb_only,0.0
SZUA-605,0,0,0.0,0.0,1,1,0,0.0,0.0,0.0,,,0,0,0,gtdb_only,0.0
JACQGL01,0,0,0.0,0.0,1,1,0,0.0,0.0,0.0,,,0,0,0,gtdb_only,0.0
UBA2400,0,0,0.0,0.0,1,1,0,0.0,0.0,0.0,,,0,0,0,gtdb_only,0.0
JAFITR01,0,0,0.0,0.0,1,1,0,0.0,0.0,0.0,,,0,0,0,gtdb_only,0.0
JADJXE01,0,0,0.0,0.0,1,1,0,0.0,0.0,0.0,,,0,0,0,gtdb_only,0.0
JAGRAX01,0,0,0.0,0.0,1,1,0,0.0,0.0,0.0,,,0,0,0,gtdb_only,0.0
JADGBX01,0,0,0.0,0.0,1,1,0,0.0,0.0,0.0,,,0,0,0,gtdb_only,0.0
JACDOK01,0,0,0.0,0.0,1,1,0,0.0,0.0,0.0,,,0,0,0,gtdb_only,0.0
JAHIOY01,0,0,0.0,0.0,1,1,0,0.0,0.0,0.0,,,0,0,0,gtdb_only,0.0
JACQNA01,0,0,0.0,0.0,1,1,0,0.0,0.0,0.0,,,0,0,0,gtdb_only,0.0
BLZN01,0,0,0.0,0.0,1,1,0,0.0,0.0,0.0,,,0,0,0,gtdb_only,0.0
JAAYTX01,0,0,0.0,0.0,1,1,0,0.0,0.0,0.0,,,0,0,0,gtdb_only,0.0
JAAEOK01,0,0,0.0,0.0,1,1,0,0.0,0.0,0.0,,,0,0,0,gtdb_only,0.0
JAEZED01,0,0,0.0,0.0,1,1,0,0.0,0.0,0.0,,,0,0,0,gtdb_only,0.0
CANFPP01,0,0,0.0,0.0,1,1,0,0.0,0.0,0.0,,,0,0,0,gtdb_only,0.0
JALSIO01,0,0,0.0,0.0,1,1,0,0.0,0.0,0.0,,,0,0,0,gtdb_only,0.0
JAJDCQ01,0,0,0.0,0.0,1,1,0,0.0,0.0,0.0,,,0,0,0,gtdb_only,0.0
JAHJSO01,0,0,0.0,0.0,1,1,0,0.0,0.0,0.0,,,0,0,0,gtdb_only,0.0
JAKIYJ01,0,0,0.0,0.0,1,1,0,0.0,0.0,0.0,,,0,0,0,gtdb_only,0.0
AC-35,0,0,0.0,0.0,1,1,0,0.0,0.0,0.0,,,0,0,0,gtdb_only,0.0
JACRJY01,0,0,0.0,0.0,1,1,0,0.0,0.0,0.0,,,0,0,0,gtdb_only,0.0
UBA6094,0,0,0.0,0.0,1,1,0,0.0,0.0,0.0,,,0,0,0,gtdb_only,0.0
ES-bin-26,0,0,0.0,0.0,1,1,0,0.0,0.0,0.0,,,0,0,0,gtdb_only,0.0
JAEUSD01,0,0,0.0,0.0,1,1,0,0.0,0.0,0.0,,,0,0,0,gtdb_only,0.0
B231,0,0,0.0,0.0,1,1,0,0.0,0.0,0.0,,,0,0,0,gtdb_only,0.0
JAIPEI01,0,0,0.0,0.0,1,1,0,0.0,0.0,0.0,,,0,0,0,gtdb_only,0.0
CALJLA01,0,0,0.0,0.0,1,1,0,0.0,0.0,0.0,,,0,0,0,gtdb_only,0.0
JAHEMB01,0,0,0.0,0.0,1,1,0,0.0,0.0,0.0,,,0,0,0,gtdb_only,0.0
DTYX01,0,0,0.0,0.0,1,1,0,0.0,0.0,0.0,,,0,0,0,gtdb_only,0.0
J110,0,0,0.0,0.0,1,1,0,0.0,0.0,0.0,,,0,0,0,gtdb_only,0.0
JAJPJE01,0,0,0.0,0.0,1,1,0,0.0,0.0,0.0,,,0,0,0,gtdb_only,0.0
JANQNL01,0,0,0.0,0.0,1,1,0,0.0,0.0,0.0,,,0,0,0,gtdb_only,0.0
BS750m-G25,0,0,0.0,0.0,1,1,0,0.0,0.0,0.0,,,0,0,0,gtdb_only,0.0
4572-55,0,0,0.0,0.0,1,1,0,0.0,0.0,0.0,,,0,0,0,gtdb_only,0.0
JAVEEB01,0,0,0.0,0.0,1,1,0,0.0,0.0,0.0,,,0,0,0,gtdb_only,0.0
Kiritimatiellaceae,0,0,0.0,0.0,1,1,0,0.0,0.0,0.0,,,0,0,0,gtdb_only,0.0
JANWXU01,0,0,0.0,0.0,1,1,0,0.0,0.0,0.0,,,0,0,0,gtdb_only,0.0
JASBTF01,0,0,0.0,0.0,1,1,0,0.0,0.0,0.0,,,0,0,0,gtdb_only,0.0
GCA-016699445,0,0,0.0,0.0,1,1,0,0.0,0.0,0.0,,,0,0,0,gtdb_only,0.0
DUCD01,0,0,0.0,0.0,1,1,0,0.0,0.0,0.0,,,0,0,0,gtdb_only,0.0
JAAOYA01,0,0,0.0,0.0,1,1,0,0.0,0.0,0.0,,,0,0,0,gtdb_only,0.0
JACPHN01,0,0,0.0,0.0,1,1,0,0.0,0.0,0.0,,,0,0,0,gtdb_only,0.0
JAAOII01,0,0,0.0,0.0,1,1,0,0.0,0.0,0.0,,,0,0,0,gtdb_only,0.0
JADGOU01,0,0,0.0,0.0,1,1,0,0.0,0.0,0.0,,,0,0,0,gtdb_only,0.0
JAADHH01,0,0,0.0,0.0,1,1,0,0.0,0.0,0.0,,,0,0,0,gtdb_only,0.0
B143-G9,0,0,0.0,0.0,1,1,0,0.0,0.0,0.0,,,0,0,0,gtdb_only,0.0
JAOPZY01,0,0,0.0,0.0,1,1,0,0.0,0.0,0.0,,,0,0,0,gtdb_only,0.0
JAQUNI01,0,0,0.0,0.0,1,1,0,0.0,0.0,0.0,,,0,0,0,gtdb_only,0.0
JACQNP01,0,0,0.0,0.0,1,1,0,0.0,0.0,0.0,,,0,0,0,gtdb_only,0.0
DYQK01,0,0,0.0,0.0,1,1,0,0.0,0.0,0.0,,,0,0,0,gtdb_only,0.0
JACPZS01,0,0,0.0,0.0,1,1,0,0.0,0.0,0.0,,,0,0,0,gtdb_only,0.0
JAHJTR01,0,0,0.0,0.0,1,1,0,0.0,0.0,0.0,,,0,0,0,gtdb_only,0.0
CALHAX01,0,0,0.0,0.0,1,1,0,0.0,0.0,0.0,,,0,0,0,gtdb_only,0.0
VRUD01,0,0,0.0,0.0,1,1,0,0.0,0.0,0.0,,,0,0,0,gtdb_only,0.0
JAOSJM01,0,0,0.0,0.0,1,1,0,0.0,0.0,0.0,,,0,0,0,gtdb_only,0.0
JAFGBY01,0,0,0.0,0.0,1,1,0,0.0,0.0,0.0,,,0,0,0,gtdb_only,0.0
JAIVGT01,0,0,0.0,0.0,1,1,0,0.0,0.0,0.0,,,0,0,0,gtdb_only,0.0
SMWH01,0,0,0.0,0.0,1,1,0,0.0,0.0,0.0,,,0,0,0,gtdb_only,0.0
RI-29,0,0,0.0,0.0,1,1,0,0.0,0.0,0.0,,,0,0,0,gtdb_only,0.0
CAMYJA01,0,0,0.0,0.0,1,1,0,0.0,0.0,0.0,,,0,0,0,gtdb_only,0.0
JAPLWL01,0,0,0.0,0.0,1,1,0,0.0,0.0,0.0,,,0,0,0,gtdb_only,0.0
JAUIAT01,0,0,0.0,0.0,1,1,0,0.0,0.0,0.0,,,0,0,0,gtdb_only,0.0
JAIPEE01,0,0,0.0,0.0,1,1,0,0.0,0.0,0.0,,,0,0,0,gtdb_only,0.0
DAIDHW01,0,0,0.0,0.0,1,1,0,0.0,0.0,0.0,,,0,0,0,gtdb_only,0.0
JADFSZ01,0,0,0.0,0.0,1,1,0,0.0,0.0,0.0,,,0,0,0,gtdb_only,0.0
JACPUC01,0,0,0.0,0.0,1,1,0,0.0,0.0,0.0,,,0,0,0,gtdb_only,0.0
JAPLYW01,0,0,0.0,0.0,1,1,0,0.0,0.0,0.0,,,0,0,0,gtdb_only,0.0
JAJVLF01,0,0,0.0,0.0,1,1,0,0.0,0.0,0.0,,,0,0,0,gtdb_only,0.0
EX4484-224,0,0,0.0,0.0,1,1,0,0.0,0.0,0.0,,,0,0,0,gtdb_only,0.0
JAHJSF01,0,0,0.0,0.0,1,1,0,0.0,0.0,0.0,,,0,0,0,gtdb_only,0.0
JANLHH01,0,0,0.0,0.0,1,1,0,0.0,0.0,0.0,,,0,0,0,gtdb_only,0.0
JADFDR01,0,0,0.0,0.0,1,1,0,0.0,0.0,0.0,,,0,0,0,gtdb_only,0.0
CAMCYG01,0,0,0.0,0.0,1,1,0,0.0,0.0,0.0,,,0,0,0,gtdb_only,0.0
Theseobacteraceae,0,0,0.0,0.0,1,1,0,0.0,0.0,0.0,,,0,0,0,gtdb_only,0.0
J072,0,0,0.0,0.0,1,1,0,0.0,0.0,0.0,,,0,0,0,gtdb_only,0.0
JACQYL01,0,0,0.0,0.0,1,1,0,0.0,0.0,0.0,,,0,0,0,gtdb_only,0.0
PXDE01,0,0,0.0,0.0,1,1,0,0.0,0.0,0.0,,,0,0,0,gtdb_only,0.0
GCA-023898365,0,0,0.0,0.0,1,1,0,0.0,0.0,0.0,,,0,0,0,gtdb_only,0.0
JAOUPE01,0,0,0.0,0.0,1,1,0,0.0,0.0,0.0,,,0,0,0,gtdb_only,0.0
JAHWKN01,0,0,0.0,0.0,1,1,0,0.0,0.0,0.0,,,0,0,0,gtdb_only,0.0
DAOWOC01,0,0,0.0,0.0,1,1,0,0.0,0.0,0.0,,,0,0,0,gtdb_only,0.0
SBBH01,0,0,0.0,0.0,1,1,0,0.0,0.0,0.0,,,0,0,0,gtdb_only,0.0
Natranaerofabaceae,0,0,0.0,0.0,1,1,0,0.0,0.0,0.0,,,0,0,0,gtdb_only,0.0
JAHLMS01,0,0,0.0,0.0,1,1,0,0.0,0.0,0.0,,,0,0,0,gtdb_only,0.0
JAPLWK01,0,0,0.0,0.0,1,1,0,0.0,0.0,0.0,,,0,0,0,gtdb_only,0.0
JAFGGP01,0,0,0.0,0.0,1,1,0,0.0,0.0,0.0,,,0,0,0,gtdb_only,0.0
RGIG8785,0,0,0.0,0.0,1,1,0,0.0,0.0,0.0,,,0,0,0,gtdb_only,0.0
CAMDDF01,0,0,0.0,0.0,1,1,0,0.0,0.0,0.0,,,0,0,0,gtdb_only,0.0
JAOZMU01,0,0,0.0,0.0,1,1,0,0.0,0.0,0.0,,,0,0,0,gtdb_only,0.0
CALBHZ01,0,0,0.0,0.0,1,1,0,0.0,0.0,0.0,,,0,0,0,gtdb_only,0.0
JACRGF01,0,0,0.0,0.0,1,1,0,0.0,0.0,0.0,,,0,0,0,gtdb_only,0.0
JACQJP01,0,0,0.0,0.0,1,1,0,0.0,0.0,0.0,,,0,0,0,gtdb_only,0.0
JAQBTH01,0,0,0.0,0.0,1,1,0,0.0,0.0,0.0,,,0,0,0,gtdb_only,0.0
DAOWDM01,0,0,0.0,0.0,1,1,0,0.0,0.0,0.0,,,0,0,0,gtdb_only,0.0
JAJDOA01,0,0,0.0,0.0,1,1,0,0.0,0.0,0.0,,,0,0,0,gtdb_only,0.0
JANTPT01,0,0,0.0,0.0,1,1,0,0.0,0.0,0.0,,,0,0,0,gtdb_only,0.0
JAGGTB01,0,0,0.0,0.0,1,1,0,0.0,0.0,0.0,,,0,0,0,gtdb_only,0.0
JAQGOV01,0,0,0.0,0.0,1,1,0,0.0,0.0,0.0,,,0,0,0,gtdb_only,0.0
JAGRKQ01,0,0,0.0,0.0,1,1,0,0.0,0.0,0.0,,,0,0,0,gtdb_only,0.0
JACQDU01,0,0,0.0,0.0,1,1,0,0.0,0.0,0.0,,,0,0,0,gtdb_only,0.0
JAEZXW01,0,0,0.0,0.0,1,1,0,0.0,0.0,0.0,,,0,0,0,gtdb_only,0.0
JAFCGA01,0,0,0.0,0.0,1,1,0,0.0,0.0,0.0,,,0,0,0,gtdb_only,0.0
JAHWIL01,0,0,0.0,0.0,1,1,0,0.0,0.0,0.0,,,0,0,0,gtdb_only,0.0
JAKSVV01,0,0,0.0,0.0,1,1,0,0.0,0.0,0.0,,,0,0,0,gtdb_only,0.0
JAFGIO01,0,0,0.0,0.0,1,1,0,0.0,0.0,0.0,,,0,0,0,gtdb_only,0.0
JAFGTH01,0,0,0.0,0.0,1,1,0,0.0,0.0,0.0,,,0,0,0,gtdb_only,0.0
JAJDCN01,0,0,0.0,0.0,1,1,0,0.0,0.0,0.0,,,0,0,0,gtdb_only,0.0
JACCXE01,0,0,0.0,0.0,1,1,0,0.0,0.0,0.0,,,0,0,0,gtdb_only,0.0
JAAKFQ01,0,0,0.0,0.0,1,1,0,0.0,0.0,0.0,,,0,0,0,gtdb_only,0.0
JAEXSP01,0,0,0.0,0.0,1,1,0,0.0,0.0,0.0,,,0,0,0,gtdb_only,0.0
SZUA-1508,0,0,0.0,0.0,1,1,0,0.0,0.0,0.0,,,0,0,0,gtdb_only,0.0
JAFDIG01,0,0,0.0,0.0,1,1,0,0.0,0.0,0.0,,,0,0,0,gtdb_only,0.0
JABMSB01,0,0,0.0,0.0,1,1,0,0.0,0.0,0.0,,,0,0,0,gtdb_only,0.0
JAKLPW01,0,0,0.0,0.0,1,1,0,0.0,0.0,0.0,,,0,0,0,gtdb_only,0.0
JAAEPA01,0,0,0.0,0.0,1,1,0,0.0,0.0,0.0,,,0,0,0,gtdb_only,0.0
JAISJY01,0,0,0.0,0.0,1,1,0,0.0,0.0,0.0,,,0,0,0,gtdb_only,0.0
CALGPD01,0,0,0.0,0.0,1,1,0,0.0,0.0,0.0,,,0,0,0,gtdb_only,0.0
CALFER01,0,0,0.0,0.0,1,1,0,0.0,0.0,0.0,,,0,0,0,gtdb_only,0.0
JAURFX01,0,0,0.0,0.0,1,1,0,0.0,0.0,0.0,,,0,0,0,gtdb_only,0.0
JAAXQG01,0,0,0.0,0.0,1,1,0,0.0,0.0,0.0,,,0,0,0,gtdb_only,0.0
JAUWIL01,0,0,0.0,0.0,1,1,0,0.0,0.0,0.0,,,0,0,0,gtdb_only,0.0
JANQRZ01,0,0,0.0,0.0,1,1,0,0.0,0.0,0.0,,,0,0,0,gtdb_only,0.0
WRAG01,0,0,0.0,0.0,1,1,0,0.0,0.0,0.0,,,0,0,0,gtdb_only,0.0
JACMPN01,0,0,0.0,0.0,1,1,0,0.0,0.0,0.0,,,0,0,0,gtdb_only,0.0
DAOVTB01,0,0,0.0,0.0,1,1,0,0.0,0.0,0.0,,,0,0,0,gtdb_only,0.0
JAUHZC01,0,0,0.0,0.0,1,1,0,0.0,0.0,0.0,,,0,0,0,gtdb_only,0.0
CAILUR01,0,0,0.0,0.0,1,1,0,0.0,0.0,0.0,,,0,0,0,gtdb_only,0.0
JAKPDD01,0,0,0.0,0.0,1,1,0,0.0,0.0,0.0,,,0,0,0,gtdb_only,0.0
DSM-17781,0,0,0.0,0.0,1,1,0,0.0,0.0,0.0,,,0,0,0,gtdb_only,0.0
JANQIE01,0,0,0.0,0.0,1,1,0,0.0,0.0,0.0,,,0,0,0,gtdb_only,0.0
JAUWZL01,0,0,0.0,0.0,1,1,0,0.0,0.0,0.0,,,0,0,0,gtdb_only,0.0
JACMMQ01,0,0,0.0,0.0,1,1,0,0.0,0.0,0.0,,,0,0,0,gtdb_only,0.0
JAJFLK01,0,0,0.0,0.0,1,1,0,0.0,0.0,0.0,,,0,0,0,gtdb_only,0.0
JACQUO01,0,0,0.0,0.0,1,1,0,0.0,0.0,0.0,,,0,0,0,gtdb_only,0.0
JALURZ01,0,0,0.0,0.0,1,1,0,0.0,0.0,0.0,,,0,0,0,gtdb_only,0.0
CAITNU01,0,0,0.0,0.0,1,1,0,0.0,0.0,0.0,,,0,0,0,gtdb_only,0.0
JACPIF01,0,0,0.0,0.0,1,1,0,0.0,0.0,0.0,,,0,0,0,gtdb_only,0.0
JAUXIB01,0,0,0.0,0.0,1,1,0,0.0,0.0,0.0,,,0,0,0,gtdb_only,0.0
JACQVL01,0,0,0.0,0.0,1,1,0,0.0,0.0,0.0,,,0,0,0,gtdb_only,0.0
JALUTE01,0,0,0.0,0.0,1,1,0,0.0,0.0,0.0,,,0,0,0,gtdb_only,0.0
JAMCQP01,0,0,0.0,0.0,1,1,0,0.0,0.0,0.0,,,0,0,0,gtdb_only,0.0
Nriv7,0,0,0.0,0.0,1,1,0,0.0,0.0,0.0,,,0,0,0,gtdb_only,0.0
JAGHAR01,0,0,0.0,0.0,1,1,0,0.0,0.0,0.0,,,0,0,0,gtdb_only,0.0
JAANWY01,0,0,0.0,0.0,1,1,0,0.0,0.0,0.0,,,0,0,0,gtdb_only,0.0
JASEGR01,0,0,0.0,0.0,1,1,0,0.0,0.0,0.0,,,0,0,0,gtdb_only,0.0
Succinispiraceae,0,0,0.0,0.0,1,1,0,0.0,0.0,0.0,,,0,0,0,gtdb_only,0.0
JAGGTN01,0,0,0.0,0.0,1,1,0,0.0,0.0,0.0,,,0,0,0,gtdb_only,0.0
MYW30-H2,0,0,0.0,0.0,1,1,0,0.0,0.0,0.0,,,0,0,0,gtdb_only,0.0
JAJTHO01,0,0,0.0,0.0,1,1,0,0.0,0.0,0.0,,,0,0,0,gtdb_only,0.0
JAHEZO01,0,0,0.0,0.0,1,1,0,0.0,0.0,0.0,,,0,0,0,gtdb_only,0.0
JAUIKQ01,0,0,0.0,0.0,1,1,0,0.0,0.0,0.0,,,0,0,0,gtdb_only,0.0
Caldisalinibacteraceae,0,0,0.0,0.0,1,1,0,0.0,0.0,0.0,,,0,0,0,gtdb_only,0.0
GCA-2401865,0,0,0.0,0.0,1,1,0,0.0,0.0,0.0,,,0,0,0,gtdb_only,0.0
JAGGVT01,0,0,0.0,0.0,1,1,0,0.0,0.0,0.0,,,0,0,0,gtdb_only,0.0
JAGGXQ01,0,0,0.0,0.0,1,1,0,0.0,0.0,0.0,,,0,0,0,gtdb_only,0.0
S143-32,0,0,0.0,0.0,1,1,0,0.0,0.0,0.0,,,0,0,0,gtdb_only,0.0
JACOZD01,0,0,0.0,0.0,1,1,0,0.0,0.0,0.0,,,0,0,0,gtdb_only,0.0
SPBP01,0,0,0.0,0.0,1,1,0,0.0,0.0,0.0,,,0,0,0,gtdb_only,0.0
JACRBU01,0,0,0.0,0.0,1,1,0,0.0,0.0,0.0,,,0,0,0,gtdb_only,0.0
JAGGSE01,0,0,0.0,0.0,1,1,0,0.0,0.0,0.0,,,0,0,0,gtdb_only,0.0
CG2-30-54-11,0,0,0.0,0.0,1,1,0,0.0,0.0,0.0,,,0,0,0,gtdb_only,0.0
JANQFH01,0,0,0.0,0.0,1,1,0,0.0,0.0,0.0,,,0,0,0,gtdb_only,0.0
DRWM01,0,0,0.0,0.0,1,1,0,0.0,0.0,0.0,,,0,0,0,gtdb_only,0.0
WTJX01,0,0,0.0,0.0,1,1,0,0.0,0.0,0.0,,,0,0,0,gtdb_only,0.0
JAMCZD01,0,0,0.0,0.0,1,1,0,0.0,0.0,0.0,,,0,0,0,gtdb_only,0.0
DDH964,0,0,0.0,0.0,1,1,0,0.0,0.0,0.0,,,0,0,0,gtdb_only,0.0
DAOWAM01,0,0,0.0,0.0,1,1,0,0.0,0.0,0.0,,,0,0,0,gtdb_only,0.0
QHYA01,0,0,0.0,0.0,1,1,0,0.0,0.0,0.0,,,0,0,0,gtdb_only,0.0
JAGVYF01,0,0,0.0,0.0,1,1,0,0.0,0.0,0.0,,,0,0,0,gtdb_only,0.0
FW602-bin16,0,0,0.0,0.0,1,1,0,0.0,0.0,0.0,,,0,0,0,gtdb_only,0.0
JAJCYS01,0,0,0.0,0.0,1,1,0,0.0,0.0,0.0,,,0,0,0,gtdb_only,0.0
BS150m-G62,0,0,0.0,0.0,1,1,0,0.0,0.0,0.0,,,0,0,0,gtdb_only,0.0
JAFGIZ01,0,0,0.0,0.0,1,1,0,0.0,0.0,0.0,,,0,0,0,gtdb_only,0.0
UBA2562,0,0,0.0,0.0,1,1,0,0.0,0.0,0.0,,,0,0,0,gtdb_only,0.0
JAUVZA01,0,0,0.0,0.0,1,1,0,0.0,0.0,0.0,,,0,0,0,gtdb_only,0.0
CANMPU01,0,0,0.0,0.0,1,1,0,0.0,0.0,0.0,,,0,0,0,gtdb_only,0.0
JANQNJ01,0,0,0.0,0.0,1,1,0,0.0,0.0,0.0,,,0,0,0,gtdb_only,0.0
HMF5848,0,0,0.0,0.0,1,1,0,0.0,0.0,0.0,,,0,0,0,gtdb_only,0.0
JAFEDO01,0,0,0.0,0.0,1,1,0,0.0,0.0,0.0,,,0,0,0,gtdb_only,0.0
REEB470,0,0,0.0,0.0,1,1,0,0.0,0.0,0.0,,,0,0,0,gtdb_only,0.0
CACLRR01,0,0,0.0,0.0,1,1,0,0.0,0.0,0.0,,,0,0,0,gtdb_only,0.0
CALMWN01,0,0,0.0,0.0,1,1,0,0.0,0.0,0.0,,,0,0,0,gtdb_only,0.0
GCF-1484045,0,0,0.0,0.0,1,1,0,0.0,0.0,0.0,,,0,0,0,gtdb_only,0.0
JAJRRM01,0,0,0.0,0.0,1,1,0,0.0,0.0,0.0,,,0,0,0,gtdb_only,0.0
JANYDI01,0,0,0.0,0.0,1,1,0,0.0,0.0,0.0,,,0,0,0,gtdb_only,0.0
JAEULF01,0,0,0.0,0.0,1,1,0,0.0,0.0,0.0,,,0,0,0,gtdb_only,0.0
DYKD01,0,0,0.0,0.0,1,1,0,0.0,0.0,0.0,,,0,0,0,gtdb_only,0.0
G021065005,0,0,0.0,0.0,1,1,0,0.0,0.0,0.0,,,0,0,0,gtdb_only,0.0
RZZR01,0,0,0.0,0.0,1,1,0,0.0,0.0,0.0,,,0,0,0,gtdb_only,0.0
JAKSBK01,0,0,0.0,0.0,1,1,0,0.0,0.0,0.0,,,0,0,0,gtdb_only,0.0
JAKQHK01,0,0,0.0,0.0,1,1,0,0.0,0.0,0.0,,,0,0,0,gtdb_only,0.0
Clostridia.U.family,5378,13639,2.05,1.14,0,0,0,0.0,0.0,0.0,inf,0.0,0,0,0,census_only,
Bacteria.U.family,4221,19550,1.61,1.64,0,0,0,0.0,0.0,0.0,inf,0.0,0,0,0,census_only,
Alphaproteobacteria.U.family,4185,24462,1.6,2.05,0,0,0,0.0,0.0,0.0,inf,0.0,0,0,0,census_only,
Thermodesulfovibrionia.U.family,532,1861,0.2,0.16,0,0,0,0.0,0.0,0.0,inf,0.0,0,0,0,census_only,
Eubacteriales.U.family,542,1060,0.21,0.09,0,0,0,0.0,0.0,0.0,inf,0.0,0,0,0,census_only,
Gaiellales.U.family,855,6562,0.33,0.55,0,0,0,0.0,0.0,0.0,inf,0.0,0,0,0,census_only,
Ardenticatenales.U.family,553,1552,0.21,0.13,0,0,0,0.0,0.0,0.0,inf,0.0,0,0,0,census_only,
Armatimonadota.U.family,593,1638,0.23,0.14,0,0,0,0.0,0.0,0.0,inf,0.0,0,0,0,census_only,
Nitrososphaeria.U.family,619,2993,0.24,0.25,0,0,0,0.0,0.0,0.0,inf,0.0,0,0,0,census_only,
Bacilli.U.family,691,2261,0.26,0.19,0,0,0,0.0,0.0,0.0,inf,0.0,0,0,0,census_only,
Planctomycetales.U.family,713,3264,0.27,0.27,0,0,0,0.0,0.0,0.0,inf,0.0,0,0,0,census_only,
Actinomycetota.U.family,743,5173,0.28,0.43,0,0,0,0.0,0.0,0.0,inf,0.0,0,0,0,census_only,
Corynebacteriaceae,745,4544,0.28,0.38,0,0,0,0.0,0.0,0.0,inf,0.0,0,0,0,census_only,
Kofleriaceae,749,3138,0.29,0.26,0,0,0,0.0,0.0,0.0,inf,0.0,0,0,0,census_only,
Gemmatimonadota.U.family,759,2803,0.29,0.23,0,0,0,0.0,0.0,0.0,inf,0.0,0,0,0,census_only,
Oligoflexia.U.family,761,2051,0.29,0.17,0,0,0,0.0,0.0,0.0,inf,0.0,0,0,0,census_only,
Rhodobacterales.U.family,807,3134,0.31,0.26,0,0,0,0.0,0.0,0.0,inf,0.0,0,0,0,census_only,
Oxalobacteraceae,808,4531,0.31,0.38,0,0,0,0.0,0.0,0.0,inf,0.0,0,0,0,census_only,
Pseudoalteromonadaceae,375,1914,0.14,0.16,0,0,0,0.0,0.0,0.0,inf,0.0,0,0,0,census_only,
Cyanomargaritaceae,1,3,0.0,0.0,0,0,0,0.0,0.0,0.0,inf,0.0,0,0,0,census_only,
Anaerolineales.U.family,1,13,0.0,0.0,0,0,0,0.0,0.0,0.0,inf,0.0,0,0,0,census_only,
Thiotrichales.U.family,3,14,0.0,0.0,0,0,0,0.0,0.0,0.0,inf,0.0,0,0,0,census_only,
Thermomicrobia.U.family,1,6,0.0,0.0,0,0,0,0.0,0.0,0.0,inf,0.0,0,0,0,census_only,
Geobacterales.U.family,1,1,0.0,0.0,0,0,0,0.0,0.0,0.0,inf,0.0,0,0,0,census_only,
Tropherymataceae,1,4,0.0,0.0,0,0,0,0.0,0.0,0.0,inf,0.0,0,0,0,census_only,
Selenomonadales.U.family,1,6,0.0,0.0,0,0,0,0.0,0.0,0.0,inf,0.0,0,0,0,census_only,
Dapisostemonaceae,1,2,0.0,0.0,0,0,0,0.0,0.0,0.0,inf,0.0,0,0,0,census_only,
Romeriaceae,1,4,0.0,0.0,0,0,0,0.0,0.0,0.0,inf,0.0,0,0,0,census_only,
Neomegalonemataceae,2,9,0.0,0.0,0,0,0,0.0,0.0,0.0,inf,0.0,0,0,0,census_only,
Temperatibacteraceae,2,2,0.0,0.0,0,0,0,0.0,0.0,0.0,inf,0.0,0,0,0,census_only,
Methanomicrobia.U.family,2,6,0.0,0.0,0,0,0,0.0,0.0,0.0,inf,0.0,0,0,0,census_only,
Gloeotrichiaceae,2,14,0.0,0.0,0,0,0,0.0,0.0,0.0,inf,0.0,0,0,0,census_only,
Chroococcidiopsidales.U.family,2,2,0.0,0.0,0,0,0,0.0,0.0,0.0,inf,0.0,0,0,0,census_only,
Balneatrichaceae,2,2,0.0,0.0,0,0,0,0.0,0.0,0.0,inf,0.0,0,0,0,census_only,
Godleyaceae,1,2,0.0,0.0,0,0,0,0.0,0.0,0.0,inf,0.0,0,0,0,census_only,
Silvanigrellales.U.family,2,8,0.0,0.0,0,0,0,0.0,0.0,0.0,inf,0.0,0,0,0,census_only,
Kytococcaceae,2,14,0.0,0.0,0,0,0,0.0,0.0,0.0,inf,0.0,0,0,0,census_only,
Caulobacterales.U.family,5,7,0.0,0.0,0,0,0,0.0,0.0,0.0,inf,0.0,0,0,0,census_only,
Sulfolobales.U.family,2,37,0.0,0.0,0,0,0,0.0,0.0,0.0,inf,0.0,0,0,0,census_only,
Dictyobacteraceae,3,3,0.0,0.0,0,0,0,0.0,0.0,0.0,inf,0.0,0,0,0,census_only,
Sphingomonadales.U.family,3,3,0.0,0.0,0,0,0,0.0,0.0,0.0,inf,0.0,0,0,0,census_only,
Streptosporangiales.U.family,3,3,0.0,0.0,0,0,0,0.0,0.0,0.0,inf,0.0,0,0,0,census_only,
Fortieaceae,3,9,0.0,0.0,0,0,0,0.0,0.0,0.0,inf,0.0,0,0,0,census_only,
Blastochloridaceae,3,28,0.0,0.0,0,0,0,0.0,0.0,0.0,inf,0.0,0,0,0,census_only,
Spirillaceae,3,4,0.0,0.0,0,0,0,0.0,0.0,0.0,inf,0.0,0,0,0,census_only,
Halanaerobiales.U.family,3,3,0.0,0.0,0,0,0,0.0,0.0,0.0,inf,0.0,0,0,0,census_only,
Segniliparaceae,3,8,0.0,0.0,0,0,0,0.0,0.0,0.0,inf,0.0,0,0,0,census_only,
Actinomycetes.U.family,3,5,0.0,0.0,0,0,0,0.0,0.0,0.0,inf,0.0,0,0,0,census_only,
Rarobacteraceae,3,6,0.0,0.0,0,0,0,0.0,0.0,0.0,inf,0.0,0,0,0,census_only,
Flavobacteriia.U.family,3,22,0.0,0.0,0,0,0,0.0,0.0,0.0,inf,0.0,0,0,0,census_only,
Desulfarculales.U.family,1,2,0.0,0.0,0,0,0,0.0,0.0,0.0,inf,0.0,0,0,0,census_only,
Zetaproteobacteria.U.family,3,16,0.0,0.0,0,0,0,0.0,0.0,0.0,inf,0.0,0,0,0,census_only,
Cardiobacteriales.U.family,3,8,0.0,0.0,0,0,0,0.0,0.0,0.0,inf,0.0,0,0,0,census_only,
Breoghaniaceae,7,13,0.0,0.0,0,0,0,0.0,0.0,0.0,inf,0.0,0,0,0,census_only,
Acidithiobacillales.U.family,3,14,0.0,0.0,0,0,0,0.0,0.0,0.0,inf,0.0,0,0,0,census_only,
Desulfovibrionales.U.family,3,8,0.0,0.0,0,0,0,0.0,0.0,0.0,inf,0.0,0,0,0,census_only,
Nostocales.U.family,3,7,0.0,0.0,0,0,0,0.0,0.0,0.0,inf,0.0,0,0,0,census_only,
Elioraeaceae,4,80,0.0,0.01,0,0,0,0.0,0.0,0.0,inf,0.0,0,0,0,census_only,
Thermogemmatisporaceae,4,8,0.0,0.0,0,0,0,0.0,0.0,0.0,inf,0.0,0,0,0,census_only,
Persicobacteraceae,4,16,0.0,0.0,0,0,0,0.0,0.0,0.0,inf,0.0,0,0,0,census_only,
Oceanospirillales.U.family,4,5,0.0,0.0,0,0,0,0.0,0.0,0.0,inf,0.0,0,0,0,census_only,
Sphingobacteriia.U.family,4,5,0.0,0.0,0,0,0,0.0,0.0,0.0,inf,0.0,0,0,0,census_only,
Egicoccaceae,4,14,0.0,0.0,0,0,0,0.0,0.0,0.0,inf,0.0,0,0,0,census_only,
Synergistales.U.family,4,18,0.0,0.0,0,0,0,0.0,0.0,0.0,inf,0.0,0,0,0,census_only,
Acholeplasmatales.U.family,4,5,0.0,0.0,0,0,0,0.0,0.0,0.0,inf,0.0,0,0,0,census_only,
Thermotogales.U.family,4,52,0.0,0.0,0,0,0,0.0,0.0,0.0,inf,0.0,0,0,0,census_only,
Desulfoarculaceae,2,3,0.0,0.0,0,0,0,0.0,0.0,0.0,inf,0.0,0,0,0,census_only,
Ignatzschineriaceae,4,26,0.0,0.0,0,0,0,0.0,0.0,0.0,inf,0.0,0,0,0,census_only,
Thorselliaceae,4,8,0.0,0.0,0,0,0,0.0,0.0,0.0,inf,0.0,0,0,0,census_only,
Nanopusillaceae,8,150,0.0,0.01,0,0,0,0.0,0.0,0.0,inf,0.0,0,0,0,census_only,
Sirenicapillariaceae,5,24,0.0,0.0,0,0,0,0.0,0.0,0.0,inf,0.0,0,0,0,census_only,
Chlorogloeopsidaceae,5,21,0.0,0.0,0,0,0,0.0,0.0,0.0,inf,0.0,0,0,0,census_only,
Gomontiellaceae,5,38,0.0,0.0,0,0,0,0.0,0.0,0.0,inf,0.0,0,0,0,census_only,
Ruaniaceae,5,9,0.0,0.0,0,0,0,0.0,0.0,0.0,inf,0.0,0,0,0,census_only,
Labilitrichaceae,5,13,0.0,0.0,0,0,0,0.0,0.0,0.0,inf,0.0,0,0,0,census_only,
Jonesiaceae,5,192,0.0,0.02,0,0,0,0.0,0.0,0.0,inf,0.0,0,0,0,census_only,
Thermotogae.U.family,5,41,0.0,0.0,0,0,0,0.0,0.0,0.0,inf,0.0,0,0,0,census_only,
Cuniculiplasmataceae,6,23,0.0,0.0,0,0,0,0.0,0.0,0.0,inf,0.0,0,0,0,census_only,
Alsobacteraceae,6,125,0.0,0.01,0,0,0,0.0,0.0,0.0,inf,0.0,0,0,0,census_only,
Entophysalidaceae,6,17,0.0,0.0,0,0,0,0.0,0.0,0.0,inf,0.0,0,0,0,census_only,
Nanohaloarchaea.U.family,6,15,0.0,0.0,0,0,0,0.0,0.0,0.0,inf,0.0,0,0,0,census_only,
Chroococcales.U.family,6,8,0.0,0.0,0,0,0,0.0,0.0,0.0,inf,0.0,0,0,0,census_only,
Spartobacteria.U.family,3,5,0.0,0.0,0,0,0,0.0,0.0,0.0,inf,0.0,0,0,0,census_only,
Filobacteriaceae,6,50,0.0,0.0,0,0,0,0.0,0.0,0.0,inf,0.0,0,0,0,census_only,
Zymomonadaceae,6,58,0.0,0.0,0,0,0,0.0,0.0,0.0,inf,0.0,0,0,0,census_only,
Aquificales.U.family,11,73,0.0,0.01,0,0,0,0.0,0.0,0.0,inf,0.0,0,0,0,census_only,
Thioalkalibacteraceae,7,25,0.0,0.0,0,0,0,0.0,0.0,0.0,inf,0.0,0,0,0,census_only,
Oligoflexales.U.family,7,26,0.0,0.0,0,0,0,0.0,0.0,0.0,inf,0.0,0,0,0,census_only,
Planctomycetia.U.family,7,35,0.0,0.0,0,0,0,0.0,0.0,0.0,inf,0.0,0,0,0,census_only,
Ventosimonadaceae,7,16,0.0,0.0,0,0,0,0.0,0.0,0.0,inf,0.0,0,0,0,census_only,
Opitutae.U.family,7,11,0.0,0.0,0,0,0,0.0,0.0,0.0,inf,0.0,0,0,0,census_only,
Desulfofabaceae,7,21,0.0,0.0,0,0,0,0.0,0.0,0.0,inf,0.0,0,0,0,census_only,
Budviciaceae,7,39,0.0,0.0,0,0,0,0.0,0.0,0.0,inf,0.0,0,0,0,census_only,
Desulfurellales.U.family,7,10,0.0,0.0,0,0,0,0.0,0.0,0.0,inf,0.0,0,0,0,census_only,
Oculatellaceae,7,29,0.0,0.0,0,0,0,0.0,0.0,0.0,inf,0.0,0,0,0,census_only,
Acaryochloridaceae,8,25,0.0,0.0,0,0,0,0.0,0.0,0.0,inf,0.0,0,0,0,census_only,
Procabacteriaceae,8,24,0.0,0.0,0,0,0,0.0,0.0,0.0,inf,0.0,0,0,0,census_only,
Thioprofundaceae,8,24,0.0,0.0,0,0,0,0.0,0.0,0.0,inf,0.0,0,0,0,census_only,
Mycobacteriales.U.family,4,9,0.0,0.0,0,0,0,0.0,0.0,0.0,inf,0.0,0,0,0,census_only,
Caldisphaeraceae,8,36,0.0,0.0,0,0,0,0.0,0.0,0.0,inf,0.0,0,0,0,census_only,
Atribacteria.U.family,8,110,0.0,0.01,0,0,0,0.0,0.0,0.0,inf,0.0,0,0,0,census_only,
Roseivirgaceae,15,90,0.01,0.01,0,0,0,0.0,0.0,0.0,inf,0.0,0,0,0,census_only,
Ignavibacteria.U.family,8,20,0.0,0.0,0,0,0,0.0,0.0,0.0,inf,0.0,0,0,0,census_only,
Salinarimonadaceae,9,74,0.0,0.01,0,0,0,0.0,0.0,0.0,inf,0.0,0,0,0,census_only,
Chloroflexales.U.family,9,22,0.0,0.0,0,0,0,0.0,0.0,0.0,inf,0.0,0,0,0,census_only,
Tsukamurellaceae,9,59,0.0,0.0,0,0,0,0.0,0.0,0.0,inf,0.0,0,0,0,census_only,
Puniceicoccales.U.family,9,22,0.0,0.0,0,0,0,0.0,0.0,0.0,inf,0.0,0,0,0,census_only,
Thermolithobacteraceae,9,19,0.0,0.0,0,0,0,0.0,0.0,0.0,inf,0.0,0,0,0,census_only,
Opitutales.U.family,9,19,0.0,0.0,0,0,0,0.0,0.0,0.0,inf,0.0,0,0,0,census_only,
Symphyonemataceae,10,15,0.0,0.0,0,0,0,0.0,0.0,0.0,inf,0.0,0,0,0,census_only,
Halobacteriales.U.family,10,121,0.0,0.01,0,0,0,0.0,0.0,0.0,inf,0.0,0,0,0,census_only,
Stigonemataceae,10,41,0.0,0.0,0,0,0,0.0,0.0,0.0,inf,0.0,0,0,0,census_only,
Cyanothecaceae,11,41,0.0,0.0,0,0,0,0.0,0.0,0.0,inf,0.0,0,0,0,census_only,
Coelosphaeriaceae,11,236,0.0,0.02,0,0,0,0.0,0.0,0.0,inf,0.0,0,0,0,census_only,
Perlucidibacaceae,6,59,0.0,0.0,0,0,0,0.0,0.0,0.0,inf,0.0,0,0,0,census_only,
Iodidimonadaceae,11,95,0.0,0.01,0,0,0,0.0,0.0,0.0,inf,0.0,0,0,0,census_only,
Pseudobacteriovoracaceae,11,48,0.0,0.0,0,0,0,0.0,0.0,0.0,inf,0.0,0,0,0,census_only,
Hahellaceae,20,60,0.01,0.01,0,0,0,0.0,0.0,0.0,inf,0.0,0,0,0,census_only,
Methanocellales.U.family,11,39,0.0,0.0,0,0,0,0.0,0.0,0.0,inf,0.0,0,0,0,census_only,
Aliterellaceae,11,25,0.0,0.0,0,0,0,0.0,0.0,0.0,inf,0.0,0,0,0,census_only,
Tolypothrichaceae,11,83,0.0,0.01,0,0,0,0.0,0.0,0.0,inf,0.0,0,0,0,census_only,
Parviterribacteraceae,12,73,0.0,0.01,0,0,0,0.0,0.0,0.0,inf,0.0,0,0,0,census_only,
Patulibacteraceae,12,34,0.0,0.0,0,0,0,0.0,0.0,0.0,inf,0.0,0,0,0,census_only,
Thermosporotrichaceae,13,45,0.0,0.0,0,0,0,0.0,0.0,0.0,inf,0.0,0,0,0,census_only,
Schizotrichaceae,13,20,0.0,0.0,0,0,0,0.0,0.0,0.0,inf,0.0,0,0,0,census_only,
Alteromonadales.U.family,13,31,0.0,0.0,0,0,0,0.0,0.0,0.0,inf,0.0,0,0,0,census_only,
Betaproteobacteria.U.family,13,220,0.0,0.02,0,0,0,0.0,0.0,0.0,inf,0.0,0,0,0,census_only,
Geovibrionaceae,13,54,0.0,0.0,0,0,0,0.0,0.0,0.0,inf,0.0,0,0,0,census_only,
Euryarchaeota.U.family,14,52,0.01,0.0,0,0,0,0.0,0.0,0.0,inf,0.0,0,0,0,census_only,
Cenarchaeaceae,14,78,0.01,0.01,0,0,0,0.0,0.0,0.0,inf,0.0,0,0,0,census_only,
Actinopolysporaceae,8,44,0.0,0.0,0,0,0,0.0,0.0,0.0,inf,0.0,0,0,0,census_only,
Thermoplasmatales.U.family,14,57,0.01,0.0,0,0,0,0.0,0.0,0.0,inf,0.0,0,0,0,census_only,
Chelatococcaceae,15,84,0.01,0.01,0,0,0,0.0,0.0,0.0,inf,0.0,0,0,0,census_only,
Desulfurococcales.U.family,30,77,0.01,0.01,0,0,0,0.0,0.0,0.0,inf,0.0,0,0,0,census_only,
Raineyaceae,15,72,0.01,0.01,0,0,0,0.0,0.0,0.0,inf,0.0,0,0,0,census_only,
Xanthomonadales.U.family,15,80,0.01,0.01,0,0,0,0.0,0.0,0.0,inf,0.0,0,0,0,census_only,
Bartonellaceae,15,196,0.01,0.02,0,0,0,0.0,0.0,0.0,inf,0.0,0,0,0,census_only,
Dermocarpellaceae,15,63,0.01,0.01,0,0,0,0.0,0.0,0.0,inf,0.0,0,0,0,census_only,
Enterobacterales.U.family,16,25,0.01,0.0,0,0,0,0.0,0.0,0.0,inf,0.0,0,0,0,census_only,
Entomoplasmataceae,16,67,0.01,0.01,0,0,0,0.0,0.0,0.0,inf,0.0,0,0,0,census_only,
Pleioneaceae,17,46,0.01,0.0,0,0,0,0.0,0.0,0.0,inf,0.0,0,0,0,census_only,
Oscillochloridaceae,18,29,0.01,0.0,0,0,0,0.0,0.0,0.0,inf,0.0,0,0,0,census_only,
Aphanothecaceae,18,156,0.01,0.01,0,0,0,0.0,0.0,0.0,inf,0.0,0,0,0,census_only,
Synechococcales.U.family,18,96,0.01,0.01,0,0,0,0.0,0.0,0.0,inf,0.0,0,0,0,census_only,
Rivulariaceae,18,44,0.01,0.0,0,0,0,0.0,0.0,0.0,inf,0.0,0,0,0,census_only,
Marivirgaceae,20,137,0.01,0.01,0,0,0,0.0,0.0,0.0,inf,0.0,0,0,0,census_only,
Cesiribacteraceae,11,17,0.0,0.0,0,0,0,0.0,0.0,0.0,inf,0.0,0,0,0,census_only,
Dermacoccaceae,20,82,0.01,0.01,0,0,0,0.0,0.0,0.0,inf,0.0,0,0,0,census_only,
Ferrimonadaceae,20,49,0.01,0.0,0,0,0,0.0,0.0,0.0,inf,0.0,0,0,0,census_only,
Oscillatoriales.U.family,38,133,0.01,0.01,0,0,0,0.0,0.0,0.0,inf,0.0,0,0,0,census_only,
Spirochaetales.U.family,21,165,0.01,0.01,0,0,0,0.0,0.0,0.0,inf,0.0,0,0,0,census_only,
Micrococcales.U.family,22,56,0.01,0.0,0,0,0,0.0,0.0,0.0,inf,0.0,0,0,0,census_only,
Catalimonadaceae,22,50,0.01,0.0,0,0,0,0.0,0.0,0.0,inf,0.0,0,0,0,census_only,
Ornithinimicrobiaceae,22,74,0.01,0.01,0,0,0,0.0,0.0,0.0,inf,0.0,0,0,0,census_only,
Gemmatimonadetes.U.family,22,184,0.01,0.02,0,0,0,0.0,0.0,0.0,inf,0.0,0,0,0,census_only,
Hydrogenimonaceae,22,70,0.01,0.01,0,0,0,0.0,0.0,0.0,inf,0.0,0,0,0,census_only,
Methanocalculaceae,22,73,0.01,0.01,0,0,0,0.0,0.0,0.0,inf,0.0,0,0,0,census_only,
Salinisphaerales.U.family,24,45,0.01,0.0,0,0,0,0.0,0.0,0.0,inf,0.0,0,0,0,census_only,
Microbulbiferaceae,25,135,0.01,0.01,0,0,0,0.0,0.0,0.0,inf,0.0,0,0,0,census_only,
Limnochordales.U.family,27,47,0.01,0.0,0,0,0,0.0,0.0,0.0,inf,0.0,0,0,0,census_only,
Sanguibacteraceae,30,133,0.01,0.01,0,0,0,0.0,0.0,0.0,inf,0.0,0,0,0,census_only,
Ferritrophicaceae,30,103,0.01,0.01,0,0,0,0.0,0.0,0.0,inf,0.0,0,0,0,census_only,
MD2896-B216.U.family,14,32,0.01,0.0,0,0,0,0.0,0.0,0.0,inf,0.0,0,0,0,census_only,
Methanomicrobiales.U.family,30,676,0.01,0.06,0,0,0,0.0,0.0,0.0,inf,0.0,0,0,0,census_only,
Archaea.U.family,30,87,0.01,0.01,0,0,0,0.0,0.0,0.0,inf,0.0,0,0,0,census_only,
Boseaceae,53,286,0.02,0.02,0,0,0,0.0,0.0,0.0,inf,0.0,0,0,0,census_only,
Ferroplasmaceae,31,78,0.01,0.01,0,0,0,0.0,0.0,0.0,inf,0.0,0,0,0,census_only,
Orbaceae,31,108,0.01,0.01,0,0,0,0.0,0.0,0.0,inf,0.0,0,0,0,census_only,
Fastidiosibacteraceae,31,81,0.01,0.01,0,0,0,0.0,0.0,0.0,inf,0.0,0,0,0,census_only,
Geminocystaceae,31,81,0.01,0.01,0,0,0,0.0,0.0,0.0,inf,0.0,0,0,0,census_only,
Brachyspirales.U.family,32,77,0.01,0.01,0,0,0,0.0,0.0,0.0,inf,0.0,0,0,0,census_only,
Desulfobacteriaceae,32,134,0.01,0.01,0,0,0,0.0,0.0,0.0,inf,0.0,0,0,0,census_only,
Chroococcaceae,33,133,0.01,0.01,0,0,0,0.0,0.0,0.0,inf,0.0,0,0,0,census_only,
Hapalosiphonaceae,34,125,0.01,0.01,0,0,0,0.0,0.0,0.0,inf,0.0,0,0,0,census_only,
Thermoanaerobacterales.U.family,34,126,0.01,0.01,0,0,0,0.0,0.0,0.0,inf,0.0,0,0,0,census_only,
Halobacteriovoraceae,35,108,0.01,0.01,0,0,0,0.0,0.0,0.0,inf,0.0,0,0,0,census_only,
Thermoleophilia.U.family,35,185,0.01,0.02,0,0,0,0.0,0.0,0.0,inf,0.0,0,0,0,census_only,
Kordiimonadales.U.family,35,205,0.01,0.02,0,0,0,0.0,0.0,0.0,inf,0.0,0,0,0,census_only,
Mollicutes.U.family,20,103,0.01,0.01,0,0,0,0.0,0.0,0.0,inf,0.0,0,0,0,census_only,
Actinomycetales.U.family,36,224,0.01,0.02,0,0,0,0.0,0.0,0.0,inf,0.0,0,0,0,census_only,
Archangiaceae,36,318,0.01,0.03,0,0,0,0.0,0.0,0.0,inf,0.0,0,0,0,census_only,
Dehalococcoidales.U.family,67,205,0.03,0.02,0,0,0,0.0,0.0,0.0,inf,0.0,0,0,0,census_only,
Aphanizomenonaceae,39,662,0.01,0.06,0,0,0,0.0,0.0,0.0,inf,0.0,0,0,0,census_only,
Hyellaceae,40,118,0.02,0.01,0,0,0,0.0,0.0,0.0,inf,0.0,0,0,0,census_only,
Dietziaceae,40,187,0.02,0.02,0,0,0,0.0,0.0,0.0,inf,0.0,0,0,0,census_only,
Fimbriimonadales.U.family,41,92,0.02,0.01,0,0,0,0.0,0.0,0.0,inf,0.0,0,0,0,census_only,
Glycomycetaceae,41,123,0.02,0.01,0,0,0,0.0,0.0,0.0,inf,0.0,0,0,0,census_only,
Lawsonellaceae,42,207,0.02,0.02,0,0,0,0.0,0.0,0.0,inf,0.0,0,0,0,census_only,
Myxococcales.U.family,42,152,0.02,0.01,0,0,0,0.0,0.0,0.0,inf,0.0,0,0,0,census_only,
Kazania.U.family,42,88,0.02,0.01,0,0,0,0.0,0.0,0.0,inf,0.0,0,0,0,census_only,
uncultured.U.family,45,117,0.02,0.01,0,0,0,0.0,0.0,0.0,inf,0.0,0,0,0,census_only,
Sphaerobacteraceae,46,173,0.02,0.01,0,0,0,0.0,0.0,0.0,inf,0.0,0,0,0,census_only,
Merismopediaceae,46,145,0.02,0.01,0,0,0,0.0,0.0,0.0,inf,0.0,0,0,0,census_only,
Spiroplasmataceae,48,228,0.02,0.02,0,0,0,0.0,0.0,0.0,inf,0.0,0,0,0,census_only,
Lactobacillales.U.family,30,69,0.01,0.01,0,0,0,0.0,0.0,0.0,inf,0.0,0,0,0,census_only,
Robiginitomaculaceae,51,273,0.02,0.02,0,0,0,0.0,0.0,0.0,inf,0.0,0,0,0,census_only,
metagenome.Chloroplast,51,229,0.02,0.02,0,0,0,0.0,0.0,0.0,inf,0.0,0,0,0,census_only,
Frankiales.U.family,96,430,0.04,0.04,0,0,0,0.0,0.0,0.0,inf,0.0,0,0,0,census_only,
Methylocystaceae,54,366,0.02,0.03,0,0,0,0.0,0.0,0.0,inf,0.0,0,0,0,census_only,
Gordoniaceae,54,316,0.02,0.03,0,0,0,0.0,0.0,0.0,inf,0.0,0,0,0,census_only,
Actinospicaceae,55,305,0.02,0.03,0,0,0,0.0,0.0,0.0,inf,0.0,0,0,0,census_only,
Syntrophobacterales.U.family,55,395,0.02,0.03,0,0,0,0.0,0.0,0.0,inf,0.0,0,0,0,census_only,
Bruguierivoracaceae,55,108,0.02,0.01,0,0,0,0.0,0.0,0.0,inf,0.0,0,0,0,census_only,
Desulfobacterales.U.family,56,150,0.02,0.01,0,0,0,0.0,0.0,0.0,inf,0.0,0,0,0,census_only,
Calditrichota.U.family,56,179,0.02,0.01,0,0,0,0.0,0.0,0.0,inf,0.0,0,0,0,census_only,
Ahrensiaceae,56,144,0.02,0.01,0,0,0,0.0,0.0,0.0,inf,0.0,0,0,0,census_only,
Scytonemataceae,57,240,0.02,0.02,0,0,0,0.0,0.0,0.0,inf,0.0,0,0,0,census_only,
Roseiarcaceae,58,854,0.02,0.07,0,0,0,0.0,0.0,0.0,inf,0.0,0,0,0,census_only,
Aurantimonadaceae,60,248,0.02,0.02,0,0,0,0.0,0.0,0.0,inf,0.0,0,0,0,census_only,
Coriobacteriales.U.family,61,167,0.02,0.01,0,0,0,0.0,0.0,0.0,inf,0.0,0,0,0,census_only,
Bogoriellaceae,36,86,0.01,0.01,0,0,0,0.0,0.0,0.0,inf,0.0,0,0,0,census_only,
Caldisericales.U.family,62,532,0.02,0.04,0,0,0,0.0,0.0,0.0,inf,0.0,0,0,0,census_only,
Crenotrichaceae,65,234,0.02,0.02,0,0,0,0.0,0.0,0.0,inf,0.0,0,0,0,census_only,
Reichenbachiellaceae,128,862,0.05,0.07,0,0,0,0.0,0.0,0.0,inf,0.0,0,0,0,census_only,
Deltaproteobacteria.U.family,67,416,0.03,0.03,0,0,0,0.0,0.0,0.0,inf,0.0,0,0,0,census_only,
Desulfuromonadales.U.family,67,415,0.03,0.03,0,0,0,0.0,0.0,0.0,inf,0.0,0,0,0,census_only,
Saccharospirillaceae,68,309,0.03,0.03,0,0,0,0.0,0.0,0.0,inf,0.0,0,0,0,census_only,
Sphingosinicellaceae,69,464,0.03,0.04,0,0,0,0.0,0.0,0.0,inf,0.0,0,0,0,census_only,
Campylobacterales.U.family,70,177,0.03,0.01,0,0,0,0.0,0.0,0.0,inf,0.0,0,0,0,census_only,
CPR2.U.family,70,208,0.03,0.02,0,0,0,0.0,0.0,0.0,inf,0.0,0,0,0,census_only,
Calotrichaceae,71,212,0.03,0.02,0,0,0,0.0,0.0,0.0,inf,0.0,0,0,0,census_only,
Chromatiales.U.family,71,279,0.03,0.02,0,0,0,0.0,0.0,0.0,inf,0.0,0,0,0,census_only,
Thermoprotei.U.family,75,414,0.03,0.03,0,0,0,0.0,0.0,0.0,inf,0.0,0,0,0,census_only,
Promicromonosporaceae,78,343,0.03,0.03,0,0,0,0.0,0.0,0.0,inf,0.0,0,0,0,census_only,
Cytophagales.U.family,80,149,0.03,0.01,0,0,0,0.0,0.0,0.0,inf,0.0,0,0,0,census_only,
Heimdallarchaeia.U.family,83,365,0.03,0.03,0,0,0,0.0,0.0,0.0,inf,0.0,0,0,0,census_only,
Hafniaceae,49,494,0.02,0.04,0,0,0,0.0,0.0,0.0,inf,0.0,0,0,0,census_only,
Gracilibacteraceae,93,237,0.04,0.02,0,0,0,0.0,0.0,0.0,inf,0.0,0,0,0,census_only,
Methanosarcinales.U.family,96,428,0.04,0.04,0,0,0,0.0,0.0,0.0,inf,0.0,0,0,0,census_only,
Methylococcales.U.family,157,820,0.06,0.07,0,0,0,0.0,0.0,0.0,inf,0.0,0,0,0,census_only,
Odoribacteraceae,96,604,0.04,0.05,0,0,0,0.0,0.0,0.0,inf,0.0,0,0,0,census_only,
Hyphomicrobiales.U.family,99,355,0.04,0.03,0,0,0,0.0,0.0,0.0,inf,0.0,0,0,0,census_only,
Kallotenuales.U.family,101,222,0.04,0.02,0,0,0,0.0,0.0,0.0,inf,0.0,0,0,0,census_only,
Nitrospinota.U.family,102,372,0.04,0.03,0,0,0,0.0,0.0,0.0,inf,0.0,0,0,0,census_only,
Syntrophales.U.family,105,814,0.04,0.07,0,0,0,0.0,0.0,0.0,inf,0.0,0,0,0,census_only,
Azonexaceae,105,580,0.04,0.05,0,0,0,0.0,0.0,0.0,inf,0.0,0,0,0,census_only,
Sinobacteraceae,109,492,0.04,0.04,0,0,0,0.0,0.0,0.0,inf,0.0,0,0,0,census_only,
Nocardiopsaceae,110,439,0.04,0.04,0,0,0,0.0,0.0,0.0,inf,0.0,0,0,0,census_only,
Idiomarinaceae,111,444,0.04,0.04,0,0,0,0.0,0.0,0.0,inf,0.0,0,0,0,census_only,
Chloroflexia.U.family,117,365,0.04,0.03,0,0,0,0.0,0.0,0.0,inf,0.0,0,0,0,census_only,
Phaselicystidaceae,118,541,0.04,0.05,0,0,0,0.0,0.0,0.0,inf,0.0,0,0,0,census_only,
Sphaerotilaceae,119,1295,0.05,0.11,0,0,0,0.0,0.0,0.0,inf,0.0,0,0,0,census_only,
Rubritaleaceae,62,209,0.02,0.02,0,0,0,0.0,0.0,0.0,inf,0.0,0,0,0,census_only,
Desulfobulbales.U.family,121,311,0.05,0.03,0,0,0,0.0,0.0,0.0,inf,0.0,0,0,0,census_only,
Methanomassiliicoccales.U.family,125,860,0.05,0.07,0,0,0,0.0,0.0,0.0,inf,0.0,0,0,0,census_only,
Haliscomenobacteraceae,222,704,0.08,0.06,0,0,0,0.0,0.0,0.0,inf,0.0,0,0,0,census_only,
Spirochaetota.U.family,130,530,0.05,0.04,0,0,0,0.0,0.0,0.0,inf,0.0,0,0,0,census_only,
Negativicutes.U.family,131,274,0.05,0.02,0,0,0,0.0,0.0,0.0,inf,0.0,0,0,0,census_only,
Nitrospirota.U.family,135,650,0.05,0.05,0,0,0,0.0,0.0,0.0,inf,0.0,0,0,0,census_only,
Brucellaceae,136,1272,0.05,0.11,0,0,0,0.0,0.0,0.0,inf,0.0,0,0,0,census_only,
Thermomonosporaceae,137,579,0.05,0.05,0,0,0,0.0,0.0,0.0,inf,0.0,0,0,0,census_only,
Coriobacteriia.U.family,138,674,0.05,0.06,0,0,0,0.0,0.0,0.0,inf,0.0,0,0,0,census_only,
Prochlorococcaceae,139,1245,0.05,0.1,0,0,0,0.0,0.0,0.0,inf,0.0,0,0,0,census_only,
Methanoregulaceae,140,1201,0.05,0.1,0,0,0,0.0,0.0,0.0,inf,0.0,0,0,0,census_only,
Chitinivibrionia.U.family,141,359,0.05,0.03,0,0,0,0.0,0.0,0.0,inf,0.0,0,0,0,census_only,
Chthonomonadales.U.family,142,406,0.05,0.03,0,0,0,0.0,0.0,0.0,inf,0.0,0,0,0,census_only,
Nanoarchaeota.U.family,147,379,0.06,0.03,0,0,0,0.0,0.0,0.0,inf,0.0,0,0,0,census_only,
Thioalkalispiraceae,156,362,0.06,0.03,0,0,0,0.0,0.0,0.0,inf,0.0,0,0,0,census_only,
Pectobacteriaceae,90,759,0.03,0.06,0,0,0,0.0,0.0,0.0,inf,0.0,0,0,0,census_only,
Lewinellaceae,157,417,0.06,0.03,0,0,0,0.0,0.0,0.0,inf,0.0,0,0,0,census_only,
Sterolibacteriaceae,157,689,0.06,0.06,0,0,0,0.0,0.0,0.0,inf,0.0,0,0,0,census_only,
Bacillales.U.family,308,1263,0.12,0.11,0,0,0,0.0,0.0,0.0,inf,0.0,0,0,0,census_only,
Fulvivirgaceae,165,439,0.06,0.04,0,0,0,0.0,0.0,0.0,inf,0.0,0,0,0,census_only,
Limnochordia.U.family,166,489,0.06,0.04,0,0,0,0.0,0.0,0.0,inf,0.0,0,0,0,census_only,
Intrasporangiaceae,169,1573,0.06,0.13,0,0,0,0.0,0.0,0.0,inf,0.0,0,0,0,census_only,
Odinarchaeia.U.family,169,511,0.06,0.04,0,0,0,0.0,0.0,0.0,inf,0.0,0,0,0,census_only,
Chthoniobacterales.U.family,174,848,0.07,0.07,0,0,0,0.0,0.0,0.0,inf,0.0,0,0,0,census_only,
Verrucomicrobiales.U.family,181,812,0.07,0.07,0,0,0,0.0,0.0,0.0,inf,0.0,0,0,0,census_only,
Hydrogenophilaceae,184,741,0.07,0.06,0,0,0,0.0,0.0,0.0,inf,0.0,0,0,0,census_only,
Bradymonadales.U.family,196,769,0.07,0.06,0,0,0,0.0,0.0,0.0,inf,0.0,0,0,0,census_only,
Sutterellaceae,200,1886,0.08,0.16,0,0,0,0.0,0.0,0.0,inf,0.0,0,0,0,census_only,
Entomoplasmatales.U.family,202,604,0.08,0.05,0,0,0,0.0,0.0,0.0,inf,0.0,0,0,0,census_only,
Armatimonadales.U.family,206,644,0.08,0.05,0,0,0,0.0,0.0,0.0,inf,0.0,0,0,0,census_only,
Halobacteria.U.family,211,707,0.08,0.06,0,0,0,0.0,0.0,0.0,inf,0.0,0,0,0,census_only,
Vampirovibrionales.U.family,120,382,0.05,0.03,0,0,0,0.0,0.0,0.0,inf,0.0,0,0,0,census_only,
Atribacterota.U.family,215,1295,0.08,0.11,0,0,0,0.0,0.0,0.0,inf,0.0,0,0,0,census_only,
Tissierellia.U.family,221,604,0.08,0.05,0,0,0,0.0,0.0,0.0,inf,0.0,0,0,0,census_only,
Dojkabacteria.U.family,398,1302,0.15,0.11,0,0,0,0.0,0.0,0.0,inf,0.0,0,0,0,census_only,
Hadesarchaea.U.family,223,671,0.09,0.06,0,0,0,0.0,0.0,0.0,inf,0.0,0,0,0,census_only,
Zoogloeaceae,248,950,0.09,0.08,0,0,0,0.0,0.0,0.0,inf,0.0,0,0,0,census_only,
Elusimicrobia.U.family,254,840,0.1,0.07,0,0,0,0.0,0.0,0.0,inf,0.0,0,0,0,census_only,
Ktedonobacterales.U.family,256,777,0.1,0.07,0,0,0,0.0,0.0,0.0,inf,0.0,0,0,0,census_only,
Fibrobacterales.U.family,256,768,0.1,0.06,0,0,0,0.0,0.0,0.0,inf,0.0,0,0,0,census_only,
Abitibacteriaceae,257,816,0.1,0.07,0,0,0,0.0,0.0,0.0,inf,0.0,0,0,0,census_only,
Nocardiaceae,263,1937,0.1,0.16,0,0,0,0.0,0.0,0.0,inf,0.0,0,0,0,census_only,
Halorubraceae,263,1265,0.1,0.11,0,0,0,0.0,0.0,0.0,inf,0.0,0,0,0,census_only,
Colwelliaceae,264,914,0.1,0.08,0,0,0,0.0,0.0,0.0,inf,0.0,0,0,0,census_only,
Elusimicrobiota.U.family,267,743,0.1,0.06,0,0,0,0.0,0.0,0.0,inf,0.0,0,0,0,census_only,
Nitrobacteraceae,279,4565,0.11,0.38,0,0,0,0.0,0.0,0.0,inf,0.0,0,0,0,census_only,
Desulfuromonadia.U.family,280,980,0.11,0.08,0,0,0,0.0,0.0,0.0,inf,0.0,0,0,0,census_only,
Conexibacteraceae,156,1734,0.06,0.15,0,0,0,0.0,0.0,0.0,inf,0.0,0,0,0,census_only,
Thermococci.U.family,298,1319,0.11,0.11,0,0,0,0.0,0.0,0.0,inf,0.0,0,0,0,census_only,
Thermodesulfobacteriota.U.family,307,1480,0.12,0.12,0,0,0,0.0,0.0,0.0,inf,0.0,0,0,0,census_only,
Bdellovibrionales.U.family,544,2058,0.21,0.17,0,0,0,0.0,0.0,0.0,inf,0.0,0,0,0,census_only,
Solirubrobacterales.U.family,309,2175,0.12,0.18,0,0,0,0.0,0.0,0.0,inf,0.0,0,0,0,census_only,
Erythrobacteraceae,309,1564,0.12,0.13,0,0,0,0.0,0.0,0.0,inf,0.0,0,0,0,census_only,
Polyangiales.U.family,311,1423,0.12,0.12,0,0,0,0.0,0.0,0.0,inf,0.0,0,0,0,census_only,
Bacteroidia.U.family,326,1307,0.12,0.11,0,0,0,0.0,0.0,0.0,inf,0.0,0,0,0,census_only,
Yersiniaceae,333,2663,0.13,0.22,0,0,0,0.0,0.0,0.0,inf,0.0,0,0,0,census_only,
metagenome.Mitochondria,333,1693,0.13,0.14,0,0,0,0.0,0.0,0.0,inf,0.0,0,0,0,census_only,
Phyllobacteriaceae,338,1779,0.13,0.15,0,0,0,0.0,0.0,0.0,inf,0.0,0,0,0,census_only,
Spirosomaceae,346,2439,0.13,0.2,0,0,0,0.0,0.0,0.0,inf,0.0,0,0,0,census_only,
Vicinamibacteria.U.family,347,1645,0.13,0.14,0,0,0,0.0,0.0,0.0,inf,0.0,0,0,0,census_only,
Oceanospirillaceae,354,1500,0.13,0.13,0,0,0,0.0,0.0,0.0,inf,0.0,0,0,0,census_only,
Lokiarchaeia.U.family,362,1328,0.14,0.11,0,0,0,0.0,0.0,0.0,inf,0.0,0,0,0,census_only,
Blastocatellia.U.family,366,1390,0.14,0.12,0,0,0,0.0,0.0,0.0,inf,0.0,0,0,0,census_only,
Methylobacteriaceae,213,1410,0.08,0.12,0,0,0,0.0,0.0,0.0,inf,0.0,0,0,0,census_only,
Phycisphaerales.U.family,383,1027,0.15,0.09,0,0,0,0.0,0.0,0.0,inf,0.0,0,0,0,census_only,
WWE3.U.family,387,1278,0.15,0.11,0,0,0,0.0,0.0,0.0,inf,0.0,0,0,0,census_only,
Vicinamibacterales.U.family,913,3855,0.35,0.32,0,0,0,0.0,0.0,0.0,inf,0.0,0,0,0,census_only,
Alcaligenaceae,403,3876,0.15,0.32,0,0,0,0.0,0.0,0.0,inf,0.0,0,0,0,census_only,
Ktedonobacteria.U.family,409,945,0.16,0.08,0,0,0,0.0,0.0,0.0,inf,0.0,0,0,0,census_only,
Solibacteraceae,415,2187,0.16,0.18,0,0,0,0.0,0.0,0.0,inf,0.0,0,0,0,census_only,
Holophagae.U.family,419,2673,0.16,0.22,0,0,0,0.0,0.0,0.0,inf,0.0,0,0,0,census_only,
Erysipelotrichales.U.family,423,1697,0.16,0.14,0,0,0,0.0,0.0,0.0,inf,0.0,0,0,0,census_only,
Blastocatellaceae,430,1683,0.16,0.14,0,0,0,0.0,0.0,0.0,inf,0.0,0,0,0,census_only,
Thermomicrobiales.U.family,453,1637,0.17,0.14,0,0,0,0.0,0.0,0.0,inf,0.0,0,0,0,census_only,
Pseudobdellovibrionaceae,458,965,0.17,0.08,0,0,0,0.0,0.0,0.0,inf,0.0,0,0,0,census_only,
Erwiniaceae,461,2143,0.18,0.18,0,0,0,0.0,0.0,0.0,inf,0.0,0,0,0,census_only,
Cyanobacteriota.U.family,464,972,0.18,0.08,0,0,0,0.0,0.0,0.0,inf,0.0,0,0,0,census_only,
Morganellaceae,513,1856,0.2,0.16,0,0,0,0.0,0.0,0.0,inf,0.0,0,0,0,census_only,
Chitinophagales.U.family,527,2355,0.2,0.2,0,0,0,0.0,0.0,0.0,inf,0.0,0,0,0,census_only,
Marinobacteraceae,284,1490,0.11,0.12,0,0,0,0.0,0.0,0.0,inf,0.0,0,0,0,census_only,
Gammaproteobacteria.U.family,3688,17379,1.41,1.45,0,0,0,0.0,0.0,0.0,inf,0.0,0,0,0,census_only,
Tepidisphaerales.U.family,870,2540,0.33,0.21,0,0,0,0.0,0.0,0.0,inf,0.0,0,0,0,census_only,
Bacillota.U.family,892,2493,0.34,0.21,0,0,0,0.0,0.0,0.0,inf,0.0,0,0,0,census_only,
Myxococcota.U.family,936,3460,0.36,0.29,0,0,0,0.0,0.0,0.0,inf,0.0,0,0,0,census_only,
Roseobacteraceae,974,4042,0.37,0.34,0,0,0,0.0,0.0,0.0,inf,0.0,0,0,0,census_only,
Rickettsiales.U.family,1009,3120,0.38,0.26,0,0,0,0.0,0.0,0.0,inf,0.0,0,0,0,census_only,
Rhodospirillales.U.family,1015,4712,0.39,0.39,0,0,0,0.0,0.0,0.0,inf,0.0,0,0,0,census_only,
Paracoccaceae,1092,4625,0.42,0.39,0,0,0,0.0,0.0,0.0,inf,0.0,0,0,0,census_only,
Burkholderiales.U.family,1092,6916,0.42,0.58,0,0,0,0.0,0.0,0.0,inf,0.0,0,0,0,census_only,
Pseudomonadales.U.family,1109,8970,0.42,0.75,0,0,0,0.0,0.0,0.0,inf,0.0,0,0,0,census_only,
Sphingobacteriales.U.family,1120,7226,0.43,0.6,0,0,0,0.0,0.0,0.0,inf,0.0,0,0,0,census_only,
Thermoplasmata.U.family,1333,7908,0.51,0.66,0,0,0,0.0,0.0,0.0,inf,0.0,0,0,0,census_only,
Acidimicrobiia.U.family,1406,10022,0.54,0.84,0,0,0,0.0,0.0,0.0,inf,0.0,0,0,0,census_only,
Comamonadaceae,1468,9527,0.56,0.8,0,0,0,0.0,0.0,0.0,inf,0.0,0,0,0,census_only,
ABY1.U.family,1711,5467,0.65,0.46,0,0,0,0.0,0.0,0.0,inf,0.0,0,0,0,census_only,
Flavobacteriales.U.family,530,3714,0.2,0.31,0,0,0,0.0,0.0,0.0,inf,0.0,0,0,0,census_only,
Nitrososphaerota.U.family,1,13,0.0,0.0,0,0,0,0.0,0.0,0.0,inf,0.0,0,0,0,census_only,
Picrophilaceae,1,2,0.0,0.0,0,0,0,0.0,0.0,0.0,inf,0.0,0,0,0,census_only,
Deferribacterales.U.family,2,14,0.0,0.0,0,0,0,0.0,0.0,0.0,inf,0.0,0,0,0,census_only,
Balneicellaceae,1,1,0.0,0.0,0,0,0,0.0,0.0,0.0,inf,0.0,0,0,0,census_only,
Verrucomicrobiota.U.family,5114,15199,1.95,1.27,0,0,0,0.0,0.0,0.0,inf,0.0,0,0,0,census_only,
Phycisphaerae.U.family,1714,4606,0.65,0.39,0,0,0,0.0,0.0,0.0,inf,0.0,0,0,0,census_only,
Bacteroidota.U.family,1737,9120,0.66,0.76,0,0,0,0.0,0.0,0.0,inf,0.0,0,0,0,census_only,
Chloroflexota.U.family,1816,14646,0.69,1.23,0,0,0,0.0,0.0,0.0,inf,0.0,0,0,0,census_only,
Verrucomicrobiae.U.family,1914,10005,0.73,0.84,0,0,0,0.0,0.0,0.0,inf,0.0,0,0,0,census_only,
Bacteroidales.U.family,2210,6840,0.84,0.57,0,0,0,0.0,0.0,0.0,inf,0.0,0,0,0,census_only,
Dehalococcoidia.U.family,2599,11333,0.99,0.95,0,0,0,0.0,0.0,0.0,inf,0.0,0,0,0,census_only,
Prevotellaceae,2810,8135,1.07,0.68,0,0,0,0.0,0.0,0.0,inf,0.0,0,0,0,census_only,
Planctomycetota.U.family,2873,9782,1.1,0.82,0,0,0,0.0,0.0,0.0,inf,0.0,0,0,0,census_only,
Anaerolineae.U.family,2905,9688,1.11,0.81,0,0,0,0.0,0.0,0.0,inf,0.0,0,0,0,census_only,
Microgenomatia.U.family,2959,8761,1.13,0.73,0,0,0,0.0,0.0,0.0,inf,0.0,0,0,0,census_only,
Acidobacteriota.U.family,3109,16434,1.19,1.38,0,0,0,0.0,0.0,0.0,inf,0.0,0,0,0,census_only,
