Name_to_use,taxid,otu_count,size_count,lineage,lineage_ranks,lineage_taxids
Eukaryota.U.genus,2759,9333,39360,cellular organisms;Eukaryota;Eukaryota.U.genus,cellular root;domain;original_name,131567;2759;2759
Metazoa.U.genus,33208,4480,25091,cellular organisms;Eukaryota;Opisthokonta;Metazoa;Metazoa.U.genus,cellular root;domain;clade;kingdom;original_name,131567;2759;33154;33208;33208
Amoebozoa.U.genus,554915,4214,15143,cellular organisms;Eukaryota;Amoebozoa;Amoebozoa.U.genus,cellular root;domain;clade;original_name,131567;2759;554915;554915
Insecta.U.genus,50557,2513,16928,cellular organisms;Eukaryota;Opisthokonta;Metazoa;Eumetazoa;Bilateria;Protostomia;Ecdysozoa;Panarthropoda;Arthropoda;Mandibulata;Pancrustacea;Hexapoda;Insecta;Insecta.U.genus,cellular root;domain;clade;kingdom;clade;clade;clade;clade;clade;phylum;clade;clade;subphylum;class;original_name,131567;2759;33154;33208;6072;33213;33317;1206794;88770;6656;197563;197562;6960;50557;50557
Mastigamoeba,81099,1609,10879,cellular organisms;Eukaryota;Amoebozoa;Evosea;Archamoebae;Mastigamoebida;Mastigamoebidae;Mastigamoeba,cellular root;domain;clade;phylum;clade;order;family;genus,131567;2759;554915;2605435;555406;2682482;174815;81099
Embryophyceae_XX.U.genus,NA,1535,7457,cellular organisms;Eukaryota;Viridiplantae;Streptophyta;Streptophytina;Embryophyta;Embryophyceae_XX.U.genus,clade;genus,131567;2759;33090;35493;131221;3193;NA
Euglenida.U.genus,3035,1526,5350,cellular organisms;Eukaryota;Discoba;Euglenozoa;Euglenida;Euglenida.U.genus,cellular root;domain;clade;phylum;class;original_name,131567;2759;2611352;33682;3035;3035
Nematoda.U.genus,6231,1163,5960,cellular organisms;Eukaryota;Opisthokonta;Metazoa;Eumetazoa;Bilateria;Protostomia;Ecdysozoa;Nematoda;Nematoda.U.genus,cellular root;domain;clade;kingdom;clade;clade;clade;clade;phylum;original_name,131567;2759;33154;33208;6072;33213;33317;1206794;6231;6231
Cercozoa.U.genus,136419,1152,3275,cellular organisms;Eukaryota;Sar;Rhizaria;Cercozoa;Cercozoa.U.genus,cellular root;domain;clade;clade;phylum;original_name,131567;2759;2698737;543769;136419;136419
Fungi.U.genus,4751,1112,2638,cellular organisms;Eukaryota;Opisthokonta;Fungi;Fungi.U.genus,cellular root;domain;clade;kingdom;original_name,131567;2759;33154;4751;4751
Dinophyceae.U.genus,2864,1090,4487,cellular organisms;Eukaryota;Sar;Alveolata;Dinophyceae;Dinophyceae.U.genus,cellular root;domain;clade;clade;class;original_name,131567;2759;2698737;33630;2864;2864
Stramenopiles.U.genus,33634,1038,7804,cellular organisms;Eukaryota;Sar;Stramenopiles;Stramenopiles.U.genus,cellular root;domain;clade;clade;original_name,131567;2759;2698737;33634;33634
Pezizomycotina.U.genus,147538,987,5074,cellular organisms;Eukaryota;Opisthokonta;Fungi;Dikarya;Ascomycota;saccharomyceta;Pezizomycotina;Pezizomycotina.U.genus,cellular root;domain;clade;kingdom;subkingdom;phylum;clade;subphylum;original_name,131567;2759;33154;4751;451864;4890;716545;147538;147538
Heterolobosea.U.genus,5752,896,4751,cellular organisms;Eukaryota;Discoba;Heterolobosea;Heterolobosea.U.genus,cellular root;domain;clade;phylum;original_name,131567;2759;2611352;5752;5752
Platyhelminthes.U.genus,6157,851,2920,cellular organisms;Eukaryota;Opisthokonta;Metazoa;Eumetazoa;Bilateria;Protostomia;Spiralia;Lophotrochozoa;Platyhelminthes;Platyhelminthes.U.genus,cellular root;domain;clade;kingdom;clade;clade;clade;clade;clade;phylum;original_name,131567;2759;33154;33208;6072;33213;33317;2697495;1206795;6157;6157
Gyrista.U.genus,NA,833,3060,cellular organisms;Eukaryota;Sar;Gyrista.U.genus,clade;genus,131567;2759;2698737;NA
Ciliophora.U.genus,5878,803,4342,cellular organisms;Eukaryota;Sar;Alveolata;Ciliophora;Ciliophora.U.genus,cellular root;domain;clade;clade;phylum;original_name,131567;2759;2698737;33630;5878;5878
Stylonychia,5948,800,7715,cellular organisms;Eukaryota;Sar;Alveolata;Ciliophora;Intramacronucleata;Spirotrichea;Stichotrichia;Sporadotrichida;Oxytrichidae;Stylonychinae;Stylonychia,cellular root;domain;clade;clade;phylum;subphylum;class;subclass;order;family;subfamily;genus,131567;2759;2698737;33630;5878;431838;33829;194286;693921;57506;1001748;5948
Opisthokonta.U.genus,33154,687,3638,cellular organisms;Eukaryota;Opisthokonta;Opisthokonta.U.genus,cellular root;domain;clade;original_name,131567;2759;33154;33154
Agaricomycetes.U.genus,155619,665,4615,cellular organisms;Eukaryota;Opisthokonta;Fungi;Dikarya;Basidiomycota;Agaricomycotina;Agaricomycetes;Agaricomycetes.U.genus,cellular root;domain;clade;kingdom;subkingdom;phylum;subphylum;class;original_name,131567;2759;33154;4751;451864;5204;5302;155619;155619
Dino-Group-II.U.genus,NA,657,2568,cellular organisms;Eukaryota;Sar;Alveolata;Dinophyceae;Dino-Group-II.U.genus,class;genus,131567;2759;2698737;33630;2864;NA
Flectomonas,1938442,639,3724,cellular organisms;Eukaryota;Sar;Rhizaria;Cercozoa;Glissomonadida;Sandonidae;Flectomonas,cellular root;domain;clade;clade;phylum;order;family;genus,131567;2759;2698737;543769;136419;1238681;2586441;1938442
Dino-Group-II-Clade-7_X,NA,547,1828,cellular organisms;Eukaryota;Sar;Alveolata;Dinophyceae;Dino-Group-II-Clade-7_X,class;genus,131567;2759;2698737;33630;2864;NA
Dothideomycetes.U.genus,147541,539,2447,cellular organisms;Eukaryota;Opisthokonta;Fungi;Dikarya;Ascomycota;saccharomyceta;Pezizomycotina;leotiomyceta;dothideomyceta;Dothideomycetes;Dothideomycetes.U.genus,cellular root;domain;clade;kingdom;subkingdom;phylum;clade;subphylum;clade;clade;class;original_name,131567;2759;33154;4751;451864;4890;716545;147538;716546;715962;147541;147541
Chytridiomycota.U.genus,4761,530,1528,cellular organisms;Eukaryota;Opisthokonta;Fungi;Fungi incertae sedis;Chytridiomycota;Chytridiomycota.U.genus,cellular root;domain;clade;kingdom;no rank;phylum;original_name,131567;2759;33154;4751;112252;4761;4761
TSAR.U.genus,NA,509,1675,cellular organisms;Eukaryota;Sar;TSAR.U.genus,clade;genus,131567;2759;2698737;NA
Monothalamids_X.U.genus,1505960,507,2233,cellular organisms;Eukaryota;Sar;Rhizaria;Retaria;Foraminifera;Monothalamids;Monothalamids_X.U.genus,cellular root;domain;clade;clade;clade;phylum;clade;original_name,131567;2759;2698737;543769;2662056;29178;1505960;1505960
Chlorophyta_X.U.genus,3041,499,2267,cellular organisms;Eukaryota;Viridiplantae;Chlorophyta;Chlorophyta_X.U.genus,cellular root;domain;kingdom;phylum;original_name,131567;2759;33090;3041;3041
Hexamitidae.U.genus,5739,484,3018,cellular organisms;Eukaryota;Metamonada;Fornicata;Diplomonadida;Hexamitidae;Hexamitidae.U.genus,cellular root;domain;clade;phylum;order;family;original_name,131567;2759;2611341;207245;5738;5739;5739
Trachelomonas,96503,470,1572,cellular organisms;Eukaryota;Discoba;Euglenozoa;Euglenida;Spirocuta;Euglenophyceae;Euglenales;Euglenaceae;Trachelomonas,cellular root;domain;clade;phylum;class;clade;subclass;order;family;genus,131567;2759;2611352;33682;3035;2570567;2704141;86650;1131320;96503
Sordariomycetes.U.genus,147550,469,2392,cellular organisms;Eukaryota;Opisthokonta;Fungi;Dikarya;Ascomycota;saccharomyceta;Pezizomycotina;leotiomyceta;sordariomyceta;Sordariomycetes;Sordariomycetes.U.genus,cellular root;domain;clade;kingdom;subkingdom;phylum;clade;subphylum;clade;clade;class;original_name,131567;2759;33154;4751;451864;4890;716545;147538;716546;715989;147550;147550
Gibberella,5506,466,4262,cellular organisms;Eukaryota;Opisthokonta;Fungi;Dikarya;Ascomycota;saccharomyceta;Pezizomycotina;leotiomyceta;sordariomyceta;Sordariomycetes;Hypocreomycetidae;Hypocreales;Nectriaceae;Fusarium,cellular root;domain;clade;kingdom;subkingdom;phylum;clade;subphylum;clade;clade;class;subclass;order;family;genus,131567;2759;33154;4751;451864;4890;716545;147538;716546;715989;147550;222543;5125;110618;5506
Pentapharsodinium,66472,466,2001,cellular organisms;Eukaryota;Sar;Alveolata;Dinophyceae;Peridiniales;Ensiculiferaceae;Pentapharsodinium,cellular root;domain;clade;clade;class;order;family;genus,131567;2759;2698737;33630;2864;2910;3033397;66472
Kinetoplastea.U.genus,5653,451,1621,cellular organisms;Eukaryota;Discoba;Euglenozoa;Kinetoplastea;Kinetoplastea.U.genus,cellular root;domain;clade;phylum;class;original_name,131567;2759;2611352;33682;5653;5653
Crustacea.U.genus,6657,436,2433,cellular organisms;Eukaryota;Opisthokonta;Metazoa;Eumetazoa;Bilateria;Protostomia;Ecdysozoa;Panarthropoda;Arthropoda;Mandibulata;Pancrustacea;Crustacea;Crustacea.U.genus,cellular root;domain;clade;kingdom;clade;clade;clade;clade;clade;phylum;clade;clade;subphylum;original_name,131567;2759;33154;33208;6072;33213;33317;1206794;88770;6656;197563;197562;6657;6657
Petalomonadida.U.genus,2570648,422,1103,cellular organisms;Eukaryota;Discoba;Euglenozoa;Euglenida;Petalomonadida;Petalomonadida.U.genus,cellular root;domain;clade;phylum;class;order;original_name,131567;2759;2611352;33682;3035;2570648;2570648
Dino-Group-II-Clade-10-and-11_X,NA,415,1595,cellular organisms;Eukaryota;Sar;Alveolata;Dinophyceae;Dino-Group-II-Clade-10-and-11_X,class;genus,131567;2759;2698737;33630;2864;NA
Alveolata.U.genus,33630,393,8253,cellular organisms;Eukaryota;Sar;Alveolata;Alveolata.U.genus,cellular root;domain;clade;clade;original_name,131567;2759;2698737;33630;33630
Polycystinea.U.genus,65582,391,4253,cellular organisms;Eukaryota;Sar;Rhizaria;Retaria;Polycystinea;Polycystinea.U.genus,cellular root;domain;clade;clade;clade;class;original_name,131567;2759;2698737;543769;2662056;65582;65582
Eurotiomycetes.U.genus,147545,381,3580,cellular organisms;Eukaryota;Opisthokonta;Fungi;Dikarya;Ascomycota;saccharomyceta;Pezizomycotina;leotiomyceta;Eurotiomycetes;Eurotiomycetes.U.genus,cellular root;domain;clade;kingdom;subkingdom;phylum;clade;subphylum;clade;class;original_name,131567;2759;33154;4751;451864;4890;716545;147538;716546;147545;147545
Zea,4575,372,6252,cellular organisms;Eukaryota;Viridiplantae;Streptophyta;Streptophytina;Embryophyta;Tracheophyta;Euphyllophyta;Spermatophyta;Magnoliopsida;Mesangiospermae;Liliopsida;Petrosaviidae;commelinids;Poales;Poaceae;PACMAD clade;Panicoideae;Andropogonodae;Andropogoneae;Tripsacinae;Zea,cellular root;domain;kingdom;phylum;subphylum;clade;clade;clade;clade;class;clade;clade;subclass;clade;order;family;clade;subfamily;no rank;tribe;subtribe;genus,131567;2759;33090;35493;131221;3193;58023;78536;58024;3398;1437183;4447;1437197;4734;38820;4479;147370;147369;1648033;147429;1648029;4575
Mollusca.U.genus,6447,353,2354,cellular organisms;Eukaryota;Opisthokonta;Metazoa;Eumetazoa;Bilateria;Protostomia;Spiralia;Lophotrochozoa;Mollusca;Mollusca.U.genus,cellular root;domain;clade;kingdom;clade;clade;clade;clade;clade;phylum;original_name,131567;2759;33154;33208;6072;33213;33317;2697495;1206795;6447;6447
Archaeplastida.U.genus,NA,342,1480,cellular organisms;Eukaryota;Viridiplantae;Archaeplastida.U.genus,kingdom;genus,131567;2759;33090;NA
Oligohymenophorea.U.genus,6020,339,1781,cellular organisms;Eukaryota;Sar;Alveolata;Ciliophora;Intramacronucleata;Oligohymenophorea;Oligohymenophorea.U.genus,cellular root;domain;clade;clade;phylum;subphylum;class;original_name,131567;2759;2698737;33630;5878;431838;6020;6020
Agaricomycotina.U.genus,5302,328,2666,cellular organisms;Eukaryota;Opisthokonta;Fungi;Dikarya;Basidiomycota;Agaricomycotina;Agaricomycotina.U.genus,cellular root;domain;clade;kingdom;subkingdom;phylum;subphylum;original_name,131567;2759;33154;4751;451864;5204;5302;5302
Craniata_X.U.genus,89593 Craniata,326,2470,cellular organisms;Eukaryota;Opisthokonta;Metazoa;Eumetazoa;Bilateria;Deuterostomia;Chordata;Craniata;Craniata_X.U.genus,cellular root;domain;clade;kingdom;clade;clade;clade;phylum;subphylum Craniata;original_name,131567;2759;33154;33208;6072;33213;33511;7711;89593;89593 Craniata
Foraminifera.U.genus,29178,322,2196,cellular organisms;Eukaryota;Sar;Rhizaria;Retaria;Foraminifera;Foraminifera.U.genus,cellular root;domain;clade;clade;clade;phylum;original_name,131567;2759;2698737;543769;2662056;29178;29178
Vampyrellida.U.genus,1367446,315,1110,cellular organisms;Eukaryota;Sar;Rhizaria;Endomyxa;Vampyrellida;Vampyrellida.U.genus,cellular root;domain;clade;clade;phylum;order;original_name,131567;2759;2698737;543769;2604748;1367446;1367446
Thalassiosira,35127,309,6048,cellular organisms;Eukaryota;Sar;Stramenopiles;Ochrophyta;Bacillariophyta;Coscinodiscophyceae;Thalassiosirophycidae;Thalassiosirales;Thalassiosiraceae;Thalassiosira,cellular root;domain;clade;clade;clade;phylum;class;subclass;order;family;genus,131567;2759;2698737;33634;2696291;2836;33836;33846;33847;29202;35127
Pythium,4797,302,870,cellular organisms;Eukaryota;Sar;Stramenopiles;Oomycota;Pythiales;Pythiaceae;Pythium,cellular root;domain;clade;clade;phylum;order;family;genus,131567;2759;2698737;33634;4762;121069;4782;4797
Malassezia,55193,298,11722,cellular organisms;Eukaryota;Opisthokonta;Fungi;Dikarya;Basidiomycota;Ustilaginomycotina;Malasseziomycetes;Malasseziales;Malasseziaceae;Malassezia,cellular root;domain;clade;kingdom;subkingdom;phylum;subphylum;class;order;family;genus,131567;2759;33154;4751;451864;5204;452284;1538075;162474;742845;55193
Ostreococcus,70447,293,6432,cellular organisms;Eukaryota;Viridiplantae;Chlorophyta;Mamiellophyceae;Mamiellales;Bathycoccaceae;Ostreococcus,cellular root;domain;kingdom;phylum;class;order;family;genus,131567;2759;33090;3041;1035538;13792;1525212;70447
Ascomycota.U.genus,4890,288,3632,cellular organisms;Eukaryota;Opisthokonta;Fungi;Dikarya;Ascomycota;Ascomycota.U.genus,cellular root;domain;clade;kingdom;subkingdom;phylum;original_name,131567;2759;33154;4751;451864;4890;4890
Dino-Group-II-Clade-6_X,NA,286,4127,cellular organisms;Eukaryota;Sar;Alveolata;Dinophyceae;Dino-Group-II-Clade-6_X,class;genus,131567;2759;2698737;33630;2864;NA
Chromadorea_X.U.genus,119089,282,791,cellular organisms;Eukaryota;Opisthokonta;Metazoa;Eumetazoa;Bilateria;Protostomia;Ecdysozoa;Nematoda;Chromadorea;Chromadorea_X.U.genus,cellular root;domain;clade;kingdom;clade;clade;clade;clade;phylum;class;original_name,131567;2759;33154;33208;6072;33213;33317;1206794;6231;119089;119089
Bicoecea.U.genus,33651,280,1227,cellular organisms;Eukaryota;Sar;Stramenopiles;Bigyra;Opalozoa;Bicosoecida;Bicoecea.U.genus,cellular root;domain;clade;clade;class;clade;order;original_name,131567;2759;2698737;33634;2683628;2683629;33651;33651
Saccamoeba,136463,279,1566,cellular organisms;Eukaryota;Amoebozoa;Tubulinea;Elardia;Euamoebida;Hartmannellidae;Saccamoeba,cellular root;domain;clade;phylum;class;order;family;genus,131567;2759;554915;555369;2681632;180229;5776;136463
Radiolaria.U.genus,65574 Radiolaria,272,1717,cellular organisms;Eukaryota;Sar;Rhizaria;Retaria;Acantharea;Radiolaria.U.genus,cellular root;domain;clade;clade;clade;class Radiolaria;original_name,131567;2759;2698737;543769;2662056;65574;65574 Radiolaria
Rozellomycota_XXX,1031332,268,757,cellular organisms;Eukaryota;Opisthokonta;Fungi;Fungi incertae sedis;Cryptomycota;Rozellomycota_XXX,cellular root;domain;clade;kingdom;no rank;phylum;original_name,131567;2759;33154;4751;112252;1031332;1031332
Saccharomycotina.U.genus,147537,259,3098,cellular organisms;Eukaryota;Opisthokonta;Fungi;Dikarya;Ascomycota;saccharomyceta;Saccharomycotina;Saccharomycotina.U.genus,cellular root;domain;clade;kingdom;subkingdom;phylum;clade;subphylum;original_name,131567;2759;33154;4751;451864;4890;716545;147537;147537
Chlorellales_X.U.genus,35460,255,2704,cellular organisms;Eukaryota;Viridiplantae;Chlorophyta;core chlorophytes;Trebouxiophyceae;Chlorellales;Chlorellales_X.U.genus,cellular root;domain;kingdom;phylum;clade;class;order;original_name,131567;2759;33090;3041;2692248;75966;35460;35460
Dileptidae_X,1652550,253,2935,cellular organisms;Eukaryota;Sar;Alveolata;Ciliophora;Intramacronucleata;Litostomatea;Haptoria;Haptorida;Dileptidae;Dileptidae_X,cellular root;domain;clade;clade;phylum;subphylum;class;subclass;order;family;original_name,131567;2759;2698737;33630;5878;431838;5988;197905;5989;1652550;1652550
Anthozoa.U.genus,6101,248,2766,cellular organisms;Eukaryota;Opisthokonta;Metazoa;Eumetazoa;Cnidaria;Anthozoa;Anthozoa.U.genus,cellular root;domain;clade;kingdom;clade;phylum;class;original_name,131567;2759;33154;33208;6072;6073;6101;6101
Apis,7459,236,762,cellular organisms;Eukaryota;Opisthokonta;Metazoa;Eumetazoa;Bilateria;Protostomia;Ecdysozoa;Panarthropoda;Arthropoda;Mandibulata;Pancrustacea;Hexapoda;Insecta;Dicondylia;Pterygota;Neoptera;Endopterygota;Hymenoptera;Apocrita;Aculeata;Apoidea;Anthophila;Apidae;Apinae;Apini;Apis,cellular root;domain;clade;kingdom;clade;clade;clade;clade;clade;phylum;clade;clade;subphylum;class;clade;subclass;infraclass;cohort;order;suborder;infraorder;superfamily;clade;family;subfamily;tribe;genus,131567;2759;33154;33208;6072;33213;33317;1206794;88770;6656;197563;197562;6960;50557;85512;7496;33340;33392;7399;7400;7434;34735;3042114;7458;70987;83321;7459
Rhizophagus,1129544,236,4813,cellular organisms;Eukaryota;Opisthokonta;Fungi;Fungi incertae sedis;Mucoromycota;Glomeromycotina;Glomeromycetes;Glomerales;Glomeraceae;Rhizophagus,cellular root;domain;clade;kingdom;no rank;phylum;subphylum;class;order;family;genus,131567;2759;33154;4751;112252;1913637;214504;214506;36750;36751;1129544
Leotiomycetes.U.genus,147548,230,1747,cellular organisms;Eukaryota;Opisthokonta;Fungi;Dikarya;Ascomycota;saccharomyceta;Pezizomycotina;leotiomyceta;sordariomyceta;Leotiomycetes;Leotiomycetes.U.genus,cellular root;domain;clade;kingdom;subkingdom;phylum;clade;subphylum;clade;clade;class;original_name,131567;2759;33154;4751;451864;4890;716545;147538;716546;715989;147548;147548
Heterodera,34509,228,2028,cellular organisms;Eukaryota;Opisthokonta;Metazoa;Eumetazoa;Bilateria;Protostomia;Ecdysozoa;Nematoda;Chromadorea;Rhabditida;Tylenchina;Tylenchomorpha;Tylenchoidea;Heteroderidae;Heteroderinae;Heterodera,cellular root;domain;clade;kingdom;clade;clade;clade;clade;phylum;class;order;suborder;infraorder;superfamily;family;subfamily;genus,131567;2759;33154;33208;6072;33213;33317;1206794;6231;119089;6236;6300;33283;33284;6301;33286;34509
Lecanicillium,291363,225,1334,cellular organisms;Eukaryota;Opisthokonta;Fungi;Dikarya;Ascomycota;saccharomyceta;Pezizomycotina;leotiomyceta;sordariomyceta;Sordariomycetes;Hypocreomycetidae;Hypocreales;Cordycipitaceae;Lecanicillium,cellular root;domain;clade;kingdom;subkingdom;phylum;clade;subphylum;clade;clade;class;subclass;order;family;genus,131567;2759;33154;4751;451864;4890;716545;147538;716546;715989;147550;222543;5125;474943;291363
Neobodonida.U.genus,2704648,221,929,cellular organisms;Eukaryota;Discoba;Euglenozoa;Kinetoplastea;Metakinetoplastina;Neobodonida;Neobodonida.U.genus,cellular root;domain;clade;phylum;class;subclass;order;original_name,131567;2759;2611352;33682;5653;2704647;2704648;2704648
Perkinsida_XXX,27998,221,1396,cellular organisms;Eukaryota;Sar;Alveolata;Perkinsozoa;Perkinsea;Perkinsida;Perkinsida_XXX,cellular root;domain;clade;clade;phylum;clade;order;original_name,131567;2759;2698737;33630;2497438;27997;27998;27998
Opalozoa.U.genus,2683629,218,1086,cellular organisms;Eukaryota;Sar;Stramenopiles;Bigyra;Opalozoa;Opalozoa.U.genus,cellular root;domain;clade;clade;class;clade;original_name,131567;2759;2698737;33634;2683628;2683629;2683629
Drosophila,2081351,217,1383,cellular organisms;Eukaryota;Opisthokonta;Fungi;Dikarya;Basidiomycota;Agaricomycotina;Agaricomycetes;Agaricomycetidae;Agaricales;Agaricineae;Psathyrellaceae;Drosophila,cellular root;domain;clade;kingdom;subkingdom;phylum;subphylum;class;subclass;order;suborder;family;genus,131567;2759;33154;4751;451864;5204;5302;155619;452333;5338;2982305;184208;2081351
Neovahlkampfia,166955,211,780,cellular organisms;Eukaryota;Discoba;Heterolobosea;Tetramitia;Neovahlkampfiidae;Neovahlkampfia,cellular root;domain;clade;phylum;clade;family;genus,131567;2759;2611352;5752;2601529;2602010;166955
Nassellaria.U.genus,278980,209,918,cellular organisms;Eukaryota;Sar;Rhizaria;Retaria;Polycystinea;Nassellaria;Nassellaria.U.genus,cellular root;domain;clade;clade;clade;class;order;original_name,131567;2759;2698737;543769;2662056;65582;278980;278980
Acantharea_3a_X,65574,208,1225,cellular organisms;Eukaryota;Sar;Rhizaria;Retaria;Acantharea;Acantharea_3a_X,cellular root;domain;clade;clade;clade;class;original_name,131567;2759;2698737;543769;2662056;65574;65574
Tetramitia_I.U.genus,2601529,200,796,cellular organisms;Eukaryota;Discoba;Heterolobosea;Tetramitia;Tetramitia_I.U.genus,cellular root;domain;clade;phylum;clade;original_name,131567;2759;2611352;5752;2601529;2601529
Dino-Group-I.U.genus,NA,197,907,cellular organisms;Eukaryota;Sar;Alveolata;Dinophyceae;Dino-Group-I.U.genus,class;genus,131567;2759;2698737;33630;2864;NA
Flamellidae.U.genus,2605335,197,567,cellular organisms;Eukaryota;Amoebozoa;Evosea;Variosea;Flamellidae;Flamellidae.U.genus,cellular root;domain;clade;phylum;class;family;original_name,131567;2759;554915;2605435;2605334;2605335;2605335
Dino-Group-I-Clade-5_X,NA,196,1050,cellular organisms;Eukaryota;Sar;Alveolata;Dinophyceae;Dino-Group-I-Clade-5_X,class;genus,131567;2759;2698737;33630;2864;NA
Eupetalomonads_XX,NA,192,534,cellular organisms;Eukaryota;Discoba;Euglenozoa;Eupetalomonads_XX,phylum;genus,131567;2759;2611352;33682;NA
Chlamydomonadales_X.U.genus,3042,191,1360,cellular organisms;Eukaryota;Viridiplantae;Chlorophyta;core chlorophytes;Chlorophyceae;CS clade;Chlamydomonadales;Chlamydomonadales_X.U.genus,cellular root;domain;kingdom;phylum;clade;class;clade;order;original_name,131567;2759;33090;3041;2692248;3166;2812636;3042;3042
Fungi_XXXX,4751,190,809,cellular organisms;Eukaryota;Opisthokonta;Fungi;Fungi_XXXX,cellular root;domain;clade;kingdom;original_name,131567;2759;33154;4751;4751
Saccharomycetales.U.genus,4892,190,1145,cellular organisms;Eukaryota;Opisthokonta;Fungi;Dikarya;Ascomycota;saccharomyceta;Saccharomycotina;Saccharomycetes;Saccharomycetales;Saccharomycetales.U.genus,cellular root;domain;clade;kingdom;subkingdom;phylum;clade;subphylum;class;order;original_name,131567;2759;33154;4751;451864;4890;716545;147537;4891;4892;4892
Schistosoma,6181,190,955,cellular organisms;Eukaryota;Opisthokonta;Metazoa;Eumetazoa;Bilateria;Protostomia;Spiralia;Lophotrochozoa;Platyhelminthes;Trematoda;Digenea;Strigeidida;Schistosomatoidea;Schistosomatidae;Schistosoma,cellular root;domain;clade;kingdom;clade;clade;clade;clade;clade;phylum;class;subclass;order;superfamily;family;genus,131567;2759;33154;33208;6072;33213;33317;2697495;1206795;6157;6178;6179;6180;31244;31245;6181
Phyllopharyngea.U.genus,37471,186,686,cellular organisms;Eukaryota;Sar;Alveolata;Ciliophora;Intramacronucleata;Phyllopharyngea;Phyllopharyngea.U.genus,cellular root;domain;clade;clade;phylum;subphylum;class;original_name,131567;2759;2698737;33630;5878;431838;37471;37471
Dino-Group-I-Clade-4_X,NA,182,1189,cellular organisms;Eukaryota;Sar;Alveolata;Dinophyceae;Dino-Group-I-Clade-4_X,class;genus,131567;2759;2698737;33630;2864;NA
WIM80-lineage_X,NA,173,656,Evosea;WIM80-lineage_X,division;family,NA;NA
Phaeosphaeria,55067,172,1177,cellular organisms;Eukaryota;Opisthokonta;Fungi;Dikarya;Ascomycota;saccharomyceta;Pezizomycotina;leotiomyceta;dothideomyceta;Dothideomycetes;Pleosporomycetidae;Pleosporales;Pleosporineae;Phaeosphaeriaceae;Phaeosphaeria,cellular root;domain;clade;kingdom;subkingdom;phylum;clade;subphylum;clade;clade;class;subclass;order;suborder;family;genus,131567;2759;33154;4751;451864;4890;716545;147538;716546;715962;147541;451868;92860;715340;5020;55067
Rehmannia,99299,160,265,cellular organisms;Eukaryota;Viridiplantae;Streptophyta;Streptophytina;Embryophyta;Tracheophyta;Euphyllophyta;Spermatophyta;Magnoliopsida;Mesangiospermae;eudicotyledons;Gunneridae;Pentapetalae;asterids;lamiids;Lamiales;Orobanchaceae;Orobanchaceae incertae sedis;Rehmannia,cellular root;domain;kingdom;phylum;subphylum;clade;clade;clade;clade;class;clade;clade;clade;clade;clade;clade;order;family;no rank;genus,131567;2759;33090;35493;131221;3193;58023;78536;58024;3398;1437183;71240;91827;1437201;71274;91888;4143;91896;216775;99299
Rhizophydiales_XX,451442,157,593,cellular organisms;Eukaryota;Opisthokonta;Fungi;Fungi incertae sedis;Chytridiomycota;Chytridiomycota incertae sedis;Chytridiomycetes;Rhizophydiales;Rhizophydiales_XX,cellular root;domain;clade;kingdom;no rank;phylum;no rank;class;order;original_name,131567;2759;33154;4751;112252;4761;2683659;451435;451442;451442
Maxillopoda.U.genus,NA,155,2107,cellular organisms;Eukaryota;Opisthokonta;Metazoa;Eumetazoa;Bilateria;Protostomia;Ecdysozoa;Panarthropoda;Arthropoda;Mandibulata;Pancrustacea;Crustacea;Maxillopoda.U.genus,subphylum;genus,131567;2759;33154;33208;6072;33213;33317;1206794;88770;6656;197563;197562;6657;NA
Turbellaria.U.genus,166384,153,634,cellular organisms;Eukaryota;Opisthokonta;Metazoa;Eumetazoa;Bilateria;Protostomia;Spiralia;Lophotrochozoa;Platyhelminthes;Turbellaria;Turbellaria.U.genus,cellular root;domain;clade;kingdom;clade;clade;clade;clade;clade;phylum;class;original_name,131567;2759;33154;33208;6072;33213;33317;2697495;1206795;6157;166384;166384
Bullinularia,318543,151,397,cellular organisms;Eukaryota;Amoebozoa;Tubulinea;Elardia;Arcellinida;Difflugina;Plagiopyxidae;Bullinularia,cellular root;domain;clade;phylum;class;order;suborder;family;genus,131567;2759;554915;555369;2681632;318493;2681634;318542;318543
Centroplasthelida_X.U.genus,193537,151,475,cellular organisms;Eukaryota;Haptista;Centroplasthelida;Centroplasthelida_X.U.genus,cellular root;domain;clade;class;original_name,131567;2759;2608109;193537;193537
Salpingoecidae_Group_C1_X,81529,148,357,cellular organisms;Eukaryota;Opisthokonta;Choanoflagellata;Craspedida;Salpingoecidae;Salpingoecidae_Group_C1_X,cellular root;domain;clade;class;order;family;original_name,131567;2759;33154;28009;1924738;81529;81529
Scytomonadidae.U.genus,2570650,148,357,cellular organisms;Eukaryota;Discoba;Euglenozoa;Euglenida;Petalomonadida;Scytomonadidae;Scytomonadidae.U.genus,cellular root;domain;clade;phylum;class;order;family;original_name,131567;2759;2611352;33682;3035;2570648;2570650;2570650
Nolandellidae_X,NA,142,405,cellular organisms;Eukaryota;Sar;Alveolata;Dinophyceae;Nolandellidae_X,class;genus,131567;2759;2698737;33630;2864;NA
Arthropoda.U.genus,6656,138,741,cellular organisms;Eukaryota;Opisthokonta;Metazoa;Eumetazoa;Bilateria;Protostomia;Ecdysozoa;Panarthropoda;Arthropoda;Arthropoda.U.genus,cellular root;domain;clade;kingdom;clade;clade;clade;clade;clade;phylum;original_name,131567;2759;33154;33208;6072;33213;33317;1206794;88770;6656;6656
Rhogostoma-lineage_X,981201,134,853,cellular organisms;Eukaryota;Sar;Rhizaria;Cercozoa;Thecofilosea;Cryomonadida;Rhogostomidae;Rhogostoma;Rhogostoma-lineage_X,cellular root;domain;clade;clade;phylum;class;order;family;genus;original_name,131567;2759;2698737;543769;136419;1004930;589444;2004844;981201;981201
Copromyxa,931553,133,379,cellular organisms;Eukaryota;Amoebozoa;Tubulinea;Elardia;Euamoebida;Tubulinida;Tubulinida incertae sedis;Copromyxa,cellular root;domain;clade;phylum;class;order;clade;no rank;genus,131567;2759;554915;555369;2681632;180229;555370;2927230;931553
Vorticella,60849,132,1571,cellular organisms;Eukaryota;Sar;Alveolata;Ciliophora;Intramacronucleata;Oligohymenophorea;Peritrichia;Sessilida;Vorticellidae;Vorticella,cellular root;domain;clade;clade;phylum;subphylum;class;subclass;order;family;genus,131567;2759;2698737;33630;5878;431838;6020;6021;1974272;85904;60849
Monocystis,110315,131,467,cellular organisms;Eukaryota;Sar;Alveolata;Apicomplexa;Conoidasida;Gregarinasina;Eugregarinorida;Monocystidae;Monocystis,cellular root;domain;clade;clade;phylum;class;subclass;order;family;genus,131567;2759;2698737;33630;5794;1280412;35086;35087;110314;110315
Mammalia.U.genus,40674,122,564,cellular organisms;Eukaryota;Opisthokonta;Metazoa;Eumetazoa;Bilateria;Deuterostomia;Chordata;Craniata;Vertebrata;Gnathostomata;Teleostomi;Euteleostomi;Sarcopterygii;Dipnotetrapodomorpha;Tetrapoda;Amniota;Mammalia;Mammalia.U.genus,cellular root;domain;clade;kingdom;clade;clade;clade;phylum;subphylum;clade;clade;clade;clade;superclass;clade;clade;clade;class;original_name,131567;2759;33154;33208;6072;33213;33511;7711;89593;7742;7776;117570;117571;8287;1338369;32523;32524;40674;40674
Tubulinea_X.U.genus,555369,121,492,cellular organisms;Eukaryota;Amoebozoa;Tubulinea;Tubulinea_X.U.genus,cellular root;domain;clade;phylum;original_name,131567;2759;554915;555369;555369
Dino-Group-I-Clade-1_X,NA,116,2072,cellular organisms;Eukaryota;Sar;Alveolata;Dinophyceae;Dino-Group-I-Clade-1_X,class;genus,131567;2759;2698737;33630;2864;NA
Lecanoromycetes.U.genus,147547,116,343,cellular organisms;Eukaryota;Opisthokonta;Fungi;Dikarya;Ascomycota;saccharomyceta;Pezizomycotina;leotiomyceta;Lecanoromycetes;Lecanoromycetes.U.genus,cellular root;domain;clade;kingdom;subkingdom;phylum;clade;subphylum;clade;class;original_name,131567;2759;33154;4751;451864;4890;716545;147538;716546;147547;147547
Rotifera_XX.U.genus,10190,113,1652,cellular organisms;Eukaryota;Opisthokonta;Metazoa;Eumetazoa;Bilateria;Protostomia;Spiralia;Gnathifera;Rotifera;Rotifera_XX.U.genus,cellular root;domain;clade;kingdom;clade;clade;clade;clade;clade;phylum;original_name,131567;2759;33154;33208;6072;33213;33317;2697495;2697496;10190;10190
Sawyeria,194529,108,544,cellular organisms;Eukaryota;Discoba;Heterolobosea;Tetramitia;Eutetramitia;Psalteriomonadidae;Sawyeria,cellular root;domain;clade;phylum;clade;clade;family;genus,131567;2759;2611352;5752;2601529;2601530;1129782;194529
Acanthamoeba,5754,104,748,cellular organisms;Eukaryota;Amoebozoa;Discosea;Longamoebia;Centramoebida;Acanthamoebidae;Acanthamoeba,cellular root;domain;clade;phylum;order;clade;family;genus,131567;2759;554915;555280;1485168;555407;33677;5754
Chromadorea_XX,119089,104,526,cellular organisms;Eukaryota;Opisthokonta;Metazoa;Eumetazoa;Bilateria;Protostomia;Ecdysozoa;Nematoda;Chromadorea;Chromadorea_XX,cellular root;domain;clade;kingdom;clade;clade;clade;clade;phylum;class;original_name,131567;2759;33154;33208;6072;33213;33317;1206794;6231;119089;119089
Theileria1,5873,101,1221,cellular organisms;Eukaryota;Sar;Alveolata;Apicomplexa;Aconoidasida;Piroplasmida;Theileriidae;Theileria;Theileria1,cellular root;domain;clade;clade;phylum;class;order;family;genus;original_name,131567;2759;2698737;33630;5794;422676;5863;27994;5873;5873
Branchiopoda.U.genus,6658,100,673,cellular organisms;Eukaryota;Opisthokonta;Metazoa;Eumetazoa;Bilateria;Protostomia;Ecdysozoa;Panarthropoda;Arthropoda;Mandibulata;Pancrustacea;Crustacea;Branchiopoda;Branchiopoda.U.genus,cellular root;domain;clade;kingdom;clade;clade;clade;clade;clade;phylum;clade;clade;subphylum;class;original_name,131567;2759;33154;33208;6072;33213;33317;1206794;88770;6656;197563;197562;6657;6658;6658
Penicillium,5073,100,2067,cellular organisms;Eukaryota;Opisthokonta;Fungi;Dikarya;Ascomycota;saccharomyceta;Pezizomycotina;leotiomyceta;Eurotiomycetes;Eurotiomycetidae;Eurotiales;Aspergillaceae;Penicillium,cellular root;domain;clade;kingdom;subkingdom;phylum;clade;subphylum;clade;class;subclass;order;family;genus,131567;2759;33154;4751;451864;4890;716545;147538;716546;147545;451871;5042;1131492;5073
Chaetonotus,68038,98,611,cellular organisms;Eukaryota;Opisthokonta;Metazoa;Eumetazoa;Bilateria;Protostomia;Spiralia;Lophotrochozoa;Gastrotricha;Chaetonotida;Paucitubulatina;Chaetonotidae;Chaetonotus,cellular root;domain;clade;kingdom;clade;clade;clade;clade;clade;phylum;order;suborder;family;genus,131567;2759;33154;33208;6072;33213;33317;2697495;1206795;33313;41320;41321;41372;68038
Dino-Group-II-Clade-3_X,NA,92,284,cellular organisms;Eukaryota;Sar;Alveolata;Dinophyceae;Dino-Group-II-Clade-3_X,class;genus,131567;2759;2698737;33630;2864;NA
Bellemerea,170001,90,667,cellular organisms;Eukaryota;Opisthokonta;Fungi;Dikarya;Ascomycota;saccharomyceta;Pezizomycotina;leotiomyceta;Lecanoromycetes;OSLEUM clade;Lecanoromycetidae;Lecideales;Lecideaceae;Bellemerea,cellular root;domain;clade;kingdom;subkingdom;phylum;clade;subphylum;clade;class;clade;subclass;order;family;genus,131567;2759;33154;4751;451864;4890;716545;147538;716546;147547;1520881;388435;1500419;40595;170001
Kinetoplastea_XXX,5653,90,230,cellular organisms;Eukaryota;Discoba;Euglenozoa;Kinetoplastea;Kinetoplastea_XXX,cellular root;domain;clade;phylum;class;original_name,131567;2759;2611352;33682;5653;5653
Thaumatomonadida.U.genus,188944,88,597,cellular organisms;Eukaryota;Sar;Rhizaria;Cercozoa;Imbricatea;Silicofilosea;Thaumatomonadida;Thaumatomonadida.U.genus,cellular root;domain;clade;clade;phylum;class;clade;order;original_name,131567;2759;2698737;543769;136419;1736114;556185;188944;188944
Euamoebida.U.genus,180229,86,246,cellular organisms;Eukaryota;Amoebozoa;Tubulinea;Elardia;Euamoebida;Euamoebida.U.genus,cellular root;domain;clade;phylum;class;order;original_name,131567;2759;554915;555369;2681632;180229;180229
Glycine,3846,85,1830,cellular organisms;Eukaryota;Viridiplantae;Streptophyta;Streptophytina;Embryophyta;Tracheophyta;Euphyllophyta;Spermatophyta;Magnoliopsida;Mesangiospermae;eudicotyledons;Gunneridae;Pentapetalae;rosids;fabids;Fabales;Fabaceae;Papilionoideae;50 kb inversion clade;NPAAA clade;indigoferoid/millettioid clade;Phaseoleae;Glycine,cellular root;domain;kingdom;phylum;subphylum;clade;clade;clade;clade;class;clade;clade;clade;clade;clade;clade;order;family;subfamily;clade;clade;clade;tribe;genus,131567;2759;33090;35493;131221;3193;58023;78536;58024;3398;1437183;71240;91827;1437201;71275;91835;72025;3803;3814;2231393;2231382;2233855;163735;3846
Trypanosoma,5690,85,824,cellular organisms;Eukaryota;Discoba;Euglenozoa;Kinetoplastea;Metakinetoplastina;Trypanosomatida;Trypanosomatidae;Trypanosoma,cellular root;domain;clade;phylum;class;subclass;order;family;genus,131567;2759;2611352;33682;5653;2704647;2704949;5654;5690
Allogromiina,NA,83,222,cellular organisms;Eukaryota;Sar;Rhizaria;Retaria;Foraminifera;Allogromiina,phylum;genus,131567;2759;2698737;543769;2662056;29178;NA
Suctoria_XX,39462,83,403,cellular organisms;Eukaryota;Sar;Alveolata;Ciliophora;Intramacronucleata;Phyllopharyngea;Suctoria;Suctoria_XX,cellular root;domain;clade;clade;phylum;subphylum;class;subclass;original_name,131567;2759;2698737;33630;5878;431838;37471;39462;39462
Endostelium,668361,82,179,cellular organisms;Eukaryota;Amoebozoa;Discosea;Flabellinia;Endostelium,cellular root;domain;clade;phylum;class;genus,131567;2759;554915;555280;1485085;668361
Dino-Group-II-Clade-1_X,NA,80,328,cellular organisms;Eukaryota;Sar;Alveolata;Dinophyceae;Dino-Group-II-Clade-1_X,class;genus,131567;2759;2698737;33630;2864;NA
Cyclotrichium,751773,79,227,cellular organisms;Eukaryota;Viridiplantae;Streptophyta;Streptophytina;Embryophyta;Tracheophyta;Euphyllophyta;Spermatophyta;Magnoliopsida;Mesangiospermae;eudicotyledons;Gunneridae;Pentapetalae;asterids;lamiids;Lamiales;Lamiaceae;Nepetoideae;Mentheae;Cyclotrichium,cellular root;domain;kingdom;phylum;subphylum;clade;clade;clade;clade;class;clade;clade;clade;clade;clade;clade;order;family;subfamily;tribe;genus,131567;2759;33090;35493;131221;3193;58023;78536;58024;3398;1437183;71240;91827;1437201;71274;91888;4143;4136;216706;216718;751773
Schizoplasmodiidae.U.genus,2681886,78,222,cellular organisms;Eukaryota;Amoebozoa;Evosea;Variosea;Fractovitellida;Schizoplasmodiidae;Schizoplasmodiidae.U.genus,cellular root;domain;clade;phylum;class;order;family;original_name,131567;2759;554915;2605435;2605334;2605345;2681886;2681886
Ectocarpus,2879,77,666,cellular organisms;Eukaryota;Sar;Stramenopiles;Ochrophyta;PX clade;Phaeophyceae;Ectocarpales;Ectocarpaceae;Ectocarpus,cellular root;domain;clade;clade;clade;clade;class;order;family;genus,131567;2759;2698737;33634;2696291;569578;2870;2877;2878;2879
Sarcocystis10,5812,76,608,cellular organisms;Eukaryota;Sar;Alveolata;Apicomplexa;Conoidasida;Coccidia;Eucoccidiorida;Eimeriorina;Sarcocystidae;Sarcocystis;Sarcocystis10,cellular root;domain;clade;clade;phylum;class;subclass;order;suborder;family;genus;original_name,131567;2759;2698737;33630;5794;1280412;5796;75739;423054;5809;5812;5812
AND16-lineage_X,NA,75,194,Evosea;AND16-lineage_X,division;family,NA;NA
Arcellinida.U.genus,318493,75,271,cellular organisms;Eukaryota;Amoebozoa;Tubulinea;Elardia;Arcellinida;Arcellinida.U.genus,cellular root;domain;clade;phylum;class;order;original_name,131567;2759;554915;555369;2681632;318493;318493
Leidyana2,196592,73,258,cellular organisms;Eukaryota;Sar;Alveolata;Apicomplexa;Conoidasida;Gregarinasina;Eugregarinorida;Leidyanidae;Leidyana;Leidyana2,cellular root;domain;clade;clade;phylum;class;subclass;order;family;genus;original_name,131567;2759;2698737;33630;5794;1280412;35086;35087;196591;196592;196592
Blastocystis,12967,72,618,cellular organisms;Eukaryota;Sar;Stramenopiles;Bigyra;Opalozoa;Opalinata;Blastocystidae;Blastocystis,cellular root;domain;clade;clade;class;clade;order;family;genus,131567;2759;2698737;33634;2683628;2683629;42740;2547934;12967
Mammalia_X,40674,72,159,cellular organisms;Eukaryota;Opisthokonta;Metazoa;Eumetazoa;Bilateria;Deuterostomia;Chordata;Craniata;Vertebrata;Gnathostomata;Teleostomi;Euteleostomi;Sarcopterygii;Dipnotetrapodomorpha;Tetrapoda;Amniota;Mammalia;Mammalia_X,cellular root;domain;clade;kingdom;clade;clade;clade;phylum;subphylum;clade;clade;clade;clade;superclass;clade;clade;clade;class;original_name,131567;2759;33154;33208;6072;33213;33511;7711;89593;7742;7776;117570;117571;8287;1338369;32523;32524;40674;40674
Russula,5402,71,776,cellular organisms;Eukaryota;Opisthokonta;Fungi;Dikarya;Basidiomycota;Agaricomycotina;Agaricomycetes;Agaricomycetes incertae sedis;Russulales;Russulaceae;Russula,cellular root;domain;clade;kingdom;subkingdom;phylum;subphylum;class;no rank;order;family;genus,131567;2759;33154;4751;451864;5204;5302;155619;355688;452342;5401;5402
Pristionchus,54125,70,366,cellular organisms;Eukaryota;Opisthokonta;Metazoa;Eumetazoa;Bilateria;Protostomia;Ecdysozoa;Nematoda;Chromadorea;Rhabditida;Rhabditina;Diplogasteromorpha;Diplogasteroidea;Neodiplogasteridae;Pristionchus,cellular root;domain;clade;kingdom;clade;clade;clade;clade;phylum;class;order;suborder;infraorder;superfamily;family;genus,131567;2759;33154;33208;6072;33213;33317;1206794;6231;119089;6236;2301116;50827;2301094;54124;54125
Neocercomonas,268487,69,116,cellular organisms;Eukaryota;Sar;Rhizaria;Cercozoa;Cercomonadida;Cercomonadidae;Neocercomonas,cellular root;domain;clade;clade;phylum;order;family;genus,131567;2759;2698737;543769;136419;188941;45108;268487
Ustanciosporium,307709,69,166,cellular organisms;Eukaryota;Opisthokonta;Fungi;Dikarya;Basidiomycota;Ustilaginomycotina;Ustilaginomycetes;Ustilaginales;Cintractiaceae;Ustanciosporium,cellular root;domain;clade;kingdom;subkingdom;phylum;subphylum;class;order;family;genus,131567;2759;33154;4751;451864;5204;452284;5257;5267;307708;307709
Eimeria1,5800,68,535,cellular organisms;Eukaryota;Sar;Alveolata;Apicomplexa;Conoidasida;Coccidia;Eucoccidiorida;Eimeriorina;Eimeriidae;Eimeria;Eimeria1,cellular root;domain;clade;clade;phylum;class;subclass;order;suborder;family;genus;original_name,131567;2759;2698737;33630;5794;1280412;5796;75739;423054;5799;5800;5800
Phytophthora,4783,67,1107,cellular organisms;Eukaryota;Sar;Stramenopiles;Oomycota;Peronosporales;Peronosporaceae;Phytophthora,cellular root;domain;clade;clade;phylum;order;family;genus,131567;2759;2698737;33634;4762;4776;4777;4783
Rhizopus,4842,67,969,cellular organisms;Eukaryota;Opisthokonta;Fungi;Fungi incertae sedis;Mucoromycota;Mucoromycotina;Mucoromycetes;Mucorales;Mucorineae;Rhizopodaceae;Rhizopus,cellular root;domain;clade;kingdom;no rank;phylum;subphylum;class;order;suborder;family;genus,131567;2759;33154;4751;112252;1913637;451507;2212703;4827;1344963;1344955;4842
Scytomonas,1732441,66,151,cellular organisms;Eukaryota;Discoba;Euglenozoa;Euglenida;Petalomonadida;Scytomonadidae;Scytomonas,cellular root;domain;clade;phylum;class;order;family;genus,131567;2759;2611352;33682;3035;2570648;2570650;1732441
Arachnida.U.genus,6854,65,128,cellular organisms;Eukaryota;Opisthokonta;Metazoa;Eumetazoa;Bilateria;Protostomia;Ecdysozoa;Panarthropoda;Arthropoda;Chelicerata;Arachnida;Arachnida.U.genus,cellular root;domain;clade;kingdom;clade;clade;clade;clade;clade;phylum;subphylum;class;original_name,131567;2759;33154;33208;6072;33213;33317;1206794;88770;6656;6843;6854;6854
Danio,7954,65,111,cellular organisms;Eukaryota;Opisthokonta;Metazoa;Eumetazoa;Bilateria;Deuterostomia;Chordata;Craniata;Vertebrata;Gnathostomata;Teleostomi;Euteleostomi;Actinopterygii;Actinopteri;Neopterygii;Teleostei;Osteoglossocephalai;Clupeocephala;Otomorpha;Ostariophysi;Otophysi;Cypriniphysae;Cypriniformes;Cyprinoidei;Danionidae;Danioninae;Danio,cellular root;domain;clade;kingdom;clade;clade;clade;phylum;subphylum;clade;clade;clade;clade;superclass;class;subclass;infraclass;clade;no rank;cohort;subcohort;clade;superorder;order;suborder;family;subfamily;genus,131567;2759;33154;33208;6072;33213;33511;7711;89593;7742;7776;117570;117571;7898;186623;41665;32443;1489341;186625;186634;32519;186626;186627;7952;30727;2743709;2743711;7954
Paramecium,5884,65,547,cellular organisms;Eukaryota;Sar;Alveolata;Ciliophora;Intramacronucleata;Oligohymenophorea;Peniculida;Parameciidae;Paramecium,cellular root;domain;clade;clade;phylum;subphylum;class;order;family;genus,131567;2759;2698737;33630;5878;431838;6020;33825;340080;5884
Isaria,72232,64,489,cellular organisms;Eukaryota;Opisthokonta;Fungi;Dikarya;Ascomycota;saccharomyceta;Pezizomycotina;leotiomyceta;sordariomyceta;Sordariomycetes;Hypocreomycetidae;Hypocreales;Cordycipitaceae;Isaria,cellular root;domain;clade;kingdom;subkingdom;phylum;clade;subphylum;clade;clade;class;subclass;order;family;genus,131567;2759;33154;4751;451864;4890;716545;147538;716546;715989;147550;222543;5125;474943;72232
Maxillopoda_X,NA,63,352,cellular organisms;Eukaryota;Opisthokonta;Metazoa;Eumetazoa;Bilateria;Protostomia;Ecdysozoa;Panarthropoda;Arthropoda;Mandibulata;Pancrustacea;Crustacea;Maxillopoda_X,subphylum;genus,131567;2759;33154;33208;6072;33213;33317;1206794;88770;6656;197563;197562;6657;NA
Culex,53527,62,345,cellular organisms;Eukaryota;Opisthokonta;Metazoa;Eumetazoa;Bilateria;Protostomia;Ecdysozoa;Panarthropoda;Arthropoda;Mandibulata;Pancrustacea;Hexapoda;Insecta;Dicondylia;Pterygota;Neoptera;Endopterygota;Diptera;Nematocera;Culicomorpha;Culicoidea;Culicidae;Culicinae;Culicini;Culex;Culex,cellular root;domain;clade;kingdom;clade;clade;clade;clade;clade;phylum;clade;clade;subphylum;class;clade;subclass;infraclass;cohort;order;suborder;infraorder;superfamily;family;subfamily;tribe;genus;subgenus,131567;2759;33154;33208;6072;33213;33317;1206794;88770;6656;197563;197562;6960;50557;85512;7496;33340;33392;7147;7148;43786;41827;7157;43817;53550;7174;53527
Flamella,490353,62,262,cellular organisms;Eukaryota;Amoebozoa;Evosea;Variosea;Flamellidae;Flamella,cellular root;domain;clade;phylum;class;family;genus,131567;2759;554915;2605435;2605334;2605335;490353
Labyrinthula,35133,62,238,cellular organisms;Eukaryota;Sar;Stramenopiles;Bigyra;Labyrinthulomycetes;Labyrinthulida;Labyrinthulaceae;Labyrinthula,cellular root;domain;clade;clade;class;subclass;order;family;genus,131567;2759;2698737;33634;2683628;35131;2699527;35132;35133
Coccidiomorphea.U.genus,NA,61,404,cellular organisms;Eukaryota;Sar;Alveolata;Apicomplexa;Coccidiomorphea.U.genus,phylum;genus,131567;2759;2698737;33630;5794;NA
Smittium,4888,60,247,cellular organisms;Eukaryota;Opisthokonta;Fungi;Fungi incertae sedis;Zoopagomycota;Kickxellomycotina;Harpellomycetes;Harpellales;Legeriomycetaceae;Smittium,cellular root;domain;clade;kingdom;no rank;phylum;subphylum;class;order;family;genus,131567;2759;33154;4751;112252;1913638;451828;2219693;61421;4883;4888
Archamoebea.U.genus,NA,58,216,cellular organisms;Eukaryota;Amoebozoa;Evosea;Archamoebea.U.genus,phylum;genus,131567;2759;554915;2605435;NA
Rattus,10114,58,114,cellular organisms;Eukaryota;Opisthokonta;Metazoa;Eumetazoa;Bilateria;Deuterostomia;Chordata;Craniata;Vertebrata;Gnathostomata;Teleostomi;Euteleostomi;Sarcopterygii;Dipnotetrapodomorpha;Tetrapoda;Amniota;Mammalia;Theria;Eutheria;Boreoeutheria;Euarchontoglires;Glires;Rodentia;Myomorpha;Muroidea;Muridae;Murinae;Rattus,cellular root;domain;clade;kingdom;clade;clade;clade;phylum;subphylum;clade;clade;clade;clade;superclass;clade;clade;clade;class;clade;clade;clade;superorder;clade;order;suborder;clade;family;subfamily;genus,131567;2759;33154;33208;6072;33213;33511;7711;89593;7742;7776;117570;117571;8287;1338369;32523;32524;40674;32525;9347;1437010;314146;314147;9989;1963758;337687;10066;39107;10114
Tetramitia_I_XX,2601529,58,319,cellular organisms;Eukaryota;Discoba;Heterolobosea;Tetramitia;Tetramitia_I_XX,cellular root;domain;clade;phylum;clade;original_name,131567;2759;2611352;5752;2601529;2601529
Bicoecaceae_X,238883,57,469,cellular organisms;Eukaryota;Sar;Stramenopiles;Bigyra;Opalozoa;Bicosoecida;Bicosoecidae;Bicoecaceae_X,cellular root;domain;clade;clade;class;clade;order;family;original_name,131567;2759;2698737;33634;2683628;2683629;33651;238883;238883
Caenorhabditis,6237,57,495,cellular organisms;Eukaryota;Opisthokonta;Metazoa;Eumetazoa;Bilateria;Protostomia;Ecdysozoa;Nematoda;Chromadorea;Rhabditida;Rhabditina;Rhabditomorpha;Rhabditoidea;Rhabditidae;Peloderinae;Caenorhabditis,cellular root;domain;clade;kingdom;clade;clade;clade;clade;phylum;class;order;suborder;infraorder;superfamily;family;subfamily;genus,131567;2759;33154;33208;6072;33213;33317;1206794;6231;119089;6236;2301116;2301119;55879;6243;55885;6237
Mucoromycotina.U.genus,451507,57,363,cellular organisms;Eukaryota;Opisthokonta;Fungi;Fungi incertae sedis;Mucoromycota;Mucoromycotina;Mucoromycotina.U.genus,cellular root;domain;clade;kingdom;no rank;phylum;subphylum;original_name,131567;2759;33154;4751;112252;1913637;451507;451507
Chlorociboria,54692,56,565,cellular organisms;Eukaryota;Opisthokonta;Fungi;Dikarya;Ascomycota;saccharomyceta;Pezizomycotina;leotiomyceta;sordariomyceta;Leotiomycetes;Helotiales;Chlorociboriaceae;Chlorociboria,cellular root;domain;clade;kingdom;subkingdom;phylum;clade;subphylum;clade;clade;class;order;family;genus,131567;2759;33154;4751;451864;4890;716545;147538;716546;715989;147548;5178;1971365;54692
Dothideomycetes_X,147541,56,240,cellular organisms;Eukaryota;Opisthokonta;Fungi;Dikarya;Ascomycota;saccharomyceta;Pezizomycotina;leotiomyceta;dothideomyceta;Dothideomycetes;Dothideomycetes_X,cellular root;domain;clade;kingdom;subkingdom;phylum;clade;subphylum;clade;clade;class;original_name,131567;2759;33154;4751;451864;4890;716545;147538;716546;715962;147541;147541
Sphaeropleales.U.genus,35491,56,214,cellular organisms;Eukaryota;Viridiplantae;Chlorophyta;core chlorophytes;Chlorophyceae;CS clade;Sphaeropleales;Sphaeropleales.U.genus,cellular root;domain;kingdom;phylum;clade;class;clade;order;original_name,131567;2759;33090;3041;2692248;3166;2812636;35491;35491
Vannella,95228,56,94,cellular organisms;Eukaryota;Amoebozoa;Discosea;Flabellinia;Vannellidae;Vannella,cellular root;domain;clade;phylum;class;family;genus,131567;2759;554915;555280;1485085;95227;95228
Corynespora,59585,55,265,cellular organisms;Eukaryota;Opisthokonta;Fungi;Dikarya;Ascomycota;saccharomyceta;Pezizomycotina;leotiomyceta;dothideomyceta;Dothideomycetes;Pleosporomycetidae;Pleosporales;Corynesporascaceae;Corynespora,cellular root;domain;clade;kingdom;subkingdom;phylum;clade;subphylum;clade;clade;class;subclass;order;family;genus,131567;2759;33154;4751;451864;4890;716545;147538;716546;715962;147541;451868;92860;281124;59585
Ulva,3118,55,176,cellular organisms;Eukaryota;Viridiplantae;Chlorophyta;core chlorophytes;Ulvophyceae;OUU clade;Ulvales;Ulvaceae;Ulva,cellular root;domain;kingdom;phylum;clade;class;clade;order;family;genus,131567;2759;33090;3041;2692248;33103;2546215;3113;3114;3118
Neocallimastigomycota_XXX,451455,54,78,cellular organisms;Eukaryota;Opisthokonta;Fungi;Fungi incertae sedis;Chytridiomycota;Chytridiomycota incertae sedis;Neocallimastigomycetes;Neocallimastigomycota_XXX,cellular root;domain;clade;kingdom;no rank;phylum;no rank;class;original_name,131567;2759;33154;4751;112252;4761;2683659;451455;451455
Phryganellina.U.genus,318517,54,135,cellular organisms;Eukaryota;Amoebozoa;Tubulinea;Elardia;Arcellinida;Phryganellina;Phryganellina.U.genus,cellular root;domain;clade;phylum;class;order;suborder;original_name,131567;2759;554915;555369;2681632;318493;318517;318517
Rigifilida_XXXX.U.genus,1237875,54,201,cellular organisms;Eukaryota;CRuMs;Rigifilida;Rigifilida_XXXX.U.genus,cellular root;domain;clade;order;original_name,131567;2759;2608240;1237875;1237875
Leptomonas,5683,53,327,cellular organisms;Eukaryota;Discoba;Euglenozoa;Kinetoplastea;Metakinetoplastina;Trypanosomatida;Trypanosomatidae;Leishmaniinae;Leptomonas,cellular root;domain;clade;phylum;class;subclass;order;family;subfamily;genus,131567;2759;2611352;33682;5653;2704647;2704949;5654;1286322;5683
Peritrichia_2.U.genus,6021,53,322,cellular organisms;Eukaryota;Sar;Alveolata;Ciliophora;Intramacronucleata;Oligohymenophorea;Peritrichia;Peritrichia_2.U.genus,cellular root;domain;clade;clade;phylum;subphylum;class;subclass;original_name,131567;2759;2698737;33630;5878;431838;6020;6021;6021
Thalassiosirales.U.genus,33847,53,222,cellular organisms;Eukaryota;Sar;Stramenopiles;Ochrophyta;Bacillariophyta;Coscinodiscophyceae;Thalassiosirophycidae;Thalassiosirales;Thalassiosirales.U.genus,cellular root;domain;clade;clade;clade;phylum;class;subclass;order;original_name,131567;2759;2698737;33634;2696291;2836;33836;33846;33847;33847
Spizellomyces,4815,52,167,cellular organisms;Eukaryota;Opisthokonta;Fungi;Fungi incertae sedis;Chytridiomycota;Chytridiomycota incertae sedis;Chytridiomycetes;Spizellomycetales;Spizellomycetaceae;Spizellomyces,cellular root;domain;clade;kingdom;no rank;phylum;no rank;class;order;family;genus,131567;2759;33154;4751;112252;4761;2683659;451435;34478;34479;4815
Tremellomycetes.U.genus,155616,52,151,cellular organisms;Eukaryota;Opisthokonta;Fungi;Dikarya;Basidiomycota;Agaricomycotina;Tremellomycetes;Tremellomycetes.U.genus,cellular root;domain;clade;kingdom;subkingdom;phylum;subphylum;class;original_name,131567;2759;33154;4751;451864;5204;5302;155616;155616
Picomonas,1315712,51,366,cellular organisms;Eukaryota;Eukaryota incertae sedis;Picozoa;Picomonadea;Picomonadida;Picomonadidae;Picomonas,cellular root;domain;no rank;phylum;class;order;family;genus,131567;2759;2683617;419944;1315720;1315716;1315717;1315712
Cavernomonas,686739,50,92,cellular organisms;Eukaryota;Sar;Rhizaria;Cercozoa;Cercomonadida;Cercomonadidae;Cavernomonas,cellular root;domain;clade;clade;phylum;order;family;genus,131567;2759;2698737;543769;136419;188941;45108;686739
Cryptosporidium1,5806,50,922,cellular organisms;Eukaryota;Sar;Alveolata;Apicomplexa;Conoidasida;Coccidia;Eucoccidiorida;Eimeriorina;Cryptosporidiidae;Cryptosporidium;Cryptosporidium1,cellular root;domain;clade;clade;phylum;class;subclass;order;suborder;family;genus;original_name,131567;2759;2698737;33630;5794;1280412;5796;75739;423054;35082;5806;5806
Euglenozoa.U.genus,33682,50,204,cellular organisms;Eukaryota;Discoba;Euglenozoa;Euglenozoa.U.genus,cellular root;domain;clade;phylum;original_name,131567;2759;2611352;33682;33682
Mariager-Fjord-lineage_X,NA,50,198,Evosea;Mariager-Fjord-lineage_X,division;family,NA;NA
Sey055-lineage_X,NA,50,123,Rhizaria;Sey055-lineage_X,division;family,NA;NA
Acyrthosiphon,7028,49,436,cellular organisms;Eukaryota;Opisthokonta;Metazoa;Eumetazoa;Bilateria;Protostomia;Ecdysozoa;Panarthropoda;Arthropoda;Mandibulata;Pancrustacea;Hexapoda;Insecta;Dicondylia;Pterygota;Neoptera;Paraneoptera;Hemiptera;Sternorrhyncha;Aphidomorpha;Aphidoidea;Aphididae;Aphidinae;Macrosiphini;Acyrthosiphon,cellular root;domain;clade;kingdom;clade;clade;clade;clade;clade;phylum;clade;clade;subphylum;class;clade;subclass;infraclass;cohort;order;suborder;infraorder;superfamily;family;subfamily;tribe;genus,131567;2759;33154;33208;6072;33213;33317;1206794;88770;6656;197563;197562;6960;50557;85512;7496;33340;33342;7524;33373;33380;33385;27482;133076;33386;7028
Aspergillus,5052,48,646,cellular organisms;Eukaryota;Opisthokonta;Fungi;Dikarya;Ascomycota;saccharomyceta;Pezizomycotina;leotiomyceta;Eurotiomycetes;Eurotiomycetidae;Eurotiales;Aspergillaceae;Aspergillus,cellular root;domain;clade;kingdom;subkingdom;phylum;clade;subphylum;clade;class;subclass;order;family;genus,131567;2759;33154;4751;451864;4890;716545;147538;716546;147545;451871;5042;1131492;5052
Echinodermata_XXX,7586,48,349,cellular organisms;Eukaryota;Opisthokonta;Metazoa;Eumetazoa;Bilateria;Deuterostomia;Echinodermata;Echinodermata_XXX,cellular root;domain;clade;kingdom;clade;clade;clade;phylum;original_name,131567;2759;33154;33208;6072;33213;33511;7586;7586
Exophiala,5583,48,94,cellular organisms;Eukaryota;Opisthokonta;Fungi;Dikarya;Ascomycota;saccharomyceta;Pezizomycotina;leotiomyceta;Eurotiomycetes;Chaetothyriomycetidae;Chaetothyriales;Herpotrichiellaceae;Exophiala,cellular root;domain;clade;kingdom;subkingdom;phylum;clade;subphylum;clade;class;subclass;order;family;genus,131567;2759;33154;4751;451864;4890;716545;147538;716546;147545;451870;34395;43219;5583
NPK2-lineage_X,NA,48,137,Rhizaria;NPK2-lineage_X,division;family,NA;NA
Trimitus,306058,47,88,cellular organisms;Eukaryota;Metamonada;Fornicata;Diplomonadida;Hexamitidae;Hexamitinae;Trimitus,cellular root;domain;clade;phylum;order;family;subfamily;genus,131567;2759;2611341;207245;5738;5739;68460;306058
Hartmannella,5777,46,155,cellular organisms;Eukaryota;Amoebozoa;Tubulinea;Elardia;Euamoebida;Hartmannellidae;Hartmannella,cellular root;domain;clade;phylum;class;order;family;genus,131567;2759;554915;555369;2681632;180229;5776;5777
Hartmannellidae.U.genus,5776,46,118,cellular organisms;Eukaryota;Amoebozoa;Tubulinea;Elardia;Euamoebida;Hartmannellidae;Hartmannellidae.U.genus,cellular root;domain;clade;phylum;class;order;family;original_name,131567;2759;554915;555369;2681632;180229;5776;5776
Mb5C-lineage_X,NA,46,111,Evosea;Mb5C-lineage_X,division;family,NA;NA
Pycnora,318745,46,237,cellular organisms;Eukaryota;Opisthokonta;Fungi;Dikarya;Ascomycota;saccharomyceta;Pezizomycotina;leotiomyceta;Candelariomycetes;Candelariales;Pycnoraceae;Pycnora,cellular root;domain;clade;kingdom;subkingdom;phylum;clade;subphylum;clade;class;order;family;genus,131567;2759;33154;4751;451864;4890;716545;147538;716546;2576467;452225;1453781;318745
Conus,6490,45,225,cellular organisms;Eukaryota;Opisthokonta;Metazoa;Eumetazoa;Bilateria;Protostomia;Spiralia;Lophotrochozoa;Mollusca;Gastropoda;Caenogastropoda;Neogastropoda;Conoidea;Conidae;Conus,cellular root;domain;clade;kingdom;clade;clade;clade;clade;clade;phylum;class;subclass;order;superfamily;family;genus,131567;2759;33154;33208;6072;33213;33317;2697495;1206795;6447;6448;69555;6479;37797;6489;6490
Plasmodiidae.U.genus,1639119,45,167,cellular organisms;Eukaryota;Sar;Alveolata;Apicomplexa;Aconoidasida;Haemosporida;Plasmodiidae;Plasmodiidae.U.genus,cellular root;domain;clade;clade;phylum;class;order;family;original_name,131567;2759;2698737;33630;5794;422676;5819;1639119;1639119
Peronosporomycetes_X.U.genus,NA,44,130,cellular organisms;Eukaryota;Sar;Stramenopiles;Oomycota;Peronosporomycetes_X.U.genus,phylum;genus,131567;2759;2698737;33634;4762;NA
Plasmodium1,418103,44,404,cellular organisms;Eukaryota;Sar;Alveolata;Apicomplexa;Aconoidasida;Haemosporida;Plasmodiidae;Plasmodium;Plasmodium (Plasmodium);Plasmodium1,cellular root;domain;clade;clade;phylum;class;order;family;genus;subgenus;original_name,131567;2759;2698737;33630;5794;422676;5819;1639119;5820;418103;418103
Protaspa-lineage_X,1938521,44,88,cellular organisms;Eukaryota;Sar;Rhizaria;Cercozoa;Thecofilosea;Cryomonadida;Protaspidae;Protaspa;Protaspa-lineage_X,cellular root;domain;clade;clade;phylum;class;order;family;genus;original_name,131567;2759;2698737;543769;136419;1004930;589444;2603934;1938521;1938521
Neobodo,312470,43,74,cellular organisms;Eukaryota;Discoba;Euglenozoa;Kinetoplastea;Metakinetoplastina;Neobodonida;Neobodo,cellular root;domain;clade;phylum;class;subclass;order;genus,131567;2759;2611352;33682;5653;2704647;2704648;312470
Ustilaginomycotina.U.genus,452284,43,1134,cellular organisms;Eukaryota;Opisthokonta;Fungi;Dikarya;Basidiomycota;Ustilaginomycotina;Ustilaginomycotina.U.genus,cellular root;domain;clade;kingdom;subkingdom;phylum;subphylum;original_name,131567;2759;33154;4751;451864;5204;452284;452284
Collophidium,1130125,42,87,cellular organisms;Eukaryota;Sar;Rhizaria;Retaria;Polycystinea;Collodaria;Collophidiidae;Collophidium,cellular root;domain;clade;clade;clade;class;order;family;genus,131567;2759;2698737;543769;2662056;65582;1426915;1656265;1130125
Novel-Gran-6_X,NA,42,142,Rhizaria;Novel-Gran-6_X,division;family,NA;NA
Trichosporon,5552,42,252,cellular organisms;Eukaryota;Opisthokonta;Fungi;Dikarya;Basidiomycota;Agaricomycotina;Tremellomycetes;Trichosporonales;Trichosporonaceae;Trichosporon,cellular root;domain;clade;kingdom;subkingdom;phylum;subphylum;class;order;family;genus,131567;2759;33154;4751;451864;5204;5302;155616;1851469;1759442;5552
Annelida_XX.U.genus,6340,40,202,cellular organisms;Eukaryota;Opisthokonta;Metazoa;Eumetazoa;Bilateria;Protostomia;Spiralia;Lophotrochozoa;Annelida;Annelida_XX.U.genus,cellular root;domain;clade;kingdom;clade;clade;clade;clade;clade;phylum;original_name,131567;2759;33154;33208;6072;33213;33317;2697495;1206795;6340;6340
Fusiforma,1416936,40,96,cellular organisms;Eukaryota;Sar;Alveolata;Ciliophora;Intramacronucleata;Oligohymenophorea;Apostomatia;Apostomatida;Pseudocolliniidae;Fusiforma,cellular root;domain;clade;clade;phylum;subphylum;class;subclass;order;family;genus,131567;2759;2698737;33630;5878;431838;6020;3158537;524891;1416935;1416936
Hyaloscypha,47747,40,131,cellular organisms;Eukaryota;Opisthokonta;Fungi;Dikarya;Ascomycota;saccharomyceta;Pezizomycotina;leotiomyceta;sordariomyceta;Leotiomycetes;Helotiales;Hyaloscyphaceae;Hyaloscypha,cellular root;domain;clade;kingdom;subkingdom;phylum;clade;subphylum;clade;clade;class;order;family;genus,131567;2759;33154;4751;451864;4890;716545;147538;716546;715989;147548;5178;47743;47747
Nannochloropsis,5748,39,315,cellular organisms;Eukaryota;Sar;Stramenopiles;Ochrophyta;Eustigmatophyceae;Eustigmatales;Monodopsidaceae;Nannochloropsis,cellular root;domain;clade;clade;clade;class;order;family;genus,131567;2759;2698737;33634;2696291;5747;425074;425072;5748
Novel-clade-10_XX,NA,38,48,Rhizaria;Novel-clade-10_XX,division;family,NA;NA
Urotricha,457378,38,128,cellular organisms;Eukaryota;Sar;Alveolata;Ciliophora;Intramacronucleata;Prostomatea;Prorodontida;Urotrichidae;Urotricha,cellular root;domain;clade;clade;phylum;subphylum;class;order;family;genus,131567;2759;2698737;33630;5878;431838;6000;6001;457377;457378
Acineta_1,239360,37,104,cellular organisms;Eukaryota;Sar;Alveolata;Ciliophora;Intramacronucleata;Phyllopharyngea;Suctoria;Endogenida;Acinetidae;Acineta;Acineta_1,cellular root;domain;clade;clade;phylum;subphylum;class;subclass;order;family;genus;original_name,131567;2759;2698737;33630;5878;431838;37471;39462;163662;239359;239360;239360
Kinetoplastea_XX_MET10,5653,37,72,cellular organisms;Eukaryota;Discoba;Euglenozoa;Kinetoplastea;Kinetoplastea_XX_MET10,cellular root;domain;clade;phylum;class;original_name,131567;2759;2611352;33682;5653;5653
Stygamoebida_XXX,1485089,37,120,cellular organisms;Eukaryota;Amoebozoa;Discosea;Stygamoebida;Stygamoebida_XXX,cellular root;domain;clade;phylum;order;original_name,131567;2759;554915;555280;1485089;1485089
Aureococcus,44055,36,182,cellular organisms;Eukaryota;Sar;Stramenopiles;Ochrophyta;Pelagophyceae;Pelagomonadales;Pelagomonadaceae;Aureococcus,cellular root;domain;clade;clade;clade;class;order;family;genus,131567;2759;2698737;33634;2696291;35675;54409;3235057;44055
Limulus,6849,36,122,cellular organisms;Eukaryota;Opisthokonta;Metazoa;Eumetazoa;Bilateria;Protostomia;Ecdysozoa;Panarthropoda;Arthropoda;Chelicerata;Merostomata;Xiphosura;Limulidae;Limulus,cellular root;domain;clade;kingdom;clade;clade;clade;clade;clade;phylum;subphylum;class;order;family;genus,131567;2759;33154;33208;6072;33213;33317;1206794;88770;6656;6843;6844;6845;6846;6849
Suctoria.U.genus,39462,36,87,cellular organisms;Eukaryota;Sar;Alveolata;Ciliophora;Intramacronucleata;Phyllopharyngea;Suctoria;Suctoria.U.genus,cellular root;domain;clade;clade;phylum;subphylum;class;subclass;original_name,131567;2759;2698737;33630;5878;431838;37471;39462;39462
Anthoptilum,86570,35,169,cellular organisms;Eukaryota;Opisthokonta;Metazoa;Eumetazoa;Cnidaria;Anthozoa;Octocorallia;Scleralcyonacea;Pennatuloidea;Anthoptilidae;Anthoptilum,cellular root;domain;clade;kingdom;clade;phylum;class;subclass;order;superfamily;family;genus,131567;2759;33154;33208;6072;6073;6101;6132;3028851;6133;86569;86570
Chaos,160821,35,66,cellular organisms;Eukaryota;Amoebozoa;Tubulinea;Elardia;Euamoebida;Amoebidae;Chaos,cellular root;domain;clade;phylum;class;order;family;genus,131567;2759;554915;555369;2681632;180229;35218;160821
Sessilida.U.genus,1974272,35,109,cellular organisms;Eukaryota;Sar;Alveolata;Ciliophora;Intramacronucleata;Oligohymenophorea;Peritrichia;Sessilida;Sessilida.U.genus,cellular root;domain;clade;clade;phylum;subphylum;class;subclass;order;original_name,131567;2759;2698737;33630;5878;431838;6020;6021;1974272;1974272
Actinocephalidae.U.genus,650287,34,87,cellular organisms;Eukaryota;Sar;Alveolata;Apicomplexa;Conoidasida;Gregarinasina;Eugregarinorida;Actinocephalidae;Actinocephalidae.U.genus,cellular root;domain;clade;clade;phylum;class;subclass;order;family;original_name,131567;2759;2698737;33630;5794;1280412;35086;35087;650287;650287
Filoreta,1407634,34,52,cellular organisms;Eukaryota;Sar;Rhizaria;Endomyxa;Filoreta,cellular root;domain;clade;clade;phylum;genus,131567;2759;2698737;543769;2604748;1407634
Korotnevella,200888,34,50,cellular organisms;Eukaryota;Amoebozoa;Discosea;Flabellinia;Dactylopodida;Paramoebidae;Korotnevella,cellular root;domain;clade;phylum;class;order;family;genus,131567;2759;554915;555280;1485085;555392;200887;200888
Mastigella,180814,34,67,cellular organisms;Eukaryota;Amoebozoa;Evosea;Archamoebae;Pelobiontida;Mastigella,cellular root;domain;clade;phylum;clade;order;genus,131567;2759;554915;2605435;555406;2682475;180814
Filosa-Thecofilosea.U.genus,NA,33,84,cellular organisms;Eukaryota;Sar;Rhizaria;Cercozoa;Thecofilosea;Filosa-Thecofilosea.U.genus,class;genus,131567;2759;2698737;543769;136419;1004930;NA
Gromia,35216,33,56,cellular organisms;Eukaryota;Sar;Rhizaria;Endomyxa;Gromiida;Gromiidae;Gromia,cellular root;domain;clade;clade;phylum;order;family;genus,131567;2759;2698737;543769;2604748;2910923;35215;35216
Tokophrya,168138,33,176,cellular organisms;Eukaryota;Sar;Alveolata;Ciliophora;Intramacronucleata;Phyllopharyngea;Suctoria;Endogenida;Tokophryidae;Tokophrya,cellular root;domain;clade;clade;phylum;subphylum;class;subclass;order;family;genus,131567;2759;2698737;33630;5878;431838;37471;39462;163662;168137;168138
Basidiomycota.U.genus,5204,32,88,cellular organisms;Eukaryota;Opisthokonta;Fungi;Dikarya;Basidiomycota;Basidiomycota.U.genus,cellular root;domain;clade;kingdom;subkingdom;phylum;original_name,131567;2759;33154;4751;451864;5204;5204
Hexamita,13567,32,113,cellular organisms;Eukaryota;Metamonada;Fornicata;Diplomonadida;Hexamitidae;Hexamitinae;Hexamita,cellular root;domain;clade;phylum;order;family;subfamily;genus,131567;2759;2611341;207245;5738;5739;68460;13567
Filosa-Sarcomonadea.U.genus,NA,31,82,cellular organisms;Eukaryota;Sar;Rhizaria;Cercozoa;Filosa-Sarcomonadea.U.genus,phylum;genus,131567;2759;2698737;543769;136419;NA
LOS7N/I-lineage_X,NA,31,221,Tubulinea;LOS7N/I-lineage_X,division;family,NA;NA
Spinibdella,768103,31,179,cellular organisms;Eukaryota;Opisthokonta;Metazoa;Eumetazoa;Bilateria;Protostomia;Ecdysozoa;Panarthropoda;Arthropoda;Chelicerata;Arachnida;Acari;Acariformes;Trombidiformes;Prostigmata;Eupodina;Bdelloidea;Bdellidae;Spinibdella,cellular root;domain;clade;kingdom;clade;clade;clade;clade;clade;phylum;subphylum;class;subclass;superorder;order;suborder;clade;superfamily;family;genus,131567;2759;33154;33208;6072;33213;33317;1206794;88770;6656;6843;6854;6933;6946;83136;6947;83139;94825;94829;768103
Arabidopsis,3701,30,32,cellular organisms;Eukaryota;Viridiplantae;Streptophyta;Streptophytina;Embryophyta;Tracheophyta;Euphyllophyta;Spermatophyta;Magnoliopsida;Mesangiospermae;eudicotyledons;Gunneridae;Pentapetalae;rosids;malvids;Brassicales;Brassicaceae;Camelineae;Arabidopsis,cellular root;domain;kingdom;phylum;subphylum;clade;clade;clade;clade;class;clade;clade;clade;clade;clade;clade;order;family;tribe;genus,131567;2759;33090;35493;131221;3193;58023;78536;58024;3398;1437183;71240;91827;1437201;71275;91836;3699;3700;980083;3701
Bigyra.U.genus,2683628,30,244,cellular organisms;Eukaryota;Sar;Stramenopiles;Bigyra;Bigyra.U.genus,cellular root;domain;clade;clade;class;original_name,131567;2759;2698737;33634;2683628;2683628
Physochila,1165382,30,151,cellular organisms;Eukaryota;Amoebozoa;Tubulinea;Elardia;Arcellinida;Glutinoconcha;Hyalospheniidae;Physochila,cellular root;domain;clade;phylum;class;order;suborder;family;genus,131567;2759;554915;555369;2681632;318493;3081561;318530;1165382
Candida,5475,29,319,cellular organisms;Eukaryota;Opisthokonta;Fungi;Dikarya;Ascomycota;saccharomyceta;Saccharomycotina;Pichiomycetes;Serinales;Debaryomycetaceae;Candida/Lodderomyces clade;Candida,cellular root;domain;clade;kingdom;subkingdom;phylum;clade;subphylum;class;order;family;clade;genus,131567;2759;33154;4751;451864;4890;716545;147537;3239874;2916678;766764;1535325;5475
Perkinsida_X.U.genus,27998,29,74,cellular organisms;Eukaryota;Sar;Alveolata;Perkinsozoa;Perkinsea;Perkinsida;Perkinsida_X.U.genus,cellular root;domain;clade;clade;phylum;clade;order;original_name,131567;2759;2698737;33630;2497438;27997;27998;27998
Ptolemeba,1525728,29,78,cellular organisms;Eukaryota;Amoebozoa;Tubulinea;Elardia;Euamoebida;Hartmannellidae;Ptolemeba,cellular root;domain;clade;phylum;class;order;family;genus,131567;2759;554915;555369;2681632;180229;5776;1525728
Rhizophydiales.U.genus,451442,29,107,cellular organisms;Eukaryota;Opisthokonta;Fungi;Fungi incertae sedis;Chytridiomycota;Chytridiomycota incertae sedis;Chytridiomycetes;Rhizophydiales;Rhizophydiales.U.genus,cellular root;domain;clade;kingdom;no rank;phylum;no rank;class;order;original_name,131567;2759;33154;4751;112252;4761;2683659;451435;451442;451442
Teratosphaeria,237584,29,32,cellular organisms;Eukaryota;Opisthokonta;Fungi;Dikarya;Ascomycota;saccharomyceta;Pezizomycotina;leotiomyceta;dothideomyceta;Dothideomycetes;Dothideomycetidae;Mycosphaerellales;Teratosphaeriaceae;Teratosphaeria,cellular root;domain;clade;kingdom;subkingdom;phylum;clade;subphylum;clade;clade;class;subclass;order;family;genus,131567;2759;33154;4751;451864;4890;716545;147538;716546;715962;147541;451867;2726947;668547;237584
Discosea_X.U.genus,555280,28,93,cellular organisms;Eukaryota;Amoebozoa;Discosea;Discosea_X.U.genus,cellular root;domain;clade;phylum;original_name,131567;2759;554915;555280;555280
Elardia.U.genus,2681632,28,49,cellular organisms;Eukaryota;Amoebozoa;Tubulinea;Elardia;Elardia.U.genus,cellular root;domain;clade;phylum;class;original_name,131567;2759;554915;555369;2681632;2681632
Physcomitrella,3217,28,50,cellular organisms;Eukaryota;Viridiplantae;Streptophyta;Streptophytina;Embryophyta;Bryophyta;Bryophytina;Bryopsida;Funariidae;Funariales;Funariaceae;Physcomitrella,cellular root;domain;kingdom;phylum;subphylum;clade;clade;clade;class;subclass;order;family;genus,131567;2759;33090;35493;131221;3193;3208;404260;3214;114656;3215;3216;3217
Gregarina3,35089,27,218,cellular organisms;Eukaryota;Sar;Alveolata;Apicomplexa;Conoidasida;Gregarinasina;Eugregarinorida;Gregarinidae;Gregarina;Gregarina3,cellular root;domain;clade;clade;phylum;class;subclass;order;family;genus;original_name,131567;2759;2698737;33630;5794;1280412;35086;35087;35088;35089;35089
Gregarinidae.U.genus,35088,27,187,cellular organisms;Eukaryota;Sar;Alveolata;Apicomplexa;Conoidasida;Gregarinasina;Eugregarinorida;Gregarinidae;Gregarinidae.U.genus,cellular root;domain;clade;clade;phylum;class;subclass;order;family;original_name,131567;2759;2698737;33630;5794;1280412;35086;35087;35088;35088
Paradinium,492102,27,43,cellular organisms;Eukaryota;Sar;Rhizaria;Endomyxa;Ascetosporea;Paradiniida;Paradinium,cellular root;domain;clade;clade;phylum;class;order;genus,131567;2759;2698737;543769;2604748;1871466;2686029;492102
Tremellomycetes_X,155616,27,282,cellular organisms;Eukaryota;Opisthokonta;Fungi;Dikarya;Basidiomycota;Agaricomycotina;Tremellomycetes;Tremellomycetes_X,cellular root;domain;clade;kingdom;subkingdom;phylum;subphylum;class;original_name,131567;2759;33154;4751;451864;5204;5302;155616;155616
Gyropaigne,86636,26,100,cellular organisms;Eukaryota;Discoba;Euglenozoa;Euglenida;Spirocuta;Aphagea;Rhabdomonadales;Astasiidae;Gyropaigne,cellular root;domain;clade;phylum;class;clade;clade;order;family;genus,131567;2759;2611352;33682;3035;2570567;2704112;86649;2704113;86636
Tholomura,2748069,26,77,cellular organisms;Eukaryota;Sar;Rhizaria;Retaria;Polycystinea;Spumellaria;Pyloniidae;Tholomura,cellular root;domain;clade;clade;clade;class;order;family;genus,131567;2759;2698737;543769;2662056;65582;65583;366590;2748069
Chlorellales_XX,35460,25,93,cellular organisms;Eukaryota;Viridiplantae;Chlorophyta;core chlorophytes;Trebouxiophyceae;Chlorellales;Chlorellales_XX,cellular root;domain;kingdom;phylum;clade;class;order;original_name,131567;2759;33090;3041;2692248;75966;35460;35460
Kinetoplastea_XX.U.genus,5653,25,45,cellular organisms;Eukaryota;Discoba;Euglenozoa;Kinetoplastea;Kinetoplastea_XX.U.genus,cellular root;domain;clade;phylum;class;original_name,131567;2759;2611352;33682;5653;5653
Trichocladium,290625,25,579,cellular organisms;Eukaryota;Opisthokonta;Fungi;Dikarya;Ascomycota;saccharomyceta;Pezizomycotina;leotiomyceta;sordariomyceta;Sordariomycetes;Sordariomycetidae;Sordariales;Chaetomiaceae;Trichocladium,cellular root;domain;clade;kingdom;subkingdom;phylum;clade;subphylum;clade;clade;class;subclass;order;family;genus,131567;2759;33154;4751;451864;4890;716545;147538;716546;715989;147550;222544;5139;35718;290625
Trochilia,1170543,25,115,cellular organisms;Eukaryota;Sar;Alveolata;Ciliophora;Intramacronucleata;Phyllopharyngea;Phyllopharyngia;Dysteriida;Dysteriidae;Trochilia,cellular root;domain;clade;clade;phylum;subphylum;class;subclass;order;family;genus,131567;2759;2698737;33630;5878;431838;37471;238896;238898;238903;1170543
Distigma,83913,24,188,cellular organisms;Eukaryota;Discoba;Euglenozoa;Euglenida;Spirocuta;Aphagea;Rhabdomonadales;Distigmidae;Distigma,cellular root;domain;clade;phylum;class;clade;clade;order;family;genus,131567;2759;2611352;33682;3035;2570567;2704112;86649;2704119;83913
Spadicoides,439828,24,103,cellular organisms;Eukaryota;Opisthokonta;Fungi;Dikarya;Ascomycota;saccharomyceta;Pezizomycotina;leotiomyceta;sordariomyceta;Sordariomycetes;Sordariomycetidae;Xenospadicoidales;Xenospadicoidaceae;Spadicoides,cellular root;domain;clade;kingdom;subkingdom;phylum;clade;subphylum;clade;clade;class;subclass;order;family;genus,131567;2759;33154;4751;451864;4890;716545;147538;716546;715989;147550;222544;2081776;2081777;439828
Auxenochlorella,191392,23,524,cellular organisms;Eukaryota;Viridiplantae;Chlorophyta;core chlorophytes;Trebouxiophyceae;Chlorellales;Chlorellaceae;Auxenochlorella,cellular root;domain;kingdom;phylum;clade;class;order;family;genus,131567;2759;33090;3041;2692248;75966;35460;35461;191392
Chlamydomonas,3052,23,107,cellular organisms;Eukaryota;Viridiplantae;Chlorophyta;core chlorophytes;Chlorophyceae;CS clade;Chlamydomonadales;Chlamydomonadaceae;Chlamydomonas,cellular root;domain;kingdom;phylum;clade;class;clade;order;family;genus,131567;2759;33090;3041;2692248;3166;2812636;3042;3051;3052
Kinetoplastea_XX_MET8,5653,23,67,cellular organisms;Eukaryota;Discoba;Euglenozoa;Kinetoplastea;Kinetoplastea_XX_MET8,cellular root;domain;clade;phylum;class;original_name,131567;2759;2611352;33682;5653;5653
Dinoflagellata.U.genus,2864,22,28,cellular organisms;Eukaryota;Sar;Alveolata;Dinophyceae;Dinoflagellata.U.genus,cellular root;domain;clade;clade;class;original_name,131567;2759;2698737;33630;2864;2864
NC12A-lineage_X,NA,22,45,Rhizaria;NC12A-lineage_X,division;family,NA;NA
Eurytemora,88014,21,89,cellular organisms;Eukaryota;Opisthokonta;Metazoa;Eumetazoa;Bilateria;Protostomia;Ecdysozoa;Panarthropoda;Arthropoda;Mandibulata;Pancrustacea;Crustacea;Multicrustacea;Hexanauplia;Copepoda;Neocopepoda;Gymnoplea;Calanoida;Temoridae;Eurytemora,cellular root;domain;clade;kingdom;clade;clade;clade;clade;clade;phylum;clade;clade;subphylum;superclass;class;subclass;infraclass;superorder;order;family;genus,131567;2759;33154;33208;6072;33213;33317;1206794;88770;6656;197563;197562;6657;2172821;72037;6830;116569;116570;6833;88013;88014
Glissomonadida.U.genus,1238681,21,102,cellular organisms;Eukaryota;Sar;Rhizaria;Cercozoa;Glissomonadida;Glissomonadida.U.genus,cellular root;domain;clade;clade;phylum;order;original_name,131567;2759;2698737;543769;136419;1238681;1238681
Unclassified_Provorticidae,12908,21,58,unclassified entries;unclassified sequences;Unclassified_Provorticidae,no rank;no rank;original_name,2787823;12908;12908
Babesiidae.U.genus,32594,20,90,cellular organisms;Eukaryota;Sar;Alveolata;Apicomplexa;Aconoidasida;Piroplasmida;Babesiidae;Babesiidae.U.genus,cellular root;domain;clade;clade;phylum;class;order;family;original_name,131567;2759;2698737;33630;5794;422676;5863;32594;32594
Ceratiomyxella,661161,20,54,cellular organisms;Eukaryota;Amoebozoa;Evosea;Variosea;Fractovitellida;Schizoplasmodiidae;Ceratiomyxella,cellular root;domain;clade;phylum;class;order;family;genus,131567;2759;554915;2605435;2605334;2605345;2681886;661161
Cercomonas,45109,20,57,cellular organisms;Eukaryota;Sar;Rhizaria;Cercozoa;Cercomonadida;Cercomonadidae;Cercomonas,cellular root;domain;clade;clade;phylum;order;family;genus,131567;2759;2698737;543769;136419;188941;45108;45109
Coccomyxa,320428,20,87,cellular organisms;Eukaryota;Opisthokonta;Metazoa;Eumetazoa;Cnidaria;Myxozoa;Myxosporea;Bivalvulida;Variisporina;Coccomyxidae;Coccomyxa,cellular root;domain;clade;kingdom;clade;phylum;class;subclass;order;suborder;family;genus,131567;2759;33154;33208;6072;6073;35581;35582;35583;109797;371542;320428
Hemimastix,2027450,20,81,cellular organisms;Eukaryota;Hemimastigophora;Spironemidae;Hemimastix,cellular root;domain;phylum;family;genus,131567;2759;2489521;2027449;2027450
Paramoeba,200890,20,31,cellular organisms;Eukaryota;Amoebozoa;Discosea;Flabellinia;Dactylopodida;Paramoebidae;Paramoeba,cellular root;domain;clade;phylum;class;order;family;genus,131567;2759;554915;555280;1485085;555392;200887;200890
Schizoplasmodium,661159,20,36,cellular organisms;Eukaryota;Amoebozoa;Evosea;Variosea;Fractovitellida;Schizoplasmodiidae;Schizoplasmodium,cellular root;domain;clade;phylum;class;order;family;genus,131567;2759;554915;2605435;2605334;2605345;2681886;661159
Xiphocephalus,650332,20,39,cellular organisms;Eukaryota;Sar;Alveolata;Apicomplexa;Conoidasida;Gregarinasina;Eugregarinorida;Stylocephalidae;Xiphocephalus,cellular root;domain;clade;clade;phylum;class;subclass;order;family;genus,131567;2759;2698737;33630;5794;1280412;35086;35087;650329;650332
Articulospora,253308,19,62,cellular organisms;Eukaryota;Opisthokonta;Fungi;Dikarya;Ascomycota;saccharomyceta;Pezizomycotina;leotiomyceta;sordariomyceta;Leotiomycetes;Helotiales;Discinellaceae;Articulospora,cellular root;domain;clade;kingdom;subkingdom;phylum;clade;subphylum;clade;clade;class;order;family;genus,131567;2759;33154;4751;451864;4890;716545;147538;716546;715989;147548;5178;2794838;253308
Centroplasthelida_XXXXX,193537,19,25,cellular organisms;Eukaryota;Haptista;Centroplasthelida;Centroplasthelida_XXXXX,cellular root;domain;clade;class;original_name,131567;2759;2608109;193537;193537
Dino-Group-II-Clade-14_X,NA,19,51,cellular organisms;Eukaryota;Sar;Alveolata;Dinophyceae;Dino-Group-II-Clade-14_X,class;genus,131567;2759;2698737;33630;2864;NA
Diptilomiopus,1336388,19,31,cellular organisms;Eukaryota;Opisthokonta;Metazoa;Eumetazoa;Bilateria;Protostomia;Ecdysozoa;Panarthropoda;Arthropoda;Chelicerata;Arachnida;Acari;Acariformes;Trombidiformes;Prostigmata;Eupodina;Eriophyoidea;Diptilomiopidae;Diptilomiopus,cellular root;domain;clade;kingdom;clade;clade;clade;clade;clade;phylum;subphylum;class;subclass;superorder;order;suborder;clade;superfamily;family;genus,131567;2759;33154;33208;6072;33213;33317;1206794;88770;6656;6843;6854;6933;6946;83136;6947;83139;70332;1336387;1336388
Gadixcellia,2759743,19,22,cellular organisms;Eukaryota;Sar;Alveolata;Perkinsozoa;Perkinsea;Perkinsida;Xcellidae;Gadixcellia,cellular root;domain;clade;clade;phylum;clade;order;family;genus,131567;2759;2698737;33630;2497438;27997;27998;2759735;2759743
Ichthyophthirius,5931,19,444,cellular organisms;Eukaryota;Sar;Alveolata;Ciliophora;Intramacronucleata;Oligohymenophorea;Hymenostomatida;Ophryoglenina;Ichthyophthirius,cellular root;domain;clade;clade;phylum;subphylum;class;order;suborder;genus,131567;2759;2698737;33630;5878;431838;6020;31277;37090;5931
Labyrinthulomycetes.U.genus,35131,19,33,cellular organisms;Eukaryota;Sar;Stramenopiles;Bigyra;Labyrinthulomycetes;Labyrinthulomycetes.U.genus,cellular root;domain;clade;clade;class;subclass;original_name,131567;2759;2698737;33634;2683628;35131;35131
Cafeteria,33652,18,75,cellular organisms;Eukaryota;Sar;Stramenopiles;Bigyra;Opalozoa;Bicosoecida;Cafeteriaceae;Cafeteria,cellular root;domain;clade;clade;class;clade;order;family;genus,131567;2759;2698737;33634;2683628;2683629;33651;238884;33652
Colpodellida_CHR1_X,877183,18,70,cellular organisms;Eukaryota;Sar;Alveolata;Colpodellida;Colpodellida_CHR1_X,cellular root;domain;clade;clade;clade;original_name,131567;2759;2698737;33630;877183;877183
Nemogullmia,164077,18,66,cellular organisms;Eukaryota;Sar;Rhizaria;Retaria;Foraminifera;Allogromida;Lagynidae;Nemogullmia,cellular root;domain;clade;clade;clade;phylum;clade;family;genus,131567;2759;2698737;543769;2662056;29178;196920;212497;164077
Zoopagomycota_XXX,1913638,18,43,cellular organisms;Eukaryota;Opisthokonta;Fungi;Fungi incertae sedis;Zoopagomycota;Zoopagomycota_XXX,cellular root;domain;clade;kingdom;no rank;phylum;original_name,131567;2759;33154;4751;112252;1913638;1913638
Dino-Group-II-Clade-21_X,NA,17,78,cellular organisms;Eukaryota;Sar;Alveolata;Dinophyceae;Dino-Group-II-Clade-21_X,class;genus,131567;2759;2698737;33630;2864;NA
Diplophrys,138668,17,26,cellular organisms;Eukaryota;Sar;Stramenopiles;Bigyra;Labyrinthulomycetes;Amphitremida;Diplophrys,cellular root;domain;clade;clade;class;subclass;order;genus,131567;2759;2698737;33634;2683628;35131;1287658;138668
Paulinella,39716,17,24,cellular organisms;Eukaryota;Sar;Rhizaria;Cercozoa;Imbricatea;Silicofilosea;Euglyphida;Paulinellidae;Paulinella,cellular root;domain;clade;clade;phylum;class;clade;order;family;genus,131567;2759;2698737;543769;136419;1736114;556185;178369;39715;39716
Taphrina,5010,17,80,cellular organisms;Eukaryota;Opisthokonta;Fungi;Dikarya;Ascomycota;Taphrinomycotina;Taphrinomycetes;Taphrinales;Taphrinaceae;Taphrina,cellular root;domain;clade;kingdom;subkingdom;phylum;subphylum;class;order;family;genus,131567;2759;33154;4751;451864;4890;451866;147555;5008;5009;5010
Taphrinomycotina.U.genus,451866,17,110,cellular organisms;Eukaryota;Opisthokonta;Fungi;Dikarya;Ascomycota;Taphrinomycotina;Taphrinomycotina.U.genus,cellular root;domain;clade;kingdom;subkingdom;phylum;subphylum;original_name,131567;2759;33154;4751;451864;4890;451866;451866
Acanthamoebidae_X,33677,16,22,cellular organisms;Eukaryota;Amoebozoa;Discosea;Longamoebia;Centramoebida;Acanthamoebidae;Acanthamoebidae_X,cellular root;domain;clade;phylum;order;clade;family;original_name,131567;2759;554915;555280;1485168;555407;33677;33677
Allomyces,28581,16,114,cellular organisms;Eukaryota;Opisthokonta;Fungi;Fungi incertae sedis;Blastocladiomycota;Blastocladiomycetes;Blastocladiales;Blastocladiaceae;Allomyces,cellular root;domain;clade;kingdom;no rank;phylum;class;order;family;genus,131567;2759;33154;4751;112252;451459;451460;4805;4806;28581
Amphitrema,1287651,16,60,cellular organisms;Eukaryota;Sar;Stramenopiles;Bigyra;Labyrinthulomycetes;Amphitremida;Amphitraemidae;Amphitrema,cellular root;domain;clade;clade;class;subclass;order;family;genus,131567;2759;2698737;33634;2683628;35131;1287658;1287649;1287651
Encentrum,360660,16,25,cellular organisms;Eukaryota;Opisthokonta;Metazoa;Eumetazoa;Bilateria;Protostomia;Spiralia;Gnathifera;Rotifera;Eurotatoria;Monogononta;Pseudotrocha;Ploima;Dicranophoridae;Encentrum,cellular root;domain;clade;kingdom;clade;clade;clade;clade;clade;phylum;class;subclass;superorder;order;family;genus,131567;2759;33154;33208;6072;33213;33317;2697495;2697496;10190;2816136;10191;1709201;84394;360657;360660
Oribatida,66551,16,24,cellular organisms;Eukaryota;Opisthokonta;Metazoa;Eumetazoa;Bilateria;Protostomia;Ecdysozoa;Panarthropoda;Arthropoda;Chelicerata;Arachnida;Acari;Acariformes;Sarcoptiformes;Oribatida,cellular root;domain;clade;kingdom;clade;clade;clade;clade;clade;phylum;subphylum;class;subclass;superorder;order;suborder,131567;2759;33154;33208;6072;33213;33317;1206794;88770;6656;6843;6854;6933;6946;83137;66551
Petalomonas,56451,16,26,cellular organisms;Eukaryota;Discoba;Euglenozoa;Euglenida;Petalomonadida;Scytomonadidae;Petalomonas,cellular root;domain;clade;phylum;class;order;family;genus,131567;2759;2611352;33682;3035;2570648;2570650;56451
Populus,3689,16,126,cellular organisms;Eukaryota;Viridiplantae;Streptophyta;Streptophytina;Embryophyta;Tracheophyta;Euphyllophyta;Spermatophyta;Magnoliopsida;Mesangiospermae;eudicotyledons;Gunneridae;Pentapetalae;rosids;fabids;Malpighiales;Salicaceae;Saliceae;Populus,cellular root;domain;kingdom;phylum;subphylum;clade;clade;clade;clade;class;clade;clade;clade;clade;clade;clade;order;family;tribe;genus,131567;2759;33090;35493;131221;3193;58023;78536;58024;3398;1437183;71240;91827;1437201;71275;91835;3646;3688;238069;3689
Sabatieria,129901,16,95,cellular organisms;Eukaryota;Opisthokonta;Metazoa;Eumetazoa;Bilateria;Protostomia;Ecdysozoa;Nematoda;Chromadorea;Araeolaimida;Axonolaimoidea;Comesomatidae;Sabatieria,cellular root;domain;clade;kingdom;clade;clade;clade;clade;phylum;class;order;superfamily;family;genus,131567;2759;33154;33208;6072;33213;33317;1206794;6231;119089;114861;320100;129877;129901
Zymoseptoria,1047167,16,52,cellular organisms;Eukaryota;Opisthokonta;Fungi;Dikarya;Ascomycota;saccharomyceta;Pezizomycotina;leotiomyceta;dothideomyceta;Dothideomycetes;Dothideomycetidae;Mycosphaerellales;Mycosphaerellaceae;Zymoseptoria,cellular root;domain;clade;kingdom;subkingdom;phylum;clade;subphylum;clade;clade;class;subclass;order;family;genus,131567;2759;33154;4751;451864;4890;716545;147538;716546;715962;147541;451867;2726947;93133;1047167
Bathycoccus,41874,15,99,cellular organisms;Eukaryota;Viridiplantae;Chlorophyta;Mamiellophyceae;Mamiellales;Bathycoccaceae;Bathycoccus,cellular root;domain;kingdom;phylum;class;order;family;genus,131567;2759;33090;3041;1035538;13792;1525212;41874
Chloropicon,2302914,15,50,cellular organisms;Eukaryota;Viridiplantae;Chlorophyta;Chloropicophyceae;Chloropicales;Chloropicaceae;Chloropicon,cellular root;domain;kingdom;phylum;class;order;family;genus,131567;2759;33090;3041;2302911;2302912;2302913;2302914
Gregarinomorphea.U.genus,NA,15,80,cellular organisms;Eukaryota;Sar;Alveolata;Apicomplexa;Gregarinomorphea.U.genus,phylum;genus,131567;2759;2698737;33630;5794;NA
MAST-12C,NA,15,27,cellular organisms;Eukaryota;Sar;Stramenopiles;MAST-12C,clade;genus,131567;2759;2698737;33634;NA
Paracalanus,163471,15,324,cellular organisms;Eukaryota;Opisthokonta;Metazoa;Eumetazoa;Bilateria;Protostomia;Ecdysozoa;Panarthropoda;Arthropoda;Mandibulata;Pancrustacea;Crustacea;Multicrustacea;Hexanauplia;Copepoda;Neocopepoda;Gymnoplea;Calanoida;Paracalanidae;Paracalanus,cellular root;domain;clade;kingdom;clade;clade;clade;clade;clade;phylum;clade;clade;subphylum;superclass;class;subclass;infraclass;superorder;order;family;genus,131567;2759;33154;33208;6072;33213;33317;1206794;88770;6656;197563;197562;6657;2172821;72037;6830;116569;116570;6833;163470;163471
Phaeodactylum,2849,15,37,cellular organisms;Eukaryota;Sar;Stramenopiles;Ochrophyta;Bacillariophyta;Bacillariophyceae;Bacillariophycidae;Naviculales;Phaeodactylaceae;Phaeodactylum,cellular root;domain;clade;clade;clade;phylum;class;clade;order;family;genus,131567;2759;2698737;33634;2696291;2836;33849;33850;38748;38749;2849
Phialophora,5600,15,31,cellular organisms;Eukaryota;Opisthokonta;Fungi;Dikarya;Ascomycota;saccharomyceta;Pezizomycotina;leotiomyceta;Eurotiomycetes;Chaetothyriomycetidae;Chaetothyriales;Herpotrichiellaceae;Phialophora,cellular root;domain;clade;kingdom;subkingdom;phylum;clade;subphylum;clade;class;subclass;order;family;genus,131567;2759;33154;4751;451864;4890;716545;147538;716546;147545;451870;34395;43219;5600
Allobodo,2571230,14,30,cellular organisms;Eukaryota;Discoba;Euglenozoa;Kinetoplastea;Metakinetoplastina;Eubodonida;Bodonidae;Allobodo,cellular root;domain;clade;phylum;class;subclass;order;family;genus,131567;2759;2611352;33682;5653;2704647;2704650;5708;2571230
Dinophyceae_XXX,2864,14,19,cellular organisms;Eukaryota;Sar;Alveolata;Dinophyceae;Dinophyceae_XXX,cellular root;domain;clade;clade;class;original_name,131567;2759;2698737;33630;2864;2864
Eudiaptomus,251516,14,901,cellular organisms;Eukaryota;Opisthokonta;Metazoa;Eumetazoa;Bilateria;Protostomia;Ecdysozoa;Panarthropoda;Arthropoda;Mandibulata;Pancrustacea;Crustacea;Multicrustacea;Hexanauplia;Copepoda;Neocopepoda;Gymnoplea;Calanoida;Diaptomidae;Eudiaptomus,cellular root;domain;clade;kingdom;clade;clade;clade;clade;clade;phylum;clade;clade;subphylum;superclass;class;subclass;infraclass;superorder;order;family;genus,131567;2759;33154;33208;6072;33213;33317;1206794;88770;6656;197563;197562;6657;2172821;72037;6830;116569;116570;6833;236535;251516
Nematostella,45350,14,36,cellular organisms;Eukaryota;Opisthokonta;Metazoa;Eumetazoa;Cnidaria;Anthozoa;Hexacorallia;Actiniaria;Edwardsiidae;Nematostella,cellular root;domain;clade;kingdom;clade;phylum;class;subclass;order;family;genus,131567;2759;33154;33208;6072;6073;6101;6102;6103;45349;45350
Polychaos,2663723,14,43,cellular organisms;Eukaryota;Amoebozoa;Tubulinea;Elardia;Euamoebida;Hartmannellidae;Polychaos,cellular root;domain;clade;phylum;class;order;family;genus,131567;2759;554915;555369;2681632;180229;5776;2663723
Cercomonadidae_X,45108,13,26,cellular organisms;Eukaryota;Sar;Rhizaria;Cercozoa;Cercomonadida;Cercomonadidae;Cercomonadidae_X,cellular root;domain;clade;clade;phylum;order;family;original_name,131567;2759;2698737;543769;136419;188941;45108;45108
Chrysaora,6147,13,32,cellular organisms;Eukaryota;Opisthokonta;Metazoa;Eumetazoa;Cnidaria;Scyphozoa;Semaeostomeae;Pelagiidae;Chrysaora,cellular root;domain;clade;kingdom;clade;phylum;class;order;family;genus,131567;2759;33154;33208;6072;6073;6142;6143;6146;6147
Crassostrea,6564,13,29,cellular organisms;Eukaryota;Opisthokonta;Metazoa;Eumetazoa;Bilateria;Protostomia;Spiralia;Lophotrochozoa;Mollusca;Bivalvia;Autobranchia;Pteriomorphia;Ostreida;Ostreoidea;Ostreidae;Crassostrea,cellular root;domain;clade;kingdom;clade;clade;clade;clade;clade;phylum;class;subclass;clade;order;superfamily;family;genus,131567;2759;33154;33208;6072;33213;33317;2697495;1206795;6447;6544;2785011;6545;6562;98302;6563;6564
Leohumicola,290614,13,81,cellular organisms;Eukaryota;Opisthokonta;Fungi;Dikarya;Ascomycota;saccharomyceta;Pezizomycotina;leotiomyceta;sordariomyceta;Leotiomycetes;Leotiomycetes incertae sedis;Leohumicola,cellular root;domain;clade;kingdom;subkingdom;phylum;clade;subphylum;clade;clade;class;no rank;genus,131567;2759;33154;4751;451864;4890;716545;147538;716546;715989;147548;221903;290614
Neurospora,5140,13,243,cellular organisms;Eukaryota;Opisthokonta;Fungi;Dikarya;Ascomycota;saccharomyceta;Pezizomycotina;leotiomyceta;sordariomyceta;Sordariomycetes;Sordariomycetidae;Sordariales;Sordariaceae;Neurospora,cellular root;domain;clade;kingdom;subkingdom;phylum;clade;subphylum;clade;clade;class;subclass;order;family;genus,131567;2759;33154;4751;451864;4890;716545;147538;716546;715989;147550;222544;5139;5148;5140
OLIGO2_X,NA,13,158,Alveolata;OLIGO2_X,division;family,NA;NA
Ricinus,160061,13,15,cellular organisms;Eukaryota;Opisthokonta;Metazoa;Eumetazoa;Bilateria;Protostomia;Ecdysozoa;Panarthropoda;Arthropoda;Mandibulata;Pancrustacea;Hexapoda;Insecta;Dicondylia;Pterygota;Neoptera;Paraneoptera;Psocodea;Phthiraptera;Amblycera;Ricinidae;Ricinus,cellular root;domain;clade;kingdom;clade;clade;clade;clade;clade;phylum;clade;clade;subphylum;class;clade;subclass;infraclass;cohort;superorder;order;suborder;family;genus,131567;2759;33154;33208;6072;33213;33317;1206794;88770;6656;197563;197562;6960;50557;85512;7496;33340;33342;1930602;85819;50629;160060;160061
Rigifila,1237874,13,17,cellular organisms;Eukaryota;CRuMs;Rigifilida;Rigifila,cellular root;domain;clade;order;genus,131567;2759;2608240;1237875;1237874
Saccharomyces,4930,13,969,cellular organisms;Eukaryota;Opisthokonta;Fungi;Dikarya;Ascomycota;saccharomyceta;Saccharomycotina;Saccharomycetes;Saccharomycetales;Saccharomycetaceae;Saccharomyces,cellular root;domain;clade;kingdom;subkingdom;phylum;clade;subphylum;class;order;family;genus,131567;2759;33154;4751;451864;4890;716545;147537;4891;4892;4893;4930
Aphelidium,1498217,12,17,cellular organisms;Eukaryota;Opisthokonta;Aphelida;Aphelidea;Aphelidiaceae;Aphelidium,cellular root;domain;clade;clade;class;family;genus,131567;2759;33154;2316435;1498967;2689233;1498217
Cercozoa_XXXX,136419,12,21,cellular organisms;Eukaryota;Sar;Rhizaria;Cercozoa;Cercozoa_XXXX,cellular root;domain;clade;clade;phylum;original_name,131567;2759;2698737;543769;136419;136419
Chydorus,77744,12,27,cellular organisms;Eukaryota;Opisthokonta;Metazoa;Eumetazoa;Bilateria;Protostomia;Ecdysozoa;Panarthropoda;Arthropoda;Mandibulata;Pancrustacea;Crustacea;Branchiopoda;Phyllopoda;Diplostraca;Cladocera;Anomopoda;Chydoridae;Chydorus,cellular root;domain;clade;kingdom;clade;clade;clade;clade;clade;phylum;clade;clade;subphylum;class;subclass;order;suborder;infraorder;family;genus,131567;2759;33154;33208;6072;33213;33317;1206794;88770;6656;197563;197562;6657;6658;116557;84337;6665;116561;77713;77744
Coemansia,4863,12,40,cellular organisms;Eukaryota;Opisthokonta;Fungi;Fungi incertae sedis;Zoopagomycota;Kickxellomycotina;Kickxellomycetes;Kickxellales;Kickxellaceae;Coemansia,cellular root;domain;clade;kingdom;no rank;phylum;subphylum;class;order;family;genus,131567;2759;33154;4751;112252;1913638;451828;2219690;4861;4862;4863
Dino-Group-II_XX,NA,12,29,cellular organisms;Eukaryota;Sar;Alveolata;Dinophyceae;Dino-Group-II_XX,class;genus,131567;2759;2698737;33630;2864;NA
Micronuclearia,238745,12,28,cellular organisms;Eukaryota;CRuMs;Rigifilida;Micronuclearia,cellular root;domain;clade;order;genus,131567;2759;2608240;1237875;238745
Plagiostomum,84130,12,25,cellular organisms;Eukaryota;Opisthokonta;Metazoa;Eumetazoa;Bilateria;Protostomia;Spiralia;Lophotrochozoa;Platyhelminthes;Rhabditophora;Prolecithophora;Separata;Plagiostomidae;Plagiostomum,cellular root;domain;clade;kingdom;clade;clade;clade;clade;clade;phylum;class;order;clade;family;genus,131567;2759;33154;33208;6072;33213;33317;2697495;1206795;6157;147100;79788;79796;79797;84130
Rhizoclosmatium,109967,12,82,cellular organisms;Eukaryota;Opisthokonta;Fungi;Fungi incertae sedis;Chytridiomycota;Chytridiomycota incertae sedis;Chytridiomycetes;Chytridiales;Chytriomycetaceae;Rhizoclosmatium,cellular root;domain;clade;kingdom;no rank;phylum;no rank;class;order;family;genus,131567;2759;33154;4751;112252;4761;2683659;451435;4810;1352827;109967
Spumella,89043,12,14,cellular organisms;Eukaryota;Sar;Stramenopiles;Ochrophyta;Chrysophyceae;Chromulinales;Chromulinaceae;Spumella,cellular root;domain;clade;clade;clade;class;order;family;genus,131567;2759;2698737;33634;2696291;2825;96792;98651;89043
Tetrachaetum,253301,12,36,cellular organisms;Eukaryota;Opisthokonta;Fungi;Dikarya;Ascomycota;saccharomyceta;Pezizomycotina;leotiomyceta;sordariomyceta;Leotiomycetes;Helotiales;Discinellaceae;Tetrachaetum,cellular root;domain;clade;kingdom;subkingdom;phylum;clade;subphylum;clade;clade;class;order;family;genus,131567;2759;33154;4751;451864;4890;716545;147538;716546;715989;147548;5178;2794838;253301
Coccidioides,5500,11,17,cellular organisms;Eukaryota;Opisthokonta;Fungi;Dikarya;Ascomycota;saccharomyceta;Pezizomycotina;leotiomyceta;Eurotiomycetes;Eurotiomycetidae;Onygenales;Onygenaceae;Coccidioides,cellular root;domain;clade;kingdom;subkingdom;phylum;clade;subphylum;clade;class;subclass;order;family;genus,131567;2759;33154;4751;451864;4890;716545;147538;716546;147545;451871;33183;33184;5500
Mrakia,29901,11,95,cellular organisms;Eukaryota;Opisthokonta;Fungi;Dikarya;Basidiomycota;Agaricomycotina;Tremellomycetes;Cystofilobasidiales;Mrakiaceae;Mrakia,cellular root;domain;clade;kingdom;subkingdom;phylum;subphylum;class;order;family;genus,131567;2759;33154;4751;451864;5204;5302;155616;90883;1851551;29901
Nucleariidae_Nuclearia_2_X,154966,11,30,cellular organisms;Eukaryota;Opisthokonta;Rotosphaerida;Nucleariidae;Nucleariidae_Nuclearia_2_X,cellular root;domain;clade;order;family;original_name,131567;2759;33154;2686024;154966;154966
Tobrilus,327476,11,65,cellular organisms;Eukaryota;Opisthokonta;Metazoa;Eumetazoa;Bilateria;Protostomia;Ecdysozoa;Nematoda;Enoplea;Enoplia;Triplonchida;Tobrilina;Tobriloidea;Tobrilidae;Tobrilus,cellular root;domain;clade;kingdom;clade;clade;clade;clade;phylum;class;subclass;order;suborder;superfamily;family;genus,131567;2759;33154;33208;6072;33213;33317;1206794;6231;119088;33218;211184;1337737;2301137;1337729;327476
Bodo,5712,10,15,cellular organisms;Eukaryota;Discoba;Euglenozoa;Kinetoplastea;Metakinetoplastina;Eubodonida;Bodonidae;Bodo,cellular root;domain;clade;phylum;class;subclass;order;family;genus,131567;2759;2611352;33682;5653;2704647;2704650;5708;5712
Chloroparva,948560,10,17,cellular organisms;Eukaryota;Viridiplantae;Chlorophyta;core chlorophytes;Trebouxiophyceae;Chlorellales;Chlorellaceae;Chloroparva,cellular root;domain;kingdom;phylum;clade;class;order;family;genus,131567;2759;33090;3041;2692248;75966;35460;35461;948560
Chlorophyceae.U.genus,3166,10,62,cellular organisms;Eukaryota;Viridiplantae;Chlorophyta;core chlorophytes;Chlorophyceae;Chlorophyceae.U.genus,cellular root;domain;kingdom;phylum;clade;class;original_name,131567;2759;33090;3041;2692248;3166;3166
Coelomomyces,143959,10,29,cellular organisms;Eukaryota;Opisthokonta;Fungi;Fungi incertae sedis;Blastocladiomycota;Blastocladiomycetes;Blastocladiales;Coelomomycetaceae;Coelomomyces,cellular root;domain;clade;kingdom;no rank;phylum;class;order;family;genus,131567;2759;33154;4751;112252;451459;451460;4805;143958;143959
Colletotrichum,5455,10,15,cellular organisms;Eukaryota;Opisthokonta;Fungi;Dikarya;Ascomycota;saccharomyceta;Pezizomycotina;leotiomyceta;sordariomyceta;Sordariomycetes;Hypocreomycetidae;Glomerellales;Glomerellaceae;Colletotrichum,cellular root;domain;clade;kingdom;subkingdom;phylum;clade;subphylum;clade;clade;class;subclass;order;family;genus,131567;2759;33154;4751;451864;4890;716545;147538;716546;715989;147550;222543;1028384;681950;5455
Daphnia,6668,10,26,cellular organisms;Eukaryota;Opisthokonta;Metazoa;Eumetazoa;Bilateria;Protostomia;Ecdysozoa;Panarthropoda;Arthropoda;Mandibulata;Pancrustacea;Crustacea;Branchiopoda;Phyllopoda;Diplostraca;Cladocera;Anomopoda;Daphniidae;Daphnia,cellular root;domain;clade;kingdom;clade;clade;clade;clade;clade;phylum;clade;clade;subphylum;class;subclass;order;suborder;infraorder;family;genus,131567;2759;33154;33208;6072;33213;33317;1206794;88770;6656;197563;197562;6657;6658;116557;84337;6665;116561;77658;6668
Notosolenus,186759,10,15,cellular organisms;Eukaryota;Discoba;Euglenozoa;Euglenida;Petalomonadida;Scytomonadidae;Notosolenus,cellular root;domain;clade;phylum;class;order;family;genus,131567;2759;2611352;33682;3035;2570648;2570650;186759
Plasmodium2,418103,10,35,cellular organisms;Eukaryota;Sar;Alveolata;Apicomplexa;Aconoidasida;Haemosporida;Plasmodiidae;Plasmodium;Plasmodium (Plasmodium);Plasmodium2,cellular root;domain;clade;clade;phylum;class;order;family;genus;subgenus;original_name,131567;2759;2698737;33630;5794;422676;5819;1639119;5820;418103;418103
Psora,111720,10,24,cellular organisms;Eukaryota;Opisthokonta;Fungi;Dikarya;Ascomycota;saccharomyceta;Pezizomycotina;leotiomyceta;Lecanoromycetes;OSLEUM clade;Lecanoromycetidae;Lecanorales;Lecanorineae;Psoraceae;Psora,cellular root;domain;clade;kingdom;subkingdom;phylum;clade;subphylum;clade;class;clade;subclass;order;suborder;family;genus,131567;2759;33154;4751;451864;4890;716545;147538;716546;147547;1520881;388435;5197;157822;258890;111720
Pterocystida_XXX,2607628,10,24,cellular organisms;Eukaryota;Haptista;Centroplasthelida;Pterocystida;Pterocystida_XXX,cellular root;domain;clade;class;order;original_name,131567;2759;2608109;193537;2607628;2607628
Reophax,212491,10,34,cellular organisms;Eukaryota;Sar;Rhizaria;Retaria;Foraminifera;Lituolida;Reophacidae;Reophax,cellular root;domain;clade;clade;clade;phylum;order;family;genus,131567;2759;2698737;543769;2662056;29178;998816;1482317;212491
Trepomonas,44997,10,23,cellular organisms;Eukaryota;Metamonada;Fornicata;Diplomonadida;Hexamitidae;Hexamitinae;Trepomonas,cellular root;domain;clade;phylum;order;family;subfamily;genus,131567;2759;2611341;207245;5738;5739;68460;44997
Vampyrella,941459,10,18,cellular organisms;Eukaryota;Sar;Rhizaria;Endomyxa;Vampyrellida;Vampyrellidae;Vampyrella,cellular root;domain;clade;clade;phylum;order;family;genus,131567;2759;2698737;543769;2604748;1367446;325674;941459
Astrorhiza,46079,9,9,cellular organisms;Eukaryota;Sar;Rhizaria;Retaria;Foraminifera;Monothalamids;Astrorhizida;Astrorhizidae;Astrorhiza,cellular root;domain;clade;clade;clade;phylum;clade;order;family;genus,131567;2759;2698737;543769;2662056;29178;1505960;46109;46116;46079
Evaginogenida_X,163659,9,17,cellular organisms;Eukaryota;Sar;Alveolata;Ciliophora;Intramacronucleata;Phyllopharyngea;Suctoria;Evaginogenida;Evaginogenida_X,cellular root;domain;clade;clade;phylum;subphylum;class;subclass;order;original_name,131567;2759;2698737;33630;5878;431838;37471;39462;163659;163659
Mitosporidium,1633384,9,13,cellular organisms;Eukaryota;Opisthokonta;Fungi;Fungi incertae sedis;Microsporidia;Microsporidia incertae sedis;Mitosporidium,cellular root;domain;clade;kingdom;no rank;phylum;no rank;genus,131567;2759;33154;4751;112252;6029;469895;1633384
Plectonchus,114872,9,71,cellular organisms;Eukaryota;Opisthokonta;Metazoa;Eumetazoa;Bilateria;Protostomia;Ecdysozoa;Nematoda;Chromadorea;Rhabditida;Tylenchina;Panagrolaimomorpha;Panagrolaimoidea;Panagrolaimidae;Plectonchus,cellular root;domain;clade;kingdom;clade;clade;clade;clade;phylum;class;order;suborder;infraorder;superfamily;family;genus,131567;2759;33154;33208;6072;33213;33317;1206794;6231;119089;6236;6300;2082223;55746;114848;114872
Ventrifissura,1938507,9,9,cellular organisms;Eukaryota;Sar;Rhizaria;Cercozoa;Thecofilosea;Ventricleftida;Ventrifissuridae;Ventrifissura,cellular root;domain;clade;clade;phylum;class;order;family;genus,131567;2759;2698737;543769;136419;1004930;1938500;1938506;1938507
Agaricomycetes_X,155619,8,27,cellular organisms;Eukaryota;Opisthokonta;Fungi;Dikarya;Basidiomycota;Agaricomycotina;Agaricomycetes;Agaricomycetes_X,cellular root;domain;clade;kingdom;subkingdom;phylum;subphylum;class;original_name,131567;2759;33154;4751;451864;5204;5302;155619;155619
Bacillariophyceae_XXX,33849,8,29,cellular organisms;Eukaryota;Sar;Stramenopiles;Ochrophyta;Bacillariophyta;Bacillariophyceae;Bacillariophyceae_XXX,cellular root;domain;clade;clade;clade;phylum;class;original_name,131567;2759;2698737;33634;2696291;2836;33849;33849
Balamuthia,66526,8,12,cellular organisms;Eukaryota;Amoebozoa;Discosea;Longamoebia;Centramoebida;Balamuthiidae;Balamuthia,cellular root;domain;clade;phylum;order;clade;family;genus,131567;2759;554915;555280;1485168;555407;555408;66526
Clavicaudoides,266273,8,142,cellular organisms;Eukaryota;Opisthokonta;Metazoa;Eumetazoa;Bilateria;Protostomia;Ecdysozoa;Nematoda;Enoplea;Dorylaimia;Dorylaimida;Nygolaimina;Nygolaimoidea;Nygolaimidae;Nygolaiminae;Clavicaudoides,cellular root;domain;clade;kingdom;clade;clade;clade;clade;phylum;class;subclass;order;suborder;superfamily;family;subfamily;genus,131567;2759;33154;33208;6072;33213;33317;1206794;6231;119088;1457286;46000;211354;211355;211356;211357;266273
Kinetoplastea_XX_MET3,5653,8,14,cellular organisms;Eukaryota;Discoba;Euglenozoa;Kinetoplastea;Kinetoplastea_XX_MET3,cellular root;domain;clade;phylum;class;original_name,131567;2759;2611352;33682;5653;5653
LKM74-lineage_X,NA,8,10,Discosea;LKM74-lineage_X,division;family,NA;NA
Mucoromycotina_XX,451507,8,8,cellular organisms;Eukaryota;Opisthokonta;Fungi;Fungi incertae sedis;Mucoromycota;Mucoromycotina;Mucoromycotina_XX,cellular root;domain;clade;kingdom;no rank;phylum;subphylum;original_name,131567;2759;33154;4751;112252;1913637;451507;451507
Prodesmodora,293849,8,10,cellular organisms;Eukaryota;Opisthokonta;Metazoa;Eumetazoa;Bilateria;Protostomia;Ecdysozoa;Nematoda;Chromadorea;Desmodorida;Desmodorina;Microlaimoidea;Microlaimidae;Prodesmodora,cellular root;domain;clade;kingdom;clade;clade;clade;clade;phylum;class;order;suborder;superfamily;family;genus,131567;2759;33154;33208;6072;33213;33317;1206794;6231;119089;73930;2301102;2301104;293848;293849
Thaumatomonas,45099,8,9,cellular organisms;Eukaryota;Sar;Rhizaria;Cercozoa;Imbricatea;Silicofilosea;Thaumatomonadida;Thaumatomastigidae;Thaumatomonas,cellular root;domain;clade;clade;phylum;class;clade;order;family;genus,131567;2759;2698737;543769;136419;1736114;556185;188944;45098;45099
Tilletiopsis,1500560,8,53,cellular organisms;Eukaryota;Opisthokonta;Fungi;Dikarya;Basidiomycota;Ustilaginomycotina;Exobasidiomycetes;Entylomatales;Entylomatales incertae sedis;Tilletiopsis,cellular root;domain;clade;kingdom;subkingdom;phylum;subphylum;class;order;no rank;genus,131567;2759;33154;4751;451864;5204;452284;452283;62914;162479;1500560
Bicoecea_XXX,33651,7,9,cellular organisms;Eukaryota;Sar;Stramenopiles;Bigyra;Opalozoa;Bicosoecida;Bicoecea_XXX,cellular root;domain;clade;clade;class;clade;order;original_name,131567;2759;2698737;33634;2683628;2683629;33651;33651
Brachypodium,15367,7,18,cellular organisms;Eukaryota;Viridiplantae;Streptophyta;Streptophytina;Embryophyta;Tracheophyta;Euphyllophyta;Spermatophyta;Magnoliopsida;Mesangiospermae;Liliopsida;Petrosaviidae;commelinids;Poales;Poaceae;BOP clade;Pooideae;Stipodae;Brachypodieae;Brachypodium,cellular root;domain;kingdom;phylum;subphylum;clade;clade;clade;clade;class;clade;clade;subclass;clade;order;family;clade;subfamily;no rank;tribe;genus,131567;2759;33090;35493;131221;3193;58023;78536;58024;3398;1437183;4447;1437197;4734;38820;4479;359160;147368;2822797;147385;15367
Tubulinea_XXXXX,555369,7,15,cellular organisms;Eukaryota;Amoebozoa;Tubulinea;Tubulinea_XXXXX,cellular root;domain;clade;phylum;original_name,131567;2759;554915;555369;555369
ARMOP1_X,NA,6,9,Alveolata;ARMOP1_X,division;family,NA;NA
Ascomorpha,360654,6,7,cellular organisms;Eukaryota;Opisthokonta;Metazoa;Eumetazoa;Bilateria;Protostomia;Spiralia;Gnathifera;Rotifera;Eurotatoria;Monogononta;Pseudotrocha;Ploima;Gastropidae;Ascomorpha,cellular root;domain;clade;kingdom;clade;clade;clade;clade;clade;phylum;class;subclass;superorder;order;family;genus,131567;2759;33154;33208;6072;33213;33317;2697495;2697496;10190;2816136;10191;1709201;84394;360653;360654
Cryptodifflugia,1078833,6,11,cellular organisms;Eukaryota;Amoebozoa;Tubulinea;Elardia;Arcellinida;Phryganellina;Cryptodifflugiidae;Cryptodifflugia,cellular root;domain;clade;phylum;class;order;suborder;family;genus,131567;2759;554915;555369;2681632;318493;318517;1078832;1078833
Cryptosporidiidae.U.genus,35082,6,8,cellular organisms;Eukaryota;Sar;Alveolata;Apicomplexa;Conoidasida;Coccidia;Eucoccidiorida;Eimeriorina;Cryptosporidiidae;Cryptosporidiidae.U.genus,cellular root;domain;clade;clade;phylum;class;subclass;order;suborder;family;original_name,131567;2759;2698737;33630;5794;1280412;5796;75739;423054;35082;35082
Eimeriida.U.genus,NA,6,20,cellular organisms;Eukaryota;Sar;Alveolata;Apicomplexa;Eimeriida.U.genus,phylum;genus,131567;2759;2698737;33630;5794;NA
Ichthyophonida_XXX,198625,6,11,cellular organisms;Eukaryota;Opisthokonta;Ichthyosporea;Ichthyophonida;Ichthyophonida_XXX,cellular root;domain;clade;class;order;original_name,131567;2759;33154;127916;198625;198625
Mortierella,4855,6,6,cellular organisms;Eukaryota;Opisthokonta;Fungi;Fungi incertae sedis;Mucoromycota;Mortierellomycotina;Mortierellomycetes;Mortierellales;Mortierellaceae;Mortierella,cellular root;domain;clade;kingdom;no rank;phylum;subphylum;class;order;family;genus,131567;2759;33154;4751;112252;1913637;1137986;2212732;214503;4854;4855
Nematostelium,661164,6,8,cellular organisms;Eukaryota;Amoebozoa;Evosea;Variosea;Fractovitellida;Schizoplasmodiidae;Nematostelium,cellular root;domain;clade;phylum;class;order;family;genus,131567;2759;554915;2605435;2605334;2605345;2681886;661164
Neocallimastigaceae.U.genus,29007,6,69,cellular organisms;Eukaryota;Opisthokonta;Fungi;Fungi incertae sedis;Chytridiomycota;Chytridiomycota incertae sedis;Neocallimastigomycetes;Neocallimastigales;Neocallimastigaceae;Neocallimastigaceae.U.genus,cellular root;domain;clade;kingdom;no rank;phylum;no rank;class;order;family;original_name,131567;2759;33154;4751;112252;4761;2683659;451455;29006;29007;29007
Podospora,5144,6,12,cellular organisms;Eukaryota;Opisthokonta;Fungi;Dikarya;Ascomycota;saccharomyceta;Pezizomycotina;leotiomyceta;sordariomyceta;Sordariomycetes;Sordariomycetidae;Sordariales;Podosporaceae;Podospora,cellular root;domain;clade;kingdom;subkingdom;phylum;clade;subphylum;clade;clade;class;subclass;order;family;genus,131567;2759;33154;4751;451864;4890;716545;147538;716546;715989;147550;222544;5139;2609812;5144
Pseudovorticella,310678,6,76,cellular organisms;Eukaryota;Sar;Alveolata;Ciliophora;Intramacronucleata;Oligohymenophorea;Peritrichia;Sessilida;Vorticellidae;Pseudovorticella,cellular root;domain;clade;clade;phylum;subphylum;class;subclass;order;family;genus,131567;2759;2698737;33630;5878;431838;6020;6021;1974272;85904;310678
Sandona,1239209,6,9,cellular organisms;Eukaryota;Sar;Rhizaria;Cercozoa;Glissomonadida;Sandonidae;Sandona,cellular root;domain;clade;clade;phylum;order;family;genus,131567;2759;2698737;543769;136419;1238681;2586441;1239209
Strigomonas,1003010,6,30,cellular organisms;Eukaryota;Discoba;Euglenozoa;Kinetoplastea;Metakinetoplastina;Trypanosomatida;Trypanosomatidae;Strigomonadinae;Strigomonas,cellular root;domain;clade;phylum;class;subclass;order;family;subfamily;genus,131567;2759;2611352;33682;5653;2704647;2704949;5654;1581334;1003010
Zoopagomycota_XX.U.genus,1913638,6,25,cellular organisms;Eukaryota;Opisthokonta;Fungi;Fungi incertae sedis;Zoopagomycota;Zoopagomycota_XX.U.genus,cellular root;domain;clade;kingdom;no rank;phylum;original_name,131567;2759;33154;4751;112252;1913638;1913638
epibiont,NA,6,29,Opisthokonta;epibiont,division;family,NA;NA
Actinosphaerium,238766,5,14,cellular organisms;Eukaryota;Sar;Stramenopiles;Actinophryidae;Actinosphaerium,cellular root;domain;clade;clade;class;genus,131567;2759;2698737;33634;238765;238766
Aculops,644139,5,7,cellular organisms;Eukaryota;Opisthokonta;Metazoa;Eumetazoa;Bilateria;Protostomia;Ecdysozoa;Panarthropoda;Arthropoda;Chelicerata;Arachnida;Acari;Acariformes;Trombidiformes;Prostigmata;Eupodina;Eriophyoidea;Eriophyidae;Phyllocoptinae;Anthocoptini;Aculops,cellular root;domain;clade;kingdom;clade;clade;clade;clade;clade;phylum;subphylum;class;subclass;superorder;order;suborder;clade;superfamily;family;subfamily;tribe;genus,131567;2759;33154;33208;6072;33213;33317;1206794;88770;6656;6843;6854;6933;6946;83136;6947;83139;70332;70320;426501;426515;644139
Botryococcus,38880,5,8,cellular organisms;Eukaryota;Viridiplantae;Chlorophyta;core chlorophytes;Trebouxiophyceae;Trebouxiophyceae incertae sedis;Elliptochloris clade;Botryococcus,cellular root;domain;kingdom;phylum;clade;class;no rank;clade;genus,131567;2759;33090;3041;2692248;75966;75981;2511161;38880
Centropages,136182,5,13,cellular organisms;Eukaryota;Opisthokonta;Metazoa;Eumetazoa;Bilateria;Protostomia;Ecdysozoa;Panarthropoda;Arthropoda;Mandibulata;Pancrustacea;Crustacea;Multicrustacea;Hexanauplia;Copepoda;Neocopepoda;Gymnoplea;Calanoida;Centropagidae;Centropages,cellular root;domain;clade;kingdom;clade;clade;clade;clade;clade;phylum;clade;clade;subphylum;superclass;class;subclass;infraclass;superorder;order;family;genus,131567;2759;33154;33208;6072;33213;33317;1206794;88770;6656;197563;197562;6657;2172821;72037;6830;116569;116570;6833;136181;136182
Choanocystis,299888,5,6,cellular organisms;Eukaryota;Haptista;Centroplasthelida;Pterocystida;Raphidista;Choanocystis,cellular root;domain;clade;class;order;clade;genus,131567;2759;2608109;193537;2607628;2605920;299888
Cryomonadida.U.genus,589444,5,7,cellular organisms;Eukaryota;Sar;Rhizaria;Cercozoa;Thecofilosea;Cryomonadida;Cryomonadida.U.genus,cellular root;domain;clade;clade;phylum;class;order;original_name,131567;2759;2698737;543769;136419;1004930;589444;589444
Cryptococcus,79213,5,5,cellular organisms;Eukaryota;Opisthokonta;Metazoa;Eumetazoa;Bilateria;Protostomia;Ecdysozoa;Panarthropoda;Arthropoda;Mandibulata;Pancrustacea;Hexapoda;Insecta;Dicondylia;Pterygota;Neoptera;Paraneoptera;Hemiptera;Sternorrhyncha;Coccoidea;Eriococcidae;Cryptococcus,cellular root;domain;clade;kingdom;clade;clade;clade;clade;clade;phylum;clade;clade;subphylum;class;clade;subclass;infraclass;cohort;order;suborder;superfamily;family;genus,131567;2759;33154;33208;6072;33213;33317;1206794;88770;6656;197563;197562;6960;50557;85512;7496;33340;33342;7524;33373;33381;240288;79213
Guepiniopsis,143596,5,5,cellular organisms;Eukaryota;Opisthokonta;Fungi;Dikarya;Basidiomycota;Agaricomycotina;Dacrymycetes;Dacrymycetales;Dacrymycetaceae;Guepiniopsis,cellular root;domain;clade;kingdom;subkingdom;phylum;subphylum;class;order;family;genus,131567;2759;33154;4751;451864;5204;5302;452332;28997;5254;143596
Homo,9605,5,15,cellular organisms;Eukaryota;Opisthokonta;Metazoa;Eumetazoa;Bilateria;Deuterostomia;Chordata;Craniata;Vertebrata;Gnathostomata;Teleostomi;Euteleostomi;Sarcopterygii;Dipnotetrapodomorpha;Tetrapoda;Amniota;Mammalia;Theria;Eutheria;Boreoeutheria;Euarchontoglires;Primates;Haplorrhini;Simiiformes;Catarrhini;Hominoidea;Hominidae;Homininae;Homo,cellular root;domain;clade;kingdom;clade;clade;clade;phylum;subphylum;clade;clade;clade;clade;superclass;clade;clade;clade;class;clade;clade;clade;superorder;order;suborder;infraorder;parvorder;superfamily;family;subfamily;genus,131567;2759;33154;33208;6072;33213;33511;7711;89593;7742;7776;117570;117571;8287;1338369;32523;32524;40674;32525;9347;1437010;314146;9443;376913;314293;9526;314295;9604;207598;9605
Hyplorynchus,NA,5,10,cellular organisms;Eukaryota;Sar;Alveolata;Ciliophora;Intramacronucleata;Litostomatea;Haptoria;Haptorida;Hyplorynchus,order;genus,131567;2759;2698737;33630;5878;431838;5988;197905;5989;NA
Metridia,114066,5,70,cellular organisms;Eukaryota;Opisthokonta;Metazoa;Eumetazoa;Bilateria;Protostomia;Ecdysozoa;Panarthropoda;Arthropoda;Mandibulata;Pancrustacea;Crustacea;Multicrustacea;Hexanauplia;Copepoda;Neocopepoda;Gymnoplea;Calanoida;Metridinidae;Metridia,cellular root;domain;clade;kingdom;clade;clade;clade;clade;clade;phylum;clade;clade;subphylum;superclass;class;subclass;infraclass;superorder;order;family;genus,131567;2759;33154;33208;6072;33213;33317;1206794;88770;6656;197563;197562;6657;2172821;72037;6830;116569;116570;6833;122094;114066
Neogregarinorida.U.genus,238088,5,9,cellular organisms;Eukaryota;Sar;Alveolata;Apicomplexa;Conoidasida;Gregarinasina;Neogregarinorida;Neogregarinorida.U.genus,cellular root;domain;clade;clade;phylum;class;subclass;order;original_name,131567;2759;2698737;33630;5794;1280412;35086;238088;238088
Novel-Clade-4_X,NA,5,6,Rhizaria;Novel-Clade-4_X,division;family,NA;NA
Penthaleus,296206,5,143,cellular organisms;Eukaryota;Opisthokonta;Metazoa;Eumetazoa;Bilateria;Protostomia;Ecdysozoa;Panarthropoda;Arthropoda;Chelicerata;Arachnida;Acari;Acariformes;Trombidiformes;Prostigmata;Eupodina;Eupodoidea;Penthaleidae;Penthaleus,cellular root;domain;clade;kingdom;clade;clade;clade;clade;clade;phylum;subphylum;class;subclass;superorder;order;suborder;clade;superfamily;family;genus,131567;2759;33154;33208;6072;33213;33317;1206794;88770;6656;6843;6854;6933;6946;83136;6947;83139;94819;296205;296206
Philaenus,30087,5,7,cellular organisms;Eukaryota;Opisthokonta;Metazoa;Eumetazoa;Bilateria;Protostomia;Ecdysozoa;Panarthropoda;Arthropoda;Mandibulata;Pancrustacea;Hexapoda;Insecta;Dicondylia;Pterygota;Neoptera;Paraneoptera;Hemiptera;Auchenorrhyncha;Cicadomorpha;Cercopoidea;Aphrophoridae;Philaenus,cellular root;domain;clade;kingdom;clade;clade;clade;clade;clade;phylum;clade;clade;subphylum;class;clade;subclass;infraclass;cohort;order;suborder;infraorder;superfamily;family;genus,131567;2759;33154;33208;6072;33213;33317;1206794;88770;6656;197563;197562;6960;50557;85512;7496;33340;33342;7524;1955247;33365;33366;36666;30087
Polychytrium,110092,5,6,cellular organisms;Eukaryota;Opisthokonta;Fungi;Fungi incertae sedis;Chytridiomycota;Chytridiomycota incertae sedis;Chytridiomycetes;Polychytriales;Polychytriales incertae sedis;Polychytrium,cellular root;domain;clade;kingdom;no rank;phylum;no rank;class;order;no rank;genus,131567;2759;33154;4751;112252;4761;2683659;451435;1134056;2020371;110092
Ripidomyxa,266049,5,6,cellular organisms;Eukaryota;Amoebozoa;Tubulinea;Elardia;Leptomyxida;Flabellulidae;Ripidomyxa,cellular root;domain;clade;phylum;class;order;family;genus,131567;2759;554915;555369;2681632;66524;136457;266049
Saprolegnia,4769,5,126,cellular organisms;Eukaryota;Sar;Stramenopiles;Oomycota;Saprolegniales;Saprolegniaceae;Saprolegnia,cellular root;domain;clade;clade;phylum;order;family;genus,131567;2759;2698737;33634;4762;4763;4764;4769
Stramenopiles_XXXXX,33634,5,8,cellular organisms;Eukaryota;Sar;Stramenopiles;Stramenopiles_XXXXX,cellular root;domain;clade;clade;original_name,131567;2759;2698737;33634;33634
Xenopus,262014,5,9,cellular organisms;Eukaryota;Opisthokonta;Metazoa;Eumetazoa;Bilateria;Deuterostomia;Chordata;Craniata;Vertebrata;Gnathostomata;Teleostomi;Euteleostomi;Sarcopterygii;Dipnotetrapodomorpha;Tetrapoda;Amphibia;Batrachia;Anura;Pipoidea;Pipidae;Xenopodinae;Xenopus;Xenopus,cellular root;domain;clade;kingdom;clade;clade;clade;phylum;subphylum;clade;clade;clade;clade;superclass;clade;clade;class;superorder;order;superfamily;family;subfamily;genus;subgenus,131567;2759;33154;33208;6072;33213;33511;7711;89593;7742;7776;117570;117571;8287;1338369;32523;8292;41666;8342;30319;8352;8360;8353;262014
Acartia,121148,4,7,cellular organisms;Eukaryota;Opisthokonta;Metazoa;Eumetazoa;Bilateria;Protostomia;Ecdysozoa;Panarthropoda;Arthropoda;Mandibulata;Pancrustacea;Crustacea;Multicrustacea;Hexanauplia;Copepoda;Neocopepoda;Gymnoplea;Calanoida;Acartiidae;Acartia,cellular root;domain;clade;kingdom;clade;clade;clade;clade;clade;phylum;clade;clade;subphylum;superclass;class;subclass;infraclass;superorder;order;family;genus,131567;2759;33154;33208;6072;33213;33317;1206794;88770;6656;197563;197562;6657;2172821;72037;6830;116569;116570;6833;121147;121148
Anolis,28376,4,42,cellular organisms;Eukaryota;Opisthokonta;Metazoa;Eumetazoa;Bilateria;Deuterostomia;Chordata;Craniata;Vertebrata;Gnathostomata;Teleostomi;Euteleostomi;Sarcopterygii;Dipnotetrapodomorpha;Tetrapoda;Amniota;Sauropsida;Sauria;Lepidosauria;Squamata;Bifurcata;Unidentata;Episquamata;Toxicofera;Iguania;Dactyloidae;Anolis,cellular root;domain;clade;kingdom;clade;clade;clade;phylum;subphylum;clade;clade;clade;clade;superclass;clade;clade;clade;clade;clade;class;order;clade;clade;clade;clade;suborder;family;genus,131567;2759;33154;33208;6072;33213;33511;7711;89593;7742;7776;117570;117571;8287;1338369;32523;32524;8457;32561;8504;8509;1329961;1329950;1329912;1329911;8511;2024747;28376
Anomalocera,310561,4,55,cellular organisms;Eukaryota;Opisthokonta;Metazoa;Eumetazoa;Bilateria;Protostomia;Ecdysozoa;Panarthropoda;Arthropoda;Mandibulata;Pancrustacea;Crustacea;Multicrustacea;Hexanauplia;Copepoda;Neocopepoda;Gymnoplea;Calanoida;Pontellidae;Anomalocera,cellular root;domain;clade;kingdom;clade;clade;clade;clade;clade;phylum;clade;clade;subphylum;superclass;class;subclass;infraclass;superorder;order;family;genus,131567;2759;33154;33208;6072;33213;33317;1206794;88770;6656;197563;197562;6657;2172821;72037;6830;116569;116570;6833;163235;310561
Bosmina,27402,4,43,cellular organisms;Eukaryota;Opisthokonta;Metazoa;Eumetazoa;Bilateria;Protostomia;Ecdysozoa;Panarthropoda;Arthropoda;Mandibulata;Pancrustacea;Crustacea;Branchiopoda;Phyllopoda;Diplostraca;Cladocera;Anomopoda;Bosminidae;Bosmina,cellular root;domain;clade;kingdom;clade;clade;clade;clade;clade;phylum;clade;clade;subphylum;class;subclass;order;suborder;infraorder;family;genus,131567;2759;33154;33208;6072;33213;33317;1206794;88770;6656;197563;197562;6657;6658;116557;84337;6665;116561;27401;27402
CCW10-lineage_X,NA,4,6,Rhizaria;CCW10-lineage_X,division;family,NA;NA
Cyclops,263416,4,5,cellular organisms;Eukaryota;Opisthokonta;Metazoa;Eumetazoa;Bilateria;Protostomia;Ecdysozoa;Panarthropoda;Arthropoda;Mandibulata;Pancrustacea;Crustacea;Multicrustacea;Hexanauplia;Copepoda;Neocopepoda;Podoplea;Cyclopoida;Cyclopidae;Cyclops,cellular root;domain;clade;kingdom;clade;clade;clade;clade;clade;phylum;clade;clade;subphylum;superclass;class;subclass;infraclass;superorder;order;family;genus,131567;2759;33154;33208;6072;33213;33317;1206794;88770;6656;197563;197562;6657;2172821;72037;6830;116569;116571;84308;84315;263416
Diaphanosoma,117531,4,5,cellular organisms;Eukaryota;Opisthokonta;Metazoa;Eumetazoa;Bilateria;Protostomia;Ecdysozoa;Panarthropoda;Arthropoda;Mandibulata;Pancrustacea;Crustacea;Branchiopoda;Phyllopoda;Diplostraca;Cladocera;Ctenopoda;Sididae;Diaphanosoma,cellular root;domain;clade;kingdom;clade;clade;clade;clade;clade;phylum;clade;clade;subphylum;class;subclass;order;suborder;infraorder;family;genus,131567;2759;33154;33208;6072;33213;33317;1206794;88770;6656;197563;197562;6657;6658;116557;84337;6665;116560;77654;117531
Ditylenchus,166009,4,4,cellular organisms;Eukaryota;Opisthokonta;Metazoa;Eumetazoa;Bilateria;Protostomia;Ecdysozoa;Nematoda;Chromadorea;Rhabditida;Tylenchina;Tylenchomorpha;Sphaerularioidea;Anguinidae;Anguininae;Ditylenchus,cellular root;domain;clade;kingdom;clade;clade;clade;clade;phylum;class;order;suborder;infraorder;superfamily;family;subfamily;genus,131567;2759;33154;33208;6072;33213;33317;1206794;6231;119089;6236;6300;33283;312687;114907;114894;166009
Endomyxa-Ascetosporea_XXX,1871466,4,8,cellular organisms;Eukaryota;Sar;Rhizaria;Endomyxa;Ascetosporea;Endomyxa-Ascetosporea_XXX,cellular root;domain;clade;clade;phylum;class;original_name,131567;2759;2698737;543769;2604748;1871466;1871466
Limnofilidae_X,1938435,4,6,cellular organisms;Eukaryota;Sar;Rhizaria;Cercozoa;Limnofilidae;Limnofilidae_X,cellular root;domain;clade;clade;phylum;family;original_name,131567;2759;2698737;543769;136419;1938435;1938435
Mataza-lineage_X,1004929,4,5,cellular organisms;Eukaryota;Sar;Rhizaria;Cercozoa;Thecofilosea;Thecofilosea incertae sedis;Mataza;Mataza-lineage_X,cellular root;domain;clade;clade;phylum;class;no rank;genus;original_name,131567;2759;2698737;543769;136419;1004930;2927581;1004929;1004929
OLIGO5_XX,NA,4,4,Alveolata;OLIGO5_XX,division;family,NA;NA
Paracercomonas,372085,4,4,cellular organisms;Eukaryota;Sar;Rhizaria;Cercozoa;Cercomonadida;Cercomonadidae;Paracercomonas,cellular root;domain;clade;clade;phylum;order;family;genus,131567;2759;2698737;543769;136419;188941;45108;372085
Paradinida_XX,NA,4,5,cellular organisms;Eukaryota;Sar;Rhizaria;Endomyxa;Ascetosporea;Paradiniida;Paradinida_XX,order;genus,131567;2759;2698737;543769;2604748;1871466;2686029;NA
Parhypochthonius,229752,4,6,cellular organisms;Eukaryota;Opisthokonta;Metazoa;Eumetazoa;Bilateria;Protostomia;Ecdysozoa;Panarthropoda;Arthropoda;Chelicerata;Arachnida;Acari;Acariformes;Sarcoptiformes;Oribatida;Parhyposomata;Parhypochthonioidea;Parhypochthoniidae;Parhypochthonius,cellular root;domain;clade;kingdom;clade;clade;clade;clade;clade;phylum;subphylum;class;subclass;superorder;order;suborder;infraorder;superfamily;family;genus,131567;2759;33154;33208;6072;33213;33317;1206794;88770;6656;6843;6854;6933;6946;83137;66551;229888;83160;229751;229752
Peronosporales.U.genus,4776,4,45,cellular organisms;Eukaryota;Sar;Stramenopiles;Oomycota;Peronosporales;Peronosporales.U.genus,cellular root;domain;clade;clade;phylum;order;original_name,131567;2759;2698737;33634;4762;4776;4776
Plasmodium4,418103,4,6,cellular organisms;Eukaryota;Sar;Alveolata;Apicomplexa;Aconoidasida;Haemosporida;Plasmodiidae;Plasmodium;Plasmodium (Plasmodium);Plasmodium4,cellular root;domain;clade;clade;phylum;class;order;family;genus;subgenus;original_name,131567;2759;2698737;33630;5794;422676;5819;1639119;5820;418103;418103
Protaspa,1938521,4,4,cellular organisms;Eukaryota;Sar;Rhizaria;Cercozoa;Thecofilosea;Cryomonadida;Protaspidae;Protaspa,cellular root;domain;clade;clade;phylum;class;order;family;genus,131567;2759;2698737;543769;136419;1004930;589444;2603934;1938521
Rhynchomonas,127149,4,14,cellular organisms;Eukaryota;Discoba;Euglenozoa;Kinetoplastea;Metakinetoplastina;Neobodonida;Rhynchomonadidae;Rhynchomonas,cellular root;domain;clade;phylum;class;subclass;order;family;genus,131567;2759;2611352;33682;5653;2704647;2704648;2728145;127149
Streptophyta_XXXXX,35493,4,23,cellular organisms;Eukaryota;Viridiplantae;Streptophyta;Streptophyta_XXXXX,cellular root;domain;kingdom;phylum;original_name,131567;2759;33090;35493;35493
Venturia,92443,4,4,cellular organisms;Eukaryota;Opisthokonta;Metazoa;Eumetazoa;Bilateria;Protostomia;Ecdysozoa;Panarthropoda;Arthropoda;Mandibulata;Pancrustacea;Hexapoda;Insecta;Dicondylia;Pterygota;Neoptera;Endopterygota;Hymenoptera;Apocrita;Ichneumonoidea;Ichneumonidae;Campopleginae;Dusona group;Venturia,cellular root;domain;clade;kingdom;clade;clade;clade;clade;clade;phylum;clade;clade;subphylum;class;clade;subclass;infraclass;cohort;order;suborder;superfamily;family;subfamily;no rank;genus,131567;2759;33154;33208;6072;33213;33317;1206794;88770;6656;197563;197562;6960;50557;85512;7496;33340;33392;7399;7400;7401;7408;65149;273877;92443
Acanthopodida.U.genus,NA,3,3,cellular organisms;Eukaryota;Sar;Rhizaria;Retaria;Acantharea;Acanthopodida.U.genus,class;genus,131567;2759;2698737;543769;2662056;65574;NA
Adelina,203141,3,3,cellular organisms;Eukaryota;Sar;Alveolata;Apicomplexa;Adeleorina;Adeleidae;Adelina,cellular root;domain;clade;clade;phylum;suborder;family;genus,131567;2759;2698737;33630;5794;75740;203140;203141
Allantion,188942,3,4,cellular organisms;Eukaryota;Sar;Rhizaria;Cercozoa;Glissomonadida;Allapsidae;Allantion,cellular root;domain;clade;clade;phylum;order;family;genus,131567;2759;2698737;543769;136419;1238681;2607627;188942
Babesia6,5864,3,68,cellular organisms;Eukaryota;Sar;Alveolata;Apicomplexa;Aconoidasida;Piroplasmida;Babesiidae;Babesia;Babesia6,cellular root;domain;clade;clade;phylum;class;order;family;genus;original_name,131567;2759;2698737;33630;5794;422676;5863;32594;5864;5864
Batrachochytrium,100474,3,45,cellular organisms;Eukaryota;Opisthokonta;Fungi;Fungi incertae sedis;Chytridiomycota;Chytridiomycota incertae sedis;Chytridiomycetes;Rhizophydiales;Rhizophydiales incertae sedis;Batrachochytrium,cellular root;domain;clade;kingdom;no rank;phylum;no rank;class;order;no rank;genus,131567;2759;33154;4751;112252;4761;2683659;451435;451442;1142503;100474
Blastocladiomycetes.U.genus,451460,3,4,cellular organisms;Eukaryota;Opisthokonta;Fungi;Fungi incertae sedis;Blastocladiomycota;Blastocladiomycetes;Blastocladiomycetes.U.genus,cellular root;domain;clade;kingdom;no rank;phylum;class;original_name,131567;2759;33154;4751;112252;451459;451460;451460
Ceratium,2915,3,65,cellular organisms;Eukaryota;Sar;Alveolata;Dinophyceae;Gonyaulacales;Ceratiaceae;Ceratium,cellular root;domain;clade;clade;class;order;family;genus,131567;2759;2698737;33630;2864;40984;39451;2915
Chytridiomycota_XXX,4761,3,3,cellular organisms;Eukaryota;Opisthokonta;Fungi;Fungi incertae sedis;Chytridiomycota;Chytridiomycota_XXX,cellular root;domain;clade;kingdom;no rank;phylum;original_name,131567;2759;33154;4751;112252;4761;4761
Cryptosporidium13,5806,3,4,cellular organisms;Eukaryota;Sar;Alveolata;Apicomplexa;Conoidasida;Coccidia;Eucoccidiorida;Eimeriorina;Cryptosporidiidae;Cryptosporidium;Cryptosporidium13,cellular root;domain;clade;clade;phylum;class;subclass;order;suborder;family;genus;original_name,131567;2759;2698737;33630;5794;1280412;5796;75739;423054;35082;5806;5806
Cryptosporidium15,5806,3,3,cellular organisms;Eukaryota;Sar;Alveolata;Apicomplexa;Conoidasida;Coccidia;Eucoccidiorida;Eimeriorina;Cryptosporidiidae;Cryptosporidium;Cryptosporidium15,cellular root;domain;clade;clade;phylum;class;subclass;order;suborder;family;genus;original_name,131567;2759;2698737;33630;5794;1280412;5796;75739;423054;35082;5806;5806
Culiseta,174825,3,6,cellular organisms;Eukaryota;Opisthokonta;Metazoa;Eumetazoa;Bilateria;Protostomia;Ecdysozoa;Panarthropoda;Arthropoda;Mandibulata;Pancrustacea;Hexapoda;Insecta;Dicondylia;Pterygota;Neoptera;Endopterygota;Diptera;Nematocera;Culicomorpha;Culicoidea;Culicidae;Culicinae;Culisetini;Culiseta,cellular root;domain;clade;kingdom;clade;clade;clade;clade;clade;phylum;clade;clade;subphylum;class;clade;subclass;infraclass;cohort;order;suborder;infraorder;superfamily;family;subfamily;tribe;genus,131567;2759;33154;33208;6072;33213;33317;1206794;88770;6656;197563;197562;6960;50557;85512;7496;33340;33392;7147;7148;43786;41827;7157;43817;308729;174825
Filosa-Thecofilosea_XXX,1004930,3,4,cellular organisms;Eukaryota;Sar;Rhizaria;Cercozoa;Thecofilosea;Filosa-Thecofilosea_XXX,cellular root;domain;clade;clade;phylum;class;original_name,131567;2759;2698737;543769;136419;1004930;1004930
Hartmannulidae_X,247151,3,6,cellular organisms;Eukaryota;Sar;Alveolata;Ciliophora;Intramacronucleata;Phyllopharyngea;Phyllopharyngia;Dysteriida;Hartmannulidae;Hartmannulidae_X,cellular root;domain;clade;clade;phylum;subphylum;class;subclass;order;family;original_name,131567;2759;2698737;33630;5878;431838;37471;238896;238898;247151;247151
Lecidea,88631,3,9,cellular organisms;Eukaryota;Opisthokonta;Fungi;Dikarya;Ascomycota;saccharomyceta;Pezizomycotina;leotiomyceta;Lecanoromycetes;OSLEUM clade;Lecanoromycetidae;Lecideales;Lecideaceae;Lecidea,cellular root;domain;clade;kingdom;subkingdom;phylum;clade;subphylum;clade;class;clade;subclass;order;family;genus,131567;2759;33154;4751;451864;4890;716545;147538;716546;147547;1520881;388435;1500419;40595;88631
Leidyana1,196592,3,29,cellular organisms;Eukaryota;Sar;Alveolata;Apicomplexa;Conoidasida;Gregarinasina;Eugregarinorida;Leidyanidae;Leidyana;Leidyana1,cellular root;domain;clade;clade;phylum;class;subclass;order;family;genus;original_name,131567;2759;2698737;33630;5794;1280412;35086;35087;196591;196592;196592
Lipomyces,29828,3,6,cellular organisms;Eukaryota;Opisthokonta;Fungi;Dikarya;Ascomycota;saccharomyceta;Saccharomycotina;Lipomycetes;Lipomycetales;Lipomycetaceae;Lipomyces,cellular root;domain;clade;kingdom;subkingdom;phylum;clade;subphylum;class;order;family;genus,131567;2759;33154;4751;451864;4890;716545;147537;3243770;3243773;29827;29828
Loimia,153626,3,6,cellular organisms;Eukaryota;Opisthokonta;Metazoa;Eumetazoa;Bilateria;Protostomia;Spiralia;Lophotrochozoa;Annelida;Polychaeta;Sedentaria;Canalipalpata;Terebellida;Terebelliformia;Terebellidae;Loimia,cellular root;domain;clade;kingdom;clade;clade;clade;clade;clade;phylum;class;subclass;infraclass;order;suborder;family;genus,131567;2759;33154;33208;6072;33213;33317;2697495;1206795;6340;6341;105389;105391;6373;2784887;32261;153626
MAST-3E,NA,3,7,cellular organisms;Eukaryota;Sar;Stramenopiles;MAST-3E,clade;genus,131567;2759;2698737;33634;NA
NC12B-lineage_X,NA,3,11,Rhizaria;NC12B-lineage_X,division;family,NA;NA
Neocallimastix,4756,3,4,cellular organisms;Eukaryota;Opisthokonta;Fungi;Fungi incertae sedis;Chytridiomycota;Chytridiomycota incertae sedis;Neocallimastigomycetes;Neocallimastigales;Neocallimastigaceae;Neocallimastix,cellular root;domain;clade;kingdom;no rank;phylum;no rank;class;order;family;genus,131567;2759;33154;4751;112252;4761;2683659;451455;29006;29007;4756
Neofabraea,143937,3,6,cellular organisms;Eukaryota;Opisthokonta;Fungi;Dikarya;Ascomycota;saccharomyceta;Pezizomycotina;leotiomyceta;sordariomyceta;Leotiomycetes;Helotiales;Dermateaceae;Neofabraea,cellular root;domain;clade;kingdom;subkingdom;phylum;clade;subphylum;clade;clade;class;order;family;genus,131567;2759;33154;4751;451864;4890;716545;147538;716546;715989;147548;5178;76657;143937
Phytomonas,5706,3,7,cellular organisms;Eukaryota;Discoba;Euglenozoa;Kinetoplastea;Metakinetoplastina;Trypanosomatida;Trypanosomatidae;Phytomonas,cellular root;domain;clade;phylum;class;subclass;order;family;genus,131567;2759;2611352;33682;5653;2704647;2704949;5654;5706
Protacanthamoeba,325061,3,3,cellular organisms;Eukaryota;Amoebozoa;Discosea;Longamoebia;Centramoebida;Acanthamoebidae;Protacanthamoeba,cellular root;domain;clade;phylum;order;clade;family;genus,131567;2759;554915;555280;1485168;555407;33677;325061
Spermatozopsis,3191,3,12,cellular organisms;Eukaryota;Viridiplantae;Chlorophyta;core chlorophytes;Chlorophyceae;CS clade;Chlamydomonadales;Dunaliellaceae;Spermatozopsis,cellular root;domain;kingdom;phylum;clade;class;clade;order;family;genus,131567;2759;33090;3041;2692248;3166;2812636;3042;3043;3191
Tectonidula,1629392,3,5,cellular organisms;Eukaryota;Opisthokonta;Fungi;Dikarya;Ascomycota;saccharomyceta;Pezizomycotina;leotiomyceta;sordariomyceta;Sordariomycetes;Sordariomycetidae;Barbatosphaeriales;Barbatosphaeriaceae;Barbatosphaeria,cellular root;domain;clade;kingdom;subkingdom;phylum;clade;subphylum;clade;clade;class;subclass;order;family;genus,131567;2759;33154;4751;451864;4890;716545;147538;716546;715989;147550;222544;3402569;2305785;1629392
Thamnocephalis,78914,3,4,cellular organisms;Eukaryota;Opisthokonta;Fungi;Fungi incertae sedis;Zoopagomycota;Zoopagomycotina;Zoopagomycetes;Zoopagales;Sigmoideomycetaceae;Thamnocephalis,cellular root;domain;clade;kingdom;no rank;phylum;subphylum;class;order;family;genus,131567;2759;33154;4751;112252;1913638;451827;2233521;78899;78905;78914
Alaimus,211208,2,2,cellular organisms;Eukaryota;Opisthokonta;Metazoa;Eumetazoa;Bilateria;Protostomia;Ecdysozoa;Nematoda;Enoplea;Enoplia;Enoplida;Alaimina;Alaimidae;Alaimus,cellular root;domain;clade;kingdom;clade;clade;clade;clade;phylum;class;subclass;order;suborder;family;genus,131567;2759;33154;33208;6072;33213;33317;1206794;6231;119088;33218;57287;2044731;211207;211208
Alphamonadea_ALPH1,NA,2,10,cellular organisms;Eukaryota;Sar;Alveolata;Colpodellida;Alphamonaceae;Alphamonas;Alphamonadea_ALPH1,genus;genus,131567;2759;2698737;33630;877183;2605703;2605705;NA
Cercomonadidae.U.genus,45108,2,3,cellular organisms;Eukaryota;Sar;Rhizaria;Cercozoa;Cercomonadida;Cercomonadidae;Cercomonadidae.U.genus,cellular root;domain;clade;clade;phylum;order;family;original_name,131567;2759;2698737;543769;136419;188941;45108;45108
Coniophora,80635,2,3,cellular organisms;Eukaryota;Opisthokonta;Fungi;Dikarya;Basidiomycota;Agaricomycotina;Agaricomycetes;Agaricomycetidae;Boletales;Coniophorineae;Coniophoraceae;Coniophora,cellular root;domain;clade;kingdom;subkingdom;phylum;subphylum;class;subclass;order;suborder;family;genus,131567;2759;33154;4751;451864;5204;5302;155619;452333;68889;227334;80634;80635
Corallicolla,NA,2,2,cellular organisms;Eukaryota;Sar;Alveolata;Dinophyceae;Syndiniales;Corallicolla,order;genus,131567;2759;2698737;33630;2864;88547;NA
Cryothecomonas,151025,2,3,cellular organisms;Eukaryota;Sar;Rhizaria;Cercozoa;Thecofilosea;Cryomonadida;Protaspidae;Cryothecomonas,cellular root;domain;clade;clade;phylum;class;order;family;genus,131567;2759;2698737;543769;136419;1004930;589444;2603934;151025
Cryptosporidium4,5806,2,2,cellular organisms;Eukaryota;Sar;Alveolata;Apicomplexa;Conoidasida;Coccidia;Eucoccidiorida;Eimeriorina;Cryptosporidiidae;Cryptosporidium;Cryptosporidium4,cellular root;domain;clade;clade;phylum;class;subclass;order;suborder;family;genus;original_name,131567;2759;2698737;33630;5794;1280412;5796;75739;423054;35082;5806;5806
Cyanidioschyzon,45156,2,21,cellular organisms;Eukaryota;Rhodophyta;Bangiophyceae;Cyanidiales;Cyanidiaceae;Cyanidioschyzon,cellular root;domain;phylum;class;order;family;genus,131567;2759;2763;2797;265318;265316;45156
Endo5-lineage_XXX,NA,2,2,Rhizaria;Endo5-lineage_XXX,division;family,NA;NA
Farlowiella,286006,2,4,cellular organisms;Eukaryota;Opisthokonta;Fungi;Dikarya;Ascomycota;saccharomyceta;Pezizomycotina;leotiomyceta;dothideomyceta;Dothideomycetes;Dothideomycetes incertae sedis;Minutisphaerales;Acrogenosporaceae;Acrogenospora,cellular root;domain;clade;kingdom;subkingdom;phylum;clade;subphylum;clade;clade;class;no rank;order;family;genus,131567;2759;33154;4751;451864;4890;716545;147538;716546;715962;147541;159987;1665692;2763240;286006
Glissomonadida_XX,1238681,2,2,cellular organisms;Eukaryota;Sar;Rhizaria;Cercozoa;Glissomonadida;Glissomonadida_XX,cellular root;domain;clade;clade;phylum;order;original_name,131567;2759;2698737;543769;136419;1238681;1238681
Mattesia,238095,2,3,cellular organisms;Eukaryota;Sar;Alveolata;Apicomplexa;Conoidasida;Gregarinasina;Neogregarinorida;Lipotrophidae;Mattesia,cellular root;domain;clade;clade;phylum;class;subclass;order;family;genus,131567;2759;2698737;33630;5794;1280412;35086;238088;238089;238095
Mayetiola,39757,2,11,cellular organisms;Eukaryota;Opisthokonta;Metazoa;Eumetazoa;Bilateria;Protostomia;Ecdysozoa;Panarthropoda;Arthropoda;Mandibulata;Pancrustacea;Hexapoda;Insecta;Dicondylia;Pterygota;Neoptera;Endopterygota;Diptera;Nematocera;Bibionomorpha;Sciaroidea;Cecidomyiidae;Cecidomyiinae;Lasiopteridi;Oligotrophini;Mayetiola,cellular root;domain;clade;kingdom;clade;clade;clade;clade;clade;phylum;clade;clade;subphylum;class;clade;subclass;infraclass;cohort;order;suborder;infraorder;superfamily;family;subfamily;no rank;tribe;genus,131567;2759;33154;33208;6072;33213;33317;1206794;88770;6656;197563;197562;6960;50557;85512;7496;33340;33392;7147;7148;43784;41830;33406;43793;52721;52722;39757
Micractinium,126838,2,10,cellular organisms;Eukaryota;Viridiplantae;Chlorophyta;core chlorophytes;Trebouxiophyceae;Chlorellales;Chlorellaceae;Chlorella clade;Micractinium,cellular root;domain;kingdom;phylum;clade;class;order;family;clade;genus,131567;2759;33090;3041;2692248;75966;35460;35461;2511126;126838
Nibbleromonas,3004211,2,9,cellular organisms;Eukaryota;Provora;Nibbleridia;Nibbleridea;Nibbleridida;Nibbleridae;Nibbleromonas,cellular root;domain;clade;phylum;class;order;family;genus,131567;2759;3004206;3004207;3004208;3004209;3004210;3004211
Panellus,5635,2,3,cellular organisms;Eukaryota;Opisthokonta;Fungi;Dikarya;Basidiomycota;Agaricomycotina;Agaricomycetes;Agaricomycetidae;Agaricales;Marasmiineae;Mycenaceae;Panellus,cellular root;domain;clade;kingdom;subkingdom;phylum;subphylum;class;subclass;order;suborder;family;genus,131567;2759;33154;4751;451864;5204;5302;155619;452333;5338;2982316;2024004;5635
Paramicrosporidium,1493516,2,8,cellular organisms;Eukaryota;Opisthokonta;Fungi;Fungi incertae sedis;Cryptomycota;Cryptomycota incertae sedis;Paramicrosporidium,cellular root;domain;clade;kingdom;no rank;phylum;no rank;genus,131567;2759;33154;4751;112252;1031332;2683658;1493516
Pelobiontida.U.genus,2682475,2,3,cellular organisms;Eukaryota;Amoebozoa;Evosea;Archamoebae;Pelobiontida;Pelobiontida.U.genus,cellular root;domain;clade;phylum;clade;order;original_name,131567;2759;554915;2605435;555406;2682475;2682475
Phryganella,2217852,2,2,cellular organisms;Eukaryota;Amoebozoa;Tubulinea;Elardia;Arcellinida;Phryganellina;Phryganellidae;Phryganella,cellular root;domain;clade;phylum;class;order;suborder;family;genus,131567;2759;554915;555369;2681632;318493;318517;2217851;2217852
Raphidocelis,307506,2,2,cellular organisms;Eukaryota;Viridiplantae;Chlorophyta;core chlorophytes;Chlorophyceae;CS clade;Sphaeropleales;Selenastraceae;Raphidocelis,cellular root;domain;kingdom;phylum;clade;class;clade;order;family;genus,131567;2759;33090;3041;2692248;3166;2812636;35491;35466;307506
Rhizaria.U.genus,543769,2,3,cellular organisms;Eukaryota;Sar;Rhizaria;Rhizaria.U.genus,cellular root;domain;clade;clade;original_name,131567;2759;2698737;543769;543769
Schizosaccharomyces,4895,2,13,cellular organisms;Eukaryota;Opisthokonta;Fungi;Dikarya;Ascomycota;Taphrinomycotina;Schizosaccharomycetes;Schizosaccharomycetales;Schizosaccharomycetaceae;Schizosaccharomyces,cellular root;domain;clade;kingdom;subkingdom;phylum;subphylum;class;order;family;genus,131567;2759;33154;4751;451864;4890;451866;147554;34346;4894;4895
Scrippsiella,54902,2,7,cellular organisms;Eukaryota;Sar;Alveolata;Dinophyceae;Peridiniales;Peridiniaceae;Scrippsiella,cellular root;domain;clade;clade;class;order;family;genus,131567;2759;2698737;33630;2864;2910;66803;54902
Sphaerozoum,65589,2,3,cellular organisms;Eukaryota;Sar;Rhizaria;Retaria;Polycystinea;Collodaria;Sphaerozoidae;Sphaerozoum,cellular root;domain;clade;clade;clade;class;order;family;genus,131567;2759;2698737;543769;2662056;65582;1426915;65588;65589
Thaumatomonadida_XX,188944,2,2,cellular organisms;Eukaryota;Sar;Rhizaria;Cercozoa;Imbricatea;Silicofilosea;Thaumatomonadida;Thaumatomonadida_XX,cellular root;domain;clade;clade;phylum;class;clade;order;original_name,131567;2759;2698737;543769;136419;1736114;556185;188944;188944
Tubulinea.U.genus,555369,2,2,cellular organisms;Eukaryota;Amoebozoa;Tubulinea;Tubulinea.U.genus,cellular root;domain;clade;phylum;original_name,131567;2759;554915;555369;555369
Ankistrodesmus,3108,1,2,cellular organisms;Eukaryota;Viridiplantae;Chlorophyta;core chlorophytes;Chlorophyceae;CS clade;Sphaeropleales;Selenastraceae;Ankistrodesmus,cellular root;domain;kingdom;phylum;clade;class;clade;order;family;genus,131567;2759;33090;3041;2692248;3166;2812636;35491;35466;3108
Campanella,168241,1,3,cellular organisms;Eukaryota;Sar;Alveolata;Ciliophora;Intramacronucleata;Oligohymenophorea;Peritrichia;Sessilida;Epistylidae;Campanella,cellular root;domain;clade;clade;phylum;subphylum;class;subclass;order;family;genus,131567;2759;2698737;33630;5878;431838;6020;6021;1974272;155141;168241
Chytridiales_XX,4810,1,5,cellular organisms;Eukaryota;Opisthokonta;Fungi;Fungi incertae sedis;Chytridiomycota;Chytridiomycota incertae sedis;Chytridiomycetes;Chytridiales;Chytridiales_XX,cellular root;domain;clade;kingdom;no rank;phylum;no rank;class;order;original_name,131567;2759;33154;4751;112252;4761;2683659;451435;4810;4810
Cladophialophora,82105,1,6,cellular organisms;Eukaryota;Opisthokonta;Fungi;Dikarya;Ascomycota;saccharomyceta;Pezizomycotina;leotiomyceta;Eurotiomycetes;Chaetothyriomycetidae;Chaetothyriales;Herpotrichiellaceae;Cladophialophora,cellular root;domain;clade;kingdom;subkingdom;phylum;clade;subphylum;clade;class;subclass;order;family;genus,131567;2759;33154;4751;451864;4890;716545;147538;716546;147545;451870;34395;43219;82105
Craniata_XXX,89593 Craniata,1,1,cellular organisms;Eukaryota;Opisthokonta;Metazoa;Eumetazoa;Bilateria;Deuterostomia;Chordata;Craniata;Craniata_XXX,cellular root;domain;clade;kingdom;clade;clade;clade;phylum;subphylum Craniata;original_name,131567;2759;33154;33208;6072;33213;33511;7711;89593;89593 Craniata
Cryomonadida_XX,589444,1,1,cellular organisms;Eukaryota;Sar;Rhizaria;Cercozoa;Thecofilosea;Cryomonadida;Cryomonadida_XX,cellular root;domain;clade;clade;phylum;class;order;original_name,131567;2759;2698737;543769;136419;1004930;589444;589444
Debaryomyces,4958,1,1,cellular organisms;Eukaryota;Opisthokonta;Fungi;Dikarya;Ascomycota;saccharomyceta;Saccharomycotina;Pichiomycetes;Serinales;Debaryomycetaceae;Debaryomyces,cellular root;domain;clade;kingdom;subkingdom;phylum;clade;subphylum;class;order;family;genus,131567;2759;33154;4751;451864;4890;716545;147537;3239874;2916678;766764;4958
Echinamoeba,136449,1,2,cellular organisms;Eukaryota;Amoebozoa;Tubulinea;Echinamoebida;Echinamoebidae;Echinamoeba,cellular root;domain;clade;phylum;class;family;genus,131567;2759;554915;555369;2681631;136448;136449
Group-Te,NA,1,2,Rhizaria;Group-Te,division;family,NA;NA
Halodaphnea,414971,1,2,cellular organisms;Eukaryota;Sar;Stramenopiles;Oomycota;Lagenidiales;Haliphthoraceae;Halodaphnea,cellular root;domain;clade;clade;phylum;order;family;genus,131567;2759;2698737;33634;4762;4800;135471;414971
Heterolepidoderma,78241,1,1,cellular organisms;Eukaryota;Opisthokonta;Metazoa;Eumetazoa;Bilateria;Protostomia;Spiralia;Lophotrochozoa;Gastrotricha;Chaetonotida;Paucitubulatina;Chaetonotidae;Heterolepidoderma,cellular root;domain;clade;kingdom;clade;clade;clade;clade;clade;phylum;order;suborder;family;genus,131567;2759;33154;33208;6072;33213;33317;2697495;1206795;33313;41320;41321;41372;78241
Hyphodiscus,353541,1,1,cellular organisms;Eukaryota;Opisthokonta;Fungi;Dikarya;Ascomycota;saccharomyceta;Pezizomycotina;leotiomyceta;sordariomyceta;Leotiomycetes;Helotiales;Hyphodiscaceae;Hyphodiscus,cellular root;domain;clade;kingdom;subkingdom;phylum;clade;subphylum;clade;clade;class;order;family;genus,131567;2759;33154;4751;451864;4890;716545;147538;716546;715989;147548;5178;2907103;353541
Leptodora,77706,1,7,cellular organisms;Eukaryota;Opisthokonta;Metazoa;Eumetazoa;Bilateria;Protostomia;Ecdysozoa;Panarthropoda;Arthropoda;Mandibulata;Pancrustacea;Crustacea;Branchiopoda;Phyllopoda;Diplostraca;Cladocera;Haplopoda;Leptodoridae;Leptodora,cellular root;domain;clade;kingdom;clade;clade;clade;clade;clade;phylum;clade;clade;subphylum;class;subclass;order;suborder;infraorder;family;genus,131567;2759;33154;33208;6072;33213;33317;1206794;88770;6656;197563;197562;6657;6658;116557;84337;6665;116563;77705;77706
Massaria,45312,1,4,cellular organisms;Eukaryota;Opisthokonta;Fungi;Dikarya;Ascomycota;saccharomyceta;Pezizomycotina;leotiomyceta;dothideomyceta;Dothideomycetes;Pleosporomycetidae;Pleosporales;Massariaceae;Massaria,cellular root;domain;clade;kingdom;subkingdom;phylum;clade;subphylum;clade;clade;class;subclass;order;family;genus,131567;2759;33154;4751;451864;4890;716545;147538;716546;715962;147541;451868;92860;45311;45312
Massisteria,127226,1,2,cellular organisms;Eukaryota;Sar;Rhizaria;Cercozoa;Granofilosea;Massisteriidae;Massisteria,cellular root;domain;clade;clade;phylum;clade;family;genus,131567;2759;2698737;543769;136419;1938466;2802177;127226
Mastigamoebida.U.genus,2682482,1,2,cellular organisms;Eukaryota;Amoebozoa;Evosea;Archamoebae;Mastigamoebida;Mastigamoebida.U.genus,cellular root;domain;clade;phylum;clade;order;original_name,131567;2759;554915;2605435;555406;2682482;2682482
Monoraphidium,34111,1,1,cellular organisms;Eukaryota;Viridiplantae;Chlorophyta;core chlorophytes;Chlorophyceae;CS clade;Sphaeropleales;Selenastraceae;Monoraphidium,cellular root;domain;kingdom;phylum;clade;class;clade;order;family;genus,131567;2759;33090;3041;2692248;3166;2812636;35491;35466;34111
Nebulomonas,3004453,1,3,cellular organisms;Eukaryota;Provora;Nebulidia;Nebulidea;Nebulidida;Nebulidae;Nebulomonas,cellular root;domain;clade;phylum;class;order;family;genus,131567;2759;3004206;3004449;3004450;3004451;3004452;3004453
Oryza,4527,1,29,cellular organisms;Eukaryota;Viridiplantae;Streptophyta;Streptophytina;Embryophyta;Tracheophyta;Euphyllophyta;Spermatophyta;Magnoliopsida;Mesangiospermae;Liliopsida;Petrosaviidae;commelinids;Poales;Poaceae;BOP clade;Oryzoideae;Oryzeae;Oryzinae;Oryza,cellular root;domain;kingdom;phylum;subphylum;clade;clade;clade;clade;class;clade;clade;subclass;clade;order;family;clade;subfamily;tribe;subtribe;genus,131567;2759;33090;35493;131221;3193;58023;78536;58024;3398;1437183;4447;1437197;4734;38820;4479;359160;147367;147380;1648021;4527
Piromyces,4821,1,6,cellular organisms;Eukaryota;Opisthokonta;Fungi;Fungi incertae sedis;Chytridiomycota;Chytridiomycota incertae sedis;Neocallimastigomycetes;Neocallimastigales;Neocallimastigaceae;Piromyces,cellular root;domain;clade;kingdom;no rank;phylum;no rank;class;order;family;genus,131567;2759;33154;4751;112252;4761;2683659;451455;29006;29007;4821
Simocephalus,77650,1,2,cellular organisms;Eukaryota;Opisthokonta;Metazoa;Eumetazoa;Bilateria;Protostomia;Ecdysozoa;Panarthropoda;Arthropoda;Mandibulata;Pancrustacea;Crustacea;Branchiopoda;Phyllopoda;Diplostraca;Cladocera;Anomopoda;Daphniidae;Simocephalus,cellular root;domain;clade;kingdom;clade;clade;clade;clade;clade;phylum;clade;clade;subphylum;class;subclass;order;suborder;infraorder;family;genus,131567;2759;33154;33208;6072;33213;33317;1206794;88770;6656;197563;197562;6657;6658;116557;84337;6665;116561;77658;77650
Skeletonema,2842,1,1,cellular organisms;Eukaryota;Sar;Stramenopiles;Ochrophyta;Bacillariophyta;Coscinodiscophyceae;Thalassiosirophycidae;Thalassiosirales;Skeletonemataceae;Skeletonema,cellular root;domain;clade;clade;clade;phylum;class;subclass;order;family;genus,131567;2759;2698737;33634;2696291;2836;33836;33846;33847;33848;2842
Sorghum,4558,1,2,cellular organisms;Eukaryota;Viridiplantae;Streptophyta;Streptophytina;Embryophyta;Tracheophyta;Euphyllophyta;Spermatophyta;Magnoliopsida;Mesangiospermae;Liliopsida;Petrosaviidae;commelinids;Poales;Poaceae;PACMAD clade;Panicoideae;Andropogonodae;Andropogoneae;Sorghinae;Sorghum;Sorghum bicolor,cellular root;domain;kingdom;phylum;subphylum;clade;clade;clade;clade;class;clade;clade;subclass;clade;order;family;clade;subfamily;no rank;tribe;subtribe;genus;species,131567;2759;33090;35493;131221;3193;58023;78536;58024;3398;1437183;4447;1437197;4734;38820;4479;147370;147369;1648033;147429;1648028;4557;4558
Sphaeropleales_XX,35491,1,2,cellular organisms;Eukaryota;Viridiplantae;Chlorophyta;core chlorophytes;Chlorophyceae;CS clade;Sphaeropleales;Sphaeropleales_XX,cellular root;domain;kingdom;phylum;clade;class;clade;order;original_name,131567;2759;33090;3041;2692248;3166;2812636;35491;35491
Surapoda,1454509,1,2,cellular organisms;Eukaryota;Opisthokonta;Metazoa;Eumetazoa;Bilateria;Protostomia;Ecdysozoa;Panarthropoda;Arthropoda;Chelicerata;Arachnida;Acari;Acariformes;Trombidiformes;Prostigmata;Eupodina;Eriophyoidea;Eriophyidae;Nothopodinae;Nothopodini;Surapoda,cellular root;domain;clade;kingdom;clade;clade;clade;clade;clade;phylum;subphylum;class;subclass;superorder;order;suborder;clade;superfamily;family;subfamily;tribe;genus,131567;2759;33154;33208;6072;33213;33317;1206794;88770;6656;6843;6854;6933;6946;83136;6947;83139;70332;70320;426502;426513;1454509
Tuckermannopsis,404711,1,5,cellular organisms;Eukaryota;Opisthokonta;Fungi;Dikarya;Ascomycota;saccharomyceta;Pezizomycotina;leotiomyceta;Lecanoromycetes;OSLEUM clade;Lecanoromycetidae;Lecanorales;Lecanorineae;Parmeliaceae;Tuckermannopsis,cellular root;domain;clade;kingdom;subkingdom;phylum;clade;subphylum;clade;class;clade;subclass;order;suborder;family;genus,131567;2759;33154;4751;451864;4890;716545;147538;716546;147547;1520881;388435;5197;157822;78060;404711
Ubysseya,3004335,1,2,cellular organisms;Eukaryota;Provora;Nibbleridia;Nibbleridea;Nibbleridida;Nibbleridae;Ubysseya,cellular root;domain;clade;phylum;class;order;family;genus,131567;2759;3004206;3004207;3004208;3004209;3004210;3004335
Zoopagomycota.U.genus,1913638,1,2,cellular organisms;Eukaryota;Opisthokonta;Fungi;Fungi incertae sedis;Zoopagomycota;Zoopagomycota.U.genus,cellular root;domain;clade;kingdom;no rank;phylum;original_name,131567;2759;33154;4751;112252;1913638;1913638
